frame,t_s,x_px_filt,y_px_filt,x_mm_abs,y_mm_abs,angle_deg_raw,mm_per_px,x_mm,y_mm,angle_deg_unwrapped,vx_mm_s,vy_mm_s,speed_mm_s,angular_vel_dps
415,3.4537215999998807,212.12925803955847,349.5956081031802,47.390530170257456,78.1010661438966,1.746622428063832,0.223404025490062,0.0,-0.0,1.0545379343644203,,,,
416,3.4571859999996377,212.1333887286396,349.5824042230607,47.39145298282623,78.09811634392581,1.7812529295214579,0.223404025490062,0.000922812568774134,0.00294979997079281,1.4107161957156311,,,,
417,3.470672299999933,212.1377287434392,349.5698564268589,47.39242255960315,78.0953131157433,1.744814314236811,0.223404025490062,0.0018923893456914698,0.005753028153307582,1.7683375367676115,,,,
418,3.4745622999998886,212.14312816974652,349.56136364284754,47.39362881317554,78.09341579360755,1.7808913067560537,0.223404025490062,0.0030986429180828168,0.007650350289054586,1.7769230081469793,0.20479223346448908,0.4284650766528168,0.474891756928332,26.499987795099305
419,3.4859870999998748,212.14876956074718,349.55200778082906,47.39488912263445,78.09132565637069,1.7881067052599022,0.223404025490062,0.004358952376996683,0.009740487525917274,1.7699671593076187,0.1670558159254349,0.28549949405530717,0.33078332294774043,5.8196018723114
420,3.4906152000003203,212.15426544926882,349.5434661175706,47.39611692625383,78.08941741441436,1.7895497849606719,0.223404025490062,0.005586755996375814,0.011648729482246267,1.777248932654981,0.19636251740392402,0.2773254423746538,0.3398052960586456,0.08588454528738976
421,3.502826500000083,212.15851188844024,349.53599775497855,47.39706559785873,78.08774895214748,1.746473685324654,0.223404025490062,0.0065354276012712376,0.013317191749123936,1.7700323251357326,0.15688072291082977,0.19744772453793352,0.25218478373254843,-0.534626128420157
422,3.5075291000002835,212.16310972259834,349.5324827151118,47.398092772518176,78.0869636780915,1.7812231809736223,0.223404025490062,0.007562602260719586,0.014102465805109432,1.7599160605166486,0.15727084909454542,0.16536354360596422,0.22820872360372405,-0.333562217954893
423,3.5194736000003104,212.16913436424335,349.5277587403014,47.39943870171381,78.08590832310253,1.7448082691598124,0.223404025490062,0.008908531456356172,0.015157820794073018,1.7492198644775974,0.3054013960267064,0.08547704708567005,0.317137727609862,-1.0139795833132994
424,3.5359527999999045,212.17741542699832,349.5260970947433,47.40128872446861,78.08553710479592,1.737525382164482,0.223404025490062,0.010758554211150795,0.015529039100684372,1.7557535683850214,0.3638165894580245,0.06565394616575439,0.3696930502619768,-0.7764549103812417
425,3.539980900000046,212.1955531975699,349.52586478882256,47.40534077542771,78.08548520671808,1.736068804765416,0.223404025490062,0.01481060517025412,0.01558093717852671,1.7483873660512719,0.5159226308638996,0.05769720524040081,0.5191388335793042,0.18267547581702015
426,3.5520478999997067,212.21552572004677,349.5238383285533,47.409802717348235,78.08503248733643,1.7791422048617747,0.223404025490062,0.019272547090778858,0.016033656560168197,1.7555870877732427,0.5040178600020513,0.06045797912767123,0.5076309392080522,0.5714918856688517
427,3.5558720999997604,212.23228337703318,349.5216608760836,47.41354644537678,78.08454603568939,1.7443921693048745,0.223404025490062,0.023016275119324803,0.016520108207217277,1.7656999752328715,0.48433437670056967,-0.18987326990496503,0.5202226898918703,0.5886623612011148
428,3.5660719999996218,212.23471040114305,349.51699663991934,47.414088652332886,78.08350402655445,1.7808068777696664,0.223404025490062,0.023558482075429765,0.01756211734215185,1.7763954958400314,0.27395516357399846,-0.2011285092743716,0.3398589544087182,0.9615559676864219
429,3.5705068999996,212.23498527850842,349.5413966819525,47.414150061042825,78.08895509416679,1.7880898194626247,0.223404025490062,0.02361989078536908,0.012111049729810475,1.7785345999614635,0.1624664566900465,-0.20610414999619622,0.2624390790165849,0.8466231073228944
430,3.5824691999996503,212.23252485356267,349.5437201421678,47.41360039220553,78.08947416453195,1.7895464078012164,0.223404025490062,0.02307022194807473,0.011591979364652616,1.7789624207857497,-0.06060402109700627,-0.2068099734762229,0.21550687344574976,0.3180401964590797
431,3.5863618000003044,212.22925471802932,349.54349992079585,47.41286983076348,78.08942496619096,1.7898377254689348,0.223404025490062,0.022339660506027315,0.011641177705641326,1.7790479849506073,-0.11447084789703582,-0.17849073808664842,0.21204367144761205,0.10850173592874215
432,3.597541699999965,212.22242903595264,349.5373108322498,47.41134494591084,78.08804229889566,1.7465312734263065,0.223404025490062,0.020814775653384743,0.013023845000944334,1.7790650977835787,-0.1365358199956158,0.07934254041589858,0.15791538513243,0.16012547112792083
433,3.6013511999999537,212.21874278755263,349.5331543071835,47.41052142317932,78.0871137144638,1.781234698593953,0.223404025490062,0.019991252921862213,0.013952429432805502,1.779068520350173,-0.19351956686025523,0.08986524773931369,0.21336725500654738,0.7278384804319983
434,3.613820100000339,212.21335802965183,349.529803469374,47.40931844658799,78.08636512380838,1.788175383627482,0.223404025490062,0.018788276330532483,0.014701020088224936,1.7883011537160312,-0.173792083574466,-0.0246188287399476,0.175527134773177,0.9086169852301489
435,3.617479900000035,212.20793774349693,349.52965240542943,47.408107532841676,78.08633137551507,1.789563520634188,0.223404025490062,0.017577362584219713,0.014734768381529761,1.798820623504437,-0.20008591878242318,-0.07315045788370354,0.21303841058269735,1.0368460742663133
436,3.6297232999995686,212.20305789168478,349.5603305818261,47.40701735430305,78.09318500361678,1.8360008922982245,0.223404025490062,0.01648718404559446,0.007881140279820897,1.8101564663146572,-0.16760510051337008,-0.15306416192695654,0.22698041189604545,1.1901735771210775
437,3.6332510000002003,212.19882813258917,349.56220941547605,47.406072409094236,78.0936047426174,1.7991286223683365,0.223404025490062,0.015542238836779632,0.007461401279201141,1.8124236348767013,-0.2173323966086271,-0.23501643062392702,0.3201032540897713,1.6570096819325228
438,3.645869799999673,212.1957908649344,349.57101042271665,47.40539387127367,78.09557092306332,1.837913912645054,0.223404025490062,0.014863701016210484,0.005495220833282133,1.822109017441649,-0.2914832899477096,-0.22111046034389994,0.3658583660273903,1.1219285869761917
439,3.6497024000000238,212.18987026262033,349.5770101130034,47.40407118488338,78.09691127802506,1.7995112264377022,0.223404025490062,0.013541014625921832,0.004154865871541347,1.8338928575654783,-0.7628583669488457,-0.0694602291042446,0.7660141065614091,0.4632209438260587
440,3.6615499999998065,212.15266165745197,349.5728337660438,47.3957586327059,78.09597826530245,1.8379904334589272,0.223404025490062,0.005228462448442883,0.005087878594153494,1.8362496255902443,-0.7173501724229736,-0.008139672466961408,0.7173963508013819,0.3060429843208281
441,3.6652500999998665,212.1121514678298,349.56954663731176,47.38670849327094,78.09524390751142,1.8949200929173715,0.223404025490062,-0.003821676986518696,0.00582223638518542,1.827489030342658,-0.6272115440876526,0.058232996663390574,0.6299090433842142,1.1720579292287416
442,3.6774844000001394,212.10994323194768,349.5592720353045,47.38621516448564,78.09294852006268,1.8109124624921658,0.223404025490062,-0.004315005771815095,0.008117623833925336,1.8257369112931414,-0.5238977233251368,0.1524695253471116,0.5456333756881402,0.3039070293390693
443,3.6814119999999093,212.1169213853795,349.55617695658003,47.387774112052796,78.09225706701643,1.7941109364071246,0.223404025490062,-0.0027560582046604054,0.008809076880169187,1.845758286952232,-0.24034877857601794,0.10614858984874459,0.26274523495176977,0.10502952994583181
444,3.6933179999996355,212.12605880703825,349.54970402918406,47.389815448833964,78.09081098897946,1.7907506311901165,0.223404025490062,-0.0007147214234919375,0.01025515491714657,1.8306838496206712,0.27801915952293166,-0.019644004009623656,0.27871228884885474,0.8741907355194092
445,3.6971081000001504,212.13820796958183,349.55229722311634,47.39252962065253,78.09139031894281,1.938097311754381,0.223404025490062,0.0019994503950755416,0.009675824953788492,1.8276689621543591,0.3853746347805476,-0.1310793320677166,0.40705699899100023,1.126240180965384
446,3.7096074000000954,212.14637221334272,349.5763830215994,47.39435354557379,78.09677118328106,1.8195479062595676,0.223404025490062,0.003823375316336808,0.004294960615538912,1.8461446971244755,0.3348974871373412,-0.23174945416992057,0.4072642095728051,-0.356477397237272
447,3.712915399999474,212.1537233328767,349.5818551548139,47.39599581526954,78.0979936798692,1.795838025160605,0.223404025490062,0.00546564501208735,0.003072464027397359,1.8498398441184989,0.45256921914463455,-0.24232258702955853,0.5133606279233753,-0.45085336506752094
448,3.7253786999999647,212.16178669869768,349.6001146676097,47.39779720365296,78.10207292853127,1.8864896112577072,0.223404025490062,0.0072670333955002775,-0.0010067846346686338,1.8209751251957704,0.3289165104861888,-0.1918815498541411,0.38079469540007826,-0.012185422511102495
449,3.7287003000001278,212.1730836986002,349.5990948290118,47.40032099890714,78.10184509248315,1.809226366160233,0.223404025490062,0.009790828649684613,-0.0007789485865430379,1.8152021814112245,0.3054964244971872,-0.13932324845899835,0.33576633682031526,-0.362600771496763
450,3.7415227000001323,212.17870030697426,349.593392481667,47.4015757718275,78.10057116513158,1.7937737171407382,0.223404025490062,0.011045601570046415,0.0004949787650190274,1.8331263051176943,0.24708759115945872,-0.08247342111100009,0.2604882778451579,-0.38645859056361653
451,3.7643818999995347,212.18164941146037,349.61055209990894,47.40223461364129,78.1044046929227,1.7906831873368392,0.223404025490062,0.011704443383834473,-0.003338549026096871,1.8268643662481485,0.35447958275185854,-0.12043800494853782,0.37438093918349497,0.1351769812875856
452,3.77237950000017,212.1889670403651,349.6136060425554,47.40386940139565,78.10508695600353,1.885458643692954,0.223404025490062,0.013339231138196794,-0.004020812106929839,1.8348439273267785,0.28209609216258485,-0.12921882089388464,0.3102832720057712,0.4951500122030629
453,3.7778411999997843,212.20562799056003,349.6262484955021,47.40759152473769,78.10791133088391,1.8551799169099776,0.223404025490062,0.017061354480233604,-0.006845186987305851,1.8364398395425043,0.3551839638306705,-0.07975151273645945,0.3640274054878571,-0.03991694539009455
454,3.7830006000003777,212.2148171844076,349.625678334813,47.40964442763424,78.10778395469079,1.8491241715533824,0.223404025490062,0.01911425737678485,-0.006717810794185652,1.8367590219856496,0.4103657248921439,0.1251443893072617,0.4290234799417652,-0.604050141394781
455,3.790658699999767,212.23069861983237,349.6137941564572,47.41319240423869,78.10512898140645,1.801753278219368,0.223404025490062,0.022662233981236568,-0.00406283750984926,1.826976113936925,0.38982876595175603,0.16045125512668176,0.42155791065427356,-0.4855602670667438
456,3.7942741999995633,212.23563028239948,349.59992833647755,47.41429415750855,78.10203130140627,1.792279099552565,0.223404025490062,0.023763987251093965,-0.0009651575096683018,1.8157875834746409,0.3951246212277183,0.4268221099386469,0.5816361232186549,0.18015163175312443
457,3.805677899999864,212.240822853803,349.5952716959358,47.41545419886274,78.10099098916399,1.8365441034493315,0.223404025490062,0.024924028605283866,7.515473261321404e-05,1.8339216768511784,0.3564429435637922,0.43583524694523296,0.5630310244526788,0.20481226802006966
458,3.80922929999997,212.25207735651716,349.5823201212496,47.41796850007397,78.09809755524266,1.7992372645985577,0.223404025490062,0.027438329816511953,0.002968588653942561,1.846780444379025,0.26352581035731526,0.3704138041960833,0.45459018804137646,0.9172431997938877
459,3.8231181000001015,212.2647901216,349.57798359476556,47.42080858296858,78.09712875776948,1.9397946384360691,0.223404025490062,0.030278412711126634,0.003937386127120135,1.849352197884594,0.17296842346635194,0.2443366125105031,0.29936341748707873,1.407799615600143
460,3.827653100000134,212.26476396716757,349.5775861086523,47.420802739963094,78.09703995777171,1.8660471158586005,0.223404025490062,0.03027256970563741,0.004026186124889364,1.8597132931230616,0.03063085032583536,0.04678344568264681,0.055919046680222406,-0.15894681551568923
461,3.837937499999498,212.25794819394034,349.5671641663232,47.41928006878731,78.09471165390195,1.8051378670804117,0.223404025490062,0.028749898529852658,0.0063544899946492706,1.8531125690555208,-0.15253917051400698,-0.09860372775142734,0.18163395516141498,-0.9518444894123835
462,3.84141180000006,212.24846226821165,349.58110683747924,47.41716087479402,78.09782650276429,1.8883495796416685,0.223404025490062,0.02663070453656502,0.0032396411323105667,1.8314206438465046,-0.27249704634981353,-0.2865877278932502,0.39545817231205127,-1.0302489392695167
463,3.854033300000083,212.23671807559782,349.57614676552214,47.414537174887954,78.09671840272236,1.7662336442608533,0.223404025490062,0.024007004630497875,0.0043477411742429695,1.8270822778781879,-0.2924182145029801,-0.3128619942421644,0.42824180040520915,-1.655408452755923
464,3.8582279000002018,212.22929594346,349.59248487253285,47.41287904069065,78.10036840159744,1.8313350123909893,0.223404025490062,0.022348870433191337,0.0006977422991667481,1.8262146046845247,-0.36245459102599004,-0.5391209429023236,0.6496342983800256,-1.1779341310072227
465,3.8701412000000346,212.2239156301521,349.59844623034024,47.41167705703927,78.101700192929,1.8443552860170165,0.223404025490062,0.02114688678181409,-0.0006340490323992753,1.816194306434952,-0.26774859663997236,-0.440623498549211,0.5155951691748296,-0.057114792671912745
466,3.873961700000109,212.2153951062685,349.61392124996786,47.40977353770438,78.10515737460835,1.8007995011120947,0.223404025490062,0.019243367446925674,-0.004091230711750882,1.8228631899002719,-0.3144521074102954,-0.48265789472919873,0.576054486311146,-0.0794603030990938
467,3.88631340000029,212.20785191987767,349.63626076903495,47.40808835949965,78.11014811309545,1.8382480883938057,0.223404025490062,0.017558189242194544,-0.00908196919884574,1.8149649986673104,-0.25525885014278515,-0.23855829443620533,0.34938108194424045,-0.04331618647783642
468,3.8897816999997303,212.2009993874401,349.6381606512431,47.4065574761683,78.1105725544287,1.7995780615874526,0.223404025490062,0.016027305910846223,-0.00950641053209722,1.8133853413472318,-0.2849491771400172,-0.14162190956374132,0.31820244942686005,-0.41724427173135725
469,3.901870499999859,212.19562414495573,349.6192035539241,47.4053566253593,78.10633746257604,1.791844056226182,0.223404025490062,0.014826455101847102,-0.005271318679433534,1.8130694098832163,-0.1937239095386253,0.07846469851041243,0.20901115290639255,-0.5788939245846358
470,3.905299500000183,212.1917969664147,349.61348008769977,47.40450161826697,78.10505881718176,1.836456999416623,0.223404025490062,0.013971448009513665,-0.003992673285154069,1.803774274737874,-0.19342158739688406,0.0721063002113885,0.20642487495770792,-0.33904223401414313
471,3.9236709999995583,212.18833391567594,349.5974007836437,47.40372795879146,78.10146663592856,1.7992198437920162,0.223404025490062,0.013197788534000665,-0.0004004920319573557,1.8209939601721845,-0.38551248441118824,0.17196841491902176,0.4221291406271871,-0.8369889528188128
472,3.9298228999996354,212.18461857413382,349.6094026861453,47.40289793653488,78.10414790926096,1.7917724126670946,0.223404025490062,0.01236776627742131,-0.00308176536435667,1.8244378972590465,-0.7265932050614929,0.2536797312049073,0.7696045034079042,-0.971438025772279
473,3.9356683999994857,212.14793839597485,349.599540002591,47.39470343707847,78.10194454605279,1.885676488759005,0.223404025490062,0.004173266821013044,-0.0008784021561893951,1.8072217927086454,-0.6920069281110617,0.19261634460953062,0.7183137509225656,-0.6242251784687012
474,3.9405987000000096,212.1081096295113,349.58279210513996,47.385805530320205,78.09820299834374,1.8090637416604924,0.223404025490062,-0.0047246399372511405,0.002863145552865376,1.8037785717985653,-0.6025299909390163,0.3144820603139923,0.6796626782752636,-2.276334160839406
475,3.9502034999995885,212.104824343413,349.57988686905844,47.385071584180956,78.09755395690811,1.7503764766646182,0.223404025490062,-0.005458586076500183,0.0035121869884875423,1.7944169845013147,-0.5430025683657913,0.45973466730635504,0.7114827851572593,-2.6317270395141734
476,3.95424869999988,212.11216265933956,349.56531320896386,47.38671099349927,78.09429814257686,1.782003739241615,0.223404025490062,-0.0038191767581849945,0.0067680013197417566,1.7647930114632513,-0.24656417532552022,0.40096832165485546,0.4707116819504967,-2.0671284987093825
477,3.9662421000002723,212.12089802567473,349.5497221621042,47.38866250950268,78.09081503994682,1.7449644761808427,0.223404025490062,-0.0018676607547760682,0.010251103949784124,1.7501952737404043,0.15091028463105777,0.27674580513891217,0.31521763064494285,-1.9391905162880148
478,3.990134300000136,212.12949055866477,349.5408347763659,47.39058211596181,78.08882956219679,1.7375566235686881,0.223404025490062,5.1945704356626266e-05,0.01223658169980979,1.747275726195835,0.22645076436691636,0.3191630631653479,0.3913374625198162,-1.7484021472416111
479,4.0000834000002214,212.13762395192205,349.5346990505368,47.39239914875638,78.08745881634728,1.7360750530462572,0.223404025490062,0.0018689784989263103,0.013607327549323145,1.746691816686921,0.23178586508469085,0.11946901635252319,0.26076336614121615,0.04540920911897611
480,4.0057151999999405,212.14521912884965,349.5276490668334,47.394095941856314,78.08588382160829,1.7357787389417711,0.223404025490062,0.0035657715988577365,0.015182322288310957,1.7465750347851383,0.4049460278030244,0.11471865254896153,0.42088199614155175,0.36152127299133097
481,4.0109707000001436,212.1553805573589,349.53220370957945,47.39636604589001,78.08690134713243,1.7790841916970457,0.223404025490062,0.0058358756325560535,0.014164796764177368,1.7552246215200162,0.5957290872342552,-0.124441225180586,0.6085875154005413,0.4000078471099324
482,4.015730899999653,212.17729576189834,349.526521691555,47.40126199080356,78.08563196143285,1.7443805666719288,0.223404025490062,0.010731820546105553,0.015434182463749835,1.7569545388669918,0.7065249118289963,-0.15400496784634976,0.7231147773046311,0.22382335671467035
483,4.020656900000176,212.20010091801365,349.5510563872442,47.40635675448165,78.091113111214,1.7808045572430773,0.223404025490062,0.01582658422419314,0.009953032682602725,1.757300522336387,0.9191710550285781,-0.13103894170373145,0.9284646641877026,0.14714629151426922
484,4.029813600000125,212.23029256348778,349.5514680152681,47.41310168961674,78.09120507057155,1.7447246397811351,0.223404025490062,0.022571519359281922,0.009861073325055258,1.7486967759150316,0.9182242150881228,-0.06912242714529217,0.9208222516363598,-0.188041336588428
485,4.034071600000061,212.25629979492467,349.5439491571373,47.41891180981159,78.08952532739804,1.7375086562887467,0.223404025490062,0.028381639554133642,0.011540816498566642,1.7469760266307603,0.8701304719615831,-0.08587899053997924,0.8743581870447907,-0.5427690850262067
486,4.045496800000365,212.2781481298835,349.53801823410856,47.42379281579165,78.08820033531855,1.736065459590269,0.223404025490062,0.03326264553419378,0.012865808578055749,1.7466318767739062,0.8628213242313797,0.13734562764108185,0.8736844161254763,-0.42598790875242354
487,4.051334200000383,212.29873930297867,349.5332396049139,47.42839296675067,78.08713277032012,1.7357768202505734,0.223404025490062,0.037862796493215,0.013933373576477948,1.7383998235359335,1.6684924976861801,0.1495613132444941,1.67518231881025,0.28045635095992894
488,4.062075799999548,212.3467108877564,349.5330749158769,47.43911001189915,78.08709597812631,1.779083807958806,0.223404025490062,0.04857984164169693,0.013970165770288645,1.7454263560035737,1.6750814950793582,0.07243639388908246,1.6766469653200557,0.6796479581658958
489,4.065963099999863,212.42962282081606,349.5321868808247,47.45763287150585,78.08689758752088,1.703564373591273,0.223404025490062,0.06710270124839468,0.014168556375722119,1.755504605612336,2.1987355824328083,0.05031727546895811,2.1993112534761328,0.8400833412158887
490,4.078477299999577,212.50790314172747,349.5316902138585,47.47512101031411,78.0867866301213,1.772641318626946,0.223404025490062,0.08459084005665574,0.014279513775306896,1.7754251665753484,2.2955522973493148,-0.03350603531248003,2.2957968124962798,1.4555562091996772
491,4.083637699999599,212.57825065725802,349.53156604711694,47.49083692846686,78.0867588907714,1.7864567076340807,0.223404025490062,0.10030675820940615,0.014307253125195984,1.7794092787679507,2.4986360778093997,-0.04747927607978502,2.4990871395347143,1.4553522029228831
492,4.094214499999907,212.63847822217582,349.5427502153925,47.50429200891496,78.08925747898593,1.8353796250656347,0.223404025490062,0.11376183865750278,0.011808664910674338,1.7970422675883073,1.721450020461515,-0.04397869742770716,1.7220117011142486,0.628960404648718
493,4.099614099999599,212.6871349669209,349.54435607191454,47.515162121558255,78.0896162337973,1.7990043689218185,0.223404025490062,0.12463195130079896,0.011449910099301519,1.8005688653523786,1.8296631757633115,0.006237185712780265,1.8296738067835758,-0.40863660802075996
494,4.1100931000000855,212.72836714627124,349.5411412030372,47.524373556404846,78.08889801914869,1.791729317693055,0.223404025490062,0.13384338614739022,0.012168124747915954,1.7844380185233568,1.3032911769006166,0.02931615492519124,1.3036208531342968,-0.6046329351653478
495,4.113557399999991,212.75842769355023,349.53711025193115,47.53108920367541,78.08799748844504,1.7902743074473024,0.223404025490062,0.14055903341795073,0.013068655451561995,1.771979881231527,1.1965839396107234,0.0895706412506523,1.1999316748500193,-0.9646054015791775
496,4.125540600000022,212.78061415605356,349.53063223827576,47.53604574871004,78.08655027411724,1.7058024734889723,0.223404025490062,0.14551557845258145,0.014515869779359036,1.769488253773161,0.8175943735752554,0.11132573586652822,0.8251387635835189,-1.3703273758726646
497,4.1292952000003424,212.79302722675754,349.52953916308456,47.538818878674,78.08630607671937,1.7730889386064859,0.223404025490062,0.14828870841654407,0.014760067177235214,1.7689899282814878,-0.1706842091130205,0.08214730564592768,0.18942354411588538,-1.753717030134577
498,4.141607800000202,212.799540833789,349.52720595776333,47.540274044705285,78.0857848292583,1.7865462316299887,0.223404025490062,0.14974387444782877,0.015281314638301069,1.7520540968013172,-0.8174799876458316,0.04284852263081261,0.8186021781629171,-1.0689019511918645
499,4.144814799999949,212.74122508271483,349.52831638201894,47.52724607116584,78.08603290250701,1.7892376902346891,0.223404025490062,0.13671590090838492,0.01503324138958817,1.7409697488036229,-1.9493581552099604,0.17929038330217142,1.9575858241283368,-0.48392309743219475
500,4.157698099999834,212.66651888664552,349.52465722050476,47.510556406234905,78.08521543109482,1.7055951500464497,0.223404025490062,0.12002623597744844,0.015850712801778855,1.738752879204084,-2.3323898692555383,0.1642144915617689,2.338163574569743,-0.42895240823045994
501,4.1609327999995,212.5905646581848,349.5130307602043,47.49358792584379,78.08261803306151,1.650380733500501,0.223404025490062,0.10305775558633457,0.01844811083509512,1.7475414541367154,-3.1239380516380737,-0.027439738927408086,3.124058560549832,0.33246592753335075
502,4.173299799999768,212.52543352294464,349.5136031490355,47.4790373680464,78.08274590703053,1.7620045906087918,0.223404025490062,0.08850719778894245,0.018320236866074424,1.7492991691232418,-2.5261419054367886,-0.018941932364907047,2.5262129211936046,1.4176994413953368
503,4.176801499999783,212.4652512030018,349.527959808255,47.46559239550784,78.08595324249276,1.8304891062931452,0.223404025490062,0.07506222525038453,0.015112901403838919,1.7578139163136621,-3.0171534928296726,-0.0188851472396502,3.017212595771229,1.2635778688324102
504,4.190120299999762,212.40125924240084,349.53003835294265,47.451296333910584,78.08641759774315,1.7980262651673204,0.223404025490062,0.06076616365312759,0.014648546153452457,1.7840502138352425,-2.1136134338301047,-0.17548227721089923,2.120885611550564,0.5527663512506826
505,4.193754300000364,212.34025163921348,349.5290015926302,47.43766698977303,78.08618598131588,1.748168885998552,0.223404025490062,0.047136819515571915,0.014880162580723777,1.7806245111508376,-1.9961441266132844,-0.16914827079009775,2.0032979088802527,0.3908104682153821
506,4.205601399999978,212.30164234705921,349.5279413161263,47.42904151848444,78.08594911127678,1.781562221108402,0.223404025490062,0.03851134822698299,0.015117032619826887,1.7707074217614176,-1.4623852231997638,-0.006921580483509833,1.462401603291453,0.24672674349567938
507,4.221562400000039,212.25954602377652,349.5264173969027,47.41963703040476,78.0856086615877,1.7448760771867682,0.223404025490062,0.02910686014730146,0.015457482308903536,1.760051060768299,-1.2834419434876496,0.0012355923514955555,1.2834425382508616,-0.12622122884725198
508,4.225385300000198,212.23951190267263,349.52821079453815,47.41516132710299,78.08600931383876,1.7809036593460452,0.223404025490062,0.02463115684553685,0.015056830057844195,1.7665927507583963,-0.5710829541777663,-0.03540619755434088,0.5721794643096357,0.0759939967516863
509,4.237830299999587,212.2295595247404,349.52788094570485,47.412937925809736,78.0859356242816,1.7447444602017286,0.223404025490062,0.022407755552279696,0.015130519614999116,1.7679010887564157,-0.3105785250746185,-0.05155190076646746,0.3148279192037471,0.24425578066373715
510,4.241656399999556,212.22632756429056,349.5299270845708,47.412215892835015,78.08639273994096,1.7808773359490373,0.223404025490062,0.02168572257755841,0.014673403955640651,1.7681627754295057,-0.058763587816692164,-0.051881041624121986,0.07838878576106387,0.8857063727922103
511,4.254061900000124,212.2582267885336,349.53329964223644,47.419342307940916,78.08714618289967,1.7881039110984989,0.223404025490062,0.028812137683459582,0.013919960996929603,1.768215112764124,0.3248931209882283,-0.032978305219999254,0.3265625647263553,0.5606385317793556
512,4.257481099999495,212.26847896886193,349.5329983724732,47.42163268629632,78.0870788780218,1.7461845105522193,0.223404025490062,0.031102516038863826,0.013987265874803256,1.776898523346282,0.6599513132163308,-0.03858559086192553,0.661078349091939,0.7116049480883658
513,4.277711300000192,212.33617034036,349.5339301351105,47.436755211179936,78.08728703754578,1.7811653460191352,0.223404025490062,0.046225040922479366,0.013779106350824577,1.7786352054627135,1.1546469162138608,-0.021416091030352163,1.1548455091817253,1.0003852911006954
514,4.2888505000000805,212.41079429407438,349.5350328267464,47.45342650283771,78.0875333832961,1.7881615131125186,0.223404025490062,0.06289633258025162,0.013532760600497795,1.7882144907385387,1.464324227113524,-0.01657441163467725,1.4644180254396812,1.0645922753135797
515,4.295852299999751,212.4824020952471,349.53608669789753,47.46942397387618,78.08776882235362,1.7895607465311951,0.223404025490062,0.07889380361872611,0.01329732154297858,1.7988032909089384,1.7780312839335106,-0.026878721514875706,1.7782344368267426,0.25118958459631713
516,4.302363400000104,212.5442722462239,349.53715125211113,47.48324601466208,78.0880066480503,1.8360003374776257,0.223404025490062,0.09271584440462277,0.01305949584630639,1.8009210509430182,2.1556943108675277,-0.005261526961621077,2.155700731913545,0.15760882939770188
517,4.30776429999969,212.59838648196614,349.53792093070354,47.49533535276321,78.08817859734617,1.7991285114042166,0.223404025490062,0.10480518250575699,0.012887546550430784,1.7926716598346,2.110119188521051,0.03182366239358475,2.1103591484041004,-0.9881863674193161
518,4.312082700000246,212.64933722107747,349.5360305256446,47.506717952982385,78.0877562732462,1.7917541461895348,0.223404025490062,0.11618778272492847,0.0133098706504029,1.7910217816129164,1.9966483561799282,0.03984325013701666,1.9970458539596656,-1.6420890484356168
519,4.31908519999979,212.68910585067954,349.53091162311034,47.515602424923706,78.08661268981395,1.7469145575704266,0.223404025490062,0.12507225466625016,0.014453454082655526,1.7569265090325445,1.6773572586529408,0.07292165546013217,1.6789416133358406,-1.8826581668473974
520,4.32296580000002,212.718937839623,349.5307991948401,47.52226701134205,78.08658757288579,1.7813113554227769,0.223404025490062,0.13173684108459582,0.014478571010812402,1.75010745451647,1.40721729606408,0.07709368023559297,1.4093274828350466,-1.6856815253322053
521,4.334402499999669,212.74588512518895,349.5242021790811,47.528287143413515,78.08511377300901,1.6655239745757664,0.223404025490062,0.1377569731560584,0.015952370887589495,1.740070700498021,0.9155197070368127,0.060825105690689094,0.9175380250731056,-1.6155694718175568
522,4.338102499999877,212.76058703447106,349.5243839798289,47.53157160912953,78.0851543880279,1.7650332388238448,0.223404025490062,0.14104143887207243,0.015911755868700084,1.738063349694331,0.3647425812335176,0.050754416688157666,0.3682569230554184,1.0256839671477507
523,4.350848600000063,212.77070553547324,349.52344523812127,47.53383212298534,78.08494466935153,1.7415703760972887,0.223404025490062,0.1433019527278816,0.01612147454507351,1.7376618795335927,-0.11546424101397271,0.046645724896253946,0.1245303762301784,1.1959974378834877
524,4.354888900000333,212.7438467329894,349.52140238619046,47.527831758390604,78.08448828800671,1.7368778035519774,0.223404025490062,0.1373015881331483,0.016577855889892135,1.7713468824374805,-0.5835575722065068,0.004869540477791558,0.5835778889779987,1.6934820149994725
525,4.366040199999588,212.70972343251492,349.5221047469382,47.5202084757016,78.0846451982251,1.7793040046190869,0.223404025490062,0.12967830544414483,0.016420945671498544,1.761247716636422,-1.0044444874233422,0.01604300608607915,1.0045725988495897,1.8240633160370603
526,4.37017300000025,212.67616437863654,349.52358496359,47.512711247973535,78.08497588458371,1.833948989095204,0.223404025490062,0.12218107771607833,0.016090259312889543,1.7679008265914447,-1.9199947233511132,-0.018728408994580545,1.9200860634355914,1.3304925135092047
527,4.382227999999486,212.61050837981537,349.52116265935456,47.498043433539316,78.08443473206655,1.7145374098185526,0.223404025490062,0.1075132632818594,0.016631411830047682,1.7692314485824492,-1.8192372766092704,-0.04299766410528469,1.8197453304578708,-0.6306094817100368
528,4.385591600000225,212.54425536033472,349.52353254716286,47.483242242286465,78.08496417454289,1.774835925872402,0.223404025490062,0.09271207202900911,0.016101969353712775,1.7608246298654158,-2.4128177689856436,-0.005217802562268732,2.4128234108190423,-0.18679073837439436
529,4.398931400000038,212.48565795629463,349.52403346638056,47.47015134634064,78.08507608191256,1.743530913507,0.223404025490062,0.07962117608318664,0.015990061984041404,1.7412383741542357,-2.2202380436316376,0.0027602209019288153,2.22023975939732,-0.6402673194143123
530,4.402164099999936,212.43281967095842,349.5215036668881,47.45834706069654,78.08451091452227,1.7372699110339196,0.223404025490062,0.06781689043908301,0.01655522937433318,1.7454843462786012,-2.460697507351818,-0.04476083639967409,2.4611045802977674,-0.7521448725672798
531,4.414062400000148,212.38748653395055,349.52364068722983,47.44821945540089,78.08498833346917,1.7360177105393035,0.223404025490062,0.0576892851434323,0.016077810427432837,1.7376605975882398,-1.6960680546494245,-0.014648905409229702,1.696131314619234,-0.2575647758954902
532,4.417547299999569,212.34975172992318,349.5266468661434,47.439789348280094,78.0856599259398,1.7357672704403804,0.223404025490062,0.049259178022637684,0.015406217956808632,1.7360958478501678,-1.5664167455957345,-0.005253354977595118,1.5664255547651325,0.0353125563300798
533,4.429378599999836,212.3191807913675,349.5270093117507,47.43295967754375,78.08574089774748,1.7357171824205957,0.223404025490062,0.042429507286293244,0.015325246149117788,1.7357828979025531,-1.0261804269764463,-0.03306281785402444,1.026712919288547,-0.955475382112001
534,4.445550000000367,212.29507000863288,349.5242160120197,47.427573231623114,78.08511686334317,1.7357071648166387,0.223404025490062,0.03704306136565805,0.01594928055342848,1.7357203079130306,-0.9067593292083106,-0.014899603906656386,0.9068817339118043,-0.8770242135746842
535,4.449910100000125,212.27652247652344,349.52351768708695,47.42342963828696,78.0849608547421,1.7357051612958474,0.223404025490062,0.032899468029505385,0.016105289154495495,1.719847384946864,-0.5169968286743641,0.07476930444131077,0.5223755064567894,-0.8142759413351641
536,4.461876299999858,212.26291342552736,349.52080251747486,47.42038932151134,78.08435427492088,1.735704760591689,0.223404025490062,0.02985915125388061,0.016711868975718858,1.716672800353631,-0.4141652366369245,0.0681198830017629,0.4197298675323136,-0.675424856725558
537,4.466570100000354,212.2530338068213,349.5154316474351,47.418182174922094,78.08315440093361,1.6564026556095488,0.223404025490062,0.02765200466463824,0.017911742962994026,1.7160378834349843,-0.3281436602685602,0.025647624400799658,0.32914444004396115,-0.606747554392556
538,4.479367199999615,212.2494194929651,349.51772815111656,47.417374722657236,78.0836674491006,1.7198442594544294,0.223404025490062,0.026844552399779786,0.017398694796000314,1.7245838431664895,0.0025619967994907344,-0.001958801602857607,0.003225016483672339,0.5659402521457366
539,4.484401400000024,212.2516058192862,349.5216439518416,47.41786315675841,78.0845422547456,1.7325325802234055,0.223404025490062,0.027332986500951506,0.01652388915100289,1.7262930351127903,0.35263291329646784,-0.008688046637260697,0.35273992359006573,1.072646791629731
540,4.495591599999898,212.286827999011,349.5267656632534,47.425731933495456,78.08568646569239,1.7784349599533726,0.223404025490062,0.03520176323799973,0.015379678204212155,1.7511682215855466,0.7470810731633388,-0.06840344145575537,0.7502060788089343,1.3199008517820354
541,4.501608599999599,212.3271276845672,349.5263065891532,47.434735045474696,78.0855839066904,1.744250720323194,0.223404025490062,0.0442048752172397,0.015482237206200011,1.7648162019953322,1.4505452112028858,-0.057600643274547406,1.4516884114193604,0.5394497166993053
542,4.511965099999543,212.39675765966717,349.52829753351875,47.450290662206804,78.08602869167619,1.7807785879733302,0.223404025490062,0.05976049194934774,0.015037452220411751,1.7762187411925239,1.708505057083169,-0.030963138039073503,1.708785605626402,0.58182876905106
543,4.5164653000001636,212.46633876794414,349.52801707136797,47.46583536189394,78.08596603530272,1.7880841615033576,0.223404025490062,0.07530519163648108,0.015100108593884443,1.7616630635766395,2.1161911354954515,0.01804670010488905,2.1162680844671367,0.1848228477879108
544,4.526914500000203,212.5312041377868,349.5299153396193,47.480326546631694,78.08639011607153,1.7895452762093629,0.223404025490062,0.08979637637423821,0.014676027825075266,1.7674248711686973,1.9961403354761156,0.009835732920104935,1.996164567503585,-0.2647548145151557
545,4.531758099999934,212.59064481496426,349.52681935004154,47.49360583319099,78.08569845953697,1.705656571873953,0.223404025490062,0.10307566293353432,0.01536768435963154,1.7685772326871088,2.0460986163393127,-0.0013923931225029787,2.0460990901088483,-0.4829548183131484
546,4.543084400000225,212.63607215344808,349.52803662461974,47.503754483475575,78.08597040357787,1.7730597582834822,0.223404025490062,0.11322431321811877,0.015095740318727735,1.7688077049907909,1.467173207942761,-0.012080883182461267,1.4672229448326932,0.45874475259841124
547,4.547692399999505,212.6722054468093,349.53008044521744,47.51182680666669,78.08642700132678,1.786540395565388,0.223404025490062,0.12129663640923383,0.014639142569819796,1.7688537994515274,1.1004494502936857,-0.03642971314877121,1.1010522769840572,-0.22509393294601066
548,4.559120400000211,212.70083105530585,349.53210202048405,47.51822188283692,78.08687862937917,1.789236523021769,0.223404025490062,0.12769171257946255,0.014187514517431055,1.785699203798997,0.47594577685282935,-0.06780639154962827,0.4807515878694783,-0.32169798720760584
549,4.563816400000178,212.69143930069168,349.5355142136171,47.516123727049695,78.08764092706085,1.7897757485130452,0.223404025490062,0.12559355679223927,0.01342521683575626,1.7722320992131686,-0.22652663943057594,-0.026698290147277308,0.22809453537623028,-0.7164061670137305
550,4.574805199999901,212.67270342258502,349.5362070446152,47.51193805645958,78.0877957082948,1.7898835936113004,0.223404025490062,0.12140788620212106,0.013270435601796748,1.769538678296003,-0.8031632433063378,9.416364308316352e-05,0.8031632488262564,-0.9002957335209596
551,4.579521399999976,212.61747089959158,349.5323748202358,47.499598888484876,78.08693957394186,1.7057242353543405,0.223404025490062,0.10906871822741948,0.014126569954740376,1.760327031923849,-1.6421476127831496,0.0018276395910382147,1.6421486298249228,-1.2881152874553152
552,4.5910837000001266,212.55891636991743,349.53056990134803,47.48651757084499,78.08653634779665,1.7730732909795597,0.223404025490062,0.09598740058753208,0.014529796099949976,1.749811759534184,-1.8332011185370776,0.05016364530415392,1.8338873281409065,-0.4286155981026747
553,4.59560590000001,212.48532922065317,349.53119441625495,47.470077905475016,78.08667586694084,1.7431782911609999,0.223404025490062,0.07954773521755953,0.014390276955765557,1.747708705056251,-2.345793872433804,0.04755258845079532,2.346275802333637,-0.24267813980046452
554,4.607087600000341,212.41327108690157,349.52711623101686,47.45397982832561,78.08576478394195,1.7371993865647197,0.223404025490062,0.0634496580681514,0.01530135995464832,1.7641242796159866,-2.1525418780663625,-0.08825880897498982,2.1543505179499336,0.3032192601098552
555,4.611883399999897,212.3500752790496,349.5276988575589,47.43986163045738,78.08589494505681,1.7793683212216354,0.223404025490062,0.04933146019992307,0.015171198839794897,1.7674073945279338,-2.5069341295968197,-0.2395583881272857,2.5183540163089675,1.3418589629450093
556,4.623901500000102,212.26130879778975,349.5544634717139,47.42003084121534,78.09187426759972,1.7878021081530187,0.223404025490062,0.02950067095788711,0.009191876296881674,1.7767369796990438,-2.0787508862334545,-0.28267172714150585,2.097881920495416,1.8484006424737642
557,4.628516799999488,212.2013287863615,349.56937148316285,47.40663106521333,78.09520477736946,1.7894888655392953,0.223404025490062,0.0161008949558763,0.005861366527142309,1.7965077887010394,-2.3995930871407642,-0.29946871177188367,2.418207702655844,1.0357843576625068
558,4.639656399999694,212.1268130620689,349.5816586666891,47.389983952444055,78.09794978363117,1.7898262170165506,0.223404025490062,-0.0005462178134010287,0.003116360265437379,1.8195406629648176,-2.0171730001553865,-0.2830367062993825,2.0369331578794347,0.8546164391367265
559,4.644300500000099,212.06431892713832,349.58175499870356,47.37602251113105,78.09797130459098,1.836053431574697,0.223404025490062,-0.014507659126408612,0.0030948393056178247,1.8073110523622509,-1.7093281878325397,-0.17409093103178983,1.7181706859291919,0.8071558216120164
560,4.655355099999724,212.01326448520254,349.5790324996759,47.36461674328344,78.09736308734881,1.8945326925405255,0.223404025490062,-0.025913426974014442,0.0037030565477920163,1.8048651302417376,-1.1611169008690374,0.027301052507873028,1.161437817944532,-0.3740219671489166
561,4.671575700000176,212.0052158405389,349.57560529288776,47.36281864366585,78.09659743555615,1.7266540551401854,0.223404025490062,-0.02771152659160947,0.004468708340453986,1.813607894670174,-0.8179263577057551,0.0034342037280787052,0.8179335672198866,-1.295570722320151
562,4.676188999999795,212.00186472063277,349.56971309080006,47.36206998998892,78.09528109389076,1.7772592549367285,0.223404025490062,-0.028460180268538693,0.005785050005840731,1.8061244987033223,-0.07370197505564238,-0.19988506360251757,0.21303994878539806,-0.6699445095170456
563,4.687703699999474,212.01328356297068,349.5885647473094,47.364621005333646,78.0994926298421,1.8335400391587324,0.223404025490062,-0.025909164923810124,0.0015735140544990145,1.7768761639313386,0.2864708372182204,-0.1633597575637187,0.32977560699327824,-0.616995522533799
564,4.692379799999799,212.02824612267625,349.609940259093,47.367963701403504,78.10426800522146,1.798636451740438,0.223404025490062,-0.022566468853952415,-0.003201861324853894,1.7791897393170297,0.7401018338944954,-0.04993316351205809,0.7417843658047243,-1.856282735755054
565,4.703020199999628,212.06487708242688,349.59862153938263,47.376147205269355,78.10173935767477,1.7482910186806073,0.223404025490062,-0.014382964988101321,-0.000673213778171089,1.779652454394168,1.0432429127330785,-0.045210643353867354,1.0442220919135297,-6.516228213605966
566,4.7076115999998365,212.10921396054812,349.58599571687694,47.38605224231931,78.09891869810188,1.7382219320686412,0.223404025490062,-0.004477927938147275,0.0021474457947192604,1.7536768631017343,1.3996091510043482,0.2131662527704626,1.415749139817967,-20.803425195872805
567,4.7193114000001515,212.1800935597171,349.5698158847856,47.40188703009878,78.09530405848092,1.7795728303224196,0.223404025490062,0.011356859841320954,0.00576208541568235,1.4620960560615093,1.1603735547493415,0.8023314862981871,1.4107454059705744,-26.95098079177618
568,4.723853800000143,212.22082752811286,349.55098516016125,47.41098716261258,78.09109719879694,1.7036620826965643,0.223404025490062,0.020456992355121884,0.009968945099657844,1.1260671489869603,0.6544113281910428,2.560600205015403,2.6429013595648416,-42.08177999607697
569,4.7352586999995765,212.1962553134247,349.4527334726575,47.40549763093603,78.06914737629741,0.34073241653931285,0.223404025490062,0.014967460678576572,0.0319187675991941,0.7811486219055465,-0.25093340876330467,3.5185794046529804,3.5275159251917905,-42.46680474412813
570,4.739958699999988,212.1592132119011,349.2627805361331,47.39722227634305,78.0267111256242,0.06814648330786258,0.223404025490062,0.0066921060855946735,0.07435501827239932,0.42577922770752535,-2.586457817244074,7.685169459890363,8.108735639272902,-38.237094404518366
571,4.751305900000261,212.03886488744791,348.9882872971192,47.37033597619923,77.9653882310587,0.013629296661572516,0.223404025490062,-0.02019419405822731,0.13567791283790598,0.3397383078522961,-3.896299605701518,10.149010355351386,10.87122632504813,-23.502842049037326
572,4.755866399999832,211.82810992913738,348.5567031719361,47.323252470120664,77.86897060015518,0.0027258593323145034,0.223404025490062,-0.06727770013679191,0.23209554374142272,0.32253012388125024,-7.119992933995815,18.19009532922866,19.533915825214788,-17.483023706232895
573,4.767157499999485,211.59835820127847,347.8872684443512,47.271925009253685,77.71941618720987,1.273457483420418,0.223404025490062,-0.11860516100377083,0.3816499566867293,0.3190884870870411,-8.50766128018916,20.533336754635165,22.226070699466455,-2.363429417420802
574,4.771940200000245,211.2429847834739,346.9853363981972,47.19253315716398,77.51792093738058,0.2546914966840836,0.223404025490062,-0.1979970130934774,0.5831452065160221,0.31840015972819924,-12.675143930698505,30.06976650293246,32.6320414808023,-11.907778308458063
575,4.782920099999501,210.81544208820247,345.9657478568735,47.097018397971475,77.29014075290533,0.05093829933681672,0.223404025490062,-0.29351177228598146,0.8109253909912724,0.3182624942564309,-12.254925895377987,30.51747868689075,32.88616295808979,-12.020331170849488
576,4.787523899999542,210.3372070796678,344.87176991099574,46.99017877193455,77.04574167599888,0.010187659867363344,0.223404025490062,-0.4003513983229041,1.0553244678977194,0.06365249885128617,-15.07571639981526,41.68514671293396,44.32751607575691,-12.423224205326258
577,4.7992677000002,209.90493851918453,343.6427166476708,46.893608235429795,76.77116622943039,0.0020375319734726688,0.223404025490062,-0.496921934827661,1.3298999144662105,0.012730499770257236,-12.889280464423116,38.464699478690704,40.56681718937965,-17.756893356614746
578,4.8036589000003005,209.5383607894641,342.28481704033567,46.81171329495525,76.46780599094036,0.00040750639469453375,0.223404025490062,-0.5788168753022092,1.6332601529562396,0.002546099954051447,-12.587500020510571,46.94304707355057,48.60138707193384,-20.372150140962304
579,4.815520099999958,209.23744969443635,340.9029227049081,46.74448854501142,76.15908523360393,8.150127893890675e-05,0.223404025490062,-0.6460416252460348,1.9419809102926706,-0.3154795495404398,-8.218889680468646,42.2690952897073,43.06073111536856,-9.543490882300334
580,4.8203795999997965,209.08104897756417,339.52956368403954,46.709547995272644,75.8522712998988,1.630025578778135e-05,0.223404025490062,-0.6809821749848126,2.2487948439978,-0.37908467943933805,-6.262024258304973,51.344820636356594,51.7252699750444,-8.78027165469012
581,4.8313363999996,209.0141625434633,338.07211870421304,46.694605296643836,75.52667222447528,-1.5799405876050927,0.223404025490062,-0.6959248736136203,2.5743939194213254,-0.3918057054191177,-2.2600229887263867,43.4496059048427,43.508343535415285,0.3461148449757818
582,4.836229300000014,209.04835569934238,336.56618641433454,46.702244185311436,75.19024088880096,-0.3159881175210186,0.223404025490062,-0.6882859849460203,2.910825255095645,-0.3943499106150736,-0.35318412646166575,51.843267008830225,51.84447003467244,53.5201247262428
583,4.8473469999999,209.11604705471842,335.0927642549508,46.71736670659332,74.86107244714836,-0.06319762350420371,0.223404025490062,-0.6731634636641388,3.2399936967482432,0.08718722307718058,0.8110412041304229,44.304442294812425,44.311865170506664,73.66858663211022
584,4.8520157000002655,209.19685081397256,333.67178115162835,46.73541859168542,74.54361910171276,-0.012639524700840744,0.223404025490062,-0.6551115785720327,3.5574470421838384,1.2032762965441473,1.455380646821136,50.99913395269895,51.01989608723711,124.10208663015939
585,4.863257699999849,209.12795949914744,332.3914636594891,46.72002799463219,74.25759102006351,2.4077019687170584,0.223404025490062,-0.6705021756252663,3.8434751238330875,2.1886768047189857,1.669129454721241,41.72335298537806,41.75672613458907,145.4092614595943
586,4.867566300000362,209.16379148001147,331.1727713103801,46.728033003398494,73.98533024343863,4.00050477972974,0.223404025490062,-0.6624971668589623,4.115735900457977,3.2701633394594225,2.0002590065242334,38.937592033899904,38.98893573171248,147.28655307674404
587,4.879175199999736,209.3004540955888,330.0098142265208,46.758563981852475,73.72552094943228,4.611014423353175,0.223404025490062,-0.6319661884049808,4.375545194464323,4.500891264693642,4.1686287320295055,35.57902023866635,35.82239727668895,122.71888467761569
588,4.895070599999599,209.51503585666086,328.894253483388,46.806502411072714,73.47630018873772,5.3442350501979785,0.223404025490062,-0.5840277591847425,4.624765955158878,5.33856478858326,5.9067241334413545,34.98801249664288,35.48310032189714,113.93171621211921
589,4.899876899999981,209.83147197686054,327.79267042651105,46.877195514135785,73.23020209941977,6.14100010147026,0.223404025490062,-0.5133346561216712,4.870864044476832,5.897150289869973,9.50566576818508,32.78816854033204,34.138272919491186,84.80727090805883
590,4.911074599999665,210.19844569196903,326.665513798034,46.95917891934006,72.97839077126018,6.596069588165146,0.223404025490062,-0.4313512509173947,5.122675372636422,6.3866873669339554,10.846016914302329,32.86899105096678,34.612232745286256,71.69250102089694
591,4.915954999999485,210.6321385836368,325.52537197978194,47.056067657165066,72.72367849943312,6.793432286163303,0.223404025490062,-0.33446251309239017,5.377387644463482,6.901004694456128,14.69632140026221,39.91791163587019,42.537295777575544,77.86682585503176
592,4.927165000000059,211.10038694083107,324.3820983050041,47.16067622509138,72.46826655825093,7.05869980867309,0.223404025490062,-0.22985394516607727,5.632799585645671,7.354360027025992,13.790657147729345,34.400765482764534,37.062041098223155,67.29031103712498
593,4.932148599999891,211.59711821958277,323.24612119490337,47.27164799235133,72.21448469898986,7.915821687808837,0.223404025490062,-0.11888217790612288,5.886581444906739,7.770843166293871,17.021482669823236,40.23713150454078,43.68933077986891,95.15351905862343
594,4.943004800000381,212.0918149552863,322.09844130946806,47.38216523450429,71.95808839260964,8.40777676431958,0.223404025490062,-0.008364935753164104,6.142977751286963,8.45844086531444,15.124857720285334,34.23655119338028,37.42863554386967,88.30557464906941
595,4.947920300000078,212.60834192241532,320.96156864035527,47.497559438235086,71.7041064618602,8.678485284504543,0.223404025490062,0.10702926797763013,6.396959682036396,9.358142946012109,17.608324480470706,39.685017561651996,43.41605359631586,110.84534863723712
596,4.958902299999863,213.11808126917805,319.87086243596775,47.61143726025256,71.46043830517306,10.231420781266143,0.223404025490062,0.22090708999510156,6.640627838723546,10.139452228118438,14.665698057121041,33.51555051964767,36.58380551743762,101.03486587577144
597,4.963646299999709,213.5799239122652,318.8085435508865,47.7146147658612,71.22311198989179,11.557210212161433,0.223404025490062,0.32408459560374325,6.8779541540048115,10.865952732000641,15.485518277380999,36.78762423124415,39.9140397967723,75.69251132658823
598,4.975080500000331,213.96656377225577,317.7810161977802,47.800991666998,70.9935582429067,11.82236809834049,0.223404025490062,0.41046149674054533,7.107507900989901,11.260642176038802,11.74196694170644,29.64788621781781,31.888413959380266,20.00522613548506
599,4.980120199999874,214.28868378974363,316.87916823401537,47.87295457559572,70.79208177742161,12.0402792837306,0.223404025490062,0.48242440533826425,7.308984366474988,10.941251665188231,10.787671503905763,31.272659658022366,33.08100812494504,-57.22242961963896
600,4.991151000000173,214.52360603654722,316.09058826211714,47.92543715120881,70.6159098372787,10.65193250469534,0.223404025490062,0.5349069809513551,7.485156306617895,9.88888311502007,6.512217390181718,23.103012271375793,24.003294593624553,-115.65765220583498
601,4.99604139999974,214.6461488541075,315.4270507520527,47.952813709946675,70.46767288646666,8.634468227013286,0.223404025490062,0.5622835396892185,7.633393257429944,8.348437710040148,4.448335577725467,23.676933896857623,24.09117863800407,-213.55690029623082
602,5.009038399999554,214.66777805825345,314.89307860598194,47.95764576122102,70.34838135953488,6.295367461320626,0.223404025490062,0.5671155909635672,7.752684784361719,6.5413972511755105,1.1985853771378798,17.445997829238554,17.487122323701094,-233.96822751307053
603,5.013456599999699,214.61309243326454,314.43928832825327,47.945428772462066,70.24700278476205,4.120141073440884,0.223404025490062,0.5548986022046094,7.854063359134557,4.531213829812739,-1.5934620248187596,18.23880363324884,18.308278979651543,-273.39568496477375
604,5.023750000000291,214.52234506876536,314.03275756790316,47.92515544593033,70.15618217641429,3.005076989407415,0.223404025490062,0.5346252756728731,7.944883967482312,2.8283608003253415,-3.4743495425571727,13.978663875173542,14.403962943542622,-232.25049581298845
605,5.0280375000002095,214.3457351929726,313.65017242420237,47.88570008873693,70.07071111521884,0.6010153978814831,0.223404025490062,0.4951699184794762,8.03035502867776,1.5740954312442679,-5.339632811334421,16.549001747892476,17.389109736028104,-253.113009462306
606,5.039215499999955,214.15528145449315,313.19930152890214,47.84315195689099,69.96998474223247,0.12020307957629661,0.223404025490062,0.4526217866335358,8.131081401664133,0.35269998377082623,-5.611038264239863,13.976512395926651,15.06076522479038,-174.4737625468246
607,5.0438044000002265,213.97134599838893,312.7467858314443,47.80206003556695,69.86889091382294,0.024040615915259324,0.223404025490062,0.41152986530949676,8.232175230073665,-0.7639985774645849,-7.003252910011577,18.39959173892337,19.687318951056863,-172.1852478487028
608,5.055654400000094,213.7526936773316,312.211942124365,47.75321222686,69.7494046766534,-1.9868361639263232,0.223404025490062,0.3626820566025444,8.351661467243204,-1.4961114830710422,-5.761569175774381,17.388233611638327,18.31792421373509,-125.72896058645227
609,5.060321199999635,213.56613743910827,311.56565032601316,47.71153481226063,69.60502048726039,-2.57841581676964,0.223404025490062,0.32100464200317447,8.496045656636213,-2.214747198957959,-5.977603349487836,24.143145431560267,24.872137285188774,-117.47321154611237
610,5.071915300000001,213.41075661929855,310.7935121908783,47.67682211163119,69.43252171963687,-3.0595491301508035,0.223404025490062,0.28629194137373304,8.668544424259736,-2.9133913343228426,-4.13109117106691,23.54137289600757,23.9010910230589,-73.29769792079512
611,5.076527999999598,213.30986154862347,309.9101013753563,47.65428174669027,69.2351641872878,-3.4729754998582862,0.223404025490062,0.2637515764328171,8.865901956608809,-3.227004438739569,-2.3135032796256247,30.633301874502806,30.720538425607966,-64.3327281457062
612,5.087998400000288,213.32413134174573,308.9334808492102,47.657469675916694,69.01698323037053,-3.4691800609091574,0.223404025490062,0.26693950565923785,9.084082913526075,-3.4847465908729145,0.487198359297738,28.894208340659624,28.898315485071905,-34.50972477767594
613,5.0927992999995695,213.4308443893915,307.9547752415994,47.681309800333075,68.79833645786059,-3.554901686009957,0.223404025490062,0.2907796300756189,9.302729686036017,-3.5661546404402085,3.738147289777758,36.30390474090824,36.495852430064055,-19.940728026594474
614,5.10394449999967,213.68392111932053,306.84510860532174,47.73784816055708,68.55043246436414,-3.8671265774363666,0.223404025490062,0.3473179902996222,9.550633679532467,-3.6204758011349174,6.049025000276476,32.53444758180778,33.0920078403739,-5.511407023110397
615,5.108871000000363,213.9763467959434,305.7000237943968,47.80317723387129,68.29461590807598,-3.4665893779872734,0.223404025490062,0.4126470636138322,9.80645023582062,-3.558468939523859,7.07132551664426,32.21220567199636,32.979233447994794,0.69009761323697
616,5.119930799999565,214.30644174048976,304.51493362193906,47.87692177327686,68.02986199298022,-3.74458130333183,0.223404025490062,0.4863916030194062,10.071204150916387,-3.5124872449360227,9.698997393851071,35.25072673183963,36.560693176808925,3.7677399870369146
617,5.135351599999922,214.6784552227201,303.31318164767225,47.96003108274369,67.76138576428838,-3.1591457528538665,0.223404025490062,0.5695009124862338,10.339680379608225,-3.3808348513309547,9.943588213339757,35.633618894489416,36.99499617616121,7.635667544265772
618,5.13997339999969,215.0529946955726,302.05668133721105,48.04370470868387,67.48067853690183,-3.3249932130707736,0.223404025490062,0.6531745384264127,10.620387606994768,-3.3880846948755665,9.99414938131188,37.901495265818326,39.19701985152475,27.31902938457771
619,5.151904600000307,215.38923286578768,300.76651255842387,48.11882166943333,67.19244963815918,-3.2088646094110302,0.223404025490062,0.7282914991758744,10.908616505737427,-3.215491694834489,9.608450627342165,38.32563394540104,39.5117266235601,37.74014983725287
620,5.1565582000002905,215.67072588002114,299.4486548119693,48.181708341960416,66.89803491257796,-3.5028385957103314,0.223404025490062,0.7911781717029598,11.203031231318647,-2.6989271963887735,11.183076292708211,47.51338652849859,48.81171063151797,80.24692213073754
621,5.167967899999894,215.91277195462442,298.1177636785783,48.23578240938085,66.60070847588938,-2.8816163031264415,0.223404025490062,0.845252239123397,11.500357668007226,-2.05698148419963,8.108179747052931,39.964507373521315,40.77872519364428,101.13389371842884
622,5.172385199999553,216.17500847937876,296.8651876847813,48.2943671046415,66.32087795664292,-0.5763232606252883,0.223404025490062,0.9038369343840458,11.780188187253685,-1.0804437287857271,7.440928893995617,46.54766223599937,47.13864956107865,153.97116845092415
623,5.184087099999488,216.3179868915732,295.66091514629295,48.32630905748392,66.05183862375749,-0.11526465212505765,0.223404025490062,0.9357788872264621,12.049227520139112,0.12328671200652652,4.77249332979663,38.030887259921705,38.32916746238859,142.86109756626567
624,5.188570000000254,216.37737498827417,294.51566213618264,48.33957659735311,65.79598449109423,1.6738241676584846,0.223404025490062,0.9490464270956522,12.305081652802372,1.3724560331972038,2.5778189713595436,44.29126108207808,44.36621415998784,155.37677479561245
625,5.200584600000184,216.38659151928533,293.40338300230735,48.341635607482054,65.5474968551179,2.515813608250935,0.223404025490062,0.951105437224598,12.553569288778704,2.038699809544714,-0.7029668873756304,36.046909939529705,36.053763723546425,107.16663751381306
626,5.204918100000214,216.26566567156937,292.290718492276,48.31462028631651,65.29892312455696,3.364230302826945,0.223404025490062,0.9240901160590553,12.802143019339638,2.553699625300056,-3.530539485043086,44.88211566152458,45.020762047192385,78.71465823255208
627,5.2167490000001635,216.09930673771657,291.11892901271744,48.27745503081756,65.03714063779668,2.754895621112264,0.223404025490062,0.8869248605601072,13.06392550609992,2.3173241688344253,-4.763915460445368,38.15470835013869,38.45096435459602,18.430715800679938
628,5.220714600000065,215.8968016294975,289.9266591330622,48.23221457445912,64.77078274721114,2.459734426651652,0.223404025490062,0.8416844042016649,13.33028339668546,2.1611046805686427,-7.38523248373189,46.392559854011886,46.97670985336079,-14.133759197265697
629,5.232313599999543,215.7302810348158,288.70985997369525,48.195013203280226,64.49894491679564,0.4919468853303304,0.223404025490062,0.8044830330227697,13.602121227100966,1.8970226862968342,-7.203023201050267,40.258028354148195,40.89733964695343,-41.332519331246644
630,5.23668379999981,215.47724417838168,287.49953988356054,48.138483750955494,64.22855453652805,1.734716166922023,0.223404025490062,0.747953580698038,13.872511607368551,1.4277963753330971,-9.288437585271309,48.290917057731946,49.176089139461126,-38.8792827622337
631,5.247176799999579,215.22722883023994,286.24602449725734,48.08262931574633,63.94851415321419,2.043820331467901,0.223404025490062,0.692099145488875,14.152551990682412,1.2478177093622738,-7.679572520080881,40.01408100718482,40.744355596091225,-36.864748761294464
632,5.251843500000177,214.94379680106584,284.9448145349589,48.01930945947602,63.65781860962894,0.4087640662935802,0.223404025490062,0.6287792892185635,14.443247534267663,1.211821976168109,-8.122711234386811,47.046704817239565,47.742757272257606,-47.55638032495586
633,5.26325050000014,214.7720362363993,283.6283392538569,47.980937457909064,63.3637127323726,1.5598410967975345,0.223404025490062,0.5904072876516082,14.737353411524005,0.8773574715580847,-5.607585235489296,40.294869415910426,40.68318465187492,-22.29453618228735
634,5.268580299999485,214.64265886989085,282.2303193715697,47.95203403342378,63.051389462954496,0.3119682193595069,0.223404025490062,0.5615038631663225,15.049676680942106,0.47108915101938065,-4.41204103933324,46.222025659080984,46.4321199404195,-28.71097069935461
635,5.279411100000289,214.62522617987506,280.86741718420103,47.94813950029913,62.74691162794712,0.06239364387190138,0.223404025490062,0.5576093300416716,15.354154515949482,0.6762211756933781,-1.5658558873181543,39.33030263884702,39.36146097800672,-28.121957736733556
636,5.28458210000008,214.6403801838848,279.563717089019,47.9515249657972,62.455659778651686,0.012478728774380277,0.223404025490062,0.5609947955397416,15.645406365244916,0.42162992392041393,0.0015243325575544642,44.76291522908345,44.76291525503785,-22.61061183474378
637,5.295260699999744,214.6720464925044,278.2333212400282,47.95859934661522,62.15844399049187,1.4344241896635674,0.223404025490062,0.568069176357767,15.942622153404734,0.3707116735658211,1.6351867640437296,38.78143903316576,38.8158968624513,-7.405024559681981
638,5.301032899999882,214.7876176411925,276.86532951655,47.98441840646266,61.85282913262975,0.2868848379327135,0.223404025490062,0.5938882362052027,16.248237011266852,0.3605280234949025,3.192863491382009,43.632228658456846,43.74889432863947,-20.60048586672722
639,5.311326000000008,214.91410564320827,275.54337400511406,48.01267633528918,61.55749894985619,0.057376967586542704,0.223404025490062,0.6221461650317224,16.543567194040413,0.3584912934807188,3.9652207380481315,38.6347270537366,38.83767642403667,-11.910302690465716
640,5.317423100000269,215.1168511483509,274.11420653838786,48.05797049728805,61.23821718469012,0.011475393517308542,0.223404025490062,0.6674403270305973,16.86284895920648,0.07169825869614378,6.088757119368836,45.12919160087508,45.53808184154399,-11.39667929615223
641,5.327340699999695,215.31735213034943,272.72307830696025,48.10276322378124,60.92743353781632,0.0022950787034617085,0.223404025490062,0.7122330535237822,17.173632606080282,0.014339651739228755,6.254428843452448,40.65439734970226,41.13268656464452,-11.087634208868609
642,5.332554800000253,215.5806235855659,271.31559623689634,48.161579126673224,60.61299637755896,0.0004590157406923417,0.223404025490062,0.7710489564157683,17.488069766337645,0.0028679303478457508,6.301959002715914,38.7074405295524,39.21709626707143,-11.053727073587952
643,5.3430296999995335,215.8291921512743,269.8821446036577,48.217110344862775,60.292757512348146,9.180314813846835e-05,0.223404025490062,0.8265801746053185,17.808308631548456,0.0005735860695691502,6.2407165821331905,38.43883989726481,38.94214883780901,-1.6494271706331778
644,5.3592226000000664,216.04540610056273,268.5080727720082,48.26541341150091,59.98578433384514,1.8360629627693672e-05,0.223404025490062,0.8748832412434524,18.115281810051464,0.00011471721391383004,6.733642003117536,37.59629477962832,38.19454562870013,-0.49308580090847826
645,5.364917799999603,216.22698110277742,267.2073480880216,48.30597799792404,59.69519720338825,3.6721259255387344e-06,0.223404025490062,0.9154478276665827,18.405868940508356,2.2943442782766013e-05,7.29653163488531,36.25473886847428,36.981690933759936,-15.086241434960037
646,5.3750583999999435,216.54386304302835,265.97616105764996,48.3767706989812,59.42014506467207,7.344251851077469e-07,0.223404025490062,0.9862405287237408,18.680921079224532,4.5886885565532025e-06,7.2908617022579465,34.57728191967833,35.33758748576883,-21.4370195369396
647,5.379934300000059,216.8514847121731,264.8063724177328,48.44549461819611,59.15880957354203,1.468850370215494e-07,0.223404025490062,1.0549644479386515,18.942256570354573,-0.36649688499666366,9.397640927236987,40.62115344768084,41.69404948451652,-24.232970518501244
648,5.391184000000067,217.11701165045537,263.6892411146871,48.50481440508442,58.90923794344066,2.937700740430988e-08,0.223404025490062,1.114284234826961,19.191828200455944,-0.7261826777805829,9.431004928209415,35.031648705751486,36.27892315104033,-24.49643099106405
649,5.396319399999811,217.42772474488925,262.5588154056249,48.57422896115342,58.656696289518706,-1.8324890077964735,0.223404025490062,1.183698790895967,19.444369854377896,-0.7981198363373667,11.894691035908979,40.99750868992818,42.68816456139184,-24.620522354675046
650,5.407109300000229,217.77978656341958,261.4443150574609,48.65288098863445,58.4077124253288,-1.7984252917936698,0.223404025490062,1.2623508183769943,19.6933537185678,-0.8125072680487233,10.862180973337681,34.98262926940711,36.63019691590967,-2.9363836667165737
651,5.411733500000082,218.1792644203959,260.26545193331054,48.7421259499771,58.144349657891816,-0.359685058358734,0.223404025490062,1.351595779719645,19.956716486004787,-0.8153847543909947,14.251814434386606,41.084651692560804,43.48635210466877,18.573803736273252
652,5.422737099999722,218.6192065164759,259.10684455071043,48.84041078522391,57.88551210465644,-0.0719370116717468,0.223404025490062,1.4498806149664532,20.21555403924016,-0.4494624489250741,13.470620707665788,36.073917083815005,38.50694893158577,22.613323078734098
653,5.427494700000352,219.09242751412876,257.98465791502133,48.94613026104598,57.63481109289235,-0.014387402334349361,0.223404025490062,1.5556000907885235,20.466255051004254,-0.08989248978501481,17.658259981693863,43.074949841840656,46.553898327188236,23.481193421688907
654,5.439113399999769,219.59226733995797,256.73008171508343,49.05779649023648,57.3545337195422,-0.0028774804668698726,0.223404025490062,1.6672663199790207,20.746532424354406,-0.01797849795700296,16.909046697418177,36.920003314850206,40.60791185205192,23.661714613868
655,5.443898200000149,220.1968377395305,255.48612455474742,49.19285995119312,57.076628682385945,-0.0005754960933739746,0.223404025490062,1.8023297809356649,21.024437461510658,-0.0035956995914005925,23.67646204839462,46.18501054292644,51.90019319789954,17.037889420148197
656,5.454159199999594,220.91121276129866,254.28374351051303,49.35245420676567,56.808011916931044,-0.00011509921867479492,0.223404025490062,1.961924036508215,21.29305422696556,-0.0007191399182801184,22.666814071395734,40.6635903025956,46.5543986798731,1.9242655203866217
657,5.458400200000142,221.72312255677974,252.957780512638,49.53383812341096,56.51178644555489,-2.3019843734958986e-05,0.223404025490062,2.143307953153503,21.589279698341713,-0.00014382798365602373,29.926788003400848,49.864803513142924,58.15592205102459,0.6874435441687137
658,5.470029199999772,222.61703704788636,251.65187112303255,49.73354221916808,56.22004103099176,-4.603968746991798e-06,0.223404025490062,2.343012048910623,21.881025112904844,-2.8765596731204753e-05,27.47134379489038,43.51957334604004,51.46482288047265,0.0863351905027676
659,5.47429529999954,223.49374443042862,250.31269464843393,49.92940217760488,55.92086361572484,-9.207937493983596e-07,0.223404025490062,2.538872007347422,22.180202528171762,-5.75311934624095e-06,33.39383794862,52.078384000737984,61.86522846532627,-23.515283952850005
660,5.485996000000341,224.3291398429587,248.93237974731358,50.11603287564003,55.61249571037064,-1.8415874987967192e-07,0.223404025490062,2.725502705382574,22.488570433525965,-1.1506238692481899e-06,28.653944011599044,42.925430276775955,51.61047443946051,-33.43540785127773
661,5.490317599999798,225.2028446531225,247.59815383575418,50.31122204732065,55.31442427081512,-3.6831749975934386e-08,0.223404025490062,2.9206918770631916,22.786641873081486,-0.5087734234841489,35.88909017258203,50.23112991465267,61.734862160034325,-72.81218385017385
662,5.5021199000002525,226.21028376459898,246.32584995185846,50.536288000260626,55.030186461506176,-7.366349995186878e-09,0.223404025490062,3.14575783000317,23.070879682390427,-1.092573776493705,31.14159364290056,41.093876021228496,51.560697251565976,-92.35995658293547
663,5.506584400000065,227.27640211790757,245.09451256731032,50.774463132038605,54.75510073306172,-2.543865968270145,0.223404025490062,3.3839329617811487,23.345965410834886,-1.9715176849862412,40.09478982056388,48.89078424986878,63.22895662054223,-159.2269174977714
664,5.5177318999994895,228.38281360320735,243.87485876316546,51.02163991170301,54.482625163511486,-2.919002685841529,0.223404025490062,3.631109741445556,23.618440980385117,-3.0610015350441238,35.08227306729754,39.15915556903279,52.57571063188915,-152.46318520995374
665,5.521793400000206,229.4866412059776,242.68698785363316,51.268239441608934,54.217250020559426,-4.394719726621431,0.223404025490062,3.8777092713514776,23.883816123337176,-4.41890074646195,43.105714153871716,45.38187660795353,62.59087247494491,-203.48883284633368
666,5.534469299999728,230.62730223875025,241.53435682668953,51.52306770804999,53.95974760923548,-5.4474192871211615,0.223404025490062,4.132537537792537,24.141318534661124,-5.482524045776765,36.87057575442711,37.10999432460423,52.31243671666525,-187.24119162996078
667,5.538842199999635,231.78582336242192,240.45393603894777,51.78188599069352,53.71837725603083,-6.7894960644554825,0.223404025490062,4.391355820436061,24.382688887865775,-6.814479662670979,45.03272738649721,43.35562414639724,62.51125243498357,-240.46549119926698
668,5.550203699999656,232.91345870925784,239.42374859713928,52.03380426646154,53.4882292345215,-7.861982464844222,0.223404025490062,4.643274096204081,24.612836909375105,-8.128275571206071,36.56748308653298,33.72140764707014,49.74247835586558,-197.6837049401728
669,5.554128900000251,234.0200860213086,238.44561305260513,52.28102926269093,53.26970981639766,-9.578780770312594,0.223404025490062,4.890499092433473,24.831356327498945,-9.55647908885059,35.14270045240197,32.148379113625005,47.6290633407861,-201.54977675792804
670,5.5666229999997086,235.04857390400878,237.4854686623212,52.510797595853894,53.055209694556524,-10.963699269296894,0.223404025490062,5.120267425596438,25.04585644934008,-11.061087077535745,32.638822261316285,31.090166347469783,45.07650343714714,-219.09026300857994
671,5.582818199999565,235.9894918036389,236.5829913110881,52.721002442286924,52.853592621377445,-12.588436875343755,0.223404025490062,5.330472272029468,25.247473522519158,-12.733070686991525,30.794486704117,30.255428078434004,43.17049153738386,-219.86590290613586
672,5.586736700000074,236.80803808152496,235.70764510560406,52.90386897581657,52.65803675537486,-14.312536007881253,0.223404025490062,5.5133388055591155,25.443029388521744,-14.270281129585808,24.536052036552913,28.038812188147194,37.25845995827825,-218.3467583889406
673,5.59884779999993,237.51014932140663,234.8357514558444,53.06072345314796,52.46325220421932,-16.221900512123128,0.223404025490062,5.6701932828905015,25.63781393967728,-15.717726880214038,22.871807936768363,27.921373264778293,36.0932498299543,-219.4821473104175
674,5.60305629999948,238.10716303225595,233.9958030983361,53.19409871942446,52.275604359948204,-17.264832983284002,0.223404025490062,5.803568549167004,25.8254617839484,-17.21704391119906,24.579313569876394,34.53853810029534,42.391665096712856,-261.285735434406
675,5.614389299999857,238.61794676392336,233.15467434636136,53.30820986123379,52.08769281080162,-18.20092802243805,0.223404025490062,5.917679690976335,26.013373333094982,-18.646162688489813,16.322374718979255,27.701381966504364,32.15255012158361,-204.50870047667325
676,5.618634899999961,239.02685836456482,232.28932089982277,53.399562358886676,51.894369367373194,-20.08502203026886,0.223404025490062,6.00903218862922,26.20669677652341,-19.97188268418234,16.093250216902206,34.39828383356478,37.976764386112556,-246.3992656402681
677,5.631291300000157,239.33180690681502,231.39874242588343,53.467689090792696,51.695410551280354,-21.458129894335023,0.223404025490062,6.07715892053524,26.40565559261625,-21.34396882199272,10.306713190328367,29.303598650446126,31.063310040208478,-197.11236203653561
678,5.635486899999705,239.55352133729946,230.4678458542736,53.51722098707216,51.48744450986782,-22.85050049058576,0.223404025490062,6.126690816814701,26.61362163402878,-22.7241819479923,9.369459942495418,38.257886521754884,39.38848385918783,-238.869345077977
679,5.646754700000201,239.6926863645983,229.50377558100004,53.54831101437816,51.2720673299632,-24.125263672335905,0.223404025490062,6.157780844120701,26.828998813933403,-23.961665002879716,5.172600089388217,32.80808272099223,33.21334195037001,-189.4398536233369
680,5.65033990000029,239.77906758724333,228.5191895922715,53.56760892724381,51.05210685664013,-25.101993652435933,0.223404025490062,6.177078756986354,27.048959287256473,-25.162303093349387,3.718294319890019,41.274186824112775,41.44133456636129,-215.38802858076878
681,5.6623005999999805,239.8075865684417,227.54018634460107,53.5739801824464,50.83339359014271,-26.27243730470594,0.223404025490062,6.183450012188942,27.26767255375389,-25.94106352394332,0.9335183756931185,35.03725418770936,35.04968812374675,-166.0365227622806
682,5.666255899999669,239.77414700832136,226.5124193278495,53.5665096501049,50.6037863013345,-27.461320346683376,0.223404025490062,6.175979479847442,27.4972798425621,-26.883023495804288,-0.7461524809165235,41.10968480853643,41.11645569090299,-190.09191463161758
683,5.678511099999923,239.65794944128933,225.503989841728,53.540550645877794,50.37849909471209,-26.74430264355543,0.223404025490062,6.150020475620337,27.722567049184512,-27.89051461127023,-2.391109464162063,32.741225023450774,32.82842092617073,-138.56762609802786
684,5.68316969999978,239.5403571112989,224.47226516062733,53.51428004599117,50.14800764775674,-28.835063531640774,0.223404025490062,6.123749875733715,27.95305849613986,-28.96246632557436,-4.970052030455922,38.96285533982895,39.27856302638726,-174.6963014695733
685,5.695298300000104,239.3860582109302,223.41306445910215,53.47980905052012,49.91137794723412,-30.139449229765656,0.223404025490062,6.089278880262661,28.18968819666248,-29.899593484841436,-5.828294813639728,31.988522899243968,32.51514443624932,-144.8694687795442
686,5.700188799999523,239.11544308056457,222.3317855544728,53.41935254103792,49.66981588726244,-31.632195876226568,0.223404025490062,6.0288223707804605,28.431250256634165,-31.101450069038602,-8.651466719970944,38.27368569477167,39.239302912627466,-166.70420613169415
687,5.710675999999694,238.8253390416255,221.24370536078618,53.354542130928,49.42673439193684,-32.146956143018755,0.223404025490062,5.964011960670547,28.674331751959762,-32.0349909415421,-9.074024945470672,32.802128357904714,34.034064604738006,-134.9489886011235
688,5.715435799999796,238.4794594552306,220.18248929796022,53.27727123899254,49.189654451586804,-32.753585564541254,0.223404025490062,5.886741068735084,28.911411692309798,-32.94593556623811,-12.986239856495345,40.62589049966154,42.650971905701255,-159.14913363225975
689,5.726398900000277,238.09904806082915,219.0970558877225,53.19228580214097,48.94716425833829,-33.502767894158254,0.223404025490062,5.801755631883516,29.153901885558312,-33.727885233364816,-12.185739330377444,34.90350603299049,36.969541198436744,-124.69573811965023
690,5.730620000000272,237.67575154767798,217.98929464209664,53.097719657127094,48.699685936783595,-34.69417235324571,0.223404025490062,5.707189486869638,29.401380207113007,-34.56478847245421,-15.48484778648032,40.64672048126147,43.496395216756355,-142.1728051961853
691,5.742695699999786,237.22389241572807,216.8659493013933,52.99677250809504,48.44872606565496,-35.541944211860084,0.223404025490062,5.606242337837585,29.652340078241643,-35.45218743081897,-14.424911339628284,35.433599805496385,38.25726156342362,-118.49932217482657
692,5.747497600000315,236.73649983733046,215.75050679556318,52.88788704408703,48.19953171964979,-36.331472338465765,0.223404025490062,5.497356873829574,29.90153442424681,-36.299254624835676,-17.322227427832747,40.783242737661276,44.309507459015634,-138.9713689863879
693,5.757855099999688,236.22955800376621,214.64972005216228,52.77463419777947,47.95361152996794,-37.19058035636503,0.223404025490062,5.384104027522014,30.147454613928666,-37.05551315641245,-14.781333148614307,33.37959588653798,36.505961584361906,-115.75431751307559
694,5.762855199999649,235.73182797750405,213.55600758872416,52.66343930630523,47.70927176290721,-37.73810386424176,0.223404025490062,5.2729091360477724,30.391794380989396,-37.92395968694656,-17.624701761047895,39.663004578056594,43.402581079065136,-142.7791200802512
695,5.774035599999479,235.24644881566508,212.4744892629037,52.55500364766141,47.46765621527764,-38.47546501112961,0.223404025490062,5.164473477403952,30.63340992861896,-38.84278021863932,-14.891821032186838,33.937893280815494,37.06139411833699,-123.30236465053221
696,5.778831999999966,234.76174266656275,211.35379077275718,52.44671834277216,47.21728766121827,-39.884176864530616,0.223404025490062,5.056188172514702,30.88377848267833,-39.84335890017318,-17.129074979879007,41.42525217106268,44.82696428604608,-150.6135161071267
697,5.7896910999998,234.3237364478907,210.2227250369393,52.34886599033114,46.96460302274268,-40.92557499692956,0.223404025490062,4.958335820073685,31.136463121153923,-40.7014311794487,-14.0504503309571,35.678642684728466,38.34554339590483,-131.31274909843384
698,5.793842699999914,233.91266018619143,209.08579447944967,52.257029898684124,46.710608159496836,-42.19347376403435,0.223404025490062,4.866499728426668,31.390457984399767,-41.57148740776474,-13.02448177931331,34.053467996800826,36.45923488265768,-121.25646823521105
699,5.8059723999995185,233.54098929581545,207.99262476732335,52.17399712561665,46.46638964526401,-42.02846526061937,0.223404025490062,4.783466955359195,31.634676498632594,-42.50768188096701,-11.494386286696113,31.982131209506797,33.984961862710634,-89.83959403953693
700,5.822266399999535,233.20775708957888,207.00911200237772,52.099551709320465,46.24666893445429,-42.82574615270981,0.223404025490062,4.709021539063009,31.85439720944231,-43.02745983810747,-10.535804234447287,29.70497750318816,31.51807194819366,-77.35833808316497
701,5.8266247999999905,232.91656711052948,206.19280305552607,52.03449869581846,46.06430222968408,-44.56514923054196,0.223404025490062,4.643968525561007,32.03676391421252,-43.25203066391055,-8.564548409883422,22.207239348704395,23.80153291189207,-42.65149987561403
702,5.837916599999517,232.70336205351128,205.59215370577604,51.98686782782576,45.930114747041934,-43.52446478263183,0.223404025490062,4.596337657568306,32.17095139685467,-43.43961511715711,-7.861159467542872,19.195749412510597,20.743062061374637,-30.955515203580717
703,5.841811199999938,232.48955740180554,205.1791434679479,51.939103007966196,45.83784659734252,-43.3163278930498,0.223404025490062,4.54857283770874,32.26321954655408,-43.57996525975955,-8.33907234268608,18.699667510517205,20.474806288227605,-70.78901884678447
704,5.8537397999998575,232.31183484605685,204.9080861904733,51.89939907359156,45.777291310416324,-42.966387526852145,0.223404025490062,4.508868903334104,32.32377483348028,-43.80305481953003,-5.420227588043111,10.830577885265592,12.111163628445771,-79.10694134543053
705,5.857336600000053,232.19980395687554,204.73091635352654,51.87437092196922,45.737710855646995,-43.52749686572199,0.223404025490062,4.483840751711767,32.36335528824961,-44.63415832718726,-4.208194756996655,9.141154786827554,10.063280476542152,-152.72132117228114
706,5.8702894999996715,232.1805738529884,204.58613332422146,51.870074839350245,45.705365744077596,-45.6805970293944,0.223404025490062,4.479544669092789,32.395700399819006,-45.84027526895308,-1.2721830224698696,4.742548132660684,4.9102151106915795,-177.27705994518277
707,5.874690699999519,232.2168620606592,204.5184319821784,51.878181771021715,45.6902409917341,-47.679982320917944,0.223404025490062,4.487651600764259,32.4108251521625,-47.53334802254062,0.84330061993191,5.517760019770139,5.581830485723416,-258.3327439801356
708,5.8856518000002325,232.33538540652222,204.43510802606218,51.90466036360207,45.671626084517975,-49.346912601878905,0.223404025490062,4.514130193344613,32.42944005937863,-49.2741439697425,2.405324903251325,4.102431186283289,4.755578779537851,-228.07015569885317
709,5.889081100000112,232.44665839386687,204.29768462980655,51.929519196903165,45.64092514459795,-51.43175129478985,0.223404025490062,4.538989026645709,32.46014099929865,-50.72810027832351,1.5029036514580287,8.290524177824617,8.425646000673208,-250.73174368041487
710,5.902658199999678,232.4984176807421,204.05898307761765,51.94108242994759,45.587598256948226,-52.231476601731416,0.223404025490062,4.550552259690136,32.513467886948376,-51.81093560742252,0.36185921320670467,9.838515483781478,9.845167800235325,-176.92061309090448
711,5.906316699999479,232.41909523439452,203.67516523351574,51.92336147612182,45.50185180552094,-52.950378572299414,0.223404025490062,4.532831305864363,32.59921433837566,-52.566136096093885,-3.347687044370217,16.760943672112013,17.091993486037723,-144.55985516079187
712,5.917742399999952,232.22151498901854,203.10355998513674,51.87922125394751,45.37415289204183,-53.09415896641301,0.223404025490062,4.488691083690057,32.726913251854775,-52.7447048803516,-6.512390075690096,18.299264196601534,19.42355000083583,-56.896937858075226
713,5.922196599999552,231.89987642791868,202.37960780023926,51.807365904644975,45.2124190596734,-53.12291504523573,0.223404025490062,4.416835734387519,32.8886470842232,-52.7313958100547,-12.429213032447366,27.937471292889867,30.577567575708255,-35.13105479812479
714,5.933601300000191,231.4621479094699,201.52993002623168,51.70957559155171,45.022597624590674,-52.32459521607839,0.223404025490062,4.3190454212942555,33.07846851930593,-52.56791978701094,-13.50891142940795,26.690740366965326,29.914650413206253,10.795989324484902
715,5.93767250000019,230.938542653637,200.58014486007355,51.59260006963089,44.810411795120196,-52.16493125024693,0.223404025490062,4.202069899373434,33.29065434877641,-52.449550143925634,-20.584012673087592,36.44812543193103,41.85889899683947,23.025277169690916
716,5.951030399999581,230.32613117732527,199.55147694988167,51.45578488056654,44.580603243090884,-52.13299845708064,0.223404025490062,4.065254710309084,33.52046290080572,-52.1394907172617,-20.37083421400714,33.82851389661829,39.48846969721998,25.438655150032307
717,5.955151500000284,229.60230000624537,198.44534146647433,51.2940780831721,44.33348812336029,-52.502310750986446,0.223404025490062,3.9035479129146466,33.76757802053631,-51.951907542866415,-27.1009803115426,43.4697837234818,51.22582581874988,24.18937125891965
718,5.9659843999997975,228.8717397049305,197.31977042521234,51.130867970995126,44.08203102176732,-51.57261791191604,0.223404025490062,3.74033780073767,34.01903512212928,-51.788819618924855,-24.091078730450956,37.394892234955954,44.48323324198406,17.125722080169677
719,5.970017399999961,228.10946782418185,196.1490572913617,50.960573364318,43.820488994970994,-51.386679344101964,0.223404025490062,3.5700431940605455,34.28057714892561,-51.75620203413654,-31.395190176083275,48.38014535928045,57.67405336178082,7.576668138155598
720,5.982694999999694,227.33299668627006,194.91512534578965,50.787106586431655,43.54482363114942,-51.34949163053915,0.223404025490062,3.3965764161741987,34.55624251274718,-51.83535295565544,-27.031823073372152,41.47569828923482,49.50710057405635,-1.866460172567437
721,5.986617900000056,226.51185711224133,193.64854299416226,50.60366070010444,43.26186403518119,-51.96991053313908,0.223404025490062,3.2131305298469854,34.83920210871541,-51.93159573761547,-33.775089521366176,50.941644733053714,61.12125522504392,-5.06768001618128
722,5.9979545999995025,225.62777735789433,192.35752454248586,50.406153724129055,42.97344531609474,-52.89806535858094,0.223404025490062,3.015623553871599,35.12762082780186,-51.950844294007474,-28.687750644295516,42.68517949332356,51.429676116095926,-4.611344629487861
723,6.00200169999971,224.74405295153412,191.0796116959242,50.20872613432437,42.6879544419474,-52.053831821716194,0.223404025490062,2.8181959640669163,35.413111701949205,-51.95469400528588,-37.34388120228181,53.79630063445218,65.48746006070549,13.712809115632597
724,6.014037300000382,223.8395891351003,189.80990765420566,50.00666527682296,42.404297447846474,-51.48292212606199,0.223404025490062,2.616135106565501,35.69676869605013,-51.82989265847906,-31.142788085025494,43.590549936196346,53.57246768115907,20.754201274243577
725,6.017684000000372,222.90975308821845,188.5481151886979,49.79893616090378,42.12240793171901,-51.368740186931156,0.223404025490062,2.4084059906463224,35.97865821217759,-51.51854689107083,-30.44870941816515,42.13882602590061,51.988504153062316,22.35826128635839
726,6.0310520000002725,221.96686774593155,187.28545103838542,49.588291779861315,41.840323677697214,-51.34590379910499,0.223404025490062,2.197761609603859,36.26074246619939,-51.37586513993292,-31.217519365585403,41.106007902732244,51.61625132688527,23.494189831857287
727,6.046550000000025,220.99902208174655,186.02409103108073,49.37207116242928,41.55853077447317,-51.34133652153975,0.223404025490062,1.9815409921718228,36.54253536942343,-51.277880547517846,-31.753696971698485,40.97150220447785,51.83590709404039,18.366804180097503
728,6.050694499999736,220.02271618327842,184.81122524190104,49.15396049460181,41.28757167479125,-51.3404230660267,0.223404025490062,1.7634303243443554,36.81349446910535,-51.25828362903483,-29.918875623854902,36.31954316128926,47.05580021676873,-12.764432527204587
729,6.061873399999968,219.04848376383717,183.66555197697917,48.93631305033571,41.03162365551136,-50.99299916398659,0.223404025490062,1.5457828800782565,37.06944248838524,-51.428958361549164,-30.390369741647685,36.29023155621141,47.33450622365778,-20.928155347423992
730,6.066434100000151,218.07288143900615,182.56234594102213,48.718359563690996,40.78516298613363,-51.270755594516075,0.223404025490062,1.3278293934335395,37.315903157762975,-51.7494788060989,-38.767963557920915,45.29626502667461,59.6213604658182,-44.90656808059255
731,6.078060799999548,217.13012450403863,181.47178231655437,48.50774386936058,40.541526682374496,-52.19927746167666,0.223404025490062,1.1172136991031252,37.55953946152211,-52.099968393055725,-31.52918996543564,35.963247962889255,47.82724144163853,-53.62234475425909
732,6.08181119999972,216.19271789358777,180.41059770926555,48.29832345906487,40.30445376931808,-52.94393874428846,0.223404025490062,0.9077932888074116,37.79661237457852,-52.525900050681464,-36.585917388816355,41.19961558133352,55.099343691471994,-67.90183408311785
733,6.093912499999533,215.30259689283054,179.39696095075388,48.09946684432246,40.07800323708187,-53.09287100081082,0.223404025490062,0.7089366740650007,38.02306290681473,-52.99604121619099,-30.20751065241657,33.82691268989199,45.351446745891536,-58.800056023563734
734,6.098193099999662,214.4450912092916,178.45659726283495,47.90789662273925,39.867922203776104,-53.12265745211529,0.223404025490062,0.5173664524817951,38.2331439401205,-53.36701952253508,-34.925040398555055,38.862769591167684,52.25010341747555,-63.00449198218343
735,6.109793900000113,213.61957739827017,177.5646612480818,47.72347351425942,39.66866010760069,-53.62146142206369,0.223404025490062,0.33294334400196135,38.432406036295916,-53.654370091030465,-26.78381007282546,29.499447528680562,39.84457160661367,-43.911398342301105
736,6.114144899999701,212.80738305806364,176.66615539380757,47.54202602917704,39.46793028282944,-54.05416899339712,0.223404025490062,0.1514958589195814,38.63313586106716,-53.87699950648735,-32.02715405691823,34.28937011577639,46.92013959828202,-46.24669348594077
737,6.125726999999642,212.02281439244558,175.81612075763158,47.366750231004595,39.27802912330174,-54.380691586765366,0.223404025490062,-0.02377993925286148,38.82303702059486,-54.08668408098498,-25.781601490769575,27.055447468115716,37.372292050780366,-31.71576423554773
738,6.129838400000153,211.23791947945904,175.03098407734734,47.19140154785673,39.10262642836634,-54.20601807809526,0.223404025490062,-0.19912862240072826,38.99843971553026,-54.294420556431376,-30.62598148119332,31.169930892669377,43.69800148222091,-35.9493061977641
739,6.142461100000219,210.4737140312417,174.30166844365323,47.02067497442354,38.93969437994624,-54.17108032460343,0.223404025490062,-0.3698551958339138,39.16137176395036,-54.471269365192526,-25.494556766874467,24.95389849819692,35.67449333904686,-32.52303387485151
740,6.146815600000082,209.69172410107214,173.56588036774923,46.845975276130964,38.7753163618817,-54.66014379929569,0.223404025490062,-0.5445548941264917,39.3257497820149,-54.67130465428851,-30.884531827337668,29.39830256452875,42.63935388663167,-42.44638699706488
741,6.1580865999994785,208.88221676135203,172.80638708412482,46.665128077773744,38.605642504987344,-54.93841303720289,0.223404025490062,-0.7254020924837121,39.49542363890926,-55.054924993357716,-25.32572631875995,23.5932445024102,34.61262197122951,-37.18217618761379
742,6.162359799999649,208.07726271694935,172.06771234109956,46.48529810391968,38.44061959386766,-55.380868032245274,0.223404025490062,-0.9052320663377742,39.660446550028944,-55.34431019398404,-31.03463852187644,28.89371401300204,42.402777003973306,-47.053377484176934
743,6.1748477000001,207.24687381522367,171.30541456598777,46.29978588055189,38.27031920228557,-56.124119773441244,0.223404025490062,-1.0907442897055688,39.83074694161103,-55.64659092063275,-26.497050170877337,24.654897368671765,36.19333684558152,-41.3259668629922
744,6.179089199999908,206.44814347211647,170.55718097303992,46.12134630662069,38.103160805614124,-55.618006327735124,0.223404025490062,-1.2691838636367692,39.99790533828248,-55.91535944389218,-32.45474266972048,30.18138294858018,44.31959158709184,-42.41847798445095
745,6.189765500000249,205.61511051402522,169.76603474521312,45.935243390417206,37.92641555356634,-56.171547432539214,0.223404025490062,-1.4552867798402502,40.17465059033026,-56.10006529698157,-27.110249405261943,25.267849236288136,37.05981419062017,-34.4250233897446
746,6.193879899999956,204.77099564608443,168.97988454079547,45.74666473094322,37.750786433259606,-56.28225565350003,0.223404025490062,-1.643865439314233,40.350279710637,-56.26257836701351,-34.29464947862587,31.698108162250357,46.70003259021921,-47.44748888642585
747,6.205942700000378,203.9415854288551,168.22122464472034,45.5613711496316,37.58129875849855,-56.3043972976922,0.223404025490062,-1.829159020625859,40.519767385398055,-56.59736552691833,-29.103838369725082,26.679348533749724,39.481907831769924,-40.39376767676304
748,6.20971019999979,203.08527276102237,167.44904395414883,45.37006745255963,37.408790483819175,-56.93668512360094,0.223404025490062,-2.020462717697825,40.69227566007743,-56.93387190909461,-36.89876458765893,33.32087274044226,49.71719409098045,-59.324965532545676
749,6.221698700000161,202.22044920221848,166.68078439551962,45.176862388184205,37.23715820580019,-57.291942127259254,0.223404025490062,-2.2136677820732515,40.86390793809641,-57.27072213572518,-30.961482639958195,27.65757404784083,41.51571761967064,-56.674777628320015
750,6.225276699999995,201.31705993239055,165.8837962575713,44.97504158872012,37.05910784751471,-57.8540793434206,0.223404025490062,-2.415488581537339,41.04195829638189,-57.67130263027004,-40.60366553191497,35.85573041048227,54.169096890171645,-66.89058566844723
751,6.237939300000107,200.40182052508982,165.06930340399242,44.770573420842,36.8771468652923,-57.96650678665287,0.223404025490062,-2.619956749415458,41.2239192786043,-58.003666348807926,-33.51925000827861,29.308534614318184,44.52561422772484,-53.43742953282049
752,6.241197100000136,199.4747837445537,164.2666620936739,44.563469672292875,36.697833565542524,-58.30729977041651,0.223404025490062,-2.827060497964581,41.40323257835408,-58.26048760325768,-33.15914652951599,28.825679936574183,43.93687315196347,-52.80294365582296
753,6.254698499999904,198.54678889268138,163.47783266819386,44.356151886750546,36.52160589646527,-58.59850371629034,0.223404025490062,-3.0343782835069106,41.579460247431335,-58.55822636586638,-33.89793194883204,28.694759758155108,44.41237471680484,-57.490970791549806
754,6.269520199999533,197.59703963039692,162.68818756768323,44.143974078349984,36.34519600230269,-58.57604839950807,0.223404025490062,-3.246556091907472,41.75587014159391,-58.927662424052194,-33.90980127664936,28.362439327711776,44.20749469535661,-59.26821940443124
755,6.273082699999577,196.63865886389806,161.9050905625751,43.92986795716189,36.17024897901233,-59.34277315646411,0.223404025490062,-3.460662213095567,41.930817164884274,-59.41001307563076,-33.24932542794732,26.725070302127584,42.658492988702804,-72.7504917481141
756,6.286184700000376,195.68817957803506,161.15978246730393,43.71752705855518,36.00374415029842,-59.81368707758189,0.223404025490062,-3.673003111702279,42.097321993598186,-59.870337576063655,-33.80058440860484,26.87201180509734,43.18083515654267,-76.96661230321409
757,6.289756999999554,194.72445502024118,160.41056634436504,43.50222711288039,35.836366252471805,-60.719053028309354,0.223404025490062,-3.8883030573770654,42.2646998914248,-60.39276533015415,-43.47336538711925,34.424752327899796,55.45265612140883,-111.44443198304644
758,6.301706299999751,193.75571397478686,159.67312193277095,43.28580646366844,35.67161820234654,-60.900126218454844,0.223404025490062,-4.104723706589013,42.429447941550066,-60.90817495323787,-34.78316122186151,27.27918171254246,44.20432172867175,-90.29668268865328
759,6.305069699999876,192.81206310673383,158.92539107889587,43.074991061088205,35.50457211960772,-61.18818716996051,0.223404025490062,-4.315539109169251,42.59649402428888,-61.571822368577266,-43.69917218746974,34.32188681329025,55.566262824617205,-109.94703205794673
760,6.317646999999852,191.8747534475819,158.17211315058336,42.86559231010295,35.336286798109896,-61.919821271882725,0.223404025490062,-4.524937860154509,42.76477934578671,-61.944839022055305,-35.01104762166376,27.581937974414437,44.57058175513141,-87.77883776152025
761,6.321192600000359,190.91001831795018,157.41155474638606,42.650066598611545,35.16637498899192,-63.13192415427889,0.223404025490062,-4.740463571645911,42.934691154904684,-62.41777121017279,-43.79991362266622,34.42821248543322,55.711168075128,-96.7527678311699
762,6.333692799999881,189.9683988971145,156.67550907844222,42.439705029517235,35.001939423828745,-62.58413629569953,0.223404025490062,-4.950825140740221,43.09912672006786,-62.860317242522854,-34.58284556841415,27.04673209049,43.90329058719316,-61.29336526229543
763,6.337120700000014,189.0162162403919,155.9387136953918,42.22698359100359,34.83733636929279,-63.26478715904226,0.223404025490062,-5.163546579253868,43.26372977460381,-63.16198166139521,-41.37152055658931,32.62594520478234,52.688281559277975,-65.62394639277971
764,6.349877200000265,188.068694105264,155.21019951149444,42.01530333177507,34.67458336798351,-63.4009173317108,0.223404025490062,-5.375226838482384,43.426482775913094,-63.41733407641968,-32.52181594773487,25.791340970362313,41.50737020804657,-39.62757946589435
765,6.353952599999502,187.14577460053476,154.45722822260018,41.80911939921526,34.50636655096609,-63.42814336624451,0.223404025490062,-5.581410771042194,43.59469959293051,-63.62644624643629,-39.63018419727312,32.841028647992474,51.469259390125856,-43.46514488264893
766,6.36623950000012,186.2361926430536,153.7010609008649,41.605915128400845,34.33743572734639,-64.40868622940125,0.223404025490062,-5.784615041856611,43.763630416550214,-63.66826868043961,-30.394598604286454,26.184523413137498,40.11808682737548,-26.532238825740595
767,6.3699650999997175,185.36283539220872,152.89386645202285,41.41080360287116,34.15710523812185,-63.6296971457826,0.223404025490062,-5.979726567386294,43.94396090577475,-63.87165269849028,-38.59774608312425,33.91477963221198,51.38091357886539,-24.320058407371878
768,6.382150499999625,184.49678337197795,152.09009716720493,41.21732409526781,33.97753994432826,-63.47389932905887,0.223404025490062,-6.173206074989643,44.123526199568346,-63.91232950210041,-31.34217953700578,28.357140904182323,42.26653118472764,-18.437366929938115
769,6.385650100000021,183.59433439279917,151.2847694700239,41.01571336051987,33.79762649493937,-64.41783742196412,0.223404025490062,-6.374816809737588,44.30343964895723,-63.94367378616228,-38.43166022955336,35.64500593723964,52.41716280251806,-43.17691525683489
770,6.399014900000111,182.7379924727115,150.477873428297,40.8244031283764,33.617362671065585,-63.631527384295175,0.223404025490062,-6.566127041881053,44.48370347283102,-64.23632783584576,-31.345371757325665,28.967561431268965,42.68081472839162,-36.815279283422356
771,6.402751599999647,181.86846952320718,149.6384159583926,40.63014820120114,33.42982449306124,-64.56540764971061,0.223404025490062,-6.7603819690563185,44.67124165083536,-64.71126825271604,-39.500442383678475,36.32690191637676,53.664967635771106,-63.288776476799896
772,6.41477550000036,180.95678718060648,148.8302430276841,40.426474695895934,33.24927540704886,-65.09296739419993,0.223404025490062,-6.964055474361523,44.85179073684774,-64.98520592105103,-31.02488703174539,28.848102729801685,42.364568290515535,-68.3016673558763
773,6.418247699999483,180.07626726023952,148.0293075830929,40.229763001161764,33.07034320456951,-65.84860141341031,0.223404025490062,-7.160767169095692,45.03072293932709,-65.45640306165163,-35.09512024542319,32.584100290780384,47.889362668554554,-77.25648351940804
774,6.430435600000237,179.24528599230598,147.2646740027068,40.04411844079858,32.89952098468638,-65.7875257636391,0.223404025490062,-7.346411729458879,45.20154515921022,-65.87104745803346,-27.692977551651172,25.264095759739355,37.485671132227786,-58.24142246963439
775,6.435462899999948,178.46519875637728,146.54079313446576,39.86984381205869,32.73780308474609,-65.98751308729814,0.223404025490062,-7.520686358198766,45.36326305915051,-66.20622487246608,-32.56566512767231,29.709825376397617,44.08169993436883,-83.5504720432024
776,6.446529400000145,177.723401129524,145.86769263786448,39.704123236120694,32.58742972424601,-66.63862963161979,0.223404025490062,-7.6864069341367625,45.513636419650595,-66.56064347302838,-23.5412327237356,21.40609140678068,31.818396997154483,-67.45906357925573
777,6.450194099999862,177.04587866372867,145.25673715482745,39.552761989902066,32.45093980994031,-66.76885446636302,0.223404025490062,-7.83776818035539,45.650126333956294,-67.10788583571896,-27.110016328888474,24.191134892697008,36.334061055010935,-93.87600201605674
778,6.462999299999865,176.38492852823686,144.68274126502521,39.40510306898499,32.32270681754374,-67.62069441622182,0.223404025490062,-7.985427101272464,45.77835932635286,-67.81535524331568,-22.736599139478237,19.947095675624368,30.24631492135587,-97.18975608055678
779,6.467265600000246,175.75328703318226,144.1491589795864,39.263991816323234,32.20350238704652,-68.52373757709202,0.223404025490062,-8.126538353934222,45.89756375685008,-68.52401190559674,-25.421141923798125,22.41999755335374,33.89529092665048,-124.25869985580059
780,6.47812470000008,175.13118140795376,143.61701691774817,39.12501091536718,32.08461970829928,-69.52486012528169,0.223404025490062,-8.265519254890279,46.016446435597324,-69.42792585524043,-19.42322272265025,16.909152238021544,25.752301068880545,-104.56462596115482
781,6.482771899999534,174.5404590787951,143.0771553830015,38.99304116908626,31.964012468229626,-70.18191294302508,0.223404025490062,-8.397489001171195,46.13705367566698,-70.20573226577466,-18.73535551906218,16.301230903539242,24.834324540767287,-100.43704967238048
782,6.494688499999938,173.93701754069485,142.5602663237777,38.858229900326755,31.848537371667263,-71.28842421458158,0.223404025490062,-8.532300269930701,46.25252877222934,-70.81178243948307,-17.81877222453814,15.74195257666986,23.776410883817068,-89.42671126453139
783,6.5106690000002345,173.35819389933386,142.0613655616573,38.72891836879789,31.737080933089505,-71.50972646889288,0.223404025490062,-8.661611801459564,46.3639852108071,-71.36487907090444,-17.513421348655413,15.49364560938723,23.383177320561536,-78.2881927005616
784,6.514978500000325,172.8085616889448,141.57632314090262,38.60612832045798,31.628720503759464,-71.55398844563405,0.223404025490062,-8.78440184979948,46.472345640137135,-71.84346623166135,-18.354784473212284,15.190528683388242,23.825412372903763,-67.20887985143064
785,6.526190800000222,172.24284705675768,141.08918347687603,38.47974539434874,31.519891541840046,-72.29034328238853,0.223404025490062,-8.910784775908716,46.58117460205656,-72.15233857103931,-18.39443770409424,14.990293699977318,23.728974770549684,-63.92924027017192
786,6.530299799999739,171.64316263088864,140.6397198804495,38.3457734795859,31.419479565087116,-72.57484874680975,0.223404025490062,-9.044756690671555,46.68158657880949,-72.61244143857311,-23.80809125996944,18.637666009920853,30.235538753929827,-76.07426517500201
787,6.542467299999771,171.01621744605222,140.1664759906202,38.205711401531836,31.31375497506068,-72.83278591147133,0.223404025490062,-9.18481876872562,46.78731116883593,-73.03172672155253,-20.658346082891093,15.399465161578018,25.766466388373026,-60.18915630238631
788,6.546705900000234,170.3491318761615,139.688145334325,38.05668179987192,31.206893980929024,-73.81024080656185,0.223404025490062,-9.333848370385539,46.89417216296758,-73.43581723762107,-25.827430721116748,18.940371652605418,32.028016735241415,-81.11925894388898
789,6.558518199999526,169.67529566435286,139.2147342400754,37.906144077632895,31.10113203676201,-73.65041486053113,0.223404025490062,-9.484386092624561,46.99993410713459,-73.80942190089337,-22.075996631655535,16.27333730713214,27.425738538689625,-71.27556487536037
790,6.56279480000012,168.96476431525815,138.69001321089775,37.74740851400825,30.983907246584437,-74.31079586273123,0.223404025490062,-9.643121656249207,47.117158897312166,-74.37478049834274,-27.284679326902843,21.014945662268637,34.4395363958347,-120.11548408094097
791,6.574413999999706,168.24456708589463,138.1126049262596,37.586513553821646,30.85491191144496,-74.44287206317125,0.223404025490062,-9.80401661643581,47.246154232451644,-75.1039543601666,-22.996929134716893,18.56925106526436,29.55800796319015,-127.71518384956296
792,6.578601500000332,167.5406415883682,137.50535078600825,37.42925376402915,30.719248892017305,-75.65957889871824,0.223404025490062,-9.961276406228308,47.3818172518793,-76.27083908980677,-27.14718613430525,23.323962616688505,35.79073828737398,-207.38135545170803
793,6.5898670999995375,166.84871477941627,136.85066096920713,37.2746745295648,30.572988551496582,-77.45611011568116,0.223404025490062,-10.115855640692658,47.528077592400024,-77.77293048275628,-21.946735706176554,19.95432046732389,29.66199779970031,-223.05002638995225
794,6.594217699999717,166.19642018044976,136.21332899962601,37.128949290350256,30.430606023918653,-79.48483850873194,0.223404025490062,-10.2615808799072,47.670460119977946,-79.6435114200376,-24.72313538270567,23.199711844295802,33.90368789394381,-314.5741784761149
795,6.606661400000121,165.57731091669447,135.62499133804127,36.990637788609135,30.29916902197321,-81.82125282747882,0.223404025490062,-10.399892381648321,47.80189712192339,-82.26342671027706,-20.05496852589492,19.036302601637757,27.651086403896617,-299.0611423062711
796,6.611387099999774,164.99074801725956,135.04689953739117,36.85959727567225,30.170020986605177,-83.7957767495778,0.223404025490062,-10.530932894585206,47.93104515729142,-84.72257090113746,-24.141664527239342,23.727951910310587,33.85019450466685,-360.36821570729455
797,6.621795699999893,164.3285166246762,134.5073723147677,36.71165211676324,30.049488433209625,-88.75915534991556,0.223404025490062,-10.678878053494216,48.05157771068698,-86.81567644219038,-19.382739664792684,19.092876611394534,27.20714123554814,-424.4480170781697
798,6.625509899999997,163.76067606168664,133.90152035530326,36.584794249154825,29.914138666614225,-89.75183106998311,0.223404025490062,-10.805735921102631,48.18692747728238,-88.44944052525449,-23.147023672210814,21.827864422536084,31.815725202020843,555.1497117949392
799,6.637696400000095,163.23150507499196,133.38048186494888,36.46657532055469,29.79773657043379,-89.95036621399663,0.223404025490062,-10.923954849702767,48.30332957346281,-97.59368205036341,-19.576620846456024,17.83714551078993,26.484105492521167,942.9423244718885
800,6.641483499999595,162.72402922284954,132.9696131115009,36.35320317234707,29.70594683696543,-89.99007324279933,0.223404025490062,-11.037326997910384,48.39511930693117,-79.84185098038029,-16.733872371016087,15.521126960856623,22.823844256927575,983.161096276531
801,6.65413720000015,162.1645735898921,132.5518744082463,36.22821853186129,29.612622329055355,50.48301562487763,0.223404025490062,-11.162311638396169,48.48844381484125,-61.89148476638367,-9.902906477695234,8.23289441594182,12.878202792704588,1071.1350386069576
