frame,t_s,x_px_filt,y_px_filt,x_mm_abs,y_mm_abs,angle_deg_raw,mm_per_px,x_mm,y_mm,angle_deg_unwrapped,vx_mm_s,vy_mm_s,speed_mm_s,angular_vel_dps
1332,11.050887500000044,129.9999694824412,219.4999694824412,32.4999923706103,54.8749923706103,1.9760609752256857e-216,0.25,0.0,-0.0,1.3595299509552718e-216,,,,
1333,11.062976899999967,129.9999694824267,219.4999694824267,32.49999237060668,54.87499237060668,3.952121950451371e-217,0.25,-3.623767952376511e-12,3.623767952376511e-12,1.852754770371603e-216,,,,
1334,11.065086500000007,129.99996948242307,219.49996948242307,32.49999237060577,54.87499237060577,7.904243900902743e-218,0.25,-4.533262654149439e-12,4.533262654149439e-12,2.3466119293000064e-216,,,,9.401109970219887e-215
1335,11.078929199999948,129.99996948242216,219.49996948242216,32.49999237060554,54.87499237060554,1.5808487801805487e-218,0.25,-4.760636329592671e-12,4.760636329592671e-12,2.445383361085687e-216,-1.5497209652057705e-10,1.5497209652057705e-10,2.191636406887924e-10,8.348656199597157e-215
1336,11.081070700000055,129.99996948242193,219.49996948242193,32.49999237060548,54.87499237060548,3.161697560361097e-219,0.25,-4.817479748453479e-12,4.817479748453479e-12,2.465137647442823e-216,-9.502258782039783e-11,9.502258782039783e-11,1.343822324273951e-10,5.5479527582305946e-216
1337,11.094978399999945,129.99996948242188,219.49996948242188,32.49999237060547,54.87499237060547,6.323395120722195e-220,0.25,-4.831690603168681e-12,4.831690603168681e-12,2.4690885047142504e-216,-8.798213364977511e-12,8.798213364977511e-12,1.2442552665403423e-11,3.2929370786535275e-216
1338,11.097112700000025,129.99996948242188,219.49996948242188,32.49999237060547,54.87499237060547,1.264679024144439e-220,0.25,-4.831690603168681e-12,4.831690603168681e-12,2.4698786761685357e-216,-5.513107490484811e-12,5.513107490484811e-12,7.796711383864318e-12,2.2190540243325724e-217
1339,11.110958199999914,129.99996948242188,219.49996948242188,32.49999237060547,54.87499237060547,2.529358048288878e-221,0.25,-4.831690603168681e-12,4.831690603168681e-12,2.4700367104593924e-216,-2.0435952336207682e-13,2.0435952336207682e-13,2.890080095387504e-13,1.313565563669136e-217
1340,11.113500899999963,129.99996948242188,219.49996948242188,32.49999237060547,54.87499237060547,5.058716096577756e-222,0.25,-4.831690603168681e-12,4.831690603168681e-12,2.4700683173175636e-216,0.0002696534353519969,-0.0002696534353519969,0.00038134754541529066,8.1024275498026e-219
1341,11.12716209999985,129.99996948242188,219.49996948242188,32.49999237060547,54.87499237060547,1.0117432193155512e-222,0.25,-4.831690603168681e-12,4.831690603168681e-12,2.470074638689198e-216,0.00032202051353068885,-0.00032202051353068885,0.0004554057775974489,4.496316573612046e-219
1342,11.12928409999995,129.99998092651367,219.49998092651367,32.49999523162842,54.87499523162842,2.0234864386311026e-223,0.25,2.861018117528147e-06,-2.861018117528147e-06,2.4700759029635248e-216,0.0006784602497250427,-0.0006784602497250427,0.0009594876866921923,3.590102868554812e-220
1343,11.14294259999997,129.99999523162842,219.49999523162842,32.499998807907104,54.874998807907104,4.0469728772622053e-224,0.25,6.437296804051584e-06,-6.437296804051584e-06,2.4700761558183903e-216,0.0007331394756050606,-0.0007331394756050606,0.0010368157895117756,2.127692645803007e-220
1344,11.145049599999993,130.0000102519989,219.5000102519989,32.500002562999725,54.875002562999725,8.093945754524411e-225,0.25,1.0192389424901194e-05,-1.0192389424901194e-05,2.470076206389363e-216,0.0008230925105954523,-0.0008230925105954523,0.001164028591571809,1.4413922418671618e-221
1345,11.158948099999861,130.00002545118332,219.50002545118332,32.50000636279583,54.87500636279583,1.618789150904882e-225,0.25,1.3992185529332346e-05,-1.3992185529332346e-05,2.4700762165035578e-216,0.0005568652287510123,-0.0005568652287510123,0.0007875263589136776,8.562289123574991e-222
1346,11.161060200000065,130.00002925097942,219.50002925097942,32.500007312744856,54.875007312744856,3.2375783018097643e-226,0.25,1.4942134555440134e-05,-1.4942134555440134e-05,2.4700762185263964e-216,0.000509962904047547,-0.000509962904047547,0.0007211964552112103,5.715464625232297e-223
1347,11.174923399999898,130.00003020092845,219.50003020092845,32.50000755023211,54.87500755023211,6.475156603619529e-227,0.25,1.5179621811967081e-05,-1.5179621811967081e-05,2.4700762189309643e-216,0.00015373718357723274,-0.00015373718357723274,0.0002174172100559648,3.413861502526261e-223
1348,11.177096299999903,130.0000304384157,219.5000304384157,32.50000760960393,54.87500760960393,1.295031320723906e-227,0.25,1.5238993626098818e-05,-1.5238993626098818e-05,2.4700762190118777e-216,9.937435762755542e-05,-9.937435762755542e-05,0.0001405365643090031,2.2529015394732605e-224
1349,11.190967199999932,130.00003049778752,219.50003049778752,32.50000762444688,54.87500762444688,2.590062641447812e-228,0.25,1.5253836579631752e-05,-1.5253836579631752e-05,2.4700762190280605e-216,9.434666968868831e-06,-9.434666968868831e-06,1.334263398384776e-05,1.326131194161965e-224
1350,11.193312800000058,130.00003051263047,219.50003051263047,32.50000762815762,54.87500762815762,5.1801252828956245e-229,0.25,1.5257547318014986e-05,-1.5257547318014986e-05,2.4700762190312968e-216,6.029125926223282e-06,-6.029125926223282e-06,8.526471654120214e-06,8.643274901844072e-226
1351,11.207216600000038,130.0000305163412,219.5000305163412,32.5000076290853,54.8750076290853,1.036025056579125e-229,0.25,1.5258475002610794e-05,-1.5258475002610794e-05,2.470076219031944e-216,5.651894832767471e-07,-5.651894832767471e-07,7.992986325606174e-07,4.946157410885773e-226
1352,11.209466900000052,130.0000305172689,219.5000305172689,32.500007629317224,54.875007629317224,2.07205011315825e-230,0.25,1.5258706923759746e-05,-1.5258706923759746e-05,2.4700762190320736e-216,3.525312934735202e-07,-3.525312934735202e-07,4.98554536391182e-07,3.530224710569104e-227
1353,11.22365979999995,130.00003051750082,219.50003051750082,32.500007629375204,54.875007629375204,4.1441002263165007e-231,0.25,1.5258764904046984e-05,-1.5258764904046984e-05,2.4700762190320994e-216,3.618363077589461e-08,-3.618363077589461e-08,5.1171381379170674e-08,2.068772542924066e-227
1354,11.225795300000073,130.0000305175588,219.5000305175588,32.5000076293897,54.8750076293897,8.288200452633002e-232,0.25,1.5258779399118794e-05,-1.5258779399118794e-05,2.4700762190321052e-216,2.2849954568726778e-08,-2.2849954568726778e-08,3.2314715650702476e-08,1.5409408971680734e-228
1355,11.239661500000011,130.0000305175733,219.5000305175733,32.50000762939332,54.87500762939332,1.6576400905266006e-232,0.25,1.5258783022886746e-05,-1.5258783022886746e-05,2.4700762190321065e-216,2.252597040830967e-09,-2.252597040830967e-09,3.1856532857046538e-09,9.358356431661092e-229
1356,11.256732399999919,130.00003051757693,219.50003051757693,32.50000762939423,54.87500762939423,3.3152801810532015e-233,0.25,1.5258783932381448e-05,-1.5258783932381448e-05,2.4700762190321065e-216,1.4365304755209976e-09,-1.4365304755209976e-09,2.031560881244066e-09,3.096810358822499e-230
1357,11.259742499999902,130.00003051757784,219.50003051757784,32.50000762939446,54.87500762939446,6.630560362106403e-234,0.25,1.5258784159755123e-05,-1.5258784159755123e-05,2.4700762190321065e-216,8.038043579769444e-11,-8.038043579769444e-11,1.1367510245455931e-10,0.0
1358,11.271514799999977,130.00003051757807,219.50003051757807,32.50000762939452,54.87500762939452,1.3261120724212807e-234,0.25,1.5258784216598542e-05,-1.5258784216598542e-05,2.4700762190321065e-216,2.8112792861741223e-11,-2.8112792861741223e-11,3.975749294125997e-11,0.0
1359,11.27356809999992,130.00003051757812,219.50003051757812,32.50000762939453,54.87500762939453,2.6522241448425616e-235,0.25,1.5258784230809397e-05,-1.5258784230809397e-05,2.4700762190321065e-216,1.745729488825608e-11,-1.745729488825608e-11,2.4688343193318256e-11,0.0
1360,11.287605299999996,130.00003051757812,219.50003051757812,32.50000762939453,54.87500762939453,5.304448289685124e-236,0.25,1.5258784230809397e-05,-1.5258784230809397e-05,2.4700762190321065e-216,2.349911383089766e-12,-2.349911383089766e-12,3.3232765483404644e-12,0.0
1361,11.289881499999865,130.00003051757812,219.50003051757812,32.50000762939453,54.87500762939453,1.0608896579370247e-236,0.25,1.5258784230809397e-05,-1.5258784230809397e-05,2.4700762190321065e-216,1.3841966313344538e-12,-1.3841966313344538e-12,1.9575496490243357e-12,0.0
1362,11.303087499999947,130.00003051757812,219.50003051757812,32.50000762939453,54.87500762939453,2.1217793158740495e-237,0.25,1.5258784230809397e-05,-1.5258784230809397e-05,2.4700762190321065e-216,-4.642558253335854e-05,4.642558253335854e-05,6.565568845974712e-05,0.0
1363,11.30684969999993,130.00003051757812,219.50003051757812,32.50000762939453,54.87500762939453,4.243558631748099e-238,0.25,1.5258784230809397e-05,-1.5258784230809397e-05,2.4700762190321065e-216,-0.0003936371054919795,0.0003936371054919795,0.0005566869332400461,0.0
1364,11.319174900000007,130.00001907348633,219.50001907348633,32.50000476837158,54.87500476837158,8.4871172634962e-239,0.25,1.2397761281590647e-05,-1.2397761281590647e-05,2.4700762190321065e-216,-0.00044644169285068,0.00044644169285068,0.0006313638968382352,0.0
1365,11.321234900000036,130.00000476837158,219.50000476837158,32.500001192092896,54.875001192092896,1.69742345269924e-239,0.25,8.82148259506721e-06,-8.82148259506721e-06,2.4700762190321065e-216,-0.0007905949493267171,0.0007905949493267171,0.0011180700996815131,0.0
1366,11.335457500000075,129.9999897480011,219.4999897480011,32.499997437000275,54.874997437000275,3.39484690539848e-240,0.25,5.0663899742176e-06,-5.0663899742176e-06,2.4700762190321065e-216,-0.0008046639954105196,0.0008046639954105196,0.0011379667354628788,0.0
1367,11.337665699999889,129.99997454881668,219.49997454881668,32.49999363720417,54.87499363720417,6.789693810796961e-241,0.25,1.2665938697864476e-06,-1.2665938697864476e-06,2.4700762190321065e-216,-0.0007820002075170314,0.0007820002075170314,0.0011059152992491605,0.0
1368,11.35116979999998,129.99997074902058,219.49997074902058,32.499992687255144,54.874992687255144,1.3579387621593922e-241,0.25,3.1664484367865953e-07,-3.1664484367865953e-07,2.4700762190321065e-216,-0.00043545534165238294,0.00043545534165238294,0.0006158268499726096,0.0
1369,11.35316869999997,129.99996979907155,219.49996979907155,32.49999244976789,54.87499244976789,2.7158775243187846e-242,0.25,7.91575871517125e-08,-7.91575871517125e-08,2.4700762190321065e-216,-0.0003838858658836259,0.0003838858658836259,0.0005428965979359629,0.0
1370,11.37098049999986,129.9999695615843,219.4999695615843,32.49999239039607,54.87499239039607,5.431755048637569e-243,0.25,1.978577301997575e-08,-1.978577301997575e-08,2.4700762190321065e-216,-3.9802143162849796e-05,3.9802143162849796e-05,5.628873067241774e-05,0.0
1371,11.373383999999987,129.99996950221248,219.49996950221248,32.49999237555312,54.87499237555312,1.0863510097275139e-243,0.25,4.942819487041561e-09,-4.942819487041561e-09,2.4700762190321065e-216,-2.58152694157987e-05,2.58152694157987e-05,3.650830412413789e-05,0.0
1372,11.384057199999916,129.99996948736953,219.49996948736953,32.49999237184238,54.87499237184238,2.172702019455028e-244,0.25,1.2320811038080137e-09,-1.2320811038080137e-09,2.4700762190321065e-216,-2.0570319033222712e-06,2.0570319033222712e-06,2.9090824159124972e-06,0.0
1373,11.386315100000047,129.9999694836588,219.4999694836588,32.4999923709147,54.8749923709147,4.345404038910056e-245,0.25,3.043965079996269e-10,-3.043965079996269e-10,2.4700762190321065e-216,-1.3953194014729523e-06,1.3953194014729523e-06,1.9732796214053585e-06,0.0
1374,11.399354899999935,129.9999694827311,219.4999694827311,32.499992370682776,54.874992370682776,8.690808077820114e-246,0.25,7.247535904753022e-11,-7.247535904753022e-11,2.4700762190321065e-216,-1.6042568915800518e-07,1.6042568915800518e-07,2.268761853603013e-07,0.0
1375,11.401700099999971,129.99996948249918,219.49996948249918,32.499992370624796,54.874992370624796,1.7381616155640227e-246,0.25,1.4495071809506044e-11,-1.4495071809506044e-11,2.4700762190321065e-216,-9.122518458235747e-08,9.122518458235747e-08,1.290118932663589e-07,0.0
1376,11.415005800000017,129.9999694824412,219.4999694824412,32.4999923706103,54.8749923706103,3.476323231128046e-247,0.25,0.0,-0.0,2.4700762190321065e-216,-9.065581928369405e-09,9.065581928369405e-09,1.282066891390445e-08,0.0
1377,11.417180599999938,129.9999694824267,219.4999694824267,32.49999237060668,54.87499237060668,6.952646462256092e-248,0.25,-3.623767952376511e-12,3.623767952376511e-12,2.4700762190321065e-216,-5.527981645048759e-09,5.527981645048759e-09,7.817746614977488e-09,0.0
1378,11.43146499999989,129.99996948242307,219.49996948242307,32.49999237060577,54.87499237060577,1.3905292924512185e-248,0.25,-4.533262654149439e-12,4.533262654149439e-12,2.4700762190321065e-216,-5.84244753752467e-10,5.84244753752467e-10,8.26246854502068e-10,0.0
1379,11.433793799999876,129.99996948242216,219.49996948242216,32.49999237060554,54.87499237060554,2.7810585849024373e-249,0.25,-4.760636329592671e-12,4.760636329592671e-12,2.4700762190321065e-216,-3.6767917902624245e-10,3.6767917902624245e-10,5.199768815811173e-10,0.0
1380,11.447086899999931,129.99996948242193,219.49996948242193,32.49999237060548,54.87499237060548,5.562117169804875e-250,0.25,-4.817479748453479e-12,4.817479748453479e-12,2.4700762190321065e-216,-3.442849367506285e-11,3.442849367506285e-11,4.86892426873502e-11,0.0
1381,11.44925309999985,129.99996948242188,219.49996948242188,32.49999237060547,54.87499237060547,1.1124234339609751e-250,0.25,-4.831690603168681e-12,4.831690603168681e-12,2.4700762190321065e-216,-2.169439631324119e-11,2.169439631324119e-11,3.068050949368256e-11,0.0
1382,11.462969199999861,129.99996948242188,219.49996948242188,32.49999237060547,54.87499237060547,2.2248468679219505e-251,0.25,-4.831690603168681e-12,4.831690603168681e-12,2.4700762190321065e-216,-2.1672857460356142e-12,2.1672857460356142e-12,3.0650048955814572e-12,0.0
1383,11.479591600000049,129.99996948242188,219.49996948242188,32.49999237060547,54.87499237060547,4.449693735843901e-252,0.25,-4.831690603168681e-12,4.831690603168681e-12,2.4700762190321065e-216,-1.3120538007320908e-12,1.3120538007320908e-12,1.855524279558489e-12,0.0
1384,11.481713599999921,129.99996948242188,219.49996948242188,32.49999237060547,54.87499237060547,8.899387471687803e-253,0.25,-4.831690603168681e-12,4.831690603168681e-12,2.4700762190321065e-216,0.0002651304744044594,-0.0002651304744044594,0.0003749511127011992,0.0
1385,11.49528280000004,129.99996948242188,219.49996948242188,32.49999237060547,54.87499237060547,1.7798774943375607e-253,0.25,-4.831690603168681e-12,4.831690603168681e-12,2.4700762190321065e-216,0.00031810727940169116,-0.00031810727940169116,0.00044987162881947914,0.0
1386,11.49744099999998,129.99998092651367,219.49998092651367,32.49999523162842,54.87499523162842,3.559754988675122e-254,0.25,2.861018117528147e-06,-2.861018117528147e-06,2.4700762190321065e-216,0.0006746146961454991,-0.0006746146961454991,0.0009540492526651694,0.0
1387,11.510942299999897,129.99999523162842,219.49999523162842,32.499998807907104,54.874998807907104,7.119509977350244e-255,0.25,6.437296804051584e-06,-6.437296804051584e-06,2.4700762190321065e-216,0.000729198488263187,-0.000729198488263187,0.0010312423917637572,0.0
1388,11.513048900000058,130.0000102519989,219.5000102519989,32.500002562999725,54.875002562999725,1.423901995470049e-255,0.25,1.0192389424901194e-05,-1.0192389424901194e-05,2.4700762190321065e-216,0.0008176975590766413,-0.0008176975590766413,0.001156398977965561,0.0
1389,11.526971699999876,130.00002545118332,219.50002545118332,32.50000636279583,54.87500636279583,2.847803990940098e-256,0.25,1.3992185529332346e-05,-1.3992185529332346e-05,2.4700762190321065e-216,0.0005559734826830824,-0.0005559734826830824,0.0007862652395302182,0.0
1390,11.529118499999868,130.00002925097942,219.50002925097942,32.500007312744856,54.875007312744856,5.695607981880196e-257,0.25,1.4942134555440134e-05,-1.4942134555440134e-05,2.4700762190321065e-216,0.0005089214171465304,-0.0005089214171465304,0.0007197235703107586,0.0
1391,11.543062100000043,130.00003020092845,219.50003020092845,32.50000755023211,54.87500755023211,1.1391215963760394e-257,0.25,1.5179621811967081e-05,-1.5179621811967081e-05,2.4700762190321065e-216,0.00015262696289826137,-0.00015262696289826137,0.0002158471209145364,0.0
1392,11.545066299999917,130.0000304384157,219.5000304384157,32.50000760960393,54.87500760960393,2.2782431927520788e-258,0.25,1.5238993626098818e-05,-1.5238993626098818e-05,2.4700762190321065e-216,9.835975967088597e-05,-9.835975967088597e-05,0.00013910170611832514,0.0
1393,11.559005800000023,130.00003049778752,219.50003049778752,32.50000762444688,54.87500762444688,4.5564863855041576e-259,0.25,1.5253836579631752e-05,-1.5253836579631752e-05,2.4700762190321065e-216,9.87439922492667e-06,-9.87439922492667e-06,1.3964509304177676e-05,0.0
1394,11.561349999999948,130.00003051263047,219.50003051263047,32.50000762815762,54.87500762815762,9.112972771008316e-260,0.25,1.5257547318014986e-05,-1.5257547318014986e-05,2.4700762190321065e-216,6.489919855831918e-06,-6.489919855831918e-06,9.17813267883194e-06,0.0
1395,11.57488259999991,130.0000305163412,219.5000305163412,32.5000076290853,54.8750076290853,1.8225945542016634e-260,0.25,1.5258475002610794e-05,-1.5258475002610794e-05,2.4700762190321065e-216,5.66014397888517e-07,-5.66014397888517e-07,8.004652379923821e-07,0.0
1396,11.576998799999956,130.0000305172689,219.5000305172689,32.500007629317224,54.875007629317224,3.6451891084033272e-261,0.25,1.5258706923759746e-05,-1.5258706923759746e-05,2.4700762190321065e-216,3.5438392512202264e-07,-3.5438392512202264e-07,5.011745531945758e-07,0.0
1397,11.590902899999946,130.00003051750082,219.50003051750082,32.500007629375204,54.875007629375204,7.290378216806655e-262,0.25,1.5258764904046984e-05,-1.5258764904046984e-05,2.4700762190321065e-216,3.7845522694655254e-08,-3.7845522694655254e-08,5.3521651469880224e-08,0.0
1398,11.5930793,130.0000305175588,219.5000305175588,32.5000076293897,54.8750076293897,1.458075643361331e-262,0.25,1.5258779399118794e-05,-1.5258779399118794e-05,2.4700762190321065e-216,2.4222296591079587e-08,-2.4222296591079587e-08,3.425550035092834e-08,0.0
1399,11.607434300000023,130.0000305175733,219.5000305175733,32.50000762939332,54.87500762939332,2.9161512867226623e-263,0.25,1.5258783022886746e-05,-1.5258783022886746e-05,2.4700762190321065e-216,2.3066987929660775e-09,-2.3066987929660775e-09,3.2621647173222747e-09,0.0
1400,11.60952169999996,130.00003051757693,219.50003051757693,32.50000762939423,54.87500762939423,5.832302573445325e-264,0.25,1.5258783932381448e-05,-1.5258783932381448e-05,2.4700762190321065e-216,1.4803630944170071e-09,-1.4803630944170071e-09,2.093549565361134e-09,0.0
1401,11.624460799999952,130.00003051757784,219.50003051757784,32.50000762939446,54.87500762939446,1.1664605146890652e-264,0.25,1.5258784159755123e-05,-1.5258784159755123e-05,2.4700762190321065e-216,1.4854109277478373e-10,-1.4854109277478373e-10,2.1006882797181933e-10,0.0
1402,11.625943600000028,130.00003051757807,219.50003051757807,32.50000762939452,54.87500762939452,2.3329210293781305e-265,0.25,1.5258784216598542e-05,-1.5258784216598542e-05,2.4700762190321065e-216,9.805320768428354e-11,-9.805320768428354e-11,1.3866817614129957e-10,0.0
1403,11.640099899999996,130.00003051757812,219.50003051757812,32.50000762939453,54.87500762939453,4.665842058756261e-266,0.25,1.5258784230809397e-05,-1.5258784230809397e-05,2.4700762190321065e-216,1.091181630740151e-11,-1.091181630740151e-11,1.543163861205112e-11,0.0
1404,11.642283899999939,130.00003051757812,219.50003051757812,32.50000762939453,54.87500762939453,9.331684117512523e-267,0.25,1.5258784230809397e-05,-1.5258784230809397e-05,2.4700762190321065e-216,7.867808630321245e-12,-7.867808630321245e-12,1.112676167115639e-11,0.0
1405,11.655933099999856,130.00003051757812,219.50003051757812,32.50000762939453,54.87500762939453,1.8663368235025045e-267,0.25,1.5258784230809397e-05,-1.5258784230809397e-05,2.4700762190321065e-216,2.0077074822141821e-13,-2.0077074822141821e-13,2.839327150625236e-13,0.0
1406,11.65810149999993,130.00003051757812,219.50003051757812,32.50000762939453,54.87500762939453,3.7326736470050094e-268,0.25,1.5258784230809397e-05,-1.5258784230809397e-05,2.4700762190321065e-216,-0.00022356108218496833,0.00022356108218496833,0.00031616311444478834,0.0
1407,11.671115599999894,130.00003051757812,219.50003051757812,32.50000762939453,54.87500762939453,7.465347294010019e-269,0.25,1.5258784230809397e-05,-1.5258784230809397e-05,2.4700762190321065e-216,-0.000275986886783323,0.000275986886783323,0.0003903043983261033,0.0
1408,11.673675099999855,130.00001907348633,219.50001907348633,32.50000476837158,54.87500476837158,1.4930694588020039e-269,0.25,1.2397761281590647e-05,-1.2397761281590647e-05,2.4700762190321065e-216,-0.00032137113407407306,0.00032137113407407306,0.00045448741636277645,0.0
1409,11.687318300000015,130.00000476837158,219.50000476837158,32.500001192092896,54.875001192092896,2.9861389176040078e-270,0.25,8.82148259506721e-06,-8.82148259506721e-06,2.4700762190321065e-216,-0.0006977376262022226,0.0006977376262022226,0.0009867500139531921,0.0
1410,11.703866300000072,129.9999897480011,219.4999897480011,32.499997437000275,54.874997437000275,5.972277835208016e-271,0.25,5.0663899742176e-06,-5.0663899742176e-06,2.4700762190321065e-216,-0.0007118359042813763,0.0007118359042813763,0.0010066879900188386,0.0
1411,11.705885500000022,129.99997454881668,219.49997454881668,32.49999363720417,54.87499363720417,1.1944555670416034e-271,0.25,1.2665938697864476e-06,-1.2665938697864476e-06,2.4700762190321065e-216,-0.0005095970753312999,0.0005095970753312999,0.0007206790952791881,0.0
1412,11.719361599999957,129.99997074902058,219.49997074902058,32.499992687255144,54.874992687255144,2.388911134083207e-272,0.25,3.1664484367865953e-07,-3.1664484367865953e-07,2.4700762190321065e-216,-0.0004580503387469382,0.0004580503387469382,0.0006477810013055104,0.0
1413,11.721589199999926,129.99996979907155,219.49996979907155,32.49999244976789,54.87499244976789,4.777822268166414e-273,0.25,7.91575871517125e-08,-7.91575871517125e-08,2.4700762190321065e-216,-0.00041390043270635217,0.00041390043270635217,0.0005853436054054158,0.0
1414,11.735097100000075,129.9999695615843,219.4999695615843,32.49999239039607,54.87499239039607,9.555644536332828e-274,0.25,1.978577301997575e-08,-1.978577301997575e-08,2.4700762190321065e-216,-3.758444880468572e-05,3.758444880468572e-05,5.315243723390381e-05,0.0
1415,11.737502100000029,129.99996950221248,219.49996950221248,32.49999237555312,54.87499237555312,1.9111289072665657e-274,0.25,4.942819487041561e-09,-4.942819487041561e-09,2.4700762190321065e-216,-2.354476071484517e-05,2.354476071484517e-05,3.329731992576329e-05,0.0
1416,11.752195699999902,129.99996948736953,219.49996948736953,32.49999237184238,54.87499237184238,3.822257814533132e-275,0.25,1.2320811038080137e-09,-1.2320811038080137e-09,2.4700762190321065e-216,-2.2264218270131862e-06,2.2264218270131862e-06,3.148635943325533e-06,0.0
1417,11.755362399999967,129.9999694836588,219.4999694836588,32.4999923709147,54.8749923709147,7.644515629066263e-276,0.25,3.043965079996269e-10,-3.043965079996269e-10,2.4700762190321065e-216,-1.352995565208348e-06,1.352995565208348e-06,1.913424678148297e-06,0.0
1418,11.767212199999904,129.9999694827311,219.4999694827311,32.499992370682776,54.874992370682776,1.5289031258132528e-276,0.25,7.247535904753022e-11,-7.247535904753022e-11,2.4700762190321065e-216,-1.1885518214027468e-07,1.1885518214027468e-07,1.680866105411009e-07,0.0
1419,11.769267599999921,129.99996948249918,219.49996948249918,32.499992370624796,54.874992370624796,3.057806251626506e-277,0.25,1.4495071809506044e-11,-1.4495071809506044e-11,2.4700762190321065e-216,-6.862657816973332e-08,6.862657816973332e-08,9.705263758689424e-08,0.0
1420,11.783700100000033,129.9999694824412,219.4999694824412,32.4999923706103,54.8749923706103,6.115612503253012e-278,0.25,0.0,-0.0,2.4700762190321065e-216,-1.0049812580968484e-08,1.0049812580968484e-08,1.4212581251313388e-08,0.0
1421,11.786292000000003,129.9999694824267,219.4999694824267,32.49999237060668,54.87499237060668,1.2231225006506025e-278,0.25,-3.623767952376511e-12,3.623767952376511e-12,2.4700762190321065e-216,-6.1557305545078555e-09,6.1557305545078555e-09,8.705517636499462e-09,0.0
1422,11.800047499999891,129.99996948242307,219.49996948242307,32.49999237060577,54.87499237060577,2.4462450013012053e-279,0.25,-4.533262654149439e-12,4.533262654149439e-12,2.4700762190321065e-216,-5.148528939568363e-10,5.148528939568363e-10,7.281119452607948e-10,0.0
1423,11.80229149999991,129.99996948242216,219.49996948242216,32.49999237060554,54.87499237060554,4.892490002602411e-280,0.25,-4.760636329592671e-12,4.760636329592671e-12,2.4700762190321065e-216,-3.1530363127321297e-10,3.1530363127321297e-10,4.459066716120633e-10,0.0
1424,11.815291299999899,129.99996948242193,219.49996948242193,32.49999237060548,54.87499237060548,9.784980005204822e-281,0.25,-4.817479748453479e-12,4.817479748453479e-12,2.4700762190321065e-216,-3.568111864402336e-11,3.568111864402336e-11,5.0460721907021335e-11,0.0
1425,11.817448000000013,129.99996948242188,219.49996948242188,32.49999237060547,54.87499237060547,1.9569960010409645e-281,0.25,-4.831690603168681e-12,4.831690603168681e-12,2.4700762190321065e-216,-2.2457394289687844e-11,2.2457394289687844e-11,3.175955158003665e-11,0.0
1426,11.831674699999894,129.99996948242188,219.49996948242188,32.49999237060547,54.87499237060547,3.9139920020819295e-282,0.25,-4.831690603168681e-12,4.831690603168681e-12,2.4700762190321065e-216,-2.19236082789386e-12,2.19236082789386e-12,3.1004664164230038e-12,0.0
1427,11.83364460000007,129.99996948242188,219.49996948242188,32.49999237060547,54.87499237060547,7.827984004163859e-283,0.25,-4.831690603168681e-12,4.831690603168681e-12,2.4700762190321065e-216,-1.317833237302351e-12,1.317833237302351e-12,1.8636976371390262e-12,0.0
1428,11.847252399999888,129.99996948242188,219.49996948242188,32.49999237060547,54.87499237060547,1.565596800832772e-283,0.25,-4.831690603168681e-12,4.831690603168681e-12,2.4700762190321065e-216,4.3018049832586564e-05,-4.3018049832586564e-05,6.083670950008557e-05,0.0
1429,11.849644399999988,129.99996948242188,219.49996948242188,32.49999237060547,54.87499237060547,3.131193601665544e-284,0.25,-4.831690603168681e-12,4.831690603168681e-12,2.4700762190321065e-216,0.0003627854574271005,-0.0003627854574271005,0.0005130561141251326,0.0
1430,11.862945899999886,129.99998092651367,219.49998092651367,32.49999523162842,54.87499523162842,6.262387203331088e-285,0.25,2.861018117528147e-06,-2.861018117528147e-06,2.4700762190321065e-216,0.00041504222066078653,-0.00041504222066078653,0.0005869583374159311,0.0
1431,11.865182699999878,129.99999523162842,219.49999523162842,32.499998807907104,54.874998807907104,1.2524774406662176e-285,0.25,6.437296804051584e-06,-6.437296804051584e-06,2.4700762190321065e-216,0.0007964712614469038,-0.0007964712614469038,0.0011263804599786187,0.0
1432,11.87955439999996,130.0000102519989,219.5000102519989,32.500002562999725,54.875002562999725,2.5049548813324355e-286,0.25,1.0192389424901194e-05,-1.0192389424901194e-05,2.4700762190321065e-216,0.0008102654273069705,-0.0008102654273069705,0.001145888356419549,0.0
1433,11.881546800000024,130.00002545118332,219.50002545118332,32.50000636279583,54.87500636279583,5.0099097626648713e-287,0.25,1.3992185529332346e-05,-1.3992185529332346e-05,2.4700762190321065e-216,0.0007896920666835136,-0.0007896920666835136,0.0011167932308022634,0.0
1434,11.895319999999856,130.00002925097942,219.50002925097942,32.500007312744856,54.875007312744856,1.0019819525329743e-287,0.25,1.4942134555440134e-05,-1.4942134555440134e-05,2.4700762190321065e-216,0.0004707982493385703,-0.0004707982493385703,0.0006658092693561162,0.0
1435,11.897436199999902,130.00003020092845,219.50003020092845,32.50000755023211,54.87500755023211,2.0039639050659487e-288,0.25,1.5179621811967081e-05,-1.5179621811967081e-05,2.4700762190321065e-216,0.00041992505746331896,-0.00041992505746331896,0.000593863711444927,0.0
1436,11.91102879999994,130.0000304384157,219.5000304384157,32.50000760960393,54.87500760960393,4.0079278101318977e-289,0.25,1.5238993626098818e-05,-1.5238993626098818e-05,2.4700762190321065e-216,3.855020109218063e-05,-3.855020109218063e-05,5.451821721677195e-05,0.0
1437,11.913174399999889,130.00003049778752,219.50003049778752,32.50000762444688,54.87500762444688,8.015855620263796e-290,0.25,1.5253836579631752e-05,-1.5253836579631752e-05,2.4700762190321065e-216,2.476757962838815e-05,-2.476757962838815e-05,3.50266470176221e-05,0.0
1438,11.926871099999971,130.00003051263047,219.50003051263047,32.50000762815762,54.87500762815762,1.6031711240527592e-290,0.25,1.5257547318014986e-05,-1.5257547318014986e-05,2.4700762190321065e-216,2.344567318871951e-06,-2.344567318871951e-06,3.315718900245438e-06,0.0
1439,11.942942700000003,130.0000305163412,219.5000305163412,32.5000076290853,54.8750076290853,3.2063422481055185e-291,0.25,1.5258475002610794e-05,-1.5258475002610794e-05,2.4700762190321065e-216,1.4717741204087965e-06,-1.4717741204087965e-06,2.081402921831853e-06,0.0
1440,11.945082499999899,130.0000305172689,219.5000305172689,32.500007629317224,54.875007629317224,6.412684496211037e-292,0.25,1.5258706923759746e-05,-1.5258706923759746e-05,2.4700762190321065e-216,8.953289015112735e-08,-8.953289015112735e-08,1.2661862753018482e-07,0.0
1441,11.959631199999876,130.00003051750082,219.50003051750082,32.500007629375204,54.875007629375204,1.2825368992422076e-292,0.25,1.5258764904046984e-05,-1.5258764904046984e-05,2.4700762190321065e-216,3.5403840869709296e-08,-3.5403840869709296e-08,5.006859191804176e-08,0.0
1442,11.961810699999887,130.0000305175588,219.5000305175588,32.5000076293897,54.8750076293897,2.5650737984844153e-293,0.25,1.5258779399118794e-05,-1.5258779399118794e-05,2.4700762190321065e-216,2.3944444100300346e-08,-2.3944444100300346e-08,3.386255759012919e-08,0.0
1443,11.974901000000045,130.0000305175733,219.5000305175733,32.50000762939332,54.87500762939332,5.130147596968831e-294,0.25,1.5258783022886746e-05,-1.5258783022886746e-05,2.4700762190321065e-216,2.2705661644010142e-09,-2.2705661644010142e-09,3.2110654639613727e-09,0.0
1444,11.977040999999872,130.00003051757693,219.50003051757693,32.50000762939423,54.87500762939423,1.0260295193937662e-294,0.25,1.5258783932381448e-05,-1.5258783932381448e-05,2.4700762190321065e-216,1.4782662620925027e-09,-1.4782662620925027e-09,2.0905841966497975e-09,0.0
1445,11.992090499999904,130.00003051757784,219.50003051757784,32.50000762939446,54.87500762939446,2.0520590387875326e-295,0.25,1.5258784159755123e-05,-1.5258784159755123e-05,2.4700762190321065e-216,1.4835259012606927e-10,-1.4835259012606927e-10,2.0980224496946407e-10,0.0
1446,11.994483299999956,130.00003051757807,219.50003051757807,32.50000762939452,54.87500762939452,4.104118077575065e-296,0.25,1.5258784216598542e-05,-1.5258784216598542e-05,2.4700762190321065e-216,9.298689258922526e-11,-9.298689258922526e-11,1.315033246226126e-10,0.0
1447,12.007733200000075,130.00003051757812,219.50003051757812,32.50000762939453,54.87500762939453,8.20823615515013e-297,0.25,1.5258784230809397e-05,-1.5258784230809397e-05,2.4700762190321065e-216,7.987387743747055e-12,-7.987387743747055e-12,1.1295872075139721e-11,0.0
1448,12.009903699999995,130.00003051757812,219.50003051757812,32.50000762939453,54.87500762939453,1.641647231030026e-297,0.25,1.5258784230809397e-05,-1.5258784230809397e-05,2.4700762190321065e-216,4.9657102734955536e-12,-4.9657102734955536e-12,7.022574815592823e-12,0.0
1449,12.024066700000049,130.00003051757812,219.50003051757812,32.50000762939453,54.87500762939453,3.2832944620600523e-298,0.25,1.5258784230809397e-05,-1.5258784230809397e-05,2.4700762190321065e-216,2.1450508630366172e-13,-2.1450508630366172e-13,3.0335600224864965e-13,0.0
1450,12.026270899999872,130.00003051757812,219.50003051757812,32.50000762939453,54.87500762939453,6.566588924120105e-299,0.25,1.5258784230809397e-05,-1.5258784230809397e-05,2.4700762190321065e-216,-0.0002527517071742634,0.0002527517071742634,0.0003574448921987964,0.0
1451,12.039146200000005,130.00003051757812,219.50003051757812,32.50000762939453,54.87500762939453,1.313317784824021e-299,0.25,1.5258784230809397e-05,-1.5258784230809397e-05,2.4700762190321065e-216,-0.0003050066887856981,0.0003050066887856981,0.0004313445958952441,0.0
1452,12.041410099999894,130.00001907348633,219.50001907348633,32.50000476837158,54.87500476837158,2.626635569648042e-300,0.25,1.2397761281590647e-05,-1.2397761281590647e-05,2.4700762190321065e-216,-0.0006326333188951929,0.0006326333188951929,0.000894678619590685,0.0
1453,12.055097899999964,130.00000476837158,219.50000476837158,32.500001192092896,54.875001192092896,5.253271139296085e-301,0.25,8.82148259506721e-06,-8.82148259506721e-06,2.4700762190321065e-216,-0.0006880841525905181,0.0006880841525905181,0.0009730979406475089,0.0
1454,12.057390199999872,129.9999897480011,219.4999897480011,32.499997437000275,54.874997437000275,1.050654227859217e-301,0.25,5.0663899742176e-06,-5.0663899742176e-06,2.4700762190321065e-216,-0.0007614336256901184,0.0007614336256901184,0.0010768297602978842,0.0
1455,12.071095300000025,129.99997454881668,219.49997454881668,32.49999363720417,54.87499363720417,2.101308455718434e-302,0.25,1.2665938697864476e-06,-1.2665938697864476e-06,2.4700762190321065e-216,-0.0005122329705288732,0.0005122329705288732,0.0007244068140165904,0.0
1456,12.07368550000001,129.99997074902058,219.49997074902058,32.499992687255144,54.874992687255144,4.202616911436868e-303,0.25,3.1664484367865953e-07,-3.1664484367865953e-07,2.4700762190321065e-216,-0.00046524284784557537,0.00046524284784557537,0.000657952745220295,0.0
1457,12.087061100000028,129.99996979907155,219.49996979907155,32.49999244976789,54.87499244976789,8.405233822873736e-304,0.25,7.91575871517125e-08,-7.91575871517125e-08,2.4700762190321065e-216,-0.00013783236518706706,0.00013783236518706706,0.00019492440018151146,0.0
1458,12.089316499999995,129.9999695615843,219.4999695615843,32.49999239039607,54.87499239039607,1.6810467645747472e-304,0.25,1.978577301997575e-08,-1.978577301997575e-08,2.4700762190321065e-216,-8.269584102784556e-05,8.269584102784556e-05,0.00011694957993342863,0.0
1459,12.10305059999996,129.99996950221248,219.49996950221248,32.49999237555312,54.87499237555312,3.362093529149495e-305,0.25,4.942819487041561e-09,-4.942819487041561e-09,2.4700762190321065e-216,-9.359757038617622e-06,9.359757038617622e-06,1.3236695344530076e-05,0.0
1460,12.105411799999956,129.99996948736953,219.49996948736953,32.49999237184238,54.87499237184238,6.72418705829899e-306,0.25,1.2320811038080137e-09,-1.2320811038080137e-09,2.4700762190321065e-216,-5.82692492888725e-06,5.82692492888725e-06,8.240516261362232e-06,0.0
1461,12.119269099999883,129.9999694836588,219.4999694836588,32.4999923709147,54.8749923709147,1.344837411659798e-306,0.25,3.043965079996269e-10,-3.043965079996269e-10,2.4700762190321065e-216,-5.628847405531694e-07,5.628847405531694e-07,7.960392341431531e-07,0.0
1462,12.12181489999989,129.9999694827311,219.4999694827311,32.499992370682776,54.874992370682776,2.689674823319596e-307,0.25,7.247535904753022e-11,-7.247535904753022e-11,2.4700762190321065e-216,-3.4775958111113755e-07,3.4775958111113755e-07,4.918063160525572e-07,0.0
1463,12.135978199999954,129.99996948249918,219.49996948249918,32.499992370624796,54.874992370624796,5.379349646639192e-308,0.25,1.4495071809506044e-11,-1.4495071809506044e-11,2.4700762190321065e-216,-3.3507987747781865e-08,3.3507987747781865e-08,4.7387450720744614e-08,0.0
1464,12.138813999999911,129.9999694824412,219.4999694824412,32.4999923706103,54.8749923706103,1.0758699293278383e-308,0.25,0.0,-0.0,2.4700762190321065e-216,-2.0129896878702274e-08,2.0129896878702274e-08,2.8467973175032587e-08,0.0
1465,12.151322100000016,129.9999694824267,219.4999694824267,32.49999237060668,54.87499237060668,2.151739858655677e-309,0.25,-3.623767952376511e-12,3.623767952376511e-12,2.4700762190321065e-216,-1.9342778667431255e-09,1.9342778667431255e-09,2.7354819925462267e-09,0.0
1466,12.167829100000063,129.99996948242307,219.49996948242307,32.49999237060577,54.87499237060577,4.30347971731137e-310,0.25,-4.533262654149439e-12,4.533262654149439e-12,2.4700762190321065e-216,-1.1163902125604131e-09,1.1163902125604131e-09,1.5788141795035186e-09,0.0
1467,12.169701699999905,129.99996948242216,219.49996948242216,32.49999237060554,54.87499237060554,8.606959434623e-311,0.25,-4.760636329592671e-12,4.760636329592671e-12,2.4700762190321065e-216,-9.53925046802343e-11,9.53925046802343e-11,1.3490537386752628e-10,0.0
1468,12.183042899999919,129.99996948242193,219.49996948242193,32.49999237060548,54.87499237060548,1.721391886925e-311,0.25,-4.817479748453479e-12,4.817479748453479e-12,2.4700762190321065e-216,-3.7449764338436485e-11,3.7449764338436485e-11,5.296196463509316e-11,0.0
1469,12.185239599999932,129.99996948242188,219.49996948242188,32.49999237060547,54.87499237060547,3.44278377385e-312,0.25,-4.831690603168681e-12,4.831690603168681e-12,2.4700762190321065e-216,-2.6430261075937615e-11,2.6430261075937615e-11,3.737803367065269e-11,0.0
1470,12.199084200000016,129.99996948242188,219.49996948242188,32.49999237060547,54.87499237060547,6.8855675477e-313,0.25,-4.831690603168681e-12,4.831690603168681e-12,2.4700762190321065e-216,-2.1459851534369107e-12,2.1459851534369107e-12,3.0348813086417865e-12,0.0
1471,12.201411999999891,129.99996948242188,219.49996948242188,32.49999237060547,54.87499237060547,1.37711350954e-313,0.25,-4.831690603168681e-12,4.831690603168681e-12,2.4700762190321065e-216,-1.293836638149672e-12,1.293836638149672e-12,1.8297613211664767e-12,0.0
1472,12.215141899999935,129.99996948242188,219.49996948242188,32.49999237060547,54.87499237060547,2.754227019e-314,0.25,-4.831690603168681e-12,4.831690603168681e-12,2.4700762190321065e-216,4.1047969486513105e-05,-4.1047969486513105e-05,5.805059515570381e-05,0.0
1473,12.217114000000038,129.99996948242188,219.49996948242188,32.49999237060547,54.87499237060547,5.50845404e-315,0.25,-4.831690603168681e-12,4.831690603168681e-12,2.4700762190321065e-216,0.000336059616141989,-0.000336059616141989,0.0004752600669138971,0.0
1474,12.231053900000006,129.99998092651367,219.49998092651367,32.49999523162842,54.87499523162842,1.10169081e-315,0.25,2.861018117528147e-06,-2.861018117528147e-06,2.4700762190321065e-216,0.0003919202672754674,-0.0003919202672754674,0.0005542589573498543,0.0
1475,12.233478399999967,129.99999523162842,219.49999523162842,32.499998807907104,54.874998807907104,2.2033816e-316,0.25,6.437296804051584e-06,-6.437296804051584e-06,2.4700762190321065e-216,0.0007436555356997536,-0.0007436555356997536,0.001051687744320421,0.0
1476,12.246922900000072,130.0000102519989,219.5000102519989,32.500002562999725,54.875002562999725,4.406763e-317,0.25,1.0192389424901194e-05,-1.0192389424901194e-05,2.4700762190321065e-216,0.0007573747960633769,-0.0007573747960633769,0.0010710897083923846,0.0
1477,12.24908349999987,130.00002545118332,219.50002545118332,32.50000636279583,54.87500636279583,8.81353e-318,0.25,1.3992185529332346e-05,-1.3992185529332346e-05,2.4700762190321065e-216,0.0007381838286967761,-0.0007381838286967761,0.0010439495820674784,0.0
1478,12.262931900000012,130.00002925097942,219.50002925097942,32.500007312744856,54.875007312744856,1.76271e-318,0.25,1.4942134555440134e-05,-1.4942134555440134e-05,2.4700762190321065e-216,0.0004440336731593986,-0.0004440336731593986,0.0006279584427323636,0.0
1479,12.265104999999949,130.00003020092845,219.50003020092845,32.50000755023211,54.87500755023211,3.5254e-319,0.25,1.5179621811967081e-05,-1.5179621811967081e-05,2.4700762190321065e-216,0.0003895023806334929,-0.0003895023806334929,0.0005508395492684932,0.0
1480,12.278888499999994,130.0000304384157,219.5000304384157,32.50000760960393,54.87500760960393,7.051e-320,0.25,1.5238993626098818e-05,-1.5238993626098818e-05,2.4700762190321065e-216,3.7820214928687566e-05,-3.7820214928687566e-05,5.3485860884015354e-05,0.0
1481,12.281121600000006,130.00003049778752,219.50003049778752,32.50000762444688,54.87500762444688,1.41e-320,0.25,1.5253836579631752e-05,-1.5253836579631752e-05,2.4700762190321065e-216,2.4192460246243963e-05,-2.4192460246243963e-05,3.421330538741016e-05,0.0
1482,12.295097299999952,130.00003051263047,219.50003051263047,32.50000762815762,54.87500762815762,2.82e-321,0.25,1.5257547318014986e-05,-1.5257547318014986e-05,2.4700762190321065e-216,2.3388256959050544e-06,-2.3388256959050544e-06,3.3075990191756203e-06,0.0
1483,12.297124899999972,130.0000305163412,219.5000305163412,32.5000076290853,54.8750076290853,5.63e-322,0.25,1.5258475002610794e-05,-1.5258475002610794e-05,2.4700762190321065e-216,1.4828062229006465e-06,-1.4828062229006465e-06,2.097004670797317e-06,0.0
1484,12.310898700000052,130.0000305172689,219.5000305172689,32.500007629317224,54.875007629317224,1.14e-322,0.25,1.5258706923759746e-05,-1.5258706923759746e-05,2.4700762190321065e-216,1.5365582699763862e-07,-1.5365582699763862e-07,2.173021544777145e-07,0.0
1485,12.313018000000056,130.00003051750082,219.50003051750082,32.500007629375204,54.875007629375204,2.5e-323,0.25,1.5258764904046984e-05,-1.5258764904046984e-05,2.4700762190321065e-216,1.0087914719031164e-07,-1.0087914719031164e-07,1.4266465811717043e-07,0.0
1486,12.326941399999896,130.0000305175588,219.5000305175588,32.5000076293897,54.8750076293897,5e-324,0.25,1.5258779399118794e-05,-1.5258779399118794e-05,2.4700762190321065e-216,9.386513498348132e-09,-9.386513498348132e-09,1.3274534692762054e-08,0.0
1487,12.329164300000002,130.0000305175733,219.5000305175733,32.50000762939332,54.87500762939332,0.0,0.25,1.5258783022886746e-05,-1.5258783022886746e-05,2.4700762190321065e-216,6.042019347426698e-09,-6.042019347426698e-09,8.544705705251474e-09,0.0
1488,12.343105599999944,130.00003051757693,219.50003051757693,32.50000762939423,54.87500762939423,0.0,0.25,1.5258783932381448e-05,-1.5258783932381448e-05,2.4700762190321065e-216,5.711598990274695e-10,-5.711598990274695e-10,8.077420754882949e-10,0.0
1489,12.345076300000073,130.00003051757784,219.50003051757784,32.50000762939446,54.87500762939446,0.0,0.25,1.5258784159755123e-05,-1.5258784159755123e-05,2.4700762190321065e-216,3.6429746784531556e-10,-3.6429746784531556e-10,5.151944197650218e-10,0.0
1490,12.359546799999862,130.00003051757807,219.50003051757807,32.50000762939452,54.87500762939452,0.0,0.25,1.5258784216598542e-05,-1.5258784216598542e-05,2.4700762190321065e-216,3.8257794247453186e-11,-3.8257794247453186e-11,5.4104691491227675e-11,0.0
1491,12.361653299999944,130.00003051757812,219.50003051757812,32.50000762939453,54.87500762939453,0.0,0.25,1.5258784230809397e-05,-1.5258784230809397e-05,2.4700762190321065e-216,2.5210306541476e-11,-2.5210306541476e-11,3.5652757422538516e-11,0.0
1492,12.374858299999914,130.00003051757812,219.50003051757812,32.50000762939453,54.87500762939453,0.0,0.25,1.5258784230809397e-05,-1.5258784230809397e-05,2.4700762190321065e-216,2.134884059276939e-12,-2.134884059276939e-12,3.0191819907235737e-12,0.0
1493,12.391629100000046,130.00003051757812,219.50003051757812,32.50000762939453,54.87500762939453,0.0,0.25,1.5258784230809397e-05,-1.5258784230809397e-05,2.4700762190321065e-216,1.3492385202611614e-12,-1.3492385202611614e-12,1.9081114142295406e-12,0.0
1494,12.393783699999858,130.00003051757812,219.50003051757812,32.50000762939453,54.87500762939453,0.0,0.25,1.5258784230809397e-05,-1.5258784230809397e-05,2.4700762190321065e-216,-0.00026333682628856624,0.00026333682628856624,0.00037241451120957814,0.0
1495,12.407309400000031,130.00003051757812,219.50003051757812,32.50000762939453,54.87500762939453,0.0,0.25,1.5258784230809397e-05,-1.5258784230809397e-05,2.4700762190321065e-216,-0.00031409550272748683,0.00031409550272748683,0.00044419811983760737,0.0
1496,12.409482300000036,130.00001907348633,219.50001907348633,32.50000476837158,54.87500476837158,0.0,0.25,1.2397761281590647e-05,-1.2397761281590647e-05,2.4700762190321065e-216,-0.0006502721026520868,0.0006502721026520868,0.0009196236268034507,0.0
1497,12.423573600000054,130.00000476837158,219.50000476837158,32.500001192092896,54.875001192092896,0.0,0.25,8.82148259506721e-06,-8.82148259506721e-06,2.4700762190321065e-216,-0.0007020570215892955,0.0007020570215892955,0.0009928585614908426,0.0
1498,12.425807599999871,129.9999897480011,219.4999897480011,32.499997437000275,54.874997437000275,0.0,0.25,5.0663899742176e-06,-5.0663899742176e-06,2.4700762190321065e-216,-0.0007824011689306256,0.0007824011689306256,0.0011064823443182538,0.0
1499,12.440482900000006,129.99997454881668,219.49997454881668,32.49999363720417,54.87499363720417,0.0,0.25,1.2665938697864476e-06,-1.2665938697864476e-06,2.4700762190321065e-216,-0.0005227445468312011,0.0005227445468312011,0.0007392724277852621,0.0
1500,12.44284760000005,129.99997074902058,219.49997074902058,32.499992687255144,54.874992687255144,0.0,0.25,3.1664484367865953e-07,-3.1664484367865953e-07,2.4700762190321065e-216,-0.0004780448370345938,0.0004780448370345938,0.0006760574919567586,0.0
1501,12.455753799999911,129.99996979907155,219.49996979907155,32.49999244976789,54.87499244976789,0.0,0.25,7.91575871517125e-08,-7.91575871517125e-08,2.4700762190321065e-216,-0.00014208432162725578,0.00014208432162725578,0.00020093757464584598,0.0
1502,12.457713600000034,129.9999695615843,219.4999695615843,32.49999239039607,54.87499239039607,0.0,0.25,1.978577301997575e-08,-1.978577301997575e-08,2.4700762190321065e-216,-9.064062001263085e-05,9.064062001263085e-05,0.00012818519412376874,0.0
1503,12.471451699999989,129.99996950221248,219.49996950221248,32.49999237555312,54.87499237555312,0.0,0.25,4.942819487041561e-09,-4.942819487041561e-09,2.4700762190321065e-216,-1.0309084621322598e-05,1.0309084621322598e-05,1.457924728712632e-05,0.0
1504,12.473626700000068,129.99996948736953,219.49996948736953,32.49999237184238,54.87499237184238,0.0,0.25,1.2320811038080137e-09,-1.2320811038080137e-09,2.4700762190321065e-216,-6.6513686653790884e-06,6.6513686653790884e-06,9.40645577492254e-06,0.0
1505,12.488337900000033,129.9999694836588,219.4999694836588,32.4999923709147,54.8749923709147,0.0,0.25,3.043965079996269e-10,-3.043965079996269e-10,2.4700762190321065e-216,-5.932996271533777e-07,5.932996271533777e-07,8.390523792712073e-07,0.0
1506,12.49040049999985,129.9999694827311,219.4999694827311,32.499992370682776,54.874992370682776,0.0,0.25,7.247535904753022e-11,-7.247535904753022e-11,2.4700762190321065e-216,-3.784207719258875e-07,3.784207719258875e-07,5.351677879412859e-07,0.0
1507,12.50331940000001,129.99996948249918,219.49996948249918,32.499992370624796,54.874992370624796,0.0,0.25,1.4495071809506044e-11,-1.4495071809506044e-11,2.4700762190321065e-216,-3.7258653942093623e-08,3.7258653942093623e-08,5.269169372067458e-08,0.0
1508,12.50572390000002,129.9999694824412,219.4999694824412,32.4999923706103,54.8749923706103,0.0,0.25,0.0,-0.0,2.4700762190321065e-216,-2.4722933465227808e-08,2.4722933465227808e-08,3.496350780817282e-08,0.0
1509,12.518852400000014,129.9999694824267,219.4999694824267,32.49999237060668,54.87499237060668,0.0,0.25,-3.623767952376511e-12,3.623767952376511e-12,2.4700762190321065e-216,-2.237925905998596e-09,2.237925905998596e-09,3.1649051678493103e-09,0.0
1510,12.52123860000006,129.99996948242307,219.49996948242307,32.49999237060577,54.87499237060577,0.0,0.25,-4.533262654149439e-12,4.533262654149439e-12,2.4700762190321065e-216,-1.345483067658032e-09,1.345483067658032e-09,1.9028004022253456e-09,0.0
1511,12.535336499999858,129.99996948242216,219.49996948242216,32.49999237060554,54.87499237060554,0.0,0.25,-4.760636329592671e-12,4.760636329592671e-12,2.4700762190321065e-216,-1.400292935578355e-10,1.400292935578355e-10,1.9803132607901443e-10,0.0
1512,12.537539199999856,129.99996948242193,219.49996948242193,32.49999237060548,54.87499237060548,0.0,0.25,-4.817479748453479e-12,4.817479748453479e-12,2.4700762190321065e-216,-8.482469360539121e-11,8.482469360539121e-11,1.199602321208866e-10,0.0
1513,12.551186400000006,129.99996948242188,219.49996948242188,32.49999237060547,54.87499237060547,0.0,0.25,-4.831690603168681e-12,4.831690603168681e-12,2.4700762190321065e-216,-8.595148575194185e-12,8.595148575194185e-12,1.2155375685651401e-11,0.0
1514,12.553381700000045,129.99996948242188,219.49996948242188,32.49999237060547,54.87499237060547,0.0,0.25,-4.831690603168681e-12,4.831690603168681e-12,2.4700762190321065e-216,-5.3695096439135384e-12,5.3695096439135384e-12,7.593633361715655e-12,0.0
1515,12.56725809999989,129.99996948242188,219.49996948242188,32.49999237060547,54.87499237060547,0.0,0.25,-4.831690603168681e-12,4.831690603168681e-12,2.4700762190321065e-216,-2.0826037157871775e-13,2.0826037157871775e-13,2.9452464199148293e-13,0.0
1516,12.56932259999985,129.99996948242188,219.49996948242188,32.49999237060547,54.87499237060547,0.0,0.25,-4.831690603168681e-12,4.831690603168681e-12,2.4700762190321065e-216,0.00027495295269805046,-0.00027495295269805046,0.00038884219472011105,0.0
1517,12.583353299999999,129.99996948242188,219.49996948242188,32.49999237060547,54.87499237060547,0.0,0.25,-4.831690603168681e-12,4.831690603168681e-12,2.4700762190321065e-216,0.00032730546562051557,-0.00032730546562051557,0.0004628798285193739,0.0
1518,12.58543439999994,129.99998092651367,219.49998092651367,32.49999523162842,54.87499523162842,0.0,0.25,2.861018117528147e-06,-2.861018117528147e-06,2.4700762190321065e-216,0.000683204680969359,-0.000683204680969359,0.0009661973257036511,0.0
1519,12.599096700000018,129.99999523162842,219.49999523162842,32.499998807907104,54.874998807907104,0.0,0.25,6.437296804051584e-06,-6.437296804051584e-06,2.4700762190321065e-216,0.0007368025779061882,-0.0007368025779061882,0.0010419961984663904,0.0
1520,12.601206899999852,130.0000102519989,219.5000102519989,32.500002562999725,54.875002562999725,0.0,0.25,1.0192389424901194e-05,-1.0192389424901194e-05,2.4700762190321065e-216,0.0007489823484797382,-0.0007489823484797382,0.0010592209951980974,0.0
1521,12.615385800000013,130.00002545118332,219.50002545118332,32.50000636279583,54.87500636279583,0.0,0.25,1.3992185529332346e-05,-1.3992185529332346e-05,2.4700762190321065e-216,0.0004962027076263941,-0.0004962027076263941,0.0007017365988114981,0.0
1522,12.63098459999992,130.00002925097942,219.50002925097942,32.500007312744856,54.875007312744856,0.0,0.25,1.4942134555440134e-05,-1.4942134555440134e-05,2.4700762190321065e-216,0.00044471271206970316,-0.00044471271206970316,0.0006289187487686954,0.0
1523,12.633126700000048,130.00003020092845,219.50003020092845,32.50000755023211,54.87500755023211,0.0,0.25,1.5179621811967081e-05,-1.5179621811967081e-05,2.4700762190321065e-216,9.010211533733391e-05,-9.010211533733391e-05,0.00012742363350856247,0.0
1524,12.646893800000043,130.0000304384157,219.5000304384157,32.50000760960393,54.87500760960393,0.0,0.25,1.5238993626098818e-05,-1.5238993626098818e-05,2.4700762190321065e-216,3.655827100584969e-05,-3.655827100584969e-05,5.170120267338372e-05,0.0
1525,12.6491974999999,130.00003049778752,219.50003049778752,32.50000762444688,54.87500762444688,0.0,0.25,1.5253836579631752e-05,-1.5253836579631752e-05,2.4700762190321065e-216,2.4461366407802074e-05,-2.4461366407802074e-05,3.459359612809133e-05,0.0
1526,12.662927599999875,130.00003051263047,219.50003051263047,32.50000762815762,54.87500762815762,0.0,0.25,1.5257547318014986e-05,-1.5257547318014986e-05,2.4700762190321065e-216,2.2913802173245707e-06,-2.2913802173245707e-06,3.2405009798938175e-06,0.0
1527,12.66516660000002,130.0000305163412,219.5000305163412,32.5000076290853,54.8750076290853,0.0,0.25,1.5258475002610794e-05,-1.5258475002610794e-05,2.4700762190321065e-216,1.4346188614023378e-06,-1.4346188614023378e-06,2.0288574506314336e-06,0.0
1528,12.679114000000027,130.0000305172689,219.5000305172689,32.500007629317224,54.875007629317224,0.0,0.25,1.5258706923759746e-05,-1.5258706923759746e-05,2.4700762190321065e-216,1.4620730850845237e-07,-1.4620730850845237e-07,2.0676835861072054e-07,0.0
1529,12.681128599999965,130.00003051750082,219.50003051750082,32.500007629375204,54.875007629375204,0.0,0.25,1.5258764904046984e-05,-1.5258764904046984e-05,2.4700762190321065e-216,9.248729624790023e-08,-9.248729624790023e-08,1.3079678870099878e-07,0.0
1530,12.695129199999883,130.0000305175588,219.5000305175588,32.5000076293897,54.8750076293897,0.0,0.25,1.5258779399118794e-05,-1.5258779399118794e-05,2.4700762190321065e-216,9.634624064525712e-09,-9.634624064525712e-09,1.3625416020418455e-08,0.0
1531,12.697308300000032,130.0000305175733,219.5000305175733,32.50000762939332,54.87500762939332,0.0,0.25,1.5258783022886746e-05,-1.5258783022886746e-05,2.4700762190321065e-216,6.330427267492961e-09,-6.330427267492961e-09,8.952576097304997e-09,0.0
1532,12.710981499999889,130.00003051757693,219.50003051757693,32.50000762939423,54.87500762939423,0.0,0.25,1.5258783932381448e-05,-1.5258783932381448e-05,2.4700762190321065e-216,5.752286819819317e-10,-5.752286819819317e-10,8.134962035248479e-10,0.0
1533,12.713100799999893,130.00003051757784,219.50003051757784,32.50000762939446,54.87500762939446,0.0,0.25,1.5258784159755123e-05,-1.5258784159755123e-05,2.4700762190321065e-216,3.695806664815578e-10,-3.695806664815578e-10,5.226659909291066e-10,0.0
1534,12.72711430000004,130.00003051757807,219.50003051757807,32.50000762939452,54.87500762939452,0.0,0.25,1.5258784216598542e-05,-1.5258784216598542e-05,2.4700762190321065e-216,3.698758198525206e-11,-3.698758198525206e-11,5.230834008293023e-11,0.0
1535,12.72912210000004,130.00003051757812,219.50003051757812,32.50000762939453,54.87500762939453,0.0,0.25,1.5258784230809397e-05,-1.5258784230809397e-05,2.4700762190321065e-216,2.3684263057972208e-11,-2.3684263057972208e-11,3.349460603139637e-11,0.0
1536,12.747296499999948,130.00003051757812,219.50003051757812,32.50000762939453,54.87500762939453,0.0,0.25,1.5258784230809397e-05,-1.5258784230809397e-05,2.4700762190321065e-216,2.2268313170379153e-12,-2.2268313170379153e-12,3.149215049672161e-12,0.0
1537,12.75018829999999,130.00003051757812,219.50003051757812,32.50000762939453,54.87500762939453,0.0,0.25,1.5258784230809397e-05,-1.5258784230809397e-05,2.4700762190321065e-216,1.415564768920543e-12,-1.415564768920543e-12,2.0019108946249683e-12,0.0
1538,12.758935500000007,130.00003051757812,219.50003051757812,32.50000762939453,54.87500762939453,0.0,0.25,1.5258784230809397e-05,-1.5258784230809397e-05,2.4700762190321065e-216,-4.110015585487508e-05,4.110015585487508e-05,5.81243978256123e-05,0.0
1539,12.761006899999984,130.00003051757812,219.50003051757812,32.50000762939453,54.87500762939453,0.0,0.25,1.5258784230809397e-05,-1.5258784230809397e-05,2.4700762190321065e-216,-0.00039522221611578334,0.00039522221611578334,0.0005589286181820912,0.0
1540,12.774929100000008,130.00001907348633,219.50001907348633,32.50000476837158,54.87500476837158,0.0,0.25,1.2397761281590647e-05,-1.2397761281590647e-05,2.4700762190321065e-216,-0.0004489400666089833,0.0004489400666089833,0.0006348971308911049,0.0
1541,12.77694889999998,130.00000476837158,219.50000476837158,32.500001192092896,54.875001192092896,0.0,0.25,8.82148259506721e-06,-8.82148259506721e-06,2.4700762190321065e-216,-0.0008281044735429534,0.0008281044735429534,0.0011711165775462765,0.0
1542,12.790929699999879,129.9999897480011,219.4999897480011,32.499997437000275,54.874997437000275,0.0,0.25,5.0663899742176e-06,-5.0663899742176e-06,2.4700762190321065e-216,-0.0008414720817541079,0.0008414720817541079,0.0011900212303749813,0.0
1543,12.79293400000006,129.99997454881668,219.49997454881668,32.49999363720417,54.87499363720417,0.0,0.25,1.2665938697864476e-06,-1.2665938697864476e-06,2.4700762190321065e-216,-0.0008216702763352624,0.0008216702763352624,0.001162017248592177,0.0
1544,12.807146699999976,129.99997074902058,219.49997074902058,32.499992687255144,54.874992687255144,0.0,0.25,3.1664484367865953e-07,-3.1664484367865953e-07,2.4700762190321065e-216,-0.000468373552504831,0.000468373552504831,0.000662380230209199,0.0
1545,12.809376799999882,129.99996979907155,219.49996979907155,32.49999244976789,54.87499244976789,0.0,0.25,7.91575871517125e-08,-7.91575871517125e-08,2.4700762190321065e-216,-0.00041605942373794304,0.00041605942373794304,0.0005883968798033335,0.0
1546,12.823764100000062,129.9999695615843,219.4999695615843,32.49999239039607,54.87499239039607,0.0,0.25,1.978577301997575e-08,-1.978577301997575e-08,2.4700762190321065e-216,-3.695123713142892e-05,3.695123713142892e-05,5.225694069773108e-05,0.0
1547,12.825878899999907,129.99996950221248,219.49996950221248,32.49999237555312,54.87499237555312,0.0,0.25,4.942819487041561e-09,-4.942819487041561e-09,2.4700762190321065e-216,-2.359515567312054e-05,2.359515567312054e-05,3.336858915923154e-05,0.0
1548,12.839079599999877,129.99996948736953,219.49996948736953,32.49999237184238,54.87499237184238,0.0,0.25,1.2320811038080137e-09,-1.2320811038080137e-09,2.4700762190321065e-216,-2.318403407041931e-06,2.318403407041931e-06,3.27871754129069e-06,0.0
1549,12.85517579999987,129.9999694836588,219.4999694836588,32.4999923709147,54.8749923709147,0.0,0.25,3.043965079996269e-10,-3.043965079996269e-10,2.4700762190321065e-216,-1.4938817584629633e-06,1.4938817584629633e-06,2.112667843400091e-06,0.0
1550,12.857323400000041,129.9999694827311,219.4999694827311,32.499992370682776,54.874992370682776,0.0,0.25,7.247535904753022e-11,-7.247535904753022e-11,2.4700762190321065e-216,-9.193345501857226e-08,9.193345501857226e-08,1.3001353892308177e-07,0.0
1551,12.871555499999886,129.99996948249918,219.49996948249918,32.499992370624796,54.874992370624796,0.0,0.25,1.4495071809506044e-11,-1.4495071809506044e-11,2.4700762190321065e-216,-3.576110478983803e-08,3.576110478983803e-08,5.057383939923439e-08,0.0
1552,12.873190199999954,129.9999694824412,219.4999694824412,32.4999923706103,54.8749923706103,0.0,0.25,0.0,-0.0,2.4700762190321065e-216,-2.4452796690135875e-08,2.4452796690135875e-08,3.458147671714208e-08,0.0
1553,12.888296399999945,129.9999694824267,219.4999694824267,32.49999237060668,54.87499237060668,0.0,0.25,-3.623767952376511e-12,3.623767952376511e-12,2.4700762190321065e-216,-2.857930148651044e-09,2.857930148651044e-09,4.041723576537262e-09,0.0
1554,12.889129099999991,129.99996948242307,219.49996948242307,32.49999237060577,54.87499237060577,0.0,0.25,-4.533262654149439e-12,4.533262654149439e-12,2.4700762190321065e-216,-2.0476256970970483e-09,2.0476256970970483e-09,2.8957800314983087e-09,0.0
1555,12.902895100000023,129.99996948242216,219.49996948242216,32.49999237060554,54.87499237060554,0.0,0.25,-4.760636329592671e-12,4.760636329592671e-12,2.4700762190321065e-216,-2.7440863917935786e-10,2.7440863917935786e-10,3.880724191597929e-10,0.0
1556,12.905434199999945,129.99996948242193,219.49996948242193,32.49999237060548,54.87499237060548,0.0,0.25,-4.817479748453479e-12,4.817479748453479e-12,2.4700762190321065e-216,-2.2643141191666236e-10,2.2643141191666236e-10,3.2022237367983276e-10,0.0
1557,12.919243899999856,129.99996948242188,219.49996948242188,32.49999237060547,54.87499237060547,0.0,0.25,-4.831690603168681e-12,4.831690603168681e-12,2.4700762190321065e-216,-7.986665496020818e-12,7.986665496020818e-12,1.1294850662609883e-11,0.0
1558,12.921474999999873,129.99996948242188,219.49996948242188,32.49999237060547,54.87499237060547,0.0,0.25,-4.831690603168681e-12,4.831690603168681e-12,2.4700762190321065e-216,-4.68325600244683e-12,4.68325600244683e-12,6.623124154725512e-12,0.0
1559,12.93500640000002,129.99996948242188,219.49996948242188,32.49999237060547,54.87499237060547,0.0,0.25,-4.831690603168681e-12,4.831690603168681e-12,2.4700762190321065e-216,-2.0580975278672147e-13,2.0580975278672147e-13,2.910589436596354e-13,0.0
1560,12.937158100000033,129.99996948242188,219.49996948242188,32.49999237060547,54.87499237060547,0.0,0.25,-4.831690603168681e-12,4.831690603168681e-12,2.4700762190321065e-216,0.00024991465314191697,-0.00024991465314191697,0.0003534326919090668,0.0
1561,12.950912499999959,129.99996948242188,219.49996948242188,32.49999237060547,54.87499237060547,0.0,0.25,-4.831690603168681e-12,4.831690603168681e-12,2.4700762190321065e-216,0.00030190300445038875,-0.00030190300445038875,0.00042695532341492464,0.0
1562,12.953202099999999,129.99998092651367,219.49998092651367,32.49999523162842,54.87499523162842,0.0,0.25,2.861018117528147e-06,-2.861018117528147e-06,2.4700762190321065e-216,0.000664766474601888,-2.0313178622938484,2.0313179710691567,0.0
1563,12.966960100000051,129.99999523162842,219.49999523162842,32.499998807907104,54.874998807907104,0.0,0.25,6.437296804051584e-06,-6.437296804051584e-06,2.4700762190321065e-216,0.000719008981660098,-2.367997274721307,2.3679973838797737,0.0
1564,12.969029800000044,130.0000102519989,219.58406710624695,32.500002562999725,54.89601677656174,0.0,0.25,1.0192389424901194e-05,-0.02102440595143662,2.4700762190321065e-216,0.0007919081471982467,-4.02803048560154,4.028030563445849,0.0
1565,12.983040200000005,130.00002545118332,219.67840737104416,32.50000636279583,54.91960184276104,0.0,0.25,1.3992185529332346e-05,-0.04460947215073929,2.4700762190321065e-216,0.000545532586458092,-4.306371471176033,4.306371505730159,0.0
1566,12.98564639999995,130.00002925097942,219.76493494212627,32.500007312744856,54.94123373553157,0.0,0.25,1.4942134555440134e-05,-0.06624136492126809,2.4700762190321065e-216,0.0004972499939193833,-5.285539861451607,5.285539884841607,0.0
1567,12.9990671999999,130.00003020092845,219.8397131972015,32.50000755023211,54.95992829930037,0.0,0.25,1.5179621811967081e-05,-0.08493592869007216,2.4700762190321065e-216,0.00013462022322363197,-3.4571369669893883,3.4571369696104304,0.0
1568,13.002271500000006,130.0000304384157,219.90246751438826,32.50000760960393,54.975616878597066,0.0,0.25,1.5238993626098818e-05,-0.10062450798676537,2.4700762190321065e-216,8.067577941159512e-05,-3.948572481884822,3.9485724827089905,0.0
1569,13.014974100000018,130.00003049778752,219.95394176873378,32.50000762444688,54.988485442183446,0.0,0.25,1.5253836579631752e-05,-0.1134930715731457,2.4700762190321065e-216,7.790217882652892e-06,-2.4063445115180326,2.4063445115306425,0.0
1570,13.017464000000018,130.00003051263047,219.99518023588462,32.50000762815762,54.998795058971155,0.0,0.25,1.5257547318014986e-05,-0.12380268836085406,2.4700762190321065e-216,4.272663477636586e-06,-2.6888964510814723,2.688896451084867,0.0
1571,13.031102400000009,130.0000305163412,220.02731373572897,32.5000076290853,55.00682843393224,0.0,0.25,1.5258475002610794e-05,-0.1318360633219413,2.4700762190321065e-216,5.677570896533683e-07,-1.7733133655111815,1.7733133655112723,0.0
1572,13.033255999999938,130.0000305172689,220.05148328012365,32.500007629317224,55.01287082003091,0.0,0.25,1.5258706923759746e-05,-0.13787844942061156,2.4700762190321065e-216,3.353919864608198e-07,-1.835982402081221,1.8359824020812516,9.759876348457373
1573,13.046860299999935,130.00003051750082,220.06879809664224,32.500007629375204,55.01719952416056,0.0,0.25,1.5258764904046984e-05,-0.1422071535502596,0.39832885742187507,0.0010851053951911765,-1.3009488461626997,1.3009492986991378,
1574,13.04903289999993,130.0000305175588,220.08032513451212,32.5000076293897,55.02008128362803,0.0,0.25,1.5258779399118794e-05,-0.1450889130177302,0.477994628906249,0.00118501640168906,-1.7555190845823838,1.7555194845392186,
1575,13.063271199999917,130.0003395080518,220.1637847443214,32.50008487701295,55.04094618608035,1.9916442871093751,0.25,9.2506402651793e-05,-0.16595381547004706,,-0.0041895106785349795,-3.5325807205316617,3.5325832048334997,
1576,13.079018700000006,130.0003709793079,220.3440544014124,32.50009274482697,55.0860136003531,0.39832885742187507,0.25,0.00010037421667163926,-0.2110212297427978,,-0.020223425226178936,-3.7343695539501667,3.734424313384574,
1577,13.081181300000026,130.00013852119417,220.44518642139803,32.50003463029854,55.11129660534951,2.26071435546875,0.25,4.2259688243007076e-05,-0.23630423473920814,,-0.1625083225504275,-5.156814760590135,5.159374713077007,
1578,13.095030700000052,129.99569731950754,220.51870627331826,32.498924329876886,55.129676568329565,2.6331914550781255,0.25,-0.0010680407334149322,-0.2546841977192642,,-0.17269441137852387,-5.164215038479955,5.167101733407606,
1579,13.09706970000002,129.98989494144917,220.58753179293893,32.49747373536229,55.14688294823473,2.81656138671875,0.25,-0.0025186352480091045,-0.2718905776244327,,-0.21634736614713662,-6.533822380407707,6.537403236878954,
1580,13.111012000000073,129.98735715821385,220.67131989891834,32.49683928955346,55.167829974729585,2.744360861328125,0.25,-0.0031530810568369816,-0.29283760411928483,2.730213438921877,-0.24583754708374422,-4.460400992952632,4.4671705941780395,
1581,13.113133000000062,129.98550963867456,220.7536988101788,32.49637740966864,55.1884247025447,2.7299207562500003,0.25,-0.0036149609416611383,-0.31343233193440057,2.7488661741125036,-0.6016130292358218,-5.889884545912156,5.920530229727836,
1582,13.126908700000058,129.97590392944403,220.82665025796462,32.49397598236101,55.206662564491154,2.727032735234375,0.25,-0.006016388249292959,-0.3316701938808535,2.7308218188068776,-0.5251318636499807,-4.421708245122023,4.452781970768452,
1583,13.128876799999944,129.96126876800554,220.89336529276264,32.490317192001385,55.22334132319066,2.7264551310312504,0.25,-0.009675178608915758,-0.34834895258035914,2.7997764243082512,-1.0269702705876056,-5.8900544781432185,5.9789137552038465,
1584,13.142943800000012,129.94275554649357,220.95513377314182,32.48568888662339,55.238783443285456,2.7263396101906254,0.25,-0.014303483986907395,-0.36379107267515565,2.9159916618147754,-1.0600438943932895,-4.174207414377752,4.30670414543264,
1585,13.145094499999914,129.92077799795152,221.03121813566827,32.48019449948788,55.25780453391707,3.0891338888350006,0.25,-0.01979787112242093,-0.3828121633067667,3.113276457362956,-2.36203340629471,-5.568571458131584,6.048817231225449,
1586,13.159036999999898,129.89941065549374,221.09427609153425,32.474852663873435,55.273569022883564,3.310996943782625,0.25,-0.02513970673686572,-0.3985766522732632,3.370222430144465,-2.19947282915982,-4.144368361609285,4.691851430184073,
1587,13.161170599999878,129.842364413141,221.16507521795194,32.46059110328525,55.291268804487984,3.713456712975275,0.25,-0.03940126732504723,-0.41627643387768387,3.557615042669518,-3.014465152614894,-6.213305277104581,6.90595124677442,
1588,13.175084599999991,129.78413465186924,221.2404074458454,32.44603366296731,55.31010186146135,4.011184994938805,0.25,-0.053958707642991044,-0.43510949085104755,3.8485029890026516,-2.403885901436638,-4.8133904524697115,5.380278345499646,
1589,13.17706279999993,129.74928683679542,221.330949182018,32.437321709198855,55.3327372955045,3.6633026728158864,0.25,-0.0626706614114454,-0.45774492489420027,4.238499425925531,-1.5789173504513068,-7.656998934038675,7.818095207620945,
1590,13.190998900000068,129.7770586476754,221.43377336728184,32.44426466191885,55.35844334182046,4.543573620500677,0.25,-0.05572770869144961,-0.4834509712101607,4.619942316825732,-0.15760049473798166,-6.538785800563867,6.54068480066096,
1591,13.193010400000048,129.8071644421923,221.55726917800212,32.45179111054807,55.38931729450053,5.26097912839701,0.25,-0.04820126006222836,-0.5143249238902285,5.056963316880773,0.25671249671016894,-9.982330950274495,9.985631302365178,
1592,13.207295899999963,129.83129626801878,221.711819430731,32.457824067004694,55.42795485768275,5.620671167476278,0.25,-0.04216830360560664,-0.552962487072449,5.828685143844906,1.0589303343664125,-8.44854020776227,8.514644155525064,
1593,13.209430999999995,129.84005291832307,221.87042540821986,32.46001322958077,55.467606352054965,6.1962899952140065,0.25,-0.039979141029533594,-0.5926139814446643,6.521663542440858,-0.4252743886293989,-13.511824976768771,13.518515913681371,
1594,13.223315599999978,129.81823237630928,222.07999877759207,32.45455809407732,55.51999969439802,7.521911807636552,0.25,-0.04543427653297982,-0.6450073237877163,7.3037772885662955,-1.4111191779177656,-11.344765858488616,11.432190066571508,
1595,13.225309100000004,129.76302977376483,222.2965805049449,32.44075744344121,55.574145126236225,8.008465613480436,0.25,-0.05923492716909351,-0.6991527556259243,,-3.6941159665381367,-17.62495347530394,18.007928192350736,
1596,13.23913319999997,129.69736449910528,222.54615669239834,32.42434112477632,55.636539173099585,9.171547859024212,0.25,-0.0756512458339813,-0.7615468024892849,,-4.129442688668151,-15.027777003594212,15.584812433544071,
1597,13.241121499999963,129.6099375908408,222.81740541455466,32.4024843977102,55.704351353638664,10.882252687039218,0.25,-0.09750797290010382,-0.8293589830283636,,-6.169764274115764,-22.57691419700013,23.40476545186602,
1598,13.255241000000069,129.54491374951684,223.1328562974863,32.38622843737921,55.78321407437158,12.199497412407844,0.25,-0.11376393323109113,-0.9082217037612779,,-5.185921120880476,-18.34242248136232,19.061433323776573,
1599,13.257288900000049,129.4581278514417,223.4729647457583,32.364531962860426,55.868241186439576,13.29624713873157,0.25,-0.1354604077498749,-0.9932488158292756,,-6.643941750156697,-25.38351637783557,26.23861401986244,
1600,13.27138100000002,129.34518763302646,223.81052863150794,32.336296908256614,55.952632157876984,13.88824723048069,0.25,-0.1636954623536866,-1.0776397872666834,,-4.694474579081175,-19.852134973852742,20.399641040805264,
1601,13.273624299999938,129.26911627471168,224.16693422086527,32.31727906867792,56.04173355521632,15.196936555471138,0.25,-0.182713301932381,-1.1667411846060176,,-4.76002317010762,-20.05553070686138,20.612669223412603,
1602,13.28811810000002,129.19691774055292,224.54079895438625,32.29922943513823,56.13519973859656,17.235127057187977,0.25,-0.20076293547207058,-1.2602073679862613,,-4.561999393320336,-17.702520302487834,18.280893400615,
1603,13.303748099999893,129.10444717805814,224.95357818708288,32.276111794514534,56.23839454677072,18.6675088098751,0.25,-0.22388057609576606,-1.3634021761604203,,-4.668912621050082,-18.244269279222888,18.832209286108647,
1604,13.307387999999946,128.9646112451981,225.38678627040355,32.24115281129953,56.34669656760089,20.17833818775627,0.25,-0.25883955931077196,-1.4717041969905864,,-6.380806349670402,-20.081327140792588,21.070699784476243,
1605,13.319903000000068,128.83755021120186,225.82217187888017,32.209387552800465,56.45554296972004,21.476793125832508,0.25,-0.29060481780983594,-1.580550599109742,,-6.800279241928639,-20.51994711994886,21.61740103651924,
1606,13.322215499999857,128.67995716339618,226.27453558446615,32.169989290849045,56.56863389611654,22.854233136885256,0.25,-0.330003079761255,-1.6936415255062371,,-10.860369072289748,-31.552660238658085,33.36941690414357,
1607,13.335452600000053,128.50296658577093,226.73210511804035,32.125741646442734,56.68302627951009,24.390957711361427,0.25,-0.3742507241675668,-1.8080339088997874,,-9.60473007659118,-27.268431742001916,28.910520740941223,
1608,13.33749429999989,128.3250977255443,227.23653503805502,32.08127443138608,56.809133759513756,26.13023316824885,0.25,-0.41871793922422285,-1.9341413889034555,,-11.995834456426614,-31.489272400018834,33.69679985679026,
1609,13.351694199999883,128.1361717397357,227.70984481908408,32.03404293493392,56.92746120477102,27.768920779157583,0.25,-0.4659494356763787,-2.0524688341607202,,-9.5746600236249,-23.708067542143926,25.568468494433905,
1610,13.355701700000054,127.90383778051498,228.1875625231304,31.975959445128744,57.0468906307826,29.75893552301902,0.25,-0.5240329254815563,-2.1718982601722985,,-13.876989746476127,-30.82945656424257,33.80867102490606,
1611,13.367380799999864,127.67346921075375,228.65464056974744,31.918367302688438,57.16366014243686,31.23778869151787,0.25,-0.5816250679218626,-2.2886677718265602,30.62974524850988,-10.345898421612537,-20.039349749800028,22.55245335978184,
1612,13.369862199999943,127.42677489546188,229.09383592368687,31.85669372386547,57.27345898092172,31.533559325217638,0.25,-0.6432986467448316,-2.3984666103114165,,-15.525859916087507,-28.301882814269373,32.280782161629986,
1613,13.383594200000061,127.20024917430493,229.52311947286506,31.800062293576232,57.380779868216266,32.84952192363728,0.25,-0.6999300770340682,-2.505787497605965,,-13.519335650348278,-23.872203252005047,27.434549832862544,
1614,13.385717699999987,126.95200359301471,229.9448095618198,31.738000898253677,57.48620239045495,34.326026210899336,0.25,-0.7619914723566232,-2.6112100198446484,,-18.688351026149633,-31.527190072993605,36.6499410364499,
1615,13.399233099999947,126.71083071697926,230.35854736115806,31.677707679244815,57.589636840289515,34.972559978507995,0.25,-0.8222846913654855,-2.7146444696792145,,-14.682559863890962,-24.085197944213142,28.20769973196451,
1616,13.401302199999918,126.4561138224333,230.7580747980532,31.614028455608324,57.6895186995133,36.490428743748474,0.25,-0.8859639150019767,-2.814526328903,,-19.86518189582256,-32.28236520606286,37.904835510152715,
1617,13.415244699999903,126.1870017069511,231.15062786089027,31.546750426737773,57.78765696522257,37.82386699874969,0.25,-0.953241943872527,-2.9126645946122665,,-15.119112376769097,-23.725516702493035,28.13339122575962,
1618,13.41740579999987,125.92734849497508,231.57248515125772,31.48183712374377,57.89312128781443,39.40922835580463,0.25,-1.018155246866531,-3.0181289172041303,,-20.966188620982436,-32.05139353321126,38.29977666659938,
1619,13.431095299999924,125.62641796480823,231.9482017016328,31.406604491202057,57.9870504254082,41.890204435809366,0.25,-1.093387879408244,-3.112058054797899,,-15.963938677085102,-23.873094117002772,28.718843305485095,
1620,13.433314899999914,125.32724734398526,232.38575113951953,31.331811835996316,58.09643778487988,42.68116283540406,0.25,-1.1681805346139846,-3.2214454142695814,,-22.089640922389712,-31.20461645564185,38.23192807358567,
1621,13.447760099999869,124.99413864874046,232.8122657267744,31.248534662185115,58.2030664316936,44.536232567080816,0.25,-1.2514577084251854,-3.3280740610832993,,-17.500500204166528,-22.9965365132489,28.898238683373464,
1622,13.45007459999988,124.66590641206304,233.21680697124438,31.16647660301576,58.304201742811095,46.48719341283022,0.25,-1.333515767594541,-3.429209372200795,,-25.892888177995218,-30.67218176369503,40.14005969531324,
1623,13.463016899999957,124.29878747032532,233.6185785738658,31.07469686758133,58.40464464346645,47.84130159760511,0.25,-1.4252955030289698,-3.529652272856147,,-20.669674690439017,-22.228970041790767,30.35395461760142,
1624,13.465138199999956,123.8961003709993,234.00244585196253,30.974025092749827,58.50061146299063,49.72380536346634,0.25,-1.5259672778604738,-3.625619092380333,,-29.841899002581584,-29.958429276871726,42.285297927502,
1625,13.478963000000022,123.47691091123127,234.39321247617423,30.869227727807818,58.59830311904356,51.88988741546671,0.25,-1.6307646428024825,-3.7233107484332564,,-24.386660369664252,-22.667487914858366,33.29450724001788,
1626,13.481118199999855,123.03185208693867,234.79001835952207,30.757963021734668,58.697504589880516,53.154893986999596,0.25,-1.7420293488756329,-3.822512219270216,,-34.18370638416453,-29.78912208612546,45.342227303263996,
1627,13.495076400000016,122.57526763294072,235.1943422058473,30.64381690823518,58.79858555146183,55.024161170446796,0.25,-1.8561754623751199,-3.923593180851526,,-26.555075876869903,-22.133905943556748,34.569955845278926,
1628,13.497237000000041,122.0906304916092,235.56915439911808,30.5226576229023,58.89228859977952,57.02787910908937,0.25,-1.9773347477079994,-4.017296229169219,,-37.519305095349054,-29.72620676742129,47.86800208508152,
1629,13.511013000000048,121.5773680110859,235.9528736217522,30.394342002771474,58.98821840543805,58.39459254545069,0.25,-2.1056503678388268,-4.113226034827747,,-29.11566196946629,-21.779287920931502,36.36013138401811,
1630,13.513124300000072,121.05037456502734,236.33314333219585,30.262593641256835,59.08328583304896,60.79054875811358,0.25,-2.2373987293534654,-4.208293462438661,,-29.006107650897114,-21.235671075811915,35.94868574921074,
1631,13.527174699999932,120.51039256093458,236.68689301078334,30.127598140233644,59.171723252695834,62.11586121646647,0.25,-2.3723942303766563,-4.296730882085534,,-29.488867153454265,-18.909121152224863,35.030674397499,
1632,13.543584499999952,120.00956949948657,236.98381889478568,30.002392374871643,59.24595472369642,63.171130617316734,0.25,-2.497599995738657,-4.370962353086121,,-29.263124003210816,-18.341391325986827,34.53602557041383,
1633,13.545723799999905,119.50905474364606,237.25539228473158,29.877263685911515,59.313848071182896,64.3572852054946,0.25,-2.622728684698785,-4.438855700572596,,-25.163136014952773,-13.204401784906945,28.417241959843093,
1634,13.559043400000064,119.07293286010585,237.47516017445437,29.768233215026463,59.36879004361359,66.312585581138,0.25,-2.7317591555838376,-4.493797673003293,,-24.215399919223398,-12.344371296631426,27.180307135075246,
1635,13.561169300000074,118.71661845367393,237.63964499356476,29.679154613418483,59.40991124839119,66.99559359327839,0.25,-2.8208377571918177,-4.534918877780889,,-27.32377370126247,-12.99894998187104,30.258243668610177,
1636,13.57520969999996,118.4431526450347,237.7516394588404,29.610788161258675,59.4379098647101,67.13219519570646,0.25,-2.8892042093516253,-4.5629174940998,66.82565791431692,-16.19285341860796,-6.831572111687546,17.574950337161997,
1637,13.577354799999966,118.24432926843642,237.8185365431769,29.561082317109104,59.45463413579422,67.15951551619207,0.25,-2.9389100535011963,-4.579641765183922,66.84357610190635,-17.467497779448408,-6.484081203184779,18.632143937951135,
1638,13.590946099999883,118.09015603231907,237.86743015630202,29.522539008079768,59.466857539075505,66.52839968526966,0.25,-2.9774533625305324,-4.591865168465205,66.71984376042033,-9.290846675687938,-2.6035306055703265,9.648741035248225,
1639,13.593081699999857,117.96578775685907,237.8878246411263,29.491446939214768,59.47195616028157,66.40217651908519,0.25,-3.0085454313955324,-4.596963789671271,66.56778131311923,-8.719069811705305,-1.6631749991502867,8.87627903229666,
1640,13.607746899999938,117.90605112622649,237.8843173053011,29.47651278155662,59.471079326325274,66.3769318858483,0.25,-3.0234795890536788,-4.5960869557149735,66.4100528446551,-4.064596080370601,0.05794016297868576,4.065009023243373,
1641,13.609891500000003,117.88880526202537,237.86109016006552,29.472201315506343,59.46527254001638,66.37188295920092,0.25,-3.0277910551039575,-4.590280169406078,66.37850715096228,-2.623335436546197,1.4428165047816686,2.993928569473463,-8.639146661071681
1642,13.623825399999987,117.89441010151708,237.81599580661793,29.47360252537927,59.453998951654484,66.37087317387143,0.25,-3.02638984523103,-4.579006581044183,66.3721980122237,0.47449728739493036,2.108027878771344,2.1607705138265745,-5.258090810657095
1643,13.62588679999999,117.93044685521326,237.76631584618573,29.482611713803315,59.44157896154643,66.37067121680553,0.25,-3.017380656806985,-4.566586590936133,66.370936184476,1.934646275475597,3.448211365712897,3.9538611298126294,-0.36070208223889627
1644,13.640564399999903,117.98506074944785,237.71120939367535,29.496265187361963,59.42780234841884,66.37063082539235,0.25,-3.003727183248337,-4.552809977808536,66.37068381892645,2.6209731727777723,3.1507463723576663,4.098378103023899,-0.21652080199715854
1645,13.64305730000001,118.04770637998891,237.64379432229578,29.511926594997227,59.410948580573944,66.37062274710972,0.25,-2.988065775613073,-4.5359562099636435,66.37063334581653,4.2251554110911425,4.4799647692121445,6.15808595110971,-0.012758488987185434
1646,13.655149599999959,118.11645120742398,237.5847690761794,29.529112801855995,59.39619226904485,66.37062113145319,0.25,-2.970879568754306,-4.521199898434553,66.37062325119456,3.5863603552636203,3.461532422435955,4.984394377392497,-0.007326666659395806
1647,13.657396699999936,118.18945024997612,237.5177590415058,29.54736256249403,59.37943976037645,66.37062080832189,0.25,-2.9526298081162707,-4.504447389766149,66.37062123227017,4.370046276140263,4.003527509087925,5.92668009695404,-0.0005875305901840193
1648,13.671160599999894,118.25422024376844,237.46639959924363,29.56355506094211,59.36659989981091,66.37062074369562,0.25,-2.9364373096681895,-4.491607529200607,66.3706208284853,3.301848513015761,2.814623152498724,4.338698778837527,-0.00031826565255715304
1649,13.674151299999949,118.3122237315964,237.42275224356092,29.5780559328991,59.35568806089023,66.37062073077038,0.25,-2.9219364377111994,-4.48069569027993,66.37062074772832,3.89930716783407,3.192983854755595,5.0398156995918075,-1.9115854427006238e-05
1650,13.690168999999969,118.37254102506219,237.37045856870273,29.593135256265548,59.34261464217568,66.37062072818533,0.25,-2.906857114344753,-4.467622271565382,66.37062073157692,2.5448044969957966,1.866451066800035,3.155894407721687,-9.692439717975093e-06
1651,13.69319849999988,118.42596377799407,237.3327460203495,29.606490944498518,59.333186505087376,66.37062072766832,0.25,-2.893501426111783,-4.4581941344770755,66.37062072834665,3.0156193524513792,2.1046294027156893,3.6774209715036266,-1.652972306274032
1652,13.70394629999987,118.48395714628074,237.2973855712495,29.620989286570186,59.32434639281237,66.37062072756491,0.25,-2.8790030840401144,-4.449354022202073,66.31732330338417,2.182355276529733,1.4615517699216916,2.6265582287774234,-2.738171916428451
1653,13.707220499999949,118.53019567695105,237.26957115477526,29.632548919237763,59.317392788693816,66.37062072754424,0.25,-2.8674434513725373,-4.4424004180835155,66.30666381839168,2.838211903797657,1.7768255416957368,3.3485154645724826,-4.23693374388891
1654,13.719548300000042,118.56384240678659,237.24820943908443,29.640960601696648,59.31205235977111,66.10413360595807,0.25,-2.8590317689136526,-4.437059989160808,66.25123449707678,2.0476310236806565,1.2084094051710896,2.3776135303378134,-4.3893598659291975
1655,13.721595100000059,118.59839811695544,237.22862111587463,29.64959952923886,59.30715527896866,66.31732330322286,0.25,-2.850392841371441,-4.432162908358357,66.2401486328138,2.4463373172888865,1.3812041982930041,2.8093222149376897,-3.3579443777839955
1656,13.735336199999892,118.62344215008847,237.21377911930068,29.655860537522116,59.30344477982517,66.09347412109379,0.25,-2.844131833088184,-4.42845240921487,66.2379314599612,1.8308819870075652,0.9999587133942186,2.0861558615889155,-1.9224929086946159
1657,13.737670900000012,118.65465700053481,237.19802943558688,29.663664250133703,59.29950735889672,66.31519140625001,0.25,-2.8363281204765975,-4.424514988286418,66.23748802539069,1.7328813087590584,0.9333200024733733,1.9682387703892545,-0.11926044850608394
1658,13.75132379999991,118.67940941309757,237.18614981495142,29.669852353274393,59.296537453737855,66.35953486328125,0.25,-2.830140017335907,-4.421545083127555,66.23739933847658,1.1522185391314708,0.567751137458046,1.2845033732938056,0.9222604139584961
1659,13.769304199999851,118.69324216955857,237.1789570399195,29.673310542389643,59.29473925997988,66.10191643310547,0.25,-2.826681828220657,-4.419746889369577,66.29067902541017,1.1438058660688362,0.546662296752102,1.2677269129997057,-3.744488431788349
1660,13.772309199999881,118.70907714395214,237.17216922213808,29.677269285988036,59.29304230553452,66.31687986865235,0.25,-2.8227230846222646,-4.41804993492422,66.24803753848047,0.6050001577814199,0.26009725579836784,0.6585406391327604,-5.596812923812015
1661,13.783421999999973,118.7274611652605,237.16485321862046,29.681865291315123,59.291213304655116,66.35987255576173,0.25,-2.818127079295177,-4.416220934044816,66.18621181677814,0.5189134671182561,0.21725853304243395,0.5625588471763997,-0.10956198684408047
1662,13.785529199999928,118.73292692156414,237.16271522726254,29.683231730391036,59.290678806815635,66.10198397160157,0.25,-2.8167606402192646,-4.415686436205334,66.22714409675407,0.6082943193107436,0.2233881341245452,0.6480156150690867,3.504207201860679
1663,13.798999699999968,118.7341560315385,237.16253549626876,29.683539007884626,59.29063387406719,66.05040625476954,0.25,-2.8164533627256745,-4.415641503456889,66.18203312843286,0.3417002794873595,0.10607231201154695,0.35778543343352387,-3.682566083746755
1664,13.801297299999987,118.74003085969127,237.16133471024884,29.68500771492282,59.29033367756221,66.30657783298516,0.25,-2.814984655687482,-4.415341306951909,66.11971351045221,0.19075061693195455,0.025411180041253895,0.19243577092373,-9.164508745022426
1665,13.815003799999886,118.7391764160947,237.16253368976925,29.684794104023673,59.29063342244231,66.09132502704625,0.25,-2.815198266586627,-4.4156410518320115,66.16054701117248,0.03952289885689593,-0.04057246982419237,0.056640840757243585,-6.773525837483195
1666,13.81713939999986,118.73626199953148,237.16457293660247,29.68406549988287,59.29114323415062,66.04827446585847,0.25,-2.8159268707274308,-4.416150863540317,66.16871371131653,-0.06259886907628877,-0.10551041297384742,0.12268278467471372,2.3069037881737917
1667,13.831040199999961,118.73027483521003,237.16881352223655,29.682568708802506,59.29220338055914,66.30615147520294,0.25,-2.817423661807794,-4.417211009948836,66.17034705134535,-0.18054694168604832,-0.1330266275664541,0.22426163691966894,1.3644747058063729
1668,13.833191499999884,118.72607723846559,237.1715788383228,29.681519309616398,59.2928947095807,66.09123975548981,0.25,-2.8184730609939024,-4.4179023389704,66.1706737193511,-0.2411105809252943,-0.174833837238326,0.29782743808724266,0.09135984098053015
1669,13.84699529999989,118.72881011161834,237.17196117686586,29.682202527904586,59.292990294216466,66.31474453312921,0.25,-2.8177898427057144,-4.4179979236061655,66.17073905295224,-0.18725303035423485,-0.13548263973381983,0.2311260328177854,-2.894275502545848
1670,13.849167999999963,118.72604293622979,237.1739679248317,29.681510734057447,59.29349198120792,66.09295836707506,0.25,-2.8184816365528533,-4.418499610597621,66.15153367484825,-0.23078697555504885,-0.1726165531991291,0.2881997614922582,-3.0374768113131303
1671,13.862996899999871,118.72206668803693,237.17628922241886,29.680516672009233,59.294072305604715,66.04860113386422,0.25,-2.8194756986010674,-4.419079934994414,66.14769259922747,-0.14628786091840856,-0.11588373407692748,0.18662577012753542,-3.1607095299992674
1672,13.865101800000048,118.7193274019897,237.1784946078508,29.679831850497425,59.2946236519627,66.210124584683,0.25,-2.820160520112875,-4.419631281352402,66.14692438410331,-0.2787607922554876,-0.19224934105135505,0.3386257350432588,-0.21788416935413282
1673,13.879158499999903,118.7156556725189,237.18061379478496,29.678913918129727,59.29515344869624,66.07203437738582,0.25,-2.821078452480574,-4.42016107808594,66.14677074107848,-0.22836015581742872,-0.15326686643413437,0.27502562264541663,-0.12951224314453277
1674,13.88158929999986,118.70969661771468,237.1843937135888,29.67742415442867,59.2960984283972,66.31090345750842,0.25,-2.8225682161816295,-4.421106057786901,66.14674001247353,-0.2801364794614323,-0.17782782823432694,0.3318119702777203,2.1589615370990227
1675,13.895148099999915,118.70609541907712,237.18634577336792,29.67652385476928,59.29658644334198,66.0921901519509,0.25,-2.8234685158410215,-4.421594072731679,66.23487839800254,-0.20590337004069847,-0.12867638162725184,0.24280405470831612,
1676,13.897208200000023,118.70336978677611,237.18770353928926,29.675842446694027,59.296925884822315,66.04844749083941,0.25,-2.8241499239162735,-4.421933514212014,66.32673337003021,-0.2984058075980756,-0.19995350887125982,0.35920388600095726,
1677,13.91094269999985,118.70588700235808,237.18859229717583,29.67647175058952,59.29714807429396,66.65081651232805,0.25,-2.82352062002078,-4.422155703683657,66.32588591961152,-0.18972912324379215,-0.13010735184427075,0.2300544787888011,
1678,13.913094699999874,118.70134357676139,237.1919845000752,29.675335894190347,59.2979961250188,66.53130923752421,0.25,-2.8246564764199533,-4.423003754408498,66.35979540901997,-0.2535392775048125,-0.16194018613142586,0.3008434628206888,5.39439004396287
1679,13.927001300000029,118.69747830446866,237.1941829536321,29.674369576117165,59.29854573840802,66.306666205415,0.25,-2.8256227944931354,-4.423553367797723,66.36657730690166,-0.22009563836734175,-0.14199601910908546,0.26192548457749476,
1680,13.92912739999997,118.69420027985251,237.1958426439256,29.673550069963127,59.2989606609814,66.26173759899316,0.25,-2.826442300647173,-4.4239682903711,66.24571017573581,-0.2636296923309591,-0.1414797508085939,0.29919414193359134,
1681,13.94294930000001,118.68515819374242,237.19943902401852,29.671289548435606,59.29985975600463,66.08235698024785,0.25,-2.8287028221746944,-4.424867385394329,66.22153674950265,-0.13525723515819738,-0.05474978094848111,0.14591798441777684,
1682,13.945172299999967,118.6836300940899,237.19955992079954,29.670907523522477,59.299889980199886,66.04648085649879,0.25,-2.829084847087824,-4.424897609589586,66.1826230847638,-0.0813793904418601,-0.020568991340672582,0.08393860013999146,-7.411057107895765
1683,13.959223500000007,118.69004013765822,237.19733565891082,29.672510034414554,59.299333914727704,66.41044210635836,0.25,-2.8274823361957466,-4.424341544117404,66.14076137232387,-0.0021809201949705777,0.0213809854315276,0.02149192757572075,-8.114928113935203
1684,13.961392199999864,118.69177425560596,237.196195944757,29.67294356390149,59.29904898618925,66.1120978817209,0.25,-2.8270488067088095,-4.424056615578948,66.13238902983586,0.031718104353524214,0.0368378863445116,0.048611397985577474,-2.318446865142891
1685,13.975879899999882,118.69238516851576,237.19535025572048,29.67309629212894,59.29883756393012,66.0524290367934,0.25,-2.8268960784813615,-4.423845193319821,66.13071456133828,0.07341032838307879,0.055391933322194484,0.09196381130902472,-2.220492670529247
1686,13.990955400000075,118.69274389039555,237.19461240523873,29.673185972598887,59.29865310130968,66.0404952678079,0.25,-2.8268063980114135,-4.423660730699382,66.09023135220906,0.060859871929758926,0.039819756505266125,0.07272920334669797,-2.196991082947793
1687,13.993091699999923,118.69305673065553,237.19393584667102,29.673264182663882,59.298483961667756,66.0381085140108,0.25,-2.8267281879464186,-4.423491591057456,66.08213471038323,0.035412559720532796,0.018421365367508404,0.03991736574429154,-2.1970470426117186
1688,14.007081999999855,118.69592729911896,237.19607841357205,29.67398182477974,59.29901960339301,66.20802606071231,0.25,-2.8260105458305596,-4.424027232782713,66.08051538201806,0.03351321323872407,0.018173504838878293,0.038123637545660866,-1.3525067094441638
1689,14.009216299999935,118.69654766645455,237.19587018933052,29.674136916613637,59.29896754733263,66.07161467259168,0.25,-2.825855453996663,-4.42397517672233,66.08019151634502,-0.15550138247324202,-0.04782362598293069,0.16268921031600328,-0.0907245146839907
1690,14.023045599999932,118.69660548350816,237.19513148776232,29.67415137087704,59.29878287194058,66.04433239496755,0.25,-2.825840999733259,-4.423790501330281,66.08012674321041,-0.16595729007334095,-0.06267856729243311,0.1773990555959053,-0.054201871873091494
1691,14.02514229999997,118.68872923647763,237.19779639122768,29.672182309119407,59.29944909780692,66.03887593944273,0.25,-2.8278100614908936,-4.42445672719662,66.08011378858349,-0.3772190590839368,0.37174891650287917,0.5296144592599745,-0.003672160661885796
1692,14.041950999999926,118.68767570206374,237.1974669811077,29.671918925515936,59.29936674527693,66.03778464833776,0.25,-2.8280734450943648,-4.424374374666627,66.0801111976581,-0.43787570025969313,0.37350973674888077,0.5755385758783983,6.854929503218577
1693,14.045559299999923,118.67317014621906,237.1666686861949,29.668292536554766,59.291667171548724,66.20796128757772,0.25,-2.8316998340555344,-4.416674800938424,66.1543379743949,-0.4771676231366433,0.2665640185919584,0.5465759934151587,7.384688795263206
1694,14.054936699999871,118.66451980095906,237.16542358024014,29.666129950239764,59.291355895060036,66.07160171796477,0.25,-2.8338624203705365,-4.416363524449736,66.16918332974227,-0.2772174236629263,0.3184942535626911,0.4222417430036568,7.8195395592869135
1695,14.057212899999968,118.66274059171926,237.17017059232566,29.665685147929814,59.292542648081415,66.41546627865155,0.25,-2.8343072226804864,-4.417550277471115,66.17215240081175,-0.1698594174911799,0.25221555462316186,0.3040804296634561,0.16914905845087957
1696,14.071281999999883,118.66615244834486,237.17344017005408,29.666538112086215,59.29336004251352,66.11310271617953,0.25,-2.8334542585240854,-4.418367671903219,66.13866723553345,0.04676252954012007,-0.183412893519984,0.18928027810198184,
1697,14.07341509999992,118.67059885732547,237.17622594827523,29.667649714331368,59.29405648706881,66.05263000368512,0.25,-2.8323426562789322,-4.419064116458507,66.20619749739966,0.1128390125343594,-0.3115810144930732,0.3313840239695662,
1698,14.087487600000031,118.67499491391632,237.17871911524264,29.66874872847908,59.29467977881066,66.04053546118624,0.25,-2.83124364213122,-4.41968740820036,66.14547625485103,0.16323525609690065,-0.21544729089631282,0.27030220862505205,
1699,14.089467300000024,118.67578493758552,237.18353094458215,29.66894623439638,59.295882736145536,66.40925302729585,0.25,-2.8310461362139208,-4.420890365535236,66.16741098583348,0.19940398585074195,-0.269610220668894,0.3353380692111956,3.15312869425214
1700,14.103743299999906,118.67901512782899,237.1858554229131,29.669753781957247,59.29646385572828,66.11186006590839,0.25,-2.830238588653053,-4.421471485117976,66.20587691152217,0.06997309190701931,-0.22701926975516334,0.23755837689123024,11.323549605488456
1701,14.105811599999925,118.68101286093673,237.18857658766188,29.670253215234183,59.29714414691547,66.22277637109184,0.25,-2.8297391553761173,-4.422151776305171,66.24764907615209,0.06005968699708048,-0.2822114312626054,0.2885315544918364,6.029771371430101
1702,14.119530799999893,118.6740965227293,237.19480726337054,29.668524130682325,59.298701815842634,66.24495963212853,0.25,-2.8314682399279754,-4.423709445232333,66.1817762141562,0.0522218400761328,-0.16177394458818659,0.16999391085729765,2.9860663091990185
1703,14.12157759999991,118.67433009992061,237.19742923283482,29.668582524980152,59.299357308208705,66.24939628433586,0.25,-2.831409845630148,-4.424364937598405,66.16860164175702,0.09868308008231597,-0.14806936465119225,0.1779406840571895,-2.838122378883381
1704,14.135350000000017,118.67766722651824,237.19772995835518,29.66941680662956,59.299432489588796,66.0798887173164,0.25,-2.830575563980741,-4.424440118978495,66.20611504270687,0.05115589460141798,-0.09009657030527475,0.10360655159421484,-3.9779808278532705
1705,14.138582699999915,118.68140258543815,237.197370264247,29.670350646359537,59.29934256606175,66.0459872039125,0.25,-2.829641724250763,-4.424350195451453,66.17953874340466,0.13797515163124158,-0.060040314780497255,0.15047252861105678,-3.970410420960728
1706,14.151341600000023,118.68159828124723,237.19936316542697,29.670399570311808,59.29984079135674,66.4103433758411,0.25,-2.8295928002984923,-4.424848420746443,66.09770370815359,0.11358445405995081,-0.0036185305851595025,0.11364207833233608,-7.42939404478589
1707,14.153480199999876,118.6842335699456,237.1990488602044,29.6710583924864,59.2997622150511,66.11207813561744,0.25,-2.8289339781238994,-4.424769844440803,66.08133670110337,-0.010899570124939834,-0.054326443868003595,0.05540905280052914,-4.021660163883275
1708,14.168866699999853,118.67848370071394,237.20139643135968,29.669620925178485,59.30034910783992,65.84022110808053,0.25,-2.8303714454318154,-4.42535673722962,66.11214227918552,-0.06616123896066867,-0.0613037245865661,0.09019676373904027,-10.05743575027948
1709,14.171642499999962,118.67224543689724,237.20427214250788,29.66806135922431,59.30106803562697,65.99805368206532,0.25,-2.83193101138599,-4.426075665016668,66.04407609988007,-0.30431769754644716,0.7034467983878608,0.766450689348051,-7.895437321185291
1710,14.183306200000061,118.67283163815497,237.20460197117384,29.668207909538744,59.30115049279346,66.20001509432322,0.25,-2.831784461071557,-4.4261581221831605,66.030462864019,-0.41417550984636003,0.6916766557022712,0.8061996954849155,-2.4408348638825057
1711,14.185468799999853,118.66256406493426,237.1718627730669,29.665641016233565,59.29296569326672,66.07001247931386,0.25,-2.834351354376736,-4.417973322656422,66.0701810127452,-0.32344984586838016,0.6543738104724609,0.7299485506695161,5.924512717242089
1712,14.19928959999993,118.64922828124821,237.1730850169972,29.662307070312053,59.2932712542493,66.04401195631199,0.25,-2.837685300298247,-4.4182788836389975,66.07812464249045,-0.24378471716914726,0.6736633284126073,0.7164169654420487,6.564521017338929
1713,14.20139979999999,118.65226869445756,237.17498130673954,29.66306717361439,59.293745326684885,66.03881185171161,0.25,-2.83692519699591,-4.418752956074584,66.0797133684395,-0.23550168429604038,0.662731902206749,0.7033310866930651,0.45023712101356494
1714,14.215171099999907,118.64326126541127,237.1839354511966,29.660815316352817,59.29598386279915,66.03777183079154,0.25,-2.8391770542574832,-4.420991492188847,66.0800311136293,-0.1774761257027465,-0.28153529514245623,0.3328060961061366,0.2599580286781111
1715,14.231375299999854,118.64676006427763,237.18793637744758,29.661690016069407,59.296984094361896,66.20795872406846,0.25,-2.838302354540893,-4.421991723751596,66.08009466266728,-0.10649035418745807,-0.2827455168443851,0.30213444495881087,0.010910250900269411
1716,14.233591100000012,118.63881136921881,237.19623793957675,29.659702842304704,59.29905948489419,66.07160120526291,0.25,-2.840289528305597,-4.424067114283886,66.08010737247487,-0.15511895724745337,-0.3138492226765071,0.35009031045172473,-1.056801628737217
1717,14.246936199999936,118.64488083607912,237.1977411255192,29.66122020901978,59.2994352813798,66.0443297015018,0.25,-2.8387721615905193,-4.4244429107695,66.03766911853793,-0.17675315152833948,-0.17881203734993406,0.25142677120075013,
1718,14.249064699999963,118.64587749661743,237.20097794495402,29.661469374154358,59.300244486238505,66.03887540074957,0.25,-2.838522996455943,-4.425252115628204,65.95266169235994,-0.7575965731035188,0.5363164029263718,0.928217566966968,
1719,14.262946300000067,118.63079157874421,237.17251316299632,29.657697894686052,59.29312829074908,65.82558056110695,0.25,-2.8422944759242483,-4.418135920138781,65.8932194112259,-0.6113807815457157,0.7068055185147917,0.9345375867488764,
1720,14.265053299999863,118.60676977884133,237.14289788303424,29.65169244471033,59.28572447075856,65.78292159317843,0.25,-2.848299925899969,-4.410732100148259,65.83889015910066,-0.5805986052423533,0.5057095232903636,0.7699590004382914,-11.2975305996303
1721,14.278988300000037,118.59753137293299,237.14759046807302,29.649382843233248,59.286897617018255,65.77438979959271,0.25,-2.8506095273770526,-4.4119052464079545,65.78558351277717,-0.5854317080020538,0.5474717114602734,0.8015332554444905,-5.041047723104096
1722,14.281181899999865,118.59987951681723,237.15666003767257,29.649969879204306,59.28916500941814,65.77268344087557,0.25,-2.850022491405994,-4.414172638807841,65.8173629794109,-0.563299423333122,0.15276394280221472,0.5836463505821878,4.734718939076352
1723,14.29495780000002,118.60499841313985,237.16610287562906,29.651249603284963,59.291525718907266,65.77234216913214,0.25,-2.848742767325337,-4.416533348296966,65.8661596686361,-0.001857361998063906,-0.592978566652382,0.5929814755139534,14.158985432204316
1724,14.297092999999904,118.60362310792364,237.17858016226666,29.65090577698091,59.294645040566664,65.98447789427564,0.25,-2.8490865936293908,-4.419652669956363,65.91835980237957,-0.3490220016536117,-0.08876350808930872,0.3601323617874607,9.579032888957677
1725,14.311059599999908,118.60121934509614,237.1905800991604,29.650304836274035,59.2976450247901,66.02690503930435,0.25,-2.8496875343362653,-4.4226526541797995,65.92879982912825,-0.41443684131774866,0.1009004119722501,0.42654283322733555,8.728964791082461
1726,14.313164499999857,118.58520893478477,237.17006247474126,29.646302233696193,59.292515618685314,66.03539046831008,0.25,-2.853690136914107,-4.417523248075014,65.930887834478,-0.5986173632941754,0.7134883305290594,0.931347596463541,1.8487813925959555
1727,14.32727460000001,118.58185292339346,237.17487798440797,29.645463230848364,59.29371949610199,65.82488357461905,0.25,-2.8545291397619366,-4.418727125491692,65.98460316504014,-0.598343973549823,1.099750421811795,1.251985024254928,3.283929847585285
1728,14.329400699999951,118.57481122279172,237.1502868789145,29.64370280569793,59.287571719728625,65.78278219588084,0.25,-2.8562895649123696,-4.4125793491183245,65.99534623115257,-0.8881102885439693,1.6653583419696505,1.8873680859295985,1.9662047408583185
1729,14.343007400000033,118.56612140005828,237.12468414648643,29.64153035001457,59.28117103662161,66.25305454708632,0.25,-2.8584620205957307,-4.406178666011307,65.95505404847661,-0.5009232444265465,1.1359896423766944,1.2415299289159114,-0.5705196346218615
1730,14.345126199999868,118.55347760038077,237.1025363930669,29.638369400095193,59.27563409826673,66.08062036986648,0.25,-2.861622970515107,-4.400641727656428,65.94699561194142,-0.3574786397093247,0.6977621086769066,0.7840044248304165,-2.292845908939506
1731,14.35925959999986,118.55542071540282,237.11440591833508,29.638855178850704,59.27860147958377,65.83392955493034,0.25,-2.861137191759596,-4.40360910897347,65.94538392463438,-0.17005423821591947,0.05136452177444385,0.17764221917189058,-9.975851765843574
1732,14.361321099999941,118.56084461976867,237.1331775904236,29.64021115494217,59.2832943976059,65.7845913919431,0.25,-2.859781215668132,-4.4083020269955995,65.89176385768079,0.0036723555436680155,-0.469418925490675,0.46943329004668916,-8.966786717903709
1733,14.375138800000059,118.56687550735916,237.1519925177231,29.64171887683979,59.287998129430775,65.77472375934565,0.25,-2.858273493770511,-4.413005758820475,65.88103984429006,0.3216370892160454,-1.0483870583917647,1.0966156306394268,-2.4499032541464993
1734,14.377211999999872,118.57275487232319,237.16968529373742,29.643188718080797,59.292421323434354,65.98495421231834,0.25,-2.8568036525295035,-4.417428952824054,65.92133583751036,0.43305322046166295,-1.3302747154032952,1.3989874589121718,7.4299736570330985
1735,14.391126100000065,118.5782072575095,237.18535802997732,29.644551814377376,59.29633950749433,66.02700030291288,0.25,-2.8554405562329244,-4.42134713688403,65.97183583205285,0.34586046283633404,-0.9038997350086919,0.96780896395009,16.086872141804847
1736,14.393211500000007,118.58314091044672,237.1988663629631,29.64578522761168,59.29971659074077,66.0354095210318,0.25,-2.8542071429986215,-4.4247242201304715,66.02437662685978,0.11553116174611372,-0.32679072712089263,0.34661163954288726,8.83301875350345
1737,14.406946300000072,118.59532631953063,237.2068096388365,29.648831579882657,59.30170240970912,66.03709136465558,0.25,-2.8511607907276435,-4.426710039098822,65.99244398992273,-0.0732546426842397,0.19815841483352292,0.21126523624138968,6.644751684441305
1738,14.409122000000025,118.58625337858871,237.18465986820522,29.646563344647177,59.296164967051304,66.03742773338034,0.25,-2.8534290259631234,-4.421172596441004,65.98605746253533,-0.06359908593740791,0.12531761993105783,0.14053237917739406,-1.7835300806621937
1739,14.423273899999913,118.57295303886104,237.1568522229107,29.64323825971526,59.28921305572767,65.8252910276331,0.25,-2.8567541108950394,-4.414220685117371,65.98478015705786,-0.16551199901032765,0.40333879345337453,0.43597752708232407,-1.0481368007160163
1740,14.425424900000053,118.57421131269378,237.16240870392102,29.643552828173444,59.290602175980254,65.99506766597584,0.25,-2.8564395424368563,-4.415609805369954,65.98452469596235,-0.19695271160119365,0.39775315961881286,0.4438445072250098,-0.07092186898799265
1741,14.439067999999907,118.57868008647422,237.1749214814002,29.644670021618555,59.29373037035005,66.02902299364439,0.25,-2.855322348991745,-4.418737999739747,65.98447360374325,-0.12359188063663196,0.17010655559963253,0.210264579083759,0.7183357171700077
1742,14.457698199999868,118.58349372156972,237.1877771537973,29.64587343039243,59.296944288449325,66.0358140591781,0.25,-2.8541189402178695,-4.421951917839024,66.02690418119786,-0.13280177606269708,0.19248403159704916,0.23385126500675715,-5.804629356378967
1743,14.461180000000013,118.574082735202,237.1681829969454,29.6435206838005,59.29204574923635,66.03717227228483,0.25,-2.856471686809801,-4.417053378626051,65.9583556897552,-0.7049971328945556,0.615847499442469,0.9361031460042667,-9.647563162755766
1744,14.471540399999867,118.56243738607101,237.14318863253715,29.640609346517753,59.28579715813429,66.03744391490619,0.25,-2.8593830240925477,-4.410804787523986,65.8388738967401,-0.8660865086200288,0.699130379933702,1.113053964801291,
1745,14.474348899999995,118.53194006551189,237.1266632470015,29.632985016377972,59.28166581175037,65.65232520876249,0.25,-2.867007354232328,-4.406673441140072,65.6849531240746,-1.3997952484086982,0.47116529612696745,1.4769642763932993,
1746,14.487742300000036,118.49317636159282,237.11663819334217,29.623294090398204,59.27915954833554,65.4316140285689,0.25,-2.8766982802120964,-4.404167177725242,65.48546383038133,-1.4645178858842678,0.19392201578886922,1.4773010479528348,
1747,14.49087510000004,118.46054575360621,237.13308334594296,29.615136438401553,59.28327083648574,65.2662101958505,0.25,-2.8848559322087475,-4.408278465875441,65.26119005611534,-1.8739168377772217,-0.31325676321392315,1.8999195021379844,
1748,14.503152199999931,118.41146975138983,237.13206768096816,29.602867437847458,59.28301692024204,65.03972580381854,0.25,-2.8971249327628428,-4.40802454963174,65.09518814550043,-1.4339687124241602,-0.746022382279105,1.616420633088057,
1749,14.506979900000033,118.37582619334063,237.1616599561307,29.593956548335157,59.290414989032676,64.91607504357621,0.25,-2.9060358222751432,-4.415422618422376,64.9463697824204,-2.329648135471393,-2.2083120991100156,3.2099692774512687,
1750,14.521199900000056,118.34653337633809,237.20106714967721,29.58663334408452,59.300266787419304,64.8223156556879,0.25,-2.9133590265257787,-4.425274416809003,64.79103421039034,-1.955298648032479,-2.1117109965191343,2.87793608959919,
1751,14.52260699999988,118.31725468197514,237.24116568268298,29.579313670493786,59.310291420670744,64.68752221316883,0.25,-2.9206787001165146,-4.4352990500604434,64.67307592166792,-2.6657017006169594,-3.0422953560097454,4.044938391356612,
1752,14.53497440000001,118.2810329545514,237.28219236061216,29.57025823863785,59.32054809015304,64.48953233570018,0.25,-2.929734131972449,-4.445555719542739,64.53649933960703,-2.341004291026302,-2.7869914455805693,3.6397283426572966,
1753,14.53709549999985,118.24241743358414,237.32149413507491,29.560604358396034,59.33037353376873,64.44993436020644,0.25,-2.939388012214266,-4.455381163158428,64.290955568605,-3.5815495091183287,-3.6425570633514,5.108396895899625,
1754,14.551026999999976,118.20315768786381,237.3580644212199,29.550789421965952,59.33951610530497,64.23319213327176,0.25,-2.9492029486443485,-4.464523734694673,64.04682667280304,-2.7992578070852687,-2.2359028160558188,3.5826115716574924,
1755,14.553182500000048,118.14523751156557,237.40092128718973,29.536309377891392,59.35023032179743,63.59459680067779,0.25,-2.9636829927189083,-4.4752379511871325,63.83718698983405,-4.147159911196197,-1.945518779872924,4.580827289024449,
1756,14.566983899999968,118.07399477217851,237.40594779005914,29.518498693044627,59.351486947514786,63.466877734159,0.25,-2.9814936775656733,-4.476494576904486,63.634445149431656,-3.4311159597838468,-0.9885690933249435,3.5706897907492228,
1757,14.569158399999878,118.00900581889911,237.40053251025893,29.502251454724778,59.35013312756473,63.44133392085524,0.25,-2.9977409158855224,-4.475140756954431,63.47484740390977,-3.9666368770875873,-1.4493453835601742,4.223128006054085,
1758,14.583233800000016,117.95432932032537,237.39194602429325,29.488582330081343,59.34798650607331,63.43622515819449,0.25,-3.0114100405289577,-4.472994135463011,63.4429278548054,-2.7397890172510997,-0.43468128555045266,2.7740568990302887,
1759,14.585260999999946,117.92690439734208,237.4159491525577,29.48172609933552,59.35398728813942,63.435203405662335,0.25,-3.018266271274779,-4.478994917529121,63.43654394498452,-3.150579216042324,-0.1081673232336075,3.152435497575389,-1.8360753220309136
1760,14.599238600000035,117.8942817939156,237.4102082964402,29.4735704484789,59.35255207411005,63.434999055155906,0.25,-3.0264219221314015,-4.47755970349975,63.43526716302035,-1.7331811771326402,-0.18219893987502717,1.742731604825731,-1.1211269882550905
1761,14.601316199999928,117.86648808153554,237.39739765516475,29.466622020383884,59.34934941379119,63.434958185054626,0.25,-3.0333703502264164,-4.474357043180888,63.435011806627514,-1.9073345649401803,0.11523049215041964,1.9108121856783242,-3.3200639142344883
1762,14.615153199999895,117.84519448437314,237.383426104465,29.461298621093285,59.34585652611625,63.43495001103437,0.25,-3.038693749517016,-4.47086415550595,63.300157268552084,-1.3746221958081546,0.6778824035238044,1.532680897713429,
1763,14.617210800000066,117.83003488818312,237.3699310805596,29.45750872204578,59.3424827701399,63.43494837623032,0.25,-3.04248364856452,-4.467490399529602,63.13838258896433,-2.1586676543218015,0.2468418118175646,2.1727348945226996,
1764,14.631200900000067,117.78982416699208,237.3781501895735,29.44745604174802,59.34453754739337,62.76093071528513,0.25,-3.0525363288622813,-4.469545176783072,62.98045544845693,-1.6068650898039154,-0.10258090539848735,1.6101360995216891,
1765,14.633252099999936,117.75287214892575,237.39499073342853,29.438218037231437,59.34874768335713,62.62612565721719,0.25,-3.061774333378864,-4.473755312746832,62.814066553558575,-2.146890340470554,-0.36733388993329497,2.1780891443417314,
1766,14.647347299999865,117.71986476574706,237.4065823086013,29.429966191436765,59.35164557715032,62.645322482517656,0.25,-3.070026179173535,-4.476653206540021,62.65521687516484,-1.8398792677363571,-0.7352268021271668,1.981341507769979,
1767,14.64947630000006,117.69359419741821,237.41570578833196,29.423398549354552,59.35392644708299,62.6030055365426,0.25,-3.0765938212557487,-4.47893407647269,62.62344663431031,-1.7383460582623889,-0.7434192053354376,1.8906398739945052,-8.877778868268505
1768,14.663885400000026,117.67590862015533,237.4272220403447,29.41897715503883,59.356805510086176,62.64069998426165,0.25,-3.081015215571469,-4.481813139475875,62.61709289131519,-1.0325240834909089,-0.425911051108962,1.1169181735675546,-5.335267950531934
1769,14.680237600000055,117.66211451465797,237.43950814680494,29.415528628664493,59.359877036701235,62.60207951101249,0.25,-3.0844637419458074,-4.4848846660909345,62.60659088050914,-0.9376652734091072,-0.39190854140729076,1.0162718483680269,-0.6481217982485927
1770,14.682676599999922,117.65260634167718,237.44404451716997,29.413151585419296,59.36101112929249,62.59435694224157,0.25,-3.0868407851910042,-4.486018758682192,62.604490478347934,-0.3763979781991725,-0.18903534902633512,0.4212004287437669,-0.7558291048182794
1771,14.69530839999993,117.64699062045348,237.44584236708545,29.41174765511337,59.36146059177136,62.59281242848738,0.25,-3.0882447154969306,-4.486468221161061,62.59483883053288,-0.31415559888040734,-0.1478692089045415,0.3472161333376696,-0.8447694961856561
1772,14.697431499999993,117.64462538643662,237.44632616183972,29.411156346609154,59.36158154045993,62.59250352573655,0.25,-3.0888360240011465,-4.48658916984963,62.59290880614565,-0.21985685161127388,-0.08939461031924087,0.23733611515011918,-0.34684822543945665
1773,14.711414099999956,117.64486949663356,237.4459893468564,29.41121737415839,59.3614973367141,62.59244174518638,0.25,-3.0887749964519102,-4.4865049661038015,62.60175406347524,-0.011664429384356106,0.00954724988015788,0.01507344994143029,
1774,14.71358599999985,117.6471335118537,237.44508116850122,29.411783377963424,59.361270292125305,62.592429389076344,0.25,-3.0882089926468765,-4.486277921515004,50.083191577777754,0.010564078127248189,0.016663614592531843,0.019730073440487845,
1775,14.726948499999935,117.65068070157182,237.4434922769886,29.412670175392954,59.36087306924715,62.63858322888949,0.25,-3.0873221952173466,-4.485880698636848,37.56469087263044,0.066266447699905,0.028057207787852485,0.07196144106127236,
