frame,t_s,x_px_filt,y_px_filt,x_mm_abs,y_mm_abs,angle_deg_raw,mm_per_px,x_mm,y_mm,angle_deg_unwrapped,vx_mm_s,vy_mm_s,speed_mm_s,angular_vel_dps
1797,14.908632300000136,152.9062561941454,237.21702502312385,34.632613582434644,53.72864241976737,3.179830074310303,0.2264957264957265,0.0,-0.0,1.9078980445861822,,,,
1798,14.921905799999877,152.89659273505978,237.21647625700166,34.63042485024858,53.72851812658585,3.179830074310303,0.2264957264957265,-0.0021887321860631914,0.00012429318152129554,2.543864059448243,,,,
1799,14.927370599999904,152.90468254655792,237.21692271415276,34.632257157981066,53.72861924722263,3.179830074310303,0.2264957264957265,-0.00035642445357808583,2.317254473638286e-05,3.1798300743103036,,,,
1800,14.937215999999808,152.90199003361215,237.21677111432922,34.631647315305315,53.72858491051046,3.179830074310303,0.2264957264957265,-0.0009662671293284575,5.750925690506392e-05,3.1798300743103036,-0.0011112810400810066,0.00012007631519252724,0.0011177494672393001,32.85748853843451
1801,14.941117100000156,152.89715125596163,237.2165043325374,34.63055135284601,53.72852448557471,3.179830074310303,0.2264957264957265,-0.002062229588631226,0.00011793419265870853,3.1798300743103036,0.01385092675690994,-0.0007217362378590681,0.013869717921512415,23.274996884018286
1802,14.953513200000089,152.90628702053337,237.21700984167927,34.63262056447978,53.72863898123505,3.179830074310303,0.2264957264957265,6.98204513582823e-06,3.4385323175456506e-06,3.1798300743103036,-0.09836667829378681,0.00551383394598225,0.09852109298691938,0.0
1803,14.960028299999976,152.90369577857084,237.21686156076163,34.63203365924895,53.72860539624088,3.179830074310303,0.2264957264957265,-0.0005799231856968845,3.702352648815577e-05,3.1798300743103036,-0.0006022260678623659,9.502981033272621e-06,0.0006023010405615166,0.0
1804,14.969689600000038,152.89406435601967,237.21632095049313,34.62985218320104,53.728482950325365,3.179830074310303,0.2264957264957265,-0.0027613992336057436,0.00015946944200351254,3.1798300743103036,0.06540298799762582,-0.0036432051000754935,0.06550437987202691,0.0
1805,14.974131899999975,152.90243683485454,237.21679233479125,34.63174851387731,53.72858971685443,3.179830074310303,0.2264957264957265,-0.0008650685573314831,5.2702912938684676e-05,3.1798300743103036,-0.00992828930505811,0.0005353535664178424,0.00994271250544878,0.0
1806,14.984687099999974,152.9047245041238,237.2169216249576,34.632266661190435,53.72861900052458,3.179830074310303,0.2264957264957265,-0.0003469212442084313,2.3419242786815175e-05,3.1798300743103036,-0.026575833868068194,0.0014348210650648604,0.026614538456864404,0.0
1807,14.988951199999974,152.90077600518134,237.21670217747965,34.6313723430539,53.72856929660864,3.179830074310303,0.2264957264957265,-0.001241239380746606,7.31231587280945e-05,3.1798300743103036,-0.036142961436823974,0.001844417676411244,0.03618999223526862,0.0
1808,15.00151730000016,152.89116003523088,237.21616666375468,34.629194366954,53.72844800503845,3.179830074310303,0.2264957264957265,-0.003419215480640503,0.00019441472891656986,3.1798300743103036,-0.13617004894655768,0.007435682846179539,0.13637291376771593,0.0
1809,15.005865900000117,152.88590646388585,237.21588401213006,34.628004455495514,53.72838398565339,3.179830074310303,0.2264957264957265,-0.004609126939129737,0.00025843411398085436,3.1798300743103036,-0.23220163977626201,0.012766270412988626,0.23255231492084205,0.0
1810,15.01721580000003,152.88223558813942,237.21568746421417,34.62717301782645,53.72833946839039,3.179830074310303,0.2264957264957265,-0.005440564608193199,0.0003029513769803316,3.1798300743103036,-0.1339475109138509,0.007301184897550234,0.13414634911515266,0.0
1811,15.021155500000077,152.87473751641963,237.21527211629768,34.62547473662496,53.728245393862295,3.179830074310303,0.2264957264957265,-0.007138845809684824,0.00039702590507317836,3.1798300743103036,-0.08962214224240898,0.004892856369166156,0.08975560385607062,0.0
1812,15.033880999999838,152.89055556440763,237.2161524712131,34.629057456895744,53.72844479048844,3.179830074310303,0.2264957264957265,-0.0035561255388998347,0.00019762927892941207,3.1798300743103036,-0.04527362361130527,0.0025454234171961147,0.04534512294912153,0.0
1813,15.038471599999866,152.89153461253744,237.21620089856498,34.62927920711318,53.72845575907668,3.179830074310303,0.2264957264957265,-0.0033343753214651883,0.0001866606906872903,3.1798300743103036,0.09312993337031303,-0.005129504227976809,0.0932710903934535,0.0
1814,15.048842700000023,152.88915867754844,237.2160642322096,34.62874106799174,53.72842480473123,3.179830074310303,0.2264957264957265,-0.0038725144429037073,0.00021761503613504374,3.1798300743103036,0.22629028465784035,-0.0125260745041821,0.22663670371987574,0.0
1815,15.052906500000063,152.9002605556176,237.2166823788532,34.63125559593048,53.728564812304356,3.179830074310303,0.2264957264957265,-0.0013579865041606354,7.760746301244126e-05,3.1798300743103036,0.15246328134854498,-0.00841531267582381,0.15269534913348692,0.0
1816,15.06546759999992,152.91327848729307,237.21740912010392,34.63420410182279,53.728729416091916,3.179830074310303,0.2264957264957265,0.0015905193881451396,-8.699632454778339e-05,3.1798300743103036,0.1795458559183341,-0.009975695697831192,0.17982277075527148,0.0
1817,15.070309199999883,152.91140601708693,237.21730470312167,34.63377999532311,53.72870576609166,3.179830074310303,0.2264957264957265,0.001166412888466084,-6.334632428917075e-05,3.1798300743103036,0.3035019915396454,-0.016923106442734467,0.30397343699771384,0.0
1818,15.08117429999993,152.92021905798268,237.217793583007,34.635776111423425,53.728816495296456,3.179830074310303,0.2264957264957265,0.0031625289887813324,-0.00017407552908821344,3.1798300743103036,0.23255381189661825,-0.013000981326808663,0.23291694000889615,0.0
1819,15.08522979999998,152.93038740609722,237.2183621225584,34.63807919881689,53.7289452670752,3.179830074310303,0.2264957264957265,0.0054656163822457415,-0.00030284730782881297,3.1798300743103036,0.17647519428915887,-0.0098976219283814,0.17675253072936054,0.0
1820,15.09717899999987,152.94431636446376,237.21914512658685,34.64123404836145,53.72912261414147,3.179830074310303,0.2264957264957265,0.008620465926803433,-0.0004801943740986303,3.1798300743103036,0.1785812722151436,-0.010027042438592686,0.17886255160330394,0.0
1821,15.101363799999945,152.94347273735616,237.21910055166626,34.641042970426824,53.729112518112444,3.179830074310303,0.2264957264957265,0.008429387992180182,-0.0004700983450760532,3.1798300743103036,0.2433584451256619,-0.013534972030218882,0.24373454470353315,0.0
1822,15.114192800000183,152.939107625257,237.21886052610017,34.64005429119069,53.729058153347474,3.179830074310303,0.2264957264957265,0.00744070875604308,-0.00041573358010538186,3.1798300743103036,0.09828004005328839,-0.00541847781652809,0.09842929530746512,0.0
1823,15.118189299999813,152.9480642598299,237.21934983611487,34.64208293064523,53.72916897997474,3.179830074310303,0.2264957264957265,0.009469348210586759,-0.0005265602073691866,3.1798300743103036,0.09443728147147876,-0.005150750504847628,0.09457764197994414,0.0
1824,15.129435299999841,152.94024406178363,237.2189114031205,34.6403116892074,53.729069676775154,3.179830074310303,0.2264957264957265,0.007698106772757285,-0.00042725700778589726,3.1798300743103036,0.020106136223686247,-0.0009058188681670036,0.020126530293802646,0.0
1825,15.145065000000159,152.95713743146155,237.21984320722544,34.64413796524556,53.72928072642286,3.179830074310303,0.2264957264957265,0.01152438281091861,-0.0006383066554889183,3.1798300743103036,0.04120158208930063,-0.002066454235953849,0.04125337076858896,0.0
1826,15.149083400000109,152.9497335766154,237.21942384501926,34.64246102376332,53.729185742675305,3.179830074310303,0.2264957264957265,0.009847441328673767,-0.0005433229079372381,3.1798300743103036,-0.02286145301926807,0.001393587467754095,0.02290388875676972,0.0
1827,15.162062200000037,152.9513616168101,237.21951355402825,34.64282976790998,53.72920606138247,3.179830074310303,0.2264957264957265,0.010216185475336204,-0.0005636416151020285,3.1798300743103036,-0.03655348904908839,0.0021112338826866396,0.03661440795874254,0.0
1828,15.1660281999998,152.9546410938998,237.21969619856566,34.64357255545594,53.729247429589655,3.179830074310303,0.2264957264957265,0.010958973021296003,-0.0006050098222871725,3.1798300743103036,-0.2265865211855127,0.012597364485396681,0.22693643421656806,0.0
1829,15.176884099999825,152.943810877723,237.21910099055938,34.641119557774864,53.72911261751986,3.179830074310303,0.2264957264957265,0.008505975340220573,-0.0004701977524916856,3.1798300743103036,-0.1874519184681074,0.010326029191250436,0.18773611431004036,0.0
1830,15.181079200000113,152.93074642060262,237.21837998396796,34.63816051406811,53.72894931260813,3.179830074310303,0.2264957264957265,0.0055469316334679775,-0.0003068928407614635,3.1798300743103036,-0.289917067158651,0.01601753463811628,0.29035920382477465,0.0
1831,15.193690699999934,152.91840514152761,237.21769619228104,34.63536526709814,53.72879443671323,3.179830074310303,0.2264957264957265,0.0027516846634938474,-0.0001520169458615328,3.1798300743103036,-0.3657848656159811,0.02022731659045157,0.3663437078075066,0.0
1832,15.198793200000182,152.9075035070616,237.21709036887103,34.632896093479765,53.72865722029985,3.179830074310303,0.2264957264957265,0.0002825110451212254,-1.4800532483150164e-05,3.1798300743103036,-0.3994745660840433,0.022145227956980616,0.40008791542522415,0.0
1833,15.209835499999826,152.8981405252029,237.21657270208104,34.630775418101514,53.728539970984166,3.179830074310303,0.2264957264957265,-0.001838164333129555,0.00010244878320264661,3.1798300743103036,-0.28505936487154293,0.015847833137675602,0.2854995539683505,0.0
1834,15.214347399999951,152.89028372749215,237.21613429490503,34.62899588699609,53.728440673632335,3.179830074310303,0.2264957264957265,-0.003617695438556723,0.00020174613503343153,3.1798300743103036,-0.16509347187873621,0.009226411604349711,0.1653510844478135,0.0
1835,15.225347800000236,152.88381055589647,237.2157729230915,34.62752974129279,53.72835882446089,3.179830074310303,0.2264957264957265,-0.005083841141853895,0.0002835953064774799,3.1798300743103036,-0.023524370854532677,0.0013443188282923329,0.023562750629196237,0.0
1836,15.230588200000057,152.89256061016553,237.21625478472794,34.62951159119134,53.72846796406231,3.179830074310303,0.2264957264957265,-0.0031019912433052355,0.00017445570505714159,3.1798300743103036,0.15484110997229045,-0.008541105146985323,0.15507649665433768,0.0
1837,15.242292400000224,152.90413227900623,237.2169016783597,34.63213252473218,53.7286144827054,3.179830074310303,0.2264957264957265,-0.00048105770246564816,2.7937061965133125e-05,3.1798300743103036,0.3005576452842864,-0.016684433538910016,0.3010203788140418,0.0
1838,15.247444000000087,152.92004857268125,237.21778437955086,34.635737497231226,53.728814410752975,3.179830074310303,0.2264957264957265,0.003123914796582028,-0.00017199098560638504,3.1798300743103036,0.287736474756995,-0.015956952870916336,0.2881785961005908,0.0
1839,15.25787420000006,152.93543740562149,237.21864592398927,34.63922300212794,53.72900954688646,3.179830074310303,0.2264957264957265,0.00660941969329798,-0.00036712711909103746,3.1798300743103036,0.1920911029004967,-0.010662725284505169,0.1923868122403977,0.0
1840,15.26353169999993,152.93050699544835,237.2183692141516,34.63810628529386,53.72894687329075,3.179830074310303,0.2264957264957265,0.00549270285921466,-0.00030445352338404064,3.1798300743103036,0.19380298824221862,-0.010739306146173015,0.19410031156109656,0.0
1841,15.27365490000011,152.92603571492654,237.21811693122345,34.637093559363706,53.72888973228565,3.179830074310303,0.2264957264957265,0.004479976929061991,-0.00024731251828313816,3.1798300743103036,0.10333730016828331,-0.005710142896528108,0.10349494353816836,0.0
1842,15.2787758999998,152.93129225392696,237.2184086273371,34.63828414298346,53.72895580020883,3.179830074310303,0.2264957264957265,0.005670560548814763,-0.00031338044146167476,3.1798300743103036,0.10040902104136697,-0.005527327757985924,0.10056104046115412,0.0
1843,15.289280599999984,152.94276874219267,237.21904231186357,34.64088351853082,53.72909932704602,3.179830074310303,0.2264957264957265,0.008269936096176878,-0.0004569072786537731,3.1798300743103036,0.10273824221701484,-0.00570670169056261,0.10289661247109684,0.0
1844,15.294210300000032,152.9497234050306,237.21942961483114,34.64245871994283,53.72918704951304,3.179830074310303,0.2264957264957265,0.009845137508186497,-0.0005446297456686011,3.1798300743103036,0.18726611861633208,-0.010417614844490181,0.18755566075347954,0.0
1845,15.305040499999905,152.94084195355256,237.21894279189138,34.64044710913797,53.72907678619762,3.179830074310303,0.2264957264957265,0.007833526703329596,-0.0004343664302552952,3.1798300743103036,0.1612594069754313,-0.008951610732231321,0.1615076706313641,0.0
1846,15.309869300000173,152.94771964366157,237.2193246261955,34.64200487655582,53.72916327003573,3.179830074310303,0.2264957264957265,0.009391294121179783,-0.0005208502683586858,3.1798300743103036,0.20350149738632672,-0.011272061806226561,0.20381344120504058,0.0
1847,15.320728700000018,152.95263196780016,237.21959174614847,34.64311749698038,53.72922377156354,3.179830074310303,0.2264957264957265,0.010503914545736848,-0.0005813517961712478,3.1798300743103036,0.11765107696242944,-0.006492634434771783,0.11783009043670924,0.0
1848,15.324918100000104,152.96111560303402,237.22005906934962,34.645039004105996,53.72932961827149,3.179830074310303,0.2264957264957265,0.01242542167135241,-0.0006871985041243533,3.1798300743103036,0.22778155699105188,-0.012531005743115508,0.22812598232161502,0.0
1849,15.336722500000178,152.95539730896164,237.21974102466163,34.643743834935755,53.72925758250883,3.179830074310303,0.2264957264957265,0.011130252501111215,-0.0006151627414610061,3.1798300743103036,0.12059497863696028,-0.006574981114857823,0.1207740835159168,0.0
1850,15.340097100000094,152.96083419052167,237.22003916851892,34.64497526537456,53.72932511081839,3.179830074310303,0.2264957264957265,0.01236168293991824,-0.0006826910510184803,3.1798300743103036,0.11186345529928961,-0.0061032505571333604,0.11202982771949313,0.0
1851,15.352213600000141,152.94942180446634,237.21940417079185,34.64239040870392,53.72918128654687,3.179830074310303,0.2264957264957265,0.009776826269273897,-0.0005388667795003244,3.1798300743103036,-0.041885267197218426,0.0023927670119347133,0.041953556966671905,0.0
1852,15.369260100000247,152.95384715033532,237.21964596457298,34.643392730631504,53.72923605180499,3.179830074310303,0.2264957264957265,0.010779148196860433,-0.0005936320376207505,3.1798300743103036,-0.05695846673020834,0.0032340935583110224,0.05705020853073334,0.0
1853,15.374035899999853,152.94730883348228,237.21928298162175,34.641911829805814,53.729153837717746,3.179830074310303,0.2264957264957265,0.009298247371170021,-0.0005114179503777905,3.1798300743103036,-0.31903581303070216,0.01775175368055136,0.31952930187213835,0.0
1854,15.384326899999905,152.93889935192527,237.21881458085466,34.640007118171106,53.72904774694571,3.179830074310303,0.2264957264957265,0.007393535736461843,-0.0004053271783419632,3.1798300743103036,-0.27237808839946104,0.015126315855987586,0.27279777944756023,0.0
1855,15.388479499999903,152.92156489535438,237.2178506178699,34.636080937836674,53.72882941344917,3.179830074310303,0.2264957264957265,0.0034673554020301367,-0.00018699368180108422,3.1798300743103036,-0.33657612351573873,0.018648007560313543,0.3370923243072309,0.0
1856,15.400731499999893,152.92264433663155,237.21791861760224,34.63632542667296,53.72884481509794,3.179830074310303,0.2264957264957265,0.0037118442383174965,-0.0002023953305752002,3.1798300743103036,-0.22598595735854993,0.012495409611219768,0.2263311471817622,0.0
1857,15.404245199999878,152.91857688615983,237.21769529160758,34.63540416652338,53.72879423271454,3.179830074310303,0.2264957264957265,0.0027905840887356703,-0.00015181294717336868,3.1798300743103036,-0.2777674473010778,0.015260684197251968,0.27818634629026145,0.0
1858,15.417278100000203,152.93255178379582,237.2184748788101,34.638569421116145,53.72897080588434,3.179830074310303,0.2264957264957265,0.005955838681501291,-0.0003283861169691704,3.1798300743103036,-0.0763363881709814,0.004066256400282795,0.07644461132155483,0.0
1859,15.420604100000219,152.92603192788255,237.21812045920447,34.63709270161442,53.728890531358275,3.179830074310303,0.2264957264957265,0.004479119179777058,-0.0002481115909063192,3.1798300743103036,-0.16531230327947655,0.009024489523922138,0.165558445954089,0.0
1860,15.433781600000202,152.92962046976362,237.21831795659799,34.637905491014834,53.728935263673904,3.179830074310303,0.2264957264957265,0.005291908580190352,-0.00029284390653572245,3.1798300743103036,-0.09709810283159867,0.005293919632035114,0.09724231156531685,0.0
1861,15.438262699999996,152.92121355860303,237.2178523468155,34.636001361563935,53.72882980504796,3.179830074310303,0.2264957264957265,0.003387779129290891,-0.00018738528059003556,3.1798300743103036,-0.2327297571727873,0.012828426915743539,0.23308305045806552,0.0
1862,15.44911809999985,152.92499409399647,237.21805637894022,34.636857636674414,53.72887601745227,3.179830074310303,0.2264957264957265,0.004244054239769923,-0.00023359768490394117,3.1798300743103036,-0.1800227898827103,0.009978802702952982,0.18029914414810438,0.0
1863,15.453151900000194,152.9172417180792,237.2176267351159,34.63510175665896,53.72877870496215,3.179830074310303,0.2264957264957265,0.0024881742243181293,-0.0001362851947845911,3.1798300743103036,-0.2394438738199915,0.013303521366104146,0.23981316142084944,0.0
1864,15.465050100000099,152.90776196760572,237.21710733685515,34.63295463368848,53.72866106347574,3.179830074310303,0.2264957264957265,0.00034105125383376844,-1.8643708372678702e-05,3.1798300743103036,-0.18169447145652207,0.010112347846120166,0.18197565918777667,0.0
1865,15.469036699999833,152.90361819575884,237.2168744904638,34.63201608707358,53.728608324763165,3.179830074310303,0.2264957264957265,-0.0005974953610632383,3.409500420303857e-05,3.1798300743103036,-0.10022843335154351,0.005640844488939586,0.10038704089001328,0.0
1866,15.480695600000217,152.89660843687915,237.21648440020385,34.63042840664357,53.72851997098634,3.179830074310303,0.2264957264957265,-0.002185175791076688,0.00012244878102762868,3.1798300743103036,0.021818905116772598,-0.0011136264195179386,0.021847306110753653,0.0
1867,15.484053499999845,152.9038167210362,237.21687897358612,34.632061052200505,53.72860934017122,3.179830074310303,0.2264957264957265,-0.0005525302341382599,3.3079596150287216e-05,3.1798300743103036,-0.0012514517674001371,0.0002094019983765326,0.0012688501578409534,0.0
1868,15.496846900000037,152.91369832088407,237.21742393651175,34.63429919233699,53.72873277194497,3.179830074310303,0.2264957264957265,0.001685609902345675,-9.035217760100522e-05,3.1798300743103036,0.02261079215037116,-0.0011748966955206868,0.022641296427378704,0.0
1869,15.500160300000061,152.9093709303187,237.21718252221388,34.63331905686705,53.728678092638184,3.179830074310303,0.2264957264957265,0.000705474432407982,-3.56728708155174e-05,3.1798300743103036,0.022700459284626318,-0.0012173500280785207,0.02273307706457355,0.0
1870,15.51383399999986,152.90236104312655,237.2168017340691,34.63173134737482,53.72859184575069,3.179830074310303,0.2264957264957265,-0.0008822350598265416,5.057401667585282e-05,3.1798300743103036,-0.0934429573508218,0.005166511705111831,0.09358567797300267,0.0
1871,15.517464999999902,152.90018513993203,237.2166836488493,34.63123851459999,53.72856509995305,3.179830074310303,0.2264957264957265,-0.0013750678346511336,7.731981431646773e-05,3.1798300743103036,-0.13709532586782805,0.007659853465898703,0.13730914656323884,0.0
1872,15.53045259999999,152.89476598102794,237.21637946934123,34.63001109826701,53.728496204594386,3.179830074310303,0.2264957264957265,-0.002602484167631758,0.0001462151729825223,3.1798300743103036,-0.07638795705052487,0.004247308963065019,0.07650594497018232,0.0
1873,15.534724099999949,152.89394906361636,237.21632631264782,34.62982606996439,53.72848416483049,3.179830074310303,0.2264957264957265,-0.002787512470256104,0.00015825493687771086,3.1798300743103036,-0.04274464917416829,0.0024473269808873285,0.042814652192609305,0.0
1874,15.547857999999906,152.89439714749588,237.21635879984166,34.62992755904821,53.72849152304106,3.179830074310303,0.2264957264957265,-0.002686023386431202,0.00015089672631063422,3.1798300743103036,-0.031128407585737372,0.001840228117836651,0.031182754822970157,0.0
1875,15.55142939999996,152.89521870215717,237.21640125391548,34.630113637668074,53.72850113870735,3.179830074310303,0.2264957264957265,-0.0024999447665692287,0.00014128106001720653,3.1798300743103036,-0.0072688243245480014,0.0005751188089323905,0.007291540900627831,0.0
1876,15.562246899999991,152.89151021142797,237.2161944296898,34.62927368036616,53.7284542939041,3.179830074310303,0.2264957264957265,-0.0033399020684825587,0.00018812586326788505,3.1798300743103036,-0.012058175502388507,0.0007517372067903269,0.012081585379182453,0.0
1877,15.566009499999836,152.8919220474859,237.21621138818418,34.6293669594733,53.728458134930605,3.179830074310303,0.2264957264957265,-0.0032466229613419273,0.00018428483676302676,3.1798300743103036,-0.02320524689114867,0.0013742826872511949,0.023245905794002594,0.0
1878,15.576953700000104,152.8886718876039,237.21603252233902,34.6286308121496,53.72841762258106,3.179830074310303,0.2264957264957265,-0.003982770285041681,0.0002247971863056364,3.1798300743103036,0.08119624745692916,-0.004550723041907866,0.08132367233033089,0.0
1879,15.59412310000016,152.88503265695957,237.21583903268436,34.62780654196093,53.72837379800116,3.179830074310303,0.2264957264957265,-0.004807040473714608,0.0002686217662102308,3.1798300743103036,0.11261986632082431,-0.00632222343251479,0.11279718435870187,0.0
1880,15.598355799999808,152.8957614906559,237.21644297350312,34.63023657694343,53.728510588015666,3.179830074310303,0.2264957264957265,-0.002377005491212003,0.00013183175170183858,3.1798300743103036,0.07998945096481686,-0.004538360155230115,0.08011809395231155,0.0
1881,15.608772699999918,152.89941644688273,237.2166511791668,34.63106440890934,53.72855774570872,3.179830074310303,0.2264957264957265,-0.0015491735253050365,8.467405864820421e-05,3.1798300743103036,0.07613014805056485,-0.004323032258281073,0.0762527904414459,0.0
1882,15.613515300000017,152.89651930337106,237.21648579283857,34.6304082182849,53.728520286412156,3.179830074310303,0.2264957264957265,-0.002205364149745037,0.00012213335521238378,3.1798300743103036,0.047510108621298855,-0.002719819620817101,0.04758789593980172,0.0
1883,15.624154399999952,152.89245334268847,237.21626134078775,34.62948729556619,53.72846944898184,3.179830074310303,0.2264957264957265,-0.003126286868450734,0.00017297078552758194,3.1798300743103036,-0.08099241375325081,0.00455077093992378,0.08112016149962613,0.0
1884,15.62879060000023,152.8885414972932,237.2160450104899,34.62860127930145,53.72842045109387,3.179830074310303,0.2264957264957265,-0.00401230313319445,0.0002219686735003279,3.1798300743103036,-0.12335935596811708,0.006959609496926795,0.12355552140320697,0.0
1885,15.640175999999883,152.88510305620807,237.21584215472208,34.62782248708986,53.72837450512936,3.179830074310303,0.2264957264957265,-0.00479109534478539,0.0002679146380089037,3.1798300743103036,-0.10567413211201904,0.005930564116476023,0.10584041661089626,0.0
1886,15.645152200000211,152.88219495350515,237.21567699986215,34.62716381425544,53.728337098259374,3.179830074310303,0.2264957264957265,-0.005449768179204284,0.00030532150799444935,3.1798300743103036,-0.059268161296446215,0.0033626883374719744,0.05936347880908375,0.0
1887,15.656080400000064,152.87978564633528,237.2155441584128,34.62661811647765,53.728307010238794,3.179830074310303,0.2264957264957265,-0.005995465956992518,0.0003354095285743597,3.1798300743103036,-0.007544961006196978,0.0005248616429472336,0.007563194849352368,0.0
1888,15.660292099999879,152.8824906620721,237.2156940535192,34.62723079098214,53.728340960839816,3.179830074310303,0.2264957264957265,-0.005382791452504421,0.0003014589275522894,3.1798300743103036,-0.0025363352599058475,0.00016154725128296053,0.002541474781507529,-0.977481905868142
1889,15.672659199999998,152.88617671214888,237.21589174458097,34.62806566557218,53.728385737020474,3.179830074310303,0.2264957264957265,-0.004547916862463808,0.00025668274689394366,3.1798300743103036,0.01612029412115671,-0.0009199234130058475,0.016146521038242136,-1.0723721956203551
1890,15.678127700000005,152.88512984087902,237.21583817052024,34.62782855370337,53.72837360272467,3.179830074310303,0.2264957264957265,-0.004785028731276952,0.00026881704269499096,3.153103275299073,0.05428006836017381,-0.02349319300748542,0.05914605598746297,-1.1109077263187221
1891,15.689394099999845,152.8831858415674,237.21573322427068,34.62738824616698,53.728349832847634,3.179830074310303,0.2264957264957265,-0.005225336267663749,0.0002925869197341058,3.147757915496827,0.020772283222371242,-0.022985593744999314,0.030981046949394034,-1.1150632545113504
1892,15.694942600000104,152.88663660931763,237.21843068155596,34.628169830315535,53.72896079539515,3.046196079254151,0.2264957264957265,-0.004443752119108524,-0.000318375627784917,3.146688843536378,-0.05100192921710081,-0.016900890531239762,0.05372929261227167,-1.1167471970350018
1893,15.705233199999839,152.8856339142923,237.21868161448077,34.627942724177316,53.72901763063026,3.1531032752990726,0.2264957264957265,-0.004670858257327382,-0.0003752108628916062,3.146475029144288,-0.032782662906503654,-0.016355436738447617,0.036636092834072966,0.3672993689980718
1894,15.71031210000001,152.87910043413947,237.21808059038779,34.62646291884356,53.72888150124168,3.174484714508057,0.2264957264957265,-0.006150663591085959,-0.000239081474312286,3.1464322662658697,0.026220445543700968,-0.01502553413261737,0.03022049702570488,0.7623440870442568
1895,15.720860899999934,152.88132372303681,237.21785022572195,34.62696648427757,53.72882932462933,3.178761002349854,0.2264957264957265,-0.005647098157076869,-0.00018690486196248912,3.1731505127014166,0.01256387193456697,0.007365546647160792,0.014563727386891762,0.8177445358019104
1896,15.724421500000062,152.8853471050756,237.2177125259129,34.627877763115414,53.72879813621104,3.1796162599182134,0.2264957264957265,-0.004735819319229506,-0.00015571644367184945,3.1784941619885263,0.25402162304250697,-0.0005625013173928967,0.25402224583859107,0.83457888900725
1897,15.737095500000123,152.88940852309509,237.21760943640987,34.62879765694034,53.72877478687916,3.1797873114318853,0.2264957264957265,-0.003815925494301098,-0.00013236711178876703,3.1795628918459484,0.3639919441915461,-0.007824126559924314,0.3640760255671435,0.8369490860245229
1898,15.74046720000024,152.9070521429808,237.21828175363373,34.63279386144437,53.72892706385721,3.1798215217346195,0.2264957264957265,0.00018027900972583666,-0.0002846440898451874,3.1797766378174326,0.5184296219056714,-0.014727556707656768,0.5186387700469708,0.3309057257107831
1899,15.75292589999981,152.92127063462215,237.2188045997854,34.63601428903835,53.72904548627618,3.1798283637951665,0.2264957264957265,0.0034007066037062827,-0.000403066508809502,3.1798193870117295,0.5219238439335697,-0.01872937669925207,0.5222597901599698,0.0307796478038896
1900,15.756206099999872,152.93314511226882,237.21923285771,34.638703807479686,53.729142484865946,3.179829732207276,0.2264957264957265,0.00609022504504253,-0.0005000650985778066,3.179827936850589,0.4988138599625051,-0.016188097119947703,0.49907646846856896,0.013936163955649712
1901,15.76826919999985,152.9477065966707,237.21983201813845,34.64200192146815,53.729278192142466,3.1798300058896976,0.2264957264957265,0.009388339033506554,-0.0006357723750980426,3.179829646818361,0.23139451051253757,-0.004967885019809427,0.23144783294925642,0.0012583610319944873
1902,15.771460299999944,152.94710120971456,237.21962704139986,34.641864803909705,53.72923176578715,3.1798300606261822,0.2264957264957265,0.0092512214750613,-0.0005893460197796685,3.1798299888119153,0.299090207994004,-0.007974431596931234,0.2991964974346971,0.0005729733323301078
1903,15.784844400000111,152.93812646820012,237.21898070444178,34.63983206331029,53.729085373228266,3.179830071573479,0.2264957264957265,0.007218480875643252,-0.0004429534608973995,3.179830057210626,0.11625953643239793,-0.0007892466467239925,0.11626221536572158,5.170360841469914e-05
1904,15.78800080000019,152.94644567955004,237.2193226602413,34.641716329128855,53.729162824755505,3.1798300737629384,0.2264957264957265,0.00910274669421085,-0.000520404988137102,3.179830070890368,0.03330858948943323,0.0032047865266092886,0.03346240861708431,2.335966568737351e-05
1905,15.80616340000006,152.93888955709454,237.21881305641773,34.64000489968381,53.729047401667266,3.1798300742008303,0.2264957264957265,0.007391317249165752,-0.0004049818998979049,3.1798300736263165,0.012173782296990104,0.002204895185965122,0.012371844575308964,1.9279523834519706e-06
1906,15.823145400000158,152.92829157262324,237.2181592272392,34.63760450149159,53.72889931215247,3.1798300742884087,0.2264957264957265,0.00499091905694371,-0.0002568923851029581,3.1798300741735064,0.015522357537161212,0.0017966198943630734,0.015625985618714956,9.064875164996275e-07
1907,15.831908300000123,152.92254072762847,237.21778977629222,34.63630195967654,53.72881563309183,3.179830074305924,0.2264957264957265,0.0036883772418931926,-0.00017321332445874305,3.1798300742829437,-0.13111794540144114,0.00843487311124744,0.13138897476842623,3.984724382588515e-08
1908,15.838921500000197,152.91835643434854,237.21751430808672,34.63535423513022,53.72875324072049,3.1798300743094274,0.2264957264957265,0.0027406526955786603,-0.00011082095312531237,3.1798300743048316,-0.13588654431835065,0.008635206942782506,0.13616063941436143,9.751504592283359e-09
1909,15.844618099999934,152.9149299899348,237.217296667842,34.634578160113435,53.728703946135155,3.1798300743101278,0.2264957264957265,0.001964577678791102,-6.152636778722353e-05,3.179830074309209,-0.17996493618620896,0.010966745108484183,0.18029877358091131,3.31504782414924e-09
1910,15.850168999999823,152.9120363304915,237.21711637277105,34.6339227586156,53.72866311007208,3.179830074310268,0.2264957264957265,0.0013091761809533864,-2.0690304708637086e-05,3.1798300743100842,-0.16254487331424033,0.009747238451705342,0.16283686467804778,8.1803883645868e-10
1911,15.854613099999824,152.90493855649981,237.2167165321576,34.63231514313885,53.728572547881846,3.179830074310296,0.2264957264957265,-0.0002984392957969817,6.987188552187718e-05,3.1798300743102597,-0.27803294431430803,0.01574378349030549,0.2784783381928884,1.9427420380956337e-10
1912,15.864176099999895,152.90234013839253,237.21657079563704,34.6317266125419,53.72853953918275,3.179830074310302,0.2264957264957265,-0.0008869698927469472,0.00010288058462037952,3.1798300743102947,-0.25700699169258623,0.014310336502222716,0.2574050883523477,4.0610239142463796e-11
1913,15.86752179999985,152.89181428264502,237.21599648919246,34.629342551197375,53.72840946122735,3.1798300743103027,0.2264957264957265,-0.0032710312372685735,0.00023295854001759153,3.179830074310302,-0.22646132018786846,0.01219848608002554,0.22678962190514113,9.099694608063332e-12
1914,15.880683299999873,152.8900067933175,237.2159101330403,34.62893316258901,53.72838990192793,3.179830074310303,0.2264957264957265,-0.0036804198456366066,0.00025251783943502915,3.179830074310303,-0.1499425343129088,0.007833025780967052,0.15014699427248993,1.2053970949222953e-12
1915,15.884012600000005,152.89051622469657,237.21595720855305,34.62904854661931,53.72840056433039,3.179830074310303,0.2264957264957265,-0.0035650358153347383,0.00024185543697541334,3.1798300743103036,-0.18253923709592665,0.009357927875542703,0.18277894816878335,4.716723730171542e-13
1916,15.896583300000202,152.89167355080303,237.216037641982,34.62931067603658,53.72841878215832,3.179830074310303,0.2264957264957265,-0.0033029063980620776,0.00022363760904653418,3.1798300743103036,-0.05293009850896836,0.0022216642633553704,0.052976703561737074,-0.3982090961543399
1917,15.899916400000166,152.88836943750545,237.2158746448705,34.62856230849482,53.72838186400913,3.179830074310303,0.2264957264957265,-0.0040512739398224085,0.00026055575823846766,3.1798300743103036,-0.03057411250606579,0.0009039020051460156,0.03058747119930766,-0.7050081435315491
1918,15.91333990000021,152.88454505713025,237.21568512239926,34.627696102683345,53.72833893797932,3.179830074310303,0.2264957264957265,-0.00491747975129897,0.0003034817880447349,3.153103275299073,-0.026737107889556654,-0.00777827844166178,0.027845548186627843,-0.7213901285519166
1919,15.916824500000075,152.88578622766147,237.21576362679122,34.62797722250452,53.728356718888605,3.179830074310303,0.2264957264957265,-0.004636359930124456,0.0002857008787628956,3.147757915496827,-0.004976665907033648,-0.012079103775052866,0.013064147563416735,-0.7306991557888021
1920,15.92987630000016,152.8888888786927,237.21844972627787,34.6286799597039,53.72896510894328,3.046196079254151,0.2264957264957265,-0.003933622730741604,-0.0003226891759098294,3.146688843536378,0.030700193410998708,-0.012928548588665567,0.03331139811058994,-0.7314545168560274
1921,15.934470000000147,152.8915184843216,237.2189152574972,34.629275554141216,53.72907054977501,3.1531032752990726,0.2264957264957265,-0.003338028293427442,-0.00042813000764141407,3.146475029144288,-0.03624352933477201,-0.005757260518118399,0.03669794908866113,0.8782466640525399
1922,15.945792500000152,152.88921186595346,237.21857387663016,34.62875311493818,53.728993228467516,3.174484714508057,0.2264957264957265,-0.003860467496465958,-0.00035080870014780885,3.1464322662658697,-0.0479459447918565,-0.003668661329091266,0.04808609672172739,1.274500132332618
1923,15.950203299999885,152.88143687762118,237.2178133299974,34.62699211330736,53.72882096790539,3.178761002349854,0.2264957264957265,-0.005621469127284229,-0.0001785481380238707,3.1731505127014166,-0.026886331922795936,0.0071734405127948046,0.02782684123384042,1.3385092862906767
1924,15.962150500000007,152.88260592350684,237.21753164060482,34.62725689720454,53.728757166461776,3.1796162599182134,0.2264957264957265,-0.005356685230104574,-0.00011474669440758589,3.1784941619885263,-0.057919887377477094,0.0132009340428384,0.05940520190541397,1.3516051478779298
1925,15.966638400000193,152.8857592079275,237.2173811096141,34.62797110265024,53.728723071835674,3.1797873114318853,0.2264957264957265,-0.004642479784401132,-8.06520683056533e-05,3.1795628918459484,-0.02257884977460707,0.013084329600192708,0.026096055989952828,1.3542642382897239
1926,15.97792729999992,152.88448759250923,237.2170230422961,34.62768308719226,53.72864197111834,3.1798215217346195,0.2264957264957265,-0.00493049524238387,4.486490254862474e-07,3.1797766378174326,0.10568924047166199,0.0034958888834785663,0.10574704152155948,0.14291766660830232
1927,15.982418399999915,152.88707648797106,237.2168991931912,34.62826946095071,53.72861391982536,3.1798283637951665,0.2264957264957265,-0.004344121483931929,2.8499942011706025e-05,3.1798193870117295,0.27532681252081037,-0.005346380411839247,0.2753787164549533,-1.0743203995587827
1928,15.99416969999993,152.89963701139706,237.21736032686226,34.63111436582925,53.7287183646312,3.179829732207276,0.2264957264957265,-0.001499216605395759,-7.59448638305571e-05,3.179827936850589,0.2393707436620957,-0.005949557501279479,0.23944467034328779,-1.2153331616316327
1929,15.998909100000219,152.91784901115005,237.21817369987963,34.635239305944246,53.728902590143676,3.1798300058896976,0.2264957264957265,0.002625723509602551,-0.0002601703763076557,3.1531028478071303,0.24379779697410334,-0.03142320116876903,0.24581453045155616,-1.267255963283528
1930,16.01035630000024,152.91680585019964,237.21794216764567,34.635003034446925,53.72885014908214,3.1798300606261822,0.2264957264957265,0.0023894520122809126,-0.0002077293147735304,3.1477578299984383,0.1951375635178716,-0.032217354528421935,0.1977792371016265,-1.2731045735687596
1931,16.01479789999985,152.91673960952255,237.22029898795634,34.63498803121664,53.72938395881062,3.046196076517327,0.2264957264957265,0.0023744487819996607,-0.0007415390432541358,3.1466888264367,0.0370484977114708,-0.02102401176359855,0.04259812499761917,-1.2751588085462917
1932,16.0256373000002,152.91134432620876,237.2201901034344,34.63376602260284,53.72935929693172,3.153103274751708,0.2264957264957265,0.0011524401681981544,-0.0007168771643506489,3.146475025724352,-0.15884095852485358,-0.010596195540427785,0.15919399946299873,0.2528442375816432
1933,16.03011779999997,152.90049690918892,237.21925879905194,34.63130912900433,53.72914836046903,3.174484714398584,0.2264957264957265,-0.0013044534303148225,-0.0005059407016645423,3.1464322655818826,-0.16967015537233418,-0.009405667597864587,0.16993065705467492,0.4197361122657119
1934,16.043469600000208,152.89406572509995,237.21847665655008,34.62985249329187,53.728971208534844,3.1787610023279593,0.2264957264957265,-0.0027610891427727324,-0.0003287887674758849,3.173150512564619,-0.2541273035362418,0.023142634256194825,0.2551788939605256,0.5148069241829317
1935,16.058008900000004,152.8892650274664,237.21780046906918,34.62876515579367,53.728818054960115,3.1796162599138342,0.2264957264957265,-0.00384842664097107,-0.00017563519274688133,3.1784941619611664,-0.16289517696646966,0.020392485877348612,0.16416665970651692,0.5231219947751924
1936,16.062562999999955,152.88070630203262,237.21694477669112,34.62682664105867,53.728624244293286,3.179787311431009,0.2264957264957265,-0.005786941375973242,1.8175474082227083e-05,3.1795628918404764,-0.08028336379027243,0.014167908502465583,0.0815239114175434,0.5261464030076028
1937,16.07234500000004,152.89553820880894,237.217440387288,34.63018600455929,53.72873649797549,3.1798215217344445,0.2264957264957265,-0.0024275778753519717,-9.407820812157297e-05,3.179776637816338,-0.07813092164414684,0.013833294540114767,0.0793460834244349,0.12612418023096716
1938,16.080008299999918,152.89096066304208,237.216900532613,34.62914921000526,53.728614223198676,3.1798283637951315,0.2264957264957265,-0.0034643724293843547,2.819656869235132e-05,3.17981938701151,-0.09257058125714228,0.01520610878185167,0.09381118408042129,0.052688100168458984
1939,16.08868050000001,152.88719557957887,237.21645657846574,34.62829643469094,53.72851366948156,3.179829732207269,0.2264957264957265,-0.004317147743705618,0.0001287502858104972,3.179827936850545,0.03865895366908719,0.004793577675242299,0.038955013614645435,0.00575939938881067
1940,16.093552100000124,152.8840341549045,237.21608237581762,34.62758038551256,53.72842891418092,3.179830005889696,0.2264957264957265,-0.005033196922084926,0.00021350558645139017,3.1798296468183516,-0.0816243715154927,0.011340507964650071,0.08240840458469918,0.0013922590991296358
1941,16.104685000000245,152.89536309194878,237.21654958565364,34.63014634133883,53.72853473521215,3.179830060626182,0.2264957264957265,-0.002467241095814643,0.00010768455521770193,3.179829988811913,-0.013176768868375141,0.006282028778466656,0.01459764102120831,0.00027681430303379257
1942,16.109171099999912,152.8902531265028,237.21612851579818,34.62898895600277,53.72843936468933,3.1798300715734786,0.2264957264957265,-0.0036246264318720023,0.00020305507803897171,3.1798300572106255,-0.006753170156088336,0.005610237811414118,0.008779525924427972,7.977205230597358e-05
1943,16.120498600000246,152.90060283240695,237.21659545292414,34.63133312016055,53.728545123952905,3.1798300737629384,0.2264957264957265,-0.0012804622740958393,9.729581446293878e-05,3.179830070890368,0.008817495279233681,0.003084711510069197,0.009341502454084228,9.579638079365379e-06
1944,16.12452690000009,152.89942515268183,237.21644897309432,34.631066380735625,53.72851194689743,3.1798300742008303,0.2264957264957265,-0.0015472016990187853,0.0001304728699409452,3.1798300736263165,-0.030089388895234142,0.004935650141678561,0.030491506463434882,3.440503457343077e-06
1945,16.136589900000217,152.89574328157866,237.21619491539272,34.630232452665254,53.72845440391374,3.1798300742884087,0.2264957264957265,-0.002381129769389645,0.00018801585363092954,3.1798300741735064,0.009256708809405451,0.001468022598769389,0.00937239288189639,3.9153366186419723e-07
1946,16.141245400000116,152.89648220711342,237.2162000655181,34.63039981614107,53.72845557039513,3.179830074305924,0.2264957264957265,-0.0022137662935719504,0.00018684937224122677,3.1798300742829437,-0.06981043556857924,0.005543190259293196,0.07003016401898168,1.5020674306710752e-07
1947,16.152409199999965,152.89346259279398,237.2160068034889,34.62971588640205,53.72841179737142,3.1798300743094274,0.2264957264957265,-0.002897696032590602,0.00023062239594651146,3.1798300743048316,-0.06940993830557736,0.0045854876946740146,0.06956124088155746,1.438533559982503e-08
1948,16.15668770000002,152.88990388672389,237.21579827069644,34.628909854685325,53.72836456558509,3.1798300743101278,0.2264957264957265,-0.003703727749318375,0.00027785418227921355,3.179830074309209,-0.03763200033117475,0.0024571019043339434,0.03771213065704215,5.320993828705577e-09
1949,16.168383300000187,152.88658806274543,237.21562025248858,34.628158834724395,53.72832424522177,3.179830074310268,0.2264957264957265,-0.004454747710248341,0.0003181745455975715,3.1798300743100842,-0.06823661282077548,0.003717123716428309,0.06833778119002441,6.201275808147029e-10
1950,16.172846800000116,152.8883569155887,237.21573596522177,34.628559472334196,53.72835045366134,3.179830074310296,0.2264957264957265,-0.004054110100447872,0.0002919661060261092,3.1798300743102597,-0.0911986224136033,0.004718852228564431,0.09132062360986161,2.2837239396878423e-10
1951,16.185474700000213,152.88182967689522,237.21539868246754,34.627081080664304,53.72827406055889,3.179830074310302,0.2264957264957265,-0.005532501770339593,0.00036835920847977377,3.1798300743102947,-0.060815309876507406,0.0028418089507472894,0.06088167042294558,2.3773029721002516e-11
1952,16.18935509999983,152.87881313211443,237.21524569722823,34.62639784616267,53.72823941005596,3.1798300743103027,0.2264957264957265,-0.0062157362719759135,0.00040300971140538877,3.179830074310302,-0.00700825121535973,-0.0003827146991189556,0.0070186932999321775,8.82892089412376e-12
1953,16.20086020000008,152.87696036310672,237.2151616745512,34.62597820190024,53.728220379278696,3.179830074310303,0.2264957264957265,-0.006635380534405044,0.00042204048867233723,3.179830074310303,-0.01016881913003509,-0.00013843867407797427,0.01016976144095072,9.68934878953199e-13
1954,16.204574800000046,152.88031949751496,237.21536955071787,34.626739031488434,53.72826746234208,3.179830074310303,0.2264957264957265,-0.005874550946209922,0.0003749574252864818,3.1798300743103036,0.05474272961709223,-0.00385991416727369,0.0548786423238475,4.1329146115794463e-13
1955,16.21769630000017,152.88460395274788,237.2156389575037,34.62770944228905,53.72832848182776,3.179830074310303,0.2264957264957265,-0.0049041401455909295,0.00031393793960887706,3.1798300743103036,0.10446861730213636,-0.0065615764372707625,0.10467447772194696,4.707007375954357e-14
1956,16.222213600000032,152.88874208315767,237.21588941466888,34.62864671114255,53.728385209305344,3.179830074310303,0.2264957264957265,-0.003966871292092833,0.0002572104620242044,3.1798300743103036,0.30430574206543376,-0.01779571779039116,0.3048256423361879,2.3910472721372766e-14
1957,16.233802600000217,152.8924545332406,237.21612369033716,34.62948756522116,53.72843827174303,3.179830074310303,0.2264957264957265,-0.0031260172134821573,0.00020414802433776913,3.1798300743103036,0.28070472603674507,-0.01629506431830892,0.2811772969862644,0.0
1958,16.237849600000118,152.9096561442965,237.21709778659795,34.633383656614164,53.728658900383294,3.179830074310303,0.2264957264957265,0.0007700741795204635,-1.6480615926184328e-05,3.1798300743103036,0.21829507148605148,-0.012944453360311066,0.21867852456950956,0.0
1959,16.249516800000038,152.9141282084374,237.21736419884675,34.634396560030694,53.72871924161914,3.179830074310303,0.2264957264957265,0.0017829775960507277,-7.682185177060319e-05,3.1798300743103036,0.156528212818979,-0.009374664574234848,0.15680869154540827,0.0
1960,16.252982099999826,152.91048548228514,237.21717903188943,34.63357149812441,53.72867730209462,3.179830074310303,0.2264957264957265,0.0009579156897672192,-3.4882327248908496e-05,3.1798300743103036,0.16756351847714962,-0.009904219192677043,0.1678559688609811,0.0
1961,16.264761400000225,152.90521460177246,237.21690385831414,34.63237766621342,53.728614976455766,3.179830074310303,0.2264957264957265,-0.00023591622122154376,2.74433116018713e-05,3.1798300743103036,-0.003922873102751696,-0.00036555468571918123,0.003939868476046373,0.0
1962,16.280180900000232,152.91391046196657,237.21739582541838,34.63434724138559,53.72872640490245,3.179830074310303,0.2264957264957265,0.0017336589509469036,-8.398513508467431e-05,3.1798300743103036,-0.02250798968417515,0.000701656189574276,0.022518923620619677,0.0
1963,16.283503799999835,152.91545500196625,237.21749592901085,34.63469707309492,53.72874907793835,3.179830074310303,0.2264957264957265,0.0020834906602757997,-0.00010665817098498565,3.1798300743103036,0.0131681450540133,-0.0010545902285231006,0.013210306760769461,0.0
1964,16.296342099999947,152.91510871509118,237.21748662263357,34.63461864059757,53.72874697008367,3.179830074310303,0.2264957264957265,0.002005058162929174,-0.00010455031630129952,3.1798300743103036,0.030032390799273268,-0.001919297475587317,0.030093657137677195,0.0
1965,16.29962230000001,152.9142439451302,237.21743851967207,34.634422773897015,53.72873607496846,3.179830074310303,0.2264957264957265,0.0018091914623710181,-9.365520109128056e-05,3.1798300743103036,-0.010509767426457827,0.00021911954191560515,0.010512051404549127,0.0
1966,16.313152900000205,152.9132266662142,237.2173807175645,34.634192364569884,53.72872298303812,3.179830074310303,0.2264957264957265,0.0015787821352404308,-8.05632707496784e-05,3.1798300743103036,0.013413170140856752,-0.0009214007517513833,0.013444780123635312,0.0
1967,16.316341100000045,152.9121712600594,237.21733193476223,34.633953319586105,53.728711933941874,3.179830074310303,0.2264957264957265,0.0013397371514614065,-6.951417450551389e-05,3.1798300743103036,0.02361508207315095,-0.00147416052602772,0.023661049228175694,0.0
1968,16.32936440000003,152.9251024463625,237.21805216093665,34.636882178022276,53.72887506209249,3.179830074310303,0.2264957264957265,0.004268595587632262,-0.00023264232512332228,3.1798300743103036,0.016446228086059188,-0.00108500450789518,0.016481979645686828,0.0
1969,16.33308709999983,152.92584043092657,237.2180948883787,34.63704932837226,53.728884739675514,3.179830074310303,0.2264957264957265,0.004435745937612978,-0.00024231990814627125,3.1798300743103036,0.002447418662572594,-0.00031544833891188073,0.0024676640298936336,0.6820579902846032
1970,16.349359299999833,152.9189753665207,237.2177164711181,34.63549442062221,53.72879902978316,3.179830074310303,0.2264957264957265,0.0028808381875649047,-0.00015661001579303502,3.1798300743103036,-0.044364354069110205,0.0024005364026266226,0.04442925260444644,1.5226361837900233
1971,16.35811539999986,152.9156111512005,237.2175303140686,34.63473244022917,53.72875686600699,3.179830074310303,0.2264957264957265,0.0021188577945281395,-0.00011444623962120204,3.2096909141540535,-0.16344657131734094,0.03287372090006827,0.16671971449474776,2.9097954167924396
1972,16.36664120000023,152.90397831880597,237.2168886820328,34.63209765340477,53.728611539092896,3.179830074310303,0.2264957264957265,-0.0005159290298735186,3.08806744726553e-05,3.2455239219665533,-0.21599024202475653,0.05507879298151318,0.22290235101096015,3.912265608095713
1973,16.37197980000019,152.89524506798273,237.21359259287146,34.63011960941489,53.72786498898371,3.329134273529053,0.2264957264957265,-0.0024939730197530707,0.000777430783656996,3.282551363372803,-0.2676468449617928,0.09228146344567385,0.28310899334651524,5.8669090661564205
1974,16.37941469999987,152.8880950194371,237.2100334326417,34.62850015397507,53.727058854401754,3.358995113372803,0.2264957264957265,-0.00411342845957563,0.0015835653656139925,3.319817691497803,-0.2715987243133049,0.10335097814960097,0.2905981619575284,5.327747337717145
1975,16.383232700000008,152.8821304137948,237.2068090478577,34.62714919628686,53.7263285450276,3.3649672813415528,0.2264957264957265,-0.00546438614778566,0.002313874739769517,3.357131835113526,-0.19861097226642824,0.12432912353734141,0.23431613103706586,4.566235002757068
1976,16.393677800000205,152.8772060348452,237.2040345678726,34.62603384549912,53.72570013716773,3.366161714935303,0.2264957264957265,-0.006579736935520941,0.0029422825996405777,3.3645946638366704,-0.13385059286640946,0.10311554455775522,0.16896389182346536,3.183865583207644
1977,16.397453300000052,152.87813787345738,237.20200198913614,34.62624490296257,53.72523976677015,3.3664007923889163,0.2264957264957265,-0.0063686794720752005,0.0034026529972166486,3.3660872295812996,-0.12390564581112544,0.09930476531102304,0.158789311596686,2.1844560393124413
1978,16.40991780000013,152.8755670306202,237.20014344161996,34.625662618046455,53.724818813700246,3.3664484171447757,0.2264957264957265,-0.006950964388188652,0.003823606067122398,3.3663857427302255,-0.06326430228160944,0.06601890900852095,0.09143778371031432,0.23002740272193953
1979,16.41382160000012,152.87266983382693,237.19860306011202,34.625006415353965,53.724469923871524,3.3664579420959475,0.2264957264957265,-0.007607167080678323,0.004172495895844008,3.3664454835069835,-0.00918449755229507,0.060901274249253234,0.06158993587000127,1.7260893709382485
1980,16.42494540000007,152.87018314449188,237.19738254603385,34.62444319084645,53.724193482648694,3.366459847086182,0.2264957264957265,-0.008170391588194548,0.004448937118674223,3.366457431662335,-0.004207313851239455,0.03786548723397247,0.038098511956623234,2.355256201795255
1981,16.429043399999955,152.87314347289055,237.196756982944,34.62511369257777,53.72405179528219,3.3664604188190923,0.2264957264957265,-0.007499889856873665,0.004590624485174999,3.4000396857953583,0.0293823143500543,-0.03676994966607336,0.047067500411759444,5.712816484506819
1982,16.44042279999985,152.8772023416113,237.19641748670279,34.62603300899743,53.72397490083439,3.3664605331656743,0.2264957264957265,-0.006580573437211967,0.004667518932976122,3.440336001123916,0.0713406642432691,-0.08807256668800711,0.11334137540053198,7.29752989643972
1983,16.44516220000014,152.8797391230005,237.20351950229093,34.62660757914114,53.72558347701461,3.534359687809893,0.2264957264957265,-0.0060060032935069785,0.003058942752758753,3.520013611357596,0.21596277803930225,-0.15364693750223968,0.26504207760706616,11.742655486054808
1984,16.456190700000207,152.881769497547,237.21165792122702,34.62706745029911,53.72742679412407,3.567939518738737,0.2264957264957265,-0.005546132135535231,0.0012156256432973578,3.6075674424253283,0.23175189863819756,-0.17619613592630004,0.2911254383212992,11.02889388593117
1985,16.46020069999986,152.8936754066133,237.21702275667394,34.62976408782267,53.72864190642615,3.764847898254583,0.2264957264957265,-0.0028494946119721476,5.133412201985266e-07,3.696696517659871,0.27495724127089655,-0.20627754655133232,0.3437323242561559,14.224927391721073
1986,16.472276899999997,152.90660824374316,237.2211906562095,34.63269332016405,53.72958591785942,3.8042295741577528,0.2264957264957265,7.973772940772506e-05,-0.0009434980920488556,3.752560815372795,0.2652816736933438,-0.17065874924870714,0.31543426429713506,11.976122482220584
1987,16.477023400000235,152.91282836098463,237.22420101488245,34.634102150137544,53.73026775123406,3.8121059093383867,0.2264957264957265,0.0014885677028999567,-0.0016253314666911933,3.845218812854833,0.2783087098318092,-0.15295836089957435,0.31757203613878005,11.082416723483133
1988,16.488155099999858,152.91640899454302,237.23212905010735,34.634913148336665,53.73206341733201,3.813681176374513,0.2264957264957265,0.0022995659020210724,-0.0034209975646390944,3.907197067624678,0.22228289843491555,-0.0762095161691042,0.2349842064721711,9.016716263465007
1989,16.50424639999983,152.9239989466338,237.23771594782957,34.636632240049536,53.73332882579046,4.031229506148926,0.2264957264957265,0.004018657614892618,-0.004686406023090228,3.963039373852084,0.20230302600218258,-0.047178561251980757,0.20773139139630933,9.071524294337738
1990,16.508836599999995,152.93195035921704,237.23607998793395,34.63843320101925,53.73295828786538,4.074739172103809,0.2264957264957265,0.0058196185846028925,-0.004315868098011322,4.017654490371003,-0.1349320827673695,-0.03017863314639323,0.1382657472352601,5.887577105220624
1991,16.519932400000016,152.93893928047808,237.23279853091904,34.640016161817684,53.732215051874824,4.083441105294785,0.2264957264957265,0.00740257938304012,-0.003572632107456286,4.072024168948224,-0.2279357498640492,-0.0030332252744797285,0.22795593109557852,4.807291647299965
1992,16.522951599999942,152.92041902422108,237.23358033951686,34.63582140292187,53.73239212818117,4.08518149193298,0.2264957264957265,0.0032078204872263427,-0.003749708413799624,4.082898104663668,-0.5510089588178388,0.07872298455415368,0.5566041510756387,5.670528721120128
1993,16.53602920000003,152.89777595966854,237.23505752994757,34.63069284556595,53.732726705500944,4.085529569260619,0.2264957264957265,-0.0019207368686906534,-0.00408428573357611,4.085072891806757,-0.6934512476254052,0.08197844753186789,0.6982801004560893,4.132057404119398
1994,16.539183299999877,152.8767686664308,237.2304600917154,34.62593478342236,53.73168540538853,4.0855991847261475,0.2264957264957265,-0.006678799012284742,-0.003042985621164007,4.109632376212914,-0.8737326637550806,0.07675188468800868,0.8770972691302318,6.8300641212997935
1995,16.552261799999997,152.85829891709596,237.22485898044837,34.62175146412857,53.73041677762292,4.085613107819253,0.2264957264957265,-0.010862118306071977,-0.0017743578555524664,4.1646384961166065,-0.6067731389963401,0.06799732612784777,0.6105712723081629,6.305258366170425
1996,16.55558400000018,152.84716979152984,237.2242597890574,34.61923076474821,53.730281063333514,4.206238527325569,0.2264957264957265,-0.013382817686434123,-0.0016386435661459586,4.225733943119805,-0.5354242884171574,-0.020687991081149895,0.5358238158219483,6.428118219618163
1997,16.56808349999983,152.84415862830238,237.2299121457507,34.61854874914541,53.73156129796917,4.360212091451442,0.2264957264957265,-0.014064833289232581,-0.0029188782018039205,4.237953032520445,-0.26776150438550456,-0.11429627472917336,0.2911354695803231,5.6890514003607375
1998,16.571214200000213,152.84366905160684,237.23639496759,34.61843786211608,53.73302962941141,4.391006804276617,0.2264957264957265,-0.014175720318561957,-0.004387209644043821,4.240396850400574,-0.47155199726437924,-0.2807322422645512,0.5487912881696536,6.8372609445729156
1999,16.584533799999917,152.83365896212047,237.2445044730987,34.61617061962558,53.73486639775312,4.146694631729347,0.2264957264957265,-0.016442962809065875,-0.006223977985754914,4.294889901696326,-0.32631644598074766,-0.3263592610159839,0.46151141932611517,2.4617604409227796
2000,16.58844790000012,152.8105227422391,237.25720918712233,34.61093036469518,53.73774396118583,4.097832197219893,0.2264957264957265,-0.02168321773946502,-0.009101541418459647,4.333823027336336,-0.35227293870529697,-0.4012312132774777,0.5339313718561428,-0.5833451930880713
2001,16.600579299999936,152.80877845167305,237.26724037661455,34.6105352903362,53.74001598273748,4.47870378380433,0.2264957264957265,-0.02207829209844192,-0.011373562970113937,4.291515429441877,-0.38712597559864403,-0.34169088123076136,0.516351798001572,-0.9081429394533255
2002,16.604222500000105,152.80581323474445,237.27490945938803,34.609863681373746,53.74175299721182,4.554877719651492,0.2264957264957265,-0.022749901060898026,-0.013110577444450655,4.239607254589547,-0.6753080657359378,-0.5011640598942748,0.8409556460228601,-3.3560247630613427
2003,16.616531900000155,152.79441748104938,237.28421961338216,34.60728259186161,53.743861707304504,4.179468814804322,0.2264957264957265,-0.025330990573031897,-0.015219287537135529,4.229225619619082,-0.4742808350716255,-0.40313083448475195,0.6224602639756299,-5.895063592474688
2004,16.620227299999897,152.7681310426256,237.29947897561118,34.60132882589384,53.74731788763843,3.8871537574677,0.2264957264957265,-0.03128475654080631,-0.01867546787106278,4.199114700950184,-0.5970697393581527,-0.4019139704644754,0.719741004328454,-5.569809339795366
2005,16.632619200000136,152.74987501529506,237.31288396509422,34.59719391372067,53.75035406047006,4.045924022367563,0.2264957264957265,-0.03541966871397051,-0.021711640702690715,4.165058001835545,-0.5852796948845768,-0.3058536089461343,0.6603777338384133,-2.049624237058402
2006,16.63627889999998,152.73942874527884,237.31581178106848,34.594827878204185,53.751017198276195,4.328149190459841,0.2264957264957265,-0.03778570423045835,-0.02237477850882641,4.158246662012617,-0.7197937818879823,-0.352299905045199,0.8013852453966571,1.3111488798253936
2007,16.6488303000001,152.73247986698377,237.3156167636265,34.59325398696641,53.75097302765899,4.384594224078296,0.2264957264957265,-0.03935959546823398,-0.02233060789162522,4.200331049321469,-0.4447748403381659,-0.1687130229222115,0.4756981634412641,3.1234253140385926
2008,16.652496300000166,152.71819992280064,237.3221483620492,34.59001964063433,53.752452406788926,4.145412115689683,0.2264957264957265,-0.04259394180031251,-0.023809987021557788,4.2588421498057,-0.40327896030144417,-0.08587294994242783,0.41232036495136704,3.80502001176319
2009,16.665311300000212,152.70484523826852,237.32312894842246,34.58699486165911,53.752674505411925,4.09757569401196,0.2264957264957265,-0.0456187207755363,-0.02403208564455639,4.270544369902547,-0.27027773114797715,-0.06028952166247707,0.27692034662839154,4.184949410893844
2010,16.668859200000043,152.7028684140593,237.32047873979116,34.58654711942369,53.752074244482614,4.3384795247887205,0.2264957264957265,-0.046066463010951963,-0.023431824715245853,4.272884813921916,-0.21038864075328229,-0.023592053451432254,0.2117072628514877,7.915179918860399
2011,16.6810260000002,152.70386193994062,237.32334096790677,34.58677214878997,53.75272252691906,4.386660290944072,0.2264957264957265,-0.04584143364467508,-0.024080107151689845,4.27335290272579,-0.05584644835929617,0.043991866141591625,0.07109226456491063,4.9714909790906505
2012,16.684580900000128,152.70659368933087,237.32040585965248,34.58739087835272,53.752057737442655,4.396296444175142,0.2264957264957265,-0.045222704081922416,-0.02341531767528693,4.35157533518383,0.09089403434743146,0.10393833173093897,0.13807571213998052,4.967672380582177
2013,16.697176799999852,152.70050172433469,237.3240551697471,34.586011074315124,53.75288429058375,4.147752559709052,0.2264957264957265,-0.046602508119519825,-0.024241870816382516,4.367219821675438,0.13511417579867438,0.08755368822283659,0.16100151807724286,5.759162797399772
2014,16.700676400000248,152.7081912269821,237.3196917709524,34.58775271380364,53.75189599940375,4.488687856302162,0.2264957264957265,-0.044860868631005246,-0.02325357963638197,4.3703487189737595,0.18533182255298358,0.0762255654927788,0.2003951628296065,9.288661378141125
2015,16.713458300000184,152.71354683018302,237.31476715050178,34.588965735041455,53.75078059391707,4.416701957246761,0.2264957264957265,-0.0436478473931885,-0.02213817414970265,4.4293643147176045,0.2012066666694718,0.034039181893565404,0.20406564781026512,5.081338395657451
2016,16.71695809999983,152.7177124216571,237.31646568288912,34.58990922370866,53.75116530424412,4.40230477743568,0.2264957264957265,-0.04270435872598455,-0.022522884476749994,4.491261656888833,0.23715912817800094,0.039599830405765264,0.24044250590591268,5.227693380292399
2017,16.729753399999936,152.73202896600998,237.3178172874215,34.593151859822775,53.75147143689461,4.691374422894363,0.2264957264957265,-0.03946172261186831,-0.02282901712724339,4.50364112532308,0.23343031702758954,-0.03955254729830224,0.23675750654495709,5.401458524877027
2018,16.745211100000233,152.73682117582865,237.32039823054677,34.594237274867176,53.752056009482814,4.457239270565201,0.2264957264957265,-0.038376307567467904,-0.023413589715445937,4.5341516106847335,0.2383725906692807,-0.06121041770504396,0.24610608935581096,3.633719299194014
2019,16.748672499999884,152.74414181739468,237.3221306550488,34.59589536889708,53.752448396229,4.550585198473392,0.2264957264957265,-0.03671821353756144,-0.023805976461630962,4.540253707757064,0.19626042913823813,-0.05473590549750617,0.20375027704559648,-0.3674452149504066
2020,16.762214700000186,152.7512934804717,237.32338773578368,34.59751519002137,53.75273311964331,4.56925438405503,0.2264957264957265,-0.03509839241327484,-0.024090699875941368,4.48308431088735,0.14255395155165018,-0.08218887212253491,0.16454980949172995,-1.1052316560865796
2021,16.767143399999895,152.75257785620192,237.32507529698302,34.59780609563548,53.75311534504316,4.432815262797334,0.2264957264957265,-0.03480748679916701,-0.02447292527579492,4.471650431513408,0.05112431279139562,-0.15454923089755407,0.16278562629857077,-3.0189068916212713
2022,16.778285100000176,152.75183464959736,237.3330045115016,34.59763776251564,53.75491127824609,4.4055274385457945,0.2264957264957265,-0.03497581991900489,-0.026268858478722734,4.441329063963814,-0.0820563304965956,-0.1624097512113108,0.1819619978541849,-3.503384351020239
2023,16.78277500000013,152.74416441191107,237.34092629877384,34.59590048645849,53.75670552920946,4.400069873695487,0.2264957264957265,-0.03671309597615391,-0.028063109442094003,4.407230198779091,-0.20773432481597226,-0.2337780033460724,0.3127390358673252,-8.07122830629771
2024,16.793115999999827,152.73563216743088,237.34789636961534,34.59396796954631,53.75828422046843,4.398978360725426,0.2264957264957265,-0.038645612888331016,-0.02964180070106437,4.400410425742146,-0.2670986932946334,-0.23358111133657794,0.354826503425169,-7.464555720976305
2025,16.796623100000033,152.7277541722288,237.3537473162808,34.592183637299684,53.75960943488411,4.398760058131414,0.2264957264957265,-0.04042994513496012,-0.030967015116743823,4.305505516544914,-0.5466266227387631,-0.2738733651682621,0.6113978122592313,-11.995946470068356
2026,16.80931190000001,152.71443213436578,237.35803674362097,34.589166252655495,53.760580971845776,4.398716397612611,0.2264957264957265,-0.04344732977914845,-0.03193855207840812,4.314559050086327,-0.4747634905621838,-0.203981477167592,0.5167289569960848,-12.332168671065949
2027,16.812926399999924,152.69188699477309,237.36382406627632,34.5840598748845,53.76189177569506,3.931002892559632,0.2264957264957265,-0.04855370755014121,-0.03324935592769407,4.222828878498711,-0.5484371996996324,-0.21647015244656723,0.5896123208639849,-17.2059181686138
2028,16.82498880000003,152.69041635928897,237.36649541476243,34.58372678223212,53.76249682471115,4.4453375414025516,0.2264957264957265,-0.04888680020252423,-0.033854404943781446,4.110941889591344,-0.5157665460998266,-0.1554259034755912,0.5386764720562319,-10.576905140658829
2029,16.829620299999988,152.67906237229295,237.37089402580975,34.58115515269883,53.76349309131588,3.9403275027873463,0.2264957264957265,-0.051458429735816935,-0.034850671548511514,3.9950236135139727,-0.6100980520468858,-0.18136420531401945,0.6364845701826481,-8.25624281539902
2030,16.84118410000019,152.66142666485058,237.37460293150127,34.577160740329404,53.76433314260499,3.8393251135945787,0.2264957264957265,-0.0554528421052396,-0.035690722837621536,4.065380912888342,-0.31929940732235024,-0.10951700924765119,0.33755901236814023,-3.0218705290946115
2031,16.84479109999984,152.65012839472826,237.3778876408343,34.574601730429904,53.7650771152317,3.8191250172257516,0.2264957264957265,-0.05801185200473924,-0.036434695464329536,4.109807673666536,-0.24122305014814815,-0.07778415563337832,0.253454009221345,-1.098267743557277
2032,16.855989099999988,152.65216756621135,237.37805650493513,34.57506359405642,53.7651153622289,4.282789389431478,0.2264957264957265,-0.05754998837822711,-0.0364729424615291,4.118693025822175,-0.19187176657069377,-0.035961528678761644,0.1952127207737042,3.9137821918373903
2033,16.861180400000194,152.6604822296876,237.37556957667323,34.57694682980104,53.76455208360547,4.667471345293523,0.2264957264957265,-0.055666752633605654,-0.03590966383810468,4.120470172547248,-0.2996711443757333,-0.02804848420939217,0.3009809167337792,5.1666546420288135
2034,16.872282899999846,152.64536042558598,237.3758633719515,34.57352180579512,53.76461862698047,3.9847542635655406,0.2264957264957265,-0.05909177663952647,-0.03597620721310335,4.120825601892262,-0.2259765204318207,0.011038205337200058,0.22624594971742426,0.21670448400848263
2035,16.877017100000103,152.62687431660157,237.3765548017281,34.56933478111061,53.76477523287004,3.848210847219944,0.2264957264957265,-0.06327880132403152,-0.03613281310267524,4.179286504045445,-0.13300546123213303,0.04251666647387853,0.139635667526687,-1.193673418366756
2036,16.888296699999955,152.60989317021483,237.37709387010977,34.56548862402302,53.76489732955478,3.8209021639508247,0.2264957264957265,-0.06712495841162536,-0.03625490978740942,4.039047989896003,-0.23992216881954245,0.022040398407597164,0.24093241013412586,1.246538251927268
2037,16.892778299999918,152.61990722199707,237.37404717968565,34.5677567639566,53.76420726719376,4.575093900197392,0.2264957264957265,-0.06485681847804159,-0.03556484742639299,4.011000287066115,-0.31395854149076485,0.02057152917305963,0.3146317745993344,4.960980229313351
2038,16.90444350000007,152.61105819588013,237.3737318266597,34.565752497357465,53.76413584108104,3.966278774546314,0.2264957264957265,-0.06686108507717847,-0.03549342131367439,4.1573214410802155,-0.08488258608313418,0.03901470354485862,0.09341948679399757,0.9151799498381916
2039,16.90835180000022,152.59934734315948,237.3739619788817,34.563100039262615,53.76418796957577,3.844515749416099,0.2264957264957265,-0.06951354317202885,-0.035545549808404076,4.230032327156473,-0.009811891656973642,-0.010716718772724468,0.014530013046857665,9.935236789118518
2040,16.92027280000002,152.61308222763557,237.37084950350948,34.566210931900365,53.76348300720514,4.579816617290446,0.2264957264957265,-0.06640265053427896,-0.03484058743777041,4.1360904650650845,-0.11842700394854652,-0.06309099013441051,0.13418430720605648,12.319693688219584
2041,16.92434850000018,152.61370070217257,237.37551877236174,34.56635101373994,53.764540576646034,4.184456594332113,0.2264957264957265,-0.06626256869470382,-0.03589815687866604,4.269232787226884,0.07869786127096351,-0.10918043393460337,0.13458722273221968,10.474260380094735
2042,16.936720799999875,152.6116809433654,237.3814124994869,34.565893547001565,53.765875480653015,4.105384589740446,0.2264957264957265,-0.0667200354330788,-0.03723306088564726,4.339307906932682,0.2162081602861406,-0.12496869889307316,0.24972613855450743,8.722383504546222
2043,16.94094700000005,152.62686585351713,237.38559818102408,34.56933286425815,53.76682351963366,4.631990385355316,0.2264957264957265,-0.06328071817649317,-0.03818109986629281,4.3533229308738415,0.2044605489437779,-0.1445118245027847,0.25037528531289716,11.902626887922402
2044,16.952251100000012,152.62730896215857,237.3902037139572,34.56943322647181,53.76786665316124,4.194891347945086,0.2264957264957265,-0.06318035596283522,-0.03922423339387393,4.464609974968713,0.4354804468750226,-0.12091950499353937,0.45195657567774356,0.06965233096905443
2045,16.968551299999945,152.6418621831666,237.3929801582256,34.57272946883688,53.76849550592289,4.649891736996244,0.2264957264957265,-0.0598841135977608,-0.03985308615552441,4.595351423094328,0.49718207064164616,-0.10440183233179556,0.50802534775516,-2.625558807116469
2046,16.971658599999955,152.65818054212954,237.39492167529858,34.57642550740541,53.76893525124284,4.740891814806476,0.2264957264957265,-0.056188075029233175,-0.040292831475468915,4.513015673412811,0.2716803516895829,-0.09357244254728166,0.28734302757930247,-11.630516929576544
2047,16.984197000000222,152.6732121277199,237.39632258191057,34.579830097304075,53.769252550603674,4.759091830368522,0.2264957264957265,-0.05278348513056841,-0.04061013083630627,4.415063385537055,0.15814609349244058,-0.08473067865805878,0.17941425470896946,-15.677104637908247
2048,16.987267699999848,152.66895915985967,237.39862974826084,34.57886681825882,53.76977511392233,4.220311636947728,0.2264957264957265,-0.05374676417582691,-0.04113269415496035,4.286988888655263,-0.05059919597504377,-0.10332523224831872,0.11504947741076396,-24.430608955009813
2049,17.00017660000003,152.63711131096102,237.40136947319803,34.571653416585185,53.77039564991237,3.705129908566304,0.2264957264957265,-0.06096016584945829,-0.041753230145005205,4.1528899499722645,-0.3091562148303643,-0.07950170226744135,0.31921479575931194,-17.265445284318787
2050,17.00328679999984,152.62555590391213,237.4031759254284,34.5690361662707,53.770804803622674,4.0095192525872845,0.2264957264957265,-0.06357741616394463,-0.04216238385530602,4.0417106499065625,-0.703616427258785,-0.0988513846576779,0.7105263351608844,-2.8458838797894828
2051,17.016067699999894,152.6197259205581,237.40444006900358,34.567715699955464,53.77109112674013,4.070397121391481,0.2264957264957265,-0.06489788247917971,-0.04244870697276326,4.160934674536977,-0.6055933639657176,-0.059059433688427226,0.6084663829554693,6.54306177912743
2052,17.01939369999991,152.594750816077,237.40623239273918,34.56205894552171,53.77149708040674,4.203195330040015,0.2264957264957265,-0.07055463691293085,-0.042854660639370934,4.374748656709153,-0.23037638096426843,-0.12858599996680606,0.263832591416711,10.978925770324569
2053,17.032167800000025,152.60470042984934,237.40460909305784,34.56431249052143,53.77112940996609,4.8164317600998,0.2264957264957265,-0.06830109191321299,-0.04248699019872504,4.441635903827183,-0.06341506860938184,-0.11070824889746687,0.12758443204668854,18.216546907414656
2054,17.035348299999896,152.62319811771624,237.41016563996368,34.568502137773336,53.77238794409434,4.774199819427187,0.2264957264957265,-0.06411144466130736,-0.04374552432697243,4.479137880228327,-0.11398854913807283,-0.11749112753260291,0.16369958577676733,12.27179443089506
2055,17.052339299999858,152.62269558655797,237.41332861091865,34.56838831661356,53.77310434349867,4.34395548817743,0.2264957264957265,-0.06422526582108645,-0.044461923731304864,4.4866382755085565,-0.03514818264512404,-0.08764449095798037,0.09442961155558409,-3.300158886483195
2056,17.05920160000005,152.6119040602137,237.41503488100113,34.56594408201421,53.7734908063806,4.257907003397205,0.2264957264957265,-0.0666695004204314,-0.044848386613232094,4.346678469921048,-0.5628280366383214,-0.11740436435215358,0.5749427654950368,-0.8241120800164357
2057,17.06556529999989,152.57519433780732,237.4142712629749,34.55762948676833,53.77331785016098,4.2406973064411595,0.2264957264957265,-0.07498409566631636,-0.04467543039361033,4.260296692519366,-0.9671274543237347,-0.07266130449366193,0.9698531734636064,-1.3498835137540675
2058,17.069373299999825,152.53380178879752,237.41628906818514,34.54825425130884,53.773774874418,4.116632732162255,0.2264957264957265,-0.0843593311258033,-0.0451324546506342,4.327379925662076,-1.241288060197272,-0.17296565846752446,1.2532809610767295,4.484585237329901
2059,17.080044799999996,152.50062268841032,237.42439239644082,34.540739326862166,53.775610243638305,4.342290932418779,0.2264957264957265,-0.09187425557247764,-0.04696782387093634,4.42515608461972,-1.330398125490359,-0.20575284487421788,1.3462144723193608,9.702166932153585
2060,17.083553800000118,152.47928164866508,237.43281547581918,34.535905672560894,53.77751803512144,4.679371653890983,0.2264957264957265,-0.09670790987375,-0.04887561535407059,4.529070828740351,-1.5353377066916893,-0.26021523521501305,1.557232751462446,13.093207750730045
2061,17.096004900000025,152.43520813799634,237.44492338189426,34.52592321074276,53.780260424104256,4.746787798185424,0.2264957264957265,-0.106690371691883,-0.05161800433688768,4.599948000586938,-1.1891039790043707,-0.2452921185413789,1.2141402292579488,8.701594345947342
2062,17.100197499999922,152.39205475056355,237.4494609785302,34.51614915290542,53.781288170350855,4.760271027044312,0.2264957264957265,-0.11646442952922342,-0.05264575058348697,4.614123434956255,-1.4494483688789876,-0.22870927743157704,1.467381514000102,3.3832774793395606
2063,17.11299319999989,152.35076789906668,237.4520258891638,34.50679785748091,53.78186911164821,4.4710185913951905,0.2264957264957265,-0.12581572495373194,-0.05322669188084461,4.558568705545939,-1.2792649940076064,-0.12328397853975387,1.2851917616674453,-3.704815535382453
2064,17.116980799999965,152.31545228970808,237.45359408825774,34.4987990228826,53.782224302041286,4.413168104265367,0.2264957264957265,-0.13381455955204302,-0.05358188227391736,4.4890679433796965,-1.3215075539244023,-0.166966561601116,1.332013531377274,-5.609351353415795
2065,17.12938750000012,152.2866076708157,237.4545011221621,34.492265839971076,53.78242974134441,4.401598006839402,0.2264957264957265,-0.14034774246356818,-0.05378732157704036,4.416777974662268,-0.9107160190669172,-0.12073818119530426,0.9186845899346759,-6.327918174029552
2066,17.133162200000243,152.26972625852423,237.46181177346045,34.48844227222985,53.784085572621386,4.399283987354209,0.2264957264957265,-0.144171310204797,-0.055443152854017796,4.402319980918782,-0.9180471776559307,-0.10091194948865681,0.9235766573228349,-5.488975214191281
2067,17.146816399999807,152.25300895720918,237.4626552443905,34.48465587492345,53.78427661518246,4.39882118345717,0.2264957264957265,-0.1479577075111962,-0.05563419541509518,4.399428382170085,-0.5308549163350754,-0.07873432313324276,0.5366619381289955,-0.8807798947256196
2068,17.1507517,152.23967435844293,237.46172170294332,34.48163564528836,53.78406517203417,4.398728622677762,0.2264957264957265,-0.15097793714628693,-0.055422752266800046,4.398850062420346,-0.4151152735176569,-0.062201452636928986,0.4197495813193662,0.8859576414517096
2069,17.16113600000017,152.23646659376112,237.46072156343115,34.48090910029632,53.783838644708766,4.398710110521881,0.2264957264957265,-0.15170448213832088,-0.05519622494139753,4.457124214754577,-0.26245171752310037,0.03789922097896322,0.2651740088727354,2.6520342973730466
2070,17.16501190000008,152.23735837817662,237.45959033348475,34.48111108565539,53.78358242596022,4.398706408090704,0.2264957264957265,-0.15150249677925132,-0.05494000619285089,4.4687790452214236,-0.21859355994133903,0.046540320603527946,0.223493055573785,3.600704113718778
2071,17.177155700000185,152.223974299134,237.45627484167198,34.478079648949155,53.7828314812334,4.690654749025368,0.2264957264957265,-0.15453393348548872,-0.054189061466033195,4.529499827598973,-0.11977870663305693,-0.02310954114892718,0.12198766107603619,7.998413826730831
2072,17.19272069999988,152.2199874102327,237.4542672272637,34.477176635651,53.78237676514947,4.457095335791402,0.2264957264957265,-0.15543694678364517,-0.053734345382103754,4.600033800358663,-0.13870057824226306,-0.04351524329192529,0.14536652573234865,7.097487279315493
2073,17.19603989999996,152.21598089186483,237.4585832863081,34.47626917636255,53.78335433407833,4.702332534565508,0.2264957264957265,-0.156344406072094,-0.054711914310964005,4.67253041119478,-0.263779060425295,-0.11055590139962757,0.2860104894110277,10.008389942157958
2074,17.209136299999955,152.20646485797596,237.46322141361804,34.47411383535353,53.784404850092976,4.751379974320328,0.2264957264957265,-0.15849974708111603,-0.05576243032560768,4.687029733362003,-0.2157934519184103,-0.16363118495207524,0.27081724202805757,9.207939482497691
2075,17.21262630000001,152.19763138173033,237.4673678534045,34.47211309073379,53.785344000984786,4.761189462271293,0.2264957264957265,-0.16050049170085146,-0.05670158121741764,4.748319414079628,-0.25586802768688643,-0.21708799356573966,0.33555274479994335,8.437209771135755
2076,17.224910100000216,152.19710529416307,237.4784065995816,34.471993934148045,53.78784422981977,4.763151359861485,0.2264957264957265,-0.16061964828659825,-0.059201810052400106,4.760577350223153,-0.21711312965335441,-0.18972865356835136,0.28833153322648175,3.125664759989222
2077,17.22852640000019,152.19297978423413,237.48220769847939,34.47105952377952,53.7887051624761,4.763543739379524,0.2264957264957265,-0.1615540586551205,-0.060062742708730354,4.763028937451858,-0.22580622518708113,-0.2842464532687221,0.36302134583118745,2.2410347054961357
2078,17.240803300000152,152.1886639524062,237.49075685015697,34.47008200631422,53.790641508796234,4.763622215283132,0.2264957264957265,-0.16253157612042202,-0.061999089028866194,4.705129438613419,-0.10482280057669521,-0.25676420691054963,0.2773367582401315,-1.3072946694981573
2079,17.244295399999828,152.18545639337498,237.499279941299,34.46935550790117,53.79257195251644,4.763637910463853,0.2264957264957265,-0.16325807453347352,-0.06392953274907143,4.693549538845732,-0.10926593301547467,-0.3018179414244069,0.3209877160942594,-5.151361428268676
2080,17.257152399999995,152.1872523124551,237.50675510495364,34.46976227589795,53.79426504513907,4.4716919680790985,0.2264957264957265,-0.16285130653669455,-0.06562262537170227,4.691233558892193,-0.05905891727890556,-0.27268720449420814,0.27900943927584726,-5.483708892995828
2081,17.260382100000243,152.18679720897313,237.51286965392396,34.46965919690417,53.7956499643503,4.705251861023047,0.2264957264957265,-0.16295438553047603,-0.06700754458292835,4.6323805466173065,-0.013295378980289735,-0.412152627207118,0.4123670151890899,-2.005962512979165
2082,17.27234640000006,152.18640877489952,237.51775141006303,34.46957121824647,53.79675566125359,4.751963839611836,0.2264957264957265,-0.16304236418817197,-0.06811324148622333,4.620609944162329,0.005527884235445105,-0.31607431892843607,0.3161226543451057,-1.154526684838313
2083,17.27676819999988,152.1893214625237,237.53444426120717,34.47023092954597,53.80053652070077,4.469357153908695,0.2264957264957265,-0.16238265288867382,-0.07189410093339887,4.676645639955513,-0.07452388402123249,-0.29119573015213,0.30058070887607247,-1.0148117291378123
2084,17.288676099999975,152.183331952545,237.5382512630557,34.468874331131985,53.80139879035023,4.704784898188966,0.2264957264957265,-0.16373925130265832,-0.07275637058285866,4.6878527791141495,-0.0654303300307224,-0.20339096436809764,0.21365629519046245,3.6173897800608383
2085,17.29299949999995,152.17629563462063,237.53839048300026,34.467280635191855,53.80143032307271,4.75187044704502,0.2264957264957265,-0.16533294724278846,-0.0727879033053398,4.6900942069458775,-0.03930806410767124,-0.17580342919841765,0.18014430221857097,1.9477709135476733
2086,17.30491350000011,152.17700847896765,237.53785308339656,34.46744209139011,53.80130860435905,4.761287556816231,0.2264957264957265,-0.1651714910445321,-0.07266618459168228,4.748932308796403,-0.056055568991647355,0.0006389091486934803,0.056059209946962514,-1.8108395857815922
2087,17.30990950000023,152.17972727843332,237.53684898251907,34.46805788785028,53.80108117980133,4.763170978770473,0.2264957264957265,-0.16455569458436514,-0.0724387600339611,4.702310112882327,0.0358110875788795,-0.11546481674803341,0.12089068574641768,-5.644829891113322
2088,17.320973100000174,152.18292467849506,237.5355222126708,34.46878208530016,53.80078067210065,4.763547663161321,0.2264957264957265,-0.1638314971344812,-0.07213825233328208,4.6345958574153325,0.10881842678894084,-0.16075517216383284,0.19412283581857034,-6.965544434453758
2089,17.32491919999984,152.18894253436986,237.54689782611692,34.47014510393847,53.803357199932464,4.471673918618593,0.2264957264957265,-0.16246847849617296,-0.07471478016509536,4.562663190037755,0.13873145024964653,-0.4490560188488508,0.46999757802859965,-12.999678901229467
2090,17.3368789000001,152.18875327275262,237.55924032566986,34.470102236990975,53.80615272333548,4.413299169710047,0.2264957264957265,-0.16251134544366863,-0.07751030356811128,4.489886840278059,0.13133721017264377,-0.5912566177701769,0.6056681028690237,-12.527552835996287
2091,17.34175520000008,152.19226506989713,237.59005498498192,34.47089764403653,53.81313211198309,4.401624219928338,0.2264957264957265,-0.16171593839811038,-0.084489692215719,4.366847531019479,0.1257900539446783,-1.0410173180664475,1.0485896214371302,-12.091541831923173
2092,17.352470899999844,152.19634736488638,237.62153947256382,34.47182226640589,53.82026321387129,4.399289229971996,0.2264957264957265,-0.16079131602875663,-0.09162079410392465,4.292145446145303,0.060696097894208496,-0.9688555713185173,0.9707549301314488,-7.556008573225768
2093,17.356262499999957,152.1969788395126,237.65873035764292,34.471965292710124,53.8286867904063,4.148351116868422,0.2264957264957265,-0.16064828972452005,-0.10004437063893334,4.277205029170467,0.09207934606345963,-1.0972787898894714,1.1011354815429284,-5.847908302288566
2094,17.368715500000235,152.19807512369653,237.67479153716465,34.472213596392805,53.832324578930454,4.098163494247708,0.2264957264957265,-0.16039998604183836,-0.10368215916308543,4.3326067620596795,0.0600093774126479,-0.8261667590110877,0.8283433099098092,0.15006721987681593
2095,17.373228200000085,152.20113010904913,237.6922421958146,34.47290553751967,53.836277078539204,4.33859708483587,0.2264957264957265,-0.15970804491497148,-0.1076346587718362,4.343687108637522,-0.017967315362311546,-0.9757681475764595,0.9759335542167428,4.842774162780707
2096,17.384222900000168,152.20126443033845,237.69591821496928,34.472935960717685,53.83710968116826,4.678632884374401,0.2264957264957265,-0.1596776217169591,-0.10846726140088947,4.395997400975552,-0.04323026645416604,-0.5924889462748688,0.5940639758440185,5.81710076000527
2097,17.387894699999833,152.19634271891275,237.71883276419155,34.471821214112715,53.84229972864168,4.454690962861209,0.2264957264957265,-0.16079236832192834,-0.11365730887430914,4.456553682465618,-0.05952682024805383,-0.5554821138159175,0.5586625288116647,4.187284974975423
2098,17.400900300000103,152.19125563212077,237.7363602601397,34.470669010694024,53.8462696315701,4.40990257855857,0.2264957264957265,-0.16194457174061938,-0.11762721180273417,4.468664938763632,-0.13302574217055185,-0.4190482691361792,0.4396558881057478,3.0771350551072087
2099,17.41602580000017,152.18714572565716,237.74351160434156,34.469738134443716,53.84788938047053,4.400944901698042,0.2264957264957265,-0.16287544799092757,-0.11924696070315832,4.4126973737390545,-0.1450270407698668,-0.42916785554074083,0.4530098131209773,2.0915675983180093
2100,17.41964199999984,152.1837264338557,237.7466040668569,34.468963679463045,53.848589810014595,4.399153366325937,0.2264957264957265,-0.1636499029715992,-0.11994739024722634,4.40150386073414,-0.11439979777263733,-0.14955455987808522,0.1882920075593972,-1.231794230719549
2101,17.43280589999995,152.1803996870772,237.7539460911771,34.46821018553458,53.85025274714695,4.3987950592515155,0.2264957264957265,-0.16440339690006311,-0.12161032737958521,4.399265158133156,-0.10553495907795298,-0.10484899383395116,0.1487647105182447,-0.42813078890000633
2102,17.43640080000023,152.1780116038982,237.7541908684974,34.46766929490002,53.85030818816394,4.398723397836632,0.2264957264957265,-0.16494428753462387,-0.12166576839657495,4.39881741761296,-0.11671975806710723,-0.13170255881694784,0.17598029981272237,0.9361784337972017
2103,17.448179699999855,152.17570941342572,237.75844060042513,34.46714785859643,53.85127073428433,4.398709065553654,0.2264957264957265,-0.16546572383821712,-0.12262831451695888,4.4571176857931,-0.09556087564227433,-0.08887968211409665,0.13050470813813994,1.593918926728207
2104,17.45191530000011,152.17377201888377,237.76242127681527,34.46670904701214,53.852172340475256,4.3987061990970595,0.2264957264957265,-0.16590453542250572,-0.12352992070788815,4.468777739429128,-0.1045422925634375,-0.07833228702940002,0.13063321983965515,1.6530956821633955
2105,17.463978100000077,152.16800049983812,237.76133362120578,34.465401822612904,53.85192599112781,4.6906547072266385,0.2264957264957265,-0.16721175982173975,-0.12328357136043877,4.471109750156334,-0.07602797812902878,-0.07912967095025553,0.1097349455874645,1.6795187788977415
2106,17.467685000000074,152.1663287382408,237.76253799514518,34.46502317575539,53.85219877667818,4.457095327431656,0.2264957264957265,-0.16759040667925262,-0.1235563569108109,4.4715761523017745,-0.07285958190045468,-0.14941992417513705,0.16623727745368297,-2.561542183066748
2107,17.480012800000168,152.16589935374964,237.76359439868864,34.464925922003125,53.85243804756623,4.41038345147266,0.2264957264957265,-0.16768766043151828,-0.123795627798863,4.471669432730863,-0.05032798687492844,-0.12595869702378765,0.13564106907132994,-3.367494865032383
2108,17.48360360000015,152.16544868487296,237.7704617405413,34.46482384742849,53.85399347114824,4.40104107628086,0.2264957264957265,-0.1677897350061528,-0.12535105138087488,4.413298272532501,-0.029588816755328484,-0.19968073322727464,0.2018610742544546,-3.527079476471222
2109,17.496454600000106,152.16517580036862,237.77750007869003,34.46476204025443,53.85558762466056,4.3991726012425,0.2264957264957265,-0.16785154218021603,-0.1269452048931896,4.401624040492829,-0.008801122288667484,-0.202609574750656,0.20280063987616445,-3.5600605620482715
2110,17.500316399999974,152.16509613515075,237.78343675673307,34.46474399642303,53.85693225686689,4.398798906234829,0.2264957264957265,-0.16786958601161217,-0.12828983709952269,4.399289194084894,-0.004503249516158705,-0.24205402256497424,0.24209590887929075,-6.324068288948574
2111,17.5122637999998,152.16519065976425,237.78809093967155,34.46476540584404,53.85798640941279,4.3987241672332935,0.2264957264957265,-0.1678481765906028,-0.12934398964542027,4.3988222248033075,0.0023302105159574748,-0.16426561865934197,0.16428214557457252,-4.032170764233998
2112,17.515897300000233,152.16540884047816,237.79156619194913,34.464814822843344,53.858773539202154,4.398709219432987,0.2264957264957265,-0.16779875959129953,-0.13013111943478606,4.348634607924529,-0.03039584185128376,-0.3395955870886703,0.34095317856260987,-4.515438309057683
2113,17.528434500000003,152.165726599768,237.79401428968652,34.464886793964546,53.85932802287771,4.398706229872926,0.2264957264957265,-0.16772678847009814,-0.1306856031103436,4.288502861526313,-0.03999528837808336,-0.3291245467545671,0.3315457590874075,-5.20034929314017
2114,17.53205170000001,152.1630365693756,237.80999572940405,34.464277513576526,53.86294775067699,4.148234516848609,0.2264957264957265,-0.16833606885811747,-0.13430533090961916,4.276476512246669,-0.03583984270605193,-0.3206816663815821,0.322678207318782,-8.732425392293182
2115,17.54508160000023,152.16000657886735,237.82701446579827,34.46359123367508,53.86680242174064,4.0981401742437455,0.2264957264957265,-0.16902234875956168,-0.13816000197326872,4.223977019368279,-0.04582175143920931,-0.3184952789725533,0.32177457269455156,-5.3349386715633225
2116,17.548505100000057,152.16034771405276,237.827710037348,34.463668499336734,53.86695996572412,4.338592420835077,0.2264957264957265,-0.1689450830979098,-0.1383175459567525,4.16338289777014,-0.07299370953367354,-0.449445770547356,0.4553345828008157,-3.9698353149294787
2117,17.560465999999906,152.15843028178466,237.8385727119737,34.46323420912217,53.86942031510516,4.136211755041039,0.2264957264957265,-0.16937937331247355,-0.1407778953377914,4.201358296472974,-0.036893361536004636,-0.2566755878386126,0.2593134734596791,-4.0707623348798885
2118,17.56420879999996,152.1562800863153,237.85012321949733,34.462747199037224,53.872036455698115,4.095735621882231,0.2264957264957265,-0.16986638339741944,-0.14339403593074707,4.20895337621354,-0.11204932701067338,-0.27747555908436883,0.2992452799506249,-3.773718661806556
2119,17.57689359999995,152.15695561117843,237.85218687176888,34.46290020253187,53.87250386411859,4.338111510362775,0.2264957264957265,-0.1697133799027739,-0.1438614443512236,4.160378169139193,-0.12480745310930066,-0.29453711778894853,0.3198890653133539,-0.2658774766796741
2120,17.580712500000118,152.14973160909344,237.85892837077427,34.46126399693142,53.87403078483349,4.136115572946578,0.2264957264957265,-0.1713495855032221,-0.1453883650661183,4.150663127724323,-0.13227202238440738,-0.40290052484332073,0.42405744991060407,2.323390277551256
2121,17.592836599999828,152.1475250653593,237.86595813639474,34.46076422420531,53.87562299670479,4.095716385463339,0.2264957264957265,-0.17184935822933056,-0.14698057693742328,4.148720119441349,-0.10719081516727993,-0.28165215728209303,0.30135993190516025,3.7718515739796574
2122,17.596434399999907,152.14635544846874,237.8778321549483,34.460499310977966,53.8783124111635,4.087636547966691,0.2264957264957265,-0.17211427145667813,-0.1496699913961308,4.206721334068934,-0.2043220557591522,-0.09240000699921516,0.22424375969712312,11.35835835440826
2123,17.609386300000097,152.14608593242968,237.88313525431323,34.46043826674689,53.87951354050684,4.086020580467362,0.2264957264957265,-0.17217531568775257,-0.15087112073947395,4.326805616301092,-0.152757673545029,0.060832571599661545,0.16442478096174434,14.141234449487285
2124,17.61327160000019,152.13796191279494,237.8675352173869,34.45859821101766,53.87598019880985,4.6281175835007,0.2264957264957265,-0.17401537141698498,-0.14733777904248058,4.459306512054164,-0.24189012095442664,0.2158978957552477,0.3242263592104919,20.902413675541016
2125,17.62514310000006,152.12901867644092,237.84833445742288,34.45657260620243,53.87163130873253,4.736536984107367,0.2264957264957265,-0.17604097623221548,-0.1429888889651636,4.594290730511419,-0.25763487059626744,0.3720424057726622,0.45253870358265014,18.12863783370772
2126,17.6291698,152.12036273185436,237.8368852500979,34.45461207174479,53.869038112201665,4.758220864228701,0.2264957264957265,-0.17800151068985315,-0.1403956924342964,4.729771613509511,-0.2955109046326171,0.41099140260071326,0.5062021609678186,16.344304824963125
2127,17.641199600000164,152.11227070615695,237.83512158107916,34.452779262505636,53.86863864870597,4.762557640252967,0.2264957264957265,-0.17983431992900734,-0.13999622893859964,4.75686779010913,-0.28485936486395236,0.22766740465654106,0.3646605337759209,3.3139597370345557
2128,17.65668790000018,152.09899815749628,237.82814608740847,34.44977308695429,53.86705872919936,4.763424995457821,0.2264957264957265,-0.18284049548035597,-0.1384163094319888,4.762287025429053,-0.2671936948443563,0.12228797315345119,0.29384829239346993,-1.789222965417824
2129,17.66014700000005,152.09257867145413,237.82825615686187,34.44831910079944,53.867083659460164,4.763598466498792,0.2264957264957265,-0.1842944816352059,-0.13844123969279565,4.6548868331863975,-0.17060458575940682,-0.21185908137071996,0.2720113877053388,-15.413771547354086
2130,17.67240609999999,152.0881242210862,237.83694685171548,34.44731018682722,53.86905206470479,4.763633160706985,0.2264957264957265,-0.18530339560742703,-0.1404096449374208,4.481476100157788,-0.12006338708937665,-0.3179716048095546,0.339884036672123,-18.940905076631083
2131,17.676558600000135,152.08805202084773,237.85577067899334,34.44729383378175,53.873315581139515,4.22121990301542,0.2264957264957265,-0.18531974865289413,-0.1446731613721468,4.338309914245425,-0.05967330406600743,-0.6196314619483818,0.6224982344187356,-26.503529351257995
2132,17.68829629999982,152.09325247664748,237.88154520881085,34.44847171479623,53.87915340199562,3.89550397510992,0.2264957264957265,-0.18414186763841656,-0.15051098222825487,4.157745982482874,0.04373814874478868,-0.7199936105335802,0.7213208889702295,-20.77539459400345
2133,17.692156000000068,152.09509046291186,237.90550974580623,34.448888010830466,53.884581267212525,4.047594065896008,0.2264957264957265,-0.18372557160417813,-0.15593884744515663,4.013149156823723,0.07665534112528025,-0.8781166145399454,0.8814560851534965,-16.21396156323926
2134,17.70416609999984,152.1002191489311,237.93250078850235,34.45004963629636,53.89069462303686,3.8607788076860374,0.2264957264957265,-0.18256394613828064,-0.16205220326948933,3.9842297916918934,0.08036338359955478,-0.7250229720328559,0.7294632159327327,-9.192826838929419
2135,17.708514299999933,152.1017988668226,237.95076130552403,34.450407435647854,53.894830552105866,4.040649032411231,0.2264957264957265,-0.1822061467867897,-0.1661881323384975,4.021892573938965,0.06247261084061271,-0.8136825462887607,0.8160772716110918,6.920966125023457
2136,17.720498000000134,152.1025714513248,237.9645847050431,34.450582422735955,53.897961493022585,4.0766230773562695,0.2264957264957265,-0.18203115969868833,-0.16931907325521678,4.029425130388379,0.04133884053027896,-0.5880221699583084,0.5894734702247978,14.560572648694599
2137,17.724512799999957,152.10276459745035,237.98125848094827,34.450626169507984,53.90173803200965,4.083817886345278,0.2264957264957265,-0.18198741292665943,-0.1730956122422853,4.291132752518106,-0.05434776451704039,-0.31448609452624965,0.31914758836371127,15.125662910768394
2138,17.736617900000056,152.1028815485325,237.99611570666286,34.450652658428304,53.90510313014159,4.085256848143079,0.2264957264957265,-0.18196092400634,-0.17646071037422217,4.300027621670614,-0.05774326985093006,-0.17039786703750617,0.17991586451452513,15.270746744604754
2139,17.740878600000087,152.09570100847102,237.97996306973212,34.44902629679044,53.90144462690514,5.169316918334671,0.2264957264957265,-0.1835872856442009,-0.17280220713777084,4.301806595501115,-0.04964803682776125,-0.29745813894146456,0.3015729961110085,26.659511889643852
2140,17.752473200000168,152.09904427067244,237.9917749776381,34.44978353139162,53.9041199735676,4.08512337817377,0.2264957264957265,-0.18283005104302674,-0.1754775538002349,4.410646429573856,-0.08682046731661101,-0.08795644952394993,0.12358855350692423,10.692660906181592
2141,17.756616199999826,152.10005174759976,238.00817476247593,34.450011720610206,53.90783445474882,4.085517946508777,0.2264957264957265,-0.1826018618244376,-0.17919203498145464,4.64916885195481,-0.17882345417903045,0.25398348666206133,0.31062105411825724,22.415728616149757
2142,17.76815660000011,152.09113689930228,238.0027303361268,34.44799254556847,53.906601315447524,4.628017056708982,0.2264957264957265,-0.18462103686617581,-0.1779588956801561,4.480118880864595,-0.10118290495774018,0.05406817727394454,0.11472291858828286,26.489788486540434
2143,17.771971099999973,152.0834264672572,237.97861837504732,34.44624616566082,53.90114005930559,5.277868960047852,0.2264957264957265,-0.18636741677382673,-0.1724976395382214,4.706509997486396,-0.23969074992914258,0.22486210964238534,0.32865578338805923,31.292347858744556
2144,17.784576200000174,152.0837876776053,237.98646062403526,34.44632797826103,53.902916295187474,4.324067062883594,0.2264957264957265,-0.18628560417361228,-0.17427387542010564,4.968542676377163,-0.3087141947943229,0.47008164942363984,0.5623888434102841,16.60220103349244
2145,17.789386899999954,152.0704655046064,237.97322343237602,34.44331056300914,53.89991812784585,5.217078961282773,0.2264957264957265,-0.18930301942550187,-0.17127570807848258,5.129219628415082,-0.39741038447007315,0.5972674154011446,0.7174004315475526,26.802640042970836
2146,17.801014000000123,152.05557642864184,237.9563071093147,34.4399382509317,53.89608665296444,5.39568134096261,0.2264957264957265,-0.19267533150294724,-0.1674442331970738,4.944600563256259,-0.28844215157192526,0.25726759894385115,0.3865041943753984,13.576363749968927
2147,17.805960700000014,152.04206946116437,237.94008462034625,34.436878980520135,53.89241232853996,5.4314018168985765,0.2264957264957265,-0.1957346019145092,-0.16376990877259345,5.1244312057909,-0.400998965901247,0.049288395097852045,0.4040167280511927,8.750303918420974
2148,17.816623100000015,152.04616571123836,237.952714483944,34.43780676365655,53.89527293867108,4.354773634253739,0.2264957264957265,-0.19480681877809047,-0.16663051890370895,5.052126918038064,-0.3993686678735877,-0.15990839488619069,0.43019301207039834,1.3789376222629666
2149,17.820949500000097,152.03553968830764,237.97526968543912,34.435400014873096,53.90038159541997,5.223220275556803,0.2264957264957265,-0.19721356756154762,-0.1717391756526041,5.037666060487496,-0.5187900051067401,-0.483806197686668,0.7093740242768146,16.33368505832357
2150,17.833167499999945,152.00214435200854,237.99807462350822,34.42783611391646,53.905546816435624,4.855557522518588,0.2264957264957265,-0.20477746851818068,-0.17690439666825597,4.995429406555507,-0.42603445910873106,-0.7526018711609652,0.8648207541583719,9.683954660460765
2151,17.836704400000144,151.9882909097795,238.01821830187316,34.42469836845433,53.910109273501185,5.323377053209772,0.2264957264957265,-0.2079152139803142,-0.18146685373381644,5.203736531335515,-0.5355959080368882,-1.0963807573905089,1.2202105317862342,16.565355871333804
2152,17.850121899999976,151.97912839150737,238.05383283474563,34.42262309722175,53.918175812997944,5.220218547238634,0.2264957264957265,-0.20999048521289154,-0.18953339323057605,5.245397956291517,-0.43783838125830926,-0.9294655441596835,1.0274281706683699,18.18243066283972
2153,17.852918500000214,151.97343886667568,238.0783690973583,34.42133444416159,53.92373317162389,5.3963092581537815,0.2264957264957265,-0.21127913827305633,-0.1950907518565188,5.322656175120608,-0.32369557532400767,-0.9234882188509571,0.9785751457301854,20.16049139910961
2154,17.865293500000007,151.96975055529197,238.09728621354856,34.42049905739519,53.92801781759861,5.431527400336812,0.2264957264957265,-0.21211452503945338,-0.1993753978312398,5.381349624916701,-0.1488058632519767,-0.6839747004194323,0.6999746965083938,5.202912320574967
2155,17.879955299999892,151.96661976772924,238.12271785465668,34.41978994739166,53.93377797562737,5.241848616664042,0.2264957264957265,-0.21282363504298019,-0.20513555586000365,5.475674603328067,-0.11422020798083207,-0.5454721396232484,0.5573025309617291,5.095555956056095
2156,17.883506000000125,151.96642071952022,238.12416624955284,34.419744863822956,53.93410603088163,5.616844302190231,0.2264957264957265,-0.21286871861168777,-0.20546361111426137,5.419245104381435,-0.035357235402653536,-0.47412077521824636,0.4754373182543305,4.751644688646624
2157,17.895948800000042,151.96742381391326,238.11914962513237,34.41997206041625,53.932969786888954,5.691843439295468,0.2264957264957265,-0.21264152201839437,-0.20432736712158572,5.451201010622381,-0.013104294038673612,-0.3641249618068118,0.3643606871399056,4.074966473965345
2158,17.899383399999806,151.96641573741385,238.14387355740615,34.419743735397155,53.938569651891136,5.114161763420618,0.2264957264957265,-0.21286984703748857,-0.20992723212376774,5.5401784803227185,0.03032313548935888,-0.139157592795226,0.1424230605571582,2.993147729231107
2159,17.912472999999864,151.96894463259565,238.13209876044527,34.42031651934859,53.935902710699146,5.591306931541546,0.2264957264957265,-0.212297063086055,-0.207260290931778,5.557973974262786,0.0396055176428564,-0.11197859246975869,0.11877626951233528,8.140494349275146
2160,17.915947699999833,151.97153379608835,238.12086953874413,34.42090295381488,53.933359339971965,5.686735965165731,0.2264957264957265,-0.21171062861976253,-0.20471692020459642,5.5615330730508,0.055522436670345815,-0.12322837600175053,0.13515906786391124,8.848466174253648
2161,17.92806120000023,151.97333694023303,238.11854288517432,34.42131135825791,53.93283236288136,5.705821771890568,0.2264957264957265,-0.21130222417673394,-0.2041899431139953,5.680781193467582,0.07489863513520402,0.20485317362865657,0.21811608902336604,3.7434234418524195
2162,17.931965799999944,151.97502368818326,238.11793833359826,34.42169339946031,53.93269543453294,5.709638933235535,0.2264957264957265,-0.21092018297433412,-0.20405301476557014,5.704630817550939,0.08928056100052227,0.17562301680318815,0.19701386398835205,3.529554227182207
2163,17.94448539999985,151.97670422526846,238.11738665249135,34.422074033928325,53.93257048111983,5.710402365504529,0.2264957264957265,-0.2105395485063184,-0.20392806135246389,5.70940074236761,0.06140295315170979,0.03326388290695513,0.06983415039791555,3.327749686146004
2164,17.947773100000177,151.97838320963743,238.11655064261504,34.42245431671275,53.932381128455546,5.710555051958328,0.2264957264957265,-0.21015926572189159,-0.2037387086881779,5.7103547273309445,-0.0332868253456512,0.05236336626360294,0.06204784337950932,1.3610879275151968
2165,17.960270600000058,151.98000458536833,238.115437556894,34.422821551386846,53.932129019296504,5.710585589249087,0.2264957264957265,-0.20979203104779742,-0.2034865995291355,5.710545524323611,-0.08401523198632803,0.02413859847524687,0.08741413582519539,0.13959122572966887
2166,17.96376360000022,151.97322303965262,238.11329389850084,34.4212855602632,53.93164348983139,5.710591696707239,0.2264957264957265,-0.2113280221714433,-0.20300107006401902,5.710583683722144,-0.205167655719249,-0.07605617471038004,0.2188111255510289,0.06348654468831194
2167,17.9764768,151.9644780926768,238.11924678395138,34.419304867144746,53.932991792946254,5.71059291819887,0.2264957264957265,-0.21330871528989803,-0.20434937317888568,5.710591315601851,-0.25323810571262684,-0.10984299447641308,0.2760344573064473,0.00545534025792319
2168,17.97970260000011,151.95628370773952,238.12623961346833,34.41744887397519,53.934575638947955,5.7105931624971955,0.2264957264957265,-0.21516470845945435,-0.2059332191805865,5.7105928419777925,-0.35261265768053496,-0.30320496462655233,0.4650472416117732,0.0023945000387633098
2169,17.992571100000077,151.94919971111457,238.1325654575663,34.41584437901313,53.93600841560262,5.710593211356861,0.2264957264957265,-0.21676920342151362,-0.2073659958352536,5.71059299466509,-0.31285286828556136,-0.37491356947362064,0.4883002168440581,0.00020922398471211756
2170,17.995835499999885,151.9424619761185,238.1462089913447,34.41431831083026,53.93909861769773,5.710593221128794,0.2264957264957265,-0.2182952716043829,-0.21045619793036252,5.710592872614659,-0.449901879620073,-0.486150037857049,0.6623847526884091,8.081493540903136e-05
2171,18.009059399999842,151.92839503504524,238.15902691824633,34.411132208792296,53.94200182336348,5.710592460143728,0.2264957264957265,-0.221481373642348,-0.21335940359611527,5.7105928482045725,-0.34949424937583223,-0.4252470258836916,0.5504373382772116,-1.6864999034371356e-05
2172,18.01283259999991,151.9143840675992,238.1700591587608,34.4079587845417,53.944500578693685,5.7105923079467145,0.2264957264957265,-0.22465479789294562,-0.21585815892631643,5.710592690734665,-0.448027485460814,-0.5978272513970454,0.7470783427735581,-2.1245693448727006e-05
2173,18.024925600000188,151.91046933843302,238.18001555262964,34.40707211511517,53.946755659356285,5.710593040446764,0.2264957264957265,-0.22554146731947355,-0.21811323958891649,5.710592506652793,-0.38746126895747796,-0.43270529326024165,0.5808270876582555,-1.3885645229409593e-05
2174,18.02859320000016,151.90047271180552,238.19579124167302,34.40480792190467,53.95032878550714,5.710592424007322,0.2264957264957265,-0.22780566052997386,-0.22168636573977096,5.710592469836418,-0.44454811676742445,-0.5366361174339609,0.6968510247219699,-2.2054512295101647e-05
2175,18.04111409999996,151.89137031418184,238.20248174596514,34.40274626774204,53.951844156137405,5.7105923007194335,0.2264957264957265,-0.2298673146926049,-0.22320173637003649,5.7105924624731434,-0.3051955300072463,-0.4768085476385905,0.5661189827568283,-1.4214271529137616e-05
2176,18.044722900000124,151.8829835697564,238.2142595050948,34.400846705970466,53.95451176824796,5.710592276061855,0.2264957264957265,-0.23176687646417804,-0.22586934848059315,5.710592308412598,-0.36108539997872124,-0.5723509788873009,0.6767335584342221,-1.1517620795189465e-05
2177,18.056889200000114,151.87523350230236,238.2337635457073,34.39909134881207,53.9589293500961,5.71059227113034,0.2264957264957265,-0.23352223362257263,-0.23028693032873093,5.7105922776004885,-0.25813959968887945,-0.46220753278988136,0.5294070799443885,-7.081849779838663e-06
2178,18.060433000000103,151.86971398470644,238.2441556081065,34.39784120166428,53.96128310781899,5.710592270144037,0.2264957264957265,-0.23477238077036588,-0.23264068805162452,5.710592271438067,-0.2752112498880199,-0.6333025526082531,0.6905167305757735,-5.207402798207653e-06
2179,18.07289989999981,151.86406545906723,238.26746742985864,34.396561834745995,53.96656313582268,5.710592269946776,0.2264957264957265,-0.23605174768864856,-0.23792071605531362,5.710592422793473,-0.2108363577751773,-0.522637171855403,0.5635615167529776,3.431190605519524e-06
2180,18.07634599999983,151.86026151247188,238.28232477372444,34.39570025709833,53.96992826071536,5.710592269907324,0.2264957264957265,-0.23691332533631027,-0.2412858409479952,5.710592453064554,-0.18939740539691888,-0.4722788451995493,0.5088405298264916,5.871977445097922e-06
2181,18.088388799999848,151.84938849823516,238.2922074751694,34.393237565839584,53.97216665035888,5.7105930328388865,0.2264957264957265,-0.23937601659505958,-0.24352423059151107,5.71059245911877,-0.11133846383334614,-0.315984721031363,0.3350262638272373,1.368414641058443e-05
2182,18.104291300000114,151.84678468559395,238.30002254139976,34.392647813403755,53.97393672946234,5.710592422485746,0.2264957264957265,-0.2399657690308885,-0.24529430969496957,5.710592612917504,-0.1242691342781406,-0.27467367248308544,0.3014771037567925,1.1928101088268458e-05
2183,18.10920390000001,151.84759857618366,238.2974787798812,34.39283215614416,53.97336057834916,5.710592300415118,0.2264957264957265,-0.2397814262904845,-0.24471815858179014,5.710592796265141,-0.16821052355788257,-0.20288464946410611,0.26354688619634686,1.051510842626508e-05
2184,18.120116300000063,151.8395394145537,238.30793216445272,34.39100679047584,53.975728225282026,5.710593038940445,0.2264957264957265,-0.24160679195880164,-0.24708580551465786,5.71059283293467,-0.15744099289565253,-0.2049657510390995,0.25845430029889427,1.3062506361828049e-05
2185,18.124382200000127,151.8306925013435,238.31956345493154,34.38900300244105,53.97836266286911,5.710593186645511,0.2264957264957265,-0.24361057999359303,-0.24972024310174135,5.710592840268575,-0.12911909736966573,-0.27453897965663754,0.3033865400054275,1.2532658266618851e-05
2186,18.13601800000015,151.82295327670306,238.32964672310789,34.3872501011336,53.98064648002016,5.710593216186524,0.2264957264957265,-0.24536348130104102,-0.2520040602527942,5.710592994323246,-0.15176342042974597,-0.32217776761101424,0.3561329101941472,5.1738953655891145e-06
2187,18.140405699999974,151.82497812630467,238.33854189928283,34.387708720915164,53.98266119941022,5.710592459155274,0.2264957264957265,-0.24490486151947977,-0.25401877964284836,5.710593025134181,-0.16582830208653673,-0.32531081299183,0.3651385364793876,4.560028375902082e-06
2188,18.152074300000095,151.82107836336328,238.34477112545548,34.38682544127459,53.98407209251769,5.710593070688477,0.2264957264957265,-0.24578814116005532,-0.25542967275032424,5.7105930312963675,-0.11864241628021474,-0.20963725445743903,0.24088130146871262,6.826891228460569e-06
2189,18.156309200000123,151.81663586281348,238.34912079039708,34.38581923388511,53.985057273038656,5.710593192995117,0.2264957264957265,-0.24679434854953541,-0.25641485327128777,5.710593032528805,-0.12672781177241638,-0.1854950143953511,0.22465159390077005,5.496599662165107e-06
2190,18.168017500000133,151.8045503536428,238.35114662215983,34.383081917705425,53.985516115275516,5.710593217456445,0.2264957264957265,-0.2495316647292185,-0.25687369550814765,5.710593185363183,-0.18601353738095214,-0.0932867650541737,0.20809482603670731,4.199748682653494e-06
2191,18.172657099999924,151.80063633718999,238.35269449245402,34.382195409705425,53.98586670128232,5.710593222348711,0.2264957264957265,-0.2504181727292192,-0.2572242815149508,5.710593215930059,-0.2898003722389241,-0.05755220564509227,0.2954598316597942,4.161362232075388e-06
2192,18.184023199999956,151.79100609967836,238.3526008081721,34.380014202063904,53.98584548219283,5.710593223327164,0.2264957264957265,-0.25259938037073937,-0.25720306242546087,5.710593222043434,-0.2719944213656844,-0.005718892732198264,0.27205453679021024,4.107092224682102e-06
2193,18.18766030000006,151.7814574270192,238.35167330384968,34.377851468512894,53.98563540642749,5.710593223522855,0.2264957264957265,-0.25476211392174974,-0.2569929866601228,5.710593223266109,-0.30311730953410826,0.023218128872509892,0.30400523819095104,1.4989457296786802e-06
2194,18.200092699999914,151.77330243658878,238.3502169099468,34.376004398030794,53.985305539432396,5.710593223561993,0.2264957264957265,-0.2566091844038496,-0.25666311966502775,5.710593223510644,-0.28402276370382273,0.04579196970785832,0.28769051912025695,1.8145623135290473e-07
2195,18.203921100000116,151.76672038453782,238.34843374408825,34.37451359136968,53.9849016599858,5.710593223569821,0.2264957264957265,-0.2580999910649666,-0.2562592402184336,5.710593223559551,-0.2944327465284601,0.07226716777248159,0.3031718749589883,7.399456331250848e-08
2196,18.216007699999864,151.76161875580243,238.34644300023103,34.37335809426295,53.98445076500959,5.710593223571386,0.2264957264957265,-0.2592554881716964,-0.2558083452422224,5.710593223569332,-0.18513437370793162,0.06831877033070896,0.19733775793731986,3.031688735073421
2197,18.21955059999982,151.75780276023966,238.34434314141518,34.37249378757565,53.98397515596156,5.710593223571699,0.2264957264957265,-0.26011979485899417,-0.25533273619419106,5.710593223571288,-0.17572177422786867,0.08711591853831488,0.19613088793090283,14.844531925596293
2198,18.232223500000146,151.75510925939585,238.34221600385965,34.37188372114522,53.983493368395564,5.710593223571761,0.2264957264957265,-0.2607298612894269,-0.2548509486281958,5.902694664001367,-0.13190830581694651,0.23254328522837575,0.26735029576999314,18.752139205516876
2199,18.236126400000103,151.75336013955598,238.3401392670782,34.371487552976355,53.98302299638951,5.710593223571774,0.2264957264957265,-0.2611260294582891,-0.25438057662213964,6.13321639251707,-0.22947101784126636,0.658135116963156,0.6969926686911518,21.035334701709274
2200,18.248318299999937,151.744191017555,238.29532000353714,34.369410786027416,53.97287162473277,6.671100425720215,0.2264957264957265,-0.2632027964072279,-0.24422920496540002,6.371422178649899,-0.21728593207660668,0.7623444154475959,0.7927056099476882,24.41384797018774
2201,18.252491499999905,151.7334415532169,238.2554248495171,34.366976078292716,53.96383554283935,6.863201866149903,0.2264957264957265,-0.2656375041419281,-0.23519312307197993,6.419063335876466,-0.2109209430624237,0.49038585047841815,0.5338219989582517,12.580262523509715
2202,18.264427500000238,151.72379617931983,238.220892040016,34.36479144232458,53.95601400906345,6.901622154235841,0.2264957264957265,-0.2678221401100629,-0.2273715892960837,6.620693007751467,-0.21064238276747443,0.5340339850901819,0.5740753527623876,0.8301253042066592
2203,18.267876200000046,151.7235477691952,238.24101784032626,34.36473517849293,53.96057241682603,5.94879900970459,0.2264957264957265,-0.26787840394171525,-0.23192999705866413,6.468917501696779,-0.14915995041484267,0.04736706832574694,0.15650025549351126,-1.0928275871771187
2204,18.280159599999934,151.7181183876113,238.22264612267924,34.36350544676666,53.95641130129059,6.7187415829467785,0.2264957264957265,-0.2691081356679845,-0.22776888152322528,6.472768714572755,-0.03417029860181012,-0.3401652152652056,0.3418771460378136,0.2185360895457218
2205,18.283684300000004,151.72025149021337,238.2475560619198,34.36398858539021,53.96205329607585,5.912222895446778,0.2264957264957265,-0.26862499704443366,-0.23341087630848278,6.507745271234864,-0.004819571021400721,-0.2606368506339951,0.2606814074176327,0.6377511070694966
2206,18.296665200000007,151.71976624169397,238.234511696144,34.363878678674276,53.95909880297279,6.882457930529785,0.2264957264957265,-0.2687349037603681,-0.2304563832054214,6.741048337083887,-0.002865142970952803,0.07369338236589343,0.07374905862971928,13.400981223557576
2207,18.300923899999816,151.71908416906606,238.21471389205357,34.363724192138896,53.954614684952304,7.076504937546387,0.2264957264957265,-0.26888939029574743,-0.22597226518493585,6.821915264340606,0.017442133416227107,0.18410979640221675,0.1849341643649847,12.472743056385294
2208,18.31316629999992,151.71873054544034,238.1958026490388,34.36364409789888,53.95033136922674,7.115314338949707,0.2264957264957265,-0.2689694845357664,-0.22168894945937012,7.0643964043085505,-0.008506600513173443,0.5607348024368025,0.5607993232129749,10.421744379532415
2209,18.317309999999907,151.7187565804519,238.17950486147845,34.36364999471774,53.94663998999298,7.123076219230372,0.2264957264957265,-0.2689635877169039,-0.21799757022561295,7.046463875588273,-0.029550496572532337,0.5111102758275192,0.5119638130807352,6.818277344266558
2210,18.32812180000019,151.71910641195868,238.16602337113133,34.363729230059015,53.94358649004257,7.124628595286504,0.2264957264957265,-0.268884352375629,-0.21494407027520168,7.042877369844218,-0.026293153467420394,0.39521734167054406,0.3960909959547085,3.0119024481572656
2211,18.344226700000036,151.7110227882924,238.16748240528284,34.36189832384401,53.943916955042695,6.792795286928395,0.2264957264957265,-0.2707152585906343,-0.21527453527532714,7.042160068695406,-0.019017827693637163,0.3517017608015076,0.352215567970903,-0.94987842765843
2212,18.347545000000082,151.71072994023717,238.1605458332543,34.36183199501098,53.9423458511217,7.058572408826109,0.2264957264957265,-0.270781587423663,-0.21370343135433245,7.042016608465644,0.008220752664823923,0.2534703881469287,0.2536036640936619,3.649381606228265
2213,18.36036890000014,151.71241911836006,238.15305531207335,34.36221458663711,53.94064928008499,7.111727833205652,0.2264957264957265,-0.27039899579753524,-0.21200686031762217,7.041987916419692,-0.018969000838503013,0.21624543182662775,0.21707581573887,3.9012132371546633
2214,18.363926900000024,151.7145809148439,238.1467767064363,34.362704224302256,53.93922720273984,7.12235891808156,0.2264957264957265,-0.2699093581323879,-0.21058478297247518,7.108410934724368,-0.09256998073404023,0.26976151659302827,0.28520251956753684,4.029284229535085
2215,18.37825090000024,151.70644674238287,238.14068663876728,34.36086186900125,53.93784782843874,7.124485135056742,0.2264957264957265,-0.271751713433396,-0.20920540867137305,7.121695538385304,-0.08126924387610869,0.18492942278120844,0.20199896388443522,4.048127607064679
2216,18.38271020000002,151.69696309550784,238.13582244704534,34.358713863512456,53.936746109800865,7.124910378451778,0.2264957264957265,-0.2738997189221877,-0.2081036900334965,7.124352459117492,-0.16594421096617906,0.18727907900837087,0.25022177081023816,4.054615085285444
2217,18.393132799999876,151.69864339228516,238.13355354266955,34.35909444355177,53.93623221265592,7.124995427130786,0.2264957264957265,-0.27351913888287527,-0.20758979288855528,7.1248838432639285,-0.21897643088054083,0.1128905650463484,0.24636346514380758,0.3212270574199007
2218,18.39665190000005,151.69252889006347,238.13131547917325,34.35770953492891,53.935725300838385,7.125012436866587,0.2264957264957265,-0.2749040475057356,-0.2070828810710168,7.124990120093216,-0.26618859095381275,0.1026473809540207,0.2852943230607579,0.13595567268911166
2219,18.409161900000072,151.68548421226197,238.12978321549645,34.35611394551233,53.93537824966373,7.125015838813748,0.2264957264957265,-0.27649963692231694,-0.20673582989635975,7.125011375459073,-0.22815166969269915,0.05857343744931332,0.23555048706847354,0.0168065372241558
2220,18.41309880000017,151.67914540609283,238.12899960636435,34.35467823300393,53.93520076554406,7.12501651920318,0.2264957264957265,-0.2779353494307131,-0.20655834577669197,7.125015626532246,-0.3109549788823095,0.04578362073196776,0.31430739542528463,-4.002594791244384
2221,18.425249299999905,151.663507359824,238.12756774216726,34.351136282353295,53.9348764544225,7.125016655281065,0.2264957264957265,-0.28147730008134886,-0.20623403465513235,7.12501647674688,-0.27668124027446855,0.018427510340136163,0.27729421533301774,-4.213695868123881
2222,18.428563100000247,151.65798423131343,238.12778198070782,34.34988531734877,53.93492497853639,7.125016682496643,0.2264957264957265,-0.282728265085872,-0.20628255876901846,7.058587966369885,-0.5583918863883026,-0.13147452848706861,0.5736610937000906,-4.35799561250902
2223,18.441520899999887,151.64527379830687,238.1273663325793,34.347006458590876,53.93483083601155,7.125016687939759,0.2264957264957265,-0.28560712384376785,-0.20618841624418138,7.045302264294485,-0.534651236944841,-0.14662869963309674,0.5543932906545148,-6.554140312353447
2224,18.445212399999946,151.6202379747232,238.13912994374053,34.341335951539875,53.937495243667726,6.7928732869287725,0.2264957264957265,-0.29127763089476844,-0.20885282390035798,7.042645123879406,-0.576183464699765,-0.14235392965088892,0.5935082360679383,-11.703718076133946
2225,18.456697600000098,151.60776487698158,238.1406861114234,34.33851084820523,53.93784770899761,7.0585880088261845,0.2264957264957265,-0.294102734229412,-0.2092052892302405,6.916541720088381,-0.6022027472924663,-0.2164965974009577,0.6399366574378954,-6.941993713199854
2226,18.460257100000035,151.59992019263407,238.13993074416445,34.33673406072481,53.93767662154152,7.111730953205667,0.2264957264957265,-0.29587952170983556,-0.209034201774152,6.824892358910255,-0.8026398845177937,-0.3967191396555617,0.8953305869832585,-6.187765448546011
2227,18.473040500000025,151.57127139947687,238.1616802263243,34.330245231505444,53.94260278630422,6.494499663541524,0.2264957264957265,-0.3023683509291999,-0.21396036653685258,6.872991167094552,-0.5018214259498001,-0.24716904676034718,0.5593900975336527,-6.0126922311773985
2228,18.476543899999797,151.5523332307286,238.17550611615138,34.32595581721631,53.945734291265055,6.666769882049126,0.2264957264957265,-0.30665776521833266,-0.21709187149768638,6.882610928731411,-0.4301125494764928,-0.3096538580514389,0.5299833176839712,3.159325022837327
2229,18.488911299999927,151.55058559650053,238.1740874055027,34.32555998553217,53.945412959365996,7.0333673278502555,0.2264957264957265,-0.30705359690247036,-0.21677053959862747,6.884534881058784,-0.3128013660286543,-0.3033028908799256,0.4357032685274604,9.89616621286713
2230,18.49252239999987,151.55238028584387,238.1795577705651,34.32596647499882,53.946651973675,7.106686817010481,0.2264957264957265,-0.3066471074358219,-0.21800955390763477,7.010491647232266,-0.15296691097099482,-0.1598452637451807,0.2212450772193014,6.787360746467854
2231,18.50406669999984,151.5568343903086,238.17548941822722,34.32697531062546,53.94573050925659,7.121350714842526,0.2264957264957265,-0.3056382718091868,-0.21708808948922353,7.102111680886884,0.11264933441206655,0.04158257912275973,0.12007907157361841,6.076371813680638
2232,18.508149799999956,151.56209067765528,238.1695055943029,34.32816583724671,53.94437519870963,7.124283494408935,0.2264957264957265,-0.30444774518793594,-0.21573277894226095,7.05400693090394,-0.05457460410776764,-0.1108214855173138,0.12353051876270803,9.180919443067237
2233,18.520040599999902,151.56753606663062,238.16355788661284,34.329399194578734,53.94302806833539,7.124870050322217,0.2264957264957265,-0.3032143878559097,-0.2143856485680189,7.044385980907351,-0.11449707134363772,-0.06936226934620236,0.13386823280795632,1.288930688688764
2234,18.524710499999856,151.5496370073803,238.17873355734656,34.32534513415024,53.946465292903284,6.792843577935537,0.2264957264957265,-0.3072684482844039,-0.21782287313591553,7.117602095473464,-0.12894258840201334,-0.10073680671021895,0.16362791733070198,2.616664654470434
2235,18.536018599999807,151.54029850355406,238.18551438298897,34.32323000294173,53.9480011209334,7.058582067027538,0.2264957264957265,-0.3093835794929163,-0.21935870116602985,7.065816637966763,-0.21255091342509416,-0.2639245153608013,0.33887171703503927,7.606806425027638
2236,18.540463400000135,151.54059601871077,238.18702648393082,34.3232973888533,53.948343605334756,7.487431287673086,0.2264957264957265,-0.30931619358134554,-0.21970118556738782,7.130599851030854,-0.22659177322473012,-0.2937965280113942,0.37102591764548937,9.081705587385846
2237,18.552197200000137,151.53404426834956,238.21210085926396,34.321813445395414,53.95402284419227,6.865356206875438,0.2264957264957265,-0.31080013703923015,-0.22538042442489825,7.285125554922969,-0.004604476253196141,-0.11434770858990015,0.11444037601007334,6.942267647990197
2238,18.56834939999999,151.53643465107177,238.21467301144685,34.32235485686668,53.954605425669584,7.448786115642666,0.2264957264957265,-0.3102587255679623,-0.22596300590221574,7.391171000266822,0.0519820980328278,-0.07029504977349596,0.08742729858890068,9.078940011327006
2239,18.572607300000072,151.54098045842224,238.21164249602577,34.32338446280504,53.953919026877635,7.565472097396112,0.2264957264957265,-0.309229119629606,-0.22527660711026698,7.412380089335592,0.10226083631466375,-0.005012571741805909,0.10238361450564833,3.1410509930088755
2240,18.584185300000172,151.54588201646104,238.20732575462168,34.324494644754,53.95294130339722,7.5888092937468015,0.2264957264957265,-0.30811893768064635,-0.2242988836298494,7.483050587569268,0.1548391890444722,0.05337687732012892,0.16378115122442477,0.30029775711309015
2241,18.588221599999997,151.55063218624417,238.20288200628238,34.325570537910004,53.951934813388746,7.5934767330169395,0.2264957264957265,-0.30704304452464015,-0.22329239362137798,7.422044382650574,-0.01921531168358903,-0.05564518075760063,0.05886946869680004,-5.211997672381109
2242,18.600016100000175,151.55773632414895,238.2128832823323,34.327179594785875,53.95420005967356,7.218708698043818,0.2264957264957265,-0.30543398764876883,-0.22555763990619226,7.409843141666835,-0.06328987057040292,-0.07537873384559654,0.09842540948852402,-6.457892559897468
2243,18.603711100000055,151.54408572288293,238.2223644973409,34.32408779193502,53.95634751435499,7.143755091049194,0.2264957264957265,-0.3085257904996226,-0.22770509458761978,7.3322625889046575,-0.11992721501543457,-0.1715529123252999,0.20931540466160226,-7.839812427691057
2244,18.616140300000097,151.545262153377,238.21893264655202,34.32435424841445,53.955570214817335,7.504465892477418,0.2264957264957265,-0.30825933402019245,-0.22692779504996707,7.316746478352222,-0.19947190718562632,-0.19799656993267345,0.2810545916034377,-3.5917258233431597
2245,18.6199916999999,151.54207725709426,238.22567356080793,34.323632883017076,53.957097003088975,7.200906529935914,0.2264957264957265,-0.30898069941756745,-0.22845458332160717,7.313643256241734,-0.3856582635143494,-0.20840543230279754,0.4383664225624715,-2.6413421112963085
2246,18.632156099999975,151.53503255890246,238.2193822573895,34.32203728898218,53.95567204975061,7.515896180254762,0.2264957264957265,-0.3105762934524634,-0.2270296299832424,7.388162916385067,-0.25066049409466556,-0.10731497245800584,0.27266680511834296,1.6078677059402295
2247,18.636165299999902,151.52096898567288,238.22370313881027,34.318851949746424,53.956650710927114,7.203192587491382,0.2264957264957265,-0.31376163268821955,-0.22800829115974608,7.403066848413734,-0.33155466732264455,-0.16141050734041223,0.36875716847719553,1.8902856152784406
2248,18.6480904,151.51245202425025,238.22769015848186,34.31692289438147,53.95755375384418,7.516353391765856,0.2264957264957265,-0.3156906880531736,-0.22891133407681252,7.406047634819467,-0.33174713146305124,-0.09980555960040566,0.3464351439463282,2.053369579455966
2249,18.651731500000096,151.5062944635821,238.23103295221813,34.31552823320449,53.95831088234,7.57898555262075,0.2264957264957265,-0.31708534923015463,-0.22966846257263285,7.406643792100614,-0.3577788403571248,-0.15198833895268488,0.38872374996247044,5.465447623452504
2250,18.664047400000072,151.49605756364943,238.2358397505057,34.31320961911718,53.959399601610265,7.21581046196458,0.2264957264957265,-0.31940396331746257,-0.23075718184289684,7.406763023556843,-0.2703101255859455,-0.18241698326672567,0.3261035414993565,4.984201989971163
2251,18.667743399999836,151.49179316898852,238.23818585925727,34.31224375195039,53.95993098521639,7.518876966660494,0.2264957264957265,-0.32036983048425327,-0.2312885654490202,7.492460087621526,-0.3496623469807585,-0.16049356490897057,0.38473619698864087,9.358592835677449
2252,18.68081489999986,151.47118056153425,238.2610540331737,34.307575084450065,53.965110528881226,7.203788744772529,0.2264957264957265,-0.32503849798457907,-0.23646810911385785,7.5095995004344624,-0.2986660095157813,-0.168583142862764,0.3429601453486511,9.576939619443406
2253,18.684366500000124,151.46242252075467,238.2605226025317,34.30559142564101,53.96499016211188,7.944838712089272,0.2264957264957265,-0.3270221567936318,-0.23634774234451328,7.588167687562479,-0.2529745256946507,-0.26126927581016934,0.3636725795723453,9.721753533047814
2254,18.69688270000006,151.4553463833625,238.2742485400372,34.303988710761594,53.96809902829902,7.664682616685433,0.2264957264957265,-0.32862487167304977,-0.23945660853165407,7.603881324988084,-0.2193949518857673,-0.32634591216550546,0.39323758632675737,3.6191391053107234
2255,18.701165800000126,151.45610649330155,238.2846838085933,34.30416087241445,53.97046257203181,7.608651397604666,0.2264957264957265,-0.32845271002019416,-0.2418201522644452,7.607024052473204,-0.3216382496144867,-0.5712820477567511,0.6556022740230678,-1.1446645325752272
2256,18.71277340000006,151.4513183408547,238.30872740966785,34.303076376347434,53.97590834492477,7.597445153788512,0.2264957264957265,-0.3295372060872097,-0.2472659251574001,7.521979380196791,-0.2315757746232827,-0.6636673135431114,0.7029094126969022,-7.183592255785111
2257,18.716867499999807,151.43562163843632,238.33802703674314,34.299521140329595,53.98254458524524,7.219502382198132,0.2264957264957265,-0.3330924421050483,-0.25390216547787503,7.429830141176078,-0.3726619060918319,-0.9051963299039301,0.9789061711540805,-3.5897617028241653
2258,18.72845839999991,151.43008384588836,238.35993171646118,34.298266853983264,53.98750590159163,7.519615350707205,0.2264957264957265,-0.33434672845137925,-0.2588634818242639,7.336259988806505,-0.42475107653391664,-0.8623845400033172,0.9613119014416986,-1.0597210727037423
2259,18.73194139999987,151.4172667500463,238.38232225406648,34.29536383654895,53.99257726267318,7.203936421581871,0.2264957264957265,-0.3372497458856927,-0.2639348429058117,7.403219328693919,-0.5328850558907354,-0.6428330717090781,0.8349855333325248,7.194771960212205
2260,18.744957400000203,151.40460965626158,238.40173290726662,34.292497058896856,53.9969736926715,7.140800635756804,0.2264957264957265,-0.34011652353778743,-0.2683312729041347,7.57742487159816,-0.38900926219566484,-0.25583928982285886,0.465598483987094,14.831390566834635
2261,18.74850759999981,151.39467048047163,238.39187991260766,34.29024587805554,53.99474203148806,7.932241853225579,0.2264957264957265,-0.34236770437910025,-0.26609961172069063,7.697939350540335,-0.44484073738396246,0.05194833890359357,0.4478637198424874,27.891527113657208
2262,18.760304299999916,151.3869099602058,238.37552353650153,34.288488153379944,53.99103738219907,8.090530096719334,0.2264957264957265,-0.34412542905469934,-0.26239496243169924,7.882855921255528,-0.2933077858754878,0.39888101199817994,0.49511162275579146,24.657003534549602
2263,18.76376059999984,151.38099873028582,238.3585712832953,34.287149285064736,53.98719776929338,8.122187745418085,0.2264957264957265,-0.345464297369908,-0.2585553495260129,8.080652910325325,-0.2578194675198539,0.5078512101418521,0.5695469510714324,22.080042174602653
2264,18.776722399999926,151.3766598998566,238.34262591408554,34.28616655851453,53.98358621130998,8.128519275157835,0.2264957264957265,-0.3464470239201134,-0.25494379154260827,8.120212308139283,-0.1549289023956454,0.5469225495552046,0.5684428203517787,15.380253598728249
2265,18.79257319999988,151.37366402891922,238.3281338955136,34.28548800655008,53.98030383103513,8.129785581105786,0.2264957264957265,-0.3471255758845615,-0.25166141126776154,8.128124187702076,-0.1345426600538573,0.4823284950182329,0.5007419539852052,12.250198118560716
2266,18.796114100000068,151.37179354018878,238.3152526206069,34.28506434884618,53.97738627731695,8.130038842295376,0.2264957264957265,-0.3475492335884667,-0.2487438575495844,8.129706563614633,-0.06273312406790403,0.37849960116043024,0.3836631242821283,0.8086200249276447
2267,18.808771999999863,151.36916298465655,238.31575163171422,34.28446853925982,53.97749930120023,8.130089494533294,0.2264957264957265,-0.3481450431748243,-0.24885688143286444,8.130023038797145,-0.04570051446936614,0.3547665856637824,0.35769801135357543,0.19841292400511013
2268,18.811926200000016,151.36876855988484,238.30751075338753,34.2843792037346,53.97563277747666,8.130099624980877,0.2264957264957265,-0.3482343787000417,-0.24699035770929356,8.130086333833647,-0.04574248129863938,0.26723827976506165,0.2711248287544793,0.09873870271719686
2269,18.825067799999943,151.36931082283255,238.29822931188204,34.284502023974895,53.97353057063995,8.130101651070394,0.2264957264957265,-0.34811155845974895,-0.2448881508725833,8.13009899284095,-0.023599648582465906,0.0809629844001842,0.08433236778485681,0.009369672654014557
2270,18.828330800000003,151.36869107851086,238.30155088876154,34.284361654534514,53.97428289360838,8.130102056288298,0.2264957264957265,-0.3482519279001295,-0.24564047384101428,8.13010152464241,-0.1551521086885737,0.03016650615638021,0.15805756838631269,4.067309416246169
2271,18.840964500000155,151.36819281967655,238.3075425683818,34.284248801037855,53.9756399834369,8.130102137331878,0.2264957264957265,-0.34836478139678917,-0.24699756366953096,8.1301020310027,-0.15412766489937757,-0.10855428000093248,0.18851888179664042,5.608942169314663
2272,18.84478870000021,151.35629228450898,238.31198161987865,34.281553380679384,53.976645409630635,8.130102153540594,0.2264957264957265,-0.35106020175526,-0.24800298986326652,8.207789510204448,-0.3472906263883655,0.04630848518490008,0.35036446020871376,11.202313135296265
2273,18.856851600000027,151.3550566526702,238.3174058053603,34.28127351534838,53.97787396446195,8.130102156782337,0.2264957264957265,-0.3513400670862623,-0.24923154469458098,8.301014383974483,-0.35062816157021337,0.1474550107115223,0.3803723016598906,11.508487926644317
2274,18.860295999999835,151.3405112945152,238.30319788688695,34.27797905388592,53.97465593164534,8.518539047079123,0.2264957264957265,-0.354634528548722,-0.24601351187796894,8.397346736658179,-0.35025030662344436,0.33277161982181086,0.48312754863353485,11.70912528578956
2275,18.87287490000017,151.33719538954676,238.2879157131768,34.2772280155811,53.97119458460842,8.596226425138482,0.2264957264957265,-0.35538556685354195,-0.2425521648410509,8.416613207194917,-0.22945524318807867,0.41483009363566997,0.4740608771163035,7.658768419572902
2276,18.876715800000056,151.33707594699607,238.274024368968,34.27720096235381,53.96804825450985,8.611763900750354,0.2264957264957265,-0.3554126200808341,-0.23940583474248456,8.420466501302265,-0.3553982999348707,0.07599665184841659,0.363432858570556,10.78376366943932
2277,18.888964700000088,151.33162158684667,238.26605400483965,34.2759655730892,53.96624300109616,8.22643450622429,0.2264957264957265,-0.3566480093454416,-0.2376005813287918,8.421237160123734,-0.16103735696048047,-0.09714632362183667,0.18807030209487044,6.853162453493584
2278,18.89271689999987,151.32080517698512,238.29580732445208,34.273515702479536,53.97298200083744,8.149368627319078,0.2264957264957265,-0.3590978799551081,-0.24433958107007214,8.508863063128265,-0.21800333756420692,-0.2492929624503938,0.3311682900225005,17.616670813178068
2279,18.905344599999808,151.32166018706855,238.29198466802708,34.273709358609544,53.97211618549331,8.522392341186473,0.2264957264957265,-0.3589042238250997,-0.2434737657259447,8.613860014969404,-0.2436074059438112,-0.45537820964671943,0.5164434935709079,20.981730837154092
2280,18.909575099999984,151.31522492225542,238.3010540283349,34.2722517986305,53.974170356845086,9.034355940161124,0.2264957264957265,-0.3603617838041444,-0.2455279370777177,8.848014770327866,-0.32064246112412054,-0.4941438324991976,0.5890583290920588,27.498712935914277
2281,18.92146559999992,151.30813438608143,238.31214476318723,34.27064582248853,53.97668236089284,9.136748659956053,0.2264957264957265,-0.3619677599461113,-0.24803994112546945,9.06000487056948,-0.2100161391243596,-0.16494580279190552,0.2670466186855182,23.259554154758263
2282,18.9254434999998,151.29959829378598,238.31296050720306,34.268712434062635,53.97686712342633,9.397208283016601,0.2264957264957265,-0.36390114837200827,-0.24822470365896265,9.189874661858036,-0.40241038642511895,-0.2517561672791045,0.4746738742187924,21.85351163602087
2283,18.93748289999985,151.29429425728438,238.3209349815371,34.267511092461845,53.97867330778404,9.209319128527149,0.2264957264957265,-0.3651024899727986,-0.25003088801667417,9.215848620115748,-0.35126206425725615,-0.1865787090949032,0.39773942785923205,10.803110523428277
2284,18.941526800000247,151.27739283922344,238.32746046047217,34.26368299349932,53.98015130087617,9.171741297629259,0.2264957264957265,-0.3689305889353207,-0.25150888110880487,9.22104341176729,-0.328900307195301,-0.21110569708129423,0.3908209659336901,7.246377711715204
2285,18.952217200000177,151.2732018169836,238.3349969815731,34.26273374487236,53.981858290698185,9.16422573144968,0.2264957264957265,-0.36987983756228715,-0.2532158709308163,9.2220823700976,-0.2377359956311239,-0.18620713468030894,0.30197930496074143,1.5756188548780188
2286,18.95684889999984,151.27272626601348,238.3418249595046,34.26262603460989,53.983404798520276,9.162722618213765,0.2264957264957265,-0.3699875478247563,-0.25476237875290764,9.222290161763661,-0.20370133464606693,-0.19879441703719686,0.2846286246703727,1.6587210155353613
2287,18.96803600000021,151.27123408725532,238.3379701253742,34.262288062498,53.982531695063386,9.402403074668143,0.2264957264957265,-0.3703255199366424,-0.253889275296018,9.270327935917186,-0.015582743490173006,-0.10720840592084178,0.10833496293795698,1.4330713951615475
2288,18.971770099999958,151.27239455086658,238.34148105673418,34.26255090254671,53.983326906012444,9.210358086857457,0.2264957264957265,-0.37006267988793695,-0.25468448624507545,9.279935490747892,-0.11502598069967558,-0.08431065150063329,0.14261578521462265,1.4313988020869257
2289,18.984059800000068,151.27206668581235,238.3364650822988,34.26247664251305,53.98219080923862,9.411930168396882,0.2264957264957265,-0.37013693992159347,-0.25354838947124847,9.281857001714032,-0.10649136450295053,-0.03337747922336888,0.11159958258437482,2.2459760794468897
2290,18.988386399999854,151.26087250641402,238.33732824567235,34.259941208717706,53.982386312054,9.212263505603206,0.2264957264957265,-0.37267237371693795,-0.25374389228662864,9.282241303907261,-0.13482703886588515,-0.02721175947739954,0.13754566610111257,1.5084815406190164
2291,19.000061000000187,151.261873400041,238.34141213954308,34.260167906846895,53.98331129656318,9.17233017304447,0.2264957264957265,-0.3724456755877483,-0.2546688767958116,9.330314380166218,-0.1463732327251284,0.10955728465641505,0.1828330437303152,3.8258652544379768
2292,19.01591180000014,151.2498441129497,238.33379282370413,34.25744332472792,53.981585554086834,9.404324585634285,0.2264957264957265,-0.37517025770672063,-0.2529431343194659,9.339928842830119,-0.1338669213302702,0.11412469361068686,0.1759113365254721,4.689783814250168
2293,19.019437200000084,151.25004113688,238.32646349523267,34.25748794980615,53.97992549250996,9.450723468152248,0.2264957264957265,-0.37512563262849596,-0.251283072742595,9.389847951183212,0.004752914938392534,0.020115541556556954,0.02066942700040726,5.344056711689692
2294,19.032390899999882,151.2532718503821,238.31987042092732,34.258219692607916,53.97843218935533,9.460002481716387,0.2264957264957265,-0.3743938898267274,-0.24978976958796295,9.447827988674142,-0.002487925934031439,-0.051545090234215996,0.05160509764264278,2.155457551246562
2295,19.035841899999923,151.25490350336702,238.3277207485424,34.25858925503612,53.98021025501174,9.461859047368668,0.2264957264957265,-0.37402432739852287,-0.2515678352443729,9.459423996172328,0.046052592922852575,-0.22512824822617244,0.22979027277999192,0.32674162527199835
2296,19.048250100000132,151.2539839019648,238.35169031897152,34.258380969248435,53.985639260279875,9.462230360499124,0.2264957264957265,-0.3742326131862086,-0.2569968405125067,9.312693972818451,0.05528018389187176,-0.40075571801318344,0.4045504223843814,-2.599825184496038
2297,19.05168760000015,151.2550586280791,238.36321020791672,34.25862439012048,53.988248465895666,9.462304623125215,0.2264957264957265,-0.3739891923141627,-0.2596060461282974,9.283347968147675,-0.14620722998845306,-0.6772278962354941,0.692830554710493,-3.565413872350331
2298,19.064096600000084,151.25827988529124,238.3855222480241,34.259353991112974,53.99330204762939,8.717073351382856,0.2264957264957265,-0.37325959132166986,-0.2646596278620237,9.277478614625629,-0.22620731246273365,-0.6299596165195684,0.6693421148090821,-4.241172903038453
2299,19.067431899999974,151.24427654480914,238.40418085497478,34.256182294337115,53.997528142366086,9.313272458362508,0.2264957264957265,-0.37643128809752824,-0.2688857225987178,9.27630459133333,-0.4344997371255016,-0.7226266426444284,0.8431958765445242,7.399115635124656
2300,19.08005890000004,151.22794688278432,238.41972883801128,34.25248369567337,54.00104969407948,9.43251227975844,0.2264957264957265,-0.38012988676127435,-0.2724072743121084,9.27606963408698,-0.494199570696208,-0.6071113606201275,0.7828265579745866,9.571087620427887
2301,19.083271800000148,151.2129353596121,238.43250789309656,34.24908364982667,54.00394409544494,9.456360244037626,0.2264957264957265,-0.38352993260797064,-0.275301675677575,9.425071714903334,-0.6532443676315254,-0.6362023093858472,0.9118561193029285,10.026454890164715
2302,19.09610109999994,151.20003864947333,238.44278654969014,34.24616260009439,54.00627216723751,9.461129836893463,0.2264957264957265,-0.3864509823402571,-0.2776297474701437,9.454872131066605,-0.49440011703867887,-0.4047795389137005,0.6389663143320212,10.115755100559042
2303,19.099405200000092,151.1892957036281,238.45084937790105,34.24372936877047,54.00809836337075,9.46208375546463,0.2264957264957265,-0.388884213664177,-0.2794559436033808,9.46083221429926,-0.5224033577851087,-0.4045299801266651,0.6607191332528796,10.132646969196617
2304,19.11201889999984,151.18056748669804,238.45697351390885,34.24175246493588,54.009485454004995,9.462274539178864,0.2264957264957265,-0.3908611174987655,-0.2808430342376269,9.46202423094579,-0.32988578958619624,-0.23519433779672766,0.40514319777400853,1.672552785352907
2305,19.115639199999805,151.1736475784616,238.46141134722723,34.240185135292585,54.01049060428651,9.46231269592171,0.2264957264957265,-0.39242844714205916,-0.2818481845191414,9.462262634275096,-0.496087461769349,-0.19361645932071544,0.5325317859476987,1.7542756673549955
2306,19.12821639999993,151.1683356006701,238.4644205247951,34.23898199502357,54.0111721701459,9.46232032727028,0.2264957264957265,-0.39363158741107185,-0.28252975037852934,9.513523846435099,-0.3574532348511483,-0.0641427606417233,0.3631626479255426,1.4265265532756968
2307,19.131969800000206,151.15079132814606,238.46398263364017,34.2350082922724,54.01107298967064,9.462321853539994,0.2264957264957265,-0.39760529016224666,-0.2824305699032692,9.523776088867098,-0.3285411345109427,-0.03744307756487244,0.330667901561773,3.9832696307680004
2308,19.144389300000057,151.14841942017128,238.45879198409364,34.23447106525247,54.00989732973061,9.71838981626464,0.2264957264957265,-0.39814251718217264,-0.28125490996324487,9.525826537353499,-0.23896670379828724,0.016915800236655572,0.23956466730689813,4.96535663207093
2309,19.148397899999964,151.1482040982069,238.45837551677536,34.23442229574771,54.009803001662796,9.513535751338866,0.2264957264957265,-0.3981912866869308,-0.2811605818954277,9.577450158544918,-0.18024750712942292,0.09250215652533228,0.2025976623463569,2.174992994566746
2310,19.160764199999903,151.14902001869234,238.45869483134229,34.23460709825083,54.00987532504761,9.472564938353711,0.2264957264957265,-0.3980064841838171,-0.28123290528024114,9.638988414277344,0.046182190801908926,0.11115356876173979,0.12036573680136195,1.5052402968602012
2311,19.16470359999994,151.15246267679223,238.45306405817738,34.23538684559824,54.00859997898889,9.720438433227383,0.2264957264957265,-0.39722673683640153,-0.279957559221522,9.600082533929688,0.053168905258134246,-0.06906959287763001,0.08716387523871351,4.198246839132584
2312,19.177308599999833,151.1565505752039,238.44640352675137,34.23631273711884,54.007091397084714,9.770013132202118,0.2264957264957265,-0.3963008453158068,-0.2784489773173462,9.592301357860157,0.052524876917596275,-0.13414473201330712,0.14406134742577767,0.9315859836639035
2313,19.180951800000003,151.15641669653536,238.45937538730308,34.236282414172535,54.010029468064374,9.52386041452636,0.2264957264957265,-0.39633116826210824,-0.281387048297006,9.64195865414039,0.09797931429037185,-0.07122314726686849,0.12113084964371999,-3.5779243543910333
2314,19.19290000000001,151.15560502862604,238.47529840615195,34.236098574859746,54.013635963786555,9.47462987099121,0.2264957264957265,-0.396515007574898,-0.2849935440191871,9.600676581902297,0.05896323968432749,-0.1727982640806759,0.18258122494760093,-0.9869283740775402
2315,19.19628449999982,151.15922443830885,238.4706846479247,34.23691835568534,54.012590967265,9.720851419754883,0.2264957264957265,-0.3956952267493037,-0.28394854749763,9.541206635960538,0.03879904210111044,-0.3367530918252836,0.3389808409362565,-0.47259688752422624
2316,19.209055199999966,151.15938542476277,238.48106685289915,34.236954818429176,54.014942492323314,9.514028072036915,0.2264957264957265,-0.39565876400546784,-0.2863000725559459,9.580526178266327,0.054155989904653985,-0.14666338635316106,0.15634263698406003,-3.9828373101527013
2317,19.213079000000107,151.1588992431536,238.49350432308808,34.236844700372394,54.01775952616952,9.472663402493321,0.2264957264957265,-0.39576888206224936,-0.28911710640215205,9.588390086727484,0.05984883330116357,-0.166708752444662,0.1771262007416352,-3.7782673666883877
2318,19.225738999999976,151.16272590942123,238.48545570113333,34.23771142392874,54.01593654769259,9.720458126055306,0.2264957264957265,-0.39490215850590715,-0.2872941279252217,9.538749336925576,0.009269814326679357,-0.2677882198014395,0.26794861470452724,-0.2996973200337427
2319,19.22982090000005,151.1629615982049,238.49270181590833,34.237764806431024,54.017577761722826,9.513949413296999,0.2264957264957265,-0.3948487760036201,-0.2889353419554581,9.528821186965194,0.007070407250376565,-0.2557390909035811,0.2558368098512728,-1.5454991664493105
2320,19.240950200000043,151.1624368717192,238.50236399157473,34.23764595812443,54.019766203219916,9.472647670745337,0.2264957264957265,-0.3949676243102118,-0.29112378345254797,9.526835556973118,0.006805417011936362,-0.20642584816546372,0.20653799769421954,-2.482195761232368
2321,19.25733390000005,151.16184792642588,238.51132555599915,34.23751256453236,54.021795959264765,9.464387322235005,0.2264957264957265,-0.39510101790228447,-0.2931535394973963,9.475224899480562,-0.008332002620366203,-0.25919132707012776,0.2593252133828096,-1.7334322366516566
2322,19.26111609999998,151.16136881144047,238.5188988938826,34.23740404703566,54.023511287930674,9.462735252532939,0.2264957264957265,-0.3952095353989833,-0.2948688681633058,9.46490276798205,-0.18575545717677552,-0.21114307204136049,0.2812231973753517,-1.2699381231575124
2323,19.27276290000009,151.16099726267458,238.5250608745937,34.237319892828005,54.024906950228484,9.462404838592526,0.2264957264957265,-0.395293689606639,-0.2962645304611158,9.46283834168235,-0.24799489843111633,-0.2254235660216515,0.3351376639021308,-1.235578949509471
2324,19.27636050000001,151.14711424486785,238.5276313380332,34.234175448623915,54.025489149212646,9.462338755804442,0.2264957264957265,-0.39843813381072835,-0.2968467294452779,9.462425456422407,-0.4284003844823546,-0.3714573458563222,0.567016268915851,-0.6063509269289377
2325,19.288836700000047,151.1293841520373,238.5423959631704,34.23015965836742,54.02883327370954,9.462325539246827,0.2264957264957265,-0.402453924067224,-0.30019085394216916,9.46234287937042,-0.47917256408870723,-0.33474112426177993,0.5845151550194285,-0.060581003381426024
2326,19.292984100000012,151.1127178946988,238.55803475129065,34.22638482230357,54.03237539238634,9.462322895935303,0.2264957264957265,-0.40622876013107145,-0.3037329726189739,9.462326363960022,-0.6175958191439024,-0.44339338368279146,0.7602777706323544,-0.025163997221833958
2327,19.30458950000002,151.09824020365517,238.5718664759086,34.22310568715267,54.03550821890237,9.462322367272998,0.2264957264957265,-0.4095078952819762,-0.30686579913500367,9.462323060877942,-0.47061152160604136,-0.39535595382080846,0.6146393531900759,2.148470855423397
2328,19.30853040000011,151.086072044322,238.58340393587167,34.22034965106439,54.03812140427863,9.462322261540537,0.2264957264957265,-0.41226393137025497,-0.30947898451125866,9.462322400261526,-0.49853108627888987,-0.40909850225818145,0.6448990839939976,10.705820311312118
2329,19.321066299999984,151.07837225912738,238.57906707893864,34.218605682622865,54.03713912471687,9.462322240394045,0.2264957264957265,-0.41400789981177866,-0.3084967049495049,9.5971260401109,-0.2770023951282793,-0.2520095766488757,0.3744851847931356,13.49110195475877
2330,19.324847599999885,151.0706680464713,238.58468910249832,34.21686071138025,54.038412489027394,9.462322236164747,0.2264957264957265,-0.4157528710543943,-0.3097700692600256,9.758890540053432,-0.05756525969058565,-0.22557637724875673,0.2328056294334782,22.154142239118872
2331,19.336853899999824,151.0811359447233,238.58832620628863,34.21923164559972,54.039236277492726,10.13634109518217,0.2264957264957265,-0.41338193683492364,-0.3105938577253582,9.926047364602484,0.13084759367695617,-0.12739167570070864,0.18261908938795074,25.06943474396971
2332,19.340737900000022,151.0951054583488,238.59068888189444,34.22239568073712,54.03977141342053,10.271144866985654,0.2264957264957265,-0.41021790169752137,-0.3111289936531634,10.094282501484951,0.29508103305012245,-0.08468239147060388,0.30699173195887225,18.471561233795786
2333,19.35229440000012,151.10748989608135,238.59947352052245,34.225200702958595,54.04176109652859,10.298106384285802,0.2264957264957265,-0.4074128794760483,-0.3131186767612206,10.26273345342199,0.4257836308507533,-0.03969519156052579,0.42762999021756815,9.572739543011831
2334,19.356841700000132,151.12118323451838,238.59361303955444,34.22830218559604,54.04043372263413,10.303497924806381,0.2264957264957265,-0.40431139683860096,-0.3117913028667587,10.161619871836743,0.2827928184988016,-0.20653024481580404,0.3501806965241975,0.22316118420062825
2335,19.368640300000152,151.13118692191085,238.59943780578703,34.23056797803964,54.04175300729364,10.30457699584995,0.2264957264957265,-0.40204560439500625,-0.31311058752627474,10.141397308107585,0.1379272274652834,-0.21005506621144027,0.25129076966206415,-8.920097771441672
2336,19.372870199999852,151.12152277417889,238.6162977449038,34.228379089878125,54.04557171145257,9.630773187255928,0.2264957264957265,-0.4042344925565189,-0.3169292916851987,10.002548870801206,-0.013318851992130856,-0.3129235410155683,0.3132068555126314,-12.074476160050144
2337,19.384434200000214,151.12613340960917,238.62423205951697,34.229423379099515,54.04736879980513,10.170032048339857,0.2264957264957265,-0.40319020333512867,-0.3187263800377593,9.97477933592782,-0.14147536265074023,-0.44238494186848076,0.46445636504319493,-5.420817164292275
2338,19.389079500000207,151.11560165074212,238.63831204319956,34.227037980723644,54.050557855938365,9.603864197753909,0.2264957264957265,-0.40557560171099993,-0.3219154361709968,9.969225428953145,-0.13205332473693976,-0.59530812018331,0.6097785159631864,-3.9094769653031474
2339,19.401197799999863,151.11780956185544,238.65732733941317,34.22753806315529,54.054864739268794,10.164650250439454,0.2264957264957265,-0.40507551927935026,-0.3262223195014258,10.102918572118755,-0.007051505725642462,-0.48012186638915366,0.4801736460052791,5.3438611189020735
2340,19.405774199999996,151.1226416299658,238.67503587538064,34.22863250593243,54.05887564698792,10.276807460976563,0.2264957264957265,-0.4039810765022125,-0.33023322722055326,10.129657200751877,0.026977773006429194,-0.5930046098956634,0.593617947499816,0.2958362831197494
2341,19.41620120000016,151.12759186501097,238.69008312656,34.229753713015306,54.06228378507556,10.299238903083985,0.2264957264957265,-0.4028598694193377,-0.3336413653081891,10.269808851039048,0.15396633090600975,-0.43667400422154523,0.46302248003259733,-2.036382324206593
2342,19.42006399999991,151.1320337694754,238.70235934365172,34.23075978539401,54.06506429578437,10.30372519150547,0.2264957264957265,-0.40185379704063706,-0.336421876016999,10.163035256535935,-0.02069053631656745,-0.5314200755527716,0.5318227101145462,-5.898870324393508
2343,19.432210100000248,151.13854585691962,238.6972573163817,34.23223474537068,54.06390870841124,10.304622449189766,0.2264957264957265,-0.40037883706396116,-0.3352662886438722,10.006876613074766,-0.12985751436655654,-0.41341408730694823,0.4333291839021432,-9.296033725904234
2344,19.435981999999967,151.1246900225795,238.71106512255244,34.229096458105616,54.067036117501196,9.630782277923892,0.2264957264957265,-0.40351712432902787,-0.338393697733828,9.975644884382532,-0.48329807345960274,-0.35602958998663464,0.6002783493978562,-13.441298251224937
2345,19.44864009999992,151.1075503742972,238.7270712427963,34.22521440101603,54.07066143533421,9.496014243670716,0.2264957264957265,-0.40739918141861153,-0.3420190155668408,9.834594461495648,-0.6792912686520387,-0.2306118885769791,0.7173691314936386,-7.996419909021515
2346,19.45251240000016,151.07917564899424,238.7277539862362,34.21878764699442,54.07081607380563,10.143080259622815,0.2264957264957265,-0.4138259354402223,-0.3421736540382625,9.80638437691827,-0.7887212686895836,-0.23809921328075528,0.8238764925935325,-5.441083741921135
2347,19.46603920000007,151.03620473988528,238.73329195114889,34.20905491971761,54.072070399191844,9.598473077071048,0.2264957264957265,-0.4235586627170349,-0.3434279794244759,9.800742207414904,-1.1390812184843107,-0.1196900324844055,1.145352227997929,-6.931238725362983
2348,19.48014490000014,151.00969205411195,238.72969826244542,34.20304990969203,54.07125644405815,10.163572026302882,0.2264957264957265,-0.4295636727426171,-0.342614024290782,9.79961362092634,-1.1905531894149146,-0.07595810176726346,1.1929738178393152,-4.8505011162618805
2349,19.483178699999826,150.97508307822525,238.73287393694926,34.19521112455529,54.07197572076201,9.60257143040706,0.2264957264957265,-0.43740245787935095,-0.34333330099464376,9.751889276919645,-1.144460004750456,-0.02167779896561963,1.1446652914461097,-3.4818936220026773
2350,19.496087500000158,150.9429361137946,238.73673487217678,34.18792997449194,54.072850206091324,9.490371311227896,0.2264957264957265,-0.4446836079427072,-0.3442077863239561,9.742344408118305,-1.0865605537508503,-0.008290772555060987,1.0865921837915613,-3.404934221417008
2351,19.500406199999816,150.91568474255996,238.73232138283913,34.18175765536615,54.07185056961741,9.90445853958933,0.2264957264957265,-0.45085592706849553,-0.34320814985004233,9.740435281770145,-1.036518955796852,0.06598298346089723,1.038617013067183,-3.393134834126865
2352,19.512222500000007,150.89325071444858,238.73366704614924,34.17667644387083,54.07215535660645,9.550748733064351,0.2264957264957265,-0.4559371385638116,-0.34351293683908324,9.740053456500513,-0.563483732580003,0.11086357696526163,0.5742862087668699,0.5199506741292346
2353,19.515856800000165,150.8904345658192,238.72678224005293,34.1760385982411,54.07059597744789,10.15402639456209,0.2264957264957265,-0.45657498419354425,-0.3419535576805188,9.739977091446587,-0.5903572438312905,0.09939759037216528,0.5986664817040207,8.313097813566026
2354,19.528239799999938,150.8784809864255,238.727475741898,34.1733311635921,54.07075305265211,9.600662304058902,0.2264957264957265,-0.45928241884254106,-0.3421106328847401,9.787460292556897,-0.2829485418169375,0.07945583849292469,0.2938930206502784,6.651500621374178
2355,19.532014700000218,150.86684085817865,238.72956028068933,34.170694724288325,54.07122519178006,9.489989485958265,0.2264957264957265,-0.46191885814631917,-0.3425827720126904,9.931760857339505,-0.04527171048158962,0.21276923619005186,0.21753224045834435,11.0348127802705
2356,19.544122499999958,150.87260544769896,238.72251687070946,34.17200037917968,54.06962988951966,10.141874545140872,0.2264957264957265,-0.46061320325496524,-0.3409874697522923,9.82581704573548,-0.023773551319826683,0.12397188104561677,0.12623077688244252,12.51677128567973
2357,19.547143700000106,150.88272121666108,238.71396967177893,34.17429155761982,54.06769398548839,10.272251556977395,0.2264957264957265,-0.45832202481482653,-0.3390515657210216,9.891933733854128,-0.060135316555168905,0.18936259456946603,0.19868177701860412,18.410714813599988
2358,19.560749300000225,150.87863547384302,238.71486555637247,34.173366154331966,54.067896899520264,9.624307336541964,0.2264957264957265,-0.45924742810267816,-0.3392544797528956,9.99246252191731,-0.005420893064147114,0.19000719440097952,0.1900845075374228,10.34305789698247
2359,19.564142700000048,150.87263585820685,238.7101571239564,34.172007267029755,54.06683045969953,9.931245744652143,0.2264957264957265,-0.4606063154048883,-0.33818803993216306,10.105477215076823,-0.08931713282274396,0.3463492626806677,0.35768053060673827,26.86805173330881
2360,19.575930599999992,150.85052514497164,238.71649878416292,34.166999284972206,54.068266818635195,9.992633426274178,0.2264957264957265,-0.4656142974624373,-0.33962439886782647,10.080581679587631,-0.3059494519304429,0.20077882639576577,0.3659469965246326,23.422467990584735
2361,19.579864799999996,150.84511190758082,238.70063195922432,34.16577320983668,54.06467305059354,10.70694801093843,0.2264957264957265,-0.4668403725979644,-0.3360306308261727,10.371220400858935,-0.49327847789300683,0.4976544933007193,0.700702255922469,33.75124101834413
2362,19.59234839999999,150.8272104414948,238.70543142730608,34.16171860427019,54.06576010960352,10.147773879531437,0.2264957264957265,-0.470894978164452,-0.3371176898361483,10.429348145113194,-0.4693202867110995,0.41657522904720157,0.6275320334248421,27.113530566195823
2363,19.596074099999896,150.8106844463112,238.68125974281284,34.15797553698501,54.06028532636359,11.077500942898476,0.2264957264957265,-0.4746380454496304,-0.33164290659622253,10.649286071893734,-0.3624169990506954,0.47417121753291624,0.5968118838776252,39.68973617785639
2364,19.608588399999917,150.7951775202692,238.6862947025489,34.15446328450542,54.06142572322689,10.221884465923445,0.2264957264957265,-0.4781502979292256,-0.33278330345952156,10.65073413698617,-0.34023606525564376,0.247874337523384,0.4209539966591352,25.574357442596174
2365,19.61202110000022,150.79683972918838,238.68377689218997,34.15483976772215,54.06085544994046,11.092323060176877,0.2264957264957265,-0.47777381471249214,-0.33221303017309367,10.859336127934347,-0.582240183631822,0.3557814341395245,0.6823372042575391,35.43302460897909
2366,19.624671200000193,150.78562808415256,238.69595337832092,34.15230037803455,54.06361337201286,10.71418833640061,0.2264957264957265,-0.4803132044000904,-0.33497095224549156,10.90105652612398,-0.48094227900658343,0.10432270173772154,0.49212671318869083,24.32384080544705
2367,19.628687100000207,150.75841492509088,238.6879310630861,34.14613671380263,54.061796351895566,11.190783834272311,0.2264957264957265,-0.48647686863201045,-0.333153932128198,11.117712983691593,-0.7285527635267286,0.2653942105720991,0.7753858499144932,31.017217175847424
2368,19.641114600000037,150.73108093464185,238.67628955898442,34.13994568177785,54.05915960096656,11.286102933846651,0.2264957264957265,-0.4926679006567909,-0.33051718119919116,11.161044275205118,-0.8222897458238656,0.26790453739113373,0.8648313519073154,17.4655131089309
2369,19.644661400000132,150.70729873707842,238.66510510458986,34.13455911566306,54.056626369843,11.305166753761519,0.2264957264957265,-0.4980544667715847,-0.32798395007563386,11.280155022033213,-0.9794590219570717,0.4147670370769836,1.0636595652457244,15.845464451095218
2370,19.657054700000117,150.6876546098067,238.65532809499513,34.130109804785285,54.054411918951885,11.308979517744493,0.2264957264957265,-0.502503777649359,-0.32576949918451703,11.19353268287344,-0.7271229111060905,0.22395570262162307,0.7608310486514995,3.256342118149635
2371,19.66066230000024,150.67194035533254,238.64710457623903,34.126550593301815,54.05254932709688,11.309742070541088,0.2264957264957265,-0.506062989132829,-0.32390690732950844,11.176208215041486,-0.5522181856855896,0.15795729902356503,0.5743652434790115,1.4308740249649814
2372,19.673324599999887,150.65667069674328,238.67514665797577,34.123092080886295,54.05890073877229,10.757672138473453,0.2264957264957265,-0.509521501548349,-0.3302583190049191,11.062298832949704,-0.26734629224403733,-0.046979451419507545,0.27144264372480625,-3.914332899554716
2373,19.677363499999956,150.6633818465491,238.6772476630291,34.12461212763719,54.05937660743822,11.199480594686879,0.2264957264957265,-0.5080014547974514,-0.33073418767084917,11.03951695653135,-0.17373067708529166,-0.12356475616715036,0.213191456506027,-0.8790594101398874
2374,19.690203699999984,150.65803296163728,238.69484749925337,34.123400628063145,54.063362895130034,10.73561984330261,0.2264957264957265,-0.5092129543714989,-0.3347204753626656,11.12755655903088,-0.04580983777943783,-0.24075009087582053,0.2450696788550029,5.07732431998516
2375,19.705844799999795,150.66556491155188,238.70895204815318,34.12510658253098,54.066557515179994,11.19507013565271,0.2264957264957265,-0.5075069999036614,-0.337915095412626,11.255608968056178,-0.03601308393017333,-0.22999766453584677,0.23280005993578615,11.03241872023985
2376,19.710576899999978,150.65831551377664,238.7104068047629,34.12346462491522,54.06688701133518,11.749940083038746,0.2264957264957265,-0.5091489575194217,-0.3382445915678147,11.37381542764444,-0.20719905311125103,-0.21101517222742408,0.2957344256598621,19.290669716219718
2377,19.72148580000021,150.64751955227229,238.73197639601494,34.12101938577107,54.071772431576036,11.397934183599938,0.2264957264957265,-0.5115941966635731,-0.3431300118086682,11.600497185870685,-0.20929754219695756,-0.13289584721885503,0.24792492286517806,18.33496987841018
2378,19.725354799999877,150.6393273978337,238.73236772571272,34.11916389779994,54.07186106608023,11.790512892628191,0.2264957264957265,-0.5134496846347005,-0.34321864631286303,11.738429515299138,-0.276230333774611,-0.034184250520596725,0.2783374934874709,16.94559344805994
2379,19.738629899999978,150.63318237436079,238.72767048367427,34.11777207624411,54.07079716083221,11.869028634433842,0.2264957264957265,-0.5148415061905354,-0.3421547410648387,11.766015981184829,-0.14918926377478484,-0.011882272040582417,0.1496617012281657,11.969780577364903
2380,19.74307920000001,150.62875076326793,238.7219872009967,34.11676833527009,54.069509921593266,11.884731782794972,0.2264957264957265,-0.515845247164556,-0.34086750182589753,11.771533274361968,-0.116304845566851,-0.08074527951246227,0.14158607723174874,9.06582211359178
2381,19.75404359999993,150.6427032852994,238.71995984346205,34.119928521884056,54.06905073377559,11.887872412467198,0.2264957264957265,-0.5126850605505879,-0.34040831400822213,11.772636732997395,-0.0331891185292918,-0.06555172110276267,0.07347479655150983,2.7991944465153575
2382,19.759346800000003,150.64130478861,238.73850741692019,34.119611768360386,54.07325167990073,11.425520649485629,0.2264957264957265,-0.5130018140742578,-0.34460926013336035,11.805833346355339,0.14349724804492983,-0.0206489089274789,0.1449753000906135,4.32994740271305
2383,19.76852229999986,150.63871212244547,238.73635796384917,34.11902454055389,54.07276483796584,11.79603018580533,0.2264957264957265,-0.5135890418807563,-0.34412241819847367,11.845448590657789,0.2509037338721209,-0.07709897616733705,0.2624822580614234,4.223495822590652
2384,19.772724899999957,150.6531587129844,238.73070509154823,34.12229663157339,54.07148448654725,12.035011701223567,0.2264957264957265,-0.5103169508612524,-0.3428420667798804,11.886347561149137,0.32378772159528535,-0.0917508962991646,0.3365363511235689,5.552259257991085
2385,19.784281900000224,150.66904987111718,238.7303447299183,34.12589591097953,54.071402866178076,12.082808004307214,0.2264957264957265,-0.5067176714551138,-0.3427604464107077,11.894527355247408,0.3323248586631493,0.06242720712311135,0.33813749847462055,2.1015928341724037
2386,19.789413800000148,150.68383732739844,238.7310557259366,34.12924520663298,54.07156390373778,12.092367264923944,0.2264957264957265,-0.5033683758016636,-0.34292148397041444,11.929139235697921,0.4609456941347419,0.10663378044804625,0.4731191140442343,-5.812094384469528
2387,19.800206400000206,150.6830252193008,238.73206889364235,34.129061267619406,54.07179338189335,11.466419619976978,0.2264957264957265,-0.5035523148152379,-0.34315096212598206,11.810489712373961,0.2231109554397574,-0.0015859805397488644,0.22311659232677852,-10.285710606204793
2388,19.80444179999995,150.69385429676856,238.72694346242426,34.13151400738775,54.07063249362601,11.969089588057898,0.2264957264957265,-0.5010995750468936,-0.3419900738586392,11.661187908295108,-0.11207060810003933,-0.15624087441133916,0.19227852723778716,-11.784101505072389
2389,19.816742299999987,150.67155622555933,238.7397841138971,34.126463589549765,54.073540846310024,11.441764084603768,0.2264957264957265,-0.5061499928848789,-0.344898426542656,11.505755648065275,-0.34973548929848036,-0.20926775720888818,0.4075633775035309,-15.53051138261085
2390,19.821324500000173,150.64395183104804,238.75528523135512,34.12021131216046,54.07705178317018,11.336298983912943,0.2264957264957265,-0.5124022702741868,-0.3484093634028085,11.474669196019308,-0.6254121734974768,-0.3573637450131252,0.7203118998105223,-14.756462446295991
2391,19.832318300000225,150.61795054321124,238.76967763108098,34.114322131582036,54.0803116002021,11.315205963774778,0.2264957264957265,-0.5182914508526082,-0.35166918043473316,11.34288000619605,-0.812971589112891,-0.4508433256219703,0.9296141720964765,-7.792504037875684
2392,19.836018500000137,150.59515383453328,238.78212201397142,34.10915877448831,54.08313019974566,11.310987359747145,0.2264957264957265,-0.5234548079463366,-0.3544877799782924,11.316522168231401,-0.9332257681379532,-0.5107805549442451,1.063864234583447,-5.323798273639103
2393,19.848245499999848,150.5757904117583,238.79255732844402,34.10477304197944,54.085493753878346,11.310143638941618,0.2264957264957265,-0.5278405404552018,-0.3568513341109778,11.31125060063847,-0.7079720467328938,-0.38229535330141207,0.8045956475839365,-3.9703522435049075
2394,19.851847200000066,150.55970001382826,238.80108275252115,34.10112863561068,54.08742472599838,11.309974894780513,0.2264957264957265,-0.5314849468239657,-0.3587823062310136,11.310196287119885,-0.7337123030390305,-0.3904744778082103,0.8311462334935006,-1.5752177361781736
2395,19.864290399999845,150.5466136936426,238.80788329799356,34.09816464001307,54.08896502048572,11.309941145948292,0.2264957264957265,-0.5344489424215766,-0.3603226007183551,11.309985424416167,-0.4841893173819008,-0.25268631043545675,0.5461590121459455,-0.1506844220847487
2396,19.867828500000087,150.53623533259034,238.8131539910023,34.0958139855867,54.09015880992787,11.309934396181847,0.2264957264957265,-0.536799596847942,-0.36151639016050297,11.309943251875422,-0.4916661203385902,-0.2514395683645093,0.5522295088349877,-0.06455589264326914
2397,19.8800812999998,150.52823913099914,238.81709236127597,34.094002880098095,54.09105083396422,11.309933046228558,0.2264957264957265,-0.5386107023365483,-0.36240841419684955,11.309934817367273,-0.3042532848678922,-0.1508227783749853,0.3395844104632201,1.9949066551117194
2398,19.883462599999802,150.52232620120682,238.8198851203483,34.09266362676907,54.09168338195923,11.3099327762379,0.2264957264957265,-0.5399499556655769,-0.3630409621918602,11.309933130465643,-0.2905369019256414,-0.13925207642885445,0.3221844691637033,3.417865279659783
2399,19.896013999999923,150.51818149537007,238.82171627520427,34.09172486860946,54.092098130708656,11.309932722239768,0.2264957264957265,-0.5408887138251828,-0.36345571094128815,11.435504692499379,-0.08081954427600713,0.0028096096581180785,0.08086836614778653,3.499028684353538
2400,19.89955229999987,150.51553170196752,238.8227462685081,34.091124701727686,54.0923314197903,11.309932711440142,0.2264957264957265,-0.5414888807069573,-0.36368900002293003,11.460619004906128,-0.06262339829400303,-0.1665013483070157,0.1778886983536152,11.157935156176947
2401,19.91230399999995,150.5371623444372,238.80175208836727,34.096023949808426,54.08757632770712,11.93779220635053,0.2264957264957265,-0.5365896326262174,-0.35893390793975044,11.465641867387477,0.008632928043200996,-0.14171621567942344,0.14197891826991763,11.569057557602243
2402,19.915609399999994,150.53633297502532,238.81516885705275,34.09583610118095,54.09061516847776,11.435504608262296,0.2264957264957265,-0.5367774812536936,-0.361972748710393,11.592218339297812,0.07240446780240642,-0.12531810695904458,0.14473090509475936,9.630838815088307
2403,19.927927600000203,150.53416869297507,238.8186031578667,34.09534590054564,54.09139302293562,11.335047088644648,0.2264957264957265,-0.5372676818890056,-0.3627506031682515,11.617533633679876,0.0723725831803077,-0.3388896331701566,0.34653134672983604,16.42784158631069
2404,19.944078099999842,150.55157195840002,238.8151129781874,34.09928766579146,54.09060251215355,11.942815081791432,0.2264957264957265,-0.5333259166431858,-0.3619600923861839,11.622596692556291,0.0519838993925374,-0.40511572768834075,0.40843736192531077,18.66403538201921
2405,19.94715929999984,150.54926231333047,238.8305368199863,34.098764541053484,54.09409594640715,11.436509183350475,0.2264957264957265,-0.5338490413811599,-0.3654535266397829,11.749181203745636,0.33582009821490477,-0.128784423451399,0.3596672991651834,4.912714192814999
2406,19.960195199999816,150.5655077170045,238.82813286222313,34.102444055560845,54.09355146024712,11.963107500732598,0.2264957264957265,-0.5301695268737987,-0.3649090404797519,11.900070005397566,0.4041465261644399,-0.09251203851827364,0.4145996766539874,6.124344232316565
2407,19.963326699999925,150.58434339043276,238.82174116233313,34.10671025509802,54.09210376753699,12.068427164209021,0.2264957264957265,-0.5259033273366214,-0.363461347769622,11.80467586631389,0.3013802954717145,-0.07273646010744858,0.31003334518657893,7.2969567372939625
2408,19.97645250000005,150.60183535932694,238.81489039922587,34.110672111300545,54.090552098969965,12.089491096904306,0.2264957264957265,-0.5219414711340988,-0.3619096792025971,11.911168937911217,0.3727690557263229,0.17259678649176477,0.41078756019915974,-2.8212390642603626
2409,19.979900799999996,150.597728279529,238.8126398361346,34.10974187527794,54.090042356047576,11.46584438637305,0.2264957264957265,-0.5228717071567033,-0.3613999362802076,11.932467552230682,0.4458856698564985,0.22019790532297695,0.4972938247072903,-11.999272759038904
2410,19.992659600000025,150.60827148638617,238.80740800590866,34.11212986657465,54.08885736885965,11.968974541337111,0.2264957264957265,-0.5204837158599958,-0.36021494909228124,11.811155375680512,0.13114835283383752,0.06967660022202557,0.14850831313272908,-4.3194274641453125
2411,19.997026000000005,150.62076065113757,238.80201450758068,34.11495860901834,54.0876357645375,12.069600572329923,0.2264957264957265,-0.5176549734163061,-0.3589933447701341,11.661321040956416,-0.1314379503202882,-0.19243396275955782,0.23303811878691744,-4.858399291812132
2412,20.009072299999843,150.60952060712032,238.8174546156647,34.1124127870828,54.091132883035165,11.461866281458173,0.2264957264957265,-0.5202007953518404,-0.36249046326779677,11.75692607342566,-0.05000083519867574,-0.21059185203667802,0.2164463251358249,-8.153024694296619
2413,20.012601200000063,150.59376732829375,238.8360317447365,34.10884473675029,54.095340523380486,11.340319423283823,0.2264957264957265,-0.5237688456843514,-0.3666981036131176,11.77604707991951,0.06096238538221238,-0.12975735299980679,0.14336451126065283,-7.643041915972078
2414,20.024425300000075,150.60094122172188,238.83305426186772,34.110469592954104,54.094666136235,11.943869548719267,0.2264957264957265,-0.52214398948054,-0.3660237164676303,11.654299381804217,-0.10842749502039342,-0.22814684744952618,0.2526014760003488,-0.8547547768821808
2415,20.027924699999858,150.61240495264727,238.8253747715216,34.113066079018395,54.09292676448994,12.064579573806355,0.2264957264957265,-0.5195475034162484,-0.3642843447225701,11.629949842181158,-0.26232798015374725,-0.3625690154284335,0.44751788804503495,-2.4961622772091707
2416,20.040950500000235,150.60095432654072,238.83757690821244,34.11047256113957,54.09569049630453,11.46086208175346,0.2264957264957265,-0.5221410212950772,-0.3670480765371593,11.625079934256547,-0.10224212684937381,-0.11741511633821847,0.15569123946902352,-5.5597350509550285
2417,20.04455020000023,150.58536583993595,238.8528726206078,34.10694183554105,54.099154909795786,11.34011858334288,0.2264957264957265,-0.5256717468935932,-0.3705124900284176,11.624105952671623,-0.009071676921980007,-0.0038438753473852283,0.00985244638975623,-4.8944980660916215
2418,20.05725459999985,150.57354940676134,238.85099739099178,34.10426546392458,54.09873017830156,11.315969883660765,0.2264957264957265,-0.5283481185100669,-0.37008775853418996,11.498339256940577,-0.19102402427844825,-0.1379358127577411,0.23561932495589533,-1.525101726799561
2419,20.060863199999858,150.58316091126065,238.84104143148818,34.10644242861886,54.096475196020826,11.938999640794655,0.2264957264957265,-0.5261711538157812,-0.3678327762534579,11.473185917794366,-0.305761771692712,-0.2544942488520222,0.39781601743446826,-0.10338618699966373
2420,20.07305290000022,150.5741311396804,238.85037418843845,34.1043972239447,54.098589025586485,11.43574609515112,0.2264957264957265,-0.5282163584899422,-0.3699466058191163,11.593727149379188,-0.0558301059603911,0.03204279444260047,0.06437189920484905,-1.9996087612152242
2421,20.07663259999981,150.56191733692205,238.86293839574242,34.10163084981568,54.10143476484764,11.335095386022413,0.2264957264957265,-0.5309827326189662,-0.3727923450802706,11.61783539569615,-0.05738257107794582,0.15157257183231523,0.1620709844339136,-1.2998339690181395
2422,20.08901509999987,150.57661367260943,238.8372288921485,34.104959507044015,54.09561167215329,11.942824741266984,0.2264957264957265,-0.5276540753906289,-0.36696925238592115,11.497085145545482,-0.20402225637418853,0.04846324924689112,0.20969923133760268,1.996005007007964
2423,20.092788200000086,150.57297498187307,238.82671597547852,34.10413535914219,54.09323054145454,11.436511115245585,0.2264957264957265,-0.5284782232924528,-0.36458812168717003,11.472935095515346,-0.27591920796778896,-0.03412100230650386,0.27802095626763895,1.0871401630951627
2424,20.105486100000235,150.56569095005813,238.82058585422118,34.10248555706445,54.09184209518685,11.335248390041306,0.2264957264957265,-0.5301280253701961,-0.3631996754194802,11.593676984923384,-0.07163770794724714,0.14757296233476389,0.16404188615165555,2.022099945161191
2425,20.11000449999983,150.55517243233874,238.83228269402406,34.10010315775194,54.09449137941571,11.31499584500045,0.2264957264957265,-0.5325104246827053,-0.3658489596483392,11.617825362804991,0.07682719148500167,0.16328140512999315,0.18045285980748008,5.373738194189751
2426,20.121433700000125,150.56771766863156,238.82655517057634,34.10294460016014,54.093194119831395,11.93880483306259,0.2264957264957265,-0.5296689822745009,-0.3645517000640268,11.748226937795375,0.1828674510658294,0.0714642838709937,0.19633555085237997,6.7438681626022055
2427,20.12515600000006,150.58433511784148,238.81753585685306,34.10670838139144,54.09115128381715,12.06356663067502,0.2264957264957265,-0.5259052010432015,-0.36250886404977933,11.774307252793452,0.10390997625568484,-0.10639762162179715,0.1487203316706633,-1.9849368707236055
2428,20.136745599999813,150.60028833878653,238.80873500791444,34.11032171775934,54.08915792914301,12.088518990197505,0.2264957264957265,-0.522291864675303,-0.36051550937564514,11.779523315793064,0.17234638478648961,0.010596166819966413,0.17267181327665873,-5.513657475291218
2429,20.140393700000004,150.5918369162396,238.82129767409776,34.10840750666965,54.09200331934693,11.46564996503169,0.2264957264957265,-0.5242060757649938,-0.3633608995795612,11.65499462897893,0.08622438115367959,-0.050875229555624804,0.1001145987739677,-9.767768333947771
2430,20.15262849999999,150.58183908135481,238.82137132404202,34.10614303979404,54.09202000074456,11.341076159998526,0.2264957264957265,-0.5264705426406024,-0.3633775809771933,11.504516992202038,-0.2354709876638161,-0.31159298872762103,0.39055956863913144,-7.028032640703754
2431,20.168414600000233,150.5691543809344,238.8348823207566,34.10327000935694,54.09508018376111,11.316161398991895,0.2264957264957265,-0.5293435730777034,-0.36643776399374417,11.348849565432598,-0.33920816007604804,-0.40072120348274387,0.5250139605599421,-6.7919713002853594
2432,20.172975699999824,150.55712547877852,238.85008181676142,34.10054551442419,54.09852280465109,11.311178446790567,0.2264957264957265,-0.532068068010453,-0.36988038488372155,11.443287979492771,-0.12234134103753708,-0.17712488599489246,0.2152687366190609,4.745196580782799
2433,20.184560600000168,150.54654226447002,238.86407837655364,34.098148461610734,54.10169296562967,11.310181856350303,0.2264957264957265,-0.53446512082391,-0.3730505458622986,11.462175662304807,-0.1063730703472974,-0.21114086245743524,0.23642270173225893,7.71056434771206
2434,20.190052999999807,150.56011273896905,238.85588165468528,34.10122211609128,54.09983644315521,11.937842035332562,0.2264957264957265,-0.531391466343365,-0.3711940233878437,11.591525098281275,0.10825485424597509,0.09645231858744197,0.14499021770005974,9.908351481896199
2435,20.200287600000138,150.55535716423447,238.86362861679632,34.100144998736866,54.101591096966686,11.4355145740587,0.2264957264957265,-0.5324685836977778,-0.372948677199318,11.61739498547657,0.214265482446646,0.23339228061381334,0.316830638698676,4.237929121146454
2436,20.20487490000005,150.57340578886135,238.83640581142564,34.10423293508398,54.095425247887,11.962908578874242,0.2264957264957265,-0.5283806473506658,-0.36678282811963214,11.622568962915627,0.22268921778702208,0.311594691832793,0.38299052168032693,3.3304017405942643
2437,20.221160800000234,150.56856812202003,238.84144474509273,34.10313722421821,54.0965665448287,11.440527882767038,0.2264957264957265,-0.529476358216435,-0.36792412506132877,11.498031858989378,0.07651335701422693,0.2794915474161084,0.28977546286502126,-4.721974830068923
2438,20.229728100000102,150.56233474901086,238.83700532079467,34.101725391869984,54.09556103419708,11.336051743545596,0.2264957264957265,-0.5308881905646601,-0.3669186144297143,11.473124438204128,0.030924923013200586,0.23218587517297845,0.23423627279568449,-6.139500806019699
2439,20.237540399999943,150.55642765087578,238.83088295251312,34.1003874593864,54.09417434394528,11.315156515701307,0.2264957264957265,-0.5322261230482468,-0.36553192417790825,11.342571054633014,-0.20117162519158002,-0.12383065788054082,0.23622881833796042,-6.5196739479791574
2440,20.243266500000118,150.5480043126213,238.8411969954525,34.09847960926892,54.09651043059394,11.31097747013245,0.2264957264957265,-0.5341339731657229,-0.3678680108265695,11.316460377918794,-0.24579427674716814,-0.21216221679266314,0.3246962160482325,-5.028683588499577
2441,20.250022400000034,150.53997043850688,238.8542010738143,34.09665997111481,54.0994557987699,11.31014166101868,0.2264957264957265,-0.5359536113198331,-0.3708133790025343,11.311238242575948,-0.22584657891018173,-0.20883140667516867,0.3075991443735867,-4.45182156113057
2442,20.255462799999805,150.53299523413844,238.86649292592426,34.09508011713392,54.10223985074353,11.309974499195924,0.2264957264957265,-0.5375334653007258,-0.3735974309761616,11.31019381550738,-0.24660590041139369,-0.33475012159989004,0.41577892446449877,-1.1118959515755154
2443,20.2645622,150.53038168206976,238.86110870511388,34.09448815875939,54.10102034773947,11.309941066831374,0.2264957264957265,-0.538125423675254,-0.3723779279721029,11.309984930093666,-0.18303891780870502,-0.2275948020548093,0.2920661557848661,-0.2000410410865023
2444,20.268153500000153,150.52602040831042,238.86827705420816,34.09350034889082,54.102643948175356,11.309934380358463,0.2264957264957265,-0.5391132335438229,-0.3740015284079874,11.309943153010924,-0.17128070554644298,-0.23180131030219941,0.2882168065021605,-0.04555082210079852
2445,20.280695500000093,150.5251704157983,238.86119997033916,34.09330782921927,54.10104101892297,11.309933043063882,0.2264957264957265,-0.5393057532153733,-0.37239859915560203,11.309934797594375,-0.1236020463389185,-0.16037635008020076,0.20247972620540375,-0.007160831640244064
2446,20.28389100000004,150.52219989154725,238.86764755728206,34.09263501817096,54.10250136981175,11.309932775604965,0.2264957264957265,-0.5399785642636843,-0.3738589500443794,11.309933126511066,-0.09963859448813443,-0.08122591671453928,0.12855154241660488,-0.00257356206098259
2447,20.29664649999995,150.51927143895125,238.87635479093183,34.09197173617272,54.104473521023024,11.309932722113182,0.2264957264957265,-0.5406418462619271,-0.3758311012556561,11.309932792294402,-0.03798485621154411,0.0501540264193019,0.06291482867718638,-0.00024720867341535756
2448,20.30005570000003,150.52009572228664,238.86838068992046,34.092158432825606,54.1026674212213,11.309932711414826,0.2264957264957265,-0.5404551496090377,-0.3740250014539299,11.30993272545107,-0.007901357035332804,0.16980161118745885,0.16998534820641675,-0.00011412869097153624
2449,20.312309200000072,150.52189252188026,238.8573005557809,34.092565400254934,54.10015781818969,11.309932709275154,0.2264957264957265,-0.5400481821797101,-0.37151539842232495,11.309932712082404,0.04137190733287659,0.29576690758809254,0.29864644370992166,-9.54735853509983e-06
2450,20.31567240000004,150.52389811826305,238.8465196579882,34.093019659264705,54.09771599091186,11.309932708847219,0.2264957264957265,-0.5395939231699387,-0.36907357114449013,11.30993270940867,0.079430237148624,0.44706414264574923,0.4540655351522129,-4.313809648577993e-06
2451,20.328323499999897,150.52589869338414,238.83686642572752,34.093472780980164,54.095529575057945,11.309932708761632,0.2264957264957265,-0.5391408014544794,-0.366887155290577,11.309932708873923,0.0634466712389272,0.3094035899302691,0.3158418299608819,-3.927889103724196e-07
2452,20.331466799999816,150.5278179045472,238.82851363401977,34.09390747410684,54.09363770343183,11.309932708744515,0.2264957264957265,-0.5387061083278013,-0.364995283664463,11.309932708766974,0.029142080445721405,0.09842418034082231,0.10264784522077222,-1.7484888694848297e-07
2453,20.34445770000002,150.5263750999161,238.8376063137784,34.09358068502373,54.09569715653955,11.309932708741092,0.2264957264957265,-0.5390328974109124,-0.36705473677218237,11.309932708745585,0.006953238016397779,-0.03163419985041323,0.03238935193992871,-1.5862877877883854e-08
2454,20.3477283000002,150.52437789363137,238.84988161994852,34.09312832633531,54.098477460928514,11.309932708740407,0.2264957264957265,-0.5394852560993328,-0.36983504116114574,11.309932708741307,-0.016453347698769837,-0.1846550059311792,0.18538657951950147,-7.419468650974372e-09
2455,20.360554599999887,150.52574397902308,238.84559189546565,34.09343773883856,54.09750585666529,11.30993270874027,0.2264957264957265,-0.5391758435960838,-0.3688634368979251,11.309932708740451,-0.049614859980868814,-0.34217570350409254,0.3457540258615102,-6.15122080531994e-10
2456,20.363846900000226,150.52456343616203,238.85420116600508,34.09317035092559,54.09945581965072,11.309932708740243,0.2264957264957265,-0.539443231509054,-0.37081339988335316,11.30993270874028,-0.03953788539880322,-0.29288893340271194,0.29554554926709203,-2.8589542605559925e-10
2457,20.37682700000005,150.5229865621655,238.86484499975322,34.09281319570415,54.10186660250821,11.309932708740238,0.2264957264957265,-0.5398003867304908,-0.37322418274084157,11.309932708740245,0.019319487475467485,-0.00031191657924002636,0.019322005285869005,-2.4426605602015288e-11
2458,20.392705400000068,150.52475527701597,238.85868256341487,34.093213802059175,54.10047083701277,11.309932708740236,0.2264957264957265,-0.5393997803754687,-0.3718284172454034,11.30993270874024,0.011103848925835443,-0.041775810228868324,0.04322630890148031,-1.1105800415194242e-11
2459,20.396189200000208,150.52715439542587,238.84925697508223,34.09375719212637,54.09833598153572,11.309932708740236,0.2264957264957265,-0.5388563903082755,-0.3696935617683508,11.309932708740238,0.005466257027710458,-0.06446902869657865,0.06470035260316033,-7.46461559995813e-13
2460,20.408051100000193,150.52626644309476,238.85614740417094,34.093556074718045,54.09989663427803,11.309932708740236,0.2264957264957265,-0.5390575077165991,-0.37125421451066387,11.309932708740236,0.017010690046954415,-0.004103412186865437,0.01749861615811004,-1.9905226748664786e-13
2461,20.411211600000115,150.52473982854713,238.86599531661892,34.093210303047,54.102127144362406,11.309932708740236,0.2264957264957265,-0.539403279387642,-0.3734847245950377,11.309932708740236,0.044332358950502346,0.11465607264323582,0.12292832482421273,-1.319287472554637e-13
2462,20.424224800000047,150.52647533189264,238.85932490947698,34.093603387138074,54.10061632565077,11.309932708740236,0.2264957264957265,-0.5390101952965693,-0.37197390588340085,11.309932708740236,0.02082397592307667,0.025045909077191585,0.032572005384191874,-2.9950629147142496e-14
2463,20.427474699999948,150.52879748287552,238.84954344660753,34.094129344411975,54.09840086611196,11.309932708740236,0.2264957264957265,-0.5384842380226686,-0.36975844634459065,11.309932708740236,0.007548900782646823,-0.05068303647879501,0.05124213197884248,0.0
2464,20.44060730000001,150.53102596983996,238.8399912998843,34.09463408718597,54.09623734570029,11.309932708740236,0.2264957264957265,-0.5379794952486705,-0.3675949259329201,11.309932708740236,0.032951301554006225,0.10492378924607476,0.10997631483122976,0.0
2465,20.44400769999993,150.52977492507716,238.84765117580116,34.094350730893545,54.09797227486094,11.309932708740236,0.2264957264957265,-0.5382628515410985,-0.3693298550935751,11.309932708740236,0.014693841502451677,0.01312110730396554,0.019699554182299385,0.0
2466,20.46074099999987,150.53107578082984,238.84231059058115,34.094645369162315,54.09676265513163,11.309932708740236,0.2264957264957265,-0.5379682132723289,-0.368120235364259,11.309932708740236,-0.011347046797396999,-0.09557353385125092,0.09624477047527581,0.0
2467,20.4663673,150.5295584959887,238.85082880731326,34.09430171062992,54.098691994818815,11.309932708740236,0.2264957264957265,-0.5383118718047228,-0.3700495750514463,11.309932708740236,-0.03421581465688034,-0.21029258472472767,0.21305795728590085,0.0
2468,20.47512289999986,150.53078134762998,238.84548536955293,34.09457868130081,54.0974817290013,11.309932708740236,0.2264957264957265,-0.5380349011338339,-0.36883930923393393,11.309932708740236,-0.011565650460709297,-0.08072238868368875,0.08154672467597841,0.0
2469,20.479708299999857,150.529244561761,238.85376254722223,34.094230605868944,54.09935647437085,11.309932708740236,0.2264957264957265,-0.5383829765656998,-0.37071405460348217,11.309932708740236,-0.036769104302732135,-0.20928948547800613,0.21249483702639396,0.0
2470,20.489014899999802,150.53047398223714,238.84810707967665,34.094509064352856,54.09807553514044,11.309932708740236,0.2264957264957265,-0.5381045180817878,-0.3694331153730701,11.309932708740236,-0.03163142501883299,-0.17698091101080748,0.17978539960446568,0.0
2471,20.49217439999984,150.52896172676046,238.8560659239719,34.09416654495002,54.099878179361156,11.309932708740236,0.2264957264957265,-0.5384470374846231,-0.3712357595937874,11.309932708740236,-0.01923614097748477,-0.1137925153804524,0.1154069567934107,0.0
2472,20.504920299999867,150.52697004594793,238.86627249295586,34.09371543775744,54.102189923618205,11.309932708740236,0.2264957264957265,-0.538898144677205,-0.3735475038508369,11.309932708740236,0.0025660464556751155,0.0007563458941538884,0.0026751922406223947,0.0
2473,20.50817360000019,150.52831462452409,238.85974897040694,34.09401997905887,54.100712373639176,11.309932708740236,0.2264957264957265,-0.538593603375773,-0.37206995387180797,11.309932708740236,0.0183537248948462,0.08168466319273132,0.08372122442024874,0.0
2474,20.521593100000246,150.5302758302033,238.8500385609611,34.094464183763996,54.09851300739717,11.309932708740236,0.2264957264957265,-0.5381493986706474,-0.36987058762980496,11.309932708740236,0.04639596831817289,0.22777801963454433,0.23245518300269358,0.0
2475,20.525565800000095,150.5321851990059,238.8405270657774,34.09489664763809,54.09635869438548,11.309932708740236,0.2264957264957265,-0.5377169347965562,-0.36771627461811107,11.309932708740236,0.07076073058700584,0.35130870965666183,0.35836418692977057,0.0
2476,20.537605099999837,150.53387561493702,238.83202660287014,34.09527951962249,54.09443337586375,11.309932708740236,0.2264957264957265,-0.5373340628121568,-0.365790956096383,11.309932708740236,0.05686815514630257,0.2848713857659139,0.2904921573776753,0.0
2477,20.541411600000174,150.5353281871815,238.82469442537575,34.09560852102829,54.092772668995366,11.309932708740236,0.2264957264957265,-0.5370050614063544,-0.36413024922799764,11.309932708740236,0.06305620930840766,0.3170661815650499,0.32327550019230794,0.0
2478,20.552868600000238,150.5365496371274,238.81852407021114,34.09588517422116,54.09137510991962,11.309932708740236,0.2264957264957265,-0.5367284082134844,-0.3627326901522494,11.309932708740236,0.03171946173948135,0.16112803755661279,0.16422048818551124,0.0
2479,20.556417499999952,150.53755308921347,238.81343381296296,34.0961124518304,54.09022218840614,11.309932708740236,0.2264957264957265,-0.5365011306042433,-0.3615797686387694,11.309932708740236,0.0278657788783431,0.14291944837639678,0.14561068077826658,6.07787320818683
2480,20.567911900000126,150.53512603475454,238.82548217150247,34.09556273436748,54.092951090126626,11.309932708740236,0.2264957264957265,-0.5370508480671603,-0.3643086703592573,11.309932708740236,0.013416800553815193,0.07033562554830837,0.07160384597472894,6.48821542526646
2481,20.572044000000005,150.53535468984097,238.8242256148971,34.0956145237674,54.09266648542541,11.309932708740236,0.2264957264957265,-0.5369990586672415,-0.36402406565804313,11.435504608154298,0.1766794813812982,-0.04593631019045301,0.18255350923791636,6.714613873671919
2482,20.5842846999999,150.53612138730398,238.82026081046257,34.09578817746628,54.0917684741646,11.309932708740236,0.2264957264957265,-0.5368254049683614,-0.36312605439723455,11.460618988037112,0.16128483908572971,-0.16896401354026597,0.23358432565252513,6.732735387779987
2483,20.58872190000011,150.5525865602049,238.82926030149258,34.09951746876436,54.09380682042353,11.937792205810549,0.2264957264957265,-0.5330961136702825,-0.3651644006561625,11.465641864013675,0.12297434573987764,-0.2698267424030948,0.2965285157046739,6.742134262200552
2484,20.599808999999823,150.55195355533442,238.84346925017783,34.099374095866345,54.09702508657874,11.435504608154298,0.2264957264957265,-0.5332394865682986,-0.368382666811371,11.466646439208986,0.11352929167053355,-0.26969353308014987,0.29261493784915865,-1.4266448274409784
2485,20.604084300000068,150.5474351051422,238.85746994315969,34.09835068620742,54.100196183707105,11.335047088623048,0.2264957264957265,-0.5342628962272258,-0.3715537639397368,11.46684735424805,0.09838082565449696,-0.30892746204986554,0.3242143791768521,-2.149002744286646
2486,20.616091700000197,150.54559595890274,238.85378322675672,34.097934127443786,54.099361158197034,11.314955584716799,0.2264957264957265,-0.534679454990858,-0.37071873842966596,11.341315637841799,-0.12167121760880878,-0.33629455094344435,0.3576281730913589,-2.6279610426169
2487,20.632184699999925,150.54122229294833,238.86250891704074,34.09694351079599,54.10133748975709,11.310937283935548,0.2264957264957265,-0.5356700716386555,-0.37269506998972446,11.316209294560549,-0.1225885613839112,-0.25341525562025374,0.2815088758161197,-2.6629167753841556
2488,20.636160999999902,150.53666131664528,238.87297586207268,34.0959104691547,54.10370820807629,11.310133623779299,0.2264957264957265,-0.5367031132799411,-0.37506578830892323,11.311188025904299,-0.11536438806655924,-0.183479351277824,0.21673397144726253,5.778177558964174
2489,20.648092100000213,150.53573851031365,238.86643732489318,34.0957014574642,54.1022272573476,11.309972891748048,0.2264957264957265,-0.536912124970442,-0.373584837580232,11.31018377217305,-0.1090364795985194,-0.1689298868284759,0.2010628273627923,8.35500227498635
2490,20.65170309999985,150.53249801258818,238.87268766984636,34.09496749857767,54.10364293376862,11.309940745341798,0.2264957264957265,-0.537646083856977,-0.37500051400125045,11.462757427042034,0.18310640487309293,0.0747443716128035,0.19777430721239272,9.031775838351162
2491,20.66426270000011,150.53232875729742,238.8647974362604,34.09492916297762,54.101855829580344,11.309934316060549,0.2264957264957265,-0.5376844194570225,-0.37321340981297624,11.49327215801583,0.24645901964517095,0.23239726437900685,0.33874848612990843,11.277661873514145
2492,20.667609000000084,150.55300024962708,238.84861131585222,34.09961116765058,54.09818974247935,12.07380555828047,0.2264957264957265,-0.5330024147840646,-0.36954732271198054,11.49937510421059,0.23420710684900475,0.32651813544126873,0.4018296425982332,12.865654563692733
2493,20.680330700000013,150.55619973892044,238.8378242156818,34.10033583830249,54.09574651038947,11.462707278648283,0.2264957264957265,-0.532277744132152,-0.3671040906220995,11.626167592863606,0.32369177724911913,0.3831015428749397,0.5015407847940709,2.067840681228155
2494,20.68355870000005,150.5550770038219,238.8293481742818,34.10008154360069,54.09382672323476,11.340487622721845,0.2264957264957265,-0.5325320388339563,-0.3651843034673945,11.651526090594208,0.3200719938211336,0.41075878588378023,0.5207387650342089,-0.1628399047790028
2495,20.696143499999835,150.5686436711215,238.83541168956654,34.10315433576683,54.0952000835343,11.943903188606871,0.2264957264957265,-0.5294592466678125,-0.3665576637669332,11.503823284525094,0.027370333210338924,0.21297741032421774,0.21472892783333875,-0.6213468221399241
2496,20.699529699999857,150.5683274522042,238.83121696658108,34.103082713533425,54.094249996704264,11.436726804713564,0.2264957264957265,-0.5295308689012188,-0.3656075769368954,11.474282723311271,-0.04239238916086567,0.25369007376245556,0.2572076363259194,-2.6883356498961137
2497,20.712133800000174,150.56474650538502,238.82528165863746,34.10227164438208,54.0929056748196,11.335291527934901,0.2264957264957265,-0.5303419380525654,-0.36426325505222934,11.468374611068505,-0.04059933222688093,0.1516457558395561,0.1569864358516968,-4.263159487677039
2498,20.715341999999964,150.56061259070174,238.81967795860467,34.10133533037261,54.09163646070961,11.315004472579169,0.2264957264957265,-0.5312782520620303,-0.3629940409422403,11.467192988619951,0.06520966326351514,0.05678913739706458,0.08647141903105161,-1.91851883767959
2499,20.728236999999808,150.55663798043912,238.814866694241,34.100435098133644,54.090546729892196,11.310947061508022,0.2264957264957265,-0.5321784843009993,-0.36190431012482804,11.466956664130242,0.05296350136287655,-0.052183928892954555,0.0743525044051669,-0.17390845864418472
2500,20.731764199999816,150.56867914843008,238.82395211667549,34.103162371225615,54.09260453924701,11.937995076364107,0.2264957264957265,-0.5294512112090288,-0.36396211947964474,11.4669093992323,0.003076769005810581,-0.05066702262152575,0.0507603554838352,7.366984017294661
2501,20.744253899999876,150.5641363398419,238.83852587096575,34.10213344449411,54.095905432312755,11.43554518226501,0.2264957264957265,-0.5304801379405362,-0.3672630125453864,11.466899946252711,0.04571465020304206,-0.1109663655183694,0.120014013846479,5.823605111790606
2502,20.747626200000013,150.5594644133296,238.83682491866918,34.10107527310457,54.09552017388661,11.33505520344519,0.2264957264957265,-0.5315383093300738,-0.36687775411924406,11.592469955070857,0.22189294095884177,-0.23225414680878068,0.3212140500620088,4.610925912717229
2503,20.760051100000055,150.5551493064574,238.83166182659113,34.10009791983864,54.09435075559543,11.314957207681227,0.2264957264957265,-0.5325156625960048,-0.36570833582806017,11.492012057420423,0.05054960360346342,-0.16151975311332895,0.16924506808252351,4.5500807740807785
2504,20.763354700000036,150.56697946528624,238.83927455698958,34.10277740025714,54.09607500649764,11.938797105598747,0.2264957264957265,-0.5298361821775046,-0.3674325867302741,11.471920477890336,0.007262872802822548,-0.0644553858426185,0.06486328765542805,4.505245542819726
2505,20.776005799999893,150.56231523985673,238.85210684725521,34.10172097312994,54.09898146540396,11.435705588111938,0.2264957264957265,-0.5308926093047006,-0.3703390456365909,11.46790216198432,0.054672024235663544,-0.06272280220227705,0.08320564974886593,-4.922001694457294
2506,20.779578700000002,150.5576015150423,238.84862012612044,34.1006533346036,54.09819173796745,11.335087284614577,0.2264957264957265,-0.5319602478310443,-0.36954931820007886,11.467098498803116,-0.020894199925921522,-0.20021461078990566,0.20130190750287932,-4.752242241986535
2507,20.792278299999907,150.55329884677815,238.8417288535516,34.09967879862924,54.096630894180485,11.314963623915105,0.2264957264957265,-0.5329347838054019,-0.3679884744131172,11.341365866752813,-0.1963339660058518,-0.07968779541088318,0.2118895253310879,-3.616584738978479
2508,20.795753299999888,150.54629514016133,238.85083214624922,34.0980924890109,54.09869275107354,11.31093889177521,0.2264957264957265,-0.5345210934237414,-0.3700503313061745,11.316219340342752,-0.21237464074303528,0.06134658688020128,0.22105743993944965,-3.6125709395837733
2509,20.808219500000178,150.54265593836064,238.84639028753887,34.09726822535519,54.09768668905795,11.31013394534723,0.2264957264957265,-0.5353453570794571,-0.3690442692905833,11.31119003506074,-0.15917993548138,0.042605409919877026,0.16478310840100407,-3.5708031943024126
2510,20.811599900000147,150.5402126296097,238.8392945628515,34.09671482636459,54.09607953773987,11.309972956061635,0.2264957264957265,-0.5358987560700541,-0.3674371179725,11.310184174004338,-0.20914336791515725,-0.12173244391863819,0.24199119042911296,7.968336243690784
2511,20.824099500000102,150.53840017278327,238.8322677935449,34.09630431263894,54.094488004520855,11.309940758204515,0.2264957264957265,-0.5363092697957015,-0.3658455847534867,11.309983001793057,-0.12275164546623098,0.008944501574958859,0.12307709199153068,11.805697161795495
2512,20.8272950999999,150.5337928532544,238.8421268543921,34.095260774455056,54.09672103967,11.309934318633092,0.2264957264957265,-0.5373528079795875,-0.3680786199026329,11.462717272966033,-0.053370728457906275,0.026602682174532766,0.05963335773714885,12.27988816535731
2513,20.840358999999808,150.53237780926088,238.8386635800531,34.09494027303772,54.09593662283254,11.309933030718806,0.2264957264957265,-0.5376733093969221,-0.36729420306517113,11.618836026614693,0.19193559536261928,-0.14239333877429575,0.23898773126354095,19.16910080837942
2514,20.856228600000122,150.55205120890702,238.82682287743515,34.09939621398321,54.09325475429087,12.073805301212122,0.2264957264957265,-0.5332173684514316,-0.3646123345234997,11.650059777344424,0.18776511662626633,-0.21441816986141518,0.28501033417824356,19.59191746896386
2515,20.860088700000233,150.57016459666033,238.83312097204433,34.1034988189017,54.094681245804914,12.090566724304926,0.2264957264957265,-0.5291147635329452,-0.36603882603754556,11.781876426904434,0.4196467945028014,-0.22195784116694975,0.4747301500768298,0.4768687828403273
2516,20.872654700000112,150.56718561937993,238.84603659066732,34.10282409327836,54.09760657822807,11.466059511853175,0.2264957264957265,-0.5297894891562862,-0.36896415846069885,11.808239756816436,0.4169832140112705,-0.21916078456609722,0.47106947498091645,-4.059464734600576
2517,20.875741800000014,150.5785372800891,238.85607472994224,34.105395195917616,54.0998801738758,11.969017566433136,0.2264957264957265,-0.5272183865170277,-0.37123775410843507,11.660737917183601,0.29172344843914677,-0.15561698092566234,0.3306345643178364,-6.190911208447021
2518,20.890192299999853,150.57612235713165,238.85135159874534,34.10484822618794,54.09881040484403,11.441749680278816,0.2264957264957265,-0.5277653562467037,-0.3701679850766624,11.505665649842971,0.04249470331543374,-0.1163896211389302,0.12390457505165192,-15.39221957065214
2519,20.89376140000013,150.57067777556222,238.8436820158973,34.1036150517299,54.09707327710494,11.336296103047951,0.2264957264957265,-0.5289985307047402,-0.36843085733757164,11.474651196374845,-0.07272957902534037,-0.22728540923981688,0.23863832240131563,-17.442340342652706
2520,20.904874100000143,150.56168342094134,238.8521901878122,34.10157786884569,54.09900034168396,11.315205387601779,0.2264957264957265,-0.5310357135889561,-0.3703579219165931,11.342876406267157,-0.2557705675264876,-0.06134911587176306,0.2630252786921222,-6.093493971268625
2521,20.90810680000004,150.55269426221776,238.86342672786125,34.09954186281001,54.101545369985665,11.310987244512544,0.2264957264957265,-0.5330717196246368,-0.3729029502182968,11.31652144824562,-0.37625164048520177,-0.38047473948054805,0.5350946872756227,4.61245873730225
2522,20.92152699999997,150.54781483142358,238.85790456404538,34.09843669258739,54.100294623480366,11.310143615894697,0.2264957264957265,-0.5341768898472523,-0.3716522037129977,11.436822356055375,-0.2741004279306226,-0.4999948822568391,0.5701981470285402,6.70796856758181
2523,20.92502319999994,150.5379317962348,238.88139203456603,34.096198227352325,54.10561443517948,11.309974890171128,0.2264957264957265,-0.536415355082319,-0.37697201541211456,11.586454437031389,-0.11177540540271402,-0.4943180546947283,0.5067978694214503,13.622923579626487
2524,20.941762100000233,150.550143807213,238.88958705283096,34.09896419565081,54.10747057179505,11.937800642096727,0.2264957264957265,-0.5336493867838357,-0.3788281520276797,11.616380853226591,-0.011627025587777437,-0.3742837607585513,0.3744643124405626,16.101327334781057
2525,20.94755329999998,150.5662087423306,238.89329520070774,34.102602834801374,54.10831045144235,12.063365792481846,0.2264957264957265,-0.5300107476332698,-0.3796680316749814,11.747938035879693,0.14949137669843027,-0.41229357870780614,0.4385586240753703,14.606404313402619
2526,20.953759699999864,150.56267187552405,238.89842221936638,34.1018017495845,54.1094716992582,11.460619325488558,0.2264957264957265,-0.5308118328501408,-0.38082927949083256,11.774249472410316,0.2570039700308214,-0.12040190767971029,0.2838091964410541,4.00208565384945
2527,20.95729250000022,150.5739527284025,238.89993285586698,34.1043568145527,54.10981385196987,11.967929529160212,0.2264957264957265,-0.5282567678819419,-0.3811714322024997,11.779511759716442,0.4078548758936582,0.13184900417387674,0.42863709556205504,2.1737873344244036
2528,20.969472700000097,150.56843019870217,238.90327453476752,34.103105985176136,54.110570727960166,11.44153207282423,0.2264957264957265,-0.5295075972585082,-0.38192830819279777,11.654992317763602,0.25003090940404743,0.10464493502414474,0.2710461548954761,-4.372808646272475
2529,20.972859299999982,150.58217865563256,238.8860740658208,34.10621995191678,54.10667489525001,11.964112078627348,0.2264957264957265,-0.526393630517866,-0.37803247548264096,11.630088429373036,0.1625877048188867,0.07997729525984296,0.181193624378325,-6.478331481503688
2530,20.985893399999895,150.57292427206244,238.90224742880872,34.10412387358679,54.11033809284984,11.44076858271766,0.2264957264957265,-0.5284897088478502,-0.38169567308246855,11.499535752280858,-0.02434068439013668,0.08814666400782173,0.09144563025256078,-6.87683423620233
2531,20.990045699999882,150.5625425914531,238.90793871877446,34.101772467294936,54.11162714570533,11.33609988353572,0.2264957264957265,-0.5308411151397081,-0.38298472593795907,11.473425216862424,-0.07816258036547935,0.08863214487532523,0.11817379605729292,-4.872286544970399
2532,21.000428400000146,150.55285183438673,238.91050595044555,34.099577552232894,54.112208612707754,11.315166143699333,0.2264957264957265,-0.5330360302017496,-0.3835661929403855,11.468203109778736,-0.2144546517564324,-0.131666462967887,0.2516482766292006,-1.1174937381479375
2533,21.005641000000196,150.544295111917,238.91188018023834,34.097639491160685,54.112519869883045,11.310979395732055,0.2264957264957265,-0.5349740912739591,-0.3838774501156763,11.467158688362,-0.22052481905902277,-0.0747007367111043,0.2328334080113858,7.402365569972267
2534,21.01661819999981,150.55583162099683,238.90951148793067,34.10025246116595,54.11198337119797,11.938001543208912,0.2264957264957265,-0.5323611212686927,-0.3833409514306041,11.592521703492714,-0.0423621311522097,0.07036367011024354,0.08213157874496384,9.209980704088677
2535,21.02124159999994,150.55192940183125,238.90943429898462,34.099368625201095,54.11196588823156,11.435546475633972,0.2264957264957265,-0.5332449572335491,-0.38332346846419085,11.743166205932921,0.14164769924203469,0.13336925258337376,0.19455443514659249,4.274401741792219
2536,21.032198100000187,150.56762788878788,238.88936495291998,34.10292426540922,54.10742026711436,11.962914959189296,0.2264957264957265,-0.5296893170254222,-0.3787778473469885,11.773295106420962,0.19445886865476292,0.1397531925229306,0.23946859171682963,5.986420680311163
2537,21.036945599999854,150.58248161819307,238.88393562909914,34.10628857164202,54.106190548471176,12.06838865590036,0.2264957264957265,-0.5263250107926254,-0.3775481287038076,11.653748987104507,0.01858385139163013,-0.05580964052587001,0.05882240651463543,-0.8128986099092672
2538,21.04910659999996,150.57669645435294,238.88542787700135,34.10497825675515,54.10652853624389,11.461623898172261,0.2264957264957265,-0.5276353256794906,-0.3778861164765246,11.755411662655279,0.09115660677183808,-0.06433879808563113,0.11157512221485186,-9.952098873481726
2539,21.05376810000007,150.56349708111753,238.90454636134018,34.10198865512491,54.110858791243714,11.34027094662664,0.2264957264957265,-0.5306249273097308,-0.38221637147634624,11.650172298351372,-0.00268030903861341,-0.1983200898134344,0.19833820126277024,-9.233448230227754
2540,21.064949399999932,150.57197320826765,238.90646495947567,34.10390846170165,54.11129334552227,11.94385985338783,0.2264957264957265,-0.5287051207329938,-0.382650925754902,11.503552526076527,-0.3318564274560451,-0.5225334751730739,0.6190072060326429,-2.954044391757453
2541,21.080123000000185,150.56228193732082,238.9235499862068,34.10171343024788,54.115163031063936,11.436718137669754,0.2264957264957265,-0.5309001521867671,-0.386520611296568,11.59980047103562,-0.27595406728421157,-0.5086772532556452,0.5787082125133588,-4.567076288010294
2542,21.083219699999972,150.54946788423254,238.94217213400287,34.098811101984296,54.119380867957915,11.33528979452614,0.2264957264957265,-0.5338024804503476,-0.3907384481905467,11.619050060027439,-0.2661594726362551,-0.5011865762931923,0.5674758577512362,-0.0016488164332546032
2543,21.09628930000008,150.5593793001597,238.93977811040503,34.101055995335315,54.11883863184387,11.94286362296773,0.2264957264957265,-0.5315575870993285,-0.39019621207650346,11.622899977825801,-0.26192347174652525,-0.47405493997057285,0.541601321233854,2.6233359257898896
2544,21.099358800000118,150.55135147787195,238.9518596582165,34.09923772789407,54.12157505079263,11.436518891585735,0.2264957264957265,-0.5333758545405729,-0.39293263102526055,11.623669961385474,-0.30148156995915565,-0.33467013960965547,0.45043894078041646,-6.660937148277975
2545,21.112214700000095,150.5622992342141,238.9463656408725,34.101717347920285,54.12033067934291,11.963109442379649,0.2264957264957265,-0.5308962345143584,-0.3916882595755453,11.62382395809741,-0.1410871874399021,-0.04156626807418805,0.14708279675515193,-8.291546439005675
2546,21.115347100000236,150.55756318135627,238.94025428253258,34.10064465218753,54.11894648279584,11.440568055468118,0.2264957264957265,-0.5319689302471104,-0.39030406302847354,11.498282858025734,-0.28480342871061126,0.02879434341341197,0.2862553182351897,-8.669011909718282
2547,21.128310300000066,150.5498217035422,238.9343319116976,34.09889124054588,54.117605091110995,11.336059778085811,0.2264957264957265,-0.5337223418887618,-0.38896267134362716,11.473174638011399,-0.2018023783852727,0.1672174138904761,0.2620798798652265,-8.734956715350519
2548,21.13146310000002,150.54221006455742,238.92885733095176,34.0971672368442,54.1163651219677,11.31515812260935,0.2264957264957265,-0.5354463455904437,-0.38772270220033533,11.468152994008532,-0.055309036709688286,0.22806132994002362,0.2346722389967888,-8.75018978502765
2549,21.144196400000055,150.53223907009442,238.94006574265006,34.09490884920942,54.118903779318174,11.310977791514059,0.2264957264957265,-0.537704733225226,-0.39026135955080576,11.467148665207958,-0.005500639094557169,0.10344958882261826,0.10359572606057335,1.1916938623222528
2550,21.14732580000009,150.5450241840275,238.9345251026547,34.09780462287802,54.11764884803718,11.938001222365314,0.2264957264957265,-0.5348089595566208,-0.38900642826980913,11.466947799447842,-0.06124232159728443,0.13236274571763249,0.1458441579513415,3.2345069343969923
2551,21.160359699999844,150.53964883775492,238.94495024539023,34.09658712991885,54.12001009831488,11.435546411465252,0.2264957264957265,-0.5360264525157916,-0.3913676785475104,11.592479525709882,0.09714992983515121,0.08630891826530873,0.12995129179466647,1.6869061566333066
2552,21.163392899999963,150.53410501949733,238.94162849152335,34.09533147877504,54.11925773525956,11.335055449285239,0.2264957264957265,-0.5372821036596065,-0.390615315492191,11.61758587096229,0.10595128104817594,0.22356801835675283,0.2474031786127958,0.15725915925453626
2553,21.176312600000074,150.54808848021614,238.93232942512694,34.09849867286947,54.117151536460376,11.94281675391955,0.2264957264957265,-0.5341149095651758,-0.38850911669300814,11.49703524059871,-0.10909519381226512,0.10514411159310472,0.1515158259576832,0.09392457443759697
2554,21.179432800000086,150.5462513986185,238.92562157136962,34.098082581738375,54.115632236250384,11.436509517776098,0.2264957264957265,-0.5345310006962691,-0.3869898164830161,11.472925114525992,-0.21103546115107386,-0.0403747428834344,0.21486294637780112,-9.34277414083243
2555,21.192093699999987,150.53787281669565,238.93630422707093,34.09618486873876,54.11805181211436,11.335248070547408,0.2264957264957265,-0.5364287136958836,-0.389409392346991,11.46810308931145,-0.157246484811038,-0.1355290160684487,0.20759231966021727,-11.397624179507151
2556,21.19546330000003,150.528900272045,238.94982389001967,34.094152625719595,54.12111395799591,11.31499578110167,0.2264957264957265,-0.5384609567150491,-0.3924715382285413,11.341566784854479,-0.30081352454091714,-0.31941500689988034,0.43876499766911625,-9.834970979981902
2557,21.208135500000026,150.52078631679055,238.9625650728467,34.09231484952949,54.12399978145673,11.310945323212522,0.2264957264957265,-0.540298732905157,-0.39535736168936353,11.316259523963085,-0.28902408658202755,-0.4409741486665641,0.5272505309781834,-8.30098816430024
2558,21.211470900000222,150.5138254244125,238.9737040123523,34.09073823715325,54.12652270365244,11.310135231634693,0.2264957264957265,-0.5418753452813903,-0.39788028388507257,11.311198071784807,-0.29389229801001576,-0.460181699995075,0.5460218675474134,-8.231390200639495
2559,21.22916979999991,150.50801110463829,238.98314920865448,34.08942131857192,54.1286620002508,11.309973213319127,0.2264957264957265,-0.5431922638627213,-0.40001958048343056,11.31018578134915,-0.19906123241415097,-0.32160429201703844,0.37822571950360695,-0.7221485252680926
2560,21.235329199999796,150.50327307034902,238.99095789542534,34.088348174053415,54.13043063443394,11.309940809656014,0.2264957264957265,-0.5442654083812286,-0.4017882146665741,11.309983323262019,-0.2047281088928783,-0.3351990321399861,0.392774731517237,-0.3231605227218488
2561,21.241952299999866,150.4995021970306,238.99727026609267,34.087494087361634,54.131860359414155,11.309934328923392,0.2264957264957265,-0.5451194950730098,-0.40321793964678676,11.309942831644593,-0.11874433302830925,-0.19895267818968262,0.2316945937763448,-0.019689904220398704
2562,21.245755700000245,150.49659109491193,239.00223580993136,34.08683473517236,54.13298503387335,11.309933032776867,0.2264957264957265,-0.5457788472622838,-0.40434261410597827,11.309934733321107,-0.12427254965592252,-0.21200626475725332,0.24574442596792773,-0.008270039607617047
2563,21.257184800000232,150.49443280790769,239.00602922836174,34.086345892389346,54.13384422693663,11.309932773547562,0.2264957264957265,-0.5462676900452976,-0.4052018071692629,11.30993311365641,-0.0931364367191867,-0.1617449463174049,0.18664357343334184,-0.0016971593258853356
2564,21.260566800000106,150.4929090442621,239.00880863765684,34.08600076643543,54.13447375126415,11.309932721701701,0.2264957264957265,-0.546612815999211,-0.40583133149678474,11.30993278972347,-0.07550810796563963,-0.13674332610711812,0.15620567084260528,-0.0004752963781489868
2565,21.272625099999914,150.49192156648544,239.01071656371107,34.08577710693901,54.13490588836191,11.309932711332529,0.2264957264957265,-0.5468364754956312,-0.4062634685945383,11.309932724936884,-0.04141824846494296,-0.07966598130885395,0.08978941966516109,-4.9489574985149106e-05
2566,21.27558279999994,150.49138859474635,239.01190307891605,34.085656391117766,54.13517462898526,11.309932709258694,0.2264957264957265,-0.5469571913168778,-0.4065322092178931,11.309932711979567,-0.023897342171243174,-0.0215977352002834,0.032210947341409224,-2.1152886626171146e-05
2567,21.28862879999997,150.4912210195362,239.012497254104,34.0856184360488,54.13530920712612,11.309932708843927,0.2264957264957265,-0.5469951463858465,-0.40666678735875195,11.309932709388104,0.048811417635316934,0.2594443776558165,0.2639960976771878,-2.002653060323479e-06
2568,21.30553060000011,150.49456657690553,238.99644096391663,34.0863761904957,54.13167252601531,11.309932708760975,0.2264957264957265,-0.5462373919389449,-0.40303010624793956,11.30993270886981,0.06268413267433996,0.31242096972725675,0.318647395744032,-9.283410512116848e-07
2569,21.308951200000138,150.49851575921662,238.9780302238893,34.08727066341231,54.12750257207749,11.309932708744384,0.2264957264957265,-0.5453429190223318,-0.39886015231012095,11.309932708766151,0.07217102704598226,0.3247637496167167,0.33268626393342626,-5.2270130431723514e-08
2570,21.325950999999804,150.50232974546822,238.9608390379059,34.08813451499921,54.12360884191886,11.309932708741066,0.2264957264957265,-0.5444790674354323,-0.3949664221514908,11.309932708745421,0.06906707979973532,0.2920333344589699,0.30008953655082277,-1.2566607790671545e-08
2571,21.33390589999999,150.5025622642479,238.9618627440956,34.08818717950914,54.12384070699601,11.309932708740401,0.2264957264957265,-0.5444264029255024,-0.39519828722864503,11.309932708741274,0.08451051997261096,0.347161854842155,0.35730012796455385,-6.440573715822624e-09
2572,21.3406458999998,150.5020138570776,238.9670396301157,34.08806296762869,54.12501324955612,11.30993270874027,0.2264957264957265,-0.5445506148059565,-0.3963708297887507,11.309932708740446,0.049123934299375144,0.1740688618635859,0.18086771296042164,-3.8051889451240514e-10
2573,21.34544599999981,150.50460044913268,238.9566379898043,34.08864881967535,54.122657322477046,11.309932708740243,0.2264957264957265,-0.5439647627592947,-0.394014902709678,11.309932708740279,0.03500999216971725,0.08308684701677727,0.09016165315095444,-1.3687425748806762e-10
2574,21.353584299999966,150.507638912332,238.94393244666983,34.089337018605114,54.11977957125428,11.309932708740238,0.2264957264957265,-0.5432765638295294,-0.39113715148690886,11.309932708740245,0.04242283863442804,0.12274632512332964,0.12987054157538908,-3.262414598425269e-11
2575,21.35799619999989,150.50725411895215,238.94833204965573,34.08924986454899,54.12077606252886,11.309932708740236,0.2264957264957265,-0.5433637178856543,-0.3921336427614932,11.30993270874024,0.0356025661372318,0.07667312291521038,0.08453585329980956,-8.162136441245485e-12
2576,21.368889800000034,150.50935518623217,238.94019656832214,34.089725747309,54.11893341077382,11.309932708740236,0.2264957264957265,-0.5428878351256472,-0.39029099100645226,11.309932708740238,0.005831907534841334,-0.05586848378772245,0.05617204488207587,-1.2048837630416754e-12
2577,21.372398200000134,150.50854149431194,238.94645966454146,34.08954144956638,54.12035197530213,11.309932708740236,0.2264957264957265,-0.5430721328682608,-0.39170955553476006,11.309932708740236,0.007247039493851717,-0.05312465905561266,0.0536166856603477,-3.754530478318316e-13
2578,21.384367999999995,150.5071249976014,238.95554420690684,34.08922061911485,54.12240958532505,11.309932708740236,0.2264957264957265,-0.5433929633197963,-0.39376716555768354,11.309932708740236,0.007837028148100233,-0.03052791359170022,0.03151781271688171,-1.3387592603423613e-13
2579,21.38881040000024,150.5089223626816,238.94833963449037,34.08962771462446,54.120777780461495,11.309932708740236,0.2264957264957265,-0.5429858678101809,-0.3921353606941267,11.309932708740236,-0.019366541868344,-0.17461514498977654,0.17568583267793395,-1.0126307372872435e-13
2580,21.401109500000075,150.50800985702782,238.9544692470015,34.08942103599348,54.12216611150034,11.309932708740236,0.2264957264957265,-0.543192546441162,-0.3935236917329732,11.309932708740236,-0.014418488068287251,-0.12629624768072334,0.12711661959164094,0.0
2581,21.404644799999915,150.5065686568839,238.96307409885975,34.089094610319854,54.12411507367336,11.309932708740236,0.2264957264957265,-0.5435189721147893,-0.3954726539059905,11.309932708740236,-0.021262146312695823,-0.16258623441875636,0.16397061470975,0.0
2582,21.416255600000113,150.50514405631083,238.97141656548644,34.088771944378095,54.12600460671274,11.309932708740236,0.2264957264957265,-0.5438416380565485,-0.3973621869453723,11.309932708740236,-0.043974682877319114,-0.261281391637936,0.26495610645995177,0.0
2583,21.421018200000162,150.50386093473202,238.97884657301222,34.08848132282392,54.12768747166516,11.309932708740236,0.2264957264957265,-0.544132259610727,-0.3990450518977937,11.309932708740236,-0.05114579024174447,-0.29895644792252984,0.30329993342219647,0.0
2584,21.432489899999837,150.50275051200333,238.98523593524524,34.08822981682127,54.129134634905974,11.309932708740236,0.2264957264957265,-0.5443837656133752,-0.40049221513860545,11.309932708740236,-0.035640132461297755,-0.20543982917501158,0.20850837501960634,0.0
2585,21.436538800000108,150.50180914899693,238.99062127018826,34.08801660212323,54.130354390256315,11.309932708740236,0.2264957264957265,-0.544596980311411,-0.4017119704889467,11.309932708740236,-0.03642064458896028,-0.2088615294689979,0.21201321148552144,0.0
2586,21.448542999999972,150.50102449183908,238.99505750870918,34.087838880630215,54.13135917932302,11.309932708740236,0.2264957264957265,-0.5447747018044282,-0.402716759555652,11.309932708740236,-0.025528632880680385,-0.14540656054927348,0.14763054882891308,0.0
2587,21.453052800000023,150.50039345206133,238.99863849216752,34.08769595281731,54.13217025677299,11.309932708740236,0.2264957264957265,-0.5449176296173306,-0.403527837005619,11.309932708740236,-0.02359225750069532,-0.1336053621556946,0.1356723531554363,0.0
2588,21.47074449999991,150.49988092527119,239.001456345454,34.08757986768963,54.13280848850026,11.309932708740236,0.2264957264957265,-0.545033714745017,-0.4041660687328914,11.309932708740236,-0.014919826865354393,-0.08331743977701235,0.08464276108851974,0.0
2589,21.477984900000138,150.49948957946233,239.00360276434202,34.08749122953634,54.13329464320567,11.309932708740236,0.2264957264957265,-0.5451223528983036,-0.40465222343830476,11.309932708740236,-0.013487178607064882,-0.074771051516273,0.07597772128478203,0.0
2590,21.48510750000014,150.49919719344956,239.00516933732575,34.08742500535396,54.13364946529173,11.309932708740236,0.2264957264957265,-0.5451885770806868,-0.4050070455243642,11.309932708740236,-0.008022660380803235,-0.043215644762421415,0.04395401041790739,0.0
2591,21.491005200000018,150.49899821193662,239.00623618198767,34.08737993689163,54.13389110104849,11.309932708740236,0.2264957264957265,-0.5452336455430142,-0.40524868128112246,11.309932708740236,-0.007313180069620095,-0.038822951214080394,0.03950574823619412,0.0
2592,21.49773529999993,150.4988683579158,239.00689199227426,34.08735052551084,54.13403963927579,11.309932708740236,0.2264957264957265,-0.5452630569238011,-0.4053972195084228,11.309932708740236,-0.004937251496184557,-0.025584390625148418,0.026056429072241632,0.0
2593,21.502754600000117,150.4988015621352,239.00720471803928,34.08733539655199,54.13411047032513,11.309932708740236,0.2264957264957265,-0.5452781858826512,-0.405468050557765,11.309932708740236,-0.0027720215407111646,-0.013992257936823122,0.014264199437499335,0.0
2594,21.513187800000196,150.49878486319005,239.00724856720512,34.087331614312276,54.13412040197381,11.309932708740236,0.2264957264957265,-0.5452819681223673,-0.4054779822064418,11.309932708740236,-0.0010703718292558685,-0.00444753969474588,0.004574527865168692,0.0
2595,21.51765690000002,150.49881502072915,239.00708786811964,34.087338444866006,54.1340840043177,11.309932708740236,0.2264957264957265,-0.5452751375686375,-0.4054415845503314,11.309932708740236,-2.0075609332937338e-06,0.0012193653503566211,0.0012193670029778674,0.0
2596,21.52860120000014,150.4988568923893,239.00676159105336,34.087347928618094,54.134010103956534,11.309932708740236,0.2264957264957265,-0.5452656538165499,-0.4053676841891658,11.309932708740236,0.0017483411297956836,0.011028064217619354,0.01116579137786801,0.0
2597,21.544378900000083,150.49892458076334,239.0063252549411,34.087363259745544,54.13391127569179,11.309932708740236,0.2264957264957265,-0.5452503226890997,-0.40526885592441886,11.309932708740236,0.002182126679191978,0.013229929784972373,0.013408680731501536,0.0
2598,21.54775749999999,150.49901016740762,239.00580418360832,34.08738264475472,54.133793255261715,11.309932708740236,0.2264957264957265,-0.5452309376799249,-0.4051508354943465,11.309932708740236,0.003139733415851625,0.018638222143051063,0.018900826716742692,0.0
2599,21.56048469999996,150.49911167271128,239.00523904028685,34.08740563527221,54.13366525271454,11.309932708740236,0.2264957264957265,-0.5452079471624316,-0.405022832947175,11.309932708740236,0.0033105023891770832,0.019394071981849267,0.01967458904541332,0.0
2600,21.564267199999904,150.49921715767977,239.0046514348764,34.08742952716678,54.13353216260021,11.309932708740236,0.2264957264957265,-0.5451840552678604,-0.40488974283284307,11.309932708740236,0.004150300656399342,0.024506529596585162,0.024855482059433352,0.0
2601,21.576778999999988,150.4993121934727,239.00406965803552,34.08745105236775,54.13340039263198,11.309932708740236,0.2264957264957265,-0.5451625300668965,-0.40475797286460846,11.309932708740236,0.0033479274251714502,0.01956147992783963,0.019845909276510563,0.0
2602,21.58082749999994,150.49940461697167,239.0035007824288,34.08747198589529,54.13327154473815,11.309932708740236,0.2264957264957265,-0.5451415965393522,-0.4046291249707821,11.309932708740236,0.0040902963115785895,0.023458856181791256,0.023812779284965443,0.0
2603,21.592872100000022,150.49949638739722,239.00295802031422,34.0874927715045,54.13314861143869,11.309932708740236,0.2264957264957265,-0.5451208109301433,-0.40450619167132373,11.309932708740236,0.0031319309671877468,0.018151365535461334,0.01841958366481618,0.0
2604,21.59663210000008,150.4995879945544,239.0024675629399,34.08751352013412,54.133037524939375,11.309932708740236,0.2264957264957265,-0.5451000623005271,-0.40439510517200716,11.309932708740236,0.0035938543597702362,0.021081030954469226,0.02138517372532964,0.0
2605,21.608535100000154,150.49966811680267,239.0020130699342,34.087531667480945,54.13293458421587,11.309932708740236,0.2264957264957265,-0.5450819149536983,-0.40429216444849914,11.309932708740236,0.002781123288157142,0.015977340859577995,0.016217585137346145,0.0
2606,21.612233599999854,150.49973392373192,239.00160190029607,34.08754657246919,54.13284145604997,11.309932708740236,0.2264957264957265,-0.5450670099654502,-0.40419903628259846,11.309932708740236,0.0030866010454847605,0.017304302794177488,0.017577428742753202,0.0
2607,21.624965299999985,150.49979615183142,239.00124733786697,34.0875606668678,54.132761149174996,11.309932708740236,0.2264957264957265,-0.545052915566842,-0.40411872940762805,11.309932708740236,0.002190245183578281,0.012538777689489574,0.01272863385877013,0.0
2608,21.6292355999999,150.4998574852235,239.00092981542377,34.087574558618996,54.13268923169855,11.309932708740236,0.2264957264957265,-0.5450390238156473,-0.4040468119311811,11.309932708740236,0.002392224066357222,0.014092764688320374,0.014294360865181356,0.0
2609,21.64008879999983,150.4999071508469,239.00065588525243,34.08758580767045,54.13262718768538,11.309932708740236,0.2264957264957265,-0.5450277747641934,-0.4039847679180113,11.309932708740236,0.0016583094198501921,0.009707785216263509,0.009848405146878769,0.0
2610,21.643243800000164,150.49994245543633,239.00042718542443,34.08759380400908,54.132575388151686,11.309932708740236,0.2264957264957265,-0.5450197784255622,-0.4039329683843178,11.309932708740236,0.0016598962046965,0.010609871885374551,0.01073893089811212,0.0
2611,21.655981500000053,150.4999627256755,239.00024412545767,34.08759839513163,54.132533925851526,11.309932708740236,0.2264957264957265,-0.5450151873030151,-0.40389150608415747,11.309932708740236,0.0010639407876554328,0.007663437143454518,0.007736939889343538,0.0
2612,21.659335700000156,150.49997923732707,239.00008391954802,34.087602134950146,54.13249763989763,11.309932708740236,0.2264957264957265,-0.545011447484498,-0.40385522013026076,11.309932708740236,0.0010707535691942731,0.007738271505581819,0.007812000966464468,0.0
2613,21.672239399999853,150.49999480933178,238.99996375942803,34.08760566194267,54.13247042414395,11.309932708740236,0.2264957264957265,-0.545007920491976,-0.40382800437658517,11.309932708740236,0.0006165191146894185,0.004687614256780486,0.004727982999033425,0.0
2614,21.67548429999988,150.50001014642476,238.99987649893905,34.087609135728684,54.13245066001611,11.309932708740236,0.2264957264957265,-0.5450044467059598,-0.4038082402487433,11.309932708740236,0.0007421025073650546,0.004700047238360969,0.004758272814190257,0.0
2615,21.688625799999954,150.50002542478978,238.99980890744962,34.08761259621307,54.13243535083261,11.309932708740236,0.2264957264957265,-0.5450009862215737,-0.40379293106524017,11.309932708740236,0.0005324966175657489,0.0026616644813915926,0.0027144079389842157,0.0
2616,21.69212370000014,150.50004068847284,238.99975767730186,34.08761605337205,54.13242374742307,11.309932708740236,0.2264957264957265,-0.5449975290625915,-0.4037813276557003,11.309932708740236,0.0004902900894415705,0.00235639042694271,0.0024068569163936335,0.0
2617,21.705035800000132,150.5000445043936,238.99972198158133,34.0876169176618,54.132415662494914,11.309932708740236,0.2264957264957265,-0.5449966647728459,-0.4037732427275458,11.309932708740236,0.00027706144452818693,0.0011464453570365469,0.0011794490242120262,0.0
2618,21.708504100000027,150.5000454583738,238.9997130576512,34.087617133734234,54.13241364126288,11.309932708740236,0.2264957264957265,-0.5449964487004095,-0.4037712214955107,11.309932708740236,0.00022512200394809675,0.000920242493069603,0.0009473785741257637,0.0
2619,21.72079789999998,150.50004569686882,238.99971082666866,34.08761718775234,54.13241313595487,11.309932708740236,0.2264957264957265,-0.5449963946823004,-0.40377071618750193,11.309932708740236,2.7505043622161346e-05,0.00021615448135873635,0.00021789742365645653,0.0
2620,21.724520499999926,150.5000457564926,238.99971026892302,34.08761720125687,54.13241300962787,11.309932708740236,0.2264957264957265,-0.5449963811777749,-0.40377058986049974,11.309932708740236,1.4165996984538584e-05,-9.379656195012925e-05,9.486026831203036e-05,0.0
2621,21.73712179999984,150.50004577139853,238.99972157357843,34.087617204633,54.132415570084,11.309932708740236,0.2264957264957265,-0.5449963778016453,-0.4037731503166313,11.309932708740236,1.7095643812352934e-06,-0.0002653663706271598,0.0002653718773159747,0.0
2622,21.74062129999993,150.50004577512502,238.99973584383406,34.08761720547703,54.13241880223592,11.309932708740236,0.2264957264957265,-0.5449963769576129,-0.40377638246854985,11.309932708740236,8.314350797380838e-07,-0.0003487392524724411,0.00034874024359016675,0.0
2623,21.752981799999816,150.50004577605665,238.99975085548976,34.08761720568805,54.13242220231179,11.309932708740236,0.2264957264957265,-0.544996376746596,-0.4037797825444187,11.309932708740236,1.0664893775989326e-07,-0.0007392432488031073,0.0007392432564961068,0.0
2624,21.769040099999984,150.50004577628954,238.99977749658728,34.08761720574079,54.13242823640652,11.309932708740236,0.2264957264957265,-0.5449963766938524,-0.40378581663915014,11.309932708740236,5.311766886736791e-08,-0.0008081631276561687,0.0008081631294017858,0.0
2625,21.77252839999983,150.50004577634778,238.99980704504526,34.087617205753986,54.132434929005974,11.309932708740236,0.2264957264957265,-0.5449963766806576,-0.4037925092386061,11.309932708740236,4.923918924566672e-09,-0.0008510503930235078,0.000851050393037752,0.0
2626,21.78504639999983,150.50004577636233,238.99983732034335,34.087617205757276,54.13244178623161,11.309932708740236,0.2264957264957265,-0.5449963766773678,-0.4037993664642414,11.309932708740236,1.512862003582507e-09,-0.0008551303121405956,0.0008551303121419338,0.0
2627,21.788830399999824,150.50004577636597,238.99985633325966,34.0876172057581,54.132446092575904,11.309932708740236,0.2264957264957265,-0.5449963766765435,-0.4038036728085359,11.309932708740236,8.591706070594945e-10,-0.000978136746563015,0.0009781367465633924,0.0
2628,21.801246399999854,150.50004577636687,238.99987253058055,34.087617205758306,54.132449761199865,11.309932708740236,0.2264957264957265,-0.5449963766763375,-0.40380734143249697,11.309932708740236,1.0277139537972315e-10,-0.000694281789130883,0.0006942817891308907,0.0
2629,21.804788200000075,150.5000457763671,238.99988802400256,34.08761720575836,54.13245327039374,11.309932708740236,0.2264957264957265,-0.5449963766762806,-0.4038108506263711,11.309932708740236,5.058218712626523e-11,-0.000799826401026588,0.0007998264010265897,0.0
2630,21.81692770000018,150.50004577636716,238.99991478554165,34.08761720575837,54.13245933176798,11.309932708740236,0.2264957264957265,-0.5449963766762735,-0.40381691200061454,11.309932708740236,7.018256181096896e-12,-0.0006333987753162267,0.0006333987753162267,0.0
2631,21.8207467000002,150.5000457763672,238.99993292001824,34.08761720575838,54.13246343914943,11.309932708740236,0.2264957264957265,-0.5449963766762664,-0.4038210193820646,11.309932708740236,3.699032705421506e-12,-0.0007511980041564587,0.0007511980041564587,0.0
2632,21.83257689999982,150.5000457763672,238.99994889772915,34.08761720575838,54.132467058032674,11.309932708740236,0.2264957264957265,-0.5449963766762664,-0.4038246382653057,11.309932708740236,4.891722470522281e-13,-0.0005675051364834461,0.0005675051364834461,0.0
2633,21.8365303999999,150.5000457763672,238.9999643362487,34.08761720575838,54.13247055479137,11.309932708740236,0.2264957264957265,-0.5449963766762664,-0.40382813502399983,11.309932708740236,-0.00011893082531797951,-0.0004776707691994471,0.0004922539029387246,0.0
2634,21.84861660000024,150.5000457763672,238.99996819587858,34.08761720575838,54.13247142898105,11.309932708740236,0.2264957264957265,-0.5449963766762664,-0.4038290092136805,11.309932708740236,-0.0001299498021205041,-0.0002634973743799021,0.0002937989403933589,0.0
2635,21.852975499999957,150.5000343322754,238.99996916078607,34.0876146137205,54.13247164752847,11.309932708740236,0.2264957264957265,-0.5449989687141468,-0.40382922776110064,11.309932708740236,-0.00013753347243698882,-0.0002029563669819634,0.00024516676556803817,0.0
2636,21.864737200000036,150.50003147125244,238.99996940201294,34.08761396571102,54.132471702165326,11.309932708740236,0.2264957264957265,-0.5449996167236222,-0.40382928239795746,11.309932708740236,-0.00013825270943325753,-2.6122678086513753e-05,0.00014069899067174706,0.0
2637,21.869009600000027,150.5000307559967,238.99996946231965,34.087613803708656,54.132471715824536,11.309932708740236,0.2264957264957265,-0.5449997787259875,-0.4038292960571681,11.309932708740236,-0.00013878941128154523,-0.000149097678622517,0.00020369736977806385,0.0
2638,21.880271699999867,150.50003057718277,238.99996947739632,34.08761376320806,54.13247171923934,11.309932708740236,0.2264957264957265,-0.5449998192265824,-0.40382929947197255,11.309932708740236,-1.9899635599643383e-05,-0.00019161750550808574,0.00019264803117120057,0.0
2639,21.884044800000083,150.5000305324793,238.9999809252573,34.08761375308291,54.132474312130924,11.309932708740236,0.2264957264957265,-0.5449998293517311,-0.40383189236355577,11.309932708740236,-8.915399717987091e-06,-0.0003774581202978805,0.0003775633945855195,0.0
2640,21.8963775000002,150.50003052130342,238.99999523131433,34.087613750551625,54.132477552391705,11.309932708740236,0.2264957264957265,-0.5449998318830183,-0.40383513262433723,11.309932708740236,-1.3342884103992888e-06,-0.0004325015425795832,0.00043250360074718587,0.0
2641,21.90002060000006,150.50003051850945,239.00001025192037,34.08761374991881,54.13248095449479,11.309932708740236,0.2264957264957265,-0.5449998325158347,-0.40383853472742004,11.309932708740236,-6.173647510906501e-07,-0.0004827825537479755,0.0004827829484795965,0.0
2642,21.9123854999998,150.50003051781096,239.00002545116368,34.0876137497606,54.13248439705844,11.309932708740236,0.2264957264957265,-0.5449998326740442,-0.40384197729107285,11.309932708740236,-8.081849732661074e-08,-0.0003487263908726701,0.0003487264002376473,0.0
2643,21.91580470000008,150.50003051763633,239.0000292509745,34.08761374972105,54.13248525769935,11.309932708740236,0.2264957264957265,-0.544999832713593,-0.4038428379319825,11.309932708740236,-3.9910129621937624e-08,-0.00029926012330671795,0.0002992601259679787,0.0
2644,21.92851819999987,150.50003051759268,239.00003020092723,34.08761374971116,54.132485472859585,11.309932708740236,0.2264957264957265,-0.5449998327234837,-0.403843053092217,11.309932708740236,-5.179667047760529e-09,-0.00011270985619318583,0.0001127098563122036,0.0
2645,21.93200969999998,150.50003051758176,239.0000304384154,34.08761374970869,54.13248552664964,11.309932708740236,0.2264957264957265,-0.5449998327259564,-0.4038431068822703,11.309932708740236,-2.628659758224177e-09,-5.7207298414548636e-05,5.720729847494173e-05,0.0
2646,21.944267500000024,150.50003051757903,239.00003049778744,34.08761374970807,54.13248554009716,11.309932708740236,0.2264957264957265,-0.5449998327265746,-0.403843120329789,11.309932708740236,-4.337698447308658e-05,-6.879709792584361e-06,4.391916653135138e-05,0.0
2647,21.947997100000066,150.50003051757835,239.00003051263045,34.08761374970792,54.13248554345903,11.309932708740236,0.2264957264957265,-0.5449998327267238,-0.4038431236916651,11.309932708740236,-0.00022756461637353292,-3.50690204462408e-06,0.0002275916364614126,0.0
2648,21.95994840000003,150.50001907348638,239.0000305163412,34.08761115766999,54.132485544299506,11.309932708740236,0.2264957264957265,-0.5450024247646539,-0.40384312453213767,11.309932708740236,-0.00024038192890141725,-4.2653302859573047e-07,0.00024038230732063146,0.0
2649,21.963466600000174,150.50000476837158,239.0000305172689,34.08760791762262,54.13248554450962,11.309932708740236,0.2264957264957265,-0.5450056648120238,-0.40384312474225226,11.309932708740236,-0.00024282459764294015,-2.0727980040237964e-07,0.00024282468611195904,0.0
2650,21.976105799999914,150.5000011920929,239.00003051750082,34.087607107610786,54.13248554456215,11.309932708740236,0.2264957264957265,-0.5450064748238574,-0.4038431247947827,11.309932708740236,-0.0002455332247019695,-2.717464875913486e-08,0.00024553322620576097,0.0
2651,21.992686200000207,150.50000029802322,239.0000305175588,34.087606905107826,54.13248554457528,11.309932708740236,0.2264957264957265,-0.5450066773268176,-0.4038431248079135,11.309932708740236,-0.00020236726437029934,-1.3123414201732011e-08,0.0002023672647958227,0.0
2652,21.996424299999944,150.5000000745058,239.0000305175733,34.08760685448208,54.132485544578564,11.309932708740236,0.2264957264957265,-0.5450067279525612,-0.4038431248111962,11.309932708740236,-1.832786263028244e-05,-1.1886405328249463e-09,1.8327862668826662e-05,0.0
2653,22.008437500000127,150.50000001862645,239.00003051757693,34.08760684182565,54.13248554457939,11.309932708740236,0.2264957264957265,-0.5450067406089971,-0.40384312481202045,11.309932708740236,-5.5239694541219595e-06,-3.5826299925009443e-10,5.523969465739726e-06,0.0
2654,22.01270220000015,150.5000000046566,239.00003051757784,34.08760683866154,54.132485544579595,11.309932708740236,0.2264957264957265,-0.5450067437731008,-0.4038431248122265,11.309932708740236,-3.0926406320847743e-06,-2.0068885430256267e-10,3.0926406385963646e-06,0.0
2655,22.024368500000037,150.50000000116415,239.00003051757807,34.08760683787051,54.132485544579644,11.309932708740236,0.2264957264957265,-0.5450067445641338,-0.40384312481227624,11.309932708740236,-3.848031960344775e-07,-2.5053775549032367e-11,3.848031968500784e-07,0.0
2656,22.027853099999902,150.50000000029104,239.00003051757812,34.08760683767276,54.13248554457966,11.309932708740236,0.2264957264957265,-0.5450067447618849,-0.40384312481229045,11.309932708740236,-1.748343267595226e-07,-1.1331710263027781e-11,1.7483432712674928e-07,0.0
2657,22.040249799999856,150.50000000007276,239.00003051757812,34.08760683762332,54.13248554457966,11.309932708740236,0.2264957264957265,-0.5450067448113245,-0.40384312481229045,11.309932708740236,-2.649725291427818e-08,-1.668315727919197e-12,2.6497252966798294e-08,0.0
2658,22.04359149999982,150.5000000000182,239.00003051757812,34.087606837610956,54.13248554457966,11.309932708740236,0.2264957264957265,-0.5450067448236879,-0.40384312481229045,11.309932708740236,-1.2985464744694234e-08,-8.156376465449048e-13,1.2985464770309981e-08,0.0
2659,22.056289900000138,150.50000000000455,239.00003051757812,34.087606837607865,54.13248554457966,11.309932708740236,0.2264957264957265,-0.5450067448267788,-0.40384312481229045,11.309932708740236,-1.6385157119458555e-09,3.9823284916925246e-05,3.9823284950633335e-05,0.0
2660,22.05940909999981,150.50000000000114,239.00003051757812,34.0876068376071,54.13248554457966,11.309932708740236,0.2264957264957265,-0.5450067448275462,-0.40384312481229045,11.309932708740236,-8.441892914364855e-10,0.00025467341341967476,0.0002546734134210739,0.0
2661,22.072426799999903,150.50000000000028,239.00001907348633,34.0876068376069,54.13248295254178,11.309932708740236,0.2264957264957265,-0.5450067448277451,-0.4038405327744101,11.309932708740236,-1.044599167974906e-10,0.00030733346110970675,0.0003073334611097245,0.0
2662,22.07544289999987,150.50000000000006,239.00000476837158,34.08760683760685,54.132479712494415,11.309932708740236,0.2264957264957265,-0.5450067448277949,-0.40383729272704727,11.309932708740236,-5.5778808933836554e-11,0.0005286552854225883,0.0005286552854225912,0.0
2663,22.088363700000173,150.5,238.9999897480011,34.087606837606835,54.132476310444694,11.309932708740236,0.2264957264957265,-0.5450067448278091,-0.4038338906773262,11.309932708740236,-6.574772341042675e-12,0.0005030168751533446,0.0005030168751533446,0.0
2664,22.091474599999856,150.5,238.99997454881668,34.087606837606835,54.13247286789438,11.309932708740236,0.2264957264957265,-0.5450067448278091,-0.4038304481270103,11.309932708740236,-0.03307038338026132,-0.1652601192015589,0.16853651608903905,0.0
2665,22.1049809000001,150.5,238.99998219311237,34.087606837606835,54.13247459929468,11.309932708740236,0.2264957264957265,-0.5450067448278091,-0.40383217952731343,11.309932708740236,-0.03451139062105687,-0.17271307554117182,0.1761273475230059,0.0
2666,22.109401499999876,150.49677276611328,239.01615460589528,34.086875882923096,54.13613758167713,11.309932708740236,0.2264957264957265,-0.5457376995115482,-0.40749516190976465,11.309932708740236,-0.031332109813436926,-0.15626767217334922,0.15937781047510538,0.0
2667,22.121813000000202,150.4963779449463,239.01813777256757,34.08678645761604,54.13658676045334,11.309932708740236,0.2264957264957265,-0.5458271248186009,-0.4079443406859724,11.309932708740236,-0.029599618701543564,-0.1477736740604641,0.1507089784074096,0.0
2668,22.125950600000124,150.49666833877563,239.0166308481712,34.086852230577385,54.13624544851741,11.309932708740236,0.2264957264957265,-0.5457613518572586,-0.40760302875003873,11.309932708740236,-0.023680684680766773,-0.1185446963123622,0.1208868059415091,0.0
2669,22.137723299999834,150.49711859226227,239.0143658419256,34.08695421106795,54.135732434282296,11.309932708740236,0.2264957264957265,-0.5456593713666962,-0.4070900145149281,11.309932708740236,0.011109053499517433,0.05570001911713146,0.056797035127759535,0.0
2670,22.14129989999992,150.49758592247963,239.0120600884111,34.087060059365044,54.135210190964905,11.309932708740236,0.2264957264957265,-0.5455535230696,-0.40656777119753684,11.309932708740236,-0.02654099126289969,-0.1322683377642529,0.1349049198218353,0.0
2671,22.15282040000011,150.49802318960428,239.0098929212727,34.087159098500116,54.13471933686946,11.309932708740236,0.2264957264957265,-0.5454544839345274,-0.4060769171020908,11.309932708740236,-0.03840755783064497,-0.192100096296484,0.19590198440963472,0.0
2672,22.15611519999993,150.49517993070185,239.02409111972247,34.086515112509396,54.13793516814227,11.309932708740236,0.2264957264957265,-0.5460984699252478,-0.40929274837490226,11.309932708740236,-0.06721977761932442,-0.3364349011605604,0.34308445202618476,0.0
2673,22.17324839999992,150.49189419532195,239.040480940331,34.08577090748745,54.14164739246814,11.309932708740236,0.2264957264957265,-0.5468426749471931,-0.41300497270076875,11.309932708740236,-0.08802003872373262,-0.44014527052401914,0.4488600966688723,0.0
2674,22.17829810000012,150.48887549585197,239.05559905588353,34.08508718495793,54.14507158103345,11.309932708740236,0.2264957264957265,-0.5475263974767159,-0.4164291612660804,11.309932708740236,-0.11593830937089754,-0.5793043275158684,0.5907920069350925,0.0
2675,22.186238799999956,150.48626687811338,239.06865974321892,34.084496344188075,54.14802977090001,11.309932708740236,0.2264957264957265,-0.5481172382465687,-0.4193873511326416,11.309932708740236,-0.08398375534830295,-0.4197506309471448,0.42806992809928823,0.0
2676,22.190037700000175,150.48406977128616,239.07961534474026,34.083998708881055,54.15051116782578,11.309932708740236,0.2264957264957265,-0.5486148735535892,-0.4218687480584151,11.309932708740236,-0.08994213644586878,-0.4497430872493469,0.4586484846121493,0.0
2677,22.2014422000002,150.4822730885735,239.0885912751499,34.083591767924766,54.15254417770489,11.309932708740236,0.2264957264957265,-0.549021814509878,-0.4239017579375215,11.309932708740236,-0.06763858577507492,-0.338063837683598,0.34476388534040836,0.0
2678,22.205875600000127,150.4808397260008,239.09576766131676,34.08326711742753,54.154169598503366,11.309932708740236,0.2264957264957265,-0.5493464650071118,-0.4255271787359973,11.309932708740236,-0.055118615326369136,-0.27530891988278317,0.2807722620247965,0.0
2679,22.216437900000074,150.47972607529903,239.10134975224327,34.08301488030277,54.15543391824313,11.309932708740236,0.2264957264957265,-0.549598702131874,-0.42679149847576525,11.309932708740236,-0.03483796180890534,-0.1741014875174314,0.17755284153958525,0.0
2680,22.23253620000014,150.47888690212554,239.10552618928153,34.08282481116519,54.15637986338428,11.309932708740236,0.2264957264957265,-0.5497887712694549,-0.42773744361691257,11.309932708740236,-0.029289307362283246,-0.14646452360582876,0.1493643873245717,0.0
2681,22.237120199999936,150.47828800971106,239.10850435005477,34.08268916459268,54.157054404072234,11.309932708740236,0.2264957264957265,-0.5499244178419644,-0.4284119843048657,11.309932708740236,-0.052754269555474215,-0.26349133675599434,0.2687204821032302,0.0
2682,22.248247800000172,150.4778979606797,239.11047340807033,34.08260082015395,54.15750038729798,11.309932708740236,0.2264957264957265,-0.5500127622806943,-0.428857967530611,11.309932708740236,-0.04984612860263644,-0.24883005945477724,0.2537735900856087,0.0
2683,22.252362900000207,150.4744358854336,239.12776559933204,34.0818166749059,54.161416994720504,11.309932708740236,0.2264957264957265,-0.550796907528742,-0.432774574953136,11.309932708740236,-0.043874091404153666,-0.2193622279477552,0.2237067789467788,0.0
2684,22.26419339999984,150.47394802165138,239.1301889279092,34.08170617584412,54.161965868287126,11.309932708740236,0.2264957264957265,-0.5509074065905253,-0.4333234485197579,11.309932708740236,-0.02356107492730758,-0.1179870464621631,0.12031652997238092,0.0
2685,22.268262699999923,150.4742723752859,239.12859749442848,34.081779640556206,54.16160541540474,11.309932708740236,0.2264957264957265,-0.5508339418784374,-0.43296299563737506,11.309932708740236,-0.01070795805191431,-0.053285194593555886,0.0543504584020657,0.0
2686,22.28018629999997,150.4780613494367,239.10966020734736,34.082637827009165,54.15731620080945,11.309932708740236,0.2264957264957265,-0.5499757554254785,-0.42867378104207887,11.309932708740236,0.028691388401183578,0.14367507225695011,0.1465118498839852,0.0
2687,22.284271399999852,150.4790772575252,239.10454823054778,34.082867925849726,54.15615835991039,11.309932708740236,0.2264957264957265,-0.5497456565849177,-0.4275159401430244,11.309932708740236,0.03263999352812996,0.1636189639126645,0.16684284380629028,0.0
2688,22.296014699999887,150.4794113431899,239.10283536085961,34.08294359482506,54.155770402245984,11.309932708740236,0.2264957264957265,-0.5496699876095832,-0.4271279824786163,11.309932708740236,0.029569877205261073,0.148457770574523,0.1513739980376152,0.0
2689,22.29982650000011,150.47958641734044,239.1019379356739,34.08298324837198,54.15556713927657,11.309932708740236,0.2264957264957265,-0.5496303340626625,-0.4269247195092021,11.309932708740236,0.017142392611720354,0.08637030360997586,0.08805504511459734,0.0
2690,22.31212540000024,150.47973318270425,239.1012443716138,34.08301649009968,54.1554100499809,11.309932708740236,0.2264957264957265,-0.5495970923349631,-0.4267676302135328,11.309932708740236,0.006299115714032404,0.03179541296382348,0.03241337909442402,0.0
2691,22.315078399999948,150.47986142677956,239.1006017728351,34.08304553683469,54.15526450410368,11.309932708740236,0.2264957264957265,-0.5495680455999548,-0.42662208433630866,11.309932708740236,0.006735368757842535,0.033330557224738794,0.034004282630511536,0.0
2692,22.328347699999995,150.47998504053277,239.09998335946852,34.08307353482152,54.15512443611894,11.309932708740236,0.2264957264957265,-0.5495400476131209,-0.4264820163515708,11.309932708740236,0.0050525298369956855,0.0246235153474647,0.02513653846138249,0.0
2693,22.331563499999902,150.48010749670544,239.0994053247304,34.08310127062132,54.15499351372099,11.309932708740236,0.2264957264957265,-0.5495123118133236,-0.42635109395362036,11.309932708740236,0.006140096239375286,0.029485872086716804,0.030118390304646355,0.0
2694,22.344174199999998,150.4802182193912,239.098860272833,34.083126348836466,54.15487006179551,11.309932708740236,0.2264957264957265,-0.5494872335981782,-0.4262276420281452,11.309932708740236,0.004400509209542007,0.020683761805723438,0.0211466896638497,0.0
2695,22.347173199999816,150.48032600870522,239.09836924301294,34.08315076265546,54.154758845639684,11.309932708740236,0.2264957264957265,-0.5494628197791869,-0.4261164258723156,11.309932708740236,0.004415042345920623,0.021059118251470978,0.021516948214040724,0.0
2696,22.366195900000093,150.4804216205845,239.0979260509876,34.08317241833752,54.15465846453993,11.309932708740236,0.2264957264957265,-0.5494411640971251,-0.4260160447725596,11.309932708740236,0.0032489267387073003,0.01591937941530437,0.016247527994187418,0.0
2697,22.37342660000013,150.4804912999215,239.09752915068634,34.08318820040957,54.15456856831785,11.309932708740236,0.2264957264957265,-0.5494253820250705,-0.42592614855048083,11.309932708740236,0.003337129627541778,0.016781053943859266,0.01710965241078064,0.0
2698,22.378549099999873,150.48055449612295,239.0971895996833,34.083202514079126,54.15449166146673,11.309932708740236,0.2264957264957265,-0.5494110683555178,-0.42584924169936045,11.309932708740236,-0.013232248172269593,-0.06540234870575616,0.06672750263513431,0.0
2699,22.383222399999795,150.4806046274487,239.09689871828022,34.08321386861018,54.15442577807202,11.309932708740236,0.2264957264957265,-0.5493997138244637,-0.4257833583046491,11.309932708740236,-0.0646254512642208,-0.3231499444682498,0.32954868465969805,0.0
2700,22.392864700000246,150.4774242586688,239.11281339416968,34.08249352867285,54.15803038414954,11.309932708740236,0.2264957264957265,-0.5501200537617947,-0.4293879643821725,11.309932708740236,-0.07744857048781922,-0.3877557801170691,0.3954147519817686,0.0
2701,22.39603070000021,150.47384825216722,239.13075385513423,34.08168357848232,54.16209382188938,11.309932708740236,0.2264957264957265,-0.5509300039523239,-0.43345140212201017,11.309932708740236,-0.07312074968056438,-0.3660426817479935,0.3732745489517208,0.0
2702,22.408047299999907,150.47056243535627,239.14723237857848,34.08093935501659,54.16582613702846,11.309932708740236,0.2264957264957265,-0.5516742274180544,-0.4371837172610924,11.309932708740236,-0.0703439822836931,-0.3525945410860958,0.3595430241949397,0.0
2703,22.41157149999981,150.47094261079218,239.14530952897078,34.08102546312814,54.16539061980962,11.309932708740236,0.2264957264957265,-0.5515881193065013,-0.4367482000422527,11.309932708740236,-0.06747702982340376,-0.3383758767377227,0.3450382348549375,0.0
2704,22.428780000000188,150.47218206383087,239.13912965885402,34.0813061939446,54.163990905637874,11.309932708740236,0.2264957264957265,-0.551307388490045,-0.4353484858705059,11.309932708740236,-0.009891323255781723,-0.049630923670146196,0.050606984301598594,0.0
2705,22.435775100000228,150.4703175496491,239.14847946671546,34.08088388945044,54.16610859716205,11.309932708740236,0.2264957264957265,-0.5517296929842033,-0.43746617739468263,11.309932708740236,0.0073065638911219265,0.036726077575598454,0.03744583621691366,0.0
2706,22.44217579999986,150.4712247121193,239.1439504636027,34.081089357873175,54.16508279731172,11.309932708740236,0.2264957264957265,-0.5515242245614687,-0.4364403775443506,11.309932708740236,0.023542621048134586,0.11798017872256691,0.12030618262261047,0.0
2707,22.456055600000127,150.4726989087427,239.1365239623362,34.08142325710839,54.16340072651205,11.309932708740236,0.2264957264957265,-0.5511903253262531,-0.4347583067446834,11.309932708740236,0.013854379758630858,0.06948723091526221,0.07085491584052113,0.0
2708,22.459275700000035,150.47420042298646,239.12899106748836,34.08176334366787,54.16169455802087,11.309932708740236,0.2264957264957265,-0.5508502387667704,-0.4330521382535011,11.309932708740236,0.036313720532906386,0.1818729372665036,0.18546280384186903,0.0
2709,22.472281100000146,150.4723556477388,239.13824294509476,34.081345509957934,54.16379006876078,11.309932708740236,0.2264957264957265,-0.5512680724767094,-0.4351476489934143,11.309932708740236,0.023112987105329615,0.11578616278281935,0.11807051141119307,0.0
2710,22.475910199999817,150.47318763629994,239.13409000263113,34.08153395181152,54.162849445040386,11.309932708740236,0.2264957264957265,-0.5510796306231214,-0.43420702527301813,11.309932708740236,-0.008887989136348414,-0.04423410095465173,0.04511820074154297,0.0
2711,22.488358999999946,150.47132425282499,239.14344300236678,34.08111190341762,54.164967859510426,11.309932708740236,0.2264957264957265,-0.5515016790170222,-0.43632543974305804,11.309932708740236,-0.03557395786982738,-0.17792068929678984,0.18144221713363481,0.0
2712,22.492147599999953,150.46905024045233,239.15479919663662,34.08059684933322,54.1675399889818,11.309932708740236,0.2264957264957265,-0.552016733101425,-0.4388975692144328,11.309932708740236,-0.04106661921406678,-0.2052246352772042,0.20929313925290205,0.0
2713,22.509356600000046,150.4669367849666,239.16532867489158,34.080118160697566,54.16992487080878,11.309932708740236,0.2264957264957265,-0.5524954217370777,-0.44128245104140973,11.309932708740236,-0.06185509378316632,-0.30906345568785576,0.3151924368836338,0.0
2714,22.516279999999824,150.46511523872212,239.17442695632056,34.079705588257575,54.17198559267089,11.309932708740236,0.2264957264957265,-0.5529079941770689,-0.4433431729035249,11.309932708740236,-0.06801954980949186,-0.33986790521132837,0.3466076342913157,0.0
2715,22.522897100000137,150.46359555162388,239.18202302936334,34.07936138562421,54.173706070753234,11.309932708740236,0.2264957264957265,-0.5532521968104334,-0.4450636509858654,11.309932708740236,-0.04542869601973416,-0.22730855660910104,0.23180368057855832,0.0
2716,22.527230099999997,150.46235732296458,239.18822502613966,34.079080932124455,54.175110796518815,11.309932708740236,0.2264957264957265,-0.5535326503101885,-0.44646837675144724,11.309932708740236,-0.050601800013443596,-0.25344520689852124,0.2584473158390986,0.0
2717,22.536817400000018,150.46138400847553,239.19314008832202,34.07886048055215,54.17622403709858,11.309932708740236,0.2264957264957265,-0.5537531018824922,-0.4475816173312097,11.309932708740236,-0.04002231973615224,-0.20056276889343083,0.2045170172461513,0.0
2718,22.540016899999955,150.4606256957224,239.1969437745219,34.078688725954215,54.17708555576778,11.309932708740236,0.2264957264957265,-0.5539248564804282,-0.44844313600041374,11.309932708740236,-0.03185984899132052,-0.1594858432357134,0.16263697049058773,0.0
2719,22.55921070000022,150.46005846250483,239.1997600830348,34.078560250054515,54.177723437610446,11.309932708740236,0.2264957264957265,-0.5540533323801284,-0.44908101784307775,11.309932708740236,-0.020765606250719867,-0.10364936643211174,0.10570904201977288,0.0
2720,22.567397899999833,150.45965344008908,239.20173445435245,34.07846851420821,54.17817062427641,11.309932708740236,0.2264957264957265,-0.5541450682264326,-0.4495282045090434,11.309932708740236,-0.01765308596722006,-0.08741602878832816,0.08918067914794034,0.0
2721,22.573797699999886,150.45939196720002,239.20300624542404,34.07840929171624,54.17845867951912,11.309932708740236,0.2264957264957265,-0.5542042907184026,-0.4498162597517492,11.309932708740236,-0.007220416895322914,-0.0349397347661507,0.03567799722057313,0.0
2722,22.57823150000013,150.45924649033515,239.20369040412945,34.07837634182805,54.17861363854214,11.309932708740236,0.2264957264957265,-0.5542372406065965,-0.4499712187747704,11.309932708740236,-0.005620095289130143,-0.02651864107867847,0.027107633532248366,0.0
2723,22.585363900000175,150.45919867702713,239.203907220173,34.07836551231811,54.17866274644944,11.309932708740236,0.2264957264957265,-0.554248070116536,-0.4500203266820719,11.309932708740236,-0.003058880015503987,-0.013956039475052511,0.014287329518789494,0.0
2724,22.589239100000214,150.45922105597555,239.20375543053154,34.078370581054294,54.17862836674433,11.309932708740236,0.2264957264957265,-0.5542430013803497,-0.44998594697695893,11.309932708740236,0.0007113692909922519,0.0041936006386091434,0.004253508267807861,0.0
2725,22.601361500000166,150.45930675935523,239.2033169399083,34.07838999250353,54.178529050492045,11.309932708740236,0.2264957264957265,-0.5542235899311123,-0.44988663072467716,11.309932708740236,0.0027945667668617573,0.014138239627812025,0.014411780708430254,0.0
2726,22.604567899999893,150.45944262611812,239.202669444938,34.0784207657447,54.178382395648356,11.309932708740236,0.2264957264957265,-0.554192816689941,-0.4497399758809877,11.309932708740236,0.004900890087826704,0.02450830636489705,0.024993515249532455,0.0
2727,22.616699300000164,150.45960247781858,239.2018781461466,34.07845697147173,54.17820316985372,11.309932708740236,0.2264957264957265,-0.554156610962913,-0.44956075008634855,11.309932708740236,0.005386009601527407,0.026512550844443646,0.027054102308281362,0.0
2728,22.621154500000102,150.45977976984528,239.20099367594094,34.07849712735812,54.17800284113192,11.309932708740236,0.2264957264957265,-0.5541164550765245,-0.44936042136455256,11.309932708740236,0.00698319688526963,0.03403623207231399,0.03474521740353419,0.0
2729,22.63217429999986,150.4599614219535,239.20007446878992,34.078538270784335,54.17779464464045,11.309932708740236,0.2264957264957265,-0.5540753116503083,-0.4491522248730817,11.309932708740236,0.0057103020318585405,0.02804432861624057,0.028619781914451015,0.0
2730,22.636761900000238,150.46015560817392,239.19914657740256,34.07858225313341,54.177584481206566,11.309932708740236,0.2264957264957265,-0.5540313293012318,-0.44894206143919746,11.309932708740236,0.006699071811093922,0.03307211601722079,0.033743776033317685,0.0
2731,22.64978400000018,150.46034148383058,239.1982394031397,34.0786243531753,54.17737901011284,11.309932708740236,0.2264957264957265,-0.5539892292593436,-0.44873659034546876,11.309932708740236,0.005655456133365345,0.02777807383937686,0.028347937672823623,0.0
2732,22.65470779999987,150.46051383775452,239.19737174043337,34.07866339060252,54.17718248821782,11.309932708740236,0.2264957264957265,-0.5539501918321221,-0.44854006845044836,11.309932708740236,0.005347284963797335,0.02611317281476001,0.02665504175456445,0.0
2733,22.664792099999886,150.46068281124528,239.19654828789155,34.07870166237607,54.17699597973612,11.309932708740236,0.2264957264957265,-0.5539119200585745,-0.44835355996875137,11.309932708740236,0.00491726059947423,0.02407470072245837,0.024571745291677577,0.0
2734,22.680976600000122,150.46083949553594,239.19579310834985,34.07873715069831,54.17682493479719,11.309932708740236,0.2264957264957265,-0.5538764317363345,-0.44818251502982065,11.309932708740236,0.004611526019632173,0.022541802955782758,0.023008673423886933,0.0
2735,22.685306299999866,150.46098166343478,239.19511221751713,34.078769351119846,54.17667071593337,11.309932708740236,0.2264957264957265,-0.5538442313147982,-0.44802829616600093,11.309932708740236,0.003738400962383666,0.01831165118194677,0.018689360897709787,0.0
2736,22.70219679999991,150.46110875814384,239.1945071193207,34.0787981375283,54.17653366377776,11.309932708740236,0.2264957264957265,-0.5538154449063413,-0.4478912440103926,11.309932708740236,0.0034733102562216718,0.01705732431918262,0.0174073604278694,0.0
2737,22.708582100000058,150.4612091963719,239.19397818974227,34.07882088635774,54.176413863488634,11.309932708740236,0.2264957264957265,-0.5537926960769042,-0.4477714437212654,11.309932708740236,0.0035170151527674186,0.01766552783721014,0.01801222555244193,0.0
2738,22.717181999999866,150.4613029704797,239.19351407868555,34.078842125792406,54.176308744317666,11.309932708740236,0.2264957264957265,-0.553771456642238,-0.44766632455029765,11.309932708740236,0.002458466641712791,0.01276190349457,0.012996547196587736,0.0
2739,22.72368400000005,150.46137219037382,239.19312339271826,34.07885780380262,54.176220255615675,11.309932708740236,0.2264957264957265,-0.5537557786320235,-0.4475778358483069,11.309932708740236,0.0025693151981153895,0.013525910323187819,0.013767775080171287,0.0
2740,22.73034689999986,150.46143527171455,239.1927968393905,34.07887209145672,54.17614629268246,11.309932708740236,0.2264957264957265,-0.5537414909779272,-0.4475038729150924,11.309932708740236,0.0020871021212002195,0.010830138100580563,0.011029410072255233,0.0
2741,22.735371400000076,150.46148537432512,239.1925320955898,34.078883439483896,54.176086329342986,11.309932708740236,0.2264957264957265,-0.553730142950748,-0.4474439095756182,11.309932708740236,0.002065613213557034,0.010681780091117475,0.010879668371003551,0.0
2742,22.74458719999984,150.46153223225315,239.19231713644626,34.07889405260435,54.17603764201561,11.309932708740236,0.2264957264957265,-0.5537195298302962,-0.4473952222482396,11.309932708740236,0.0016998923853497139,0.008411227491986497,0.008581280909265201,-1.3719555712939944
2743,22.747904899999867,150.46156683491876,239.19214895574243,34.07890188996023,54.17599954980491,11.309932708740236,0.2264957264957265,-0.5537116924744154,-0.4473571300375383,11.309932708740236,0.001517815171665054,0.007165490718840757,0.007324480878337362,-2.320166434369834
2744,22.760165000000143,150.46159837376877,239.19202680192387,34.07890903337498,54.17597188248703,11.309932708740236,0.2264957264957265,-0.5537045490596668,-0.4473294627196651,11.225831146240235,-0.024461335881039492,-0.05800590040838345,0.06295269204150311,-2.374695513843872
2745,22.76371280000012,150.46161770257305,239.19195048710208,34.07891341126655,54.17595459750603,11.309932708740236,0.2264957264957265,-0.5537001711680958,-0.4473121777386595,11.209010833740235,-0.07786122050809623,-0.29698965526333787,0.30702642393195845,-7.260826637613
2746,22.776051400000142,150.4546645269616,239.20905176972474,34.07733854670498,54.17982796493765,10.889424896240236,0.2264957264957265,-0.5552750357296645,-0.45118554517028286,11.205646771240238,-0.08870618571397867,-0.3566841518495668,0.3675491417002191,-7.5208069338667105
2747,22.77952140000025,150.45059163833218,239.2272774382808,34.076416054835924,54.18395600097813,11.225831146240235,0.2264957264957265,-0.5561975275987194,-0.4553135812107598,11.120872396240237,-0.26623629182218544,-0.5339308226519139,0.5966270916250598,-1.5729024175357553
2748,22.792564599999878,150.44760503238578,239.24380437543934,34.07573960135233,54.1876992816166,11.293112396240236,0.2264957264957265,-0.5568739810823118,-0.4590568618492341,11.103917521240238,-0.2666455381378469,-0.5189944557845751,0.5834852938540519,-0.35921803253798584
2749,22.796092200000203,150.43378922806716,239.25757203502195,34.072610380716064,54.19081759767591,10.886060833740235,0.2264957264957265,-0.5600032017185796,-0.46217517790854146,11.184628108740236,-0.24139903200999016,-0.5550041147411172,0.6052297580546842,-0.12549635184331695
2750,22.808253199999854,150.43374561634295,239.2533006320465,34.0726005028469,54.18985014315583,11.225158333740236,0.2264957264957265,-0.5600130795877405,-0.46120772338846194,11.200770226240236,-0.18765063413176805,-0.35231972060169814,0.3991765850033207,6.1612768107364175
2751,22.811856499999976,150.43372326932013,239.2611591729042,34.07259544134174,54.191630069076595,11.292977833740236,0.2264957264957265,-0.5600181410929039,-0.46298764930922687,11.203998649740237,-0.17307076241453334,-0.3969504685055782,0.43303944768294017,7.326918311319966
2752,22.823957699999937,150.43387789984956,239.2705739118784,34.072630464495845,54.19376246722032,11.306541733740236,0.2264957264957265,-0.5599831179387991,-0.4651200474529489,11.288745896940238,0.00609261692195021,-0.24513896288417153,0.24521466331539976,2.804694848488421
2753,22.82770070000015,150.43422554796044,239.27900440936608,34.07270920530728,54.19567193887352,11.309254513740235,0.2264957264957265,-0.5599043771273671,-0.4670295191061484,11.305695346380237,0.013200963790925623,-0.3257419870232175,0.3260093672808242,2.5743971062510855
2754,22.840320000000247,150.43471300320104,239.28596432865987,34.07281961183613,54.197248330850314,11.309797069740236,0.2264957264957265,-0.5597939705985127,-0.46860591108294614,11.309085236268237,0.01593013704903444,-0.2427465132471568,0.24326865593424296,2.3974548675815788
2755,22.84417480000002,150.43530407477488,239.2914694146845,34.07295348702166,54.19849520930889,11.309905580940235,0.2264957264957265,-0.5596600954129869,-0.46985278954151966,11.309763214245837,0.024616315680887665,-0.2493979591103953,0.2506098661388484,0.998449468427152
2756,22.856225800000175,150.4359553827074,239.2956723768645,34.07310100548501,54.199447162281274,11.309927283180237,0.2264957264957265,-0.5595125769496363,-0.4708047425139057,11.309898809841357,0.022880584632960155,-0.15492991204171747,0.15661034064965304,-1.2480195846297661
2757,22.85953980000022,150.43663319382136,239.29873727756575,34.07325452680569,54.20014134919224,11.309931623628236,0.2264957264957265,-0.5593590556289527,-0.47149892942487526,11.30992592896046,0.030449213173676888,-0.14791322507470714,0.15101482289794269,-2.345121477342185
2758,22.872083900000234,150.43731763073072,239.3008310173895,34.073409548840715,54.20061557231472,11.309932491717836,0.2264957264957265,-0.5592040335939288,-0.4719731525473492,11.225829790284282,-0.00928563414872162,-0.05652117433482022,0.05727884556911954,-2.4324757881898154
2759,22.875307899999825,150.43798083590534,239.30210976240403,34.07355976197856,54.200905202595784,11.309932665335756,0.2264957264957265,-0.5590538204560858,-0.47226278282841605,11.209010562549043,-0.013476102508867702,-0.038102642175362855,0.040415549972420896,-2.443119188359185
2760,22.888201499999923,150.4286480410076,239.2945101371342,34.07144592381796,54.1991839199492,10.88942488755934,0.2264957264957265,-0.5611676586166823,-0.47054150018183094,11.205646717001999,-0.0019388912544007417,-0.0021097298222140168,0.002865354990072062,-2.453092496037686
2761,22.904233100000056,150.42803145605268,239.2935829786195,34.07130626996065,54.19897392250783,11.225831144504056,0.2264957264957265,-0.5613073124739927,-0.4703315027404642,11.20497394789259,0.002173532367022491,0.00369205510988635,0.004284333540345838,0.17901605436580814
2762,22.90746110000009,150.4295138149409,239.29400350222323,34.07164201791396,54.19906916930697,11.293112395893,0.2264957264957265,-0.5609715645206848,-0.4704267495396053,11.204839394070708,0.019723872744775214,0.017374778300805256,0.02628524447392909,2.2894650849772207
2763,22.920482800000173,150.43140646887196,239.29450917633704,34.072070695941086,54.199183702332746,11.306568646170788,0.2264957264957265,-0.5605428864935575,-0.4705412825653781,11.288914045806331,0.058554854488323906,-0.009585857071826263,0.05933430407403687,2.393614533159336
2764,22.923634400000083,150.43327581155393,239.29480725624245,34.07249409406991,54.19925121615748,11.309259896226347,0.2264957264957265,-0.5601194883647338,-0.4706087963901098,11.305728976153457,0.08271217906617692,-0.010479774534184737,0.08337343845711692,2.445185052013417
2765,22.936576200000218,150.43500199732208,239.2948817762188,34.07288506776953,54.19926809461366,11.309798146237458,0.2264957264957265,-0.5597285146651103,-0.47062567484628914,11.30909196222288,0.06507457857905836,-0.003949358552463054,0.06519431117987178,2.454905600851723
2766,22.939691699999912,150.4365436206684,239.29476307711133,34.07323423886934,54.19924120977308,11.309905796239681,0.2264957264957265,-0.559379343565304,-0.4705987900057096,11.309764559436765,0.06436053212077872,-0.0003093253801986005,0.06436127544619222,1.1641983323973581
2767,22.959132599999975,150.43790177430773,239.29449307640675,34.07354185486457,54.19918005576734,11.309927326240125,0.2264957264957265,-0.5590717275700712,-0.47053763599997467,11.309899078879543,0.044057785226365866,0.006912895458198007,0.044596822338240166,0.09728119015100467
2768,22.968199800000093,150.43907673141874,239.29411658575208,34.07380797762903,54.199094782242994,11.309931632240215,0.2264957264957265,-0.5588056048056131,-0.4704523624756263,11.309925982768098,0.04539260527711388,0.011445755596125425,0.046813394824666406,0.04535170755461737
2769,22.975121399999807,150.44008000438788,239.29366769624272,34.07403521466905,54.198993110687454,11.309932493440233,0.2264957264957265,-0.5585783677655911,-0.4703506909200854,11.30993136354581,0.02798452053519025,0.013420670372914506,0.031036233386848182,0.0021811007353258593
2770,22.980315899999823,150.44092591540362,239.29317781883606,34.07422680989911,54.19888215554834,11.309932665680236,0.2264957264957265,-0.5583867725355347,-0.47023973578097156,11.309932439701353,0.031017342215106273,0.018491324328050552,0.036111003773007584,0.0007993152377224665
2771,22.986577699999998,150.441618045013,239.2926662503633,34.07438357429782,54.19876628747545,11.309932700128236,0.2264957264957265,-0.5582300081368246,-0.47012386770808234,11.30993265493246,0.027077579089831307,0.01885202992053281,0.03299385278337063,0.00020605398904292713
2772,22.99068649999981,150.44218017653645,239.29214925912402,34.07451089468561,54.19864919116912,11.309932707017836,0.2264957264957265,-0.5581026877490345,-0.4700067714017493,11.309932697978681,0.024902286405749385,0.02224349840441778,0.03339007471541966,5.067912153908153e-05
2773,23.00069880000001,150.44260681171224,239.2916538003767,34.0746075257297,54.198536971880195,11.309932708395756,0.2264957264957265,-0.5580060567049472,-0.4698945521128266,11.309932706587926,0.018378935629442178,0.019558864067016526,0.026839046899307162,9.250078058062212e-06
2774,23.004042500000196,150.44293090825033,239.29118661293597,34.07468093221055,54.1984311559214,11.30993270867134,0.2264957264957265,-0.557932650224096,-0.4697887361540296,11.309932708309773,0.015148002287750956,0.020649788270809898,0.025610070849940776,2.3792178042731243e-06
2775,23.016846299999997,150.44317214967,239.29073793741367,34.074735572361156,54.19832953283301,11.309932708726457,0.2264957264957265,-0.5578780100734875,-0.46968711306563904,11.309932708654145,-0.002958148249240365,-0.045099866402122116,0.045196776329222275,2.841306769888237e-07
2776,23.02071960000012,150.4433240127593,239.2903282221464,34.074769968701894,54.19823673407589,11.309932708737481,0.2264957264957265,-0.55784361373275,-0.46959431430852305,11.309932708723018,-0.009017065379846098,-0.06688677960505612,0.06749184212925123,1.1230147272095682e-07
2777,23.032633499999974,150.44019196510388,239.30612163683543,34.07406057329276,54.201813875009734,11.309932708739685,0.2264957264957265,-0.5585530091418818,-0.47317145524236537,11.309932708736794,-0.012240810827804965,-0.06631900364476995,0.06743921480976121,9.320313001605786e-09
2778,23.03645319999987,150.4398438286783,239.3077697280565,34.07398172188013,54.202187160628185,11.309932708740126,0.2264957264957265,-0.5586318605545131,-0.47354474086081666,11.309932708739547,-0.045525514758317585,-0.22556837126792786,0.2301166282789567,3.946808831735812e-09
2779,23.048178500000176,150.440145893693,239.3059844852368,34.07405013831508,54.20178281075876,11.309932708740213,0.2264957264957265,-0.5585634441195637,-0.4731403909913894,11.309932708740098,-0.059483667482930505,-0.2892210183141315,0.2952746249373336,3.908727653027547e-10
2780,23.052101199999925,150.43733749881386,239.3196372956256,34.07341404887664,54.20487511396648,11.30993270874023,0.2264957264957265,-0.5591995335580009,-0.47623269419911196,11.30993270874021,-0.04459258263522888,-0.20735626297137738,0.21209695476252063,1.5989298121052864e-10
2781,23.064116600000034,150.43410625580697,239.33524990007828,34.07268218614431,54.20841130215448,11.309932708740234,0.2264957264957265,-0.559931396290331,-0.4797688823871127,11.30993270874023,-0.03647642537105625,-0.16572188765114232,0.1696887552388433,1.572704665302786e-11
2782,23.068012400000043,150.43436274559235,239.333373784834,34.07274027998459,54.20798637006924,11.309932708740236,0.2264957264957265,-0.5598733024500504,-0.4793439503018746,11.309932708740236,-0.025337856033713343,-0.10488815826409227,0.10790520234177058,6.334184718584601e-12
2783,23.080051599999933,150.43542250402504,239.32750314469484,34.07298031074072,54.206656695165925,11.309932708740236,0.2264957264957265,-0.5596332716939258,-0.47801427539855723,11.309932708740236,-0.0010867731374535469,0.013984729778945028,0.01402689355639382,6.283963131801159e-13
2784,23.08435499999996,150.43659152688517,239.3210687488202,34.073245089422706,54.20519933199774,11.309932708740236,0.2264957264957265,-0.559368493011938,-0.47655691223037167,11.309932708740236,-0.019784164101346355,-0.07498771068388987,0.07755365821674548,2.735802925298007e-13
2785,23.0961084999999,150.43446907923106,239.33113312348434,34.07276436409934,54.20747886984902,11.309932708740236,0.2264957264957265,-0.5598492183353017,-0.4788364500816513,11.309932708740236,-0.0320532652843947,-0.141486502459868,0.14507185183114613,0.0
2786,23.099975900000118,150.43183275442692,239.343754350207,34.07216724779755,54.210337523764835,11.309932708740236,0.2264957264957265,-0.560446334637092,-0.48169510399746684,11.309932708740236,-0.06367284976298623,-0.29648224787400335,0.30324240320469986,0.0
2787,23.111899099999846,150.42938839490557,239.35551561391895,34.071613610811944,54.21300139973378,11.309932708740236,0.2264957264957265,-0.5609999716226994,-0.48435897996640875,11.309932708740236,-0.08222198057643114,-0.3939509021844378,0.4024397686882392,0.0
2788,23.115358600000036,150.42727812899983,239.36566570767894,34.07113564460253,54.21530035259395,11.309932708740236,0.2264957264957265,-0.561477937832116,-0.48665793282658143,11.309932708740236,-0.07807394850835989,-0.37426660931740985,0.38232320919038737,0.0
2789,23.128236600000037,150.42550315651755,239.37411982657795,34.07073362092064,54.21721517439586,11.309932708740236,0.2264957264957265,-0.561879961514002,-0.4885727546284926,11.309932708740236,-0.06074774021406106,-0.2903906884004501,0.2966766587563005,0.0
2790,23.144536100000096,150.42405233331885,239.3809940984902,34.07040501566624,54.21877216760675,11.309932708740236,0.2264957264957265,-0.5622085667684047,-0.4901297478393829,11.309932708740236,-0.05491361717426308,-0.26198218392268524,0.2676754939176562,0.0
2791,23.148387600000206,150.42289998518518,239.38643199630224,34.07014401373853,54.2200038282223,11.309932708740236,0.2264957264957265,-0.5624695686961161,-0.49136140845493514,11.309932708740236,-0.03704751119862029,-0.17474888038215852,0.17863283371438143,0.0
2792,23.15997520000019,150.42201680537832,239.39059527324548,34.06994397728654,54.22094679265816,11.309932708740236,0.2264957264957265,-0.5626696051481019,-0.49230437289079276,11.309932708740236,-0.032258366831810485,-0.15168333175287738,0.15507557951627687,0.0
2793,23.16301650000014,150.42136113493834,239.39366169672934,34.069795470733894,54.221641324472884,11.309932708740236,0.2264957264957265,-0.56281811170075,-0.4929989047055159,11.309932708740236,-0.031111697126116267,-0.14543934840411105,0.1487297608492651,0.0
2794,23.1773890999998,150.42089967094162,239.39577870543235,34.06969095111071,54.22212081789707,11.309932708740236,0.2264957264957265,-0.5629226313239357,-0.49347839812970307,11.309932708740236,-0.018228961409622435,-0.0842554726982749,0.08620487059141874,0.0
2795,23.18207489999986,150.42060119947368,239.39710904403387,34.06962334859874,54.222422133905106,11.309932708740236,0.2264957264957265,-0.5629902338359045,-0.49377971413773736,11.309932708740236,-0.015487489558235729,-0.07013267636243566,0.07182238249024187,0.0
2796,23.193301000000247,150.42043502887233,239.39779639552995,34.06958571166766,54.22257781608157,11.309932708740236,0.2264957264957265,-0.5630278707669802,-0.4939353963141997,11.309932708740236,-0.005589877697067367,-0.023510259786264066,0.024165658440973556,0.0
2797,23.196676300000036,150.4203820421302,239.39795678931216,34.06957371039701,54.222614144587794,11.309932708740236,0.2264957264957265,-0.5630398720376348,-0.49397172482042606,11.309932708740236,-0.00297939742475642,-0.010451034254315577,0.010867424993968108,0.0
2798,23.2078719000001,150.42041457181185,239.3977222295546,34.06958107823089,54.222561017805106,11.309932708740236,0.2264957264957265,-0.5630325042037541,-0.4939185980377374,11.309932708740236,0.0004617914606805238,0.005278992463932382,0.0052991520819289884,0.0
2799,23.211777999999867,150.42051425696664,239.39717149366794,34.06960365649245,54.222436278480345,11.309932708740236,0.2264957264957265,-0.5630099259421968,-0.49379385871297643,11.309932708740236,0.0037215603338588837,0.020925003101135816,0.021253370699752434,0.0
2800,23.224069800000052,150.4206650632651,239.39639294055564,34.06963781347457,54.22225993952756,11.309932708740236,0.2264957264957265,-0.5629757689600723,-0.49361751976019264,11.309932708740236,0.005157837198838375,0.02665860084801557,0.027152979279326556,0.0
2801,23.22733220000009,150.42085153803308,239.39546588040258,34.06968004921262,54.222049964364686,11.309932708740236,0.2264957264957265,-0.5629335332220222,-0.49340754459731784,11.309932708740236,0.00798436552820025,0.04061544807079997,0.041392809941821554,0.0
2802,23.240252900000087,150.42105837401022,239.39444447303032,34.06972689667753,54.22181861995986,11.309932708740236,0.2264957264957265,-0.562886685757114,-0.49317620019249375,11.309932708740236,0.007588429834064122,0.038077283607547134,0.03882607106411994,0.0
2803,23.243498199999976,150.42127030028968,239.39337659066967,34.069774897074154,54.221576749168776,11.309932708740236,0.2264957264957265,-0.5628386853604894,-0.49293432940140747,11.309932708740236,0.009944114101707834,0.04949928252634195,0.05048825978274955,0.0
2804,23.256203800000094,150.4214834991447,239.39229708956196,34.06982318570371,54.22133224678113,11.309932708740236,0.2264957264957265,-0.5627903967309322,-0.49268982701376274,11.309932708740236,0.008065573394123032,0.04012297796597118,0.04092562565231953,0.0
2805,23.25952589999997,150.42169701614358,239.39124901604282,34.0698715463915,54.22109486260799,11.309932708740236,0.2264957264957265,-0.5627420360431472,-0.49245244284062295,11.309932708740236,0.009804580067018951,0.04865916276004942,0.049637122305786076,0.0
2806,23.272410800000216,150.42189916858666,239.39025457578805,34.069917333055955,54.22086962614003,11.309932708740236,0.2264957264957265,-0.5626962493786891,-0.49222720637266093,11.309932708740236,0.007466642532118292,0.0367993163590163,0.03754917356205597,0.0
2807,23.275864400000046,150.422087035799,239.38933076430834,34.0699598841767,54.220660386787785,11.309932708740236,0.2264957264957265,-0.5626536982579466,-0.49201796702041634,11.309932708740236,0.00845637573007607,0.04220182796957736,0.04304073157442868,0.0
2808,23.288489200000186,150.42225988761186,239.3884818304814,34.06999903437362,54.22046810690391,11.309932708740236,0.2264957264957265,-0.5626145480610205,-0.49182568713654007,11.309932708740236,0.006049433094629346,0.03034695723773801,0.030944037460478493,0.0
2809,23.292274200000065,150.42240609739125,239.3877088365266,34.07003215026383,54.220293027076536,11.309932708740236,0.2264957264957265,-0.5625814321708162,-0.4916506073091682,11.309932708740236,0.006729808841510501,0.03336291135668462,0.03403489652161835,0.0
2810,23.304804100000183,150.42254564666226,239.38703493618243,34.07006375757735,54.2201403915285,11.309932708740236,0.2264957264957265,-0.5625498248572924,-0.4914979717611345,11.309932708740236,0.004681665174067725,0.023160463682510478,0.023628903207533043,0.0
2811,23.308921499999997,150.42267208671439,239.3864430296999,34.07009239570881,54.22000632723972,11.309932708740236,0.2264957264957265,-0.5625211867258315,-0.4913639074723548,11.309932708740236,0.005058591915986973,0.025238113001569924,0.02574007964347627,0.0
2812,23.321086299999934,150.42278380537,239.38592884214177,34.07011769950688,54.21988986595519,11.309932708740236,0.2264957264957265,-0.5624958829277631,-0.49124744618782046,11.309932708740236,0.0035995744530744906,0.017324756956765355,0.01769474893447816,0.0
2813,23.324954600000183,150.4228689554929,239.38549130477372,34.07013698564583,54.219790765611144,11.309932708740236,0.2264957264957265,-0.5624765967888123,-0.49114834584377576,11.309932708740236,0.003917606915486072,0.018614597199131326,0.01902237821173189,0.0
2814,23.337182799999937,150.42294746348261,239.38513015041218,34.07015476736999,54.219708965691645,11.309932708740236,0.2264957264957265,-0.5624588150646517,-0.49106654592427645,11.309932708740236,0.002708504625362755,0.012943715567813771,0.013224060269299896,0.0
2815,23.34078469999986,150.42301286684722,239.38483386816944,34.07016958095257,54.21964185902983,11.309932708740236,0.2264957264957265,-0.5624440014820706,-0.4909994392624597,11.309932708740236,0.002394941863229647,0.01156045455311816,0.011805924614487436,0.0
2816,23.353401200000008,150.42306354996376,239.3845995803236,34.07018106046188,54.21958879383398,11.309932708740236,0.2264957264957265,-0.5624325219727666,-0.4909463740666098,11.309932708740236,0.0018257974995143558,0.008290873643155325,0.008489530156375,0.0
2817,23.369123299999956,150.4230991089265,239.38441512335237,34.07018911441497,54.21954701511827,11.309932708740236,0.2264957264957265,-0.562424468019671,-0.490904595350905,11.309932708740236,0.0016053635368172116,0.007285706981128781,0.007460477082614149,0.0
2818,23.37248670000008,150.42313088685077,239.3842774563752,34.07019631197902,54.21951583413627,11.309932708740236,0.2264957264957265,-0.5624172704556258,-0.49087341436889886,11.309932708740236,0.0009946220749782301,0.004303719503567727,0.004417156849991093,0.0
2819,23.384962799999812,150.42315027542364,239.38418581917193,34.07020070340792,54.219495078701335,11.309932708740236,0.2264957264957265,-0.5624128790267235,-0.49085265893396723,11.309932708740236,0.0008270572321346742,0.0035941403959124326,0.003688071155869399,0.0
2820,23.38844710000012,150.42316656665864,239.38412857759573,34.07020439330302,54.21948211372895,11.309932708740236,0.2264957264957265,-0.5624091891316212,-0.49083969396158267,11.309932708740236,0.0007385522992824598,0.0031900771133085604,0.003274454380141902,0.0
2821,23.401249200000166,150.4231706394674,239.38409137901806,34.0702053157768,54.219473688410076,11.309932708740236,0.2264957264957265,-0.5624082666578403,-0.4908312686427081,11.309932708740236,0.00031147314421350034,0.001303192050024957,0.00133989739861472,0.0
2822,23.404555799999798,150.42317165766957,239.38408207937366,34.07020554639524,54.21947158208036,11.309932708740236,0.2264957264957265,-0.5624080360394004,-0.49082916231299123,11.309932708740236,0.00024192851010469162,0.0006331847616006941,0.0006778291424280929,0.0
2823,23.417169100000137,150.42317191222014,239.38409119855436,34.07020560404986,54.219473647535814,11.309932708740236,0.2264957264957265,-0.5624079783847833,-0.4908312277684459,11.309932708740236,-1.1827714715686703e-05,-0.00021813493939196895,0.00021845536527843312,0.0
2824,23.420549299999948,150.42317197585777,239.38411636653314,34.07020561846351,54.21947934797545,11.309932708740236,0.2264957264957265,-0.5624079639711326,-0.49083692820808267,11.309932708740236,-0.00020935543156111932,-0.0007362348517842714,0.0007654224021453452,0.0
2825,23.432888400000138,150.42316054767537,239.3841455467114,34.070203030029035,54.21948595716113,11.309932708740236,0.2264957264957265,-0.5624105524056091,-0.49084353739376496,11.309932708740236,-0.00023665741895361657,-0.0010200431048384027,0.0010471364140713264,0.0
2826,23.436426199999914,150.42314624653798,239.38417572993956,34.07019979088253,54.21949279353332,11.309932708740236,0.2264957264957265,-0.5624137915521104,-0.49085037376595153,11.309932708740236,-0.00024729713779730796,-0.001474774188415847,0.0014953644308931388,0.0
2827,23.44855510000025,150.42314267125363,239.384217608022,34.070198981095906,54.21950227874002,11.309932708740236,0.2264957264957265,-0.5624146013387374,-0.49085985897265516,11.309932708740236,-0.00024904264305910596,-0.0013193878056242908,0.001342686270016919,0.0
2828,23.452718300000015,150.42314177743253,239.384262409818,34.07019877864925,54.21951242615536,11.309932708740236,0.2264957264957265,-0.5624148037853942,-0.4908700063879934,11.309932708740236,-0.000320978805402647,-0.0016650102933922037,0.001695667028228037,0.0
2829,23.46405760000016,150.42314155397727,239.3843079425424,34.07019872803759,54.21952273912285,11.309932708740236,0.2264957264957265,-0.5624148543970549,-0.49088031935548315,11.309932708740236,-0.00019100537028959684,-0.0014483695930991504,0.0014609098294192098,0.0
2830,23.468631600000208,150.42313005402167,239.38435365799887,34.07019612334679,54.219533093478375,11.309932708740236,0.2264957264957265,-0.5624174590878539,-0.49089067371100725,11.309932708740236,-0.00034489687556443896,-0.0016741048445880328,0.0017092632580873062,0.0
2831,23.480837200000224,150.42311573494095,239.3843994191384,34.0701928801362,54.219543458180915,11.309932708740236,0.2264957264957265,-0.5624207022984464,-0.49090103841354704,11.309932708740236,-0.00035027092071712913,-0.0013131389187009423,0.0013590524411173784,0.0
2832,23.484906499999852,150.42310071107897,239.38443374760686,34.07018947729566,54.21955123343233,11.309932708740236,0.2264957264957265,-0.5624241051389802,-0.49090881366495864,11.309932708740236,-0.00035856299613490307,-0.0014320788626667677,0.001476284962700014,0.0
2833,23.496174500000052,150.4230969551135,239.38446521790758,34.070188626585534,54.21955836132095,11.309932708740236,0.2264957264957265,-0.5624249558491101,-0.4909159415535811,11.309932708740236,-0.0002455974559917132,-0.0010998970990385342,0.0011269834687620687,0.0
2834,23.50080560000015,150.42309601612212,239.38449597366633,34.070188413908,54.21956532736887,11.309932708740236,0.2264957264957265,-0.5624251685266444,-0.4909229076015009,11.309932708740236,-0.0001930528665168563,-0.0011246972401549914,0.001141145604768572,0.0
2835,23.51229400000011,150.4230957813743,239.38452655078964,34.07018836073862,54.21957225295663,11.309932708740236,0.2264957264957265,-0.5624252216960244,-0.49092983318926287,11.309932708740236,-2.586637748921156e-05,-0.0008066899533424528,0.0008071045473221316,0.0
2836,23.51673660000006,150.42309572268732,239.38454563916224,34.070188347446276,54.21957657639145,11.309932708740236,0.2264957264957265,-0.5624252349883676,-0.49093415662407835,11.309932708740236,-1.0806639741517923e-05,-0.000972801491458273,0.0009728615139093248,0.0
2837,23.528190300000006,150.42309570801558,239.38456185534721,34.07018834412319,54.21958024928804,11.309932708740236,0.2264957264957265,-0.5624252383114552,-0.490937829520675,11.309932708740236,-1.6253376280424601e-06,-0.0007403654928359696,0.0007403672769002242,0.0
2838,23.532361000000037,150.42309570434765,239.38458879757704,34.070188343292415,54.219586351587964,11.309932708740236,0.2264957264957265,-0.5624252391422289,-0.4909439318205955,11.309932708740236,-7.023569345613734e-07,-0.0008037918163433913,0.0008037921232046702,0.0
2839,23.544400499999938,150.42309570343065,239.3846069772263,34.070188343084716,54.21959046920083,11.309932708740236,0.2264957264957265,-0.5624252393499276,-0.49094804943346304,11.309932708740236,-1.0415608943938607e-07,-0.000663830231877419,0.0006638302400485526,0.0
2840,23.548337000000174,150.4230957032014,239.3846229662304,34.0701883430328,54.219594090641934,11.309932708740236,0.2264957264957265,-0.562425239401847,-0.4909516708745656,11.309932708740236,-4.631281130054647e-08,-0.0006491245551479993,0.0006491245568001295,0.0
2841,23.56113069999992,150.4230957031441,239.38463840757322,34.070188343019815,54.21959758804009,11.309932708740236,0.2264957264957265,-0.5624252394148286,-0.4909551682727198,11.309932708740236,-6.488111457073012e-09,-0.00040463322171545605,0.00040463322176747304,0.0
2842,23.564668500000153,150.42309570312977,239.38464226790893,34.070188343016575,54.21959846238963,11.309932708740236,0.2264957264957265,-0.5624252394180687,-0.49095604262225834,11.309932708740236,-3.2642393274852845e-05,-0.00034507945621744347,0.0003466199026917477,0.0
2843,23.576346400000148,150.4230957031262,239.38465467708465,34.070188343015765,54.2196012730149,11.309932708740236,0.2264957264957265,-0.5624252394188787,-0.49095885324753397,11.309932708740236,-0.00021385552837759113,-0.00017091140068483285,0.0002737606507548339,0.0
2844,23.59222929999987,150.4230842590335,239.38465777937859,34.07018575097767,54.21960197567122,11.309932708740236,0.2264957264957265,-0.5624278314569722,-0.4909595559038493,11.309932708740236,-0.00026893854384678394,-0.00011694869717162385,0.00029326598530441387,0.0
2845,23.595805200000086,150.4230699539185,239.38465855495207,34.07018251093026,54.219602151335295,11.309932708740236,0.2264957264957265,-0.5624310715043848,-0.4909597315679264,11.309932708740236,-0.0004636472385888626,-6.814066662457059e-05,0.0004686276904954706,0.0
2846,23.60815760000014,150.42305493354797,239.38465874884542,34.070179108880524,54.21960219525131,11.309932708740236,0.2264957264957265,-0.56243447355412,-0.49095977548394387,11.309932708740236,-0.00047758332124451966,-2.0049311989611474e-05,0.00047800397868867455,0.0
2847,23.61169370000016,150.42303973436356,239.38465879731876,34.07017566633021,54.21960220623032,11.309932708740236,0.2264957264957265,-0.5624379161044359,-0.4909597864629518,11.309932708740236,-0.0004565638397473939,-1.1238410087841768e-05,0.0004567021366560337,0.0
2848,23.62404490000017,150.42303593456745,239.3846588094371,34.07017480569263,54.21960220897507,11.309932708740236,0.2264957264957265,-0.5624387767420131,-0.4909597892077002,11.309932708740236,-0.0002762211156188826,-1.4163069707535148e-06,0.0002762247466089443,0.0
2849,23.627748200000042,150.42303498461843,239.38465881246668,34.070174590533234,54.219602209661254,11.309932708740236,0.2264957264957265,-0.5624389919014092,-0.49095978989388556,11.309932708740236,-0.00022189386099828306,-7.076656004302102e-07,0.0002218949894416893,0.0
2850,23.640070500000093,150.42303474713117,239.3846588132241,34.07017453674339,54.21960220983281,11.309932708740236,0.2264957264957265,-0.5624390456912565,-0.490959790065439,11.309932708740236,-2.723945144929549e-05,4.190883242813163e-05,4.9983376744151086e-05,0.0
2851,23.643628199999966,150.42303468775935,239.38465881341344,34.070174523295925,54.219602209875696,11.309932708740236,0.2264957264957265,-0.5624390591387183,-0.49095979010832735,11.309932708740236,-1.3349887169606025e-05,7.783007902650709e-05,7.896670620402976e-05,0.0
2852,23.65597250000019,150.4230346729164,239.384647369369,34.070174519934056,54.21959961784853,11.309932708740236,0.2264957264957265,-0.5624390625005873,-0.490957198081162,11.309932708740236,-1.733377578230563e-06,8.046111490324988e-05,8.04797838547215e-05,0.0
2853,23.659584900000027,150.42303466920566,239.38464450835787,34.07017451909359,54.21959896984174,11.309932708740236,0.2264957264957265,-0.5624390633410528,-0.49095655007437244,11.309932708740236,-8.631999029203114e-07,8.267752113600834e-05,8.268202715988226e-05,0.0
2854,23.67207550000012,150.42303466827798,239.38464379310508,34.070174518883476,54.21959880784004,11.309932708740236,0.2264957264957265,-0.5624390635511674,-0.49095638807267505,11.309932708740236,-1.0744441857697736e-07,8.284055251436476e-05,8.284062219218484e-05,0.0
2855,23.67573470000025,150.42303466804606,239.3846436142919,34.070174518830946,54.21959876733962,11.309932708740236,0.2264957264957265,-0.5624390636036978,-0.4909563475722507,11.309932708740236,-5.31340271448557e-08,4.0966831548367565e-05,4.0966866005799915e-05,0.0
2856,23.68834220000008,150.42303466798808,239.3846435695886,34.070174518817815,54.21959875721451,11.309932708740236,0.2264957264957265,-0.5624390636168286,-0.4909563374471446,11.309932708740236,-6.61528924158938e-09,5.100403220324829e-06,5.1004075103810715e-06,0.0
2857,23.692498299999897,150.42303466797358,239.3846435584128,34.07017451881453,54.21959875468324,11.309932708740236,0.2264957264957265,-0.5624390636201113,-0.49095633491587165,11.309932708740236,-3.2608457212543056e-09,2.5140415249979995e-06,2.514043639742374e-06,0.0
2858,23.70469940000021,150.42303466796994,239.38464355561882,34.07017451881371,54.219598754050416,11.309932708740236,0.2264957264957265,-0.5624390636209355,-0.4909563342830481,11.309932708740236,-3.9058248184224676e-10,3.010316347035107e-07,3.010318880898551e-07,0.0
2859,23.708853799999815,150.42303466796903,239.38464355492033,34.0701745188135,54.219598753892214,11.309932708740236,0.2264957264957265,-0.5624390636211416,-0.49095633412484574,11.309932708740236,-1.8264240378944598e-10,1.4091453885851925e-07,1.4091465722186886e-07,0.0
2860,23.721782600000097,150.4230346679688,239.3846435547457,34.070174518813445,54.21959875385266,11.309932708740236,0.2264957264957265,-0.5624390636211984,-0.4909563340852898,11.309932708740236,-2.467183333371982e-11,1.9150604241855485e-08,1.9150620134281118e-08,0.0
2861,23.725710400000025,150.42303466796875,239.38464355470205,34.07017451881344,54.219598753842774,11.309932708740236,0.2264957264957265,-0.5624390636212055,-0.4909563340754062,11.309932708740236,-1.1161091294712046e-11,8.814140299523386e-09,8.81414736600433e-09,0.0
2862,23.736443000000236,150.42303466796875,239.38464355469114,34.07017451881344,54.2195987538403,11.309932708740236,0.2264957264957265,-0.5624390636212055,-0.4909563340729335,11.309932708740236,-1.2411320519841144e-12,1.2004502450507805e-09,1.200450886646867e-09,0.0
2863,23.739806500000213,150.42303466796875,239.3846435546884,34.07017451881344,54.21959875383968,11.309932708740236,0.2264957264957265,-0.5624390636212055,-0.4909563340723153,11.309932708740236,-3.618018920377961e-13,5.903222384736632e-10,5.903223493458176e-10,0.0
2864,23.752597700000024,150.42303466796875,239.38464355468773,34.07017451881344,54.21959875383953,11.309932708740236,0.2264957264957265,-0.5624390636212055,-0.490956334072159,11.309932708740236,4.1897615497854116e-05,8.728551043979002e-11,4.189761549794503e-05,0.0
2865,23.75659880000012,150.42303466796875,239.38464355468756,34.07017451881344,54.21959875383949,11.309932708740236,0.2264957264957265,-0.5624390636212055,-0.49095633407212347,11.309932708740236,0.00021842847283343734,4.120741714652125e-11,0.00021842847283344121,0.0
2866,23.76897199999985,150.42304611206055,239.3846435546875,34.07017711085132,54.21959875383948,11.309932708740236,0.2264957264957265,-0.5624364715833252,-0.49095633407210926,11.309932708740236,-0.05958377757621311,0.01198850618019877,0.06077788109735564,0.0
2867,23.772642800000085,150.4230604171753,239.3846435546875,34.070180350898674,54.21959875383948,11.309932708740236,0.2264957264957265,-0.5624332315359695,-0.49095633407210926,11.309932708740236,-0.08315511995790609,0.01689000861962418,0.08485308695848802,3.879148912267119
2868,23.784880300000168,150.4069049358368,239.38140487670898,34.06652120341602,54.218865207117844,11.309932708740236,0.2264957264957265,-0.5660923790186203,-0.49022278735047564,11.309932708740236,-0.08916604206931228,-0.04036297086043089,0.09787620995413727,4.104434599473674
2869,23.78866139999991,150.4049374461174,239.38099575042725,34.06607557540266,54.218772541763435,11.309932708740236,0.2264957264957265,-0.566538007031987,-0.4901301219960672,11.383269958496095,-0.13682731498031003,-0.0063203643424443595,0.13697321318470343,4.241305705980616
2870,23.801682599999822,150.4032096117735,239.3974530696869,34.065684228307674,54.22250005424532,11.309932708740236,0.2264957264957265,-0.5669293541269695,-0.49385763447795483,11.397937408447266,-0.1424716486082113,-0.06261797699248432,0.155625131967086,2.348560161415686
2871,23.805969099999857,150.39870355650783,239.39423173666,34.064663626046645,54.221770436081115,11.676618957519532,0.2264957264957265,-0.5679499563879986,-0.49312801631374725,11.4008708984375,-0.0744596172480907,-0.0765776210490969,0.10680995574510485,2.0661185308342382
2872,23.81757740000012,150.39730238448828,239.40865848958492,34.06434626657213,54.22503803396582,11.383269958496095,0.2264957264957265,-0.5682673158625136,-0.49639561419844824,11.291013107910157,-0.22222958175307822,-0.26766281400354974,0.3478927550358687,-5.773470661661461
2873,23.833135700000184,150.40012210491113,239.40933549031615,34.06498492119782,54.225191371738276,11.324600158691407,0.2264957264957265,-0.5676286612368244,-0.4965489519709081,11.269041549804687,-0.2237574185657294,-0.2695020806599162,0.35028381898572336,-6.265748960178945
2874,23.837061100000028,150.3852745142649,239.4254692485556,34.06162200536769,54.22884559903182,10.760643756103516,0.2264957264957265,-0.5709915770669554,-0.500203179264453,11.191309988427736,-0.34557762170539674,-0.41711045718916084,0.541668742055612,-6.559408047883875
2875,23.84870660000024,150.38333645083185,239.44066067761742,34.06118304228243,54.23228639279369,11.200074918212891,0.2264957264957265,-0.571430540152214,-0.5036439730263211,11.175763676152345,-0.39836277933956493,-0.38780225927511114,0.5559527824033471,-2.902556806732626
2876,23.852672800000164,150.3685010438603,239.4506040121778,34.05782288600255,54.234538515578734,11.287961150634768,0.2264957264957265,-0.5747906964320961,-0.5058960958113659,11.172654413697268,-0.5222597672330742,-0.27713973974413697,0.5912374310002647,-6.67966697909537
2877,23.86512360000006,150.35248979343578,239.45802224938234,34.05419640620554,54.236218714603694,11.305538397119143,0.2264957264957265,-0.5784171762291024,-0.5075762948363263,11.282477049731643,-0.4124828358517139,-0.1669030863586279,0.44497048228877784,-5.040401968982124
2878,23.869482699999935,150.3413573116402,239.44756296591004,34.05167494665355,54.23384973159501,11.309053846416017,0.2264957264957265,-0.5809386357810951,-0.5052073118276397,11.193997088413127,-0.5741487847930239,-0.3636627523540954,0.6796303587458863,-5.85567693193399
2879,23.88052370000014,150.32635190115224,239.466073938499,34.048276285303714,54.238042387779686,11.309756936275392,0.2264957264957265,-0.5843372971309293,-0.5093999680123176,11.065856607624033,-0.44601508944042856,-0.23027384956123995,0.5019516966803739,-7.746461396292918
2880,23.885259700000006,150.30866164472167,239.4928231110896,34.044269517821576,54.244100961058756,10.757675111620312,0.2264957264957265,-0.588344064613068,-0.5154585412913875,11.040228511466214,-0.3173832706423422,-0.37623829394919883,0.492226974390305,-10.508108051453117
2881,23.89654819999987,150.29836826152223,239.48788320697162,34.041938110515716,54.24298209388673,10.647258746689296,0.2264957264957265,-0.590675471918928,-0.5143396741193627,10.924658403709259,-0.21451250502908378,-0.44818810974520407,0.49687845247186135,-2.9783509755038295
2882,23.901182399999925,150.30556817011689,239.50557675877417,34.04356885904357,54.24698960775654,11.177397916330047,0.2264957264957265,-0.5890447233910763,-0.5183471879891712,10.90154438215787,-0.02527275927361583,-0.35894602018789623,0.35983462558518703,2.271930983389495
2883,23.912617899999987,150.30233274687492,239.49630156884393,34.04283604950586,54.244888816874905,10.731203307631244,0.2264957264957265,-0.5897775329287853,-0.5162463971075368,11.099962044156184,0.18867348942031972,-0.08214378244548429,0.20577970406357024,1.6563497512214889
2884,23.917126199999984,150.31503936347656,239.4949784073477,34.04571404386435,54.24458912645055,11.194186828518438,0.2264957264957265,-0.5868995385702931,-0.5159467066831809,11.16598850258124,0.2503640484616928,-0.15711122121196291,0.2955775576610024,7.909914762304129
2885,23.928580599999805,150.32635276689453,239.4896808811338,34.048276481390644,54.2433892594021,11.749763421611892,0.2264957264957265,-0.5843371010439995,-0.5147468396347321,11.068749305740859,0.14822442901123362,0.005482769877721564,0.14832579722097666,7.318761296790247
2886,23.932907599999908,150.32829992268066,239.49494829645533,34.04871750385502,54.24458230646211,10.977391038814567,0.2264957264957265,-0.5838960785796203,-0.5159398866947384,11.159745954898174,0.2447263959937884,-0.2072538358122677,0.32069481030257874,-1.525413029118404
2887,23.944520300000022,150.32015786641236,239.49760410902593,34.046873362905366,54.24518383665972,10.691201932128148,0.2264957264957265,-0.5857402195292778,-0.5165414168923519,11.067500796204246,0.0824673380799881,-0.2863566835737512,0.2979949866648037,-3.447727353591726
2888,23.948652999999922,150.32779260991364,239.5136603656354,34.048602599681296,54.24882051016528,11.18618655341782,0.2264957264957265,-0.5840109827533482,-0.5201780903979127,10.956455786682259,0.11510578483780307,-0.4603961723152423,0.4745671471832547,-1.207199366147841
2889,23.960947999999917,150.31840597718545,239.53152178086196,34.04647656748217,54.25286604438327,10.732961035048799,0.2264957264957265,-0.5861370149524703,-0.5242236246158996,11.018348347277861,0.07232560821575945,-0.4468905302296909,0.4527053562890037,-7.473566648541848
2890,23.965509999999995,150.32619878433542,239.54693913051824,34.04824160499905,54.256358008194304,11.194538374001949,0.2264957264957265,-0.5843719774355947,-0.5277155884269362,11.030726859396982,-0.04671779957601391,-0.581386502227386,0.5832605059228843,-0.6218268918144769
2891,23.97599050000008,150.32101731693348,239.55657273428972,34.047068024775534,54.258539978279295,11.286853841792578,0.2264957264957265,-0.5855455576591098,-0.5298975585119265,10.922758073295414,-0.17037387079222138,-0.4385286292232691,0.4704621286534804,5.028224010232599
2892,23.97936690000006,150.30977703431148,239.5673696545197,34.04452214879704,54.2609854345707,10.75309449272375,0.2264957264957265,-0.5880914336376009,-0.532343014803331,11.011608804600488,-0.22007269186338685,-0.4215489477887129,0.4755370701488667,4.23149307108716
2893,23.992240000000038,150.29841822708374,239.57678656646195,34.041949427501876,54.263118324882406,10.646342622909984,0.2264957264957265,-0.5906641549327674,-0.5344759051150376,11.029378950861506,-0.2541330832339568,-0.2854407454558054,0.38217802548074775,3.700264279919586
2894,23.995623799999976,150.29212240955414,239.58043397682056,34.04052345173662,54.26394444774141,11.177214691574186,0.2264957264957265,-0.5920901306980255,-0.5353020279740406,11.03293298011371,-0.24652833172166988,-0.25175817583611004,0.3523611747082749,11.969535167382077
2895,24.008039199999985,150.30399526303307,239.5850880474278,34.04321260231091,54.26499857484476,11.283389105307027,0.2264957264957265,-0.5894009801237345,-0.5363561550773923,11.03364378596415,-0.15906564765599523,-0.11114584969736517,0.19404968479533924,7.055770579170549
2896,24.011601400000018,150.30283215926414,239.58571369276515,34.04294916427778,54.26514028083997,11.304623988053594,0.2264957264957265,-0.5896644181568647,-0.5364978610726041,11.14423043565963,-0.19235609870605153,-0.06077076704896093,0.20172742708201905,-2.3368951302189167
2897,24.024265900000046,150.28512347560707,239.5869000723612,34.038938223107586,54.265408990748476,10.756648521975954,0.2264957264957265,-0.5936753593270581,-0.5367665709811078,11.166347765598726,-0.11555462014747182,-0.004070901575108966,0.11562630529884074,-3.0535047972261213
2898,24.02769679999983,150.2795747836967,239.58559449440867,34.03768146810224,54.26511328292162,11.19927587138738,0.2264957264957265,-0.5949321143324013,-0.5364708631542499,11.009957327777949,-0.1764629251004463,0.0036039807974167,0.17649972411478118,-1.76665958751316
2899,24.040046300000085,150.27753529748668,239.58344848932484,34.037219533191426,54.2646272219411,11.287801341269665,0.2264957264957265,-0.5953940492432181,-0.5359848021737292,10.978679240213795,-0.17302049764534647,0.037876880769165414,0.1771179005697756,-6.6931128123482875
2900,24.056096400000115,150.27130338003573,239.58674575880582,34.03580803052091,54.265374039387645,10.501436916203152,0.2264957264957265,-0.5968055519137323,-0.5367316196202765,11.082868111226354,-0.107231504399441,0.052375075930132096,0.11933877875382518,-8.581155962350655
2901,24.059346099999857,150.2704892666398,239.5848578264202,34.03562363731585,54.26494643077039,11.148233550232819,0.2264957264957265,-0.5969899451187928,-0.5363040110030184,11.103705885428866,-0.01987390092089501,0.07157765146904088,0.07428547723234362,7.293709595854325
2902,24.073159399999895,150.27123559790994,239.5817308140269,34.03579267815909,54.264238175826605,11.277592877038753,0.2264957264957265,-0.5968209042755532,-0.5355957560592373,10.997428951743977,-0.02155250369911936,0.06073951620511342,0.06444997474422925,8.296091268710663
2903,24.077289400000154,150.27252081353998,239.5784084725497,34.03608377400692,54.263485679680066,11.303464742399939,0.2264957264957265,-0.5965298084277251,-0.534843259912698,11.136987468815594,0.008943843888634386,0.09909298185595874,0.09949578582336857,-0.9493482989147326
2904,24.088547899999867,150.27024430860962,239.57914572775655,34.03556815536884,54.26365266483375,10.756416672845223,0.2264957264957265,-0.597045427065801,-0.5350102450663812,11.16489917222992,0.027786517129544122,0.08475899471110837,0.0891974086990656,-2.76194463387066
2905,24.092454499999803,150.27135746387114,239.576640679986,34.03582028027851,54.26308528221905,11.199229501561234,0.2264957264957265,-0.5967933021561365,-0.5344428624516837,11.009667609104188,-0.01675412172872516,0.0401489420258402,0.04350446115854348,4.501826065070475
2906,24.10416669999995,150.27329514599708,239.57354249421525,34.03625915699934,54.26238355638208,11.287792067304435,0.2264957264957265,-0.596354425435301,-0.5337411366147151,10.97862129647904,-0.0259568914003906,0.011093025022891088,0.028227919075450095,-1.9202807455664819
2907,24.107808100000057,150.26991146350122,239.57630417213778,34.03549276737421,54.2630090646295,10.501435061410106,0.2264957264957265,-0.5971208150604355,-0.534366644862132,11.082856522479403,0.01503323913571885,0.05336294932751855,0.055440081528105825,-2.1702763794096565
2908,24.120210600000064,150.27125136441046,239.57428234186256,34.035796249204076,54.26255112871246,11.14823317927421,0.2264957264957265,-0.5968173332305682,-0.5339087089450913,11.103703567679476,0.010855257492929392,0.03450876665384399,0.03617584264681688,6.574979942107469
2909,24.12360260000014,150.2736348320694,239.57133929274102,34.03633609444307,54.261884540663566,11.277592802847032,0.2264957264957265,-0.5962774879915713,-0.5332421208961975,11.107872976719491,0.03408862342621445,0.05689468168410487,0.06632525198617699,7.703110582636329
2910,24.136433699999998,150.27610753003884,239.56845204120282,34.03689614996606,54.26123059052885,11.303464727561595,0.2264957264957265,-0.5957174324685823,-0.5325881707614784,11.159076273810697,0.07003901456862192,0.08506589967771379,0.11018925015500605,-0.5946282114336334
2911,24.139858800000184,150.27843087420894,239.5658533972636,34.037422377491765,54.26064200878193,11.308639112504508,0.2264957264957265,-0.5951912049428785,-0.5319995890145606,11.16931693322894,0.08392803962350442,0.09704478652184977,0.12830279196539693,-2.8255522936963042
2912,24.152200999999877,150.27675722416745,239.56753833100535,34.03704330290972,54.26102363907386,10.757451546866136,0.2264957264957265,-0.5955702795249209,-0.5323812193064938,11.010551161303992,0.03982059497123039,0.04441745679256671,0.059653920674020325,-3.169803710527269
2913,24.155552700000044,150.278146978161,239.5661056215697,34.03735807625014,54.26069913650938,11.199436476365417,0.2264957264957265,-0.5952555061845004,-0.5320567167420123,10.978798006919002,0.04785944971858093,0.04997730034866736,0.06919723605395149,2.5965937276332145
2914,24.168458699999974,150.27464920181563,239.56990164953305,34.03656584485568,54.261558920620736,10.483763943222304,0.2264957264957265,-0.5960477375789637,-0.5329165008533678,10.972447376042004,0.024814679526113406,0.023106189983923275,0.03390670045222431,2.3358788577704686
2915,24.171784900000148,150.27588047061994,239.56874494363325,34.03684472197802,54.26129693167761,11.144698955636649,0.2264957264957265,-0.5957688604566229,-0.5326545119102448,11.081621738391997,0.05953552513933432,0.05696131195856795,0.08239581186964301,14.297353969223668
2916,24.18473320000021,150.2780765629675,239.5666018242872,34.03734212750973,54.260811524304366,11.276885958119518,0.2264957264957265,-0.5952714549249123,-0.5321691045369974,11.103456610861993,0.047765200446723846,0.04430744171600781,0.06515108414395832,16.70431178714205
2917,24.18825190000007,150.28029642345672,239.56445242750735,34.03784491642396,54.26032469511919,11.303323358616092,0.2264957264957265,-0.5947686660106868,-0.5316822753518196,11.26863748916459,0.08249685925514494,0.0787701416739501,0.11406343413336881,17.18022777116469
2918,24.20115140000007,150.28229334414544,239.56254178729677,34.0382972104261,54.25989194327662,11.308610838715406,0.2264957264957265,-0.5943163720085423,-0.5312495235092527,11.301673664825108,0.07122832006804422,0.0681236289163654,0.09856116068944404,10.637469835925108
2919,24.204651900000044,150.2840285362317,239.56090827397264,34.03869022401829,54.25952195948953,11.309668334735271,0.2264957264957265,-0.5939233584163546,-0.5308795397221644,11.308280899957213,0.07784759337752627,0.07355367104712576,0.1070999081193885,2.038507541738113
2920,24.216802100000223,150.28550374660676,239.55953859193068,34.039024352863926,54.25921173236036,11.309879833939243,0.2264957264957265,-0.5935892295707177,-0.5305693125929949,11.309602346983633,-0.0047927359112259205,0.060537762097290365,0.060727184664389644,-7.855610676222791
2921,24.22068870000021,150.28673085608528,239.5584294172698,34.039302287916755,54.25896050903974,11.309922133780038,0.2264957264957265,-0.5933112945178891,-0.5303180892723702,11.149052732580323,-0.09702940887429556,-0.006517723194573409,0.09724806888641187,-8.732311300793342
2922,24.233396099999936,150.27156522134555,239.5543183528526,34.03586733645861,54.258029370517896,11.309930593748197,0.2264957264957265,-0.5967462459760355,-0.5293869507505278,11.11694280969966,-0.16975268027124424,-0.018334496837015567,0.17073993742981694,-11.554661493622717
2923,24.236919899999975,150.26493567789498,239.55901263264673,34.03436577319844,54.25909260483024,10.50586276669886,0.2264957264957265,-0.5982478092362058,-0.5304501850628753,11.110520825123526,-0.3193727619976833,0.015878265655554342,0.31976722850576356,-12.959327658943332
2924,24.25018030000001,150.2502205832921,239.55628376729254,34.03103286715591,54.25847452848934,11.14911872033196,0.2264957264957265,-0.601580715278736,-0.5298321087219691,10.948422524399707,-0.34493545309547424,-0.019742088707037374,0.34549995205310324,-4.825162527136267
2925,24.25486890000002,150.23530371149684,239.55221409978213,34.02765425944159,54.25755276618997,11.27776991105858,0.2264957264957265,-0.6049593229930537,-0.5289103464225988,10.916002864254944,-0.2727433555346523,-0.03709198006084033,0.2752539790323394,-4.336377381636329
2926,24.26503700000012,150.2327761231867,239.55730782792403,34.027081771491005,54.25870647384604,10.499430630160937,0.2264957264957265,-0.6055318109436385,-0.5300640540786716,10.909518932225991,-0.16087817932776838,-0.03899520635692208,0.16553674728783496,-3.9843595777289265
2927,24.280671800000164,150.2390335693709,239.5582379372056,34.0284990563105,54.25891713962349,11.147832293024376,0.2264957264957265,-0.6041145261241425,-0.5302747198561235,10.9082221458202,-0.08276045317370961,-0.05016797334572048,0.09677870715779738,1.2716521927703583
2928,24.28483009999991,150.2414791259853,239.5639521844967,34.02905296443257,54.26021139221507,10.473443106554095,0.2264957264957265,-0.6035606180020707,-0.5315689724477011,10.907962788539042,0.13805262851012906,-0.08169761850286368,0.16041517729814456,4.101211412656411
2929,24.296267499999885,150.24851065063694,239.56441944260854,34.030645574716914,54.26031722418057,11.142634788303008,0.2264957264957265,-0.6019680077177298,-0.5316748044131998,11.068724820891404,0.11301920998456841,-0.04228700197002832,0.12067117452461108,3.512277372421662
2930,24.300712600000224,150.2560363540655,239.56365506206816,34.03235011438235,54.26014409525475,11.27647312465279,0.2264957264957265,-0.6002634680522902,-0.5315016754873838,11.100877227361877,-0.034248942264303806,0.01015504676813695,0.03572275214882896,-4.532346602175846
2931,24.31217659999993,150.24685134315504,239.55942420252876,34.03026974866332,54.25918582364967,11.303240791922747,0.2264957264957265,-0.6023438337713216,-0.5305434038823051,11.059809234534878,0.02327005302805729,0.030898994827382155,0.03868130361390613,-10.129130751857478
2932,24.316370200000165,150.23489627695088,239.5548188191869,34.0275619772581,54.25814272400387,11.308594325376738,0.2264957264957265,-0.6050516051765413,-0.5295003042364996,10.890781732160885,0.04226741414674927,-0.03572509867545403,0.05534272286420092,-22.47505956489134
2933,24.32811589999983,150.25671830141545,239.56558077291197,34.03250457254281,54.26058026053134,10.268103142419099,0.2264957264957265,-0.6001090098918311,-0.5319378407639732,10.561358403316945,0.11424447146946647,-0.11328310268418698,0.16088772673853588,-28.404499715325777
2934,24.33287109999992,150.26163593521716,239.5727687894194,34.033618395583375,54.26220831555226,10.29749727643304,0.2264957264957265,-0.5989951868512691,-0.5335658957848892,10.334659833739563,0.18879071221881233,-0.18745759800171594,0.26604940155666457,-27.82301146406293
2935,24.344187799999872,150.29877690372615,239.59019842294077,34.04203066622857,54.266156053059234,9.629356480433092,0.2264957264957265,-0.5905829162060741,-0.5375136332918657,10.081007589306507,0.2959969782667751,-0.2545880691818668,0.3904219462489433,-17.005375380759478
2936,24.348976600000242,150.30282075181043,239.59627244509068,34.042946580538256,54.26753179311883,10.169747944035839,0.2264957264957265,-0.5896670018963874,-0.5388893733514593,10.07777561454099,0.14752264954961025,-0.2307779625957793,0.2739003471155085,-5.755080318693632
2937,24.36059800000021,150.29719414058934,239.60073208221993,34.04167217714203,54.26854188187033,10.040333103211465,0.2264957264957265,-0.590941405292611,-0.5398994621029587,10.23794312339648,0.036931522505313605,-0.12977586479846628,0.1349285456778894,4.187803056852527
2938,24.36482909999995,150.2911869628817,239.6023848638167,34.04031157706295,54.26891622983882,10.251943268591512,0.2264957264957265,-0.5923020053716925,-0.5402738100714544,10.357282075607031,0.05088340536028757,-0.11087997241671155,0.12199790663855693,18.362056367265787
2939,24.37652560000015,150.2747277404763,239.5939861085323,34.03658363352668,54.267013947659024,11.098334820710491,0.2264957264957265,-0.5960299489079617,-0.5383715278916554,10.381149866049142,0.00858827494052699,-0.05827970630902067,0.05890910484738151,21.903651884944317
2940,24.380923000000166,150.29051421050968,239.5989245361663,34.0401592015257,54.26813248041373,10.226051241485848,0.2264957264957265,-0.5924543809089471,-0.5394900606463651,10.594235954655144,-0.11419528919182942,0.041190826780345836,0.12139706868147192,12.262201387450006
2941,24.39286630000015,150.289448315811,239.60020491944198,34.03991778093155,54.26842248175395,10.28908689624639,0.2264957264957265,-0.5926958015030905,-0.5397800619865833,10.797667076184936,-0.11692994868177357,0.09886154840990216,0.15312158127685865,6.859615404471394
2942,24.397735600000033,150.27389253549572,239.59138118591517,34.03639446316783,54.266423943818396,11.105763546241466,0.2264957264957265,-0.5962191192668129,-0.5377815240510273,10.630040769973316,-0.11306048146081109,0.05734618211201811,0.1267724618005628,6.559096960602088
2943,24.4094556,150.25654533846378,239.58103850326592,34.03246539717342,54.26408137039783,11.269098876240482,0.2264957264957265,-0.6001481852612258,-0.5354389506304642,10.644013982852085,-0.28568883053238087,0.1000669319432006,0.3027069519510323,-6.458671361775174
2944,24.414650100000017,150.24967939491867,239.58206916561141,34.030910290302096,54.26431481101455,10.260203289652393,0.2264957264957265,-0.601703292132548,-0.5356723912471821,10.64680862542784,-0.289484014291999,0.08421926670385037,0.3014861181128321,-11.550894401128716
2945,24.424285699999928,150.2475509217277,239.58380311903957,34.03042820022038,54.26470754405597,10.295917305879698,0.2264957264957265,-0.602185382214266,-0.536065124288605,10.486553650134397,-0.14502552502906144,-0.0033519016477125147,0.14506425526162833,-4.026538060088775
2946,24.428088600000137,150.2468929184202,239.58554123386145,34.03027916528321,54.265101219635284,10.303060109125159,0.2264957264957265,-0.6023344171514324,-0.5364587998679156,10.454502655075707,-0.010486891282560432,0.008806714057508783,0.013694272571515611,4.565414997717339
2947,24.44094219999988,150.2468199703277,239.58709728356303,34.030262642852,54.265453658242905,10.304488669774251,0.2264957264957265,-0.6023509395826423,-0.5368112384755364,10.495591082772957,0.05368646566691121,0.016044260338225192,0.056032623404630826,4.225183985875219
2948,24.444770600000084,150.25252377920302,239.58269122152552,34.031554531187005,54.26445570402074,11.10884390094704,0.2264957264957265,-0.6010590512476384,-0.535813284253372,10.664622672121,-0.07840114117107942,0.12454157813331711,0.14716434221938632,7.389656180031516
2949,24.45654229999991,150.25364074094333,239.5831461025005,34.031807518247845,54.26455873261764,10.465645428138629,0.2264957264957265,-0.6008060641867985,-0.5359163128502686,10.650930363281624,-0.0813931367277975,0.13707876398619412,0.15942217613109116,6.471187838723752
2950,24.459926500000165,150.24302520598778,239.57564950169933,34.02940314494595,54.26286078457292,11.141075252619915,0.2264957264957265,-0.6032104374886913,-0.5342183648055538,10.64819190151375,-0.10746440033800504,-0.09195454183436938,0.14143632879842366,3.9004828291287903
2951,24.47231950000014,150.2400623317704,239.57788378045413,34.02873206659757,54.263366839162686,10.23459856492828,0.2264957264957265,-0.6038815158370738,-0.5347244193953173,10.48683030535158,-0.1701443353076508,-0.15923593249667872,0.23303471208249027,-5.0335555174284305
2952,24.475661399999808,150.23811998357735,239.59518505644166,34.02829213303248,54.26728550423679,10.290796360934877,0.2264957264957265,-0.604321449402164,-0.5386430844694203,10.454557986119145,-0.1686159082852462,-0.15954658205541533,0.23213452214701702,-4.2267121564033525
2953,24.488117599999896,150.239442563033,239.59935015815338,34.028591691627135,54.26822888197491,10.302035920136195,0.2264957264957265,-0.604021890807509,-0.539586462207545,10.44810352227266,-0.13761427537867654,-0.13998916680638296,0.19630245951374,-3.534482295385984
2954,24.504211899999973,150.24151270985004,239.6000824431028,34.029060571034414,54.26839474138653,10.30428383197646,0.2264957264957265,-0.6035530114002299,-0.5397523216191615,10.494311256212345,-0.12408373810085782,-0.12592957391479045,0.1767909263719237,-0.9009183087546513
2955,24.507696699999997,150.23296652585117,239.59085847088312,34.02712489688082,54.26630555109746,11.10880293338748,0.2264957264957265,-0.6054886855538228,-0.5376631313300919,10.503552803000282,-0.09517660535484969,-0.08599565479146927,0.12827251790577104,3.94390081805311
2956,24.520232899999883,150.2337138909843,239.58922767924423,34.02729417188961,54.265936183760445,10.465637234626715,0.2264957264957265,-0.6053194105450359,-0.5372937639930768,10.505401112357871,-0.0896385176160442,-0.0793235764148986,0.11969667336919654,1.6543387237828298
2957,24.52371600000015,150.23391217635935,239.6041893966177,34.02733908267968,54.26932494880657,10.337004094874564,0.2264957264957265,-0.6052744997549624,-0.5406825290392021,10.55614018951259,-0.3219400723269976,-0.15369129749227423,0.3567442012069309,9.856217134607366
2958,24.53630720000001,150.23678843837695,239.60654509085364,34.02799054373495,54.269858503483945,10.311277466924132,0.2264957264957265,-0.6046230386996925,-0.5412160837165771,10.405474101134942,-0.2209534081188254,-0.32492094471081306,0.39293005595282665,9.973053937479063
2959,24.540956599999845,150.2135435756587,239.61438956861184,34.02272568166629,54.27163524417277,10.557979217750061,0.2264957264957265,-0.6098879007683564,-0.5429928244054025,10.609491884435974,-0.19053359788947838,-0.2033549074716869,0.27866874657472407,10.356453372442004
2960,24.553565300000173,150.2107307120299,239.62867597491663,34.02208858007515,54.27487105414779,10.355472491499231,0.2264957264957265,-0.6105250023594948,-0.5462286343804195,10.65029544109618,-0.18090382036399882,-0.041367456652711646,0.18557332430121506,7.876244784110521
2961,24.557518300000083,150.21362094094692,239.61755336262564,34.02274320457345,54.2723518299964,11.485726151131878,0.2264957264957265,-0.609870377861192,-0.5437094102290345,10.658456152428222,-0.32570783223608135,-0.15227810009511528,0.35954723159621915,8.073753151662743
2962,24.570432800000162,150.21710152429924,239.62684622639858,34.02353154182846,54.27445662392788,10.541021878175595,0.2264957264957265,-0.6090820406061823,-0.5458142041605143,10.68643122072002,-0.11559922136079873,-0.10961907769552454,0.15930951689726633,-6.03367712432729
2963,24.57424970000011,150.20577226828183,239.63690564839652,34.02096551375614,54.276735040021435,10.35208102358434,0.2264957264957265,-0.6116480686785053,-0.5480926202540672,10.644527607669396,-0.0777668641296437,-0.19769472309258893,0.21244031796063073,-7.089084909858561
2964,24.585129900000084,150.201841321465,239.6450166647847,34.02007517110105,54.278572150570895,10.697854559209055,0.2264957264957265,-0.6125384113335954,-0.5499297308035267,10.354497409961615,-0.15100216629021013,-0.35613116875715356,0.38682174652502727,-7.527199215788826
2965,24.5888716999998,150.2041315950147,239.65653157098131,34.02059390827256,54.28118022761543,10.145954426246108,0.2264957264957265,-0.6120196741620845,-0.5525378078480614,10.34686078570326,-0.40175286201654303,-0.3402412919265149,0.5264688963939915,-14.386425512579573
2966,24.600980199999867,150.1934088447986,239.6648119088586,34.018165251172334,54.28305568875857,10.035575162592972,0.2264957264957265,-0.6144483312623095,-0.5544132689912047,10.34533346085159,-0.30706600860563155,-0.23089002564582195,0.384187112724675,-9.318730152153787
2967,24.604855600000064,150.1730012590512,239.6662411241873,34.01354302021245,54.283379399922765,10.502838756883829,0.2264957264957265,-0.6190705622221913,-0.554736980155397,10.220817027863678,-0.22247088844506047,-0.27531637784039226,0.35396667090658146,0.4616593263894111
2968,24.61762779999981,150.16178821759485,239.6690703518476,34.01100331424157,54.28402020789711,10.344444399325987,0.2264957264957265,-0.6216102681930735,-0.5553777881297393,10.404226271783674,-0.2521135404031163,-0.12612468508883373,0.2819018862004141,1.14958220961466
2969,24.621411999999964,150.16748791743584,239.6756027014873,34.01229427189786,54.28549975717447,10.075272394269494,0.2264957264957265,-0.6203193105367859,-0.5568573374071022,10.488406747276658,-0.43374293824438626,-0.0674054557992145,0.4389492361861145,5.127598920957421
2970,24.633448800000224,150.1669787908824,239.67300147493236,34.01217895690927,54.28491059047613,11.063000645846088,0.2264957264957265,-0.6204346255253768,-0.556268170708762,10.505242842375255,-0.25870022648812313,-0.037830411887562705,0.2614516155019679,12.659248458831698
2971,24.63750059999984,150.14714478316984,239.67052011360613,34.00768663892308,54.28434857273985,10.45647754005789,0.2264957264957265,-0.6249269435115608,-0.5557061529724834,10.585322402703566,-0.35869257607150706,0.022956017728317367,0.3594264081543768,-1.986531951338824
2972,24.648989599999823,150.1310397358315,239.6672561880695,34.00403891452594,54.2836093075542,10.587019232376813,0.2264957264957265,-0.6285746679087012,-0.5549668877868328,10.648836941478214,-0.3797309242886283,0.0909470759486909,0.39047015953170217,-7.77995310607211
2973,24.652312400000028,150.12078788805945,239.66353340736893,34.00171691481688,54.28276611363484,10.74484220096755,0.2264957264957265,-0.6308966676177619,-0.5541236938674743,10.453227471303455,-0.3516277479754541,0.04594070725404632,0.3546161611225459,-14.515742406248267
2974,24.66519879999987,150.13421232235666,239.66643648294576,34.00475749181582,54.28342364784669,10.39284508814273,0.2264957264957265,-0.6278560906188204,-0.554781228079321,10.366606950559518,-0.13098806388577855,0.009527018164729567,0.1313340662419918,-17.465135880642954
2975,24.668767300000127,150.13627524855792,239.6692107442716,34.00522473578449,54.28405200618117,10.084953294972296,0.2264957264957265,-0.627388846650156,-0.555409586413802,10.251414957006435,-0.07243815531141187,-0.02232070472338716,0.07579907785896123,-20.156781572393104
2976,24.68093859999999,150.13597844959065,239.67154081473,34.005157512086775,54.284579757182435,10.02337493633821,0.2264957264957265,-0.6274560703478684,-0.5559373374150667,10.312478120795818,0.08373080119290928,-0.05420477585234172,0.09974469807267505,-6.86784216374121
2977,24.685388299999886,150.13549226254415,239.67340507062585,34.00504739279846,54.28500200317594,10.011059264611392,0.2264957264957265,-0.6275661896361839,-0.5563595834085717,10.277192279432601,0.04325103562968112,-0.046824860430075,0.06374338896964885,4.791220387545931
2978,24.697375199999897,150.1398339115833,239.66841230281273,34.00603075775177,54.283871162602885,11.050158019914466,0.2264957264957265,-0.6265828246828704,-0.5552287428355172,10.368003000564254,-0.01683230979889062,0.0035262374005597917,0.01719770343304407,14.379040315975548
2979,24.70176649999985,150.1404844483548,239.66868617506842,34.00617810155045,54.2839331934984,10.216415881326643,0.2264957264957265,-0.6264354808841972,-0.5552907737310306,10.594477522720274,0.016658536168263818,0.06457918294600257,0.0666931607981105,11.32622947369009
2980,24.712591399999837,150.13238444827033,239.66506964557374,34.0043434861467,54.28311406502311,10.539006900630563,0.2264957264957265,-0.6282700962879417,-0.5544716452557452,10.763983242581165,0.006530661988213494,0.10192030104400354,0.10212931660842837,12.731120347264472
2981,24.71749039999986,150.13588694458713,239.6594047710126,34.00513678659452,54.28183099514388,11.1557475471183,0.2264957264957265,-0.6274767958401242,-0.5531885753765096,10.713782824053343,-0.023878078559317395,0.09408888966135207,0.09707152926265773,9.924115821349599
2982,24.728578499999912,150.13219637603936,239.65491009167891,34.00430088859011,54.28081296948283,10.858587863915849,0.2264957264957265,-0.6283126938445349,-0.5521705497154628,10.70374274034778,-0.023553906652506573,0.07386493725485295,0.07752944907748512,-11.148207743568715
2983,24.74404110000023,150.12741707496687,239.65114283664042,34.003218397321554,54.27995970231599,10.799155927275358,0.2264957264957265,-0.6293951851130899,-0.5513172825486237,10.603866834202371,0.01729654551904431,0.046916764904751246,0.050003533035377315,-13.678212957356212
2984,24.748285300000134,150.12807619256984,239.65330237175777,34.00336768464189,54.28044882779129,10.166215462798823,0.2264957264957265,-0.6292458977927566,-0.5518064080239213,10.375579122455711,0.13836024531201893,-0.059631629380591106,0.15066349493286763,-11.314847562995825
2985,24.76106230000005,150.13003769438268,239.65663461393552,34.00381195642001,54.2812035664042,10.039627369903515,0.2264957264957265,-0.628801626014635,-0.5525611466368332,10.414023142606377,0.1873377633044162,-0.06553895528420153,0.19847113699388644,-8.91269219325398
2986,24.76596040000004,150.14662990699412,239.6624916307788,34.00757002166961,54.282530155689216,10.014308988385,0.2264957264957265,-0.625043560765036,-0.5538877359218475,10.421711946636512,0.16407030281903315,-0.040075927757782744,0.16889388459259339,-1.1695523134940942
2987,24.777283700000226,150.1551038268462,239.65937824827085,34.00948932830277,54.28182498785622,11.05080796466919,0.2264957264957265,-0.6231242541318736,-0.5531825680888502,10.547460522872225,0.11745557864759218,-0.06836799786733971,0.1359043637556546,12.510027647106057
2988,24.781914099999995,150.15129426725844,239.6556473269603,34.008626479336314,54.28097995012349,10.837599947426027,0.2264957264957265,-0.6239871030983295,-0.5523375303561195,10.696821053549057,0.04438999539487261,-0.044772937224251394,0.0630482957647831,4.066434627184175
2989,24.792460699999992,150.14207924308414,239.66760064399594,34.00653931574128,54.283687325349504,10.794958343977394,0.2264957264957265,-0.6260742666933652,-0.555044905582136,10.850904127702,-0.14142531666205443,-0.03506132256703232,0.1457066111510108,3.141367547737862
2990,24.796987600000193,150.13547250852494,239.66642332384077,34.00504291859753,54.28342066736565,10.786430023287668,0.2264957264957265,-0.6275706638371119,-0.5547782475982785,10.673408364602901,-0.17252075900075453,-0.08523651461014298,0.19242836513643602,0.5087959249320355
2991,24.808605400000033,150.12717180755115,239.67782485561838,34.00316284530005,54.28600306558878,10.784724359149722,0.2264957264957265,-0.6294507371345972,-0.5573606458214115,10.637909211983082,-0.14463019009130798,-0.1059155593274883,0.1792651600102557,-5.96327754167858
2992,24.81205600000021,150.12738545066708,239.6806981267464,34.0032112345528,54.286653849220336,10.163329149173695,0.2264957264957265,-0.6294023478818431,-0.5580114294529679,10.630809381459118,-0.1597165834806107,-0.13858346408606825,0.21145865685001752,-8.896551108727827
2993,24.825727899999947,150.12455495031327,239.6759232804659,34.002570138318816,54.28557236694313,10.660104184326928,0.2264957264957265,-0.6300434441158274,-0.5569299471757603,10.629389415354325,-0.12183408003374813,-0.20375712736817242,0.237403685756981,1.5099350340577369
2994,24.830742900000132,150.11850293435566,239.6852238010735,34.001199382567734,54.28767889511494,10.759459191357575,0.2264957264957265,-0.63141419986691,-0.5590364753475683,10.629105422133367,-0.15907036934367433,-0.2993657763502319,0.33900331923583,-3.682669097442176
2995,24.840424800000164,150.1124695141065,239.69663554011214,33.99983283866515,54.290263605239076,10.779330192763704,0.2264957264957265,-0.6327807437694943,-0.5616211854717079,10.75325943891886,-0.17767004951791818,-0.2945351579686924,0.3439732631693081,-5.569924918522146
2996,24.843849500000033,150.10720749693482,239.70722468092646,33.998641014263015,54.29266200038078,10.78330439304493,0.2264957264957265,-0.6339725681716288,-0.5640195806134116,10.653879426846274,-0.14531646033797796,-0.4521515092775903,0.47492932209662725,-7.074002131854024
2997,24.856385500000215,150.10283642013215,239.71632643390348,33.99765098404703,54.29472350853369,10.784099233101173,0.2264957264957265,-0.6349625983876166,-0.5660810887663246,10.50979260900207,-0.07824681241074274,-0.4085637892771311,0.41598910269492634,-7.156843077661856
2998,24.86016520000021,150.10475344707405,239.72815768879815,33.99808518245694,54.29740323720642,10.163204123963986,0.2264957264957265,-0.6345283999777038,-0.568760817439049,10.480975245433228,-0.07493314050574248,-0.4193284121965655,0.42597099997693044,-11.287404320783825
2999,24.872406200000114,150.10810517085054,239.7390805904124,33.99884433356871,54.29987722774298,10.039025102136549,0.2264957264957265,-0.6337692488659314,-0.571234807975614,10.47521177271946,-0.015411748918246196,-0.2891144708159137,0.2895249544337843,-5.571620322902856
3000,24.875918000000183,150.10617363157982,239.74405435780818,33.998406848178334,54.30100376480271,10.635243374919497,0.2264957264957265,-0.6342067342563098,-0.5723613450353398,10.447716152151317,-0.06125376987230889,-0.2751126886072549,0.28184927843846286,2.8542070161046142
3001,24.888425000000097,150.10339048431098,239.74677408749892,33.99777647721574,54.30161977195488,10.754487029476088,0.2264957264957265,-0.6348371052189066,-0.5729773521875146,10.442217028037687,-0.07330392120906043,-0.15169459536182148,0.16847763984164452,4.3511130732212235
3002,24.892443600000206,150.09792251121445,239.74844965590793,33.99653800467678,54.301999281038974,10.646621130260453,0.2264957264957265,-0.6360755777578646,-0.5733568612716056,10.565328018644648,-0.09445904704889366,-0.11839210074063097,0.15145692815835404,8.856234660430557
3003,24.904759500000182,150.10089282873133,239.75344618472894,33.997210768900686,54.30313097346425,10.135708503395842,0.2264957264957265,-0.6354028135339576,-0.5744885536968809,10.56360729074065,-0.08598417510867465,-0.051724383605181945,0.10034286336583803,10.706959863358065
3004,24.908557199999905,150.10015912026876,239.75404300370178,33.99704458706942,54.30326615041109,10.654580055171357,0.2264957264957265,-0.6355689953652259,-0.5746237306437223,10.64736470765985,0.02286696045128568,-0.019848489635084603,0.03027970312065038,18.009483568636366
3005,24.920319800000016,150.09589015238163,239.7533911220192,33.99607768408644,54.3031185019958,10.626639735399506,0.2264957264957265,-0.6365358983482068,-0.5744760822284292,10.66411619104369,0.07573633231066333,0.004421490199728181,0.075865285918248,12.2790701105222
3006,24.923855999999887,150.10360052881805,239.75167175511416,33.99782405139896,54.30272907273953,11.17327411407209,0.2264957264957265,-0.6347895310356861,-0.5740866529721629,10.791677303150145,0.044563191359296414,0.045156397265053744,0.0634427161940961,14.134807451785676
3007,24.93672000000015,150.1011107034936,239.7501432805754,33.99726011660325,54.302382879788446,10.730378547179653,0.2264957264957265,-0.6353534658313933,-0.573740460021078,10.817189525571436,0.04927065893185747,0.05872685552845255,0.07665795061074333,8.46701839713774
3008,24.94016079999983,150.0995727198187,239.7484450913841,33.99691176987346,54.301998247193836,10.773514063928118,0.2264957264957265,-0.6357018125611802,-0.5733558274264681,10.848634896081085,0.06327571817120645,0.061327397191941566,0.08811847795110914,8.320652221101824
3009,24.952543100000184,150.0984672461168,239.74668158534604,33.996661384804234,54.30159882061256,10.782141167277812,0.2264957264957265,-0.6359521976304094,-0.5729564008451931,10.770822407683015,-0.043527257482410715,0.061107990931133296,0.07502538703385374,1.2291365322026557
3010,24.968115000000125,150.09763011719326,239.74492463827988,33.99647177868052,54.3012008796104,10.78386658794775,0.2264957264957265,-0.6361418037541213,-0.5725584598430302,10.781602836028792,-0.03627667614013028,0.0611865345920137,0.07113219557384397,2.1151664010634867
3011,24.971618800000215,150.0970088476577,239.74323799550746,33.99633106378572,54.30081886223032,10.784211672081739,0.2264957264957265,-0.636282518648926,-0.5721764424629541,10.783758921697947,-0.0191919170764616,0.05535116913159717,0.05858397054915665,1.1246206033737136
3012,24.98479950000001,150.09656742797887,239.74164903745108,33.996231084114875,54.30045897002097,10.784280688908536,0.2264957264957265,-0.6363824983197688,-0.571816550253601,10.868291701331778,0.019282224957051168,0.05540720036712081,0.05866653263843534,0.3748368003369915
3013,24.988838100000066,150.09628541168223,239.7401760533081,33.99616720862888,54.30012534540739,10.784294492273895,0.2264957264957265,-0.6364463738057609,-0.5714829256400193,10.885198257258544,0.03615503113131882,0.06701320300662694,0.07614430808218056,-8.55944492698886
3014,25.000881200000094,150.10543884559632,239.7384459603485,33.998240422293186,54.2997334867456,11.204805065446967,0.2264957264957265,-0.6343731601414575,-0.5710910669782336,10.76436875301421,0.060446958409648185,0.03378269768392857,0.06924669987646667,-9.14501911668624
3015,25.00425499999983,150.1065141303444,239.73720090659103,33.99848396969339,54.29945148739028,10.868399367581581,0.2264957264957265,-0.6341296127412548,-0.5708090676229105,10.615992036735657,0.13064109743559382,-0.02671660058801338,0.13334494023455015,-23.702420624455264
3016,25.01708749999989,150.11112026232243,239.7404373116087,33.99952723890209,54.30018451929599,10.180064150860067,0.2264957264957265,-0.633086343532554,-0.5715420995286209,10.586316693479947,0.13011185461392738,-0.041076881605034386,0.13644194704514367,-27.152190550931916
3017,25.020315400000072,150.1160140133345,239.74435920583187,34.000635652592855,54.301072811577306,10.042397107515765,0.2264957264957265,-0.6319779298417885,-0.572430391809938,10.372069246899116,0.13925095752544603,-0.08509801652322252,0.16319467389575013,-19.497654535734444
3018,25.033104600000115,150.11497152091175,239.7437489506279,34.0003995325142,54.300934591381534,10.635917775995342,0.2264957264957265,-0.6322140499204423,-0.5722921716141656,10.205008942153261,0.1373012361161685,-0.11243341760303376,0.17746239836350133,-8.535051012869387
3019,25.036319899999853,150.11806401670253,239.7464116334089,34.00109996959502,54.30153767765245,10.13356783254282,0.2264957264957265,-0.6315136128396261,-0.5728952578850794,10.29580769663378,0.09094471948103355,-0.08092303242541907,0.12173528321078203,-13.927466739388205
3020,25.049461099999917,150.12168671950766,239.74949200747332,34.001920496298744,54.302235369214046,10.033097843852314,0.2264957264957265,-0.6306930861358993,-0.5735929494466774,10.438178262959571,0.010600342224914135,-0.01758825499312124,0.020535675518189113,0.958736788935159
3021,25.052731400000084,150.1195139345156,239.74804194718084,34.00142836978345,54.301906936754634,10.63405792326265,0.2264957264957265,-0.6311852126511965,-0.5732645169872654,10.342441560795038,0.038017961167761904,-0.040757598621711945,0.05573640835900738,4.630152489752517
3022,25.065770799999882,150.11615549168553,239.74565382785966,34.00066769683476,54.301366037934024,10.754249939144719,0.2264957264957265,-0.6319458855998832,-0.5727236181666555,10.44750503579182,-0.015019664416489392,0.0034009725771730684,0.01539990044301069,-0.944867457856992
3023,25.069739600000048,150.11823412438622,239.7474943895821,34.00113849825842,54.30178291729851,10.157234265172693,0.2264957264957265,-0.6314750841762233,-0.573140497531142,10.468517730791177,-0.238383035314942,-0.07791737718914435,0.2507939177771269,-6.901632840244691
3024,25.081269499999962,150.11582409506138,239.7458030407549,34.00059263691561,54.30139983401714,10.658885207526726,0.2264957264957265,-0.6320209455190309,-0.5727574142497716,10.47272026979105,-0.2264035173993988,-0.09437744244626592,0.2452868816987939,0.6966142723095738
3025,25.085273300000154,150.09718569905831,239.75392894012037,33.99637111987218,54.30324031549735,10.138161318849097,0.2264957264957265,-0.6362424625624641,-0.5745978957299798,10.39684858887032,-0.34960581083608433,-0.2349351976209912,0.4212110754141802,-3.5255277355985744
3026,25.097782299999835,150.09218277730363,239.75292773063558,33.99523797947475,54.30301354582772,10.655070618262007,0.2264957264957265,-0.6373756029598923,-0.574371126060349,10.505885068115862,-0.37960338471625354,-0.20863009261454804,0.4331572984868094,-3.9557881220717412
3027,25.10198850000006,150.07965961644504,239.76520870878193,33.992401537058065,54.30579513489505,10.374891534541074,0.2264957264957265,-0.6402120453765789,-0.5771527151276814,10.450980175244268,-0.48776816400407025,-0.34374759695967594,0.5967245530656949,-7.648716946194695
3028,25.113606599999912,150.07805089043939,239.76385008979315,33.99203716749268,54.30548741350016,10.702416661400402,0.2264957264957265,-0.640576414941961,-0.5768449937327915,10.487497823378932,-0.3202846456059879,-0.30257355662067714,0.4406052784262115,-2.721067241952002
3029,25.117441299999882,150.06809289228758,239.77472564500687,33.98978172346685,54.30795068027933,10.384360743168752,0.2264957264957265,-0.6428318589677957,-0.579308260511965,10.418089164285162,-0.3972674620928971,-0.42046240780422595,0.578454901279485,-7.3340178014298925
3030,25.128486800000246,150.05751241984925,239.78710334728686,33.98738529167526,54.31075417694959,10.320749559522422,0.2264957264957265,-0.645228290759384,-0.5821117571822185,10.480919621187113,-0.24916947635549763,-0.26558921357414583,0.3641744888294705,-4.949149904212782
3031,25.132957499999975,150.0481267316713,239.79838029849162,33.985259473412725,54.31330835820537,10.308027322793157,0.2264957264957265,-0.6473541090219186,-0.5846659384380004,10.4167735238468,-0.2949095713593545,-0.3343139602423881,0.44579981975356076,-2.1614524127670456
3032,25.144321000000218,150.05144513506627,239.79270802017953,33.98601107760048,54.312023611408186,10.68904381905082,0.2264957264957265,-0.6466025048341635,-0.583381191640818,10.403944304378737,-0.20109183286472138,-0.2367490442297458,0.3106252326978463,1.7171802397449203
3033,25.148661700000048,150.0464611372822,239.7987858307285,33.98488222340152,54.31340020952398,10.381686174698835,0.2264957264957265,-0.6477313590331235,-0.5847577897566083,10.478090649205825,-0.09861590590524746,-0.10344740047668657,0.1429211725494043,-2.727718897442875
3034,25.160130499999923,150.0404315074651,239.8066109779458,33.9835165380156,54.315172571927896,10.32021464582844,0.2264957264957265,-0.6490970444190438,-0.5865301521605275,10.492919918171243,-0.014987248467224023,-0.004988467454039341,0.015795645734135676,-0.10825822644733735
3035,25.16459020000002,150.0462483187608,239.7984850198771,33.98483402091591,54.31333207715165,10.691481283657875,0.2264957264957265,-0.6477795615187318,-0.5846896573842812,10.419173583243623,-0.0407327029999932,-0.04528529411168363,0.060909038380747266,0.08046491618317309
3036,25.176382000000103,150.04326221396755,239.8025990076548,33.984157680941365,54.314263877802155,10.382173667620247,0.2264957264957265,-0.6484559014932785,-0.5856214580347867,10.404424316258101,-0.0360142184677035,-0.05040521727641266,0.06194925229994181,-7.33080995112405
3037,25.192295400000148,150.03886502248602,239.80881167818325,33.98316173586222,54.315671021126974,10.320312144412721,0.2264957264957265,-0.6494518465724255,-0.5870286013596058,10.401474462860996,-0.024518540536954306,-0.03780983645487679,0.045063761081458806,-7.841703522185949
3038,25.196165400000154,150.03482459302384,239.81466782433097,33.98224659585583,54.31699741320317,10.307939839771215,0.2264957264957265,-0.6503669865788169,-0.5883549934358001,10.324172303460871,-0.11590554281239297,-0.1702287623659821,0.20594156062167118,-7.314180038006018
3039,25.208421400000134,150.03149133502353,239.81962230886595,33.98149162716345,54.31811958277733,10.305465378842914,0.2264957264957265,-0.6511219552711935,-0.5894771630099598,10.308711871580847,-0.11136880987396172,-0.16566923290678112,0.19962291087113204,-7.224475064093965
3040,25.21206140000004,150.02889563038673,239.82363040021454,33.98090371115597,54.31902739833919,10.304970486657254,0.2264957264957265,-0.6517098712786762,-0.5903849785718194,10.258121158495857,0.04461508028081221,-0.21242412479370293,0.21705878047854685,-7.288141920200057
3041,25.224673100000018,150.0269649659463,239.82676102412591,33.98046642391091,54.319736471276386,10.304871508220122,0.2264957264957265,-0.6521471585237322,-0.5910940515090175,10.248003015878862,0.09526799554178174,-0.15218110651835853,0.17954130487356088,-3.3002897752407696
3042,25.228690599999936,150.03968878176977,239.8324760836682,33.98334831381965,54.32103090783938,10.067358578987776,0.2264957264957265,-0.6492652686149967,-0.5923884880720109,10.24597938735546,0.08476413517615237,-0.14418077880113522,0.1672514740977278,-3.0525521361113146
3043,25.240104999999858,150.04053514099908,239.834568605878,33.98354001056817,54.321504855177494,10.257349126686227,0.2264957264957265,-0.6490735718664737,-0.592862435410126,10.245574661650782,0.10929127640278781,-0.09491401014184772,0.1447523831201315,0.4924600251742148
3044,25.24365990000024,150.03874401474195,239.83537783872535,33.98313432812532,54.32168814295916,10.295347236225918,0.2264957264957265,-0.6494792543093268,-0.5930457231917927,10.245493716509843,0.09270530168999891,-0.08095542376929832,0.12307742928376586,-6.134216207495025
3045,25.256068700000014,150.03661395168353,239.8355458146618,33.982651877945415,54.32172618879092,10.302946858133856,0.2264957264957265,-0.649961704489229,-0.5930837690235506,10.292976154190642,-0.05660561704160288,-0.014726040516931192,0.058489761069497465,-7.202998254023628
3046,25.259761199999957,150.0346967008115,239.8353245945346,33.98221762881628,54.3216760833775,10.304466782515444,0.2264957264957265,-0.6503959536183643,-0.5930336636101288,10.167668717166254,0.07704673938940583,-0.052902231468177165,0.09346039880533152,-7.958393182556477
3047,25.272169700000177,150.03309586709742,239.8348344140145,33.98185504682121,54.32156505958448,10.30477076739176,0.2264957264957265,-0.6507585356134342,-0.592922639817111,10.095108603052394,0.15403250117222447,-0.05406660300264885,0.16324585439642064,-8.77629018390891
3048,25.27597620000006,150.04460895822945,239.83874018919698,33.98446271276137,54.322449700971966,9.63081194156429,0.2264957264957265,-0.6481508696732732,-0.5938072812045974,10.08059658022962,0.1595217123971465,-0.04272403670506596,0.16514393733496166,-12.552093355956734
3049,25.28823250000005,150.05926320147142,239.84184523406682,33.98778183623071,54.32315298036556,9.93254666565661,0.2264957264957265,-0.6448317462039341,-0.5945105605981951,10.03019554895608,0.22249012776449822,-0.05100971653062984,0.22826267354343757,-4.504081914964651
3050,25.292057699999987,150.05907010334636,239.84093921379014,33.98773810033059,54.322947770644774,10.230386744019993,0.2264957264957265,-0.6448754821040552,-0.5943053508774057,9.97261671599239,0.36996748359446363,-0.07353687733405649,0.3772049989664291,-7.200668102043055
3051,25.304079399999864,150.06953894917643,239.8424178783987,33.99010924917244,54.32328268185953,10.05246162614775,0.2264957264957265,-0.6425043332622025,-0.5946402620921631,10.048406247251213,0.26719412918119506,-0.03176951147060815,0.26907620580047253,-7.322578307454066
3052,25.307811700000002,150.08120843724527,239.84412650329108,33.99275233835042,54.32366967809584,10.016876602573301,0.2264957264957265,-0.6398612440842228,-0.5950272583284715,9.976258855651416,0.2560845313841904,-0.14630530240260448,0.29493139664230045,-6.931193899541447
3053,25.321816300000137,150.0917933507664,239.8455836277759,33.99514977602829,54.32399971056463,10.00975959785841,0.2264957264957265,-0.6374638064063518,-0.59535729079726,9.914330750622472,0.2928338891280025,-0.16993520995658631,0.3385700255557487,-5.8702177806470255
3054,25.327562800000123,150.09725482572873,239.86156909419984,33.996386776767615,54.32762035039569,9.57180970765762,0.2264957264957265,-0.6362268056670288,-0.5989779306283225,9.901945129616683,0.33315440339921665,-0.15358999844289883,0.3668538457287556,-12.988084208469196
3055,25.336773500000163,150.10426213172514,239.8641921697902,33.997973901630054,54.32821446580718,9.920746218875275,0.2264957264957265,-0.6346396808045895,-0.5995720460398104,9.812162707563962,0.20635330120041734,-0.1307802990142543,0.2443054881220803,-9.47496879940271
3056,25.34036789999982,150.110591594943,239.8633373185706,33.99940749799991,54.32802084565915,9.990533521118806,0.2264957264957265,-0.6332060844347325,-0.5993784258917785,9.706900925301856,0.20553681592877165,-0.11806309678975081,0.23703222887557682,-8.827315005488932
3057,25.352295799999865,150.11449711138224,239.86279172710357,34.000292080783154,54.32789727152346,9.567964492309699,0.2264957264957265,-0.6323215016514894,-0.5992548517560934,9.685848568849435,0.21066882436031437,-0.04781883369201681,0.21602776306072732,-9.829434469525584
3058,25.355852799999866,150.1171214397108,239.86216323328955,34.00088647993449,54.327754920360455,9.483450686547878,0.2264957264957265,-0.6317271025001503,-0.5991125005930868,9.68163809755895,0.22591768883807442,-0.03273439905328493,0.22827689986355762,-8.927226554218668
3059,25.36815370000022,150.13020580548434,239.87730686056847,34.00385003286611,54.331184887222776,9.466547925395513,0.2264957264957265,-0.6287635495685322,-0.6025424674554074,9.593490705449291,0.14459299645442208,-0.034421876594429676,0.14863377883896603,-3.125527112098691
3060,25.371520300000157,150.13390032832422,239.8771445557183,34.00468682650079,54.33114812586782,9.899693862422854,0.2264957264957265,-0.6279267559338564,-0.6025057061004517,9.575861227027358,0.1061679405736369,0.005886774234079094,0.1063310195405382,-2.8157351663583716
3061,25.384274900000037,150.13346211211035,239.87458627931045,34.004587572401064,54.330568687194244,9.549796560570508,0.2264957264957265,-0.6280260100335795,-0.6019262674268759,9.572335331342973,0.05724841110605201,-0.03939064693922511,0.06949103280609825,-3.936548996199533
3062,25.387539500000003,150.13176182929712,239.87153200683935,34.00420246561003,54.32987690753199,9.479817100200039,0.2264957264957265,-0.6284111168246156,-0.6012344877646214,9.571630152206096,-0.02386786690547182,0.031642574889154104,0.03963492924470842,-3.4896739396884997
3063,25.400422400000025,150.1273542146485,239.88213242187584,34.00320415972808,54.332277856236836,9.465821208125945,0.2264957264957265,-0.6294094227065656,-0.6036354364694674,9.484183818527157,-0.04023541187033978,-0.013884745693436507,0.04256377017308597,-2.498068174183698
3064,25.403968799999802,150.12477602314453,239.88093731079124,34.002620210370345,54.33200716868349,9.463022029711126,0.2264957264957265,-0.6299933720642983,-0.6033647489161211,9.466694551791369,-0.0466604492695494,-0.05474032912183015,0.07192844471002052,-1.3678204211306664
3065,25.416525999999976,150.13401917058104,239.89295237579353,34.00471374376408,54.334728529560074,9.462462194028163,0.2264957264957265,-0.6278998386705652,-0.6060861097927059,9.46319669844421,0.08353938175361598,-0.25410871439183896,0.26748844280388934,-0.32823451265174786
3066,25.43263930000012,150.1311801161316,239.90425310859683,34.00407071006399,54.337288097246294,9.46235022689157,0.2264957264957265,-0.6285428723706517,-0.6086456774789255,9.549802425626343,0.09755550148794102,-0.1944473347960514,0.21754733250456407,1.0824887468886621
3067,25.436116100000163,150.1393624118454,239.9163022297859,34.0059239650761,54.34001717170365,9.46232783346425,0.2264957264957265,-0.6266896173585437,-0.6113747519362818,9.56712357106277,0.05908556987701112,-0.2637447568011785,0.2702820772966716,2.104788937840247
3068,25.44914770000014,150.13893606194574,239.909861690259,34.00582739864583,54.33855841702447,9.8988498440366,0.2264957264957265,-0.6267861837888162,-0.6099159972571044,9.570587800150054,0.0004884286798569754,-0.24346831805446084,0.24346880797926335,2.1627363592421633
3069,25.452998000000207,150.13286710264464,239.91445425313117,34.004452805299856,54.339598612888686,9.549627756893258,0.2264957264957265,-0.6281607771347879,-0.6109561931213179,9.57128064596751,-0.0469558319989075,-0.10888198950979386,0.11857545192121549,-3.9576076876880784
3070,25.465388500000245,150.12595969558305,239.9207636792496,34.002888307119235,54.34102767094115,9.47978333946459,0.2264957264957265,-0.6297252753154083,-0.6123852511737837,9.571419215131002,-0.17342145046300542,0.03687344419366487,0.17729819617637388,-5.2306027091998235
3071,25.46884820000014,150.12172658771414,239.91291110413857,34.00192952627713,54.339249096236514,9.465814455978855,0.2264957264957265,-0.6306840561575129,-0.6106066764691462,9.484141631112138,-0.08144779456966139,-0.06464818764351321,0.10398620776743739,-5.450468761749152
3072,25.481469199999992,150.11619367085433,239.91604058121044,34.00067634425333,54.33995790941946,9.463020679281708,0.2264957264957265,-0.6319372381813153,-0.6113154896520925,9.466686114308365,-0.01279048084069283,0.023574416391026295,0.026820691794090988,-5.4987353267329375
3073,25.485657700000047,150.1245608078503,239.9233575268944,34.00257146502592,54.34161516634788,9.462461923942278,0.2264957264957265,-0.6300421174087205,-0.6129727465805104,9.46319501094761,-0.04397559144006745,0.02209707983255213,0.04921517631411997,-5.508033537288852
3074,25.49703180000006,150.12387167779264,239.91477263978024,34.00241538001286,54.339670726104075,9.462350172874393,0.2264957264957265,-0.6301982024217807,-0.6110283063367064,9.46249679027546,-0.008589899366720357,-0.09621866807547907,0.09660133776169769,-0.4631072263699987
3075,25.500991200000044,150.11893865309074,239.91691795242554,34.001298070999184,54.34015663025023,9.462327822660816,0.2264957264957265,-0.63131551143546,-0.6115142104828593,9.46235699355314,-0.1964296627069847,-0.10510638768941437,0.2227823267772766,4.123748636217401
3076,25.513195099999848,150.1135397475012,239.92109350177827,34.0000752419554,54.3411023743344,9.462323352618101,0.2264957264957265,-0.6325383404792433,-0.6124599545670293,9.462329034208675,-0.30886364783470427,-0.037848909435648975,0.31117405563322303,4.574830482052453
3077,25.517245900000034,150.0949666629495,239.92289269917504,33.9958685176766,54.34150988485588,9.462321695670106,0.2264957264957265,-0.6367450647580455,-0.6128674650885131,9.549628740191345,-0.46865095026681125,0.10515495370219823,0.48030331820017297,4.777512771266402
3078,25.529525100000228,150.08901876534674,239.92611196873906,33.99452134428794,54.34223903565457,9.46232212721996,0.2264957264957265,-0.6380922381467045,-0.6135966158872037,9.56708868138788,-0.42197733236308255,0.12793909150773533,0.44094589255835925,4.79719339794123
3079,25.533192899999904,150.07585881731325,239.91176480859102,33.99154067229745,54.33898946519369,9.898848702787742,0.2264957264957265,-0.641072910137197,-0.6103470454263231,9.570580517039296,-0.5474125719473572,0.12810303380429516,0.5622018420424153,4.804507662219249
3080,25.544261300000016,150.07347291355683,239.9121948947747,33.991000275292784,54.33908687787632,9.549627528643486,0.2264957264957265,-0.6416133071418599,-0.610444458108951,9.571278884169578,-0.3812542413856703,0.19203929579160997,0.4268886127582937,-0.889876040075567
3081,25.548331299999973,150.06040237755911,239.9135727105101,33.9880398547463,54.339398947252285,9.479782530875182,0.2264957264957265,-0.6445737276883463,-0.6107565274849165,9.571418405007744,-0.4581599310966482,0.3468262908038029,0.574629444472879,-1.9595875004615557
3082,25.56094239999993,150.04883777700695,239.90137443983457,33.9854205221426,54.33663609107364,9.46581353132152,0.2264957264957265,-0.6471930602920466,-0.607993671306275,9.484140858735923,-0.3271257924629044,0.22133002258604373,0.3949661542365647,-2.211483077454618
3083,25.565387799999826,150.03913739224978,239.88734998813248,33.98322342644974,54.33345961269667,9.463019731410789,0.2264957264957265,-0.6493901559849036,-0.6048171929293034,9.46668534948156,-0.5331062590188351,0.22209727661495865,0.577520115394121,-2.2541286572347485
3084,25.576742700000068,150.0312420201816,239.87439105538272,33.9814351584172,54.33052446980891,9.462460971428643,0.2264957264957265,-0.651178424017445,-0.6018820500415387,9.463194247630689,-0.4229694219399451,0.21571330415937012,0.4748003385503892,-2.2634011444885416
3085,25.581393399999797,150.00909224332665,239.87449299699998,33.97641832861672,54.330547559149565,9.462349982371666,0.2264957264957265,-0.656195253817927,-0.6019051393821968,9.462496027260514,-0.4268484242568906,0.10827610287149098,0.44036722373903825,-0.8804800995865285
3086,25.592951300000095,150.00007579520667,239.88003453465038,33.97437614164937,54.3318026937456,9.462327021620819,0.2264957264957265,-0.6582374407852711,-0.6031602739782329,9.46235638318648,-0.3382905897771796,-0.05937631981559574,0.34346189087966644,1.0463908356362206
3087,25.59753929999988,149.9954756443583,239.8864782076372,33.97333422714098,54.33326215814005,9.46232242947065,0.2264957264957265,-0.6592793552936627,-0.6046197383726835,9.462328454371672,-0.32038816745996535,-0.17023918134427582,0.3628084297713106,1.7118194668954974
3088,25.608848899999884,149.9929065392634,239.89265531851086,33.97275233581607,54.33466124735502,9.462321511040615,0.2264957264957265,-0.6598612466185756,-0.6060188275876541,9.526880363725898,-0.13308150589385193,-0.1814905804798283,0.22505447788009103,1.7865270354016438
3089,25.61312429999998,149.99162339384907,239.89823936063357,33.97246170886325,54.33592600903239,9.462321327354609,0.2264957264957265,-0.6601518735713938,-0.6072835892650232,9.539790745596743,-0.10427505002087147,-0.21280526158182764,0.2369796729970006,1.818854569532235
3090,25.624682099999973,149.98436748786656,239.9013634290256,33.97081827716636,54.336633597172465,9.785109529142797,0.2264957264957265,-0.661795305268285,-0.607991177405097,9.542372821970913,-0.06169370058556162,-0.21476060983839096,0.22344626251091898,1.8217884913002893
3091,25.628135100000236,149.9838695819276,239.9054060122857,33.970705503598985,54.337549225004885,9.526878930975045,0.2264957264957265,-0.6619080788356584,-0.6089068052375168,9.542889237245745,-0.05225786417692152,-0.24051757430888587,0.24612920980607728,-0.09416783857149513
3092,25.64016959999981,149.983115680394,239.92282748573746,33.97053474812343,54.341495114290964,9.475232811341494,0.2264957264957265,-0.6620788343112167,-0.6128526945235961,9.54299252030071,-0.011432429913589406,-0.2161473619940946,0.21644949191609414,-1.3283960207731886
3093,25.656836900000144,149.98280132000085,239.9414078602039,33.9704635468378,54.3457034897043,9.464903587414783,0.2264957264957265,-0.662150035596845,-0.6170610699369306,9.478455529206627,0.02984258211079307,-0.20011995496090432,0.20233283490475243,-1.41943324632135
3094,25.660932599999796,149.98526331828145,239.9445537777951,33.971021178926996,54.34641602659462,9.462837742629441,0.2264957264957265,-0.6615924035076475,-0.6177736068272495,9.465548130987811,0.049074369303186524,-0.29628273983250275,0.30031942269050804,-1.4787771806974952
3095,25.672070200000235,149.98841940623052,239.9436236434234,33.9717360193599,54.34620535513436,9.462424573672372,0.2264957264957265,-0.6608775630747417,-0.6175629353669905,9.462966651344047,0.061823156166535755,-0.2281714568088187,0.23639863861843724,-1.4820573813966007
3096,25.67557850000003,149.98940297777833,239.95517852438124,33.97195879411218,54.348822486291475,9.46234193988096,0.2264957264957265,-0.6606547883224607,-0.6201800665241066,9.462450355415296,0.09747929934672586,-0.13700809376713527,0.16814705337540922,-0.7086363181757748
3097,25.688785100000132,149.99229245587037,239.9544394675211,33.97261324855184,54.34865509307102,9.462325413122677,0.2264957264957265,-0.660000333882806,-0.6200126733036484,9.462347096229545,0.0733704817370269,-0.13855554349909446,0.15678286330033922,-0.07841737777003609
3098,25.692942900000162,149.9954867492215,239.95070703484902,33.97333674234504,54.347809713021356,9.462322107771021,0.2264957264957265,-0.6592768400896034,-0.6191672932539873,9.462326444392396,0.08771282579850236,-0.11473956131045203,0.14442543660752216,-0.03210019627325344
3099,25.704532499999914,149.9962853225593,239.96000494474742,33.97351761579334,54.34991564987869,9.462321446700688,0.2264957264957265,-0.6590959666413028,-0.6212732301113206,9.462322314024966,0.08524734758588556,0.05395802754762129,0.10088894392974211,-0.0026700807663660197
3100,25.708775399999922,149.9988310047121,239.95741990684115,33.97409420192197,54.34933014984009,9.462321314486623,0.2264957264957265,-0.6585193805126721,-0.6206877300727243,9.46232148795148,0.10324160272284615,0.11202451896150546,0.15234277594076684,-0.0011079236455057053
3101,25.720963199999915,150.0015845822327,239.95217312246223,33.974717875462964,54.34814177560042,9.46232128804381,0.2264957264957265,-0.6578957069716793,-0.6194993558330495,9.46232132273678,0.06842983691853738,0.036597094216478124,0.07760148120872049,-0.00011464194891042151
3102,25.725108799999816,150.00413836357575,239.94662711240267,33.975296296023565,54.346885628022825,9.462321282755248,0.2264957264957265,-0.6573172864110788,-0.618243208255457,9.462321289693842,0.058406216071624516,-0.052250249661950465,0.07836692328745237,4.553756401441806
3103,25.736082299999907,150.0041359397709,239.9550481965577,33.975295747042125,54.3487929675964,9.462321281697534,0.2264957264957265,-0.6573178353925186,-0.6201505478290343,9.462321283085254,0.028717475565360542,-0.11673033963765345,0.12021092127909597,6.280137724620922
3104,25.739916699999867,150.00355168513804,239.96564498370975,33.9751634158646,54.35119309460093,9.462321281485991,0.2264957264957265,-0.6574501665700438,-0.6225506748335619,9.549626732202988,-0.05250994927815538,-0.23677646577269806,0.24252915189107496,7.491664463088349
3105,25.752054099999896,150.00287919325717,239.9755268465134,33.97501109932748,54.35343129429577,9.462321281443684,0.2264957264957265,-0.6576024831071621,-0.6247888745283987,9.654393272465988,-0.09176721884972257,-0.26992448817143,0.28509726720896733,7.553373744574535
3106,25.755513099999916,149.99745823215218,239.98320437398186,33.9737832748037,54.35517022145743,9.898848533632487,0.2264957264957265,-0.658830307630943,-0.6265278016900595,9.675346580518589,-0.0952439829095585,-0.2795409981100845,0.2953211572252461,7.59458808227603
3107,25.76909539999997,149.9940544994443,239.97497284642515,33.973012343891234,54.3533058156433,9.986153984070247,0.2264957264957265,-0.6596012385434094,-0.6246633958759347,9.67953724212911,-0.08646396525417616,-0.17866847420633025,0.19849040521570177,1.5072116885063331
3108,25.773162599999978,149.99374143858176,239.9789574450047,33.972941436943735,54.35420831019337,9.567087821960534,0.2264957264957265,-0.6596721454909087,-0.6255658904260031,9.680375374451213,-0.0766799239534926,-0.20555975812272087,0.21939604576424096,-2.187112646139684
3109,25.784526599999936,149.9942124897724,239.985057659591,33.97304812802537,54.35558998272788,9.483274589538592,0.2264957264957265,-0.6595654544092753,-0.6269475629605097,9.593237550476182,-0.003260641270229216,-0.12209122219958435,0.12213475475752755,-3.5233187410626536
3110,25.788609499999893,149.9948681248845,239.99080558311064,33.9731966265764,54.3568918628413,9.466511943054204,0.2264957264957265,-0.6594169558582408,-0.6282494430739334,9.5530621829468,-0.06099187698551681,-0.17845332059726873,0.18858843201640973,-0.5992492562999012
3111,25.801498400000128,149.9955584618852,239.9956643474378,33.973352984956904,54.35799235219745,9.463159413757326,0.2264957264957265,-0.6592605974777399,-0.6293499324300811,9.545027109440923,-0.058424355416314265,-0.14497791878738656,0.15630739663155377,-0.4325941277777512
3112,25.805715099999816,149.98912780516855,239.9983553263614,33.97189646869202,54.358601847423735,9.78527714642334,0.2264957264957265,-0.6607171137426207,-0.6299594276563667,9.607977742444826,-0.11370080182938276,-0.1314895339948363,0.173831441019235,4.7196138125032405
3113,25.81782860000021,149.98888198791323,240.0012711130845,33.971840792134195,54.35926226065589,9.526912454431153,0.2264957264957265,-0.6607727903004488,-0.6306198408885209,9.620567869045606,-0.11821651525899951,-0.07493412083804343,0.13996523477546757,5.804643441126251
3114,25.822793100000126,149.9830298231502,240.00245782343714,33.97051530182461,54.35953104547935,9.798027754558106,0.2264957264957265,-0.6620982806100315,-0.6308886257119823,9.710391344805215,-0.15725815724896153,-0.06551683451414933,0.1703601585644177,5.364271358917552
3115,25.83334700000023,149.98367249485005,240.00413923613272,33.970660864218175,54.35991187826938,9.529462576058107,0.2264957264957265,-0.6619527182164688,-0.6312694585020111,9.66379839225206,-0.08193782591386047,-0.039759528806301556,0.09107484529983692,1.33223303948874
3116,25.836645299999873,149.98100647210117,240.00469691840817,33.970057021458814,54.36003819092151,9.912276792555371,0.2264957264957265,-0.6625565609758297,-0.6313957711541391,9.654479801741429,-0.050373819486000296,-0.036516725807975305,0.06221730429183663,0.45086336039565533
3117,25.849342200000137,149.9827546697831,240.00558020494384,33.97045298076284,54.36023825154711,9.55231238365756,0.2264957264957265,-0.6621606016718005,-0.631595831779741,9.588058435934226,0.00457131040615619,-0.07785912510481152,0.07799320637668465,-4.646398853396045
3118,25.85328699999991,149.985423317104,240.00624734615783,33.971057417976546,54.360389356181045,9.480319501877997,0.2264957264957265,-0.6615561644580978,-0.631746936413677,9.574774315360674,-0.03772707755376294,-0.10854035623965608,0.11491014451900708,-3.9923689482028553
3119,25.86545530000012,149.98583870891468,240.02026148253555,33.97115150244649,54.36356349818113,9.465920925522084,0.2264957264957265,-0.661462079988155,-0.6349210784137611,9.4848121933944,-0.176543798627299,-0.23024395062835384,0.2901378803857024,-3.607748634322484
3120,25.881174399999963,149.97211809397672,240.03341238601473,33.96804384179814,54.36654212161872,9.463041973190354,0.2264957264957265,-0.6645697406365016,-0.637899701851353,9.466819921589037,-0.23727640813609296,-0.26379904437887625,0.3548098500227609,-2.5737219329788203
3121,25.88516290000007,149.95667164385551,240.04480252887674,33.964545286856165,54.36912194030114,9.462466182724008,0.2264957264957265,-0.6680682955784789,-0.6404795205337734,9.463221619815855,-0.40409249613411147,-0.3428912904945559,0.5299671523112719,-1.907312616656482
3122,25.89692490000016,149.94252179279982,240.0543334142016,33.961340406061495,54.371280645096945,9.462351024630738,0.2264957264957265,-0.6712731763731483,-0.642638225329577,9.462502112049108,-0.44226212872683857,-0.3129363210007021,0.5417794122218463,-0.4291378328240654
3123,25.900983600000018,149.93032115254567,240.06210630276917,33.95857701318342,54.373041171140024,9.462327993012085,0.2264957264957265,-0.6740365692512214,-0.6443987513726555,9.462358210495758,-0.49579062847326116,-0.3284367557740463,0.5947092145118418,-4.060175834193703
3124,25.913603299999977,149.9201184351091,240.06829528296768,33.95626614128539,54.37444294870635,9.462323386688354,0.2264957264957265,-0.6763474411492538,-0.6458005289389845,9.46232943018509,-0.34546488423608807,-0.2125316058823047,0.40560531276003403,-5.446620248635568
3125,25.917663300000186,149.9117770453007,240.07308120599583,33.95437685214076,54.37552693981957,9.462322465423608,0.2264957264957265,-0.6782367302938823,-0.646884520052204,9.383972233693267,-0.4269283181414295,-0.26486382986236967,0.5024148059128353,-6.227075272403358
3126,25.929664599999796,149.90512550522166,240.0766466137548,33.95287030673824,54.37633448944019,9.462322281170659,0.2264957264957265,-0.6797432756964028,-0.6476920696728214,9.289949353965216,-0.34881142111415087,-0.21641953247083545,0.4104958240159922,-7.718740449702676
3127,25.93440909999981,149.89088556331714,240.08597226134884,33.94964502075132,54.378446708767044,9.070565042171632,0.2264957264957265,-0.6829685616833245,-0.6498042889996754,9.271144778019606,-0.3473936616484391,-0.2070383328945179,0.40440972718426466,-12.635729024658861
3128,25.94536650000009,149.87684278975507,240.09523879287627,33.94646439255136,54.38054553855745,8.992213594371826,0.2264957264957265,-0.686149189883281,-0.6519031187900808,9.189032422400796,-0.29025036521377756,-0.17634904521036235,0.3396237039038024,-7.700277988289338
3129,25.94922110000016,149.8738470804954,240.09633090793585,33.94578587720623,54.38079289795128,9.368300506960303,0.2264957264957265,-0.6868277052284171,-0.6521504781839127,9.094258510847347,-0.3484733084524421,-0.21653332065118386,0.4102686018403301,-5.626472554167281
3130,25.960266600000068,149.86508728892267,240.10186821892734,33.94380182185001,54.382047075227135,9.05176068732956,0.2264957264957265,-0.6888117605846347,-0.6534046554597666,9.153655168966345,-0.20507300028901296,-0.11883602909207037,0.23701674467832207,-6.150426195906947
3131,25.964953400000013,149.85646576143967,240.10741819608927,33.94184908271924,54.38330412133646,8.988452723403412,0.2264957264957265,-0.6907644997154065,-0.6546617015690899,9.165534500590145,-0.1863374477906195,-0.1040844152992609,0.21343666497888986,-5.23730254631317
3132,25.97649420000016,149.858361588065,240.10521224555552,33.942278479348055,54.38280448296771,9.36754833276662,0.2264957264957265,-0.6903351030865892,-0.6541620632003387,9.089558926485216,-0.17216350938913114,-0.10461484709112681,0.20145605028661037,-0.3762331479900285
3133,25.981683500000145,149.8538573647897,240.1079108799924,33.94125829202502,54.38341571213503,9.051610252490825,0.2264957264957265,-0.691355290409625,-0.6547732923676648,9.074363811664233,-0.17814282291760425,-0.10857125415285229,0.20862066672642035,-4.945650268215484
3134,25.99246489999996,149.84885176185173,240.11109179470515,33.940124544351036,54.38413617572382,8.988422636435665,0.2264957264957265,-0.6924890380836075,-0.6554937559564493,9.071324788700034,-0.10740209406721146,-0.0627987987508233,0.12441422320043856,-5.7311276963451805
3135,25.996984700000212,149.84467067361723,240.1137524103462,33.93917754573382,54.38473879379636,8.975785113224633,0.2264957264957265,-0.6934360367008239,-0.6560963740289907,8.992365543677508,-0.13993666457118584,-0.08671453680300323,0.1646258818784822,-4.574706261527711
3136,26.00832330000003,149.84151968866797,240.11572219072133,33.93846386110856,54.385184940633465,8.973257608582427,0.2264957264957265,-0.6941497213260845,-0.6565425208660969,8.976573694673002,-0.10549248277400633,-0.06596733471100967,0.12442006739549051,-3.99899742757581
3137,26.012265800000023,149.83933576323145,240.11705005451626,33.9379692113302,54.38548569610838,8.972752107653985,0.2264957264957265,-0.6946443711044452,-0.6568432763410144,8.9734153248721,-0.0968100046800188,-0.09478648848796636,0.13548673516630566,-0.8089173509723042
3138,26.024996399999964,149.83796580726295,240.1178397841369,33.937658922157844,54.385664566492544,8.972651007468297,0.2264957264957265,-0.6949546602767995,-0.6570221467251756,8.972783650911921,-0.0558914188726117,-0.07034729847601265,0.08984761046609391,0.38815009734024697
3139,26.029988899999807,149.83660479410088,240.12248896825102,33.93735065849293,54.38671758682609,8.972630787431159,0.2264957264957265,-0.6952629239417121,-0.658075167058719,9.051008756549571,0.18962824890324803,-0.009667264743941806,0.1898745080039489,-6.407820679901979
3140,26.040364699999827,149.83637898172833,240.12299895104712,33.93729951295556,54.38683309574999,8.972626743423731,0.2264957264957265,-0.6953140694790818,-0.6581906759826239,8.931850005704446,0.25299048598205964,-0.0924694257792586,0.26935994635688604,-10.056810665217373
3141,26.044849400000203,149.8594395940649,240.1177706117852,33.94252264310017,54.3856488992505,9.364383136770684,0.2264957264957265,-0.6900909393344747,-0.6570064794831296,8.773214483562764,0.33503081006163216,-0.4640538601263613,0.5723562079585841,-20.052334961950727
3142,26.056658699999844,149.8694161729303,240.1433342545088,33.94478229557823,54.39143895508105,8.376958353428355,0.2264957264957265,-0.6878312868564151,-0.6627965353136815,8.548293867171537,0.45422780908898275,-0.513864959298965,0.6858426196621965,-25.063528403173397
3143,26.060252499999933,149.87553809474625,240.17303678017993,33.94616888470748,54.39816645021169,8.17947339675989,0.2264957264957265,-0.6864446977271612,-0.6695240304443217,8.368505971920635,0.5421056877299131,-0.814893270166666,0.9787387896839712,-16.31263677061303
3144,26.07242929999984,149.90425973730962,240.1977658783946,33.952674214006024,54.403767485277406,7.848027705475026,0.2264957264957265,-0.6799393684286201,-0.6751250655100378,8.254196952440768,0.28825890283873207,-0.8409251953612991,0.8889591550005145,-8.87654316497724
3145,26.07589820000021,149.9109137197278,240.22098840563382,33.95418131258792,54.409027288455526,8.073687267169223,0.2264957264957265,-0.6784322698467236,-0.680384868688158,8.366138920517452,0.16129577805285905,-0.5902285500685165,0.6118709580734,-2.079194295383992
3146,26.088282100000015,149.90519577612335,240.21366766415258,33.95288622279717,54.407369171795246,8.792838039371345,0.2264957264957265,-0.6797273596374751,-0.6787267520278775,8.388527314132789,0.16927245217430126,-0.22987629489550937,0.2854755226284528,8.12762115378828
3147,26.092489900000146,149.8969570556031,240.19948930373346,33.95102018780754,54.4041578337516,8.93666819381177,0.2264957264957265,-0.6815933946271002,-0.675515413984229,8.45139473284609,0.14032924876970304,-0.1935331081711155,0.23905514430491115,8.276981645552867
3148,26.104977999999846,149.92042914427188,240.20336048511305,33.95633651558295,54.405034639790564,8.291415364836572,0.2264957264957265,-0.6762770668516964,-0.676392220023196,8.46396821658875,0.05871757195520882,-0.07486972115236337,0.09514845454208792,-6.1527883301503845
3149,26.120288099999925,149.94675920257188,240.22216961956929,33.962300161266285,54.40929482836398,8.162364799041534,0.2264957264957265,-0.670313421168359,-0.6806524085966146,8.331679141364626,0.013773076197030415,-0.14699104279714975,0.1476349020066824,-7.047637262109603
3150,26.124331900000016,149.94723057212735,240.23864787364232,33.9624069244562,54.41302708249164,8.136554685882526,0.2264957264957265,-0.6702066579784471,-0.6843846627242698,8.170417706935035,0.14398326893042207,-0.4624922057937362,0.4843864388603854,-10.401073902147125
3151,26.136427800000092,149.92964440450646,240.2507554132348,33.958423732644626,54.41576938846771,8.131392663250724,0.2264957264957265,-0.6741898497900181,-0.6871269687003405,8.138165420049118,-0.00023660046178659855,-0.4759406147670791,0.47594067357670083,-10.623129314002874
3152,26.139959399999952,149.93288107182974,240.2634525557013,33.959156823961436,54.41864523697508,8.130361021663818,0.2264957264957265,-0.6734567584732076,-0.6900028172077128,8.131714962671934,0.13155432562172437,-0.5514670663635668,0.5669413248947596,-8.909850693816288
3153,26.15243129999999,149.91661565369964,240.2710213725679,33.9554727762653,54.420359541649994,8.130153930406983,0.2264957264957265,-0.6771408061693407,-0.6917171218826255,8.130424871196496,0.11982255442590738,-0.38540140795531935,0.4035984264130523,-0.9348684712926429
3154,26.15590639999982,149.9327023448214,240.28108465832753,33.959116343057836,54.422638832869055,8.130112512155616,0.2264957264957265,-0.6734972393768075,-0.6939964131016865,8.13016685290141,0.12346892682312174,-0.37565427025394055,0.3954247167930629,-0.402068404173041
3155,26.169613500000196,149.93075020168385,240.28669038455257,33.95867419097968,54.423908505902936,8.130104228505342,0.2264957264957265,-0.6739393914549652,-0.6952660861355682,8.130115096654501,0.00417083974902141,-0.21404323291424412,0.21408386548405128,-0.03680803345317226
3156,26.173960200000238,149.92478044592877,240.2901059762651,33.95732206681293,54.424682122829275,8.130102571775288,0.2264957264957265,-0.6752915156217156,-0.6960397030619063,8.13010474540512,-0.15300985973076606,-0.17525386198676166,0.2326498083302533,-0.01613307426608397
3157,26.1845601,149.90657963296655,240.29039911369517,33.95319966045824,54.42474851720446,8.130102240429277,0.2264957264957265,-0.6794139219764048,-0.6961060974370952,8.130102675155243,-0.42896265351030066,-0.03768529019128453,0.43061483857781724,-0.0012818445955092525
3158,26.188579199999822,149.8873924363178,240.2893966534238,33.94885384241386,54.42452146423702,8.130102174160074,0.2264957264957265,-0.6837597400207827,-0.695879044469649,8.130102413693159,-0.32924153284122026,-0.03309228018577157,0.3309004169769659,-0.0005256925617973469
3159,26.20049659999995,149.86996135981187,240.28771552688136,33.94490577807705,54.42414069625945,8.130102160906233,0.2264957264957265,-0.6877078043575935,-0.6954982764920814,8.130102513988632,-0.22311354393758626,-0.04563340403421211,0.2277324330264332,-4.9347036146113616e-05
3160,26.204599700000017,149.8784095294061,240.28897752673987,33.94681925238685,54.42442653383424,8.130102921194919,0.2264957264957265,-0.6857943300477913,-0.6957841140668748,8.130102534047726,0.15613938139220018,-0.09332380406507819,0.18190337772211942,-2.2151511982800433e-06
3161,26.21700150000015,149.89043215530074,240.3021561858842,33.949542325773244,54.42741144381138,8.130103073252656,0.2264957264957265,-0.6830712566613997,-0.6987690240440116,8.130102538059546,0.332033129954793,-0.13361030093300033,0.35790740688477424,1.1286140957773364e-05
3162,26.220802899999853,149.9157309025947,240.30626338118785,33.95527238392102,54.428341705995535,8.13010234072475,0.2264957264957265,-0.6773411985136235,-0.6996992862281672,8.1301026914498,0.47710411720021195,-0.13197318633538493,0.49502046479000017,9.909093898020352e-06
3163,26.2333165,149.9045804612444,240.31427107600985,33.95274685660664,54.4301554146518,8.13010219421917,0.2264957264957265,-0.6798667258280062,-0.7015129948844319,8.130102722127852,0.4167489754034607,-0.15166153356101178,0.4434872368647289,1.1530906649565338e-05
3164,26.237325000000055,149.91155466120955,240.3135607499595,33.95432648309447,54.42999452883698,8.130102927857507,0.2264957264957265,-0.6782870993401744,-0.7013521090696102,8.130102728263463,0.48480574785952346,-0.23831503724723394,0.5402135412369652,2.2751424492067832e-05
3165,26.24915890000011,149.92015322218714,240.32234389232386,33.95627402040991,54.43198387304771,8.130103074585174,0.2264957264957265,-0.6763395620247366,-0.7033414532803448,8.130102882078475,0.21397019483286445,-0.17787917741873388,0.27825212674116145,1.2870111302590722e-05
3166,26.252408299999843,149.92818512561513,240.3320126698583,33.95809321221197,54.4341738098397,8.130103103930708,0.2264957264957265,-0.6745203702226732,-0.7055313900723306,8.130103065429367,0.3602428851312337,-0.06399979383957723,0.3658837382273003,1.097876603651336e-05
3167,26.26520900000014,149.9368421188061,240.32876503880246,33.96005398417403,54.43343823528432,8.130103109799814,0.2264957264957265,-0.6725595982606123,-0.7047958155169525,8.130102949511656,0.21266486515462737,-0.0787482365570615,0.22677660732995095,1.0597262589515953e-05
3168,26.268518500000027,149.94457963980895,240.32256296380217,33.961806499614845,54.43203349180135,8.130103110973636,0.2264957264957265,-0.670807082819799,-0.7033910720339804,8.130102926328114,0.18807971646553506,-0.13851404125176886,0.23358107665145475,7.939274138105813e-06
3169,26.280821800000012,149.92590321073348,240.32438845213218,33.95757636824305,54.43244695710686,8.130102348268945,0.2264957264957265,-0.6750372141915904,-0.7038045373394937,8.130102921691405,0.09244794078229668,-0.027032907928441804,0.0963192600986669,-3.3487873940959598e-06
3170,26.283996399999978,149.9264869415994,240.33093308105063,33.95770858078961,54.43392928758839,8.130102958667461,0.2264957264957265,-0.6749050016450369,-0.7052868678210231,8.130102920764063,0.13099314899897108,-0.11814602212527897,0.17640206242755085,7.659614663636786e-06
3171,26.297028699999828,149.931187622851,240.33763897094624,33.958773265004716,54.4354481429921,8.130103080747165,0.2264957264957265,-0.6738403174299279,-0.7068057232247327,8.130102920578594,0.047781909935255516,-0.17754547681336824,0.18386274025464525,9.552042478869337e-06
3172,26.30034599999999,149.93625378437486,240.34346964874243,33.9599207289396,54.436768766595506,8.130103105163105,0.2264957264957265,-0.6726928534950432,-0.7081263468281378,8.130103073129392,0.16539671071875467,-0.1989708798390137,0.2587382517922208,1.8048237831615686e-06
3173,26.312763700000232,149.94247561650388,240.3364815784454,33.961329947327805,54.435185998536774,8.130103110046294,0.2264957264957265,-0.671283635106839,-0.7065435787694057,8.130103103639552,0.1681201139993584,-0.12025883115780636,0.20670403770269954,1.385018908215261e-06
3174,26.316508899999917,149.94651444245605,240.3388086575508,33.962244724146025,54.43571307200937,8.130103111022931,0.2264957264957265,-0.6703688582886187,-0.7070706522420025,8.130102957153692,0.1923273552481742,-0.11261236497416804,0.22287071660905258,-6.332755033765694e-07
3175,26.328761300000224,149.94950397682496,240.34277787849902,33.9629218409048,54.43661208359166,8.13010311121826,0.2264957264957265,-0.6696917415298458,-0.7079696638242936,8.130102927856521,0.15630264797744348,-0.06806883584152637,0.17048133087696518,-1.1312243891779047e-05
3176,26.34444029999986,149.96353795099336,240.34819904726146,33.96610047607969,54.43783995514897,8.130102348317871,0.2264957264957265,-0.6665131063549552,-0.7091975353815982,8.130102769409195,0.17658535972227002,-0.10793823262760892,0.20696147305963813,-1.1904847291536016e-05
3177,26.34871780000003,149.96666878950614,240.35151127914935,33.96680959762319,54.438590161516736,8.130102958677247,0.2264957264957265,-0.6658039848114541,-0.7099477417493674,8.130102737719731,0.1338496173959657,-0.09825758810829402,0.166042987499941,2.7046263670201805e-06
3178,26.36124259999997,149.9785522681773,240.35548646236546,33.969501154758106,54.43949052352722,8.13010231780967,0.2264957264957265,-0.6631124276765377,-0.7108481037598509,8.13010273138184,0.11303812022259016,-0.08755274844163916,0.14297937048099524,3.750143660884939e-06
3179,26.365701799999897,149.97915421084315,240.35730423277886,33.96963749219952,54.439902240757604,8.130102952575607,0.2264957264957265,-0.6629760902351265,-0.7112598209902359,8.13010288270215,0.042168537283745186,-0.07618560045985638,0.08707715690167817,1.2795446613664507e-05
3180,26.376371500000005,149.97685566086508,240.3582393272377,33.96911688045235,54.4401140356564,8.130103079528794,0.2264957264957265,-0.6634967019822966,-0.7114716158890317,8.130102912966212,-0.002796113005889646,-0.04138365532511851,0.04147800834189022,1.4806499542590009e-05
3181,26.380888499999855,149.97383198772604,240.35866765041294,33.968432031408035,54.44021104902515,8.130103104919431,0.2264957264957265,-0.6641815510266085,-0.7115686292577834,8.130103071606916,-0.0731532661290622,-0.025209441163351633,0.07737516571302376,1.5160372924679929e-05
3182,26.392875600000025,149.97070714243932,240.35874039893136,33.96772426730463,54.440227526253686,8.13010310999756,0.2264957264957265,-0.6648893151300115,-0.7115851064863179,8.130103103335056,-0.09141544385399489,-0.005069723003430922,0.09155591442585459,8.397347116403024e-06
3183,26.397898499999883,149.96767144503366,240.35854114831682,33.96703669481531,54.44018239684099,8.130103111013185,0.2264957264957265,-0.6655768876193306,-0.7115399770736204,8.130103109680684,-0.10754089158168051,0.004158665625017416,0.10762127049037966,7.841109993236583e-06
3184,26.40853849999985,149.9648182518834,240.35814801290928,33.96639045875992,54.440093353351244,8.13010311121631,0.2264957264957265,-0.666223123674726,-0.7114509335838761,8.13010311094981,-0.08633818504655519,0.010846509558427992,0.08701683151399088,8.178051521293826e-07
3185,26.413131499999963,149.96219379026576,240.35761485356912,33.96579602941917,54.43997259503916,8.130103111256934,0.2264957264957265,-0.666817553015477,-0.7113301752717902,8.130103111203635,-0.09540593671599584,0.017738201313909074,0.09704090141022687,2.8887559012444785e-07
3186,26.42497309999999,149.95980961700002,240.3569894677868,33.96525602436325,54.43983094783206,8.13010311126506,0.2264957264957265,-0.6673575580713944,-0.7111885280646888,8.1301031112544,-0.07590063221302054,0.018884304032990185,0.07821459524376906,3.624568885780279e-08
3187,26.429569100000208,149.9576915094746,240.35631813721037,33.96477628206049,54.439678894325425,8.130103111266685,0.2264957264957265,-0.6678373003741527,-0.7110364745580569,8.130103111264553,-0.08372246986514773,0.02589988463085267,0.08763706969206608,1.2412245602990929e-08
3188,26.44025509999983,149.95583446794484,240.3556238763436,33.96435567009007,54.43952164720603,8.13010311126701,0.2264957264957265,-0.668257912344572,-0.7108792274386602,8.130103111266584,-0.06285425050121941,0.023137721476500756,0.06697769002581505,1.3608662770027707e-09
3189,26.443904300000213,149.9542257983827,240.35492388290425,33.9639913133089,54.43936310168344,8.130103111267076,0.2264957264957265,-0.6686222691257413,-0.7107206819160723,8.13010311126699,-0.06867590000710574,0.029340290429239656,0.07468086692224535,5.0429915603147e-10
3190,26.456217899999956,149.95286232728122,240.35424534450536,33.96368249293122,54.43920941563583,8.130103111267088,0.2264957264957265,-0.668931089503424,-0.7105669958684615,8.130103111267072,-0.051131227618999686,0.024920305835632203,0.056880788327583864,6.250824103401091e-11
3191,26.459645200000068,149.95173181717186,240.35359505805016,33.96342643722269,54.439062128532726,8.13010311126709,0.2264957264957265,-0.6691871452119571,-0.7104197087653574,8.130103111267086,-0.052806268241105216,0.02916311091561761,0.06032403338494677,2.450756973500124e-11
3192,26.47220090000019,149.9508083205039,240.35298616685628,33.96321726917396,54.438924217279414,8.13010311126709,0.2264957264957265,-0.6693963132606839,-0.7102817975120459,8.13010311126709,-0.0348841826498105,0.022241375967519898,0.04137130653090269,2.2130549821735346e-12
3193,26.475685500000054,149.95007390629786,240.35243340084492,33.96305092749481,54.43879901814009,8.13010311126709,0.2264957264957265,-0.6695626549398312,-0.7101565983727198,8.13010311126709,-0.035379076878613025,0.025439579905525603,0.043575811025756396,8.858652957436223e-13
3194,26.488612099999955,149.94948975953344,240.3519289984046,33.96291862074903,54.43868477314292,8.13010311126709,0.2264957264957265,-0.6696949616856145,-0.7100423533755489,8.13010311126709,-0.021615014977159654,0.018293800417866386,0.028317344617593727,5.659124825802314e-14
3195,26.49216430000024,149.94905762054742,240.3514824632242,33.962820743115444,54.43858363483283,8.13010311126709,0.2264957264957265,-0.6697928393192001,-0.7099412150654629,8.13010311126709,-0.020981968139098896,0.02016646545533771,0.029102050030049266,0.0
3196,26.504239400000188,149.94874359214856,240.35109617122598,33.9627496170251,54.43849614134606,8.13010311126709,0.2264957264957265,-0.6698639654095402,-0.7098537215786891,8.13010311126709,-0.011885696043302177,0.013995341400903999,0.018361354834587413,0.0
3197,26.50786220000009,149.94852775594728,240.35077071639049,33.96270073104789,54.43842242721665,8.13010311126709,0.2264957264957265,-0.6699128513867549,-0.7097800074492824,8.13010311126709,-0.03109562510629359,-0.1299717871867486,0.13363982701750488,-8.304780840365178e-06
3198,26.52017939999996,149.94840513234618,240.35049480312105,33.96267295732627,54.438359934040236,8.13010311126709,0.2264957264957265,-0.6699406251083744,-0.7097175142728673,8.13010311126709,-0.03209761895474522,-0.18094968263458236,0.183774439974987,-1.1115776842195353e-05
3199,26.52385409999988,149.94668075085997,240.36203013388572,33.9622823922888,54.440972637162155,8.13010311126709,0.2264957264957265,-0.6703311901458449,-0.7123302173947863,8.130102958679199,0.07986595825214017,-0.3321711385715393,0.3416375807598534,-2.0283767174212248e-05
3200,26.536881900000026,149.94480769992202,240.37505343190892,33.96185815425584,54.44392235850928,8.13010311126709,0.2264957264957265,-0.6707554281788006,-0.7152799387419151,8.13010277557373,0.1300620327229317,-0.3854693800181727,0.40682032310052485,-2.0956002325471647e-05
3201,26.5410095000002,149.95490233391604,240.3887004917663,33.964144545716024,54.44701335924621,8.130102348327636,0.2264957264957265,-0.6684690367186192,-0.7183709394788451,8.130102586364746,0.16118891146449843,-0.41566769096013784,0.44582675389353044,-2.293474234599465e-05
3202,26.552267999999913,149.96670715086182,240.40093565150602,33.966818286306314,54.449784570640254,8.130102195739745,0.2264957264957265,-0.66579529612833,-0.7211421508728861,8.130102548522949,0.1300308593872913,-0.5263070983095817,0.5421320744284083,-1.65376623208852e-05
3203,26.56845569999996,149.97766921935607,240.41136443655813,33.96930114797381,54.4521466458871,8.130102165222167,0.2264957264957265,-0.6633124344608348,-0.7235042261197293,8.1301023883667,0.15995624677145856,-0.5109361848274069,0.5353893777870438,-1.3829423590890253e-05
3204,26.5718138000002,149.97378360732927,240.43010780225478,33.96842107345492,54.456391938117534,8.130102922058107,0.2264957264957265,-0.664192508979724,-0.7277495183501657,8.130102356335449,0.13434337962434617,-0.58374014755747,0.5989997525202393,-4.738431495714167e-06
3205,26.584282499999972,149.98022797580694,240.43834131213595,33.969880695375075,54.45825679291968,8.13010231048584,0.2264957264957265,-0.662732887059569,-0.7296143731523088,8.130102349929201,0.1123319715425111,-0.5497370429312416,0.5610965052479059,-6.4912929855902975e-06
3206,26.58761050000021,149.98648536919586,240.45469336026053,33.97129796823667,54.46196046193935,8.130102188171387,0.2264957264957265,-0.6613156141979744,-0.7333180421719803,8.13010234864795,0.1654873153291252,-0.5275736317608459,0.5529195135498204,-6.290947721543398e-06
3207,26.600215699999808,149.993577213881,240.45893014548506,33.97290424075082,54.46292007568679,8.130102163708496,0.2264957264957265,-0.659709341683822,-0.7342776559194206,8.13010219580381,0.23048207859856393,-0.31246182270172385,0.388271012568796,-4.476853393002862e-06
3208,26.603653499999837,149.99993925586284,240.45946291356853,33.9743452160715,54.46304074538091,8.130102158815918,0.2264957264957265,-0.6582683663631457,-0.7343983256135402,8.130102165234982,0.23210159547532389,-0.404516281046594,0.4663738545994596,-4.430800815568622e-06
3209,26.616716200000155,150.00356681469813,240.47034210778668,33.9751668426453,54.46550483637903,8.130102157837403,0.2264957264957265,-0.6574467397893429,-0.7368624166116646,8.130102159121215,0.153030736123604,-0.22034986086099567,0.2682768483861257,-4.357912818501891e-06
3210,26.621028900000056,150.00594999224876,240.48195396566737,33.975706622176,54.468134872565685,8.1301021576417,0.2264957264957265,-0.6569069602586453,-0.7394924527983164,8.130102157898463,0.14002443733542788,-0.30670385316702625,0.3371558936139245,-1.9354916442016397e-06
3211,26.632928500000162,150.00755286671455,240.49204381978598,33.97606966639261,54.47042018140451,8.13010215760256,0.2264957264957265,-0.6565439160420325,-0.7417777616371453,8.130102157653912,0.05821818213700283,-0.32372760975303844,0.32892084465377497,-1.5725947784478466e-07
3212,26.636584700000185,150.00856012219623,240.50024255284688,33.9762978054547,54.47227715940549,8.130102157594731,0.2264957264957265,-0.6563157769799446,-0.7436347396381251,8.130102157605002,0.04794405383307322,-0.35126072175917705,0.35451759751629625,-6.377092575618897e-08
3213,26.648617899999863,150.00909803836157,240.50662954690313,33.97641964116737,54.47372378626439,8.130102157593164,0.2264957264957265,-0.6561939412672757,-0.7450813664970184,8.13010215759522,-0.0598999493861347,-0.2293890831955916,0.23708090481052146,-7.072270817466966e-09
3214,26.651934600000004,150.00926684967828,240.51140775293672,33.97645787620918,54.474806029511306,8.130102157592852,0.2264957264957265,-0.6561557062254622,-0.7461636097439381,8.130102157593264,-0.10504864295441635,-0.21295241938132772,0.2374530486368312,-2.9663037567432735e-09
3215,26.66487610000013,149.98560833839613,240.51143500708184,33.97109932450853,54.47481220245871,8.13010215759279,0.2264957264957265,-0.6615142579261146,-0.7461697826913394,8.130102157592873,-0.11172021382733104,-0.1168258206287334,0.16164677090248836,-2.910830527502127e-10
3216,26.668617799999993,149.98238307214785,240.51324998712204,33.97036881548648,54.47522328768149,8.130102157592777,0.2264957264957265,-0.662244766948163,-0.746580867914119,8.130102157592793,-0.36229835312198966,-0.06378864179937484,0.36787102019255996,-1.286796432786837e-10
3217,26.68160859999989,149.98404867941392,240.51481380903635,33.970746068414265,54.47557748666208,8.130102157592773,0.2264957264957265,-0.6618675140203791,-0.7469350668947143,8.130102157592777,-0.454558221710375,0.014565540343118829,0.4547915257455722,-1.0745016686205289e-11
3218,26.685414200000196,149.96316762639646,240.51237807384112,33.96601659914108,54.47502580304948,8.130102157592773,0.2264957264957265,-0.6665969832935659,-0.7463833832821152,8.130102157592773,-0.6372873458607612,0.059179592660798815,0.6400292066630644,-4.705554418859227e-12
3219,26.697379100000035,149.93940793443113,240.50891956118488,33.960635130448075,54.474242464712816,8.130102157592773,0.2264957264957265,-0.6719784519865684,-0.7456000449454478,8.130102157592773,-0.5798089776427822,0.08199675547037708,0.5855782769731448,-4.32841065254433e-13
3220,26.701100199999928,149.91759505611753,240.5052625746224,33.95569460672748,54.47341417288456,8.130102157592773,0.2264957264957265,-0.6769189757071672,-0.7447717531171918,8.130102157592773,-0.7586210931467642,0.12754840622288566,0.7692688469561144,-1.8670977919463482e-13
3221,26.71270199999981,149.92231563414657,240.50504641758138,33.95676379747764,54.47336521423852,8.130102157592773,0.2264957264957265,-0.675849784957002,-0.7447227944711514,8.130102157592773,-0.5599479199828328,0.11000670646727091,0.5706515123618592,0.0
3222,26.71607270000004,149.90944243392727,240.50206269082113,33.95384807264165,54.47268941287829,8.130102157592773,0.2264957264957265,-0.6787655097929957,-0.7440469931109206,8.130102157592773,-0.6177467743431193,0.13323208399566983,0.6319508409814468,0.0
3223,26.7297523000002,149.8943794988627,240.4986045093752,33.950436382221035,54.471906149559345,8.130102157592773,0.2264957264957265,-0.6821772002136086,-0.7432637297919769,8.130102157592773,-0.3967823312340052,0.10066717654122204,0.40935326896492885,0.0
3224,26.733913699999903,149.8808061784266,240.4952680401856,33.94736208314791,54.471150453546315,8.130102157592773,0.2264957264957265,-0.6852514992867356,-0.7425080337789467,8.130102157592773,-0.5255347405721034,0.1325606425461206,0.5419954681548808,0.0
3225,26.745444600000155,149.86945920451876,240.4922252131714,33.94479204204912,54.470461266231126,8.130102157592773,0.2264957264957265,-0.6878215403855208,-0.7418188464637581,8.130102157592773,-0.380456673675405,0.10178776927283699,0.3938375686976725,0.0
3226,26.74918919999982,149.86033965464532,240.4895190108124,33.94272650297522,54.46984832296178,8.130102157592773,0.2264957264957265,-0.6898870794594245,-0.7412059031944125,8.130102157592773,-0.13335110513838977,0.07592864021890565,0.15345251919444627,0.0
3227,26.76070269999991,149.85324180453046,240.4871487346367,33.9411188702569,54.46931146553737,8.130102157592773,0.2264957264957265,-0.691494712177743,-0.7406690457700051,8.130102157592773,0.010713567502386799,0.044891505578762904,0.0461522242341179,0.0
3228,26.76488449999988,149.87144872627908,240.48847877301463,33.9452426602256,54.46961271354605,8.130102157592773,0.2264957264957265,-0.6873709222090412,-0.7409702937786804,8.130102157592773,0.04217686920992524,0.037833972297418056,0.056659489550762256,0.0
3229,26.776165499999934,149.87053018083736,240.48716333339038,33.94503461360846,54.469314772092694,8.130102157592773,0.2264957264957265,-0.6875789688261804,-0.7406723523253262,8.130102157592773,-0.1384441490254209,0.05660784735318904,0.14957015337738644,0.0
3230,26.792337100000168,149.86584879276793,240.4854154061015,33.94397429921667,54.46891887403154,8.130102157592773,0.2264957264957265,-0.6886392832179737,-0.7402764542641691,8.130102157592773,-0.13762033969858833,0.0545464174961711,0.1480360414237744,0.0
3231,26.796736899999814,149.83759028046737,240.48041223165234,33.93757386694347,54.46778567639989,8.130102157592773,0.2264957264957265,-0.6950397154911769,-0.7391432566325236,8.130102157592773,-0.34454980976417043,0.07882204343704931,0.3534508253493237,0.0
3232,26.808104900000217,149.83078886650355,240.47858923345018,33.93603337574653,54.467372775097694,8.130102157592773,0.2264957264957265,-0.696580206688111,-0.7387303553303255,8.130102157592773,-0.33684004369904036,0.0752701257947791,0.34514751466051913,0.0
3233,26.812035699999797,149.82994681989737,240.47773294068676,33.93584265578872,54.467178828446144,8.130102157592773,0.2264957264957265,-0.6967709266459252,-0.738536408678776,8.130102157592773,-0.3042104553741748,0.07300251667619964,0.31284719688694923,0.0
3234,26.824231699999928,149.83102949061887,240.47726709747639,33.93608787608034,54.46707331694978,8.130102157592773,0.2264957264957265,-0.6965257063543007,-0.7384308971824112,8.130102157592773,-0.004842408711712688,0.021897017771680245,0.02242606317266924,-1.4054261120007137
3235,26.828605300000163,149.83291377524262,240.47701330757224,33.93651465849512,54.46701583462106,8.130102157592773,0.2264957264957265,-0.6960989239395232,-0.7383734148536902,8.130102157592773,0.04626991670178352,0.014564032696849251,0.048507898738090895,-5.844269186017688
3236,26.840797100000145,149.83518156881064,240.47690408372898,33.937028304046855,54.46699109588733,8.130102157592773,0.2264957264957265,-0.6955852783877887,-0.738348676119962,8.044428787231446,0.023281303750489354,-0.03438030984696579,0.04152137774082072,-7.66389098084033
3237,26.845429299999978,149.83763679234914,240.47691111004357,33.93758440168592,54.466992687317564,8.130102157592773,0.2264957264957265,-0.6950291807487261,-0.7383502675501958,7.941620742797853,0.08170394383276224,-0.16165811101862637,0.1811322149589567,-8.533048733762367
3238,26.85710590000008,149.82920976571424,240.48698366740348,33.935675716166045,54.46927407851447,7.7017353057861335,0.2264957264957265,-0.6969378662685983,-0.7406316587470982,7.835385763549806,0.056501081167004696,-0.21393255357215388,0.22126795893428164,-8.614275123072465
3239,26.861995000000206,149.8359492920145,240.50053391123564,33.93720219007166,54.47234315083542,7.616061935424805,0.2264957264957265,-0.6954113923629848,-0.7437007310680528,7.814138767700196,-0.21627073697103805,-0.1592151846823528,0.26855633804368056,-5.731442877640539
3240,26.87245810000013,149.83463582153877,240.51200100100226,33.93690469462203,54.474940397662905,7.59892726135254,0.2264957264957265,-0.6957088878126143,-0.7462979778955372,7.809889368530274,-0.3260230909134761,-0.13056287114599704,0.3511947025948184,-0.7558256766353757
3241,26.876036499999827,149.81375386505266,240.5076465515201,33.932175020717054,54.473954133463955,8.023867178344727,0.2264957264957265,-0.7004385617175899,-0.7453117136965872,7.836323119067384,-0.5834756598261531,-0.134083852115732,0.5986838272475365,1.4105569760853705
3242,26.888172100000247,149.79078358955417,240.49998903045815,33.92697235148022,54.47221973766787,8.108855161743165,0.2264957264957265,-0.7056412309544271,-0.7435773179005025,7.8688934995459,-0.7191290439863935,0.012298527515946133,0.7192342008579993,2.300878069149678
3243,26.89192920000005,149.76671902971276,240.503522037888,33.92152183151614,54.47301994875241,7.83390405847168,0.2264957264957265,-0.7110917509185057,-0.7443775289850407,7.875407575641602,-0.7400389017134607,-0.013443239380605959,0.7401609937941268,-2.3380086812327123
3244,26.904241199999888,149.74682120640279,240.4978592692376,33.91701505956986,54.471737355852966,7.778913837817384,0.2264957264957265,-0.7155985228647808,-0.7430949360855976,7.876710390860743,-0.5108242691024716,-0.04941822075204644,0.5132091137600465,-3.163979642866014
3245,26.90786029999981,149.7446963294327,240.50388223674298,33.91653378401681,54.47310153225375,7.631497641831055,0.2264957264957265,-0.7160797984178302,-0.744459112486382,7.791297583543243,-0.5229790212413779,-0.1298966937528698,0.5388693790767076,-0.251703305491096
3246,26.9205422,149.73486106355935,240.49852152354123,33.91430613832755,54.471887353622584,8.03038125444043,0.2264957264957265,-0.7183074441070971,-0.7432449338552161,7.832604762069978,-0.26700897397138695,-0.1083415478924581,0.28815218753461963,0.9274030524374839
3247,26.924407099999826,149.72650853981563,240.50294916750642,33.91241432739414,54.47289019605915,7.681791125155665,0.2264957264957265,-0.7201992550405052,-0.744247776291779,7.89925593776556,-0.28501650495580755,-0.19061520568816887,0.34288272738177816,-0.9242720703711274
3248,26.937383800000134,149.7167185351004,240.50897703797034,33.91019693316377,54.474255482959094,8.040439951105352,0.2264957264957265,-0.7224166492708761,-0.7456130631917262,7.998259543266004,-0.2854302078886851,-0.13525815617812628,0.31585625272912426,3.6587100243240185
3249,26.941600000000108,149.70822855345284,240.51469543136758,33.908273988602566,54.47555067462599,8.11216971629529,0.2264957264957265,-0.7243395938320774,-0.7469082548586243,7.959670524375857,-0.32273229073823584,-0.19579033753336184,0.3774784599902052,0.08754470452011587
3250,26.95285610000019,149.7015169772304,240.51967269817393,33.90675384527013,54.47667800428726,8.126515669333276,0.2264957264957265,-0.7258597371645124,-0.74803558451989,7.951952720597828,-0.2267677096941639,-0.15770067320346942,0.2762120498616309,-4.598827749698484
3251,26.956961500000034,149.69495245597753,240.52342327097904,33.905267009259866,54.47752749299953,7.837436159989703,0.2264957264957265,-0.7273465731747777,-0.7488850732321595,7.892019419851987,-0.238766953255819,-0.1697585625399085,0.2929635259254682,-10.644577704796603
3252,26.9683371000001,149.69446717893578,240.52689005846742,33.90515709608375,54.47831270555031,7.6432021062655195,0.2264957264957265,-0.7274564863508957,-0.7496702857829405,7.821643019712585,-0.15759589216495934,-0.11389090662815977,0.19444177493494988,-9.4241352778376
3253,26.971543600000132,149.69119873443123,240.5292330431813,33.90441680737118,54.47884338157525,7.740773447376151,0.2264957264957265,-0.7281967750634664,-0.7502009618078844,7.749177999694471,-0.15476396698114395,-0.1069073762770486,0.18809857144110126,-9.692196971472633
3254,26.985239300000103,149.6881614694965,240.53091742217228,33.90372887984322,54.47922488621851,7.7602877155982775,0.2264957264957265,-0.7288847025914222,-0.7505824664511422,7.707401365319754,-0.06789345452879236,-0.07108646392556515,0.09829957538714942,-7.308417332725923
3255,26.989363499999854,149.68596019769637,240.5321052710704,33.90323030118764,54.479493928917655,7.764190569242703,0.2264957264957265,-0.7293832812470029,-0.7508515091502872,7.69904588585692,-0.1399418448113863,-0.05239963172541178,0.14943038959386043,-6.373937370540095
3256,27.0001685000002,149.68940386778348,240.53343220155665,33.90401027774583,54.479794473002144,7.62855298811612,0.2264957264957265,-0.7286033046888107,-0.751152053234776,7.670091159593261,-0.08114826309978573,-0.021284184922495904,0.0838931292295564,-2.2984962539256037
3257,27.003992899999957,149.6831580042994,240.53302006821144,33.90259561635841,54.47970112656071,7.601424708951349,0.2264957264957265,-0.7300179660762325,-0.7510587067933443,7.664300214340528,-0.06829649679759907,-0.015855150132999936,0.07011274677663419,-1.761828930379971
3258,27.016791800000192,149.68672349155338,240.53358079219936,33.90340318398431,54.479828128147716,7.595999816057849,0.2264957264957265,-0.7292103984503342,-0.7511857083803477,7.635858394918888,0.027197651059734554,-0.007551955608935248,0.028226658617101823,-1.423657560960793
3259,27.032290999999987,149.68768352791764,240.53362942046195,33.9036206281181,54.47983914224138,7.731332989334617,0.2264957264957265,-0.7289929543165456,-0.7511967224740133,7.6301700310345595,0.03344717063377702,-0.0029240235645472006,0.033574739570263586,-0.47698786637773644
3260,27.0356855,149.69302760195012,240.5339849002815,33.904831038048535,54.479919656901366,7.621981472134502,0.2264957264957265,-0.727782544386109,-0.7512772371339977,7.629032510845584,0.1804327318201896,-0.009551175292018637,0.18068534988082274,-1.407610105106791
3261,27.048860500000046,149.69904425400316,240.53425687570513,33.90619378402636,54.47998125817253,7.600111168694479,0.2264957264957265,-0.726419798408287,-0.7513388384051609,7.656088637178883,0.16916935006741174,-0.005723859173738887,0.16926615599720843,-1.0307541297407863
3262,27.05240700000013,149.70475984279767,240.5343935341118,33.90748834046272,54.48001221071763,7.595737108006475,0.2264957264957265,-0.7251252419719236,-0.7513697909502639,7.63421623207445,0.212313202142302,-0.0036692329139835188,0.21234490592923358,-1.0018602221232484
3263,27.065352000000075,149.70514732764278,240.53386693821545,33.90757610412422,54.479892938997516,7.731280447724343,0.2264957264957265,-0.7250374783104263,-0.7512505192301475,7.629841751053562,0.15760061774861206,0.0015758209674510463,0.15760849573060962,-0.9377492315675753
3264,27.06928340000013,149.70913519006498,240.53370095696596,33.9084793379207,54.479855344953826,7.621970963812448,0.2264957264957265,-0.7241342445139409,-0.7512129251864579,7.628966854849385,0.18920713910189257,0.004575264431383531,0.18926244881576484,-2.9129746859404007
3265,27.081307899999956,149.71354249502602,240.53356790891922,33.90947757365974,54.47982521013982,7.600109067030068,0.2264957264957265,-0.723136008774901,-0.7511827903724537,7.628791875608551,0.1291676682105766,0.0070611087639737705,0.1293605263128373,-1.7688015658718443
3266,27.084800200000245,149.71757400876626,240.53340876189776,33.91039069429321,54.47978916401958,7.595736687673592,0.2264957264957265,-0.722222888141431,-0.7511467442522104,7.601473249389289,0.17006984074688625,0.008547972708691716,0.17028452240030445,-1.7701283893330317
3267,27.097038200000043,149.72107669921306,240.53320875785727,33.91118403871065,54.47974386395912,7.5948622118022975,0.2264957264957265,-0.7214295437239926,-0.7511014441917538,7.596009524145437,0.1328033662416422,0.007492795613571329,0.13301457089814825,-1.7290473824962578
3268,27.1002096000002,149.7240351965318,240.53297565137837,33.91185412571019,54.479691066337836,7.594687316628038,0.2264957264957265,-0.7207594567244513,-0.7510486465704673,7.594916779096667,0.13928774564392163,0.009840332586465834,0.13963491050585478,-0.3188255464715184
3269,27.11296369999991,149.7264799905392,240.5327342692899,33.91240786110503,54.47963639432635,7.594652337593186,0.2264957264957265,-0.7202057213296129,-0.7509939745589804,7.594698230086912,0.09256072462757746,0.00864789568246821,0.09296383083391667,1.331641577988045
3270,27.116834899999958,149.7284530359649,240.53249081829904,33.912854747462134,54.479581253717306,7.594645341786216,0.2264957264957265,-0.7197588349725095,-0.7509388339499381,7.621938150656055,0.04261981888098098,0.015836736600156123,0.04546703407514446,-1.9434792585170697
3271,27.129510400000072,149.7300105978584,240.53224685008257,33.913207528574766,54.47952599595887,7.594643942624822,0.2264957264957265,-0.7194060538598777,-0.7508835761915051,7.627386134769884,-0.004244680097524784,-0.02920509733691211,0.029511947065363777,-3.4191384243731733
3272,27.1339124000001,149.72641744438647,240.53147632433706,33.91239369466873,54.47935147517036,7.731061814648012,0.2264957264957265,-0.7202198877659143,-0.7507090554029929,7.5533354270272195,0.12680578440364676,-0.055033335950574885,0.13823304606378672,-4.206032847025094
3273,27.14555969999992,149.72523305372357,240.5422013564749,33.91212543524508,54.48178064911611,7.621927237197181,0.2264957264957265,-0.7204881471895632,-0.7531382293487425,7.463384980913257,0.16318788847448432,-0.1012205552713574,0.19203095519786034,-7.509607164612592
3274,27.15011229999982,149.73927640307932,240.54471095313238,33.91530619385985,54.48234906203426,7.224398798879866,0.2264957264957265,-0.7173073885747954,-0.7537066422668914,7.445394891690464,0.1556318705898149,-0.22347876890095783,0.2723307534832829,-12.427782641343171
3275,27.161294500000167,149.75395667401202,240.55540915307802,33.9186312124899,54.48477215860314,7.144893111216403,0.2264957264957265,-0.7139823699447447,-0.7561297388357744,7.339372938909383,0.23546483438730928,-0.23044096441951492,0.3294643020353482,-9.396570364972877
3276,27.16528210000024,149.75378152690143,240.56609456732224,33.91859154241784,54.48719235926529,7.50469349651086,0.2264957264957265,-0.7140220400168005,-0.7585499394979252,7.2430282437877365,0.35703955468040205,-0.2694253130352808,0.4472887690413642,-8.036408136194408
3277,27.176848099999916,149.7647240682488,240.5658476774751,33.92106998127003,54.48713643977,7.200952050742602,0.2264957264957265,-0.7115436011646139,-0.7584940200026296,7.223759304763408,0.2537670691010627,-0.2762850730302732,0.3751415292119588,-8.54867701959908
3278,27.18102769999996,149.77551634421064,240.57329327923205,33.92351438565455,54.48882283674914,7.140203761588951,0.2264957264957265,-0.7090991967800946,-0.7601804169817683,7.2199055169585415,0.2752559393650678,-0.3089012497933657,0.41374607463956586,-7.349821652698935
3279,27.192683100000067,149.7848977628105,240.58148326243497,33.92563923687588,54.49067783294468,7.12805410375822,0.2264957264957265,-0.7069743455587627,-0.7620354131773084,7.143994454832139,0.307465831840937,-0.17041163713365162,0.3515328772962932,-2.5712468435090186
3280,27.19703699999991,149.79267906106395,240.58878359637046,33.927401667676875,54.492331327383056,7.125624172192074,0.2264957264957265,-0.7052119147577685,-0.7636889076156876,7.128812242406858,0.314371425484428,-0.20699375257844174,0.37639846807288735,-2.2644848940354554
3281,27.208358599999883,149.80023199060778,240.5845089789266,33.92911237394108,54.491363144799614,7.1251381858788445,0.2264957264957265,-0.703501208493563,-0.7627207250322456,7.125775799921802,0.21164375562767876,-0.1452652577555118,0.25670035918744616,-2.082212527956824
3282,27.212952700000187,149.8052787923297,240.58812095811055,33.930255452963564,54.49218124264897,7.125040988616199,0.2264957264957265,-0.7023581294710795,-0.7635388228815998,7.12516851142479,0.19817887235162956,-0.15345119777257732,0.25064344305088476,-0.7806195599951056
3283,27.224319599999944,149.80885219930312,240.59288061184208,33.93106481437207,54.493259283878764,7.1250215491636695,0.2264957264957265,-0.7015487680625725,-0.764616864111396,7.125047053725388,0.12370762607623663,-0.09186979127070721,0.1540896988690071,-0.08329953598657197
3284,27.229190300000027,149.81132483571446,240.5971833182437,33.93162485595242,54.4942338284911,7.125017661273164,0.2264957264957265,-0.7009887264822225,-0.7655914087237292,7.125022762185507,0.096009689959792,-0.11682703734166835,0.15121645816579277,-0.029672042628119247
3285,27.240298900000198,149.81291574262002,240.60070803048865,33.93198518956778,54.495032160751705,7.1250168836950625,0.2264957264957265,-0.7006283928668608,-0.7663897409843372,7.1250179038775325,0.05004785158256528,-0.10701101577965987,0.11813612887777006,-0.003245167419602756
3286,27.256074200000057,149.81379412120188,240.603443151421,33.93218413856282,54.49565165395433,7.1250167281794425,0.2264957264957265,-0.7004294438718262,-0.7670092341869648,7.125016932215937,0.03521942892879161,-0.09314406991646328,0.09958024871767093,-0.001108735448479678
3287,27.259645900000123,149.81409382448993,240.60547733448612,33.93225202007678,54.49611238772549,7.125016697076319,0.2264957264957265,-0.7003615623578625,-0.767469967958121,7.125016737883617,0.005546068899126494,-0.0650047262021925,0.06524088678777956,-0.00011172847657924633
3288,27.272393600000214,149.8139284243842,240.60691285168792,33.93221455765967,54.49643752623701,7.125016690855694,0.2264957264957265,-0.7003990247749741,-0.7677951064696416,7.125016699017154,-0.003735275912915635,-0.0524138232984006,0.052546752125146326,-2.4284118550309208e-05
3289,27.27585739999995,149.81341786659408,240.60782104739462,33.93209891850208,54.496643228683396,7.125016689611568,0.2264957264957265,-0.7005146639325659,-0.7680008089160282,7.125016691243861,-0.01947410847961616,-0.046748553419812246,0.0506425527389852,-1.1984497078918634e-05
3290,27.288317800000186,149.81264935800596,240.60831131043264,33.931924854591095,54.49675427116637,7.125016689362743,0.2264957264957265,-0.7006887278435485,-0.7681118513989986,7.125016689689203,-0.027104044081830442,-0.020554029741754805,0.03401613358708995,-1.1037051133810966e-06
3291,27.291565099999843,149.81170192080032,240.60846820846754,33.931710264112894,54.49678980790077,7.125016689312979,0.2264957264957265,-0.7009033183217497,-0.7681473881334,7.1250166893782705,-0.03935671152441147,-0.011739300748094136,0.04107020725623315,-4.945527208161314e-07
3292,27.30411580000009,149.81064108688952,240.6083586597829,33.931469989765574,54.49676499559185,7.125016689303026,0.2264957264957265,-0.7011435926690694,-0.768122575824485,7.125016689316086,-0.03687881168565203,0.0019138290219332024,0.03692843745504241,-4.576284116938255e-08
3293,27.308079400000224,149.80951757152707,240.60803372622502,33.931215518337325,54.496691399529595,7.125016689301035,0.2264957264957265,-0.7013980640973188,-0.7680489797622272,7.1250166893036475,-0.04910174329572189,0.011447196873826669,0.05041844415436792,-2.0838754763858795e-08
3294,27.320368700000017,149.8083783858017,240.60755194962266,33.93095749763884,54.49658227918804,7.125016689300637,0.2264957264957265,-0.7016560847958004,-0.7679398594206717,7.12501668930116,-0.03985201769821855,0.015996813076288814,0.04294276822955,-1.6901448553491593e-09
3295,27.323747899999944,149.80725817066917,240.6069737418002,33.930703773698575,54.49645131758722,7.1250166893005575,0.2264957264957265,-0.7019098087360689,-0.7678088978198545,7.1250166893006615,-0.05049396054342521,0.025358358547526404,0.056503861811259305,-7.005106759194635e-10
3296,27.335963300000003,149.80618847455207,240.6063370938973,33.930461492099404,54.49630711955794,7.1250166893005416,0.2264957264957265,-0.7021520903352396,-0.7676646997905721,7.125016689300563,-0.04001853393940224,0.02339204461597393,0.04635375723687135,-7.294698198690455e-11
3297,27.339093200000207,149.80518862864778,240.60566294779073,33.930235031274925,54.49615442834576,7.125016689300538,0.2264957264957265,-0.7023785511597183,-0.7675120085783931,7.125016689300542,-0.04206756002122327,0.026628828800695597,0.049787288833958186,-3.2489577087753294e-11
3298,27.356813800000054,149.8042634657557,240.60497942713323,33.93002548583355,54.49599961383787,7.125016689300537,0.2264957264957265,-0.7025880966010902,-0.7673571940704988,7.125016689300538,-0.0320526174454627,0.023210443589435047,0.03957391788442896,-2.9992779955073674e-12
3299,27.36280510000006,149.80343708225922,240.6043164510216,33.929838313503154,54.495849452581815,7.125016689300537,0.2264957264957265,-0.7027752689314894,-0.7672070328144471,7.125016689300537,-0.03497547844389119,0.027117775291522945,0.04425672637171247,-1.3851220188510744e-12
3300,27.36944369999992,149.80270405816248,240.60368149923,33.92967228667783,54.49570563871448,7.125016689300537,0.2264957264957265,-0.7029412957568155,-0.7670632189471149,7.125016689300537,-0.022890157010574137,0.01973219832398464,0.030221167063265417,-7.977017682584567e-14
3301,27.373733599999923,149.8020515943746,240.60308788579383,33.92952450641818,54.495571187808004,7.125016689300537,0.2264957264957265,-0.703089076016461,-0.7669287680406356,7.125016689300537,-0.04413856166318406,-0.11398241812299877,0.12223012831074351,-2.67031289853477
3302,27.384219900000062,149.80149937930653,240.6025389392219,33.92939943206515,54.49544685375538,7.125016689300537,0.2264957264957265,-0.7032141503694902,-0.766804433988014,7.125016689300537,-0.04452726364956727,-0.15911018790349746,0.16522327046395233,-2.8134918415710346
3303,27.387602199999947,149.79973626450436,240.61239239471757,33.92900009409714,54.497678619316375,7.125016689300537,0.2264957264957265,-0.7036134883375027,-0.7690361995490065,7.079857692718506,0.04455684459497835,-0.34960947972422085,0.3524373713346833,-2.923713024929044
3304,27.400218300000233,149.79788786251282,240.6235647124489,33.928581438945216,54.50020910153757,7.125016689300537,0.2264957264957265,-0.7040321434894281,-0.7715666817702029,7.0708258934021,0.0497726594662052,-0.3888406946644143,0.3920132694915353,-3.63902760014608
3305,27.403495999999905,149.80397178252275,240.63703512952824,33.9299594208278,54.503260093440154,6.899221706390381,0.2264957264957265,-0.7026541616068442,-0.7746176736727861,7.069019533538818,0.027485235399826904,-0.4844132232138087,0.4851923422616799,-7.9892468136141375
3306,27.416223300000183,149.80350149055255,240.64629644107347,33.92985290170635,54.5053577409269,7.079857692718506,0.2264957264957265,-0.7027606807282964,-0.7767153211595286,7.0234994175720225,0.03556632251760295,-0.38062719870840866,0.3822852700458606,-5.564040655936012
3307,27.41969590000008,149.8016100833315,240.65344117569805,33.929424506053714,54.50697599278631,7.115984889984131,0.2264957264957265,-0.7031890763809301,-0.7783335730189407,6.94796656137085,0.050678744447863605,-0.3206010972507661,0.3245818828850542,-8.152634707752993
3308,27.43202229999997,149.79738356941687,240.6611096225378,33.928467218714076,54.508712863224375,6.897416109466554,0.2264957264957265,-0.704146363720568,-0.7800704434570065,6.932860142718507,-0.04501693708628493,-0.15021807536777101,0.15681834966555372,-9.235775448927566
3309,27.435549700000138,149.79804355470773,240.65955917443327,33.92861670256201,54.508361693354544,6.747352408294679,0.2264957264957265,-0.7039968798726335,-0.7797192735871761,6.884679862406007,-0.3207916090294487,-0.15860298760900043,0.3578577428283527,-9.436114694395622
3310,27.44829770000024,149.7947753234914,240.66400096914543,33.92787646215831,54.50936774087482,6.823689613128663,0.2264957264957265,-0.7047371202763344,-0.7807253211074539,6.808614973335695,-0.4033477534816209,-0.07299303894131239,0.4098992485630565,-5.132483800326525
3311,27.451620599999842,149.77442320099004,240.66703402524536,33.92326679338663,54.51005471511967,6.8389562911560065,0.2264957264957265,-0.7093467890480127,-0.7814122953523039,6.793401842933742,-0.4449822404736808,-0.04864725673416523,0.44763349955598325,-4.894651134133775
3312,27.4646816999998,149.74350585517914,240.66922280074493,33.916264146685876,54.510550463416585,6.735660444632569,0.2264957264957265,-0.7163494357487679,-0.7819080436492172,6.7903593694412425,-0.6285743512094805,-0.09171391262977817,0.6352300030447884,-2.1689548893443154
3313,27.481416399999944,149.72238693132408,240.6706397455964,33.911480800684515,54.510871395370124,6.821350457456788,0.2264957264957265,-0.7211327817501285,-0.7822289756027558,6.78975072215485,-0.667146544498296,-0.07794675813314489,0.6716846052571727,-0.9760057551901687
3314,27.485422799999924,149.7068990704775,240.6726877073952,33.9079728663902,54.511335249965576,6.732140040832179,0.2264957264957265,-0.7246407160444406,-0.7826928301982079,6.789628992697573,-0.5087501649013151,-0.03536320685001114,0.509977731558773,-4.068218022235452
3315,27.497181600000204,149.69387183182835,240.6732111419367,33.90502225250813,54.51145380565233,6.820646376696709,0.2264957264957265,-0.7275913299265113,-0.7828113858849619,6.789604723100062,-0.4479835991477789,-0.028536324113539107,0.44889155360655963,-3.934781888571966
3316,27.501194599999963,149.68332513569146,240.67310167464433,33.902633470904476,54.51142901177842,6.838347643869615,0.2264957264957265,-0.7299801115301676,-0.7827865920110497,6.709186890054584,-0.5447692853422803,-0.061359169103422456,0.5482139380619588,-3.8711752438766576
3317,27.513137599999936,149.67107542454787,240.6733031896572,33.89985896367965,54.511474654067655,6.735539096645017,0.2264957264957265,-0.7327546187549956,-0.7828322343002867,6.7143730072833785,-0.3875797305309139,-0.036648490751606,0.3893085657839888,-4.5402157877537235
3318,27.516820100000132,149.65856017693775,240.6762832559104,33.89702431357992,54.512149626338676,6.419261292229394,0.2264957264957265,-0.7355892688547243,-0.7835072065713078,6.7154102307291375,-0.3628014591004239,-0.017793313898709136,0.3632375266198339,-5.01213118986119
3319,27.529121699999905,149.6536918630821,240.67586097511042,33.89592166129637,54.5120539815421,6.758070626976153,0.2264957264957265,-0.7366919211382736,-0.7834115617747344,6.673885116214187,-0.23882381390043064,-0.022234833472296066,0.23985662781230013,0.28677228871841964
3320,27.532638300000144,149.65171947455957,240.67455377527176,33.89547492372503,54.51175790636497,6.825832493925504,0.2264957264957265,-0.7371386587096111,-0.7831154865976018,6.665580169605143,-0.17107533175418485,-0.021154256270708813,0.17237828080466294,-0.11487865558924137
3321,27.544838100000106,149.65304598802464,240.67541716085896,33.89577537335601,54.51195345951079,6.6307220712948665,0.2264957264957265,-0.7368382090786341,-0.783311039743424,6.744332159409311,-0.017203871649522667,-0.014169137291647883,0.02228761205968052,-0.5199396052021594
3322,27.548344599999837,149.65469368694755,240.67539268132802,33.8961485701206,54.51194791500165,6.694014363599794,0.2264957264957265,-0.7364650123140422,-0.7833054952342806,6.738812873532254,0.02563492551242196,-0.022677862928170315,0.03422623077430969,4.357331749089207
3323,27.56117610000001,149.65467073619,240.683797968916,33.8961433718721,54.51385167672029,6.813021241250232,0.2264957264957265,-0.736470210562544,-0.7852092569529248,6.71643933251895,0.05739546328099423,-0.07174349135586985,0.0918769163455638,4.109168706701287
3324,27.565098699999908,149.65682793185024,240.6844001147876,33.896631967470356,54.51398806018693,6.730474197590867,0.2264957264957265,-0.7359816149642882,-0.785345640419564,6.798856180102423,0.03957018158372149,-0.12956173525897596,0.13546971068798244,1.466363675400729
3325,27.576940599999944,149.65848875176138,240.69282472962465,33.897008136082704,54.515896199444896,6.713964788858995,0.2264957264957265,-0.7356054463519399,-0.7872537796775276,6.756196254331033,0.030824185512266476,-0.2102591170038986,0.2125065333013405,0.6213769392941968
3326,27.581349900000077,149.65723311933684,240.69876465408583,33.896723740704495,54.517241566951064,7.042806309212229,0.2264957264957265,-0.7358898417301489,-0.788599147183696,6.726394509044917,-0.009514498739145637,-0.3776056552627875,0.37772550426559276,1.3707030051817362
3327,27.59257669999988,149.66034099467797,240.7186860670859,33.89742766118774,54.52175368186134,6.480714734742837,0.2264957264957265,-0.7351859212469023,-0.7931112620939729,6.661290864699609,-0.05480344969440097,-0.4022781266059663,0.4059939768568157,-4.3230066764707935
3328,27.596695100000034,149.65666621180426,240.73659824406639,33.89659533857105,54.52581071339965,6.664012514819661,0.2264957264957265,-0.7360182438635903,-0.7971682936322821,6.669539972256328,-0.1593203987832833,-0.3750220770214824,0.4074610996426175,-1.6005745511435268
3329,27.6081250000002,149.65152464621278,240.74457818040136,33.89543079593708,54.52761813487723,6.404955975864324,0.2264957264957265,-0.7371827864975629,-0.7989757151098615,6.584298314275485,-0.17200315219332651,-0.31545692626845007,0.3593023193568043,-1.1118472528161485
3330,27.612330400000246,149.64241149602586,240.74503965618433,33.89336670636483,54.52772265716995,6.755210326642592,0.2264957264957265,-0.7392468760698137,-0.7990802374025847,6.626393125379512,-0.16212806576836816,-0.3283830563182349,0.36622526044321047,-4.629874815669889
3331,27.62408520000008,149.6357730095045,240.7454182392414,33.89186311753735,54.527808404614504,6.616598019308011,0.2264957264957265,-0.740750464897296,-0.7991659848471357,6.575668792312231,-0.09309615612611045,-0.18238595877809366,0.20477190296733,-9.362743044025748
3332,27.62882589999981,149.6381188200031,240.75518314257403,33.89239443359044,54.53002011348899,6.69118879026297,0.2264957264957265,-0.7402191488442043,-0.8013776937216193,6.464788146890181,0.012437064275661616,-0.5989297859250464,0.5990589028100817,-15.497089766378547
3333,27.64020870000013,149.64530851359453,240.76800415966693,33.894022868463715,54.53292401906986,6.410390849483258,0.2264957264957265,-0.7385907139709289,-0.8042815993024917,6.218221301253037,0.1854430135917478,-0.6950844305218191,0.7193966060830637,-21.91961622917849
3334,27.645158400000128,149.65461326121113,240.81697433703587,33.896130354035,54.54401555496966,5.850552748754073,0.2264957264957265,-0.7364832283996421,-0.815373135202293,6.029491657101195,0.3131553995451949,-1.047030699794312,1.092858449469133,-27.767212831203622
3335,27.656055899999956,149.672617853877,240.8413018423156,33.90020831733111,54.54952563095183,5.52237609845687,0.2264957264957265,-0.7324052651035302,-0.8208832111844586,5.788625000731764,0.3497850787829324,-1.0058773958862295,1.0649595940194372,-23.596207626864334
3336,27.660493899999892,149.68262361019777,240.87592528357695,33.902474578378126,54.55736769243409,5.672949798548796,0.2264957264957265,-0.7301390040565181,-0.8287252726667234,5.639715966943228,0.3769037088872592,-1.2802636457818952,1.3345903523117952,-19.51771243955389
3337,27.6722464999998,149.69794243209046,240.88945632699776,33.90594422607177,54.560432415943936,5.486855508415815,0.2264957264957265,-0.7266693563628763,-0.8317899961765676,5.609934160185522,0.30292540166748844,-0.9671295289826527,1.0134610623036373,-10.133663421829151
3338,27.67694070000016,149.7037176331691,240.92317737520648,33.907252284435735,54.56807008925617,5.665845680540585,0.2264957264957265,-0.7253612979989086,-0.8394276694887992,5.60397779883398,0.3587342794112377,-0.9961025944978038,1.0587306843527093,-4.543548312546435
3339,27.68826450000006,149.7065118362708,240.95693341240514,33.90788515949723,54.575715687425095,5.701643714965539,0.2264957264957265,-0.7247284229374102,-0.8470732676577271,5.703522305372265,0.22090299121299417,-0.615848062014419,0.6542682683836684,1.5437404671198545
3340,27.691669100000126,149.71633132820833,240.96671138044502,33.910109232457444,54.57793035539994,5.492594291699163,0.2264957264957265,-0.7225043499771999,-0.8492879356325744,5.723431206679923,0.17653205339122807,-0.5585028229951207,0.5857379697168713,1.9707664323091103
3341,27.70426559999987,149.70640369386848,240.95924528895893,33.90786066570526,54.576239317584715,6.170672331240223,0.2264957264957265,-0.7247529167293862,-0.8475968978173469,5.68417118091118,0.17683552268605468,-0.17706003606863144,0.2502419997847588,4.461096388728308
3342,27.723948199999995,149.7127795123343,240.9569896669663,33.90930476134067,54.575728428842794,5.5864000149540995,0.2264957264957265,-0.7233088210939727,-0.8470860090754257,5.676319175757431,0.1679522948614697,-0.1275617973105878,0.21090278680553642,0.724458479467436
3343,27.731944199999816,149.72267043350348,240.9470988266537,33.9115450127166,54.57348819578054,5.469545551696875,0.2264957264957265,-0.7210685697180423,-0.8448457760131731,5.765736628730589,-0.0179971056417459,-0.13135913367444518,0.132586265545044,0.23987221060978348
3344,27.74031950000017,149.72309467136415,240.96291377526694,33.91164110077906,54.577070214056185,5.662383689196797,0.2264957264957265,-0.7209724816555863,-0.848427794288817,5.682884340516626,0.0014675995032142515,-0.21503569205660805,0.21504070011643425,2.1542960228708523
3345,27.748107400000208,149.71358769371994,240.98593336935386,33.90948781097076,54.58228405374254,5.9396815565649455,0.2264957264957265,-0.7231257714638843,-0.8536416339751725,5.709555688904106,-0.030498027650187217,-0.3382235117188268,0.33959575022365485,2.624698656172637
3346,27.75563229999989,149.7108905147386,240.99537326543418,33.90887691145789,54.5844221498633,5.756410890170411,0.2264957264957265,-0.7237366709767556,-0.8557797300959322,5.758131764611876,-0.09542503025876307,-0.45710702516129265,0.46696120700941796,-0.7070582922394495
3347,27.760606599999846,149.70899170217098,241.00833046845815,33.908446838525904,54.587356900975564,5.719756756891504,0.2264957264957265,-0.7241667439087394,-0.8587144812081959,5.76784697975343,-0.11540065601653343,-0.48147830028869854,0.49511479987770557,-1.4599218311530364
3348,27.768970900000113,149.7073497016658,241.01993540031765,33.90807493242858,54.58998536844801,5.712425930235723,0.2264957264957265,-0.7245386500060604,-0.8613429486806439,5.722043974808107,-0.0655592656541774,-0.3754001504893796,0.3810817370336236,-3.0817646280834983
3349,27.77280800000017,149.7058520128188,241.0292453246888,33.90773571230511,54.592094026532074,5.710959764904566,0.2264957264957265,-0.7248778701295322,-0.8634516067647056,5.66964156778877,0.015944698070694804,-0.44804055106638574,0.4483241782420799,-5.023467470210487
3350,27.78427610000017,149.70447051052892,241.03628777160188,33.907422807940314,54.59368911066196,5.710666531838335,0.2264957264957265,-0.7251907744943296,-0.8650466908945944,5.615919280354629,0.05361796087988313,-0.3599234357080007,0.36389526693922253,-5.448430387589618
3351,27.78757889999997,149.70922919989786,241.04572736892587,33.9085006307461,54.59582713911569,5.494398855073722,0.2264957264957265,-0.7241129516885465,-0.8671847193483231,5.605174822867801,0.05064899047826839,-0.3266050703289381,0.33050898959186925,-7.207766529120722
3352,27.800091900000098,149.71485917985729,241.05398097553226,33.90977579714716,54.59769654574021,5.4511453197207995,0.2264957264957265,-0.7228377852874814,-0.8690541259728448,5.603025931370436,0.06055011214928577,-0.21556499196000578,0.22390752966349398,-4.610506325039672
3353,27.803151699999944,149.71405796513034,241.05597571263306,33.909594325435506,54.59814834516902,5.658703642801582,0.2264957264957265,-0.7230192569991374,-0.8695059254016542,5.5593543470406885,0.10984815146607772,-0.223855418985765,0.24935489766556973,-3.76796553724488
3354,27.816178800000216,149.71182061310876,241.0556504222989,33.90908757476395,54.598074668298466,5.700215307417738,0.2264957264957265,-0.7235260076706922,-0.8694322485310977,5.5506200301747395,0.06085120468311654,-0.10459507885073055,0.12100826265663468,-3.816637758243403
3355,27.819881400000213,149.71540403633384,241.0586017840415,33.90989920481066,54.598743139120515,5.492308610189602,0.2264957264957265,-0.722714377623987,-0.8701007193531467,5.548873166801551,0.08958677466874483,-0.09805013046711598,0.13281422469060658,-6.496034452278693
3356,27.83234850000008,149.71988189287254,241.0614110050924,33.910913420180535,54.59937941568332,5.450727270743975,0.2264957264957265,-0.721700162254109,-0.870736995915955,5.505281988096638,0.11467056573767226,-0.07265060034250406,0.13574773801697054,-3.812108480093222
3357,27.836177900000166,149.72403404133337,241.06338360454458,33.911853864062685,54.59982620102933,5.4424110028548505,0.2264957264957265,-0.7207597183719585,-0.871183781261962,5.453321946325383,0.16259395719249245,-0.07865376422398034,0.18061896229940963,-3.802932870936402
3358,27.848359900000105,149.7275897786439,241.06449473536466,33.91265922336807,54.600077867411656,5.440747749277025,0.2264957264957265,-0.7199543590665769,-0.8714354476442878,5.442929937971132,0.12730622843304581,-0.041676297081809234,0.1339544308199548,-3.715155515790831
3359,27.851687500000025,149.73053864949497,241.06485262671225,33.91332713001382,54.600158928272435,5.44041509856146,0.2264957264957265,-0.7192864524208247,-0.8715165085050671,5.440851536300282,0.13650696350203093,-0.021955228496679125,0.13826128577040717,-3.020834308038055
3360,27.864319499999965,149.73292381642648,241.06461022088706,33.91386736013078,54.60010402438895,5.440348568418347,0.2264957264957265,-0.7187462223038636,-0.8714616046215795,5.440435855966111,0.09109590208795743,0.004086238269415296,0.09118750309342372,-0.3072812130913596
3361,27.867659500000173,149.7348018464406,241.06390875029012,33.914292725903216,54.599945144296484,5.440335262389724,0.2264957264957265,-0.7183208565314274,-0.8713027245291158,5.440352719899279,0.08375491199613548,0.015504934319744007,0.08517797996982539,-0.13675229390819973
3362,27.885148700000173,149.73623265765508,241.06286363166433,33.91461679852871,54.599708429394056,5.440332601184,0.2264957264957265,-0.7179967839059316,-0.8710660096266878,5.440336092685911,0.04729807232593654,0.027859730280283327,0.054893280253958766,-0.011848698199247042
3363,27.893104600000242,149.73726556187472,241.06158382783795,33.914850746920344,54.59941855929663,5.440332068942855,0.2264957264957265,-0.7177628355143,-0.8707761395292621,5.4403327672432376,0.04196852276852607,0.038305749990152675,0.0568215398038488,-0.005271736845935712
3364,27.901761699999952,149.73797010750968,241.06015379997706,33.915010323495785,54.599094664097365,5.440331962494626,0.2264957264957265,-0.7176032589388583,-0.8704522443299965,5.440332102154702,0.017910234542747816,0.03952591842535014,0.043394408957187915,-0.00029436506550726605
3365,27.907774400000108,149.73839801393797,241.05865188383217,33.91510724247313,54.598754486508994,5.44033194120498,0.2264957264957265,-0.7175063399615169,-0.8701120667416262,5.440331969136996,0.01437923178629013,0.05369554337609091,0.055587531742446676,-0.00010449107271909699
3366,27.914140299999872,149.7385965432794,241.05714343970806,33.91515220852055,54.59841283036123,5.440331936947051,0.2264957264957265,-0.7174613739140909,-0.8697704105938584,5.4403319425334535,0.00798423484923465,0.05234612858981318,0.05295153618611069,-2.091395757529824e-05
3367,27.91810140000007,149.73861184333938,241.0556676958645,33.91515567391875,54.598078580687265,5.440331936095465,0.2264957264957265,-0.7174579085158967,-0.8694361609198964,5.440331937212745,0.0036275910382092473,0.0486180883260098,0.04875323506410817,-5.5514619259217455e-06
3368,27.928861400000187,149.73848978334462,241.0542573475501,33.91512802785156,54.597759142821175,5.440331935925148,0.2264957264957265,-0.7174855545830852,-0.869116723053807,5.440331936148604,-0.0035853279591275436,0.05360771930742188,0.05372748036077845,-1.1294071605627889e-06
3369,27.9448510000002,149.7382532746936,241.05293201266878,33.91507445965282,54.59745896013438,5.440331935891084,0.2264957264957265,-0.7175391227818224,-0.8688165403670141,5.440331935935776,-0.0062550922070691685,0.046855366299035285,0.047271043245688045,-2.9372830168273937e-07
3370,27.94825149999997,149.73795382160307,241.05170803978828,33.91500663480753,54.597181735507604,5.440331935884272,0.2264957264957265,-0.717606947627111,-0.8685393157402359,5.4403319358932105,-0.011566254186993388,0.0431392955113962,0.04466292705519545,-2.5180589439847362e-08
3371,27.96084689999998,149.73760430012732,241.0506009601424,33.91492746968696,54.596930986698915,5.440331935882909,0.2264957264957265,-0.7176861127476855,-0.8682885669315468,5.440331935884698,-0.012483315160821093,0.040301868054671966,0.04219091994849809,-5.406478768082493e-09
3372,27.964241799999854,149.73721937337166,241.04961465653952,33.91484028542179,54.59670759314784,5.440331935882637,0.2264957264957265,-0.7177732970128545,-0.8680651733804723,5.440331935882996,-0.016797868690603426,0.04585830302090627,0.04883802154575896,-2.7482377517785195e-09
3373,27.976707700000134,149.73682559529604,241.04876154377354,33.91475109637047,54.596514366752125,5.440331935882583,0.2264957264957265,-0.7178624860641705,-0.8678719469847564,5.440331935882655,-0.014130957912009573,0.03172068547475863,0.03472586728217956,-2.449806515483818e-10
3374,27.980306400000245,149.73642960439042,241.04802183735939,33.91466140612262,54.59634682641046,5.440331935882572,0.2264957264957265,-0.7179521763120249,-0.8677044066430923,5.440331935882586,-0.0166131005453318,0.03318966049654733,0.03711534283292259,-1.0997855302515697e-10
3375,27.993500099999892,149.7360445043691,241.04739059117577,33.914574182613514,54.596203851847505,5.440331935882569,0.2264957264957265,-0.7180393998211301,-0.8675614320801373,5.440331935882573,-0.012724476406302131,0.021648292646054362,0.025110971193957252,-9.687732235466663e-12
3376,27.99785520000023,149.73568501525244,241.0468665686924,33.91449275986487,54.596085162994434,5.440331935882568,0.2264957264957265,-0.718120822569773,-0.8674427432270662,5.440331935882569,-0.014141295891715743,0.021738014312079806,0.025932942673928136,-4.230086421886823e-12
3377,28.00984470000003,149.73535481704553,241.04643801668482,33.91441797138211,54.59598809779613,5.440331935882568,0.2264957264957265,-0.7181956110525363,-0.8673456780287623,5.440331935882568,-0.010463281080789526,0.013721624065879711,0.01725581693171718,-3.799229331567356e-13
3378,28.014616599999954,149.73505482974966,241.04610199684697,33.91435002554159,54.59591199073884,5.440331935882568,0.2264957264957265,-0.7182635568930564,-0.8672695709714731,5.440331935882568,-0.011580905262166145,0.013520703621185055,0.017802437841576476,-1.7796781373067006e-13
3379,28.023961800000052,149.73478528336514,241.0458348864188,33.914288974437405,54.59585149136836,5.440331935882568,0.2264957264957265,-0.7183246079972392,-0.867209071600989,5.440331935882568,-0.008625991998291397,0.00859560040998499,0.012177523736898293,-1.48159376073226e-14
3380,28.0284001,149.73454623539206,241.04564222380196,33.914234831093076,54.59580785410899,5.440331935882568,0.2264957264957265,-0.718378751341568,-0.8671654343416222,5.440331935882568,-0.00943590889681484,0.008173737663134662,0.012483844123295337,0.0
3381,28.04044490000024,149.73433770020543,241.04550250541337,33.91418759876448,54.59577620849106,5.440331935882568,0.2264957264957265,-0.7184259836701656,-0.8671337887236916,5.440331935882568,-0.007141835902274844,0.0052100243963207945,0.00884025872162573,0.0
3382,28.04436429999987,149.734159681399,241.04539891126547,33.91414727826559,54.595752744859276,5.440331935882568,0.2264957264957265,-0.7184663041690555,-0.8671103250919074,5.440331935882568,-0.007092471654219168,0.004077078746361525,0.008180814462505261,0.0
3383,28.056432200000017,149.73401217987123,241.04533868045309,33.91411386979989,54.59573910283766,5.440331935882568,0.2264957264957265,-0.7184997126347525,-0.8670966830702938,5.440331935882568,-0.005073349272099804,0.002081138886860093,0.00548361303367742,0.7344805182150826
3384,28.0606472999998,149.7338951958467,241.04532362275,33.914087373418276,54.59573569233227,5.440331935882568,0.2264957264957265,-0.7185262090163675,-0.867093272564901,5.440331935882568,-0.0052630237888952065,0.0012699339414222787,0.005414069783264082,1.17427615023297
3385,28.07242210000004,149.733785841198,241.045331302416,33.914062605057666,54.59573743174379,5.440331935882568,0.2264957264957265,-0.718550977376978,-0.8670950119764242,5.483573741912842,-0.03232297963736648,-0.04609247723517509,0.05629646054871249,1.2030254395295077
3386,28.07635500000015,149.73370128207685,241.0453561105161,33.91404345277809,54.59574305067245,5.440331935882568,0.2264957264957265,-0.7185701296565554,-0.8671006309050853,5.492222103118897,-0.05376393060733718,-0.1661449347338601,0.17462731622535232,1.222342213587453
3387,28.088387799999964,149.72596682442546,241.05761893485558,33.91229163117329,54.598520527980114,5.656540966033935,0.2264957264957265,-0.7203219512613543,-0.8698781082127454,5.493951775360108,-0.05029277859985377,-0.1659148933294118,0.17336988033624529,1.2235007154485662
3388,28.091969500000232,149.72422775957315,241.0670933323467,33.911897740416144,54.60066643852297,5.483573741912842,0.2264957264957265,-0.7207158420184996,-0.872024018755603,5.49429770980835,-0.0338461521965445,-0.13157887644925592,0.135862293319965,-2.2451102005851538
3389,28.10391370000025,149.72481151753001,241.06699000789138,33.91202995909868,54.600643035975395,5.448980297088624,0.2264957264957265,-0.7205836233359619,-0.8720006162080267,5.494366896697998,-0.031404373374981,-0.1488846535660075,0.15216068721764267,-2.81567776100532
3390,28.107075800000075,149.72593020482196,241.06459524977558,33.91228333698959,54.600100633496176,5.44206160812378,0.2264957264957265,-0.7203302454450551,-0.8714582137288076,5.451138928045655,0.0016173688344487949,-0.1858832943926894,0.18589033061519333,-2.9471307059276626
3391,28.12029819999998,149.7263586498383,241.06973005023687,33.912380377954825,54.60126364385707,5.440677870330811,0.2264957264957265,-0.7202332044798183,-0.8726212240896984,5.442493334315186,0.02457802060376775,-0.08654649901808142,0.08996874784660505,-2.9719695716131374
3392,28.123665399999936,149.72664886656113,241.07591182164126,33.91244611080231,54.60266378866233,5.440401122772217,0.2264957264957265,-0.7201674716323367,-0.8740213688949652,5.440764215569092,0.015071329648355536,-0.2752776938785031,0.27568995941897534,-0.15911156479357524
3393,28.136190499999884,149.7269159703024,241.08157713753923,33.912506608658234,54.603946958502476,5.440345773260498,0.2264957264957265,-0.7201069737764101,-0.8753045387351079,5.440418391819874,-0.0030616373976008475,-0.3552996460335933,0.35531283694112586,3.3892418143588756
3394,28.139258900000186,149.72642198573965,241.0943345614844,33.91239472326582,54.606836460507154,5.440334703358155,0.2264957264957265,-0.7202188591688241,-0.8781940407397855,5.483591033100303,-0.09411053106160658,-0.3524093703487192,0.3647590387725551,3.6496507217546723
3395,28.152001400000245,149.7258292818353,241.10719417503907,33.91226047836441,54.60974910802167,5.440332489377686,0.2264957264957265,-0.7203531040702345,-0.8811066882542988,5.535467214798771,-0.7348042551591384,-0.29534793196026016,0.7919391986214463,6.668684469549845
3396,28.1680080000001,149.69417552114243,241.11238890630858,33.90509103683995,54.61092569245451,5.6565410767329585,0.2264957264957265,-0.7275225455946952,-0.8822832726871397,5.545842451138466,-0.7411344084457175,-0.2732141961103453,0.7898899976189127,7.485797764885629
3397,28.171115799999825,149.65048785001215,241.11417968507322,33.895195966028396,54.6113312961918,5.699782031264561,0.2264957264957265,-0.7374176164062476,-0.8826888764244316,5.591159304436677,-1.0960039460794233,-0.2180264797501775,1.117479393856514,5.3653668568011685
3398,28.18400530000008,149.64896153159484,241.11371185242064,33.894850261429596,54.61122533409527,5.492221954958967,0.2264957264957265,-0.7377633210050476,-0.8825829143279051,5.643464328538703,-1.2102761763643102,-0.17443662409412902,1.2227823023336457,4.5830994255376725
3399,28.18702179999991,149.6248449056038,241.12257850631806,33.889387948705135,54.61323359331136,5.666918969849215,0.2264957264957265,-0.7432256337295087,-0.8845911735439884,5.6539253333591075,-1.0991968563660413,-0.18348991319057517,1.114406692948168,7.095856487726325
3400,28.200117200000022,149.59120115560017,241.12319299694084,33.88176778310602,54.61337277281139,5.701857609887812,0.2264957264957265,-0.7508457993286228,-0.88473035304402,5.656017686911079,-0.4344416220666317,-0.16158933857616825,0.46351983487804443,3.758462678161326
3401,28.203421799999887,149.59276946614614,241.1249259042645,33.8821229987425,54.61376526891461,5.708846100834984,0.2264957264957265,-0.750490583692141,-0.885122849147244,5.699677963651747,-0.5212592423717601,-0.1531676756661192,0.5432969120351623,1.398799368645222
3402,28.219813499999873,149.60288902180997,241.12644631981613,33.88441503485439,54.61410963653955,5.710243799024418,0.2264957264957265,-0.7481985475802517,-0.8854672167721844,5.665168212969608,-0.061741114642442696,-0.04600917175972068,0.07699876053097693,0.4116241867205238
3403,28.22629169999982,149.5897061726888,241.1250068131083,33.881429175865414,54.61378359442197,5.7105233386623055,0.2264957264957265,-0.7511844065692301,-0.8851411746545992,5.615024609390797,0.31498759489382994,-0.1025690480042907,0.3312666517256242,-2.216216776393829
3404,28.2331236,149.60438912862142,241.1289270267634,33.88475480263648,54.614671506061796,5.494370216438516,0.2264957264957265,-0.7478587797981646,-0.8860290862944282,5.604995736087144,0.21231296930880994,-0.09987797415664067,0.2346324927591195,-5.767242902453144
3405,28.236609699999917,149.6244249188741,241.13344330454242,33.88929282350567,54.61569442367841,5.451139591993758,0.2264957264957265,-0.7433207589289736,-0.8870520039110446,5.559748155396141,0.3495947384210043,-0.13948854937428354,0.3763954523346322,-5.937563771958505
3406,28.24811959999988,149.60379910081227,241.13879524386022,33.88462116385919,54.616906615062355,5.65870173431672,0.2264957264957265,-0.747992418575457,-0.8882641952949868,5.507456833227665,0.5129697580733571,-0.15840092177815493,0.536869467112824,-3.72302498874161
3407,28.25165650000008,149.61670142315228,241.14221605339668,33.88754348473107,54.617681413803524,5.484005895569399,0.2264957264957265,-0.7450700977035751,-0.8890389940361558,5.496998492500025,0.5496550814408627,-0.14374035265038113,0.5681390653121975,-2.9942506225023333
3408,28.264005200000156,149.63610894953808,241.14462765226517,33.89193920651931,54.61822763064126,5.449066727819934,0.2264957264957265,-0.7406743759153329,-0.8895852108738893,5.538148477796881,0.20354613636839947,-0.09364383463830563,0.22405400553498123,0.3076652707306094
3409,28.26778749999994,149.64730085799,241.14557387473621,33.894474125955,54.618441945987264,5.442078512800315,0.2264957264957265,-0.7381394564796437,-0.8897995262198961,5.546378474856252,-0.12200096384583298,0.012933218992106657,0.12268456843796628,1.7768849837644585
3410,28.280502999999953,149.6232281075639,241.14798480779538,33.88902175085849,54.61898801202203,5.656889518478032,0.2264957264957265,-0.743591831576154,-0.8903455922546613,5.591266127710508,-0.35977795866693735,0.054645910203205195,0.363904321277565,3.4432156852839024
3411,28.28370589999986,149.594470509557,241.1419385237262,33.88250827780565,54.61761855451918,5.699851719613575,0.2264957264957265,-0.7501053046289954,-0.8889761347518146,5.600243658281359,-0.5576230016289302,0.08166232163077279,0.5635708888150502,1.9006939123112279
3412,28.30096880000019,149.56683051801426,241.14273865925185,33.87624793784084,54.61779978179636,5.708444159840684,0.2264957264957265,-0.7563656445938065,-0.889157362028989,5.693027094693381,-0.7799389797321066,0.050444823654365846,0.7815686101290656,1.3444825433613163
3413,28.30660429999989,149.5510742371696,241.14047821339693,33.872679207564055,54.617287800470244,5.493954380674191,0.2264957264957265,-0.7599343748705891,-0.8886453807028758,5.668342052239458,-0.5237875171101387,0.05012070976830982,0.5261800534304611,0.5888179617032422
3414,28.314762599999995,149.53517609103068,241.14814140393517,33.86907834540438,54.61902348037848,5.905995694860425,0.2264957264957265,-0.7635352370302613,-0.8903810606111122,5.663405196336563,-0.05367708606268644,-0.014853750540823222,0.05569437559852927,0.024402057476117327
3415,28.318741200000204,149.5501415264198,241.14892423648183,33.87246795256517,54.61920078860486,5.533464306208413,0.2264957264957265,-0.7601456298694771,-0.890558368837489,5.662417825155985,-0.17471478760807796,-0.138253592815731,0.22279881717682826,-6.9130700055600744
3416,28.32906180000009,149.56458311109714,241.14424476151305,33.87573890977841,54.61814090752219,5.675167440099104,0.2264957264957265,-0.756874672656231,-0.8894984877548211,5.662220274625925,0.0014307968803031756,-0.18389802800800542,0.18390359399681624,-6.309208734928347
3417,28.332167200000185,149.55131347186608,241.15284814716537,33.872733393200434,54.620089537605836,5.70350730393779,0.2264957264957265,-0.7598801892342095,-0.8914471178384673,5.571192834222059,0.3270060891787521,-0.22639245348824472,0.3977266968112765,-8.680299874831611
3418,28.345544000000245,149.565928953904,241.16096136540463,33.876043737422705,54.621927146865154,5.492966628023886,0.2264957264957265,-0.7565698450119385,-0.893284727097786,5.5529874224352325,0.10754350430951197,-0.22880241697442652,0.25281643801879133,-9.53097842338642
3419,28.34930650000024,149.5856388852045,241.16802507035507,33.88050795263179,54.623527045849656,5.450858492841105,0.2264957264957265,-0.7521056298028554,-0.8948846260822876,5.506104457753648,0.23150249264226913,-0.31353367119366954,0.389739357868517,-10.188911790670884
3420,28.360995399999865,149.57297679893784,241.17094684986415,33.87764004420387,54.62418881642222,5.442437247274276,0.2264957264957265,-0.7549735382307716,-0.8955463966548507,5.453486135081004,0.4854217810297716,-0.20231604056775465,0.5258955084131532,-4.358117124345765
3421,28.36417590000019,149.58613055227352,241.17545384503438,33.88061931312178,54.625209631567614,5.440752616691183,0.2264957264957265,-0.751994269312867,-0.8965672118002459,5.442962470546474,0.48424948393305894,-0.1847397312024517,0.5182917431082499,-4.091240428424936
3422,28.377441399999952,149.6038042139961,241.1796361663367,33.88462232197348,54.62615690946942,5.440415690574564,0.2264957264957265,-0.7479912604611627,-0.8975144897020542,5.440857813933514,0.017484363556683313,-0.09557841248140936,0.09716447859917073,-1.6041866962619755
3423,28.393277300000136,149.62069668948536,241.18309645003143,33.888448395481724,54.62694064893874,5.440348305351241,0.2264957264957265,-0.7441651869529196,-0.8982982291713739,5.440436806316977,0.09107416396324314,-0.08892921496107385,0.12729064622035893,-0.7040814659740638
3424,28.396602799999982,149.60385123535963,241.18279422359183,33.88463297211137,54.626872195941736,5.440335209776303,0.2264957264957265,-0.7479806103232747,-0.898229776174368,5.440352604793668,0.01735193474927796,-0.1110378268823442,0.112385446737096,-0.04245259332706936
3425,28.412840699999833,149.61264036010942,241.18446961302686,33.886623671306836,54.62725166448899,5.440332209191588,0.2264957264957265,-0.7459899111278077,-0.8986092447216194,5.440335764489007,0.026610158988986235,-0.15551591486467262,0.1577761082598225,-0.010740238937495756
3426,28.417914199999814,149.62536620575003,241.1941352865575,33.889506020960475,54.629440898237384,5.440331609074645,0.2264957264957265,-0.7431075614741687,-0.9007984784700156,5.440332396428075,0.09089760776602201,-0.3412789828336915,0.3531766119402369,2.181540215064921
3427,28.425838099999964,149.6375427233125,241.20441379600462,33.89226395015198,54.6317689367019,5.440331489051257,0.2264957264957265,-0.7403496322826655,-0.9031265169345346,5.440331646521944,0.3574069356735155,-0.3819747362730195,0.5231103294892725,3.156330915959371
3428,28.429792599999928,149.64737319913866,241.22149453176482,33.89449051091602,54.63563765035699,5.4403314650465795,0.2264957264957265,-0.738123071518622,-0.9069952305896223,5.483573378864936,0.3385312982126879,-0.4029767054298397,0.5263018762921672,3.6159153244091824
3429,28.440494599999965,149.6561250685835,241.2301363587713,33.896472771944126,54.63759498724307,5.440331460245644,0.2264957264957265,-0.736140810490518,-0.9089525674757013,5.535463455069863,0.11302884710472175,-0.3425163073245052,0.3606839905804491,3.653334489055974
3430,28.445012900000165,149.65668797490954,241.23269735873578,33.89660026782139,54.63817504279058,5.65654087090655,0.2264957264957265,-0.7360133146132526,-0.9095326230232104,5.545841470310848,0.055578095356772786,-0.3179268503393168,0.32274820967770657,3.6725728532909727
3431,28.45614620000015,149.6291912198016,241.23904821053355,33.890372370296944,54.63961348358239,5.699781990099279,0.2264957264957265,-0.7422412121376993,-0.910971063815019,5.547917073359045,-0.028950138557374452,-0.12930113499602675,0.1325024302937569,0.7542831898198419
3432,28.460465999999997,149.63035078346604,241.24230676088536,33.89063500651154,54.64035153131164,5.492221565256184,0.2264957264957265,-0.7419785759231061,-0.911709111544269,5.548332193968684,0.025096896092007923,-0.10373627891978211,0.10672895463544967,-4.8827535637035675
3433,28.472268900000017,149.63766734674542,241.24413992264323,33.892292176826956,54.640766734615774,5.450709480287565,0.2264957264957265,-0.7403214056076877,-0.9121243148484055,5.5051733357663934,0.043107145148295625,-0.10891930025668926,0.11713940383680915,-5.643889333389142
3434,28.47617769999988,149.6455275239422,241.24509030902993,33.89407247337152,54.64098199307088,5.442407063293841,0.2264957264957265,-0.7385411090631209,-0.9123395733035125,5.413955428261677,-0.15706961374270373,-0.17161172018870074,0.23264016434701695,-7.913073465785011
3435,28.488269200000104,149.65184132312422,241.25332732579264,33.895502521904206,54.64284764216671,5.440746579895096,0.2264957264957265,-0.7371110605304381,-0.9142052223993389,5.395711846760735,-0.16522922330590117,-0.13566009660756465,0.21378577606062835,-8.725860925786161
3436,28.49212179999995,149.6253016393748,241.26085685586222,33.889491396952415,54.64455304854999,5.243692452575699,0.2264957264957265,-0.7431221854822283,-0.9159106287826191,5.352718800626562,-0.12283872631740113,-0.2270554386055939,0.2581540719873696,-11.057724853422501
3437,28.504204700000173,149.62636859221675,241.26038175546947,33.88973305721149,54.64444544034138,5.401003657751468,0.2264957264957265,-0.742880525223157,-0.9158030205740104,5.304775785271796,-0.27785799763586405,-0.22837453696446774,0.35966650661960015,-6.501111295064283
3438,28.5073996000001,149.63133885215575,241.26732398500994,33.890858799847244,54.64601782566464,5.2357442496167,0.2264957264957265,-0.7417547825873996,-0.9173754058972747,5.25584285236686,-0.29247554653672747,-0.24527937285867388,0.38171182333260495,-7.585220304597389
3439,28.525081300000238,149.60638589101745,241.27213800308843,33.885207060786,54.6471081801867,5.202691986520019,0.2264957264957265,-0.7474065216486423,-0.9184657604193305,5.246056342079817,0.06735204675446635,-0.19494201105708542,0.2062490869725164,-5.6000762517241185
3440,28.53104170000006,149.60757486630905,241.27842268436586,33.88547635860846,54.64853163363842,5.19608191537041,0.2264957264957265,-0.7471372238261864,-0.9198892138710519,5.204754710188425,0.12037136746078678,-0.23021514317748443,0.2597850616425229,-4.859698565367653
3441,28.5377368999998,149.6146355683839,241.2840679513649,33.887075577454475,54.64981026248863,5.194759901140489,0.2264957264957265,-0.745538004980169,-0.9211678427212604,5.196494383810146,0.08677090608777388,-0.14966607010161456,0.17300035457465016,-1.8038772579621432
3442,28.54394880000018,149.62245466846315,241.2886607256342,33.88884657020746,54.65085050623339,5.194495498294504,0.2264957264957265,-0.7437670122271811,-0.9222080864660214,5.194842318534492,0.3258023914726875,-0.17849895510554267,0.3714957271128335,-1.6968248867547535
3443,28.55291649999981,149.62975383435213,241.29220073438705,33.8904998000883,54.651652303087666,5.194442617725308,0.2264957264957265,-0.742113782346344,-0.9230098833202973,5.194511905479359,0.34263518208717625,-0.13830452232113893,0.36949561418018323,-0.3111897470391638
3444,28.55654749999985,149.64378947177164,241.29550043994442,33.89367881198247,54.652399672295104,5.194431660141741,0.2264957264957265,-0.7389347704521754,-0.9237572525277358,5.194445746574388,0.439737337830271,-0.12221004337827868,0.4564035724932208,-0.06458629735805933
3445,28.56792230000019,149.6502852890855,241.29740111096265,33.895150086844154,54.65283016615821,5.194429850094755,0.2264957264957265,-0.7374634955904895,-0.9241877463908423,5.1944325147933945,0.3963730658321657,-0.09076412660952718,0.406632185145717,-0.01140462090042799
3446,28.57154679999985,149.66187704736905,241.2991694610903,33.89777557055795,54.653230689905065,5.1944291066156305,0.2264957264957265,-0.7348380118766968,-0.9245882701376971,5.19442979214325,0.4814157633156605,-0.08180005057589626,0.48831586646659275,-0.004042188979096739
3447,28.58412159999989,149.66566762610006,241.29973743363195,33.898634120441464,54.65335933325852,5.194429339389533,0.2264957264957265,-0.7339794619931794,-0.924716913491153,5.194429247613221,0.3382580793708238,-0.04191284593582182,0.3408448546099508,-0.00039841689367977695
3448,28.58745880000015,149.67464902322422,241.3003944108982,33.90066836850805,54.65350813580173,5.194429004474586,0.2264957264957265,-0.7319452139265934,-0.9248657160343612,5.194429138707215,0.3148262847574319,-0.024930538135913644,0.3158118447840642,-0.00017088984157929545
3449,28.6001682000001,149.68361205439004,241.30075320477533,33.90269845676356,54.65358940108159,5.194428937491597,0.2264957264957265,-0.7299151256710843,-0.9249469813142213,5.194429116926013,0.18935930327849945,-0.0016730204325041973,0.18936669383892804,-2.0908351960727524e-05
3450,28.603316300000188,149.68378143156627,241.30009903727782,33.90273681997014,54.653441234938995,5.194429305564726,0.2264957264957265,-0.7298767624645066,-0.9247988151716271,5.194429036275827,0.19177531417854327,0.0014325071414622156,0.19178066431470436,-1.2287566937334294e-05
3451,28.615996500000165,149.68921394309666,241.2997752781183,33.90396726061591,54.653367904872944,5.1944289977096245,0.2264957264957265,-0.7286463218187365,-0.9247254851055757,5.19442902014579,0.1405135959308162,0.01745263293929946,0.14159330859162308,-2.276634329736861
3452,28.63217910000003,149.69495515813745,241.2993967919417,33.90526762128754,54.65328217937141,5.194428936138604,0.2264957264957265,-0.7273459611471011,-0.924639759604041,5.194429016919782,0.12235460776525708,0.02081670045956634,0.12411279168326374,-2.3882613156441614
3453,28.635337300000174,149.69988090989568,241.29890162718465,33.90638328301056,54.653170026670026,5.1944289238244,0.2264957264957265,-0.7262302994240812,-0.9245276069026573,5.1584787751857135,-0.38827804088717877,0.15519520117318772,0.4181451751513724,-2.4824428243311942
3454,28.648219400000016,149.70380170940751,241.29830862823172,33.90727132734444,54.653035714941375,5.19442892136156,0.2264957264957265,-0.7253422550902044,-0.9243932951740064,5.1512888031328465,-0.4427846017252318,0.16279950417847747,0.47176464692230835,-2.486906935297767
3455,28.651272900000095,149.6695455506429,241.2886160059349,33.899512453778094,54.65084037741261,5.014678096894382,0.2264957264957265,-0.7331011286565499,-0.9221979576452384,5.149850808722272,-0.9433289342688365,0.2103550822526634,0.9664981835773431,-2.4905339582911745
3456,28.66415710000001,149.65956244356892,241.2861241858099,33.89725132268869,54.6502759908031,5.158479137445283,0.2264957264957265,-0.7353622597459548,-0.9216335710357342,5.149563209840158,-1.0065220775533361,0.20250516167382168,1.0266913037066325,0.3421451868587009
3457,28.667328800000178,149.6256411907262,241.28272031647202,33.889568303882434,54.64950502894452,5.187238964085736,0.2264957264957265,-0.7430452785522093,-0.9208626091771492,5.149505690063735,-0.8732900598937612,0.18558530796724498,0.8927919327830792,0.9075100241547128
3458,28.68025519999992,149.62776955061125,241.28293364967465,33.89005036830084,54.64955334800323,5.192990929413827,0.2264957264957265,-0.7425632141338028,-0.9209109282358625,5.1854443509033725,-0.46004133680855647,0.02332379298091048,0.4606322078313891,1.0238365340577946
3459,28.68342339999981,149.63805200679343,241.28397117486983,33.892379300683984,54.649788343026074,5.194141322479445,0.2264957264957265,-0.7402342817506593,-0.921145923258706,5.192632006777354,-0.8648956969570706,0.03983138747025376,0.8658123965632869,1.0457816700917106
3460,28.69640930000014,149.61083364989173,241.28926595655926,33.88621445916351,54.65098758845146,5.194371401092568,0.2264957264957265,-0.7463991232711322,-0.9223451686840889,5.194069537952151,-0.3526828797357039,-0.03655654403497495,0.3545724108986062,1.0503148851538349
3461,28.699698700000226,149.57888639098854,241.28743108264567,33.87897854154869,54.65057199735137,5.1944174168151935,0.2264957264957265,-0.7536350408859533,-0.9219295775840024,5.194357044187111,-0.13302052517877325,-0.16212682388041819,0.2097130590602044,-1.7005303136851329
3462,28.71239000000014,149.58665809066707,241.29521211026102,33.88073879831348,54.65233436685399,5.194426619959718,0.2264957264957265,-0.7518747841211635,-0.923691947086624,5.194414545434103,-0.22129485795837706,-0.1762398797461991,0.282899115183793,-2.2628176125346515
3463,28.715664899999865,149.60307779170972,241.3043442568133,33.88445779042998,54.65440275902181,5.1944284605886235,0.2264957264957265,-0.7481557920046669,-0.9257603392544453,5.158475880888579,-0.42443743345951046,-0.22912360984736935,0.48233262745867184,-2.3713848682258503
3464,28.7289080999999,149.62025186980242,241.31280710302167,33.88834764572448,54.656319557522,5.194428828714404,0.2264957264957265,-0.7442659367101641,-0.9276771377546353,5.151288147979475,0.04955348410146559,-0.2755261809403564,0.2799468238258334,-2.9609476064187956
3465,28.732234699999935,149.59836130729434,241.31804705163432,33.88338952686581,54.657506383489824,5.014678078364952,0.2264957264957265,-0.7492240555688312,-0.9288639637224563,5.149850601397652,-0.3526431744240192,-0.2619276539432116,0.43927588639492154,-3.365784917751424
3466,28.744903400000112,149.60788042692124,241.32395756368982,33.88554556678131,54.658845089211795,5.15847875226967,0.2264957264957265,-0.7470680156533334,-0.9302026694444265,5.1136129272863675,-0.6797824608987365,-0.14198141429240038,0.694451521814167,-1.1941971521483548
3467,28.748491899999863,149.57821674979672,241.32508042485802,33.878826870680456,54.65909941246784,5.187238887050613,0.2264957264957265,-0.7537867117541879,-0.9304569927004707,5.1063653924641095,-0.5871616919343833,-0.24207220624364426,0.6351045626594987,-2.9315217025849223
3468,28.760983300000134,149.5506363407695,241.32683742799185,33.87258002590078,54.65949736616909,5.013240090032193,0.2264957264957265,-0.7600335565338625,-0.9308549464017233,5.104915961793604,-0.37414205770113407,-0.17679934728462188,0.41381189995106116,-3.552066137318851
3469,28.76490990000002,149.56375695506543,241.33802268097259,33.87555178896781,54.662030778169004,5.158191154603118,0.2264957264957265,-0.757061793466832,-0.9333883584016363,5.068675910864581,-0.681272117436466,-0.15222236911954468,0.6980711623156574,-1.4139227524657119
3470,28.777130500000112,149.54080725024096,241.33966314094627,33.87035377890073,54.662402335342534,5.007430925012421,0.2264957264957265,-0.7622598035339152,-0.9337599155751661,5.025477812177798,-0.2664343464962309,-0.14391107466167596,0.3028162122528318,-2.033832861167589
3471,28.780618300000242,149.51978051739422,241.33939805452368,33.865591313768775,54.662342294400666,4.977278497624555,0.2264957264957265,-0.767022268665869,-0.9336998746332981,5.0527883572353645,-0.33165025326896913,-0.21049221589381029,0.39280894012898665,-2.7771436057177574
3472,28.79301549999991,149.5308316649931,241.34100262032038,33.86809435147279,54.6627057216965,4.971248393616708,0.2264957264957265,-0.7645192309618523,-0.9340633019291289,4.989324532408988,-0.4108875696200785,-0.09345447178803175,0.4213814580228642,-1.4933826242941417
3473,28.79632730000003,149.51875146483226,241.346336165334,33.86535823776116,54.663913746849154,5.149792815320021,0.2264957264957265,-0.7672553446734867,-0.9352713270817858,4.9766317674437115,-0.04217069699581766,-0.10148456240246646,0.10989760730394987,-2.633441077341011
3474,28.80896329999996,149.53887136840532,241.34968371174367,33.86991530993796,54.66467195180519,4.840872030471231,0.2264957264957265,-0.7626982724966851,-0.9360295320378214,4.941117445407688,0.33248943103889844,-0.11115556981542529,0.35057778374215653,-5.583993008011861
3475,28.813303100000212,149.56604566192556,241.35103558247692,33.876070171290834,54.66497814474905,4.943967100186043,0.2264957264957265,-0.7565434111438094,-0.9363357249816815,4.901038735663569,0.44873707771707316,-0.11190216021778726,0.4624792518367347,-2.09513959976627
3476,28.824417899999844,149.59096667671184,241.35256373570712,33.88171467463986,54.66532426492512,4.799706887444436,0.2264957264957265,-0.7508989077947845,-0.9366818451577501,4.824097059876855,0.6578384620381218,-0.03961861827537401,0.6590304067725034,-0.5171712209843053
3477,28.828761700000086,149.60598599290842,241.3531975440342,33.88511648557327,54.66546781980262,4.770854844896114,0.2264957264957265,-0.7474970968613732,-0.9368254000352536,4.877634658557402,0.5086093311663265,-0.032822207301561254,0.5096672924973749,1.0165835341260654
3478,28.840261499999997,149.61712226116657,241.35336744020776,33.887638802742856,54.665506300559876,4.7650844363864495,0.2264957264957265,-0.7449747796917876,-0.936863880792508,4.924292266794489,-0.15214678851574948,-0.1228974510356732,0.19558228121872873,3.6239300953796
3479,28.85636979999981,149.58970536997913,241.35521808075507,33.8814289940551,54.665925462735125,5.108560023873969,0.2264957264957265,-0.7511845883795445,-0.9372830429677563,5.002549722279796,-0.37841973649527205,-0.1552472256791475,0.40902713608050906,6.230065970153306
3480,28.86048690000007,149.55543110323697,241.36468724113604,33.87366601910923,54.66807018709491,5.177255141371473,0.2264957264957265,-0.7589475633254139,-0.939427767327544,5.018201213376858,-0.8287443637590708,-0.1863800504424308,0.8494437848765214,1.1493121586911967
3481,28.872283499999867,149.52295582878776,241.37473351682698,33.86631050822971,54.67034562560611,5.1909941648709745,0.2264957264957265,-0.7663030742049344,-0.941703205838742,5.090257521728106,-0.9975103392245624,-0.23859245135382026,1.0256477147163772,-2.004490729731122
3482,28.87645169999996,149.49593137052702,241.37820638946064,33.86018958392279,54.6711322164163,4.849112300381422,0.2264957264957265,-0.7724239985118544,-0.9424897966489283,5.0357428495604655,-1.1960188849615656,-0.24835257996082852,1.2215318977242906,-7.33288792858653
3483,28.88825339999994,149.46339171714348,241.39198354316594,33.85281949148976,54.674252682853826,5.125365978142691,0.2264957264957265,-0.7797940909448826,-0.9456102630864578,4.897524165004866,-0.8760134234816119,-0.14642449683506847,0.8881664547782566,-9.447281952066628
3484,28.892686499999854,149.43641982869994,241.3934480037114,33.84671047402178,54.67458437690899,4.835986663035765,0.2264957264957265,-0.7859031084128603,-0.9459419571416205,4.800954494255857,-0.8865726240700691,-0.08415336966177944,0.8905575822909602,-11.588366827134307
3485,28.904163499999868,149.42195209462616,241.39402011250013,33.84343359408199,54.67471395710473,4.486161718593481,0.2264957264957265,-0.7891799883526502,-0.9460715373373603,4.7232507438218745,-0.6154531517783834,-0.04414612562557928,0.6170344094470707,-9.021446934277346
3486,28.907544000000144,149.41185780515067,241.39225197636722,33.841147280653786,54.674313481826765,4.708145811125923,0.2264957264957265,-0.7914663017808579,-0.9456710620593967,4.707709917441133,-0.026648089667206887,-0.0885594998875799,0.09248192095350183,-9.972118398349368
3487,28.92027670000016,149.40551190612166,241.39161539277345,33.83970996164294,54.67416929836322,4.460593548211513,0.2264957264957265,-0.7929036207917051,-0.9455268785958495,4.704601752164985,0.37220937092867157,-0.10226718634677465,0.3860031000010276,-4.716660398860157
3488,28.923356899999817,149.43705607711635,241.39823114921876,33.84685458156909,54.67566773892562,5.047661846238983,0.2264957264957265,-0.7857590008655535,-0.9470253191582501,4.653885896087295,0.44607228076874056,-0.02956719796193076,0.4470511143768083,1.0185533488424188
3489,28.9364386000002,149.47264826610527,241.40651121748047,33.854916060271705,54.67754313900199,4.820445836655024,0.2264957264957265,-0.7776975221629385,-0.9489007192346222,4.712668658709647,0.6806344869287564,-0.09535115539679385,0.687280981573239,1.0546998604462035
3490,28.939640800000234,149.4738329954814,241.40153167399902,33.855184396412454,54.67641529368354,4.2325824382050286,0.2264957264957265,-0.7774291860221894,-0.9477728739161719,4.782815027518297,0.624723881201432,-0.05727926703703909,0.6273442772319529,0.3692655017245009
3491,28.9520708,149.50108001400707,241.41308128275756,33.86135572966827,54.679031230710045,5.002059624237686,0.2264957264957265,-0.7712578527663752,-0.9503888109426768,4.727918367442136,0.11589088092965061,0.012343905520086608,0.11654642116401207,4.3847106541948415
3492,28.955061399999977,149.49589836043538,241.4104183004257,33.8601821072781,54.67842807659215,4.811325392254764,0.2264957264957265,-0.7724314751565444,-0.9497856568247798,4.716939035426904,-0.21421175203927595,-0.10197472285065261,0.23724569292656011,-0.4729163619867247
3493,28.968321899999864,149.48274686794088,241.41851872915916,33.85720335043105,54.68026278908306,4.77317854585818,0.2264957264957265,-0.775410232003594,-0.951620369315691,4.764837392046319,-0.2914635996388368,-0.18057508806242462,0.34286789342716323,-5.934163511527886
3494,28.971320000000105,149.4690563153739,241.4279824960105,33.854102498781266,54.682406291831434,4.765549176578863,0.2264957264957265,-0.7785110836533775,-0.9537638720640658,4.705491129532311,-0.6670074773465668,-0.22699711310405613,0.7045755205751947,-5.987720549977991
3495,28.98432959999991,149.45168332933176,241.43032554953973,33.85016759168625,54.68293698344276,4.472074221302101,0.2264957264957265,-0.7824459907483927,-0.9542945636753899,4.635232060745331,-0.641389264095048,-0.2905917274588763,0.7041475272724609,-6.211746072438282
3496,28.987329399999908,149.43338973492084,241.4361870392404,33.84602417072993,54.68426458581086,4.705328311667647,0.2264957264957265,-0.7865894117047105,-0.95562216604349,4.621180246987933,-0.6934666513331428,-0.3419458192327873,0.773190105861414,-4.034674640479774
3497,29.00010229999998,149.41848232142553,241.44274503251518,33.84264770528014,54.68574994326198,4.460030048319858,0.2264957264957265,-0.7899658771545006,-0.9571075234946136,4.559980067952275,-0.4950766914128956,-0.19449187909867208,0.5319097869147286,0.06783780376041279
3498,29.0032855999998,149.41166556326652,241.4482984102284,33.841103738688574,54.68700775958165,4.702919477071198,0.2264957264957265,-0.7915098437460699,-0.9583653398142786,4.6061298484293225,-0.5713772800352883,-0.31487993144820287,0.6523966334748741,1.2627672338742109
3499,29.01614180000024,149.40926328412718,241.44703172535984,33.84055963272966,54.6867208608721,4.459548281400568,0.2264957264957265,-0.7920539497049859,-0.9580784411047318,4.615359804524732,-0.30352906260864143,-0.23997959004316333,0.3869368107137977,1.2963476968692047
3500,29.019357300000138,149.39955321727203,241.4561564298751,33.83836034408298,54.68878756745035,4.702823123687341,0.2264957264957265,-0.794253238351665,-0.9601451476829794,4.617205795743814,-0.1306917205766588,-0.16703918471189683,0.21209058219662336,5.415931608139292
3501,29.032204099999944,149.39717147692542,241.4600168906719,33.837820890072855,54.689661945323124,4.751478092144695,0.2264957264957265,-0.7947926923617885,-0.9610195255557556,4.559185177703451,0.02366491821578979,-0.07272795463083967,0.07648126397324702,1.7493021358446885
3502,29.035163999999895,149.40501033749308,241.45677058008985,33.839596358492024,54.68892666984941,4.4692600044152675,0.2264957264957265,-0.7930172239426199,-0.9602842500820401,4.605970870379558,0.6667244627456753,-0.13257789059187508,0.6797782037527392,0.9834921484326613
3503,29.047947300000033,149.4211950587385,241.4524571103545,33.843262128688636,54.687949687387984,4.412816386869382,0.2264957264957265,-0.7893514537460078,-0.9593072676206162,4.5569381926306,0.9435907489224068,-0.020905743658137237,0.9438223093198467,0.8410484427587063
3504,29.051099400000112,149.4653527807979,241.45631114648512,33.853263664026876,54.68882261010133,4.693476744781103,0.2264957264957265,-0.7793499184077675,-0.9601801903339648,4.547131657080808,1.0677427449093038,-0.04028487792834456,1.0685024289612803,1.7394114098571507
3505,29.065298699999857,149.5092596429534,241.461600522217,33.86320838066893,54.69002063110043,4.457659734942549,0.2264957264957265,-0.7694052017657143,-0.9613782113330629,4.545170349970849,1.309383951022839,-0.14251836084905933,1.3171172363822756,-4.176125412032767
3506,29.081287800000155,149.55011688217388,241.47324543695072,33.872462370748785,54.69265815452302,4.702445414395736,0.2264957264957265,-0.7601512116858586,-0.9640157347556553,4.544778088548858,1.366886440019037,-0.16867934981665825,1.3772549738383546,-4.088397446295204
3507,29.08553350000011,149.58400901790674,241.47817082579041,33.88013879465409,54.693773734046545,4.459453468865475,0.2264957264957265,-0.7524747877805567,-0.9651313142791764,4.48630981998028,1.0568063327702748,-0.13592990617093537,1.0655123482977549,-9.19243663677138
3508,29.096620599999824,149.6121201133634,241.48083268447493,33.88650583764214,54.694376633663126,4.410855079759424,0.2264957264957265,-0.7461077447925035,-0.9657342138957574,4.448646470221642,0.8904804763066765,-0.10461608583847895,0.8966047089434281,-9.887258246778453
3509,29.099830099999963,149.6351123952842,241.48243656467343,33.891713491239585,54.6947399056739,4.4011354019382125,0.2264957264957265,-0.7409000911950585,-0.9660974859065306,4.356754287940813,0.5817649804655194,-0.004213099900390024,0.5817802357478439,-10.410824630691831
3510,29.112107299999934,149.62799730658472,241.47852311211562,33.89010195405551,54.69385352539371,4.269342986149361,0.2264957264957265,-0.742511628379134,-0.965211105626345,4.312406155439725,0.13338304159371855,0.06803693065761818,0.14973329528899443,-7.684040431306056
3511,29.115463999999974,149.61369869798406,241.47352787275548,33.88686338031263,54.69272212502582,4.242984502991591,0.2264957264957265,-0.7457502021220108,-0.9640797052584489,4.3035365289395076,-0.4482774185487495,0.12167365602666733,0.4644966335202296,-5.520784809512907
3512,29.128388600000108,149.5889410319179,241.46790741984904,33.881255874750636,54.691449116461534,4.237712806360037,0.2264957264957265,-0.7513577076840079,-0.962806696694166,4.301762603639464,-0.8969799028732045,0.15311610067998424,0.9099546617529174,0.6940250247236319
3513,29.1318411000002,149.55336318766697,241.46464836375134,33.87319764506987,54.690710954183,4.366506947258335,0.2264957264957265,-0.7594159373647713,-0.9620685344156286,4.327377514624377,-1.3489264441586455,0.1704336542533941,1.3596507574567274,1.8349750114938268
3514,29.14456969999992,149.51846775004174,241.46217420641636,33.86529397757356,54.69015056811995,4.392265775437995,0.2264957264957265,-0.7673196048610862,-0.9615081483525785,4.358470192866282,-1.2482126387356909,0.10908262198261506,1.2529699956176599,2.382027437087461
3515,29.14754149999999,149.48709603296942,241.46009082333262,33.858188417723845,54.689678690754825,4.397417541073927,0.2264957264957265,-0.7744251647107987,-0.9610362709874565,4.364688728514663,-1.5832894519242775,0.15577160596336445,1.590933776685593,0.8920173583393287
3516,29.16092949999984,149.45983247992206,241.45829968337222,33.85201333946952,54.689273005208236,4.398447894201114,0.2264957264957265,-0.7806002429651215,-0.9606305854408674,4.365932435644339,-1.2309419866295053,0.12233436820156124,1.2370060113397463,-1.4318746885376539
3517,29.164319500000147,149.42826302110356,241.45333148212234,33.84486299195935,54.68814772885677,4.268805484601941,0.2264957264957265,-0.7877505904752908,-0.9595053090894012,4.340211481025352,-1.4780648409591965,0.17034904986785454,1.4878489415497178,-3.865736902616791
3518,29.17747079999981,149.39503343716066,241.4506245880599,33.83733663320306,54.68753462891955,4.372725482906716,0.2264957264957265,-0.7952769492315852,-0.9588922091521823,4.284973067079094,-1.085177735795873,0.1422583378819458,1.094462495001081,-4.807140017947561
3519,29.18127659999982,149.3638378575812,241.445850879681,33.83027096774275,54.68645340437219,4.263661002343062,0.2264957264957265,-0.802342614691895,-0.9578109846048193,4.24795568824492,-1.3133577493576811,0.18374354332457424,1.3261486596574847,-6.482562190301294
3520,29.193335500000103,149.34112731107498,241.4448748903304,33.82512712601271,54.68623234695517,4.121225471342636,0.2264957264957265,-0.807486456421934,-0.9575899271878043,4.2164276855005465,-0.8997960696347093,0.1370501087225226,0.9101734445867589,-5.072581270378631
3521,29.197231499999816,149.3135685709328,241.440785678149,33.8188851891429,54.68530615787136,4.213361000030246,0.2264957264957265,-0.813728393291747,-0.9566637381039911,4.18415238890675,-0.7723862242779613,0.15946568963349247,0.7886759699804797,-4.3050243806380255
3522,29.209243199999946,149.311370963534,241.4355633934142,33.81838744045855,54.68412333269638,4.1111654708800724,0.2264957264957265,-0.8142261419760928,-0.955480912929012,4.177697329587991,-0.39086945477396035,0.10812543122874275,0.4055490593672911,-2.7576788706295607
3523,29.21280519999982,149.31238940226046,241.43306763668363,33.8186181124778,54.68355805446253,4.211348999937734,0.2264957264957265,-0.8139954699568435,-0.9549156346951619,4.176406317724239,-0.146390812797696,0.13744560404859993,0.200802301141831,-2.4836328737259286
3524,29.22505880000017,149.31515026804558,241.43158539061622,33.81924343677956,54.68322233206265,4.231385705749266,0.2264957264957265,-0.8133701456550853,-0.95457991229528,4.152023588373949,0.23577084675673077,0.07676168358898698,0.24795210877869456,-0.8442181940843692
3525,29.228978000000097,149.3289210814157,241.42873146117944,33.82236246715826,54.682575929241494,4.114770412023876,0.2264957264957265,-0.8102511152763867,-0.9539335094741261,4.147147042503891,0.40092227861870106,-0.05746635684790839,0.4050198213201207,-0.7462148394075535
3526,29.240170399999897,149.3441740874926,241.43197763458198,33.82581720785089,54.68331117364464,4.091447353278799,0.2264957264957265,-0.8067963745837545,-0.9546687538772716,4.14617173332988,0.43730490508259745,-0.1195951617316574,0.4533636318882679,-0.6743885273382513
3527,29.2442888999999,149.35843579482236,241.44239077095017,33.82904742361361,54.68566970453145,4.086782741529783,0.2264957264957265,-0.8035661588210345,-0.9570272847640808,4.145976595201132,0.6662586371336465,-0.20021125222732847,0.6956903888035388,0.7894652247458303
3528,29.256084699999974,149.37128238010206,241.45030411363598,33.831957120279526,54.68746204283208,4.206472454067676,0.2264957264957265,-0.8006564621551178,-0.9588196230647128,4.145937567575383,0.5780801493962304,-0.24599086449973823,0.6282421225477457,0.3763435386992203
3529,29.260609899999963,149.39517350029894,241.45780994564532,33.837368356905316,54.689162081705994,4.2304100151055275,0.2264957264957265,-0.7952452255293281,-0.9605196619386263,4.170054289027773,0.6427100820078844,-0.2823020150518365,0.7019762654227768,-1.1367403858160157
3530,29.2722789999998,149.4134601231216,241.46110547103046,33.84151019882669,54.689908504122286,4.114575273895129,0.2264957264957265,-0.791103383607954,-0.9612660843549179,4.131430978044813,0.5341909268970046,-0.17574430922545106,0.562357545165184,-1.644963303965849
3531,29.276440900000125,149.42506989528235,241.46564868221074,33.84413976260669,54.690937522039185,4.212030960540744,0.2264957264957265,-0.7884738198279564,-0.9622951022718169,4.099581788870681,0.5358596797271158,-0.21681096396787114,0.5780593312575489,-1.9514946577042058
3532,29.288221599999815,149.4376425958909,241.46772290053315,33.84698742556503,54.69140732362503,3.893666186614985,0.2264957264957265,-0.7856261568696112,-0.9627649038576607,4.0690875003522615,0.3020002664609797,-0.1884237329899134,0.35596020015776614,-3.439908199325264
3533,29.292192299999897,149.44211328569148,241.47398638919577,33.84800001769935,54.692825977040066,4.047226508197021,0.2264957264957265,-0.7846135647352952,-0.9641835572726976,4.062988642648578,0.24973619179523943,-0.19480095522379215,0.3167263450496193,-2.298847702829307
3534,29.304188800000247,149.44351706043653,241.48636692810948,33.84831796668007,54.69563011619574,4.077938572513427,0.2264957264957265,-0.7842956157545729,-0.9669876964283688,4.037644344130301,0.20097372193160704,-0.27464062456089816,0.3403203043696381,-0.35404526974395806
3535,29.320210100000168,149.4501393664275,241.4931470603965,33.849817890686566,54.69716578718382,4.084080985376709,0.2264957264957265,-0.7827956917480776,-0.9685233674164522,4.076022139700084,0.1294966661546612,-0.2786926921167086,0.30730929563622106,0.18882227263718204
3536,29.323915500000112,149.45648702056195,241.50372270870264,33.8512556072213,54.69956112633008,4.085309467949365,0.2264957264957265,-0.7813579752133464,-0.9709187065627134,4.08369769881404,0.03720071138372953,-0.30118017709569933,0.30346893086912924,0.5133543861392803
3537,29.336114199999884,149.45025761939831,241.5069617135526,33.84984467447911,54.7002947470867,4.085555164463896,0.2264957264957265,-0.7827689079555356,-0.9716523273193332,4.085232810636832,0.0013577685469432568,-0.27882437550118855,0.2788276813895185,0.9368596613752752
3538,29.339655600000242,149.44702943170506,241.51430604118113,33.849113503762254,54.70195820590855,4.085604303766803,0.2264957264957265,-0.7835000786723896,-0.9733157861411783,4.0855398330013895,-0.2899419523126936,-0.3215574378543947,0.4329728877774903,-2.036589808409505
3539,29.35222479999993,149.4385548432778,241.5210745266527,33.84719404569967,54.70349123894271,4.085614131627384,0.2264957264957265,-0.7854195367349703,-0.9748488191753424,4.085601237474302,-0.4627946025239287,-0.2227811342260743,0.5136246468894744,-2.5806571334429145
3540,29.35570740000003,149.41759922107337,241.52583366462216,33.842447686824315,54.70456916335459,4.0856160971995,0.2264957264957265,-0.790165895610329,-0.9759267435872232,4.042166863095447,-0.6605155106448977,-0.1796803531828297,0.6845186404491819,-2.699638859460006
3541,29.369094799999857,149.3894492437449,241.53485120790359,33.83607183725846,54.706611598371325,4.085616490313924,0.2264957264957265,-0.7965417451761851,-0.9779691786039564,4.033479988219676,-0.6856775785420495,-0.1115332455275886,0.6946894317414118,-2.723136673317531
3542,29.372798700000203,149.3713910890124,241.53231051926105,33.83198174238315,54.70603614325143,3.8683832925696207,0.2264957264957265,-0.8006318400514942,-0.9773937234840631,4.031742613244521,-0.9121996159239234,-0.17685000442210846,0.929184622858048,-2.728035022310122
3543,29.384082600000056,149.35483736575895,241.5387363517391,33.82823239480865,54.70749156684689,4.042169929387947,0.2264957264957265,-0.8043811876259923,-0.9788491470795222,4.03139513824949,-0.7061144347090028,-0.13704972929404974,0.7192914730510761,0.45945176753478845
3544,29.387627099999918,149.33472298279716,241.54575586527852,33.82367657302671,54.70908145666565,4.076927256751613,0.2264957264957265,-0.8089370094079342,-0.9804390368982823,4.031325643250485,-0.7438335432337693,-0.1812209370795536,0.7655908620638672,-1.5390495737697671
3545,29.400159599999824,149.31632768783797,241.551870942638,33.81951011733082,54.71046649555476,4.0838787222243464,0.2264957264957265,-0.813103465103822,-0.9818240757873937,4.0747583995241206,-0.5651598606563961,-0.22603742380856273,0.6086859494510851,-2.8217758287735704
3546,29.40342610000016,149.30673924007473,241.55725637091342,33.81733837488872,54.711686272044496,4.085269015318893,0.2264957264957265,-0.8152752075459233,-0.9830438522771274,4.039998295505411,-0.5446870671201441,-0.3945216510381747,0.6725558223863888,-8.937758525220485
3547,29.416275300000052,149.29477486739174,241.56115476045295,33.814628495605824,54.71256924061541,4.085547073937802,0.2264957264957265,-0.8179850868288199,-0.9839268208480405,3.951561136762215,-0.24691200988679526,-0.39171835578738196,0.46304299032282825,-9.246561147919161
3548,29.4195150999999,149.29148622783427,241.57504973747652,33.81388363280007,54.715716393531004,3.868369409294396,0.2264957264957265,-0.818729949634573,-0.9870739737636356,3.852388567074123,-0.05096230586428327,-0.7095131344833323,0.7113410185159914,-12.971628268721604
3549,29.432200100000045,149.30288635798397,241.59938606107812,33.81646571356047,54.72122846682539,3.6347414630356374,0.2264957264957265,-0.8161478688741752,-0.992586047058019,3.8325540531365045,0.12481795215035357,-0.6381729155429754,0.6502647086468938,-10.313288736512694
3550,29.435327700000016,149.31182464735733,241.62285371741797,33.81849019790572,54.726543790697235,3.5880158737838856,0.2264957264957265,-0.8141233845289264,-0.997901370929867,3.7851404950755434,0.2690062363681263,-0.7026637323623205,0.7523966214585834,-3.1902365983158703
3551,29.448142799999914,149.32393547092136,241.62379967203026,33.82123324768732,54.726758045374375,3.9860964456308006,0.2264957264957265,-0.8113803347473265,-0.9981156256070065,3.819104438736789,0.3509168129397268,-0.49077746701528596,0.6033283780278492,6.1290832311304255
3552,29.451215200000206,149.3308541680233,241.62910589334936,33.82280030301383,54.72795988182699,3.848479283632996,0.2264957264957265,-0.8098132794208155,-0.9993174620596221,3.9073823654084907,0.46211007450065356,-0.29238649338234624,0.54684146008457,20.922587989877584
3553,29.464203200000156,149.34115546705465,241.62405808954827,33.82513350322178,54.72681657583786,4.0381891276006225,0.2264957264957265,-0.8074800792128656,-0.9981741560704904,4.115007127988925,0.3834895234068419,0.14005480018864103,0.408264083184753,29.310661210326607
3554,29.467227000000094,149.35129533649024,241.6166163290277,33.82743014031617,54.72513104888234,4.076131096394148,0.2264957264957265,-0.8051834421184765,-0.996488629114971,4.333942053649543,1.2240525463854235,0.7394889178883742,1.4300868840711596,47.47001310435654
3555,29.48019269999986,149.36584660023584,241.59012820335067,33.83072593936966,54.71913160161361,4.626139686686057,0.2264957264957265,-0.8018876430649868,-0.9904891818462431,4.681171803063893,1.214279908529853,1.0061784817660864,1.576981557732485,45.97790747111664
3556,29.483255399999962,149.42557191006873,241.54982620977322,33.844253466810436,54.71000337229906,5.0807710739338905,0.2264957264957265,-0.7883601156242079,-0.9813609525316949,4.967372132219224,1.885906742573575,1.7335721438131753,2.561623824742712,56.286290693392054
3557,29.4961358999999,149.45179855613046,241.49624027436712,33.85019369006373,54.697866386929306,5.584628030704747,0.2264957264957265,-0.7824198923709105,-0.9692239671619376,5.241366577322751,1.8975436238968073,1.7748672435174375,2.5982350811084465,43.71114724631258
3558,29.49919110000019,149.49951961583926,241.44599381492966,33.861002306151626,54.68648577859518,5.469190773377277,0.2264957264957265,-0.7716112762830178,-0.9578433588278088,5.447677536045605,1.9770161710126222,2.242891011951191,2.9898416399429664,39.980431954486264
3559,29.512189200000194,149.5464459134813,241.40215549718945,33.87163091202782,54.676556586970264,5.446103321911783,0.2264957264957265,-0.7609826704068254,-0.9479141672028959,5.571525863654433,1.0869793247044488,1.754504833093377,2.0639310215418925,22.02219218679504
3560,29.51523700000007,149.55521346811642,241.3644396311333,33.873616725684485,54.66801410448746,5.657694480300325,0.2264957264957265,-0.7589968567501586,-0.9393716847200935,5.596295529176198,0.9794563401052487,1.6376373651928857,1.9081904679691348,18.426631940926892
3561,29.52842009999995,149.55327403963653,241.33309522882826,33.87317745342195,54.6609147313158,5.700012711978034,0.2264957264957265,-0.7594361290126912,-0.9322723115484308,5.64449119201688,0.17459167008798918,1.1806357461558556,1.1934751846457081,5.593652590402913
3562,29.544472699999915,149.5478567789521,241.30772677961917,33.87195046702762,54.65516888598212,5.708476358313575,0.2264957264957265,-0.7606631154070271,-0.926526466214753,5.697372206909236,-0.0410245643994066,1.08142608738283,1.0822039536780013,3.0834054891247864
3563,29.547617700000046,149.54110085245287,241.28773186580324,33.870420278547016,54.65064012345116,5.710169087580684,0.2264957264957265,-0.7621933038876278,-0.9219977036837932,5.707948562475597,-0.412321397044549,0.6940903700942841,0.8073229690268876,-1.7978682196324787
3564,29.561221999999816,149.52546152292769,241.27164381239808,33.866878037244305,54.64699624810726,5.710508396373559,0.2264957264957265,-0.7657355451903385,-0.9183538283398889,5.6668221038525415,-0.46329606666506973,0.5823621194077494,0.7441699291884956,-1.9410533665287493
3565,29.564383500000076,149.5086427549995,241.25955371433,33.86306865818365,54.644257892561924,5.710576258132134,0.2264957264957265,-0.7695449242509937,-0.9156154727945562,5.615355082391603,-0.6556778606637367,0.43560136994634135,0.7871861345728238,4.110770379294489
3566,29.57712279999987,149.49243321072254,241.26068539513523,33.85939726567647,54.64451421342807,5.494380418862755,0.2264957264957265,-0.7732163167581731,-0.915871793660699,5.652807878660939,-0.6248734562695719,0.22301000916517683,0.6634759231035688,7.030356638400584
3567,29.58034829999997,149.47764626654782,241.26603804800254,33.85604808601297,54.645726566427925,5.451141251008879,0.2264957264957265,-0.776565496421675,-0.9170841466605566,5.7610342167234005,-0.7412687222857968,0.5050297990552503,0.896958425219923,21.863481875272612
3568,29.594153500000175,149.45737848558227,241.24305751615103,33.85145752023872,54.64052157417096,5.897433068927363,0.2264957264957265,-0.7811560621959259,-0.9118791544035929,6.008987238852494,-0.5613352389419763,0.6530761605302065,0.86116532787318,32.87496052641209
3569,29.599328499999956,149.43813231060454,241.20471960975064,33.847098343854874,54.63183820220848,6.251640086685864,0.2264957264957265,-0.7855152385797695,-0.9031957824411094,6.377150078385734,-0.5523952129393837,1.777519361992239,1.8613746408328558,51.45879203260457
3570,29.61011610000014,149.42359328883276,241.12821008432243,33.84380531755614,54.61450912166277,6.950341368777603,0.2264957264957265,-0.7888082648785044,-0.8858667018954023,6.795472587698632,-0.32723611658375285,2.21158196968024,2.235660592445004,49.456435865063675
3571,29.613635499999873,149.41980976019647,241.0411620181509,33.84294836448895,54.594793106675205,7.335194616528959,0.2264957264957265,-0.7896652179456964,-0.8661506869078366,7.13283910066961,-0.17049782278192793,3.2520383948446687,3.2565047565015575,53.30998569254919
3572,29.625027500000215,149.42420826890654,240.95090711220374,33.84394460791473,54.574350756182895,7.54275379757337,0.2264957264957265,-0.7886689745199149,-0.8457083364155267,7.401024683537243,0.024687713986330632,3.1918267869178982,3.1919222611004336,40.40261110960123
3573,29.628486600000087,149.43109860653328,240.86569842722085,33.845505239941296,54.55505135317395,7.584265633782253,0.2264957264957265,-0.7871083424933474,-0.826408933406583,7.5298021046762,0.4124060853110655,3.5184739943365653,3.542560942033927,34.81925227111729
3574,29.640469699999812,149.4381655818091,240.79285206652202,33.84710587964052,54.538551963784904,7.59256800102403,0.2264957264957265,-0.7855077027941206,-0.8099095440175361,7.608958925573914,0.597101736459085,2.5533927715119114,2.622278613971394,16.277854448566497
3575,29.64443930000016,149.46679160907533,240.73607388699185,33.85358955248287,54.52569194876311,7.594228474472385,0.2264957264957265,-0.7790240299517706,-0.7970495289957427,7.65207392012455,0.9126289615493156,2.4497034349767124,2.6141802808519703,15.920132666007728
3576,29.655830600000172,149.5009905048079,240.69701133063467,33.861335456217176,54.516844446682214,7.730978721017524,0.2264957264957265,-0.7712781262174673,-0.7882020269148455,7.687980549405771,1.0079920305618197,1.4659131550341238,1.7790304414984697,13.776288875195723
3577,29.660099199999877,149.5323711918758,240.6729634649829,33.868443047732555,54.51139770788074,7.758328770326552,0.2264957264957265,-0.7641705347020888,-0.7827552881133713,7.780835245623343,1.6628167862505925,1.6941000985389751,2.3738017626808086,28.24293207612565
3578,29.672072299999854,149.58142653820332,240.63805516678283,33.879553874037505,54.50349112751919,7.763798780188358,0.2264957264957265,-0.7530597083971386,-0.774848707751822,8.098234615042639,1.6284545222660713,1.3544549520844336,2.118115282111638,32.920008942850004
3579,29.676316399999905,149.64528034060552,240.5908759437953,33.894016487402105,54.492805235133126,8.05684148211189,0.2264957264957265,-0.7385970950325387,-0.7641628153657578,8.433259288731184,2.230039691888294,2.0071463787652837,3.000285588604496,48.74403989605616
3580,29.688087099999848,149.72123372040528,240.51077135411288,33.91121960333966,54.47466188789736,9.181225321568864,0.2264957264957265,-0.7213939790949837,-0.7460194681299939,8.83636667097866,2.103134995520531,2.048088402783554,2.9356162751626163,50.2480352144161
3581,29.692367600000125,149.79093083610718,240.43441738686806,33.92700570219522,54.457368040615414,9.406102089460258,0.2264957264957265,-0.7056078802394268,-0.7287256208480457,9.188533099820733,2.3084462623988586,2.5424281925759358,3.4340741489939033,48.396831018050655
3582,29.70426069999985,149.84504487333345,240.35666648050608,33.939262300370395,54.439757792593255,9.773865681563928,0.2264957264957265,-0.6933512820642491,-0.711115372825887,9.53667909310868,1.7553882194446522,2.243829482743724,2.84888724743452,31.498206342719048
3583,29.70829640000011,149.879870837474,240.3008594301851,33.947150232419325,54.42711773418723,9.524630924398723,0.2264957264957265,-0.6854633500153184,-0.6984753144198592,9.606308444354159,1.6558919193768205,2.2658965221516416,2.806468438760065,17.502854642673256
3584,29.719895799999904,149.9127701385677,240.2483754105248,33.954601783521746,54.41523032802485,9.79757144855162,0.2264957264957265,-0.6780117989128982,-0.6865879082574793,9.541883026761457,0.9316294687958697,1.5350212399600591,1.7956123396372035,-2.0546442975314623
3585,29.72425609999982,149.93132897873372,240.2165776477972,33.95880528150806,54.408028270654924,9.529372077796262,0.2264957264957265,-0.6738083009265807,-0.6793858508875559,9.386089160283934,0.7816824442723798,1.2007322494578765,1.432754472535966,-23.164235895645266
3586,29.73587099999986,149.93474417095297,240.19679501619734,33.959578807950884,54.40354758913871,9.083975001496754,0.2264957264957265,-0.6730347744837601,-0.6749051693713426,9.205881314722804,0.2738694049968339,0.5528914723143996,0.6170035908739141,-29.621012742678126
3587,29.739144000000124,149.9388023147109,240.1995512320767,33.96049796016956,54.40417186025669,8.994896349176305,0.2264957264957265,-0.6721156222650819,-0.6755294404893206,8.956233178227766,0.01869248424434919,0.2517115291684784,0.25240464116881645,-30.693198234615576
3588,29.752382300000136,149.90463771246678,240.2058135587516,33.95275982376384,54.405590250486476,8.623591696593074,0.2264957264957265,-0.6798537586708022,-0.6769478307191079,8.757254478663132,-0.7511762097446368,-0.5938858484154834,0.9575834684425673,-29.67314290166169
3589,29.768378400000074,149.85989889955223,240.23978880838908,33.942626673830205,54.41328549933599,8.549330766076428,0.2264957264957265,-0.689986908604439,-0.6846430795686231,8.582654966777548,-0.9448052449127092,-0.8073423210208058,1.2427624769543963,-25.762968211165727
3590,29.771826600000168,149.81597264969275,240.27901000727306,33.93267756595605,54.42216893327125,8.534478579973099,0.2264957264957265,-0.6999360164785955,-0.6935265135038833,8.477037279976603,-1.8827985494287058,-1.3856355888759915,2.337716056943305,-9.896691371274766
3591,29.78411069999993,149.76707681110483,240.31597213682804,33.92160286747246,54.430540697657634,8.210977442068838,0.2264957264957265,-0.7110107149621854,-0.7018982778902654,8.526611527040243,-1.985572922879908,-1.4664526409041347,2.4683968846375923,-7.854078351337223
3592,29.787354699999923,149.70392664296176,240.36011714919724,33.90729962426057,54.44053935430536,8.46680791517158,0.2264957264957265,-0.7253139581740768,-0.7118969345379895,8.536526376452972,-2.5107906085174245,-1.818560929573308,3.1001989185195575,-6.348144114045916
3593,29.800250100000085,149.64138998593575,240.3892236232368,33.89313533869485,54.44713184628868,8.871462931911271,0.2264957264957265,-0.7394782437397964,-0.7184894265213089,8.474403206198799,-2.0347685908606206,-1.4325164501710024,2.48845064213929,-1.2744660029410855
3594,29.80392010000014,149.58857396743122,240.42554534672718,33.88117273621305,54.45535856143821,8.598905013140067,0.2264957264957265,-0.7514408462215911,-0.7267161416708419,8.461978572147963,-2.0747389298261467,-1.6790037001107354,2.6690063791459333,-9.85336329363054
3595,29.81657660000019,149.56034387027577,240.46164527833218,33.874778739848786,54.46353504167353,8.223862728702233,0.2264957264957265,-0.7578348425858579,-0.7348926219061624,8.395387505201079,-1.24242648854914,-1.167546879297655,1.7049308768411227,-12.03812853690542
3596,29.820388399999956,149.54180792191465,240.4938559912139,33.870580426758444,54.47083063048862,8.148854271814665,0.2264957264957265,-0.7620331556761997,-0.7421882107212525,8.247265367251154,-1.148625898086126,-1.3876557706444403,1.8013689215585393,-12.229236760436926
3597,29.832302100000106,149.52878541553724,240.5214666223152,33.8676308847157,54.47708432043891,8.133852580437152,0.2264957264957265,-0.764982697718942,-0.7484419006715441,8.15353479952445,-0.5175455104020376,-1.007004441247568,1.1322152180701477,-11.611331402578172
3598,29.83554929999991,149.51976196667727,240.5445741140749,33.86558711211066,54.48231806857252,8.13085224216165,0.2264957264957265,-0.7670264703239837,-0.7536756488051495,8.134788685979109,-0.4922320547478408,-1.2927728010547188,1.3833126583922177,-14.583792649019557
3599,29.848218499999803,149.51393554782166,240.56350024848942,33.86426745313909,54.48660475713649,8.130252174506548,0.2264957264957265,-0.7683461292955513,-0.757962337369122,8.131039463270042,-0.28218139273292486,-0.9948290142425404,1.0340750001733325,-6.989289014146988
3600,29.851157300000068,149.5090228273851,240.5904218760872,33.86315474295475,54.4927023907377,8.130132160975528,0.2264957264957265,-0.7694588394798956,-0.7640599709703295,8.071899878737993,-0.20089389932979823,-1.1660707283014242,1.1832494674367469,-5.557818490351047
3601,29.86450220000006,149.50600936895566,240.61541705349447,33.862472207498506,54.49836369160345,8.130108158269325,0.2264957264957265,-0.7701413749361379,-0.7697212718360831,8.060071961831584,0.01443374759292565,-0.917717787371779,0.917831286418223,-4.410914291619212
3602,29.86783349999996,149.50834590913345,240.63573063666462,33.86300142386356,54.5029646313813,7.838154657776912,0.2264957264957265,-0.7696121585710856,-0.774322211613935,8.057706378450302,0.41894759355215366,-1.084195953250437,1.162324374341244,-7.9464519499394815
3603,29.880126200000177,149.53261931419743,240.6558122368029,33.86849924637805,54.50751302799382,8.0717126576296,0.2264957264957265,-0.7641143360565934,-0.7788706082264483,8.057233261774044,0.5852403848562362,-0.7149973626160764,0.9239737748521981,-4.100955516539081
3604,29.883380100000068,149.56017966985794,240.67263149548,33.87474154915586,54.51132251820701,8.11842425760014,0.2264957264957265,-0.7578720332787867,-0.7826800984396414,7.998748898448559,0.9061064619617422,-0.8636073480514104,1.2517374213537023,-7.864069110416085
3605,29.896431199999824,149.58627294480823,240.68581992220984,33.88065156442238,54.51430964050052,8.127766577594247,0.2264957264957265,-0.7519620180122644,-0.7856672207331528,7.987052025783463,0.9380197247069153,-0.636111100445524,1.1333659321019194,-9.257019986201223
3606,29.899513599999864,149.60741036877042,240.70170552986886,33.88543910061894,54.51790766274807,7.837686341641897,0.2264957264957265,-0.7471744818157049,-0.7892652429807043,7.9263229112602085,1.0799163372215306,-0.7244336306738278,1.3003935483726574,-18.90950375081004
3607,29.912259000000176,149.6253290021047,240.71541585390275,33.889497594493804,54.521012992550624,7.779670294451427,0.2264957264957265,-0.7431159879408398,-0.7923705727832555,7.82850371799423,0.7564952098365876,-0.5300303419900569,0.9236975511149736,-16.582368520261475
3608,29.915240299999823,149.64055466263557,240.72609898911045,33.89294614153712,54.52343267702074,7.768067085013333,0.2264957264957265,-0.7396674408975272,-0.7947902572533749,7.684504225654511,0.9620741781163928,-0.843731131238765,1.2796362553553173,-23.952450013126672
3609,29.928210000000036,149.6578078856296,240.7374787267698,33.89685392281354,54.52601013896923,7.629328291270245,0.2264957264957265,-0.7357596596211025,-0.7973677192018584,7.602302990516645,0.6577119910365559,-0.6965096226532124,0.9579721904114915,-21.96129715940509
3610,29.931359000000157,149.67839468991326,240.7624679788116,33.901516746005996,54.53167009776502,7.407769115895651,0.2264957264957265,-0.7310968364286481,-0.8030276779976546,7.483438808552548,0.5622077189170555,-1.1536022461009092,1.2833065344721741,-35.76588410634825
3611,29.94430740000007,149.6801882720877,240.78711739143142,33.901922984703624,54.53725308438404,7.426680165952568,0.2264957264957265,-0.7306905977310194,-0.8086106646166726,7.357242037223205,0.2517697267770954,-1.0825476922772554,1.1114393826818558,-28.560258568430037
3612,29.947253400000136,149.67811896743598,240.82001314302386,33.90145429604319,54.54470383153959,7.1853493846309435,0.2264957264957265,-0.7311592863914527,-0.8160614117722247,7.131290326389955,-0.3708942882107316,-1.8771504697303931,1.9134409996225075,-37.61656090966226
3613,29.960979699999825,149.65415269718125,240.84766914879307,33.896026038250454,54.55096779865826,7.137083228366619,0.2264957264957265,-0.7365875441841894,-0.8223253788908949,6.962830483490882,-0.817420378807578,-1.7499664123470473,1.93146538152583,-32.61551470090315
3614,29.96426539999993,149.61335964646327,240.90818727621195,33.88678658659211,54.56467489589416,6.499569737103988,0.2264957264957265,-0.7458269958425348,-0.836032476126789,6.793224437152279,-0.9313420741164392,-1.827261552391204,2.050922436336056,-32.6651162815446
3615,29.97678309999992,149.57180457226036,240.97237762959986,33.877374539870935,54.57921373661877,6.565469901400291,0.2264957264957265,-0.7552390425637086,-0.8505713168514006,6.633731252176551,-1.479914592857699,-2.044400522324742,2.5238305604447473,-19.26186461542407
3616,29.99253940000017,149.5343619707018,241.02925773747808,33.868893950629044,54.5920968379758,6.578649934259551,0.2264957264957265,-0.7637196318055999,-0.863454418208434,6.476260639473398,-1.5321062621820059,-2.1039899248289027,2.60271458335309,-17.498187460851433
3617,29.995792400000028,149.4926832050778,241.08117460282654,33.85945388832959,54.60385578611029,6.3878834597523015,0.2264957264957265,-0.773159694105054,-0.8752133663429191,6.444766593226712,-1.4463918677211816,-1.784901682130757,2.297373162958768,-10.30081980571995
3618,30.00881329999993,149.45494646655266,241.12453788288437,33.850906678321756,54.61367738373022,6.349730164850851,0.2264957264957265,-0.7817069041128875,-0.8850349639628519,6.399787287761554,-1.3900999183113498,-1.6759578919552456,2.1774325795524168,-7.896687777563029
3619,30.011863100000028,149.42285298016355,241.15922819020352,33.84363764080628,54.621534590088835,6.342099505870562,0.2264957264957265,-0.7889759416283653,-0.892892170321467,6.352110930452703,-1.577847008280552,-1.911208295643953,2.4783700956229584,-9.095855652797779
3620,30.025092700000187,149.39537465251158,241.19525214642783,33.837413917021856,54.62969386222511,6.340573374074504,0.2264957264957265,-0.7951996654127882,-0.9010514424577423,6.342575658990932,-1.0604044188364303,-1.2719266716496613,1.655975540139894,-8.168277395658931
3621,30.028525900000204,149.37298688212204,241.22547548167532,33.83234318270286,54.63653931849911,6.340268147715292,0.2264957264957265,-0.8002703997317866,-0.9078968987317424,6.287678873863618,-1.0945137535512757,-1.3835141468368966,1.7641065022301596,-11.32124292908648
3622,30.04120899999998,149.35536219904614,241.24890427080945,33.82835126730532,54.64184583911496,6.34020710244345,0.2264957264957265,-0.8042623151293213,-0.9132034193475889,6.223709786003193,-0.6496788888240652,-0.921979918472511,1.127887241106242,-9.261511440428087
3623,30.044631799999934,149.34286505537676,241.26873470417698,33.825520717670805,54.646337347527265,6.075246239214277,0.2264957264957265,-0.8070928647638382,-0.9176949277598965,6.157926237596149,-0.6244929225294855,-0.9185744275757939,1.1107521727575487,-12.66265990419352
3624,30.057032799999888,149.33414460857074,241.28344267872978,33.823545573736105,54.649668640908885,6.022254066568442,0.2264957264957265,-0.8090680086985387,-0.921026221141517,6.091779797079777,-0.3419933614513618,-0.5429516328702206,0.6416821135992811,-9.699858795927193
3625,30.060768400000143,149.32846260477942,241.2933338142137,33.82225862415944,54.65190894082618,6.011655632039275,0.2264957264957265,-0.8103549582752052,-0.9232665210588138,6.025560701847597,-0.2097183774721309,-0.5852130902918975,0.6216559811491689,-11.019164536741261
3626,30.072030499999983,149.32525682551125,241.29909105243038,33.82153252885511,54.65321293067868,6.009535945133441,0.2264957264957265,-0.8110810535795352,-0.9245705109113089,6.012316806507215,-0.009194511946653723,-0.3630823616312021,0.363198761530967,-8.154048218946597
3627,30.07635990000017,149.3318825962704,241.31112759098846,33.8230332376168,54.655939155223884,6.009111626282548,0.2264957264957265,-0.8095803448178458,-0.9272967354565154,5.9619218268776155,0.22545117256996455,-0.42181827654690474,0.47828745503323933,-9.960159412020806
3628,30.088176300000214,149.34104636317892,241.32164404984673,33.825108791660185,54.65832108821315,6.009026762512369,0.2264957264957265,-0.807504790774459,-0.9296786684457814,5.904096630390172,0.3683998790357993,-0.33119680483863617,0.4953885287417475,-8.151545994424579
3629,30.092305300000135,149.35953069479865,241.33189492969802,33.82929541377918,54.660642868692285,5.770279168420442,0.2264957264957265,-0.8033181686554656,-0.9320004489249172,5.84478554311905,0.9273775916124101,-0.39598897383233134,1.0083830942759884,-13.155528032619113
3630,30.104149700000107,149.37889176793794,241.33956171460224,33.8336806141056,54.66237936270905,5.722529649602057,0.2264957264957265,-0.7989329683290407,-0.9337369429416853,5.741935547954865,1.0897044872245538,-0.2869820097435398,1.1268604808909437,-11.938019532686946
3631,30.108408300000065,149.43022938119347,241.34782988177557,33.84530836411647,54.664252067239765,5.712980508777833,0.2264957264957265,-0.7873052183181741,-0.9356096474723969,5.630377771212068,1.704372325793917,-0.2688486781290608,1.7254462137846862,-13.840072171310446
3632,30.120214099999885,149.49060254183158,241.35224296238727,33.85898262699604,54.665251611139,5.494861650461622,0.2264957264957265,-0.7736309554386054,-0.9366091913716303,5.564824486127179,1.6539161148994408,-0.1538668454917012,1.6610579524103388,-11.863068613640127
3633,30.124126400000023,149.5467229010829,241.35415876305774,33.87169364853587,54.665685531803675,5.451237878798379,0.2264957264957265,-0.7609199338987764,-0.9370431120363065,5.508472099373874,1.8451029741137046,-0.13955884357046994,1.850373382834385,-10.525531743064066
3634,30.13629570000012,149.58764660661836,241.3534818599539,33.880962692952025,54.665532216143404,5.442512742996004,0.2264957264957265,-0.7516508894826188,-0.9368897963760361,5.453959739698994,1.3985655390450327,-0.08893449858337782,1.4013903496323212,-4.556885517099641
3635,30.14175860000023,149.6196327515081,241.3552924620588,33.888207418076625,54.66594230978255,5.440767715835529,0.2264957264957265,-0.7444061643580184,-0.9372998900151828,5.443057191470073,1.3587188627064515,-0.08470892939819574,1.3613568784834127,-1.2649443862925662
3636,30.15301640000007,149.64437199402937,241.3645685073604,33.89381075078443,54.66804329440214,5.440418710403434,0.2264957264957265,-0.7388028316502115,-0.9394008746347708,5.484118335266672,0.6319387574285339,-0.07306854296620921,0.6361490431585386,2.673199100041187
3637,30.15773390000004,149.66434693527492,241.3658918826995,33.89833498961355,54.668343033260996,5.440348909317015,0.2264957264957265,-0.7342785928210915,-0.9397006134936277,5.53557244635021,0.0217595129017496,-0.19782772367063567,0.1990208146260757,6.743469075994211
3638,30.167859600000156,149.64713913250037,241.3682483307823,33.894437495822736,54.66887675868146,5.656543597781372,0.2264957264957265,-0.738176086611908,-0.9402343389140952,5.589105150891136,-0.3673532955938217,-0.2144751407057404,0.42537986525503163,6.70737555259569
3639,30.171258599999874,149.61278499674813,241.37742051165066,33.8866564308874,54.67095421845079,5.6997832984136965,0.2264957264957265,-0.7459571515472447,-0.94231179868342,5.64305357412354,-0.9215127504296199,-0.28169921947499077,0.9636079075314721,-1.4980817336527714
3640,30.18437989999984,149.57690230387453,241.38659145603765,33.878529154296366,54.67303139816237,5.708431238540161,0.2264957264957265,-0.7540844281382775,-0.9443889783950041,5.614498852642091,-1.1831419593793422,-0.26940928754737997,1.2134274845497675,-3.953975379915552
3641,30.187703800000236,149.54354427103698,241.39426291527894,33.87097370241436,54.674768950896514,5.710160826565454,0.2264957264957265,-0.761639880020283,-0.9461265311291456,5.490251683980567,-1.341455890279198,-0.3183001657260607,1.378701889846385,-9.619310060708496
3642,30.205810400000246,149.51563536585496,241.39442983404433,33.864652454659456,54.67480675728355,5.29757530190977,0.2264957264957265,-0.7679611277751874,-0.9461643375161799,5.465402250248262,-1.0979381635484728,-0.2724134762050087,1.131228232053236,-18.05928543263754
3643,30.21260220000022,149.48035690054576,241.40334073487827,33.85666203302959,54.67682503824166,5.0353077544737515,0.2264957264957265,-0.7759515494050504,-0.9481826184742914,5.308920141211763,-1.1034209070090153,-0.2796323926601346,1.1383022327349752,-19.185008013506604
3644,30.2195456999998,149.44750469144503,241.41504416809457,33.849221148062334,54.67947581585048,5.575536129752172,0.2264957264957265,-0.7833924343723098,-0.9508333960831123,5.126111497114423,-1.207490039198738,-0.29771206951780593,1.2436497381098686,-14.865668712803773
3645,30.233061400000224,149.40890757544915,241.42664464798068,33.84047906623421,54.68210327496998,4.926020693357661,0.2264957264957265,-0.7921345162004343,-0.9534608552026143,5.020623834457066,-1.3173698133905993,-0.32400899383874365,1.3566300355370204,-17.99977309951153
3646,30.236487399999987,149.36665407892087,241.43591912708305,33.83090882984105,54.68420390485215,4.796117606078759,0.2264957264957265,-0.8017047525935936,-0.9555614850847789,4.9665504565886796,-1.6062699027606393,-0.3282039610392717,1.6394574836074711,-17.402493026565107
3647,30.247793099999853,149.32180420576537,241.44258650174146,33.82075052523746,54.68571403671922,4.770136988622979,0.2264957264957265,-0.8118630571971863,-0.9570716169518505,4.773868334115588,-1.4909439149678174,-0.27825517435950975,1.5166870803291639,-12.818660983831274
3648,30.251228499999797,149.2820501725351,241.44741191474202,33.81174640659983,54.68680697214242,4.764940865131823,0.2264957264957265,-0.8208671758348132,-0.9581645523750524,4.704976685011594,-1.6881810356133402,-0.4414535187274312,1.74494596426404,-13.84234680766833
3649,30.264175199999954,149.25375534098532,241.45495829484761,33.80533774817189,54.68851619498685,4.612125517386716,0.2264957264957265,-0.8272758342627569,-0.959873775219485,4.660843130581421,-1.1408041278643566,-0.36755915731465344,1.1985548766236003,-10.805832545141037
3650,30.267207100000178,149.23189586649633,241.46848353123144,33.80038667061669,54.69157960322764,4.581562447837695,0.2264957264957265,-0.8322269118179548,-0.9629371834602694,4.6216611187920655,-0.9203693493312513,-0.5167201583779721,1.0554996263678105,-7.497427013240626
3651,30.28025350000007,149.22863970759087,241.48251928979028,33.799649164539815,54.694758642559336,4.575449833927891,0.2264957264957265,-0.8329644178948286,-0.9661162227919675,4.613824563846304,-0.32016145135008006,-0.5060285805238139,0.5988057107589537,-3.935735524087561
3652,30.283382699999947,149.23145344496413,241.49466851873663,33.800286464030336,54.6975103909959,4.574226929676204,0.2264957264957265,-0.832327118404308,-0.9688679712285335,4.612257176563206,-0.02279605926774439,-0.6412349583657476,0.6416400331560217,-5.224622933946296
3653,30.296009900000172,149.25264180362385,241.5094245759732,33.805085536718224,54.70085257489992,4.725758090403014,0.2264957264957265,-0.82752804571642,-0.9722101551325508,4.583909107431782,0.3421331430022501,-0.47252293453977096,0.5833806743513834,-3.1874992727186653
3654,30.2994305000002,149.26762059494894,241.52162799457923,33.80847816894143,54.70361659706282,4.604288580971228,0.2264957264957265,-0.8241354134932166,-0.9749741772954508,4.550204901930693,0.5702022602855258,-0.7215945476376183,0.9196897894480842,-10.500174766364083
3655,30.312133200000062,149.2783690769599,241.53098454381083,33.81091265418323,54.70573581547852,4.439822102180574,0.2264957264957265,-0.8217009282514169,-0.977093395711151,4.515429545449615,0.5681913550358471,-0.5804225229855746,0.8122387094484059,-10.971754561603998
3656,30.315239399999882,149.29323271113452,241.5514053461578,33.81427920380397,54.71036103994172,4.406928806422443,0.2264957264957265,-0.8183343786306736,-0.9817186201743553,4.39999058743465,0.6351449591257466,-0.5921501567492704,0.8683610581094893,-12.28216307107538
3657,30.33312190000015,149.30851859648482,241.565105059684,33.81774139151152,54.71346396650962,4.400350147270817,0.2264957264957265,-0.8148721909231256,-0.9848215467422534,4.348868280450797,0.5827457316527622,-0.4881514700033232,0.760187112115115,-12.314272315114446
3658,30.339978599999995,149.33015851875012,241.5748929031046,33.82264274142631,54.715680871216,4.1485633003281865,0.2264957264957265,-0.8099708410083366,-0.9870384514486332,4.288549596031566,0.669833333903793,-0.7039301102651483,0.9716966066353088,-15.900227387163465
3659,30.346185800000057,149.35015971635744,241.58278725165505,33.82717292720916,54.717468907426145,4.348677046051965,0.2264957264957265,-0.8054406552254818,-0.9888264876587769,4.226391636125259,0.547709282761727,-0.4318104879137657,0.6974566337025477,-8.800257788015756
3660,30.35029829999985,149.36154581898194,241.60540598039424,33.829751830795054,54.72259195282434,4.138228680084417,0.2264957264957265,-0.8028617516395897,-0.9939495330569699,4.141396910904251,0.6714855242242208,-0.5493874125653546,0.8675939939441327,-11.440196053487528
3661,30.360512799999924,149.38288599698183,241.6111979916806,33.834585289914685,54.723903818628514,4.0961390068909065,0.2264957264957265,-0.7980282925199589,-0.9952613988611461,4.12439796586005,0.5393556766638834,-0.5283728321094593,0.7550380094147091,-9.233333413145186
3662,30.363843999999972,149.39483572654038,241.6223963607131,33.83729185259248,54.726440201358095,3.975376521165779,0.2264957264957265,-0.7953217298421649,-0.9977977815907266,4.070903953828748,0.30415687494598276,-0.5992052658704826,0.6719809187944417,-6.930842026583407
3663,30.381452699999954,149.39904767675228,241.63936373861577,33.83824584131569,54.730283239942885,4.06356857510718,0.2264957264957265,-0.794367741118954,-1.001640820175517,4.110299374444949,0.05528254663461689,-0.35412778585581905,0.3584168643877593,-1.5513240953437226
3664,30.38671030000023,149.38869090478377,241.65427147664613,33.83590007672453,54.733659778898485,4.081206985895459,0.2264957264957265,-0.796713505710116,-1.0050173591311165,4.11817845856819,-0.2565667232905023,-0.41276981731319073,0.48600967643123116,0.4326551495636377
3665,30.394441899999947,149.3676195035397,241.65496572682756,33.83112749439147,54.733817023597695,4.33520578316542,0.2264957264957265,-0.8014860880431769,-1.0051746038303264,4.166347712587662,-0.5123423438267307,-0.2695771462101643,0.5789356743513775,4.2349556633442065
3666,30.39853099999982,149.3480122062072,241.66257794904087,33.82668652533753,54.735541159398146,4.135534427507108,0.2264957264957265,-0.8059270570971151,-1.0068987396307776,4.200106090369095,-0.7863059090360149,-0.22498576574813606,0.8178603654501353,-0.11858313805084864
3667,30.408986800000093,149.3264821164932,241.66467555415474,33.82181005202624,54.73601625799231,4.2162227912631405,0.2264957264957265,-0.8108035304084069,-1.007373838224943,4.230982292902921,-0.7551292554628207,-0.09244934212398151,0.7607674239312505,-0.6169191216695333
3668,30.41238599999997,149.30673725885964,241.6646048626598,33.81733792615197,54.736000246670805,4.232360464014347,0.2264957264957265,-0.8152756562826724,-1.0073578269034371,4.164594476463885,-0.7064394529213932,-0.1887520020319079,0.7312209097905575,-3.2245249795636823
3669,30.425756199999796,149.28960164259576,241.66339700423916,33.81345678229733,54.73572667190032,4.235587998564588,0.2264957264957265,-0.8191568001373142,-1.0070842521329553,4.151316913176078,-0.523318641782061,-0.11505046584923742,0.535816209654717,-5.485223822642465
3670,30.429689900000085,149.283109028813,241.67211298396995,33.81198623302174,54.73770080406157,4.003266700970242,0.2264957264957265,-0.8206273494129022,-1.0090583842941996,4.124536873540977,-0.4743173803356264,-0.13344802337002856,0.49273253619973073,-6.938589545648976
3671,30.44673479999983,149.27028210949817,241.67611158949836,33.809080990612834,54.7386064711257,4.069146611068072,0.2264957264957265,-0.8235325918218095,-1.009964051358331,4.072587504713078,-0.21994649074456613,-0.20890299827957254,0.30334291071499364,-3.552460399109356
3672,30.45994430000019,149.2573707898257,241.68412646915192,33.806156631883596,54.7404218071156,4.082322593087638,0.2264957264957265,-0.826456950551048,-1.0117793873482341,4.0156042700466195,-0.15250169730585594,-0.26508515855187204,0.3058216947269079,-3.845038552450452
3673,30.464328000000023,149.25652333100135,241.6913372508329,33.8059646860815,54.74205501835104,3.972613619874852,0.2264957264957265,-0.8266488963531415,-1.0134125985836704,4.004207623113328,-0.04145154467831683,-0.21904324595512248,0.22293087304089304,-3.7601719305753676
3674,30.47440480000023,149.25861172874642,241.70292464473948,33.80643769924598,54.74467951355211,3.9506718252322948,0.2264957264957265,-0.826175883188661,-1.016037093784739,3.9794593835093846,-0.012664489734059148,-0.21468233648035856,0.21505556234817547,-3.7090233148307687
3675,30.478700000000117,149.26205207159092,241.7080759793001,33.807216922197945,54.74584626881584,3.9462834663037833,0.2264957264957265,-0.8253966602366987,-1.017203849048471,3.9520409016652565,0.05249099726546552,-0.24020023459470988,0.2458687810464695,-5.100797783602209
3676,30.49520819999998,149.2601197989036,241.7103594489266,33.80677927069184,54.74636346492782,3.9454054130483547,0.2264957264957265,-0.8258343117428026,-1.0177210451604495,3.90594914255229,0.14971920255737264,-0.20373013722206834,0.25282762591722124,-6.400014452716574
3677,30.501261299999896,149.26290974098566,241.71744200456564,33.8074111806506,54.74796763351273,3.9452301838669954,0.2264957264957265,-0.8252024017840469,-1.0193252137453612,3.8377144867135833,0.26740448690651686,-0.3047431491340053,0.40543007604499215,-7.079857479874525
3678,30.507226100000025,149.27455922235578,241.72245132145392,33.81004973839682,54.749102222380586,3.7421548243100204,0.2264957264957265,-0.8225638440378233,-1.0204598026132174,3.783459492801702,0.29467779550691375,-0.27279846235469035,0.4015644459210724,-7.315402340196489
3679,30.512662099999943,149.28980832365534,241.7408240120041,33.813503594674074,54.75326355827443,3.609498546038762,0.2264957264957265,-0.8191099877605694,-1.0246211385070652,3.751630748963173,0.36065597838546326,-0.33340220457775,0.49115146824831907,-8.142272215582596
3680,30.521309100000053,149.30194045371655,241.74509675007135,33.816251470286225,54.7542313151871,3.6750084967443737,0.2264957264957265,-0.8163621121484184,-1.0255888954197303,3.6862486961793537,0.38836147527733583,-0.296851123879912,0.48882023815340914,-6.0068350954041705
3681,30.525854699999854,149.30802905874162,241.751806871844,33.81763051330473,54.75575112909287,3.7862616938557108,0.2264957264957265,-0.8149830691299158,-1.0271087093255034,3.6547640443506175,0.4042785284785111,-0.38502247045966764,0.5582861554325128,-5.045107065038419
3682,30.536429000000226,149.3193702407596,241.75564733563678,33.82019924256521,54.756620977729696,3.6183199199479,0.2264957264957265,-0.8124143398694343,-1.027978557962328,3.64846711398487,0.31338279981093153,-0.2835449157705718,0.4226186205986185,-4.609152352483867
3683,30.54101649999984,149.3299417423188,241.76842919841116,33.82259364249101,54.75951601502475,3.5847315651663383,0.2264957264957265,-0.8100199399436363,-1.0308735952573826,3.628799486639748,0.3352776495144277,-0.26925414077231025,0.4300103424185917,-1.7419009766081899
3684,30.552436200000102,149.33906197366565,241.78144369486645,33.824659335915726,54.762463742854365,3.578013894210026,0.2264957264957265,-0.8079542465189178,-1.0338213230869968,3.5868274785047083,0.3222311131307008,-0.19349367967227757,0.3758626003509373,-0.5536290105529786
3685,30.5568116999998,149.3473158474203,241.78222539515215,33.82652880304819,54.76264079462848,3.5766703600187633,0.2264957264957265,-0.8060847793864525,-1.0339983748611132,3.616471559543716,0.26254413272059846,-0.07523606692460819,0.2731114926038363,-0.5822574130027789
3686,30.568352300000242,149.35945011664023,241.77996034048726,33.82927716317065,54.762127769426606,3.5764016531805107,0.2264957264957265,-0.8033364192639922,-1.0334853496592373,3.6051035846748576,0.1703957132555401,0.052479935138564276,0.1782942587073744,0.26808916617186357
3687,30.571430399999826,149.35869568956045,241.77304260587377,33.82910628866113,54.760560932099615,3.7665403251429384,0.2264957264957265,-0.8035072937735137,-1.031918512332247,3.6028299897010854,0.1653271550090328,0.01525287167177053,0.16602926934012646,0.07000108149348283
3688,30.58424359999981,149.3621577480737,241.77261779868525,33.82989043011926,54.760464715086826,3.5278916908220452,0.2264957264957265,-0.8027231523153873,-1.0318222953194578,3.602375270706331,0.0863765982866711,-0.006401937405334981,0.08661351819501838,-1.9659722584887431
3689,30.5879702000002,149.36471698828797,241.77992736837248,33.830470087090866,54.76212030138351,3.566645919341167,0.2264957264957265,-0.8021434953437776,-1.0334778816161432,3.5849875358307197,0.06277138258935887,-0.020810480213988822,0.06613110129822794,-1.33305920314993
3690,30.60016339999993,149.3664668752458,241.7879345703646,33.830866429008665,54.763933898415914,3.5743967650449915,0.2264957264957265,-0.8017471534259784,-1.0352914786485456,3.5434715061895816,0.0763317516249343,-0.1416086680840981,0.16087122546522398,-1.1553083828359687
3691,30.60428980000006,149.3686552930302,241.78843719483723,33.83136209628462,54.764047740711,3.4894629788024556,0.2264957264957265,-0.8012514861500222,-1.0354053209436316,3.5524650913380142,0.12801372973988884,-0.28532036356755086,0.31272228073521835,-3.079444685765356
3692,30.61627180000005,149.36930539430247,241.79346092224446,33.83150934144458,54.765185593499815,3.558960176937249,0.2264957264957265,-0.8011042409900639,-1.036543173732447,3.554263808367701,0.07864677373933238,-0.21377934291549386,0.22778701121219808,-1.9772567516496065
3693,30.619712100000015,149.37415999725727,241.80426122665486,33.83260888826767,54.76763181629362,3.572859616564208,0.2264957264957265,-0.8000046941669723,-1.0389893965262544,3.521043687271685,-0.32567476179647004,-0.16174536066867706,0.36362839846335976,-3.1513178352643143
3694,30.632317500000227,149.36907939750768,241.80907845973988,33.83145815413636,54.76872289900091,3.5756395044895997,0.2264957264957265,-0.8011554282982871,-1.040080479233545,3.531696454129142,-0.4062118957940044,-0.17813813603635759,0.4435552950817597,-4.237137429495858
3695,30.635708199999954,149.33930201490426,241.80741030097013,33.824713704230454,54.76834506816845,3.4082961595649124,0.2264957264957265,-0.8078998782041893,-1.0397026484010823,3.500247181145653,-0.5100468895523405,-0.14203569913496983,0.5294544072635311,-6.604333811528004
3696,30.647977399999945,149.32399557818894,241.81334473222495,33.82124686172656,54.76968919148685,3.5427268130897405,0.2264957264957265,-0.8113667207080866,-1.0410467717194791,3.460377500193975,-0.5910499763031081,0.010196970644987122,0.5911379303497952,-4.315633572353989
3697,30.65153330000021,149.31603765187145,241.81200164936484,33.819444425423875,54.769384988958706,3.401713812019804,0.2264957264957265,-0.8131691570107691,-1.0407425691913375,3.4188237376486588,-0.5851264082248094,0.02326925392430304,0.5855889102265002,-4.641488140463925
3698,30.665671199999906,149.3107064954874,241.80887352025138,33.81823694128561,54.76867648108258,3.3735112118058166,0.2264957264957265,-0.8143766411490319,-1.040034061315211,3.4440928496415486,-0.23507805850133445,-0.04424303884085404,0.23920522585142268,-2.87914868013403
3699,30.681283700000222,149.3064554629832,241.8103345299652,33.81727410059021,54.76900739353913,3.3678706917630192,0.2264957264957265,-0.8153394818444326,-1.0403649737717586,3.4318498809634663,-0.19764734225087727,-0.06267184076191748,0.20734568122659935,-2.239064899161971
3700,30.686567000000196,149.30088373268916,241.8156092977745,33.81601212748942,54.77020210590619,3.534641719529362,0.2264957264957265,-0.8166014549452214,-1.0415596861388252,3.42940128722785,-0.12127046599708913,-0.10719583509455381,0.16185633439803931,-0.8532065298546769
3701,30.69652959999985,149.29668699762541,241.82448109031276,33.81506158493225,54.77221152900246,3.48151196969933,0.2264957264957265,-0.8175519975023917,-1.0435691092350936,3.4289115684807268,-0.10711237622414814,-0.1171749817476419,0.15875464556334618,-2.0468990463554864
3702,30.699778499999866,149.2948939478927,241.82644726842778,33.814655466830395,54.77265685994305,3.389470843341722,0.2264957264957265,-0.8179581156042488,-1.0440144401756797,3.413457942358255,0.061244555883106386,-0.15467778727245737,0.16636139426207786,-3.3632541407028755
3703,30.712221600000248,149.2940909186138,241.82643527291748,33.814473584130475,54.77265414301122,3.3710626180702,0.2264957264957265,-0.8181399983041686,-1.0440117232438553,3.3614317084057337,0.1609838931373934,-0.12219732897571792,0.20210888416512401,-3.599929966520435
3704,30.715844800000013,149.30657021500502,241.8297739488446,33.81730009143276,54.77341033884087,3.2906025611506613,0.2264957264957265,-0.8153134910018807,-1.0447679190735002,3.334743388189936,0.3080485958366622,-0.2013165876886623,0.3679976981932715,-9.563004166188554
3705,30.728410300000178,149.32098535770632,241.83330942349045,33.82056505965143,54.77421110873929,3.2745105497667537,0.2264957264957265,-0.8120485227832148,-1.045568688971919,3.3140500417737297,0.3742923186516509,-0.1851857546244666,0.41759849558812123,-9.97983619247118
3706,30.73197849999997,149.3310664993387,241.84271914054057,33.822848395149364,54.77634236943867,3.348070368620343,0.2264957264957265,-0.8097651872852794,-1.0476999496713049,3.207487437553965,0.7342602454153659,-0.45725452198230165,0.8649969976079088,-13.965974674440575
3707,30.744638799999848,149.34259328499093,241.8458726562289,33.82545916283983,54.777056627265516,3.28600411126069,0.2264957264957265,-0.8071544195948164,-1.0484142074981477,3.120881719078176,0.6724346004577774,-0.5052107036640081,0.8410744003888674,-12.74550599210948
3708,30.748065100000076,149.3695991269118,241.86644786986778,33.83157587062532,54.78171682522646,2.838249596971376,0.2264957264957265,-0.8010377118093217,-1.0530744054590926,3.038267377751182,0.9181511277851168,-0.789814225984216,1.211118493385403,-12.596170465081553
3709,30.761140999999952,149.39678973534123,241.89233981170523,33.837734427235404,54.78758123940332,2.8575739687717165,0.2264957264957265,-0.79487915519924,-1.058938819635955,3.021744547632756,0.8715094090877455,-0.6905402672873828,1.1119237882489077,-5.374584377000248
3710,30.764811999999893,149.42091374242906,241.91643669853178,33.843198411746755,54.79303908129139,2.8614388431317845,0.2264957264957265,-0.7894151706878887,-1.0643966615240217,3.018440057903016,0.9750567667781426,-0.5779073870546434,1.1334516515723865,-0.01816174733846765
3711,30.77632850000009,149.44159318170102,241.92156828107827,33.847882216368184,54.79420136280832,3.2654562180282127,0.2264957264957265,-0.7847313660664597,-1.0655589430409549,3.090342216902869,0.6000593568780394,-0.2796861730361197,0.6620389619686113,5.780413096056945
3712,30.779596500000025,149.45203876783737,241.91425666377543,33.85024809698881,54.79254531273546,3.2694816626119905,0.2264957264957265,-0.7823654854458368,-1.0639028929680947,3.155510650717,0.5739185315898385,-0.10072060930596406,0.5826895588915261,6.793437429922974
3713,30.792671900000187,149.4468567378578,241.90669526945948,33.849074389343855,54.790832689236545,3.1977603919706405,0.2264957264957265,-0.7835391930907889,-1.062190269469177,3.219332339493987,0.2651818181695542,0.21993447523632859,0.344517880646549,6.788670951147267
3714,30.79602960000011,149.45190125721837,241.9000785109684,33.85021695142125,54.789334021715064,3.1834161378423707,0.2264957264957265,-0.7823966310133912,-1.0606916019476955,3.232096677249384,0.22890222552316777,0.27077799605025443,0.3545658641133559,2.385307707214866
3715,30.808965199999875,149.44874496762492,241.89342325323037,33.849502065316756,54.78782663427867,3.180547287016717,0.2264957264957265,-0.783111517117888,-1.0591842145113048,3.220144272888842,0.02101421620621642,0.17392917380549036,0.17519404893837598,-1.5572151745997325
3716,30.81233659999998,149.452098656457,241.89114145783884,33.850261661505215,54.78730981737375,3.329277906805199,0.2264957264957265,-0.782351920929429,-1.058667397606385,3.1669657900025734,-0.04455505964923838,0.08001206715556673,0.09158102549575492,-4.0701917391524605
3717,30.829251199999817,149.4285382749541,241.88946093208665,33.844925335780204,54.786929185472616,3.2097196408092823,0.2264957264957265,-0.7876882466544401,-1.0582867657052475,3.1708352890429956,-0.2035894813911174,0.004625272286115558,0.20364201451769437,-5.729610966469381
3718,30.835760200000095,149.41653703455884,241.89919171007244,33.84220710611803,54.78913316510188,2.931867977539298,0.2264957264957265,-0.7904064763166119,-1.060490745334512,3.1208212249838923,-0.29001065801101167,-0.06657881086836906,0.2975549021888667,-5.753301739225939
3719,30.844627500000115,149.39872806967486,241.8964745632603,33.83817345167849,54.78851774296067,3.202763633044481,0.2264957264957265,-0.7944401307561506,-1.0598753231933031,3.080957534181349,-0.46655476133569895,-0.08931904155970405,0.4750276165762946,-1.9983409058229942
3720,30.852275600000212,149.38227097615896,241.90456145087367,33.8344459903266,54.79034938844575,2.930476966721201,0.2264957264957265,-0.7981675921080438,-1.0617069686783793,3.0729847960208403,-0.649298281179982,-0.057575493963497926,0.6518459905901238,-5.601365155190579
3721,30.859761000000162,149.36054424550457,241.9032529420641,33.829524978682656,54.7900530167923,3.1299594527924826,0.2264957264957265,-0.8030886037519878,-1.0614105970249312,3.095451413244696,-0.5639406072685721,-0.050502406341466834,0.5661974051271558,-4.446864382296774
3722,30.86440360000006,149.33534861630778,241.89953836368986,33.82381827634322,54.7892116806648,3.169855950006739,0.2264957264957265,-0.8087953060914259,-1.0605692608974309,3.0128764841259903,-0.6461601173881761,-0.20853736768630782,0.6789777102561143,-7.217561460456848
3723,30.873044200000095,149.33569872634257,241.9111066673385,33.8238975747699,54.791831852004016,3.0442010636585746,0.2264957264957265,-0.8087160076647422,-1.0631894322366477,2.996361460155277,-0.5909680625343454,-0.19155811840186665,0.6212388941955111,-8.5359292949171
3724,30.87717879999991,149.3198904103454,241.92426409359243,33.820317058753446,54.794811952822215,2.7898889874509534,0.2264957264957265,-0.8122965236811979,-1.0661695330548469,2.9204953984153335,-0.6231924855075112,-0.30897396883500183,0.6955816180799218,-11.19353506451358
3725,30.888671199999862,149.30916342900235,241.93210819869108,33.81788744332105,54.79658860910524,2.8479018468676323,0.2264957264957265,-0.8147261391135956,-1.0679461893378743,2.832759129121544,-0.43104061493764,-0.38079930241406296,0.5751557358184441,-7.7827926594392745
3726,30.892716100000143,149.29454549592248,241.94188553966302,33.814576543948256,54.798803135051884,2.750629144092765,0.2264957264957265,-0.8180370384863878,-1.0701607152845156,2.7911507104068285,-0.4418828494973906,-0.3266353074500615,0.5495007522769462,-7.602085873722144
3727,30.904074500000206,149.28108342598256,241.950807230863,33.81152744263707,54.80082385998179,2.731174603537791,0.2264957264957265,-0.821086139797572,-1.0721814402144219,2.7828290648108585,-0.22226465277786617,-0.21989932333372614,0.3126616194499991,-4.055376414927761
3728,30.927332600000227,149.27645905839995,241.95413628647552,33.81048004314187,54.80157787685129,2.8361589700849996,0.2264957264957265,-0.8221335392927713,-1.072935457083922,2.759389680760023,-0.24346931206506783,-0.22221920241015333,0.32963416060420997,-2.5560044062643685
3729,30.93494869999995,149.28426369038124,241.96042738216576,33.8122477589325,54.80300278314011,2.7482807594711014,0.2264957264957265,-0.8203658235021436,-1.0743603633727403,2.7547018039498563,0.026760885510115948,-0.15705285646425224,0.1593164922940075,-0.5060433584519547
3730,30.941771100000096,149.27470209202892,241.96543338362738,33.810082097767236,54.804136621077994,2.7307049266134586,0.2264957264957265,-0.8225314846674081,-1.075494201310626,2.7537642285878228,0.17729602537259062,-0.14624993809385192,0.22983238458792926,-0.36051495985887555
3731,30.94686219999994,149.28667402764592,241.97041565791858,33.81279369002237,54.80526508491318,2.72718976004193,0.2264957264957265,-0.8198198924122764,-1.0766226651458126,2.7535767135154163,0.3812076881403425,-0.4334389034567282,0.5772248994344193,-1.6658579425002882
3732,30.954369800000222,149.30272472029037,241.97452224944058,33.81642910331363,54.80619521034338,2.7264867267276243,0.2264957264957265,-0.8161844791210129,-1.0775527905760143,2.753539172353962,0.4016530550442849,-0.42225046507122177,0.5827697932110676,-2.440913852042746
3733,30.959398500000134,149.3243612948187,242.00712314658867,33.8213296949803,54.81357917422735,2.835221394722966,0.2264957264957265,-0.8112838874543442,-1.0849367544599815,2.7156503851299725,0.5438860123382505,-0.6446728228261899,0.8434542328472195,-0.9473466721951289
3734,30.969521200000145,149.33930336691756,242.01298455251631,33.824714010455686,54.814906757621216,2.7480930536638315,0.2264957264957265,-0.8078995719789575,-1.086264337853848,2.670191348693475,0.54855045799707,-0.7220255158414954,0.9067681349137566,-1.980034595097274
3735,30.974533800000245,149.34801706487391,242.0412748551701,33.82668762580477,54.821314390273564,2.541260990493509,0.2264957264957265,-0.8059259566298707,-1.0926719705061956,2.7069357611937734,0.7341764380439191,-0.6542395446477844,0.9833841690610017,-2.5843725584618333
3736,30.98459240000011,149.37270601792747,242.06829448283548,33.83227956816306,54.82743422047128,2.499894577859444,0.2264957264957265,-0.8003340142715842,-1.0987918007039141,2.6546283097704935,0.622642353161363,-0.4346986791818808,0.7593723998360694,-1.1122344257549743
3737,30.988048799999888,149.39425911556586,242.06501292124597,33.8371612526709,54.82669096079503,2.9102087892291157,0.2264957264957265,-0.7954523297637408,-1.0980485410276586,2.6441668576328103,0.6520189418922289,-0.7370565468851352,0.9840635415929712,-0.2394636871077155
3738,31.00008600000001,149.41641298445788,242.0847117874404,33.84217900930029,54.83115266980488,2.5736841376065653,0.2264957264957265,-0.7904345731343554,-1.1025102500375112,2.6420745672052734,0.5621222926159042,-0.5342143325373697,0.7754781911466677,-2.974856794797054
3739,31.003382299999885,149.42341629543088,242.10862225228,33.843765229306996,54.83656828790958,2.695785792975415,0.2264957264957265,-0.7888483531276478,-1.1079258681422104,2.641656109119766,0.3725625064546314,-0.6046221845612075,0.7101906837457981,-0.7160816794855263
3740,31.016586499999903,149.4201660550589,242.12401835603876,33.84302906375266,54.84005543961562,2.5307995383558253,0.2264957264957265,-0.7895845186819841,-1.11141301984825,2.5578549187233675,0.055101792367562887,-0.6888331243582194,0.6910334874195492,-0.3469761184514688
3741,31.02005259999987,149.4141693213819,242.13871638100187,33.84167082920188,54.84338447945769,2.4978022874319072,0.2264957264957265,-0.7909427532327626,-1.1147420596903217,2.5789759596357866,0.1525930077140535,-0.6720121930944294,0.6891190127044862,1.5179222280112954
3742,31.033239299999877,149.40398407228884,242.15071074197897,33.83936391380901,54.84610115096105,2.4912028372471235,0.2264957264957265,-0.7932496686256343,-1.117458731193679,2.563400324983798,0.05575995988489096,-0.35794570086202904,0.36226274703862915,1.6595894639089834
3743,31.03703859999996,149.41915321411713,242.15551749872716,33.84279965960773,54.847189860822816,2.679289342168663,0.2264957264957265,-0.7898139228269159,-1.1185474410554477,2.5981664770450994,0.01262581995088137,-0.29811780295580426,0.2983850461545079,2.999520448003803
3744,31.04899830000022,149.4189972879043,242.1593513290275,33.84276434298687,54.848058207001955,2.6179076197154707,0.2264957264957265,-0.7898492394477756,-1.119415787234587,2.6051197074573604,0.06236448910966827,-0.11816667436937128,0.1336139679577961,1.1599731580592523
3745,31.05293669999992,149.41427767280615,242.1587419460264,33.84169537033644,54.847920184356404,2.7046302986623325,0.2264957264957265,-0.7909182120982052,-1.119277764589036,2.606510353539812,-0.03449970484180798,-0.110829999498534,0.11607548588318257,0.09422719360654352
3746,31.065050600000177,149.4066204130746,242.1619884955398,33.83996103373057,54.848655513947044,2.532568439493209,0.2264957264957265,-0.7926525487040763,-1.1200130941796758,2.5689072037646032,-0.24427285642893237,-0.061534891588601134,0.2519042899014836,-2.453846839051416
3747,31.06898339999998,149.3951731696749,242.16492873399238,33.837368282020385,54.84932146539144,2.498156067659384,0.2264957264957265,-0.7952453004142583,-1.1206790456240725,2.5433050995053623,-0.3543969088811648,-0.05825524631740786,0.35915295174622536,-3.0022915411984004
3748,31.08096260000002,149.38752772845388,242.16704852871294,33.835636622256644,54.849801589836694,2.491273593292619,0.2264957264957265,-0.7969769601780001,-1.1211591700693262,2.5003033996618145,-0.321079485063804,-0.06633009722155592,0.3278592953177607,-4.974502510039372
3749,31.08494269999983,149.37780005345135,242.16803624106495,33.833433345439836,54.85002530246343,2.489897098419266,0.2264957264957265,-0.7991802369948076,-1.1213828826960608,2.4917030596931053,-0.3380648995862115,-0.04997604280545494,0.34173890792054673,-3.5806052712576686
3750,31.096897200000058,149.37226678582377,242.16831750142836,33.83218008396863,54.850089006733775,2.4896217994445955,0.2264957264957265,-0.8004334984660133,-1.1214465869664068,2.3780402045289533,-0.2830056419231274,-0.07272453655045998,0.2922003620408445,-2.2290957447527258
3751,31.100816300000133,149.36831999235437,242.16795294103093,33.83128615211445,54.850006435361706,2.4895667396496615,0.2264957264957265,-0.8013274303201925,-1.121364015594338,2.393188912487822,-0.28256034309865385,-0.008846586343167796,0.28269879656969904,-1.4803560893591008
3752,31.11304999999993,149.34758079154562,242.18324266030658,33.82658881176033,54.85346949143696,1.9298417918386237,0.2264957264957265,-0.8060247706743127,-1.1248270716695927,2.3962186540795956,-0.1853234968295905,0.01694853975942802,0.18609688733862303,-1.0461758924327844
3753,31.116984700000103,149.3451082410993,242.17839046854345,33.82602878965069,54.85237049073847,2.567017133086963,0.2264957264957265,-0.8065847927839513,-1.1237280709711044,2.3968246023979507,-0.1732884224973917,0.02817858645479502,0.17556454683740932,2.247053307858579
3754,31.129024400000162,149.34152608371232,242.1745223913058,33.82521744631091,54.85149438777439,2.505045806378135,0.2264957264957265,-0.8073961361237352,-1.1228519680070193,2.3969457920616217,-0.11427743335657824,0.06163803880359563,0.1298405930443971,0.6947380583804165
3755,31.145115799999985,149.338353170098,242.1709117867913,33.82449879493673,54.85067660128179,2.4926515410363694,0.2264957264957265,-0.8081147874979138,-1.1220341815144224,2.508912817164766,-0.028936671144839644,0.12979031766889304,0.13297690588044514,0.5945586708010011
3756,31.14909089999992,149.33952832548349,242.16760587638532,33.82476496260951,54.84992782670266,2.490172687968016,0.2264957264957265,-0.8078486198251369,-1.1212854069352929,2.4934249431936957,0.032030870131816006,0.11072226533823656,0.11526229514907346,0.5291438324546178
3757,31.16132259999995,149.3418362744861,242.16449058042446,33.82528770319557,54.84922222548075,2.4896769173543456,0.2264957264957265,-0.8073258792390732,-1.1205798057133833,2.4903273683994813,0.05553157192007653,0.10665714229105089,0.1202476672605673,0.23895762670467952
3758,31.164902099999836,149.34440453370942,242.16158315536,33.82586940293419,54.84856370612855,2.4895777632316114,0.2264957264957265,-0.8067441795004555,-1.1199212863611834,2.4897078534406387,0.09786128944082234,0.12951806632262972,0.1623322564217399,-8.580310355846043
3759,31.176493299999947,149.3469692059371,242.15889935939663,33.82645029023362,54.84795583781206,2.4895579324070645,0.2264957264957265,-0.8061632922010205,-1.1193134180446904,2.473006496835589,0.07045941802539937,0.09168470099757606,0.11563137111308894,-8.46605992526184
3760,31.179830999999922,149.34942998458973,242.15646602026908,33.82700764608229,54.84740469689855,2.489553966242155,0.2264957264957265,-0.8056059363523502,-1.1187622771311823,2.3490504952289344,-0.2016693245228578,-0.15543913540921284,0.254620975707559,-10.051000570912805
3761,31.192272799999955,149.34558198345212,242.15650999871963,33.82613609026907,54.84741465782966,2.406665904942767,0.2264957264957265,-0.8064774921655768,-1.1187722380622915,2.307681879441295,-0.24224646968384536,-0.20067418297635947,0.31456872029417615,-10.536906915792636
3762,31.195311599999968,149.32790016505248,242.17231384001195,33.82213123396488,54.85099416034459,1.869896909321073,0.2264957264957265,-0.8104823484697619,-1.1223517405772228,2.2828307408174586,-0.23568615141699953,-0.20266030386353448,0.31083622815208806,-17.67265073826583
3763,31.209451700000045,149.32537942969086,242.17494872977838,33.82156029817784,54.85159095161647,2.282734684293414,0.2264957264957265,-0.8110532842568006,-1.1229485318491044,2.2460296491400547,-0.27064605670268405,-0.26375674311712555,0.3779112429505979,-8.954218227460425
3764,31.21307590000015,149.32670618554772,242.17426849347976,33.82186080270953,54.851436881001824,2.365302239287882,0.2264957264957265,-0.8107527797251137,-1.1227944612344558,2.111500851703011,-0.34414042460861927,-0.5213827203860543,0.6247179947520026,-13.818649375124997
3765,31.225026999999955,149.32629400854512,242.18167442317463,33.82176744637988,54.853114292428444,2.305548507855135,0.2264957264957265,-0.8108461360547636,-1.1244718726610756,2.1886334070349385,-0.07529488661513083,-0.2853299329805086,0.2950974256157565,-12.436973347048113
3766,31.22823210000024,149.32010270745855,242.19991384505147,33.82036514314232,54.8572454435373,1.7340219177575507,0.2264957264957265,-0.8122484392923255,-1.1286030237699336,2.100021603281988,-0.24857073705370591,-0.4242713436510329,0.4917251105677597,-17.0707233873635
3767,31.24219149999999,149.32172489561464,242.19977017879216,33.82073256182725,54.85721290374352,2.2555596859807094,0.2264957264957265,-0.8118810206073945,-1.128570483976155,2.082299242531398,-0.2590065793333871,-0.41951075391267084,0.49302503058806213,-9.538489866085312
3768,31.24543760000006,149.3087294111595,242.21033149123124,33.817789140134416,54.85960499587716,1.8396756655286615,0.2264957264957265,-0.8148244423002282,-1.1309625761097948,1.9986428471635065,-0.39385903310048187,-0.48945551653468367,0.6282448890528919,-10.753011464064745
3769,31.25725300000022,149.3103328349676,242.2068721184133,33.818152308774714,54.858821462717536,2.2766904355349316,0.2264957264957265,-0.8144612736599299,-1.130179042950168,2.0050418705191273,-0.3499830593736778,-0.2654137002688596,0.4392409067231413,-3.6586517743667084
3770,31.260608500000217,149.3002280146501,242.21413258038456,33.81586361015579,54.86046592632642,1.8872665310156778,0.2264957264957265,-0.8167499722788563,-1.1318235065590514,2.006321675190251,0.031904573039359174,-0.2016089640242157,0.20411779970336075,-4.674727672621337
3771,31.273937399999795,149.28739068286174,242.22406155696137,33.81295600936612,54.862714797089545,1.7660170345356552,0.2264957264957265,-0.8196575730685254,-1.1340723773221768,2.110615950943812,0.35498325311378576,-0.022731762742878504,0.35571033584736417,2.0761001674955946
3772,31.27732590000005,149.31635069195568,242.21925391463097,33.81951532766517,54.86162588664718,2.26195870933633,0.2264957264957265,-0.8130982547694714,-1.1329834668798142,2.0890991652253836,0.3808552914588649,0.0025551161947733048,0.38086386235896114,8.874213524240941
3773,31.288733200000024,149.35204070643618,242.2113228780718,33.82759896342358,54.859829540759854,2.361147044296465,0.2264957264957265,-0.805014619011061,-1.131187120992486,2.1801611797857996,0.6107226232607499,0.12535811215789797,0.6234555147292259,9.188388258044405
3774,31.292273399999885,149.35454307455825,242.2083101506703,33.828165739109345,54.859147170878316,2.1691065069427893,0.2264957264957265,-0.8044478433252991,-1.1305047511109478,2.3024118975172185,1.0274313806365472,0.2535612380898807,1.0582573143514742,7.909169744153262
3775,31.304797300000246,149.3803800008173,242.20145726789218,33.83401769249281,54.857595022214895,2.342576603817757,0.2264957264957265,-0.7985958899418364,-1.1289526024475265,2.3268620410635026,0.7014655000591529,0.20494978731908575,0.7307929002770729,8.2906953862084
3776,31.308220299999903,149.4085715627043,242.19431954768595,33.84040296078346,54.85597835909126,2.3772706231927505,0.2264957264957265,-0.7922106216511864,-1.127335939323892,2.331752069772759,0.6994869942950099,0.21014429487758365,0.7303716039506629,2.6071467891282643
3777,31.327087699999993,149.43405588506084,242.18779726363047,33.84617505088985,54.85450108962571,2.3842094270677494,0.2264957264957265,-0.7864385315447961,-1.1258586698583386,2.2479371182087022,0.46651927158089457,0.07613738266376983,0.4726913705529833,-8.458120491524236
3778,31.334131099999922,149.45578493684138,242.18209259593692,33.85109658825895,54.85320900677204,2.385597187842749,0.2264957264957265,-0.7815169941756963,-1.1245665870046722,2.104005529720842,0.02494233881457497,-0.1011612455168492,0.10419077627151693,-11.767212536267193
3779,31.340101599999798,149.42929962776503,242.1946739973729,33.84509777893823,54.85605864043061,1.750031749122505,0.2264957264957265,-0.7875158034964116,-1.1274162206632425,1.9798538403191686,-0.5104255715860737,-0.2504521265561373,0.5685600512043222,-15.112460786634854
3780,31.344706899999892,149.3939078537186,242.21017896687252,33.837081693363615,54.859570449761726,1.622918661378456,0.2264957264957265,-0.7955318890710288,-1.130928029994358,1.9126478615696934,-0.5300818685152227,-0.26915831749769986,0.5945023021038542,-14.551531318398085
3781,31.35292010000012,149.3644834331562,242.22012057789976,33.83041718785162,54.86182218217388,1.7565121761843827,0.2264957264957265,-0.8021963945830208,-1.1331797624065132,1.7870051086603744,-0.8627249262692799,-0.3824497644181294,0.9436959895590408,-7.00061533672149
3782,31.368264199999885,149.37855066785937,242.22115258099836,33.8336033563955,54.862055926465445,2.048179533320373,0.2264957264957265,-0.7990102260391438,-1.1334135066980764,1.7618765580785107,-0.7725088796410123,-0.32939265967240594,0.8398032468205119,-2.857488055079974
3783,31.37286979999999,149.35893896701367,242.22894079417537,33.82916138996463,54.86381992346707,1.757383423296155,0.2264957264957265,-0.8034521924700115,-1.1351775036997012,1.8416438052680462,-0.18320256378625638,-0.15830600165195322,0.24212387229863466,0.05071092812039994
3784,31.384107700000186,149.33146829277882,242.2394594722255,33.822939399646486,54.866202359093805,1.624388996213186,0.2264957264957265,-0.8096741827881573,-1.1375599393264366,1.840761069250631,-0.07500957808117387,-0.12059908106060394,0.1420231500727182,3.109693921337035
3785,31.387490699999944,149.3494800797865,242.2380722655173,33.827018992430276,54.86588816270264,2.0217548973261334,0.2264957264957265,-0.8055945900043682,-1.1372457429352707,1.840584522047148,0.19520598185651744,-0.06535847781685164,0.20585700370670632,9.001519381133555
3786,31.400347000000238,149.33412752727085,242.24293252560784,33.82354170489468,54.8669889908428,1.752098496097307,0.2264957264957265,-0.8090718775399637,-1.1383465710754308,1.8405492126064513,0.3351739107251679,-0.002185430166652272,0.33518103546563627,4.467047339646949
3787,31.403394500000104,149.35510018015756,242.23942118071835,33.8282919211468,54.86619368623108,2.0472967973029577,0.2264957264957265,-0.8043216612878439,-1.13755126646371,1.9253351080242203,0.7520509313478949,0.10245624023479162,0.7589979476285068,8.134619113366348
3788,31.416067600000133,149.34029329455112,242.24317820167374,33.82493822483423,54.867044635421834,1.7572068760926718,0.2264957264957265,-0.8076753576004165,-1.138402215654466,1.8574993107283795,0.4903878735020089,0.06366447327808412,0.49450321701238525,7.2395340957677
3789,31.419148699999823,149.3611162618702,242.2389447274204,33.82965453794496,54.866085771595216,2.0483184733020305,0.2264957264957265,-0.8029590444896826,-1.137443351827848,1.9137580675594945,0.8370998645442962,0.13903669830784793,0.8485678444864775,6.535961196831511
3790,31.432085800000095,149.35526701102418,242.2447184816598,33.82832970762514,54.86739350225628,1.6825759108469298,0.2264957264957265,-0.8042838748095065,-1.138751082488909,1.8551839026354344,0.46604577654938883,0.0769187549632355,0.47235067556278265,-0.40387525544688807
3791,31.435413300000164,149.3767615464572,242.2404398743212,33.833198128043726,54.866424415978734,2.0333922802528823,0.2264957264957265,-0.7994154543909175,-1.1377819962113662,1.8434690696506224,0.19991737555944922,0.03669519616144793,0.20325721259503932,-0.3769966624193215
3792,31.448082599999907,149.36017396815726,242.2432154373303,33.82944111244588,54.86705306913891,1.7544259726826568,0.2264957264957265,-0.8031724699887661,-1.1384106493715436,1.7563331266742654,-0.15323011292322553,-0.047398607618474906,0.16039356443023078,-4.082931878296026
3793,31.451422199999797,149.33665222617017,242.24717089424468,33.82411353840607,54.86794896322636,1.6986327111686117,0.2264957264957265,-0.8085000440285768,-1.1393065434589928,1.7389059380789942,-0.27300285299044397,-0.1143336409664241,0.2959775991482483,-2.1355724836265875
3794,31.46431369999982,149.32327591054644,242.25338970842444,33.82108386008103,54.869357498061945,1.612638758420246,0.2264957264957265,-0.8115297223536118,-1.1407150782945763,1.7354205003599399,-0.47727628204737027,-0.15005595859330464,0.5003093444203461,-1.613362062817681
3795,31.467411900000116,149.31368335751944,242.2593503873112,33.81891118781423,54.87070756635681,1.5954399678705729,0.2264957264957265,-0.8137023946204138,-1.1420651465894451,1.7515595982714511,-0.5363773607633702,-0.2158407134023401,0.5781763456779512,-0.37529796834319995
3796,31.480318400000215,149.33885403640136,242.25293268960124,33.82461223901398,54.86925398525156,2.015965091657611,0.2264957264957265,-0.8080013434206634,-1.1406115654841926,1.7398203768381284,-0.2889814611744153,-0.18631772281351994,0.34383801235017014,0.6610458105883921
3797,31.48373390000006,149.32992606403198,242.25864103983196,33.822590091426044,54.87054690218416,1.8351214622402137,0.2264957264957265,-0.8100234910086002,-1.1419044824167912,1.73747255162495,-0.4965582681709374,-0.2129410258041288,0.5402906571091483,-3.106367141869762
3798,31.496553500000118,149.30964673817596,242.26546973871774,33.81799691078344,54.87209357329932,1.6399366040019978,0.2264957264957265,-0.8146166716512013,-1.1434511535319487,1.7370030056558006,-0.4247198608573921,-0.14450318128264777,0.4486291671386606,-4.902002094931056
3799,31.5002128000001,149.289081606419,242.26938562315598,33.81333899632567,54.87298050439003,1.6008996323543547,0.2264957264957265,-0.8192745861089747,-1.1443380846226603,1.6670831801716874,-0.6774649707704132,-0.19785086796551324,0.7057646580664576,-5.220442104833478
3800,31.512361200000214,149.27073384154616,242.27440435866987,33.809183305991226,54.874117226536335,1.593092238024826,0.2264957264957265,-0.8234302764434176,-1.1454748067689664,1.6212959886039175,-0.6051775789678113,-0.1350058707249728,0.6200536164038958,-5.112529034316598
3801,31.51602159999993,149.25744939056233,242.2768950044624,33.80617443461455,54.87468134716456,1.6663659642370454,0.2264957264957265,-0.8264391478200963,-1.1460389273971927,1.6121385502903638,-0.4910949339106202,-0.15565534477321746,0.5151726123049881,-5.125495401435931
3802,31.5284101000002,149.2448356752773,242.28041302113513,33.80331748200725,54.875478162906674,1.6061855044013642,0.2264957264957265,-0.829296100427392,-1.146835743139306,1.6103070626276528,-0.21026590062872264,-0.11813887399579806,0.24118155509118627,-1.5458281069221462
3803,31.532020399999965,149.24821682287205,242.28398188687558,33.80408329748811,54.876286495745326,1.594149412434228,0.2264957264957265,-0.828530284946531,-1.1476440759779578,1.6099407650951107,-0.2172101576331812,-0.1235920658997627,0.249910486639522,-0.9553342377840162
3804,31.54445970000006,149.25542502480982,242.28699126029312,33.805715924422735,54.876968105963826,1.5917421940408008,0.2264957264957265,-0.8268976580119087,-1.1483256861964577,1.5949004645729774,-0.0811845216642832,-0.09738287895194736,0.1267846665446106,-0.46429937365134316
3805,31.548143699999855,149.24929631967902,242.28895667737797,33.80432779890166,54.877413264534326,1.5912607503621152,0.2264957264957265,-0.8282857835329835,-1.1487708447669576,1.5918924044685507,0.04647634581582337,-0.09957949003207336,0.10989142621442222,-0.441221010089543
3806,31.561058100000082,149.24120667879671,242.29027200625856,33.80249552981293,54.87771118090472,1.5911644616263783,0.2264957264957265,-0.8301180526217138,-1.1490687611373502,1.5912907924476654,-0.01283401428574452,-0.05677762313151726,0.05821005421017316,-0.16145522838429305
3807,31.564766500000133,149.24788177834176,242.29150492173065,33.80400741133382,54.87799043099027,1.5911452038792309,0.2264957264957265,-0.828606171100823,-1.149348011222905,1.5911704700434883,-0.12320610832948312,-0.04726138985159161,0.13195978213228626,1.1928912752261696
3808,31.576284400000077,149.24358818140183,242.29200770015922,33.80303492997563,54.87810430815572,1.5911413523298013,0.2264957264957265,-0.8295786524590127,-1.1494618883883518,1.6061134465782778,-0.055420096111522994,-0.01774904250789341,0.058192916776506856,1.3942201842063509
3809,31.579512299999806,149.2375938226942,242.2921105065828,33.801677233345266,54.87812759337132,1.5911405820199154,0.2264957264957265,-0.8309363490893773,-1.1494851736039493,1.6240690829008606,0.01750379121603609,-0.005453365167947838,0.018333627534930695,1.6423087311058138
3810,31.598400599999877,149.23443583970675,242.28988172210467,33.80096196369426,54.87762278321174,1.6659756330360633,0.2264957264957265,-0.8316516187403806,-1.1489803634443732,1.6276602101653772,0.06135253660740182,0.010496737937071638,0.06224399774662726,2.458752024606501
3811,31.61153890000014,149.24735636593255,242.2876536885828,33.80388840766848,54.87711814314055,1.6809426432392929,0.2264957264957265,-0.8287251747661628,-1.1484757233731813,1.6433454766339055,0.2834416625979569,0.016941110003677165,0.283947490399987,1.9515087767931665
3812,31.61600929999986,149.2597303268347,242.28756588796603,33.80669105693264,54.877098256676064,1.6091008402018137,0.2264957264957265,-0.8259225255020013,-1.1484558369086955,1.6614495709432364,0.5932993023676358,0.043590086916736846,0.5948984433223304,-0.1910345076564668
3813,31.62516800000003,149.30121874503874,242.28666274274346,33.81608800635493,54.87689369814275,1.669567684672443,0.2264957264957265,-0.8165255760797123,-1.1482512783753833,1.6501033487894774,0.5804243393173374,0.03903257711314395,0.5817352969762631,-0.2683215492757461
3814,31.628514800000175,149.31789654416986,242.28480045131087,33.81986545658548,54.876471897091776,1.6816610535665688,0.2264957264957265,-0.8127481258491613,-1.1478294773244073,1.6328670633431006,0.4346729371351534,0.03105456517064367,0.4357808489317065,-0.5307443474743097
3815,31.646075099999962,149.3099695889233,242.28449509573787,33.81807003509802,54.876402735359434,1.6092445222672689,0.2264957264957265,-0.8145435473366263,-1.1477603155920661,1.629419787180339,0.5414656566770907,0.02028995541068224,0.5418456788157681,-1.8374976852999436
3816,31.65190530000018,149.2969443015277,242.28453319776258,33.81511986316653,54.8764113653052,1.594761216007409,0.2264957264957265,-0.8174937192681142,-1.147768945537834,1.6287303319477866,0.4619472006710297,0.03267124638652011,0.46310109754593465,-1.7493208741248767
3817,31.65798619999987,149.3281118078038,242.2858587938254,33.82217917014359,54.87671160714849,1.5918644593880054,0.2264957264957265,-0.8104344122910518,-1.1480691873811253,1.6136253998856513,0.24173487590091533,0.0069410463039137355,0.24183450612066099,-0.7301720852779906
3818,31.661772100000235,149.33861593412868,242.28445069088798,33.82455830986675,54.876392677850696,1.6661204085096815,0.2264957264957265,-0.8080552725678913,-1.1477502580833274,1.610604394399738,0.6522892178904898,-0.011014803722301087,0.6523822113433411,-0.6980673823844015
3819,31.672892300000058,149.33997167152046,242.2845793170091,33.82486537859224,54.876421811117446,1.6061363932558914,0.2264957264957265,-0.8077482038424009,-1.1477793913500776,1.610000174229069,0.8662345081505204,-0.015646512655273243,0.8663758055653711,-0.9081136797109984
3820,31.67626849999988,149.36904672037036,242.28585887954523,33.831450752904395,54.87671162656366,1.594139494837702,0.2264957264957265,-0.8011628295302486,-1.1480692067962934,1.6098793492684216,0.61387071598184,-0.011248857744414448,0.6139737720298897,-0.5849496075284464
3821,31.689098100000137,149.40097750040508,242.28725451480818,33.838682938125935,54.877027731986466,1.591740115154064,0.2264957264957265,-0.7939306443087091,-1.148385312219098,1.5948881241871806,0.5677691345857674,-0.03183693763578035,0.5686610420859651,-0.4355207965977779
3822,31.692551600000115,149.39943871103878,242.2876720881747,33.83833440891049,54.87712231056948,1.591260334584768,0.2264957264957265,-0.7942791735241528,-1.1484798908021148,1.5918898791709326,0.4693619346130896,-0.03293203233327389,0.47051582801999553,0.39746948684952327
3823,31.704351100000167,149.42016836306243,242.2886462324929,33.843029586505594,54.87734295009455,1.5911642831034771,0.2264957264957265,-0.7895839959290498,-1.148700530327183,1.5912902492411691,-0.02440335772651385,-0.013913371348594309,0.028091026514032703,0.4537222605588142
3824,31.707962999999836,149.41276227509178,242.2887753276545,33.84135213923019,54.877372189596954,1.5911451681746507,0.2264957264957265,-0.7912614432044549,-1.1487297698295862,1.6061373833443278,-0.2635142668720365,0.01304751064353118,0.26383708302492265,0.7130725194432523
3825,31.720059499999934,149.38508143791358,242.28828117322223,33.835082547903504,54.877260265729824,1.5911413451888854,0.2264957264957265,-0.7975310345311399,-1.1486178459624554,1.6091067910914734,-0.17729340045989037,0.017024463636937225,0.17810890547290567,0.888575857943179
3826,31.72468979999985,149.37216452451747,242.28602903353993,33.83215692221977,54.87675016571631,1.6659757856698574,0.2264957264957265,-0.800456660214877,-1.1481077459489413,1.6097006917143886,-0.47334868654324885,-0.0008350900281333777,0.4733494231828892,1.584346507059951
3827,31.737405899999885,149.3907019587661,242.2864501905139,33.83635557185728,54.876845555971094,1.6061073733204951,0.2264957264957265,-0.7962580105773611,-1.1482031362037262,1.6098194718389718,-0.42925752135697864,-0.00021051986044780626,0.42925757297938105,0.809079055747093
3828,31.7417789000001,149.36980454852943,242.28853530763826,33.83162239774384,54.877317826089005,1.5941337862180542,0.2264957264957265,-0.8009911846908011,-1.1486754063216367,1.6248102688795134,-0.40257200005302995,-0.028729083307741776,0.4035958070327291,0.7856751705386908
3829,31.754576299999826,149.35602001530617,242.2888162609916,33.82850025987704,54.87738146082289,1.5917390687975659,0.2264957264957265,-0.8041133225576047,-1.1487390410555207,1.6278084282876217,-0.3767920625340946,-0.05126840551000784,0.38026399749678597,0.762614790738035
3830,31.75924440000017,149.348087798016,242.2915644168104,33.82670364655918,54.87800390637158,1.6660953303915935,0.2264957264957265,-0.8059099358754622,-1.1493614866042137,1.6284080792427296,-0.5466728758420958,-0.06929882485001501,0.551047693314345,1.4836237904826175
3831,31.768496799999866,149.3275424267989,242.29166780708346,33.82205020777924,54.87802732382659,1.680966582710399,0.2264957264957265,-0.810563374655402,-1.1493849040592252,1.6285280094337515,-0.3530200747766292,-0.05529845668325758,0.3573249116796183,0.591691351298367
3832,31.77264439999999,149.31803444092824,242.29345604478846,33.81989668961195,54.87843235202474,1.609105628096035,0.2264957264957265,-0.8127168928226922,-1.1497899322573701,1.6435190364875807,-0.31540285132168583,-0.052712647662729775,0.3197773942064457,0.42711609551602053
3833,31.784246300000177,149.31218988464613,242.29540228024007,33.81857292259079,54.87887316603728,1.594733437173162,0.2264957264957265,-0.8140406598438545,-1.1502307462699122,1.6315502008827214,-0.24818851730179348,-0.021811486202564147,0.24914510039498527,0.39337425709743956
3834,31.788313200000175,149.31118650924748,242.29525941405416,33.81834566235092,54.87884080745671,1.6666942040667128,0.2264957264957265,-0.8142679200837222,-1.1501983876893433,1.6291564337617495,-0.34688509889730446,-0.03845693490059247,0.34901032603483395,0.38484492208889803
3835,31.80020710000008,149.30862395885484,242.29414795287877,33.817765255638065,54.87858906625032,1.6062511523672978,0.2264957264957265,-0.8148483267965787,-1.1499466464829524,1.6286776803375551,-0.2551395016405486,-0.03249318125351455,0.2572002568532179,-0.5759574081802962
3836,31.80343270000003,149.29443351656917,242.29536926361033,33.814551181103276,54.87886568791174,1.6689977471055397,0.2264957264957265,-0.8180624013313675,-1.150223268144373,1.6285819296527162,-0.23310549888975807,-0.035877751321225435,0.23585034800167393,-0.40672283502861306
3837,31.816030099999807,149.2910690114665,242.29914215110767,33.813789135075744,54.87972023080644,1.606711860975063,0.2264957264957265,-0.8188244473588995,-1.1510778110390731,1.6135957385001236,-0.21017679742295103,-0.08886999536668358,0.22819325636714718,-1.2990942823879759
3838,31.832191800000146,149.2907886456889,242.30306083684917,33.813725633425264,54.88060779638037,1.5942546837489677,0.2264957264957265,-0.8188879490093797,-1.1519653766129991,1.6105984811961187,-0.09047767757961625,-0.10634143655095955,0.13962346245499985,-1.3388796811201373
3839,31.835274000000027,149.29158830522107,242.30655820847988,33.81390675289195,54.88139993610869,1.5917632483037487,0.2264957264957265,-0.8187068295426911,-1.1527575163413246,1.5950319696462065,0.6053119044653568,-0.13637595231305694,0.6204844091971774,-1.3713551056481976
3840,31.848290700000234,149.3231793639029,242.31036223888754,33.821061992678864,54.882261532739484,1.5912648658472734,0.2264957264957265,-0.8115515897557799,-1.153619112972116,1.5919186482627379,0.7354782867391955,-0.1329599848153225,0.7473999383375095,-1.1354066116636
3841,31.85153279999986,149.35871461026284,242.3137393939504,33.82911057411936,54.88302644392894,1.5911651893559784,0.2264957264957265,-0.8035030083152819,-1.1543840241615726,1.5912959649125575,1.140393838833472,-0.15403703647702321,1.1507499799070025,1.4546152339609002
3842,31.864135499999975,149.39156235007547,242.31656351059698,33.83655044681197,54.883666094280514,1.5911452540577193,0.2264957264957265,-0.7960631356226742,-1.1550236745131457,1.5911714091690354,1.222999459686043,-0.10914810588201122,1.2278603289503183,-1.3877262003628164
3843,31.86734830000023,149.42022487706964,242.3188373803348,33.84304238668671,54.884181116058734,1.5911412669980676,0.2264957264957265,-0.7895711957479321,-1.1555386962913659,1.6321816924173036,1.094646529397897,-0.034594270451298086,1.0951930368071734,-4.466346671907235
3844,31.88013920000003,149.44686835305646,242.3206761419587,33.84907702013672,54.8845975877086,1.591140469586137,0.2264957264957265,-0.7835365622979253,-1.1559551679412294,1.3858013058296526,0.6515431264989613,0.20247310653092926,0.6822783922683808,-4.5826858542276065
3845,31.883291399999962,149.44558702234616,242.31640942245258,33.84878680420661,54.8836311939743,1.7963162820886143,0.2264957264957265,-0.7838267782280326,-1.1549887742069345,1.336525228512122,0.7416675370842416,0.3202752990506091,0.8078657083615828,-4.701928157253211
3846,31.89602819999982,149.4606017726764,242.26302035488072,33.85218758099081,54.871538798327684,0.3592632564177229,0.2264957264957265,-0.7804260014438356,-1.142896378560316,1.326670032122102,0.2744543430406323,0.334508392042533,0.432690479165819,-7.905155083547967
3847,31.89928020000025,149.4755477820363,242.25529213706002,33.855572788238995,54.86978839001787,1.3447648674700683,0.2264957264957265,-0.7770407941956492,-1.1411459702504985,1.3246990119175845,-0.1907969094414428,0.22162453002358212,0.29243955437077895,12.716406585456337
3848,31.912021900000127,149.45780372407353,242.26030664632555,33.85155383493973,54.87092415493698,1.5418652850479688,0.2264957264957265,-0.7810597474949148,-1.142281735169611,1.283269632553195,-0.23069539984063187,0.14660072444080977,0.27333521528372307,16.380963383452386
3849,31.914959400000043,149.433752536243,242.26804907369075,33.84610634367897,54.8726777816479,1.5812853685635488,0.2264957264957265,-0.7865072387556751,-1.1440353618805332,1.529566218991108,-0.4159039501863,-0.08645017174928293,0.42479374757174665,16.802497134382993
3850,31.933268000000226,149.41018450246895,242.27358956944806,33.84076828474724,54.87393268025961,1.5891693852666648,0.2264957264957265,-0.7918452976874022,-1.1452902604922386,1.5788255553521768,-0.7870334080983968,-0.2326024562185477,0.8206859862955375,16.736716922079633
3851,31.940653699999984,149.3886941969063,242.28062807473506,33.83590082237621,54.875526871628026,1.5907461886072882,0.2264957264957265,-0.7967127600584334,-1.1468844518606574,1.5886774226243907,-0.9061094949565366,-0.2539649401129932,0.9410274213098075,4.777784828672015
3852,31.945901699999922,149.36981759219532,242.28508850672088,33.831625352078426,54.87653714041114,1.5910615492754128,0.2264957264957265,-0.8009882303562179,-1.1478947206437695,1.583770564480933,-0.6620381933811654,-0.29408183178293584,0.7244161050668355,-12.951316792111443
3853,31.949955300000056,149.35351702011914,242.28859542990287,33.82793334216374,54.87733144352501,1.5911246214090378,0.2264957264957265,-0.8046802402709048,-1.1486890237576404,1.3282067305414507,-1.532157739332685,0.3373421890498248,1.5688553440996311,-14.126515155024583
3854,31.960604100000182,149.32370411464893,242.32609325444838,33.82118084648032,54.885824540537456,1.5567510778462608,0.2264957264957265,-0.8114327359543267,-1.1571821207700879,1.277093963753554,-1.4533291762410758,0.39870605806242354,1.5070276093188342,-14.53827293215503
3855,31.963813200000004,149.2579317964845,242.28233279237185,33.80628369749436,54.87591298288764,0.3113502155692522,0.2264957264957265,-0.8263298849402858,-1.1472705631202729,1.2668714103959748,-1.2975283496748522,0.3764425134749503,1.3510324881960774,-34.07758387124448
3856,31.9761211,149.24353720937503,242.27738938095428,33.80302338502939,54.87479332132725,1.3351823546678057,0.2264957264957265,-0.8295901974052526,-1.146150901559885,1.2579496872000446,-1.1104568492951323,0.280242319283721,1.1452729681888032,-22.434509342986498
3857,31.97927780000009,149.24303991147463,242.2816238039788,33.80291074918015,54.87575240004648,1.5399487824875162,0.2264957264957265,-0.829702833254494,-1.1471099802791116,0.9465994716307925,-0.9836351288507285,0.4397550721262331,1.0774611780337784,-21.474537012070524
3858,31.99216810000007,149.2444376512085,242.32015036627791,33.80322733125663,54.8844785017638,1.546516005429388,0.2264957264957265,-0.8293862511780148,-1.1558360819964335,0.8843294285169421,-0.05520354449459024,-0.17796065193131946,0.18632612527658712,-20.837439174162885
