frame,t_s,x_px_filt,y_px_filt,x_mm_abs,y_mm_abs,angle_deg_raw,mm_per_px,x_mm,y_mm,angle_deg_unwrapped,vx_mm_s,vy_mm_s,speed_mm_s,angular_vel_dps
539,4.4732869999998,155.54982884456135,250.72458168710324,35.32390317996666,56.9371944292084,-4.085656458946464,0.22709059497111578,0.0,-0.0,-2.451380008849975,,,,
540,4.486154700000043,155.5506575895583,250.72284006288908,35.3240913801611,56.93679892272938,-4.085624944133043,0.22709059497111578,0.0001882001944366607,0.0003955064790162055,-3.2685034849655406,,,,
541,4.491065600000184,155.55128820720404,250.72089403671836,35.32423458749747,56.93635699848845,-4.085618641170359,0.22709059497111578,0.000331407530808292,0.0008374307199474629,-4.085626910657403,,,,
542,4.501099099999919,155.55218972758226,250.72501949916983,35.32443931429654,56.937293852211084,-4.085617380577822,0.22709059497111578,0.0005361343298773136,-9.942300268761528e-05,-4.109742569631481,0.01865782766399442,0.016972769024542766,0.0252227956717687,
543,4.506316599999991,155.55257532496196,250.72405959281002,35.32452687983491,56.93707586650471,-4.085617128459314,0.22709059497111578,0.0006236998682496164,0.00011856270368326705,-4.1145657014262955,0.016859538439557144,0.02845441614474595,0.033074126360847146,-1.1383738647843626
544,4.517379699999765,155.55317526434595,250.72329318799743,35.32466312042657,56.93690182317984,-4.206234753816863,0.22709059497111578,0.000759940459907682,0.00029260602855885054,-4.115530327785257,0.010819562004763793,0.019479805563153454,0.02228285768821388,-3.60950822738352
545,4.522502299999815,155.55330236100838,250.72130486438218,35.32469198288326,56.93645029358705,-4.109740603107123,0.22709059497111578,0.0007888029165954435,0.0007441356213462313,-4.165818467900801,0.008807714747810932,0.08509532621728522,0.08554992918234938,-5.198930150593542
546,4.533069000000069,155.5532540265314,250.7192056106268,35.324681006578125,56.93597357280275,-4.090441772965175,0.22709059497111578,0.0007778266114613075,0.0012208564056450655,-4.22597131076766,0.004472391629931283,0.12589190899919306,0.12597132625463855,-7.467726364885656
547,4.5385817000001225,155.55350515702347,250.71350806769576,35.324738035950986,56.934679714388665,-4.3370580811555355,0.22709059497111578,0.0008348559843227576,0.002514714819731978,-4.263973559028534,0.003093246846193946,0.17265077260234588,0.17267848000326627,-5.8786632131660035
548,4.550007199999982,155.55325894916797,250.7011431302052,35.32468212446259,56.93187175337715,-4.386381342793607,0.22709059497111578,0.0007789444959271918,0.005322675831244794,-4.321669223524459,0.0026997870000529363,0.17336466873506437,0.17338568918876857,-7.667390042550883
549,4.555580499999905,155.55339194676463,250.69501921150638,35.32471232696595,56.93048106903628,-4.396245995121221,0.22709059497111578,0.000809146999287691,0.00671336017211388,-4.383303571267396,0.004396717247086184,0.19755314073638774,0.19760206106557152,-5.786479212474788
550,4.56543529999999,155.55355108117357,250.69103919618715,35.32474846489355,56.929577244989446,-4.398218925586745,0.22709059497111578,0.0008452849268891782,0.0076171842189509675,-4.395630440815981,-0.021958532528333453,0.15718567072298037,0.15871204186019122,-0.1396322612885159
551,4.56944089999979,155.55368241751017,250.68811014084366,35.32477829014038,56.92891208406879,-4.39861351167985,0.22709059497111578,0.0008751101737161093,0.00828234513960524,-4.348000599881946,-0.036086319213037454,0.07806458137303343,0.0860017517222306,5.2224331143816425
552,4.581300299999839,155.54734089246347,250.68639368511327,35.3233381894445,56.92852229311573,-4.39869242889847,0.22709059497111578,-0.0005649905221645213,0.008672136092663152,-4.288379416851391,-0.03646347400313507,0.017061767503747716,0.040257779952814696,9.442589987357092
553,4.584621699999843,155.54623616305727,250.68858526820213,35.32308731578636,56.92901998102331,-4.148232138123444,0.22709059497111578,-0.0008158641803035493,0.008174448185087613,-4.250483500557779,-0.024545417216922303,-0.06108998102723321,0.06583664092479581,5.682631853665974
554,4.597027499999967,155.5464291884694,250.69161653189428,35.323131150042045,56.92970835249868,-4.098140079968439,0.22709059497111578,-0.0007720299246187778,0.007486076709717793,-4.2429043172990575,-0.022512928333020224,-0.09156071760071662,0.09428784094296508,4.160172581337367
555,4.600323099999969,155.54734719579898,250.69595634854974,35.32333962087271,56.930693884045034,-4.208739344118688,0.22709059497111578,-0.0005635590939547797,0.006500545163362403,-4.241388480647312,-0.07654998933344682,-0.08016063508477128,0.11084055342763625,0.36501560688564366
556,4.612876400000005,155.54832056359817,250.69519880393432,35.32356066354535,56.9305218527876,-4.360717595386237,0.22709059497111578,-0.00034251642131266635,0.006672576420797327,-4.2410853133169635,-0.06114572198911455,-0.07791330807742754,0.099041823959064,0.16769148591409702
557,4.616073300000153,155.54280752737415,250.69393367315155,35.322308704869144,56.93023455348542,-4.3911132456397475,0.22709059497111578,-0.001594475097519421,0.00695987572297696,-4.241024679850892,-0.04848630521506042,-0.11414999796928053,0.1240207395147874,-0.6408394510061656
558,4.629280000000108,155.54289411206815,250.70199446565118,35.32232836743882,56.9320650836501,-4.1467163014717,0.22709059497111578,-0.0015748125278420844,0.005129345558295029,-4.266984232845179,-0.07889491690592206,-0.04981093328826873,0.09330346718445517,-1.1793855155244364
559,4.632542299999841,155.54385417376898,250.7053943988835,35.322546388421664,56.93283717651069,-4.0978369126380905,0.22709059497111578,-0.0013567915449996804,0.004357252697708702,-4.272176143444034,-0.09778796888756369,-0.046627133789566746,0.10833548109730848,0.10142734873826287
560,4.645246699999916,155.53888712742662,250.70412722520916,35.32141841891253,56.932549413287056,-4.338537109090119,0.22709059497111578,-0.00248476105413431,0.0046450159213407005,-4.223119310720058,-0.0011653809385946262,-0.1709822861646571,0.17098625761980035,0.9491116225829321
561,4.662238500000058,155.53313639367306,250.7019107125523,35.32011248136292,56.932046064109045,-4.3866771483805245,0.22709059497111578,-0.003790698603744147,0.005148365099351793,-4.213307944175263,0.007309796967952855,-0.15228553239072684,0.15246086877372766,-0.9885138265674149
562,4.665231500000118,155.53434229543976,250.7089211290658,35.320386330312594,56.93363806376609,-4.145829082019855,0.22709059497111578,-0.0035168496540691763,0.0035563654423071966,-4.235469206022554,0.021363582843150784,-0.09700385435092465,0.09932849757663492,-1.0059846740690124
563,4.677219700000023,155.53665793103767,250.71130315824303,35.320912189378255,56.93417900018919,-4.097659468747721,0.22709059497111578,-0.0029909905884082377,0.003015429019207261,-4.189806243548261,0.04983554725934425,-0.12652395123727714,0.13598489624708773,3.377839647601095
564,4.681533800000125,155.5392624441852,250.7105482627053,35.32150364981854,56.93400757051238,-4.208643221874544,0.22709059497111578,-0.0023995301481249953,0.0031868586960186462,-4.130578436209654,0.09351435759755021,-0.14927481930833525,0.17614740065189335,4.736474660089781
565,4.6930255000002035,155.5419735089955,250.71687122705328,35.32211930713932,56.935443456248144,-4.110222296718659,0.22709059497111578,-0.0017838728273460447,0.0017509729602522839,-4.16882808958568,0.059638225178868354,-0.03070801669688061,0.06707980465044085,-2.3498163983577123
566,4.6963347000000795,155.54403601030552,250.71809720129457,35.32258768178894,56.93572186346802,-4.090538111687482,0.22709059497111578,-0.0013154981777248054,0.001472565740378684,-4.226573235104635,-0.01825166787145227,0.032679913870662755,0.037431272362607966,-7.912617707520856
567,4.70901270000013,155.53968789661934,250.7146958091127,35.32160026606494,56.93494943929371,-4.337077348899997,0.22709059497111578,-0.0023029139017225475,0.0022449899146863572,-4.264093943895926,-0.06350547811289081,0.039025270995527786,0.0745380273861687,-7.515410113143749
568,4.7125245000002,155.53434366604938,250.71049234217077,35.32038664156514,56.93399487148493,-4.386385196342499,0.22709059497111578,-0.0035165384015201084,0.0031995577234695816,-4.271598085654185,-0.05274684034542017,0.06819261423956767,0.08621172659941183,-1.7379956131516636
569,4.7252825999999,155.52933405494008,250.70647745565986,35.31924900599776,56.933083128518426,-4.396246765831,0.22709059497111578,-0.004654173968901887,0.004111300689970676,-4.273098914005835,-0.06831770965782097,0.061523233339160405,0.09193703113215644,-0.7795037508023012
570,4.728854399999818,155.53102278375457,250.70614893544817,35.31963250042899,56.93300852466809,-4.14774300550995,0.22709059497111578,-0.004270679537675903,0.004185904540307206,-4.273399079676166,-0.011054442537522559,0.07647386355491735,0.07726870328167482,-0.06881245296711606
571,4.741460000000188,155.53455775892692,250.71267004636204,35.320435260044086,56.93448940762539,-4.09804225344574,0.22709059497111578,-0.003467919922577778,0.002705021583004452,-4.273459112810232,0.047021065333985756,0.03482919547412455,0.058515412008442146,-0.03062154077628795
572,4.745377899999767,155.53815375247586,250.710329224237,35.32125187635863,56.93395782893629,-4.338578177251648,0.22709059497111578,-0.0026513036080331176,0.0032366002721033738,-4.273471119437044,0.08305044727610791,0.13829285010963546,0.161314255985662,-1.29518717991549
573,4.758297200000015,155.5350129864588,250.70671133437958,35.32053863793515,56.93313624017603,-4.38668536201283,0.22709059497111578,-0.003364542031512485,0.004058189032363657,-4.323568735606156,0.07377900364768376,0.15233713785165356,0.16926294617570212,-6.254912447291893
574,4.762336100000084,155.5366310542319,250.69623960117303,35.32090608590844,56.93075820805178,-4.396306798965067,0.22709059497111578,-0.0029970940582231265,0.006436221156619126,-4.383683473683729,0.0992426836861276,0.2089703083658617,0.231338928941387,-5.1268656235390635
575,4.773596500000167,155.53965626819664,250.6917219486331,35.32159308354761,56.92973229164861,-4.398231086355514,0.22709059497111578,-0.002310096419051888,0.00746213755978431,-4.345611206455494,0.06632109027822891,0.17466738713843774,0.18683464118161244,1.4590606005410143
576,4.777230600000166,155.542712834139,250.68907047128914,35.32228720092603,56.92913016608102,-4.398615943833603,0.22709059497111578,-0.0016159790406362617,0.008064263127373295,-4.287901538166099,0.1039957233021146,0.12219814133291101,0.16046026364912927,7.4401612838206574
577,4.789492500000051,155.54507914847616,250.69100541079104,35.32282456865675,56.92956957264374,-4.148216841110471,0.22709059497111578,-0.001078611309914379,0.007624856564653726,-4.2503879248207195,0.09208326726978466,0.0005076576306348984,0.09208466662451756,12.110554979901984
578,4.792804199999864,155.54702112989247,250.69390384903565,35.323265574372,56.930227780709195,-4.0981370205658445,0.22709059497111578,-0.0006376055946617498,0.006966648499201256,-4.1927899873078935,0.0980206326456894,-0.05203720994251941,0.1109770951271614,7.78916820162279
579,4.805661800000053,155.54879980761962,250.6950175577179,35.32366949535532,56.930480693476476,-4.208738732238169,0.22709059497111578,-0.00023368461134509744,0.006713735731921133,-4.15529872011783,0.0538526558753133,-0.09993460900374238,0.1135210756712417,5.0855175458556126
580,4.808952899999895,155.55011422802795,250.69750469460524,35.32396798786789,56.931045498871995,-4.110241398791384,0.22709059497111578,6.480790122509461e-05,0.006148930336401293,-4.171924001836067,0.053645282395943225,-0.10307080058900124,0.116195551796952,-0.7994912190563752
581,4.821606800000154,155.54845156115738,250.70161692682512,35.32359041185901,56.93197934813347,-4.211159607883277,0.22709059497111578,-0.0003127681076549038,0.005215081074929628,-4.175249058179714,0.029891294989496497,-0.06932118475370516,0.07549116618390805,0.5830409030007877
582,4.824927900000148,155.54907730679327,250.702370326677,35.323732512807766,56.93215043815408,-4.231343249701656,0.22709059497111578,-0.00017066715889768602,0.005043991054314745,-4.151790534292194,0.03423782027708873,-0.0908752387957992,0.09711095388018674,2.386115244103171
583,4.8380465999998705,155.54990894461824,250.70410362903255,35.32392136993624,56.932544054817264,-4.114762302284081,0.22709059497111578,1.8189969573256803e-05,0.0046503743911330275,-4.14709882951469,0.019853175854796484,-0.08427618646002183,0.08658304796994525,5.136151610331995
584,4.841184299999895,155.55064328229713,250.70586446926984,35.324088131116646,56.932943925074404,-4.091446112800567,0.22709059497111578,0.0001849511499827372,0.0042505041339921945,-4.122036953402938,0.035954720641576676,-0.15685740475303567,0.16092540931211416,2.214858122015782
585,4.853510399999777,155.55166228541805,250.71338857215144,35.324319537141655,56.93465257807441,-4.0867828749038635,0.22709059497111578,0.00041635717499133307,0.0025418511339836414,-4.142996257868089,0.00467293993287244,-0.13850887641046974,0.13858768059285434,-2.246034427918224
586,4.857678299999861,155.55259223761428,250.72140363107496,35.324530720539194,56.93647272257408,-4.0858502273245225,0.22709059497111578,0.0006275405725304495,0.0007217066343159217,-4.197283333604868,-0.01546138922556544,-0.12160809144794854,0.12258704035254725,-5.225138222469953
587,4.869107500000155,155.54687379792895,250.71937907549335,35.32323211666875,56.9360129650425,-4.336139772027405,0.22709059497111578,-0.0006710632979149977,0.001181464165895818,-4.208140748752222,-0.027730278156517307,-0.08520700031940155,0.08960581024726195,-5.650543444447656
588,4.886666599999899,155.54020279396465,250.71516505085577,35.32171719440944,56.93505599968033,-4.386197680967982,0.22709059497111578,-0.0021859855572259335,0.0021384295280668653,-4.260407446625445,-0.052832832175542424,-0.04086257354214025,0.06679115264895381,-5.630394645627666
589,4.891336900000169,155.54003421899898,250.7140428801456,35.321678912620186,56.934801165266094,-4.1457331885373465,0.22709059497111578,-0.0022242673464774043,0.002393263942302326,-4.3209560010438395,-0.11980236966478561,0.08934744312246365,0.14945090621946666,-5.716448112723686
590,4.901360400000158,155.53532288580442,250.71037488629617,35.32060901316193,56.93396819836048,-4.34811636426997,0.22709059497111578,-0.0032941668047357098,0.003226230847914735,-4.333065711927518,-0.09203992197344965,0.0933310960857262,0.1310802835419643,-4.91829466731034
591,4.905520700000125,155.53011673219328,250.70644809169124,35.31942674464086,56.93307646023732,-4.3885929994164945,0.22709059497111578,-0.004476435325805994,0.004117968971080188,-4.335487654104256,-0.1001674013581614,0.10774729224516043,0.1471155575763862,-0.6071775518131144
592,4.921023599999899,155.53183643402488,250.70234215597947,35.31981727275297,56.932144040853615,-4.396688326445799,0.22709059497111578,-0.004085907213692508,0.005050388354781887,-4.335972042539604,-0.08621901875167515,0.09323780697889601,0.1269921566268389,2.6874491904024933
593,4.926786600000014,155.52861569419957,250.69912985051832,35.3190858730298,56.93141455649522,-4.39830739185166,0.22709059497111578,-0.0048173069368644406,0.005779872713176815,-4.285973705382921,-0.03141847614605974,0.061162145584796296,0.06875993525212441,3.3021765951250615
594,4.934710099999847,155.53076308492683,250.69975728562764,35.319573525267685,56.931557041107496,-4.148155130714082,0.22709059497111578,-0.004329654698977947,0.005637388100900864,-4.275974037951585,0.013636390568476722,0.025312180340295455,0.02875165423615971,7.263054427670078
595,4.939105800000107,155.5340007382727,250.70125310314518,35.32030876589231,56.931896727197525,-4.098124678486567,0.22709059497111578,-0.0035944140743566777,0.005297702010871319,-4.2238788896215675,0.02853642839192322,0.0034097620034102567,0.028739419310195916,6.220098420060354
596,4.950015400000211,155.53117093041777,250.69956712100114,35.31966614314288,56.931513856509326,-4.338594662259814,0.22709059497111578,-0.004237036823781182,0.0056805726990702965,-4.1633646451118125,0.0673169820047422,-0.028959458177890314,0.07328182778959436,3.2716540422835823
597,4.955025400000068,155.53337027777047,250.7006562455823,35.32016559424175,56.93176118645846,-4.136212584795713,0.22709059497111578,-0.0037375857249131172,0.005433242749937506,-4.201357011053614,0.09140427738701087,-0.0029528466239499007,0.09145196131208012,-2.4811226211073074
598,4.965695700000197,155.53651792344652,250.70231326183503,35.320880394971084,56.932137479265165,-4.095736169302892,0.22709059497111578,-0.0030227849955792863,0.005056949943231359,-4.2590506990857255,0.07088716985378424,0.023666876209414867,0.07473360609117577,-5.222607379324855
599,4.97000509999998,155.53997130825422,250.7001869275193,35.32166462618173,56.9316546087403,-4.338116960423079,0.22709059497111578,-0.0022385537849345383,0.005539820468094092,-4.270589436692146,0.1195535165188676,0.050870397576911176,0.12992628933999523,-2.7638424743962604
600,4.981153000000177,155.54314636099912,250.69744663422358,35.32238565079863,56.931032313905376,-4.3865931186471165,0.22709059497111578,-0.0015175291680336045,0.006162115303020244,-4.272897184213429,0.10664947481931729,0.055282186464119455,0.12012589487487643,-5.896014108420685
601,4.984568200000012,155.54591995206619,250.69487328575315,35.32301550724426,56.93044793067016,-4.396288350291924,0.22709059497111578,-0.0008876727224063075,0.006746498538234391,-4.323453948561436,0.11207371341692396,0.16572380348601914,0.20006223102057893,-3.9644347757283516
602,4.997395200000028,155.547906532206,250.69641577016876,35.32346664091017,56.93079821437384,-4.147751322402135,0.22709059497111578,-0.00043653905649421176,0.006396214834559544,-4.283470086587288,0.08133495405228112,0.11883416479191004,0.14400324118740354,-0.5993149158338547
603,5.000830399999813,155.54933014867652,250.6885959774543,35.32378993082147,56.92902241299376,-4.348519991042927,0.22709059497111578,-0.00011324914519406093,0.008172016214636812,-4.249501634504957,0.08591706300549729,0.045082793745845534,0.0970268004595691,5.777572389176994
604,5.013977199999772,155.55096779107538,250.6956818617952,35.32416182400817,56.93063155068463,-4.1381976505523355,0.22709059497111578,0.00025864404150865994,0.006562878523766358,-4.1926127292447415,0.05364861817788894,-0.024173866917944167,0.058843436967629545,1.2525333887294767
605,5.017679399999906,155.55239572584503,250.70078356359335,35.3244860945646,56.931790099181335,-4.216750858235468,0.22709059497111578,0.0005829145979348027,0.0054043300270620875,-4.231330163036449,-0.02930944247344288,-0.012939562979316555,0.032038659588062623,-0.8164870345035222
606,5.0291839999999866,155.553565240055,250.709657865996,35.324751680242365,56.93380536979391,-4.111843823990844,0.22709059497111578,0.0008485002757012694,0.0033890594144878605,-4.188978434951039,-0.05013512379731198,-0.11902294339153774,0.12915104216287607,-1.4145309206153553
607,5.032527899999877,155.54797535542392,250.70923285639157,35.323482270015674,56.933708854109966,-4.341338491360669,0.22709059497111578,-0.00042090995098931216,0.0034855750984306155,-4.180508089333956,-0.047739808907171055,-0.10603719138902842,0.11628832835743513,2.1166937528470773
608,5.045009899999968,155.5474247470591,250.70997346678342,35.32335723203451,56.933877039764496,-4.136761350615884,0.22709059497111578,-0.0005459479321530125,0.003317389443900254,-4.17881402021054,-0.071621297896176,-0.0508569998956993,0.08784101975002306,0.9232658629826199
609,5.048364400000082,155.54801951684288,250.7108223767056,35.32349229865858,56.9340698192238,-4.095845922466927,0.22709059497111578,-0.000410881308084754,0.0031246099845958497,-4.1784752063858575,-0.06782006228449265,-0.0864041277596179,0.10984185969917312,1.2974437583265808
610,5.06208659999993,155.54609682867363,250.71306020843423,35.32305567425828,56.934578009762504,-4.208280512618385,0.22709059497111578,-0.0008475057083856541,0.002616419445892859,-4.128312228777172,0.01348749860815468,-0.12026052912316837,0.12101449286630672,2.025983140699343
611,5.066408499999852,155.54689789491255,250.71977658775307,35.32323758886709,56.93610323633807,-4.110149754867427,0.22709059497111578,-0.0006655910995760905,0.0010911928703265517,-4.118279633255435,0.02435531619490533,-0.11974143603331532,0.12219326057632786,1.3368567220989744
612,5.0776560999997855,155.54823112656015,250.72673140890117,35.323540353235174,56.93768261081051,-4.090523603317235,0.22709059497111578,-0.00036282673148946287,-0.0004881816021153895,-4.140396649307338,0.008248877932451921,-0.10846455925884314,0.1087777762337491,-0.2077228893292824
613,5.082178399999975,155.54911375087832,250.7269480499792,35.32374078891672,56.93773180796181,-4.086598373007197,0.22709059497111578,-0.00016239104994042464,-0.0005373787534139751,-4.1448200525177175,-0.01317964115413508,-0.0994080662159946,0.1002779465772776,-1.0075057112496697
614,5.093519099999867,155.54710280905746,250.7270022102487,35.32328412294218,56.93774410724964,-4.20643100272644,0.22709059497111578,-0.0006190570244868354,-0.0005496780412457269,-4.145704733159793,-0.02036728440337382,-0.0220749635048911,0.030035483810156752,-0.36665172196159274
615,5.097557399999914,155.5446316898132,250.7268555330309,35.32272295500275,56.937710798232985,-4.230397528670288,0.22709059497111578,-0.001180224963910348,-0.0005163690245879593,-4.145881669288206,-0.021767269655667006,-0.005095265816316558,0.022355665098615286,-0.04157040707749258
616,5.109813300000042,155.54496376962126,250.72503358540615,35.32279836720394,56.93729705106287,-4.114573158077808,0.22709059497111578,-0.001104812762726226,-0.00010262185447373895,-4.145917056513889,-0.017336838349453335,0.014005193640538212,0.022287023418663333,0.4967759560656795
617,5.1255035999997745,155.54633997194634,250.72886963292382,35.323110889808746,56.93816818137599,-4.0914082839593116,0.22709059497111578,-0.0007922901579178188,-0.000973752167595876,-4.121800598802776,-0.004641091706669512,0.0017347766604803964,0.0049547131391700205,-1.4471841273931545
618,5.129102899999907,155.547393556219,250.72752838235203,35.323350148888075,56.93786359598564,-4.0867753091356125,0.22709059497111578,-0.0005530310785886172,-0.0006691667772429355,-4.142948986948053,-0.06011891968438191,0.080611907141556,0.10056124540306773,-2.1865530948431795
619,5.1418689000001905,155.5486983646407,250.73103828455285,35.32364645860888,56.938660661764715,-4.085848714170872,0.22709059497111578,-0.00025672135778620486,-0.001466232556317948,-4.171302199733361,-0.06043944332671299,0.0812791881280939,0.10128787060850392,-3.3564993838195116
620,5.1447432999998455,155.54342840585744,250.72594194418508,35.32244970053332,56.93750333079842,-4.336139469396675,0.22709059497111578,-0.0014534794333442846,-0.00030890159002439077,-4.176972842290422,-0.0429003735274594,0.04216531997342235,0.060152774310555525,-2.764750096684798
621,5.1572369000000435,155.5436787567378,250.72390110494274,35.322506552863686,56.93703987540064,-4.2563392220043355,0.22709059497111578,-0.001396627102977277,0.00015455380775364347,-4.228202185645585,-0.0505517106742949,0.044493262824093466,0.06734334331492221,-3.108362294890508
622,5.160387699999774,155.5451718559325,250.7273848831693,35.32284562164816,56.937831008670855,-4.1197614967446174,0.22709059497111578,-0.0010575583185001847,-0.0006365794624585419,-4.238448054316619,-0.03917095656345079,0.10306219757918296,0.11025506976074295,-1.8261621572967632
623,5.173154600000089,155.54675820446164,250.72197302132943,35.323205866479476,56.93660202574574,-4.342922025911424,0.22709059497111578,-0.0006973134871870457,0.0005924034626545449,-4.2145255483633255,0.046769435048838126,0.03302430506011196,0.05725368791170421,0.06005869582265477
624,5.176225100000011,155.54784143710174,250.71885766573274,35.323451858424214,56.93589455778974,-4.137078057526034,0.22709059497111578,-0.00045132154244953426,0.001299871418659393,-4.209741047172666,0.035680114497833884,0.028538616562326438,0.045689421159279625,0.7111987174731164
625,5.194067399999767,155.54889044350395,250.71473715202887,35.32369007791222,56.93495882788114,-4.216526939630207,0.22709059497111578,-0.00021310205444535768,0.0022356013272570863,-4.232907682090785,0.0013409363357492678,0.07703105568964937,0.07704272613893147,1.831484938237574
626,5.20275219999985,155.5469439853877,250.7141762313666,35.323248055580514,56.93483144807421,-4.232416716051041,0.22709059497111578,-0.0006551243861494527,0.0023629811341834284,-4.187445794230658,0.0027505317789093065,-0.005739000502451089,0.006364082953098886,1.662084050877635
627,5.21141149999994,155.5445004311614,250.71450520896468,35.322693147397416,56.934906155792696,-4.235594671335209,0.22709059497111578,-0.0012100325692472325,0.0022882734157008144,-4.1783534166586325,-0.002512762529346471,-0.0970188984453935,0.09705143291619381,3.1954357877309993
628,5.219268800000009,155.5457205972923,250.72549367284665,35.32297023565005,56.93740153259347,-4.1156125866107915,0.22709059497111578,-0.0009329443166166129,-0.0002071033850725712,-4.152411405987976,0.0027564797458749686,-0.09675246188894268,0.09679172000827718,1.7224855807680608
629,5.225628700000016,155.5472272684637,250.73182278954954,35.323312386502785,56.93883881547117,-4.091616169665908,0.22709059497111578,-0.0005907934638784695,-0.0016443862627752992,-4.147223003853846,-0.0003997339528279166,-0.07102887252235625,0.07102999731824701,2.846509237494666
630,5.231318600000122,155.5482219172136,250.7304753812253,35.323538261879186,56.93853283171315,-4.086816886276932,0.22709059497111578,-0.00036491808747740606,-0.0013384025047500359,-4.12206178827077,0.021521861718363074,-0.1032926084564163,0.1055109164662826,0.8741170592942228
631,5.238617800000156,155.5460787642155,250.72586988290396,35.32305157198974,56.93748696635922,-4.206474705380387,0.22709059497111578,-0.0008516079769265161,-0.0002925371508197827,-4.141153080310404,0.009449936914276195,-0.03831041009721492,0.03945869776741988,0.2377698170803808
632,5.242110400000001,155.54677893788005,250.7284836145248,35.3232105748438,56.93808052022809,-4.109788593419827,0.22709059497111578,-0.0006926051228646202,-0.0008860910196943905,-4.144971338718332,0.0049500486464975945,-0.015897224856036524,0.016650067258905537,-1.2515530170985933
633,5.25875330000008,155.54493982113993,250.72794686188314,35.322792928729065,56.937958628751346,-4.211069046808966,0.22709059497111578,-0.0011102512375984475,-0.0007641995429494841,-4.145734990399919,0.003191278716601756,-0.012556028300812068,0.012955234715659495,0.8567918384922684
634,5.265215299999909,155.54583044478693,250.7311886808028,35.32299518098296,56.9386948153386,-4.110707461705543,0.22709059497111578,-0.000907998983706193,-0.0015003861302034238,-4.121764185579986,0.026258353355370776,-0.0058508983940836826,0.02690230720502245,1.4410056631674564
635,5.27248580000014,155.54681985484908,250.72893211893117,35.323219866702644,56.93818237136058,-4.090635144684859,0.22709059497111578,-0.0006833132640196027,-0.0009879421521858944,-4.116970024615997,0.02299327322012924,0.015099650656689573,0.02750799998781406,3.422527193804143
636,5.276738000000023,155.54773096468884,250.72562139643202,35.323426771178234,56.937430537418464,-4.0866206812807215,0.22709059497111578,-0.00047640878842969414,-0.0002361082100676981,-4.091887657266952,0.03637992664091532,0.03824079766959561,0.052781224586071596,2.3617747431920626
637,5.286252500000046,155.5489543781351,250.72835282835604,35.323704596865646,56.93805081991921,-4.085817788599894,0.22709059497111578,-0.00019858310101739107,-0.0008563907108154467,-4.086871183797143,0.0360622257116899,0.023315097561461967,0.04294272811060515,2.225156637564624
638,5.29027300000007,155.54969510698496,250.72617466338784,35.32387280942087,56.937556179140635,-4.085657210063729,0.22709059497111578,-3.037054579380083e-05,-0.00036174993223880847,-4.085867889103181,0.03998814181790782,-0.037942960206247635,0.055124583583570044,0.2651882609113789
639,5.300960600000053,155.55109336292787,250.73504860969462,35.32419034019487,56.93957136888719,-4.085625094356496,0.22709059497111578,0.0002871602282041863,-0.0023769396787898245,-4.085667230164388,0.03294209333260775,-0.08438560806691438,0.09058759496728636,-1.7789679439352755
640,5.305257200000142,155.55204946377884,250.73951013826348,35.32440746170597,56.94058454006437,-4.085618671215049,0.22709059497111578,0.0005042817393032806,-0.0033901108559746262,-4.109750633532881,0.0027420977853154574,-0.050057561258076845,0.050132609540800364,-1.9940663994572816
641,5.317428199999995,155.55276914084706,250.74247946327682,35.32457089359958,56.94125884584831,-4.08561738658676,0.22709059497111578,0.0006677136329145128,-0.004064416639913304,-4.11456731420658,-0.003708916822230072,-0.10381054166858224,0.1038767761605965,-2.0677271662589867
642,5.322192300000097,155.55021392217466,250.74024633066296,35.323990627470984,56.94075172243438,-4.206234805442352,0.22709059497111578,8.744750432043702e-05,-0.003557293225981084,-4.115530650341318,-0.009016948741259438,-0.05655776338795221,0.05727203474689971,-0.20507036421379166
643,5.333359400000063,155.55068519441085,250.7474128094724,35.32409764896349,56.94237916237106,-4.109740613432221,0.22709059497111578,0.00019446899682407093,-0.0051847331626646564,-4.115723317568266,-0.013950534615269242,-0.01225154577746752,0.018566577228698013,-0.0739254816913031
644,5.349997599999824,155.55091745338785,250.74391725876458,35.32415039279277,56.94158535568108,-4.090441775030194,0.22709059497111578,0.00024721282610329354,-0.00439092647268069,-4.115761851013654,-0.016006142219189584,0.020473176914795485,0.025987450081249565,1.59122890090454
645,5.355028800000127,155.551490502263,250.7442335566345,35.32428052680277,56.94165718395254,-4.086582007349789,0.22709059497111578,0.0003773468361032428,-0.00446275474414648,-4.091646022546482,0.018098146533950997,-0.07089151030405408,0.07316521811048039,1.75264175071561
646,5.365357099999983,155.55163376448178,250.73931156298676,35.32431306030527,56.940539445486635,-4.085810053813708,0.22709059497111578,0.0004098803386085592,-0.0033450162782386883,-4.086822856853046,0.01972794008738499,-0.0726818124288928,0.07531160254595706,1.8325962587570641
647,5.369417899999917,155.55250499873762,250.74557694470178,35.32451090941079,56.94196225474802,-4.0856556631064915,0.22709059497111578,0.0006077294441269032,-0.004767825539623516,-4.085858223714359,0.026861936714222746,-0.15379079633444742,0.15611909774663185,0.24025940694051207
648,5.381293800000094,155.553432340993,250.75366642245473,35.3247215001153,56.94379929906394,-4.085624784965049,0.22709059497111578,0.000818320148638918,-0.006604869855543427,-4.085665297086622,0.024406345200866007,-0.1766767009795789,0.17835449631307693,0.08725778912507241
649,5.386128699999972,155.5542592693303,250.76128495278164,35.32490928776342,56.945529395648684,-4.08561860933676,0.22709059497111578,0.0010061077967549181,-0.008334966440287417,-4.085626711761075,0.030697176422891312,-0.2650433435910761,0.2668150869465131,0.00829551007925886
650,5.397808400000031,155.55495809736186,250.76790455118368,35.32506798503689,56.947032644188276,-4.085617374211102,0.22709059497111578,0.0011648050702248725,-0.009838214979879467,-4.085618994695967,0.019553251703780954,-0.16867622118103223,0.16980576328294608,0.00301671629815991
651,5.401583500000015,155.55553334758264,250.77345044199512,35.32519861895178,56.94829206383229,-4.08561712718597,0.22709059497111578,0.0012954389851174142,-0.011097634623894237,-4.0856174512829435,0.010279294162068759,-0.04652958969799309,0.04765151210542983,0.00036456797537260993
652,5.414371200000005,155.5551392878234,250.766047852198,35.3251091316866,56.946611005310935,-4.085617077780944,0.22709059497111578,0.0012059517199389802,-0.009416576102537988,-4.08561714260034,0.0017191331270579738,0.03898623682749388,0.0390241217797145,0.00014855641953813835
653,5.419236199999887,155.55452578875273,250.75627789322527,35.32496981181763,56.94439233951498,-4.085617067899939,0.22709059497111578,0.0010666318509677808,-0.007197910306580013,-4.085617080863819,-0.001956844496379034,0.08098569337893216,0.081009331391201,1.2636772624483869e-05
654,5.430654499999946,155.55432663761786,250.752771102945,35.32492458646792,56.94359598042379,-4.085617065923738,0.22709059497111578,0.0010214065012590368,-0.0064015512153901,-4.085617068516514,-0.007431659294535778,0.12760667596246758,0.12782289822273732,4.752769809984828e-06
655,5.435725100000127,155.55421962937515,250.75095598984757,35.32490028590242,56.94318378531055,-4.085617065528497,0.22709059497111578,0.0009971059357596346,-0.005989356102155341,-4.0856170660470505,-0.006310866166296077,0.10400232913815595,0.10419362503498102,-1.5661307431314555
656,5.446387299999969,155.554559088252,250.75567494106542,35.32497737382073,56.94425541475025,-4.0856170654494495,0.22709059497111578,0.0010741938540661522,-0.0070609855418553025,-4.135712280396909,0.04900676388386549,0.08832903490834298,0.10101327296057788,-5.72487711462667
657,5.4512055999998665,155.55452951205325,250.75538983511987,35.32497065734416,56.944190669871446,-4.08561706543364,0.22709059497111578,0.001067477377496573,-0.006996240663049491,-4.19582653811063,0.2018373235124134,0.15672553716206933,0.25554099311342166,-7.580954127413558
658,5.462361400000191,155.56671007576722,250.73683635038154,35.32773674880505,56.93997734798344,-4.336093139649228,0.22709059497111578,0.003833568838388146,-0.0027829187750398887,-4.257944604497125,0.25446696020757653,0.15809532621032954,0.2995789812500784,-10.776855989713535
659,5.46673759999976,155.58135952577774,250.72890208075944,35.331063501123936,56.93817554997429,-4.3861883544923455,0.22709059497111578,0.007160321157272165,-0.0009811207658927401,-4.320463432618174,0.36416749269022963,0.27328157344726434,0.4553029553144818,-8.359771719846437
660,5.478718299999855,155.59498969223546,250.72425203996525,35.334158783734374,56.937119569443695,-4.3962073974609694,0.22709059497111578,0.010255603767710397,7.485976470178457e-05,-4.383062413086135,0.40256123840185365,0.30983465857353787,0.5079892383870104,-7.404425544606972
661,5.483351500000026,155.60632798946511,250.71455223728623,35.33673360439822,56.93491683548221,-4.398211206054694,0.22709059497111578,0.012830424431555798,0.0022775937261840795,-4.395582209179729,0.43530903996394776,0.2545354268665653,0.5042640615832924,-2.71706168395563
662,5.494529499999771,155.61570858428036,250.70489462060084,35.33886384925599,56.932723681563125,-4.398611967773439,0.22709059497111578,0.014960669289330042,0.0044707476452714445,-4.3980861683984465,0.31203918335759884,0.17133707641325313,0.3559843335096618,-1.0125443353351997
663,5.499023599999873,155.62385588752517,250.7028922037342,35.34071402519727,56.9322689515255,-4.398692120117188,0.22709059497111578,0.016810845230608606,0.004925477682895973,-4.398586960242189,0.3733102099004856,0.14924295041612937,0.4020372757156429,-0.11498881542331604
664,5.50953840000011,155.63051612642232,250.70308968911715,35.34222650281107,56.932313798598614,-4.398708150585938,0.22709059497111578,0.018323322844409518,0.004880630609783054,-4.398687118610937,0.30214641438429385,0.05153816643676281,0.30651042123384464,-0.041742716908337696
665,5.514230199999929,155.64218332237706,250.70355104776758,35.34487601328208,56.932418568809034,-4.398711356679688,0.22709059497111578,0.020972833315418882,0.004775860399362841,-4.398707150284688,0.294118698636259,-0.0017133174590315877,0.29412368885249957,0.6763138008209945
666,5.526942399999825,155.65337419973488,250.70428436838722,35.347417356279514,56.932585099024855,-4.398711997898438,0.22709059497111578,0.02351417631285102,0.00460933018354126,-4.3727394769319385,0.20713625520271017,0.014131989691599345,0.20761777706170959,1.0527566469916245
667,5.53158029999986,155.65644657727748,250.70571510454798,35.34811506432364,56.93291000575085,-4.398712126142188,0.22709059497111578,0.02421188435697985,0.004284423457548314,-4.36754594226139,0.17006483659407506,0.011462542832744546,0.17045069238334573,1.0848472779362164
668,5.542870299999777,155.65529206424125,250.6967458537737,35.347852885271344,56.930873173256074,-4.268853753353438,0.22709059497111578,0.023949705304680435,0.006321255952322247,-4.366507235327281,0.05304205012426762,0.00632018878959213,0.05341726188903176,0.4190424086756349
669,5.547454000000016,155.65445411957595,250.69710134991803,35.34766259591874,56.930953903086994,-4.372740477233188,0.22709059497111578,0.0237594159520782,0.006240526121402468,-4.366299493940461,-0.03499233365092302,0.03685650965061261,0.050821901951454154,1.4081608442098386
670,5.559720899999775,155.65335199424945,250.69969648005764,35.34741231362262,56.93154323273443,-4.393517822009138,0.22709059497111578,0.023509133655956305,0.005651196473969833,-4.316162730819345,-0.24108614828421188,-0.010601846990183572,0.24131914564352383,2.168127511830994
671,5.574118999999882,155.6381190349393,250.69084666640111,35.34395305182971,56.929533523285784,-4.3976732909643275,0.22709059497111578,0.02004987186304419,0.007660905922612926,-4.2820118430388705,-0.29834538568377045,-0.08154349265985215,0.3092883935002494,6.582012343181
672,5.578403299999991,155.62151630048288,250.6966450772448,35.34018272698385,56.93085028785416,-4.148028310536615,0.22709059497111578,0.01627954701718437,0.006344141354233557,-4.225086450639024,-0.5002573406327335,-0.17465113251155234,0.5298683090584891,7.0360654846225215
673,5.589685500000087,155.60613896281603,250.70530445778775,35.336690678224016,56.932816751733746,-4.098099314451073,0.22709059497111578,0.012787498257353036,0.004377677474650454,-4.163606157315305,-0.563535740686267,-0.19503814256494667,0.5963324643904641,11.17598876841799
674,5.593903500000124,155.5866162226376,250.71427853754264,35.33225724754142,56.9348546808446,-4.088113515233965,0.22709059497111578,0.008354067574757096,0.0023397483637950245,-4.1012148838068105,-0.7347309598891039,-0.2985769310215737,0.793081185729321,7.083162899315275
675,5.606276600000001,155.56826584154805,250.72245009703215,35.328090048581856,56.936710365150915,-4.086116355390543,0.22709059497111578,0.004186868615192907,0.00048406405748124826,-4.088736629105113,-0.6340667211155044,-0.285064211657927,0.6951994041958913,1.7770451171221087
676,5.610823299999993,155.54631755901983,250.7300204832424,35.323105800043926,56.93842952865957,-4.085716923421859,0.22709059497111578,-0.0007973799227372069,-0.0012350994511720614,-4.136336193008525,-0.7388314849148373,-0.16260297892643832,0.7565128497634493,-3.4205602609273096
677,5.622706199999811,155.52660548228425,250.74256752925788,35.31862937280993,56.94127884480435,-4.085637037028122,0.22709059497111578,-0.005273807156733312,-0.004084415595954738,-4.145856105789209,-0.5826825024743003,-0.09699464426886431,0.5907003129392743,-3.881992609949496
678,5.6277727000001505,155.5080132174949,250.73279535521488,35.314407244337055,56.93905967598676,-4.336097133968124,0.22709059497111578,-0.00949593562960871,-0.0018652467783653037,-4.147760088345345,-0.6260401109043976,-0.1167681586735149,0.6368367320916669,-1.0892221247894562
679,5.6394931999998335,155.49406110466668,250.74080076751466,35.31123885073379,56.940877629828904,-4.135713079137375,0.22709059497111578,-0.012664329232876526,-0.003683200620507421,-4.172264420012822,-0.4715402711553167,-0.03918141270502593,0.4731653098260598,-2.9233818084780623
680,5.6440975999998955,155.48283687040495,250.74584624900757,35.3086899326972,56.94202341122305,-4.095636268171225,0.22709059497111578,-0.015213247269464603,-0.004828982014650762,-4.201288821502565,-0.43795022287548513,0.031134228984656717,0.4390555066630598,-1.4299645814427469
681,5.654888399999891,155.46745375495476,250.74537956151948,35.3051965718571,56.94191743088371,-4.208238581759245,0.22709059497111578,-0.01870660810956082,-0.004723001675316141,-4.156998486956764,-0.26229574517039256,-0.06254468121476921,0.2696495783099774,-0.1588268809769552
682,5.660030399999869,155.46272678102383,250.7428481862783,35.30412312053472,56.9413425793741,-4.23075904447685,0.22709059497111578,-0.019780059431944608,-0.004148150165704578,-4.1481404200476035,-0.10917379760166962,-0.04786410828973649,0.1192052471376237,1.9948077733108132
683,5.671294400000079,155.46495537689657,250.74435538763402,35.30462921369741,56.94168485062671,-4.11464546123912,0.22709059497111578,-0.01927396626925315,-0.004490421418310575,-4.14636880666577,0.04968500435036602,-0.02761365406783838,0.05684288476383071,-1.1882078324999652
684,5.675999499999762,155.47521711570852,250.74604825852958,35.30695955806965,56.94206928568559,-4.091422744591574,0.22709059497111578,-0.016943621897013372,-0.0048748564771941005,-4.171986163676902,0.3594224224173896,-0.005058908467771527,0.359458022989152,-2.6722749682930638
685,5.687391699999807,155.48729259069472,250.75345237224957,35.30970178486883,56.9437506902755,-4.086778201262065,0.22709059497111578,-0.014201395097835245,-0.006556261067103719,-4.203081314766631,0.5040745968542929,-0.008727748688949526,0.5041501490538264,-3.1790006028257536
686,5.691954800000076,155.51190646066198,250.75098897807214,35.315291363244235,56.943191276626095,-4.336325366814913,0.22709059497111578,-0.0086118167224285,-0.005996847417698348,-4.209300344984575,0.7046385537249289,0.00980516655252937,0.7047067707115366,-2.8994168505985667
687,5.703101300000071,155.53716011736276,250.7464020296743,35.32102623116961,56.942149623785326,-4.386234799925483,0.22709059497111578,-0.002876948797052137,-0.0049551945769295,-4.260639365871913,0.6832845214194009,0.06780638388643831,0.6866406941822591,-6.286919598101335
688,5.707783500000005,155.55876283817858,250.74511796347326,35.32593200589267,56.94185802442775,-4.145740612328847,0.22709059497111578,0.002028825926004174,-0.004663595219355443,-4.321002384893131,0.8098803258570495,0.14846563277617097,0.8233760904507427,-6.188609510777117
689,5.719087800000125,155.57810242219114,250.73474903432535,35.330323843532575,56.93950333813834,-4.34811784902827,0.22709059497111578,0.006420663565911866,-0.002308908929940401,-4.333074988697376,0.6217226867048531,0.1367985517622294,0.6365948027809717,-4.834742086770341
690,5.723524300000008,155.59517105232513,250.72975354276102,35.33419996890505,56.938368908986824,-4.388593296368154,0.22709059497111578,0.010296788938383372,-0.0011744797784274397,-4.335489509458222,0.6124131682546932,0.13773307663617912,0.6277103544242509,-1.9994423033853088
691,5.735055699999975,155.60960056337424,250.7264905097137,35.33747677515433,56.937627904870695,-4.396688385836131,0.22709059497111578,0.013573595187665433,-0.00043347566229812173,-4.3860676284541436,0.44725153741090934,0.13448142041531408,0.4670323223860876,-0.7250288015115665
692,5.740810499999952,155.62145913132207,250.72400391404952,35.34016974440511,56.937063222381866,-4.398307403729726,0.22709059497111578,0.016266564438446096,0.00013120682653067206,-4.370211572565827,0.43197368078197906,0.15220472473634444,0.45800386365225954,-0.43498965320937666
693,5.7505418000000645,155.63096979381686,250.72203186230144,35.34232952640962,56.93661538797708,-4.398631207308446,0.22709059497111578,0.01842634644295771,0.0005790412313189108,-4.367040361388166,0.27668692280713647,0.13310989251342525,0.30704054575482037,1.0734043632015489
694,5.755102699999952,155.63723845065147,250.71606857348553,35.34375307941986,56.93526118117189,-4.268837569586689,0.22709059497111578,0.019849899453198816,0.0019332480365079618,-4.366406119152633,0.14710380573189208,0.17280373175953573,0.22693756712106486,1.602021711261863
695,5.766671599999881,155.642193066032,250.70790584576395,35.344878225974476,56.93340750247701,-4.372737240479838,0.22709059497111578,0.020975046007812637,0.003786926731386586,-4.316184055861779,-0.004491830928231799,0.16135978676891613,0.1614222950251851,3.5633933299243794
696,5.772471299999779,155.632903155424,250.70119597438043,35.34276857464728,56.93188375379235,-4.393517174658468,0.22709059497111578,0.018865394680616987,0.005310675416048127,-4.280167963516107,-0.18251457947008934,0.14090920684964883,0.2305796528190219,4.587194718039582
697,5.782228999999916,155.62044121243997,250.69943839789198,35.33993858460054,56.93148462470188,-4.147197087275444,0.22709059497111578,0.016035404633875316,0.005709804506516036,-4.248841209890725,-0.3135532749686829,0.053987747768261846,0.31816714656399697,6.815418013587292
698,5.787340700000186,155.60540098304165,250.7007041734476,35.33652308995797,56.93177207042591,-4.218550745580089,0.22709059497111578,0.01261990999130802,0.005422358782489312,-4.192480644321898,-0.37904726664941735,6.96141233008235e-05,0.3790472730419263,6.537821542637891
699,5.798753200000192,155.58815978555532,250.7076238583033,35.33260777616279,56.933343465776794,-4.112203801459768,0.22709059497111578,0.00870459619612518,0.0038509634316028496,-4.131113316364382,-0.4078546121087254,-0.06067683080856971,0.4123433792548762,5.2192671183537
700,5.814655099999982,155.57203918344936,250.71528181906803,35.328946939039255,56.93508251664313,-4.090934412635704,0.22709059497111578,0.0050437590725920245,0.002111912565268881,-4.142963385929128,-0.45820352478800275,-0.03200789249533424,0.4593201229100928,2.6516089726149175
701,5.821201799999926,155.55740035982717,250.71646388738418,35.32562259987321,56.93535095324034,-4.086680534870891,0.22709059497111578,0.0017194199065500015,0.0018434759680587831,-4.121209864685826,-0.47117105480196264,-0.061679013013818326,0.4751909758502921,1.0133145228200835
702,5.830612400000064,155.53494945519117,250.708828648848,35.32052421058178,56.93361706237841,-4.206447435099179,0.22709059497111578,-0.003378969384883135,0.0035773668299867722,-4.116859160437165,-0.46432757775710387,-0.06569465562899449,0.4689519029111531,1.315413441689008
703,5.836013699999967,155.517514982206,250.7136947415577,35.316565005738575,56.93472210626704,-4.109783139363586,0.22709059497111578,-0.00733817422808869,0.0024723229413581294,-4.115989019587434,-0.46439268202211204,-0.09933119056612698,0.4748970925737224,-1.392370527915983
704,5.846412800000053,155.50337166547337,250.72091941292848,35.31335319152689,56.9363627611871,-4.0904502802164675,0.22709059497111578,-0.010549988439770175,0.0008316680212985261,-4.165910206261237,-0.40300218253127895,-0.07660435592876955,0.4102182181135254,-2.1615805619198656
705,5.85182339999983,155.49787889659297,250.72753209932586,35.312105835373806,56.93786444007544,-4.086583708387043,0.22709059497111578,-0.011797344592856973,-0.000670010867040105,-4.175894443595998,-0.3396175442435845,-0.058611661471997666,0.3446380756947078,-2.27801006428639
706,5.862434199999825,155.48849484011504,250.72413842644278,35.30997480440499,56.93709376888128,-4.3362864682399085,0.22709059497111578,-0.01392837556167592,0.00010066032711364414,-4.177891291062951,-0.17009598440649637,0.019998576755351723,0.1712675888294535,-3.66193540965023
707,5.8680746,155.48291014801703,250.71732763639585,35.308706573353724,56.935547102517305,-4.256368621772982,0.22709059497111578,-0.015196606612938979,0.0016473266910921325,-4.228385875400092,-0.08793945374585245,0.10560982618629394,0.13742919235816725,-4.961915171255708
708,5.878551799999968,155.4881973246019,250.7086325987962,35.3099072414301,56.93357254125551,-4.119767376698347,0.22709059497111578,-0.013995938536560004,0.0036218879528888692,-4.28858000711127,-0.008924800111839146,0.18036676900809517,0.18058743981643863,-5.761589960564294
709,5.883205000000089,155.49028587289854,250.70309427640802,35.310381531105406,56.93231484032923,-4.3429232019021695,0.22709059497111578,-0.013521648861257063,0.004879588879170171,-4.300618833453507,0.18400286561767773,0.20987542346128835,0.27911422021920035,-2.125251237967482
710,5.894303099999888,155.49832677828323,250.6983909091899,35.31220754509332,56.931246749869295,-4.387554366942934,0.22709059497111578,-0.011695634873341021,0.005947679339101342,-4.278903063565704,0.26344774012611233,0.15311467494566558,0.30471103600177074,-1.654518534066393
711,5.8988681000000724,155.51368081566454,250.69396494531506,35.315694302577455,56.93024165509964,-4.396480599951087,0.22709059497111578,-0.008208877389208169,0.006952774108754056,-4.298683444744394,0.4336409873274341,0.09503760081768488,0.4439331610270779,-0.9044786201320185
712,5.910603899999842,155.5225890576759,250.6944606271979,35.31771728055596,56.93035421979333,-4.147789772333968,0.22709059497111578,-0.006185899410702689,0.006840209415067022,-4.30263952098013,0.49396072904540833,0.05202514867658732,0.49669288089713176,-1.6142337326545912
713,5.915189199999986,155.54208525270022,250.6965185991823,35.32214468308371,56.9308215658757,-4.218669282591794,0.22709059497111578,-0.001758496882956706,0.006372863332693157,-4.303430736227275,0.576041926128059,0.061498205730367635,0.579315397659495,-0.1744950133786127
714,5.926626599999963,155.56240882538208,250.6937371937409,35.32675997529597,56.93018993485916,-4.362703583080859,0.22709059497111578,0.0028567953293077153,0.00700449434923911,-4.303588979276705,0.4854722703819848,0.0303555566133794,0.4864203790212197,-3.6165461721042185
715,5.931327499999952,155.5743103972635,250.69076446811295,35.32946271033561,56.929514856827616,-4.391510443178672,0.22709059497111578,0.005559530368948629,0.007679572380780542,-4.353715842730341,0.581449148039195,-0.0018645196769203967,0.5814521374877999,-4.65749703404898
716,5.94225090000009,155.58926775434517,250.68766380379583,35.33285938545448,56.92881072512304,-4.397271815198234,0.22709059497111578,0.008956205487820057,0.008383704085353827,-4.389712895108568,0.40978119929065143,0.022231970219351936,0.4103838347107726,-5.135986028360436
717,5.947218400000111,155.60353565806872,250.69139760988452,35.336099492200056,56.92965863736923,-4.398424089602147,0.22709059497111578,0.012196312233392348,0.007535791839167416,-4.396912305584214,0.35140565302268956,0.028489740747360253,0.35255864519843316,-1.624184649522396
718,5.958481199999824,155.60885358004452,250.69047711853557,35.33730714226555,56.92944960244113,-4.3986545444829295,0.22709059497111578,0.013403962298887961,0.007744826767265067,-4.398352187679345,0.2142416719118305,0.004559738041868466,0.21429018921683485,-0.546317365270273
719,5.963140599999861,155.6111443642494,250.68870204330577,35.33782735781359,56.92904649955108,-4.398700635459086,0.22709059497111578,0.013924177846924124,0.008147929657319253,-4.398640164098369,0.08570219703055189,-0.00029830452280656117,0.08570271618479698,0.6967317699711788
720,5.974507200000062,155.6055944711893,250.68750296443972,35.336567029296546,56.92877420001796,-4.398709853654317,0.22709059497111578,0.012663849329882737,0.008420229190434725,-4.372726079694673,-0.08594409856334027,0.02763827073699178,0.09027880198139762,4.477328883921901
721,5.979436600000099,155.59839339929147,250.68663099013338,35.334931733594836,56.92857618285394,-4.398711697293364,0.22709059497111578,0.011028553628172233,0.008618246354458847,-4.317448047970183,-0.1769053974181627,-0.07022769604741468,0.19033509641631033,6.2609744964545335
722,5.990998199999922,155.58790706564318,250.6882097189689,35.332550385847576,56.92893469732449,-4.268853667583673,0.22709059497111578,0.008647205880912168,0.008259731883903498,-4.256297226781535,-0.2504786217804046,-0.1083419735886336,0.2729057038797305,9.98925780023658
723,5.995626999999786,155.58082228643033,250.69780545098246,35.3309414991209,56.931113797816636,-4.122264385860484,0.22709059497111578,0.007038319154233363,0.00608063139176096,-4.193971847700054,-0.3462257540398847,-0.14617299772376605,0.3758175328853603,8.185766757252747
724,6.00640680000015,155.56865985627556,250.70274497236477,35.328179525620754,56.93223551666622,-4.092946529515847,0.22709059497111578,0.004276345654091074,0.00495891254217895,-4.131411557040007,-0.32229065953740915,-0.16453126470439444,0.3618588209375111,9.037235349979921
725,6.011077600000135,155.55653263985013,250.70614278605996,35.32542554882736,56.93300712819986,-4.08708295824692,0.22709059497111578,0.001522368860698009,0.004187301008535371,-4.094775963751749,-0.2901964754421086,-0.16291223766937632,0.33279782382321205,4.068052179586328
726,6.022718700000041,155.54566163286293,250.70878896189583,35.3229568453827,56.93360804984483,-4.085910243993134,0.22709059497111578,-0.0009463345839648696,0.003586379363568426,-4.111572380250347,-0.3391627369606787,-0.03492731065665559,0.34095641828885564,2.067213625311433
727,6.039596000000074,155.5422801237919,250.71049191820833,35.32218893647586,56.93399477520705,-4.085675701142377,0.22709059497111578,-0.001714243490802403,0.0031996540013494723,-4.1149316635500695,-0.3192771446666528,-0.017470007738759404,0.3197547439474246,-0.6029777920958305
728,6.043618199999855,155.53178737713938,250.7074958738392,35.319806132395655,56.9333144017087,-4.206246468353475,0.22709059497111578,-0.004097047571008261,0.0038800274996972917,-4.115603520210014,-0.26625337908460894,0.06264117110322341,0.273522902498412,-0.12618208974289977
729,6.054395799999838,155.52434622782977,250.7082918151395,35.31811631737167,56.93349515249214,-4.109742946014445,0.22709059497111578,-0.005786862594995057,0.0036992767162544737,-4.115737891542004,-0.2387149394470976,0.04872854208611227,0.24363762666934163,-1.9262302809891885
730,6.058708999999908,155.51818296198672,250.70382161101145,35.316716697664404,56.93248001117706,-4.090442241546639,0.22709059497111578,-0.007186482302259378,0.004714418031333878,-4.139888300964652,-0.23705345630821445,0.11137399963981781,0.2619131706185099,-1.3573565136713632
731,6.071240599999783,155.51407866896346,250.7105089305849,35.31578465131982,56.93399863855776,-4.086582100653078,0.22709059497111578,-0.008118528646846812,0.0031957906506363543,-4.1205948476929315,-0.101120743919354,0.05347077181107497,0.1143876229706502,-2.8717466296670837
732,6.075688899999932,155.5133501420944,250.70482220945286,35.31561920971967,56.93270723767245,-4.206427748255615,0.22709059497111578,-0.008283970246992567,0.00448719153594368,-4.140859692194836,-0.04809675839684567,0.05441067147352175,0.07262106676773661,-1.128574022255564
733,6.086652699999831,155.51756254162711,250.7106331951855,35.31657580603581,56.93402685787984,-4.109779201994873,0.22709059497111578,-0.00732737393085614,0.00316757132855372,-4.1449126610952165,0.03262115527811397,0.0056235105712677345,0.033102320807218075,-1.7117156653104417
734,6.09051559999989,155.51940528384426,250.71083853561277,35.31699427546228,56.934073488759644,-4.211067168523975,0.22709059497111578,-0.006908904504385305,0.0031209404487526626,-4.145723254875294,0.08965550189410698,0.026037033912410884,0.0933597137679859,-0.9034526903644302
735,6.102780100000018,155.5236768519669,250.71130185802429,35.31796430840871,56.93417870492174,-4.110707086048545,0.22709059497111578,-0.005938871557951586,0.003015724286655086,-4.17185705331881,0.11616106968519031,-0.01786428606374129,0.11752670686688546,-4.535429434629999
736,6.1076908,155.52823519199563,250.71171523501388,35.31899946455792,56.93427257894825,-4.090635069553459,0.22709059497111578,-0.004903715408744347,0.002921850260143799,-4.227179027851263,0.14774497509687562,0.052334950913442806,0.1567403099189512,-5.579352777626284
737,6.118774099999882,155.53288811318447,250.70825946671246,35.32005609919904,56.933487806468605,-4.337096740473192,0.22709059497111578,-0.0038470807676205254,0.0037066227397914986,-4.264215102445254,0.16442388257797128,0.0706848625818611,0.1789736376124458,-12.067786902183576
738,6.122734799999762,155.53716413645043,250.70423695530116,35.321027143866615,56.93257433195893,-4.386389074657139,0.22709059497111578,-0.0028760361000479406,0.00462009724946455,-4.349750979473429,0.26160870727915186,0.21049284289530065,0.33577723662335224,-9.448729507426286
739,6.134831500000018,155.5473769716126,250.69999264946983,35.32334638267994,56.93161049002246,-4.396247541493928,0.22709059497111578,-0.0005567972867268622,0.005583939185939357,-4.3909816900353125,0.25608728420685895,0.23745032401461458,0.3492325206894255,-8.992934388809301
740,6.139008399999966,155.557769383284,250.68729293165455,35.32570640162958,56.92872650354782,-4.538386471189411,0.22709059497111578,0.0018032216629180198,0.008467925660575304,-4.3992278321476865,0.3123275247580314,0.18498505660528716,0.3629985590725396,-1.8449362002648202
741,6.149847399999999,155.5665129634968,250.6817719633824,35.327691986462284,56.92747274357808,-4.296788622362882,0.22709059497111578,0.0037888064956206335,0.009721685630317722,-4.400877060570162,0.290352730405542,0.16703383731486932,0.33497016413717146,0.9646817725089575
742,6.154954900000121,155.57498166494645,250.6860794349374,35.32961514891312,56.928450929856325,-4.3783274510350765,0.22709059497111578,0.005711968946457091,0.008743499352071638,-4.375235226567155,0.3031937241701377,0.11937854556896663,0.32584915454596375,2.6596338809109326
743,6.165615699999762,155.58133315427372,250.67946587313864,35.3310575124034,56.92694905217257,-4.394635216769515,0.22709059497111578,0.007154332436734023,0.010245377035829506,-4.342073412500931,0.18233577958370634,-0.02139597354978965,0.18358683013915034,1.3325258894270684
744,6.170294399999875,155.58660602416413,250.6827334421616,35.332254931564016,56.9276910863661,-4.268038371478903,0.22709059497111578,0.008351751597352575,0.009503342842293705,-4.3614127293751865,0.1159670231012829,-0.045901827747830165,0.12472100158980826,-0.4511417500514161
745,6.181994800000211,155.58458256683204,250.6834244494076,35.33179542343458,56.927848007612724,-4.372577400858281,0.22709059497111578,0.007892243467914284,0.009346421595672894,-4.365280592750038,0.025019400008567862,-0.008167423676887779,0.026318761108884144,-1.53309635049563
746,6.187715099999878,155.58083802452052,250.68359720121907,35.330945073093154,56.927887237924374,-4.393485206734157,0.22709059497111578,0.007041893126491061,0.00930719128402302,-4.366054165425009,-0.038626035600054134,-0.0383141949748319,0.054405405639017926,-0.90228632921125
747,6.199373200000082,155.57682342824927,250.68374338599813,35.33003339603735,56.927920435112824,-4.397666767909332,0.22709059497111578,0.006130216070687311,0.009273994095572391,-4.392180559647504,-0.1348402680974765,-0.010025332490492839,0.13521244466447707,2.3254319822385465
748,6.204170800000156,155.57295875623225,250.68395159356984,35.32915576536964,56.92796771709416,-4.3985030801443665,0.22709059497111578,0.005252585402978127,0.009226712114234203,-4.347310623648252,-0.21924288314835882,-0.04806663986651215,0.2244500917336901,4.323449376789038
749,6.214252899999792,155.56296319980027,250.6847131791542,35.326885868512434,56.92814066601763,-4.398670342591373,0.22709059497111578,0.002982688545770884,0.009053763190763675,-4.288241421604653,-0.23007422020533602,-0.06834778932167627,0.2400115978619652,9.116254483140784
750,6.219353599999977,155.5526022196278,250.68928666270847,35.324532987360584,56.92917926111907,-4.148227720862025,0.22709059497111578,0.0006298073939206006,0.00801516808932945,-4.2263323663521835,-0.2763072497124683,-0.10283654422390259,0.29482376273221766,7.979880283645413
751,6.22986549999996,155.54321418405735,250.69429813662438,35.32240105277728,56.930317319712316,-4.098139196516155,0.22709059497111578,-0.001502127189382918,0.006877109496080891,-4.163855340457938,-0.2684054327471967,-0.11760314306859666,0.29303920486484863,9.514718649656327
752,6.235847399999784,155.5350650206237,250.69891556809165,35.32055045440462,56.93136589497145,-4.088121491646981,0.22709059497111578,-0.0033527255620455776,0.0058285342369472914,-4.101264720435338,-0.24089662701345274,-0.1246529469448366,0.2712370588405847,5.850805296317468
753,6.246774300000197,155.52816399075164,250.7029423929995,35.318983295425056,56.932280349035615,-4.086117950673146,0.22709059497111578,-0.004919884541607189,0.00491408017278161,-4.088746596430816,-0.20163581542803516,-0.11640321337895464,0.23282334536784557,3.92593897749365
754,6.261601100000007,155.5224447452465,250.70636380259558,35.317684508560504,56.93305731897643,-4.085717242478379,0.22709059497111578,-0.006218671406159615,0.004137110231965835,-4.086242971629913,-0.17271833077056545,-0.12453919983721688,0.2129357510618278,0.4800839158082667
755,6.265582399999857,155.5177991440753,250.70921042696725,35.316629536226536,56.933703760598654,-4.085637100839426,0.22709059497111578,-0.007273643740127511,0.0034906686097428974,-4.085742246669731,-0.137861844527332,-0.11464631876883924,0.1793032810177342,0.10084725064973894
756,6.278235799999948,155.51455491907547,250.7175095159215,35.315892803241105,56.935588405646996,-4.0856210725116355,0.22709059497111578,-0.008010376725557933,0.0016060235614006046,-4.085642101677695,-0.11781921420471193,-0.10148421793784315,0.15550052645014242,0.045995980304921885
757,6.28288909999992,155.51178692312823,250.72008782819913,35.31526421739457,56.93617391611614,-4.085617866846077,0.22709059497111578,-0.008638962572092623,0.001020513092257147,-4.0856220726792865,-0.052359948618516686,-0.08892857613955685,0.10319813890542148,0.004193258429912927
758,6.293984099999761,155.50967585675863,250.72096128810446,35.314784814076674,56.93637227064573,-4.085617225712966,0.22709059497111578,-0.009118365889989377,0.0008221585626699834,-4.085618066879606,0.02369811537806676,-0.07660752699218383,0.08018923783357926,3.418799561790192
759,6.298222100000203,155.51414915828144,250.72076766577612,35.31580065878098,56.93632830083599,-4.0856170974863435,0.22709059497111578,-0.008102521185683997,0.0008661283724080704,-4.042171220797793,0.09647752920866157,-0.14161280097553475,0.17135372491528908,2.993644934363087
760,6.310363900000084,155.5203143281446,250.72615520379753,35.317200710873294,56.937551760050695,-4.0856170718410185,0.22709059497111578,-0.0067024690933692455,-0.0003573308422986088,-4.0576053867376825,0.14658739313835006,-0.12051262151694297,0.18976605537340746,0.8499463045775171
761,6.314595199999985,155.52600982593265,250.73498652433807,35.31849410485464,56.93955726988663,-3.868386842102579,0.22709059497111578,-0.005409075112019934,-0.002362840678230782,-4.084815755081912,0.20927323333099182,-0.105125125136255,0.2341934630251686,-2.044572917422288
762,6.3254532999999356,155.53153068524293,250.73595839255913,35.31974784008017,56.93977797201918,-4.162788696545516,0.22709059497111578,-0.004155339886494858,-0.0025835428107825464,-4.067788346328883,0.17886275063481344,-0.1469126428948817,0.23146318974517416,2.124093377079501
763,6.329623499999798,155.53649290080293,250.73487384496596,35.32087471256406,56.93953168146098,-4.221669067434103,0.22709059497111578,-0.003028467402600654,-0.002337252252580413,-4.020936819656403,0.18904669186601947,-0.19850692007892157,0.2741234193291501,3.9393521956909425
764,6.34140699999989,155.54104079722222,250.74517704888797,35.321907497067784,56.941871442169735,-4.000480053721196,0.22709059497111578,-0.001995682898879636,-0.004677012961337823,-4.032543076821907,0.13914586628522288,-0.12981918536430387,0.1903013215742776,6.634309049344116
765,6.345993299999918,155.54439792513563,250.7524220393216,35.322669869243036,56.943516711357866,-3.8513594384786143,0.22709059497111578,-0.0012333107236273122,-0.006322282149469061,-3.9882713106768817,0.14189364097234775,-0.18650922062311165,0.23434908731597412,4.948868376924761
766,6.358362599999964,155.54745736092258,250.75953190143196,35.32336463833617,56.94513129417467,-3.926418127930098,0.22709059497111578,-0.0005385416304903856,-0.007936864966275436,-3.9118473773697517,0.09402007500461666,-0.2107813504583673,0.23079980980262266,7.9263607644439436
767,6.362925200000063,155.55005327455683,250.76563523365877,35.32395414590787,56.94651730352136,-3.941429865820395,0.22709059497111578,5.096594120601594e-05,-0.009322874312964302,-3.8755860282083265,0.1452237233203198,-0.19000171212440387,0.23914552144086168,4.899103431125983
768,6.375620100000106,155.5517779975943,250.76911800641273,35.324345814288606,56.94730820845821,-3.839549400898454,0.22709059497111578,0.0004426343219421369,-0.010113779249813604,-3.86833375837604,0.11895340399137365,-0.12451662396025662,0.1722042449058527,1.2842225524448505
769,6.380124700000124,155.5585949815763,250.77099577967937,35.32589388723699,56.94773463310655,-3.819173307914066,0.22709059497111578,0.0019907072703233553,-0.010540203898152356,-3.8893527868314592,0.12060910141464967,-0.19482085744443525,0.2291325420786716,-0.8129298614960532
770,6.390252799999871,155.56015045437846,250.77239219443157,35.32624712048109,56.94805174576346,-3.815098089317188,0.22709059497111578,0.002343940514428766,-0.010857316555060947,-3.872580030022543,0.09516339365571205,-0.1612971435645318,0.1872774412847132,-0.764268091891391
771,6.394929699999921,155.56147773810633,250.7823200029536,35.32654853413255,56.95030625770749,-4.031513270207188,0.22709059497111578,0.002645354165885294,-0.013111828499091871,-3.86922547866076,0.08227904903216281,-0.14761787274099863,0.16899963982865385,0.8100086894539071
772,6.406761300000198,155.56158067720236,250.78941392407825,35.32657191063311,56.95191722047635,-3.8575660817758126,0.22709059497111578,0.0026687306664499033,-0.014722791267956836,-3.868554568388401,0.009699373462167036,-0.12031849657171304,0.12070881683968206,1.6588450215332655
773,6.4114644999999655,155.56088543419315,250.7892876851211,35.3264140274845,56.951888552796476,-3.8227766440895374,0.22709059497111578,0.0025108475178399203,-0.014694123588078867,-3.8487890386776797,-0.06221934408914299,-0.07934715916063684,0.10083262589929218,2.8424771003281766
774,6.422569800000019,155.55994486929046,250.78724196522558,35.32620043404114,56.95142398904825,-3.8158187565522828,0.22709059497111578,0.0022972540744774506,-0.014229559839854744,-3.801389887813661,-0.10289745717663937,0.004397010097848542,0.10299136076010898,3.4898927986865527
775,6.42731219999996,155.553163707557,250.78361774228296,35.32466049598849,56.950600962103906,-3.716270440763582,0.22709059497111578,0.0007573160218257158,-0.01340653289550886,-3.791910057640857,-0.1732820166431095,0.04639271875413005,0.17938489804134206,2.1448717564774498
776,6.438630900000135,155.54623846717246,250.7867743391352,35.32308783902925,56.95131779556117,-3.7945175158870916,0.22709059497111578,-0.0008153409374145326,-0.014123366352770006,-3.790014091606297,-0.19059883226004007,0.05522534531200279,0.19843828668813093,-2.591930753300498
777,6.442962600000101,155.53956330942006,250.78536622272327,35.32157197348373,56.95099802556739,-3.8101669309117936,0.22709059497111578,-0.0023312064829354995,-0.013803596358989978,-3.8330809433212614,-0.24049573213499228,0.10462261677362406,0.2622672093794925,-4.102112077787718
778,6.454119500000161,155.53366020601712,250.78289703663785,35.32023143421978,56.950437296630156,-3.813296813916734,0.22709059497111578,-0.0036717457468853354,-0.013242867421759286,-3.8613256613205027,-0.1908779052516409,0.08011626064639751,0.20700963729550348,-4.599485467094826
779,6.458384099999876,155.52861387352576,250.77747322156182,35.319085459571895,56.94920559923753,-4.031153015127097,0.22709059497111578,-0.0048177203947687985,-0.012011170029133211,-3.8669746049203493,-0.1420423695764844,0.11671862246007286,0.18384578206714344,-1.3153932221052589
780,6.47094079999988,155.52437682653573,250.7746524240428,35.31812326605001,56.94856502265064,-3.8574940307597947,0.22709059497111578,-0.0057799139166547775,-0.011370593442244115,-3.86810439364032,-0.08086565636213704,0.10904495926788244,0.1357573479433558,2.3108050909913915
781,6.475471000000198,155.52647613412415,250.77226494316892,35.318599999059295,56.94802284819851,-3.8227622338863343,0.22709059497111578,-0.005303180907368699,-0.010828418990115551,-3.8302908006030645,-0.0495417710364576,0.09679625020683096,0.10873776313467282,4.317917116902216
782,6.486331499999778,155.52436881990798,250.77056944013793,35.31812144782015,56.94763781540643,-3.815815874511642,0.22709059497111578,-0.0057817321465165605,-0.010443386198033977,-3.7792820370737386,-0.014454679942687145,0.04834632740300273,0.050460926919784724,5.378368975759637
783,6.5019366000001355,155.52687467568012,250.77132430583526,35.318690504098356,56.94780923830676,-3.6242288487304535,0.22709059497111578,-0.005212675868307315,-0.010614809098363764,-3.7310407335866254,-0.008219694411977627,0.03335955787728695,0.03435729148222185,3.339552590663025
784,6.5062621000001855,155.5250978803458,250.7704372776307,35.31828701058875,56.94760780254403,-3.7761091974804657,0.22709059497111578,-0.0056161693779159805,-0.010413373335630638,-3.7213924728892036,0.06161573632829671,0.025009304476370706,0.0664978516470269,1.8256260210122157
785,6.51871600000004,155.5226051890806,250.77174902888032,35.31772094384625,56.94790568891576,-3.6162875133242185,0.22709059497111578,-0.006182236120416462,-0.010711259707363752,-3.719462820749718,0.09196443976347114,0.002304788389378259,0.09199331622747885,-2.0272962970176036
786,6.523162899999988,155.5315035006393,250.77022302382164,35.31974166671235,56.94755914751905,-3.774520930399219,0.22709059497111578,-0.004161513254310023,-0.010364718310654553,-3.7571164411030713,0.1236149703343379,0.012604206810400295,0.12425589289880211,-2.9896021715939365
787,6.534636299999875,155.53694386832387,250.7741673892562,35.32097712304671,56.948454875812374,-3.806167613814219,0.22709059497111578,-0.0029260569199536235,-0.011260446603976959,-3.7646471651737423,0.17506387075439278,0.011511611561230723,0.17544194493976462,-6.026484210834889
788,6.539052000000083,155.54073010770597,250.77337964638633,35.32183694240069,56.94827598681537,-3.812496950497219,0.22709059497111578,-0.0020662375659767918,-0.01108155760697116,-3.8041928607691267,0.27624372805021175,-0.017220098145398634,0.27677992894575376,-3.425585226508019
789,6.550951000000168,155.5493213208718,250.77122577097157,35.32378792611004,56.94778686196594,-3.813762817833819,0.22709059497111578,-0.00011525385662025656,-0.010592432757540848,-3.812101999888203,0.21835537955534365,-0.049758394007455214,0.2239530521224467,-3.324058332020693
790,6.555447600000207,155.55843857606754,250.77454396105344,35.32585836901695,56.94854039172586,-3.814015991301139,0.22709059497111578,0.0019551890502853553,-0.011345962517459895,-3.813683827712019,0.31357223363774855,-0.01521522257439329,0.3139411548468201,-0.3481582126945466
791,6.566745499999797,155.5666459294173,250.7787609597458,35.32772218177228,56.94949803246789,-3.8140666259946028,0.22709059497111578,0.003819001805617006,-0.012303603259496754,-3.8140001932767795,0.27817523947449563,-0.03611957716682396,0.28051040570966906,2.54009108344107
792,6.571492500000204,155.57884867717854,250.7767825250927,35.33049331102166,56.94904874856541,-3.8140767529332957,0.22709059497111578,0.006590131054998949,-0.01185431935701331,-3.77602391560848,0.310574392991773,-0.045817381762196685,0.31393579925480164,2.8859506659838403
793,6.582567599999948,155.57971354258564,250.77990424943724,35.33068971382153,56.949757662804146,-3.814078778321034,0.22709059497111578,0.006786533854864274,-0.012563233595749068,-3.7684286600748194,0.2346274868278711,-4.729739052554589e-05,0.23462749159509413,7.453078957178603
794,6.587916599999971,155.587391306789,250.78007814365813,35.33243326186252,56.94979715254623,-3.6238814294923323,0.22709059497111578,0.008530081895855801,-0.012602723337835187,-3.6952897359212127,0.20760404535792665,0.0026698441718461825,0.2076212121072363,5.263004487177989
795,6.598147000000154,155.59102736160935,250.77731781472312,35.33325897571502,56.949170307806064,-3.7760397136328416,0.22709059497111578,0.009355795748355433,-0.011975878597667133,-3.6806619510904905,0.09511132953308404,-0.006479630191937005,0.09533179224673774,7.673672220405532
796,6.603320799999892,155.5917074934785,250.77893943903234,35.333413427265846,56.94953856343527,-3.4483720052265685,0.22709059497111578,0.009510247299182595,-0.012344134226871972,-3.6396968433430987,0.09184616224075223,0.011108990749407898,0.09251555109183003,4.371996258601751
797,6.6144060999999965,155.59274727742235,250.7765524867112,35.3336495524203,56.948996509012495,-3.740937828779689,0.22709059497111578,0.009746372453633967,-0.011802079804098753,-3.597923499527996,0.02161278339270255,0.002666540866650859,0.021776658287565573,9.215741528381148
798,6.619416699999874,155.5927783415724,250.77602441318172,35.333656606796616,56.948876588480495,-3.609253239584063,0.22709059497111578,0.009753426829952616,-0.011682159272098147,-3.5179489577181013,-0.05769267647744646,-0.037854989012886434,0.06900322537604352,5.992222810792017
799,6.6294496999998955,155.5916645866138,250.7782155454341,35.333403683520416,56.949374174007346,-3.4150147104168127,0.22709059497111578,0.009500503553752537,-0.012179744798949343,-3.5355343716217478,-0.09061069019044572,-0.025514856241773878,0.09413450518182652,4.480938372559543
800,6.634044200000062,155.58527500285462,250.78107503504017,35.33195266914292,56.9500235372033,-3.3761670045833627,0.22709059497111578,0.008049489176258362,-0.012829107994903666,-3.539051454402477,-0.0987553326783065,0.0033556677552452965,0.0988123283729646,0.12426137422879657
801,6.6454162,155.57852776560622,250.78154958151396,35.33042043502177,56.95013130224437,-3.536299074744798,0.22709059497111578,0.006517255055108251,-0.012936873035975793,-3.5061745486929983,-0.11826088858483275,-0.007251683223512257,0.11848301430352114,-1.8401560448728
802,6.6489480999998705,155.57822569140154,250.77854398107183,35.330351836810905,56.94944875865173,-3.7585232426833346,0.22709059497111578,0.006448656844241896,-0.012254329443329937,-3.5331794898167264,-0.11544765115163953,0.004033235015907253,0.1155180814466904,-2.644477674590799
803,6.661212299999988,155.57303466381717,250.78011573159608,35.32917300326826,56.94980568841343,-3.4448687110366674,0.22709059497111578,0.005269823301595977,-0.012611259205030478,-3.5721608003070955,-0.06761354370700118,0.03294171707132501,0.07521135563347987,-1.4902485885475683
804,6.665270399999827,155.5728355397336,250.7799936850963,35.32912778406165,56.94977797280117,-3.550039416035459,0.22709059497111578,0.005224604094983931,-0.01258354359277547,-3.546376740139543,-0.09373121512080979,0.013700624678379191,0.09472722842246221,1.193842100681008
805,6.677963699999964,155.56855144474787,250.77981440027798,35.32815490638242,56.94973725890512,-3.5710735570352172,0.22709059497111578,0.004251726415759549,-0.012542829696720048,-3.5412199281060324,-0.08368116152776404,-0.014160477035596282,0.08487081892212062,2.332276195172992
806,6.682318399999986,155.56346354478072,250.78184095968862,35.326999492151735,56.95019747148742,-3.407378773907044,0.22709059497111578,0.003096312185071781,-0.013003042279024157,-3.540188565699328,-0.09905681214523651,-0.023813677915539518,0.10187906206989605,1.1696083455506514
807,6.694108300000153,155.56506403682994,250.779040257012,35.32736294884344,56.94956145825025,-3.732739182515784,0.22709059497111578,0.0034597688767732393,-0.012367029041854494,-3.5064019709523615,-0.09290915780340459,-0.0335063839858606,0.0987663372386861,4.141624623050885
808,6.698435299999801,155.56176771819185,250.78051445878424,35.3266143858827,56.94989623560782,-3.439711899003157,0.22709059497111578,0.002711205916035908,-0.01270180639941998,-3.4660643297373452,-0.07215079145594495,-0.03961223818359511,0.08230957490859207,4.309979344766078
809,6.709309400000166,155.56270602866906,250.78250807026245,35.32682746736724,56.95034896602454,-3.3811064423006316,0.22709059497111578,0.002924287400574599,-0.013154536816145423,-3.457996801494344,0.007908243105007332,-0.04124603155567744,0.041997326439903705,4.914345238949116
810,6.724961500000063,155.5645771114153,250.78439120823944,35.32725237266132,56.95077660894815,-3.3693853509601266,0.22709059497111578,0.003349192694656722,-0.013582179739756839,-3.38476342279887,0.008324579211098405,-0.057022899700047196,0.057627334740064935,3.2907769584965267
811,6.728251699999873,155.56653261403545,250.78604073418876,35.3276964489148,56.9511512007774,-3.3670411326920258,0.22709059497111578,0.0037932689481365855,-0.013956771569006321,-3.370116747059775,0.06523431294145277,-0.05719853947872677,0.08675937127159727,3.910021408661764
812,6.740864599999895,155.56836044843072,250.78742586347883,35.32811153291513,56.951465750611995,-3.3665722890384053,0.22709059497111578,0.004208352948467109,-0.01427132140359788,-3.3373277927713314,0.06428158133227864,-0.05909306245867396,0.08731615961162685,5.995910172762403
813,6.744194500000049,155.56999614848462,250.78857323222712,35.328482985013565,56.9517263072637,-3.3664785203076812,0.22709059497111578,0.004579805046901697,-0.014531878055301206,-3.3009103827730173,0.06558344621056779,-0.08883049171450119,0.11041759223554236,5.470355348344656
814,6.757114099999853,155.5708399489864,250.7914807714357,35.328674604171546,56.95238658207247,-3.2171616708584114,0.22709059497111578,0.004771424204882635,-0.01519215286407416,-3.2637672816327283,0.04015753433447689,-0.07532420919642241,0.08536020182081985,5.252524012415276
815,6.760931199999959,155.57140566595754,250.7944392541382,35.32880307317511,56.9530584256696,-3.187298300968558,0.22709059497111578,0.00489989320844586,-0.015863996461206398,-3.25633866140467,0.04618209514764484,-0.07272638259825195,0.08615052314439794,2.4287376977458055
816,6.773646699999972,155.57184464158703,250.79703281768494,35.32890276041199,56.95364739955852,-3.1813256269905867,0.22709059497111578,0.004999580445328888,-0.016452970350123053,-3.224993318218435,0.024827825973057757,-0.061329800756257616,0.06616468395867012,4.7004212928329885
817,6.77705190000006,155.5727898041956,250.79721200080795,35.32911739795111,56.95368809036054,-3.3294291878981177,0.22709059497111578,0.005214217984445213,-0.016493661152139794,-3.1919969546593125,0.019111576908943197,-0.07432214545081339,0.07674003959054435,4.740765191202246
818,6.7931736999998975,155.5731290916739,250.7987216403387,35.32919444694643,56.95403091529977,-3.209751804376499,0.22709059497111578,0.005291266979767784,-0.016836486091371228,-3.158670387025612,0.008941553560593209,-0.0600498903949534,0.060711948712941784,5.6216482608784295
819,6.799711300000126,155.572733261688,250.8020630699968,35.32910455767942,56.954789722548874,-3.0521798530628,0.22709059497111578,0.005201377712758415,-0.01759529334047727,-3.1252777785769976,0.0018557609823445995,-0.08036765087149676,0.08038907360721596,5.319873956510385
820,6.806913100000202,155.57218798461145,250.80538179533124,35.328980730383684,56.95554337385962,-3.02066546280006,0.22709059497111578,0.0050775504170204044,-0.01834894465122261,-3.062012342824775,-0.012955755907563867,-0.08846018210956468,0.08940388934489216,9.416337633094518
821,6.811332100000072,155.57165112212942,250.80825996909647,35.32885881396322,56.9561969800524,-3.0143625847475124,0.22709059497111578,0.004955633996559072,-0.019002550844000154,-2.99857068145558,-0.02764295197746558,-0.13470205224184575,0.13750918395581224,8.124075856825932
822,6.821639499999947,155.57115069557142,250.81063890584835,35.328745171798424,56.95673721421478,-3.0131020091370027,0.22709059497111578,0.004841991831760595,-0.01954278500638651,-2.9858823491817432,-0.026559324484753778,-0.11753752520268969,0.12050090268483202,5.465312549398358
823,6.824778700000024,155.57020161432254,250.81412899526092,35.32852964437294,56.957529780695985,-2.8925434975305255,0.22709059497111578,0.004626464406278785,-0.020335351487588582,-2.9833446827269743,-0.027460020086169656,-0.11033941861660138,0.11370505707215682,1.340562514278486
824,6.837172699999883,155.56974690626618,250.81577971585625,35.328426384449884,56.95790464381811,-2.9887381916936056,0.22709059497111578,0.004523204483220411,-0.020710214609714228,-2.9587758701391453,-0.023877797769509768,-0.08644463151299336,0.0896817904802241,1.4575386222280358
825,6.840278900000158,155.56945012378333,250.81671882422773,35.328358987939275,56.95811790649693,-3.0079771305262213,0.22709059497111578,0.004455807972611581,-0.02092347728853383,-2.953862107621581,-0.023237457339989456,-0.079082729441882,0.08242607305704755,0.7368114235259073
826,6.857326100000137,155.5687236149302,250.8188533205589,35.32819400461157,56.95860263053874,-2.8915185218083694,0.22709059497111578,0.0042908246449044896,-0.021408201330345378,-2.9769406344149414,-0.00986139299469789,-0.028124265041166493,0.029803042728917064,-0.1570519664062392
827,6.863926800000172,155.56849621134972,250.8193068359991,35.32814236339718,56.95870561962988,-2.988533196549174,0.22709059497111578,0.004239183430513549,-0.021511190421485082,-2.9815563397736136,-0.008375951613863012,-0.020078448413164304,0.02175547416439997,0.07229382969610432
828,6.874119999999948,155.56841647227102,250.819202777115,35.32812425540236,56.958681988835984,-3.007936131497335,0.22709059497111578,0.004221075435694388,-0.021487559627587416,-2.958418201548474,-0.007494536362128758,-0.01421787145512882,0.016072210302190457,-0.2984532917001763
829,6.882000499999776,155.56838509340955,250.81885632782368,35.32811712955803,56.95860331346029,-3.0118167184869673,0.22709059497111578,0.004213949591367339,-0.02140888425189047,-2.9778518532003195,-0.0058959115795682825,-0.005054123139989595,0.007765689542356535,-0.2626715591731041
830,6.888566699999956,155.56788515274692,250.81999423332311,35.32800359773551,56.95886172109717,-2.8922864394005185,0.22709059497111578,0.004100417768846398,-0.021667291888775253,-2.981738583530688,-0.02629568105725117,0.0005332773898625433,0.026301087944022708,0.7031149068148967
831,6.893072700000175,155.56785172031564,250.81964928464913,35.3279960055448,56.958783386497565,-2.988686780067604,0.22709059497111578,0.004092825578133841,-0.02158895728916832,-2.958454650299888,-0.08928358134235484,-0.012745025830360069,0.09018865549908946,1.6983283225363621
832,6.902035000000069,155.5635174955086,250.81916250426775,35.32701174385463,56.958672843251136,-3.007966848201021,0.22709059497111578,0.0031085638879631006,-0.021478414042739757,-2.9537978636537283,-0.08926539388648941,-0.012330693420174132,0.09011302095664325,1.9803387186900747
833,6.905700299999808,155.55840561899433,250.8201966624439,35.32585088477558,56.95890769084665,-2.8915164653433294,0.22709059497111578,0.0019477048089200366,-0.021713261638254266,-2.9528665063244963,-0.07724101147917813,-0.012482760790784047,0.07824316693032346,0.9469872573489986
834,6.917429600000105,155.55836361177984,250.81957400691957,35.32584134533225,56.95876629163317,-2.988532785256166,0.22709059497111578,0.0019381653655869968,-0.021571862424771382,-2.928618955561776,-0.07386182633655028,-0.018839614900600328,0.07622663890906928,3.5082895612477683
835,6.920953800000007,155.55902831139224,250.82019654128067,35.325992292362706,56.95890766333162,-2.887629652754358,0.22709059497111578,0.0020891123960424807,-0.02171323412322579,-2.899708166112357,-0.049404880348341354,-0.023363956651944004,0.0546508615912672,3.5770287795746123
836,6.93351500000017,155.55986968771134,250.82099304401157,35.32618336101161,56.95908854161068,-2.8674490262539964,0.22709059497111578,0.0022801810449450954,-0.021894112402286225,-2.8939260082224725,0.023401705739575486,-0.01694018189430799,0.0288896104877501,3.4298727979143733
837,6.949025999999776,155.56072090093176,250.82169570973338,35.32637666352828,56.95924811038751,-2.863412900953924,0.22709059497111578,0.002473483561615808,-0.022053681179116325,-2.868708297347621,0.026409275547385355,-0.020885866726714258,0.03367000540338234,1.1229025486594528
838,6.952958299999864,155.56154024110208,250.8222490311931,35.32656272797504,56.95937376448701,-2.86260567589391,0.22709059497111578,0.002659548008374202,-0.022179335278615042,-2.8636647551726515,0.025261414864597518,-0.015990425855453065,0.029897036642450876,0.9969725168856867
839,6.965180799999871,155.5623058366427,250.82266201976117,35.32673658752187,56.95946755030665,-2.862444230881907,0.22709059497111578,0.0028334075552081117,-0.022273121098251636,-2.8626560467376563,0.024576219473416344,-0.013868504984165258,0.028219248645230535,0.47059032154516356
840,6.969505500000196,155.56301221965873,250.82295981646374,35.32689700046126,56.95953517713701,-2.862411941879506,0.22709059497111578,0.0029938204945949565,-0.022340747928616622,-2.8624543050506577,0.02842724677522883,-0.013165164834129972,0.031327781988668944,0.04417966401613454
841,6.981508700000177,155.5636351349928,250.82316015064913,35.32703845867509,56.95958067114637,-2.862405484079026,0.22709059497111578,0.003135278708427336,-0.022386241937972784,-2.8624139567132576,0.020880345237512137,-0.006933917208535631,0.022001545970511308,0.017345435597803573
842,6.98549150000008,155.56419140703923,250.82327889874625,35.32716478282508,56.9596076377224,-2.8624041925189303,0.22709059497111578,0.003261602858415813,-0.022413208514002747,-2.8624058870457763,0.022177374141448967,-0.005275260359504177,0.022796146509231893,0.0018418332004938
843,6.997194699999909,155.56468524189654,250.82332002986234,35.32727692807664,56.95961697821202,-2.862403934206911,0.22709059497111578,0.0033737481099791466,-0.02242254900362184,-2.862404273112281,0.032875944118955995,-0.0011317628315819736,0.03289541896403917,0.0007446515875424443
844,7.001811199999793,155.56510624699757,250.82330742445777,35.32737253437552,56.9596141156432,-2.8624038825445073,0.22709059497111578,0.003469354408856873,-0.022419686434801633,-2.862403950325583,0.039415522311202364,0.0008547094424495047,0.039424788234002014,0.6370212294907878
845,7.013206600000103,155.56965180589003,250.8230525030871,35.328404788048886,56.959556225397456,-2.8624038722120266,0.22709059497111578,0.004501608082222219,-0.022361796189059646,-2.8406289834244913,0.030767625447663538,-0.002790138813735084,0.030893877229762275,0.9955260206034512
846,7.017255299999761,155.57044487285924,250.82294299637724,35.328584886098774,56.959531357453564,-2.8624038701455303,0.22709059497111578,0.004681706132110719,-0.022336928245167087,-2.836273990044273,0.0242069905892034,-0.003526352630035764,0.02446249284633809,1.6076103404845778
847,7.0295875000001615,155.56981916499217,250.8243003548072,35.328442793726964,56.959839600787014,-2.7535293580134814,0.22709059497111578,0.004539613760300654,-0.022645171578616896,-2.81362808902448,0.0011131887489926294,-0.009119576148191345,0.009187266095718806,2.945572798522359
848,7.034027199999855,155.56936519163867,250.82438792439515,35.328339700648016,56.95985948701684,-2.8406289673058214,0.22709059497111578,0.004436520681352363,-0.022665057808445965,-2.7873240064767693,-0.033209673995328745,-0.02584103734065136,0.04207899306919015,3.3585166999387193
849,7.045708300000115,155.5644909561128,250.82579455189958,35.327232807602414,56.960178918893725,-2.7491743774455397,0.22709059497111578,0.0033296276357503984,-0.022984489685327958,-2.7602882876234776,-0.0591356845904491,-0.03223593753078313,0.06735120533791233,3.209008851805514
850,7.049604499999987,155.56310073585436,250.827141844762,35.32691710165678,56.96048487643145,-2.730883459473483,0.22709059497111578,0.003013921690119048,-0.0232904472230544,-2.7548811438528196,-0.06494015715550369,-0.03902189291153572,0.075762339838345,1.8735325359995467
851,7.061519299999873,155.5586333077429,250.82849719214752,35.32590259074896,56.96079266307562,-2.727225275879072,0.22709059497111578,0.0019994107822967067,-0.023598233867225815,-2.7320248127549402,-0.07339569896877828,-0.04145853317119436,0.08429554317888072,1.500947610213124
852,7.065339100000074,155.5579513262033,250.82948834222634,35.32574771915537,56.96101774393673,-2.7264936391601897,0.22709059497111578,0.0018445391887098594,-0.023823314728332434,-2.727453546535363,-0.053997070113833166,-0.042339467977052125,0.06861715623266558,1.061987889850164
853,7.0782303999999385,155.55423316236136,250.83043421934565,35.324903359116306,56.961232543734525,-2.726347311816413,0.22709059497111578,0.001000179149642122,-0.02403811452612814,-2.7265392932914474,-0.03419853298132008,-0.028254691425627053,0.04436064974312076,0.4364260833208752
854,7.082622800000081,155.55427636920362,250.83104834365477,35.32491317098383,56.96137200558927,-2.7263180463476577,0.22709059497111578,0.0010099910171632587,-0.024177576380871812,-2.726356442642663,-0.006338925561256011,-0.02586926324499756,0.02663457824164157,0.03853220200818883
855,7.094622600000093,155.55522558644154,250.83147653293517,35.325128729291144,56.961469243347715,-2.7263121932539067,0.22709059497111578,0.0012255493244808235,-0.02427481413931787,-2.726319872512905,-0.009472545702292456,-0.01552522158394384,0.018186853144856453,0.015406643661582087
856,7.099361200000203,155.55635552991117,250.83176668572403,35.325385328825945,56.96153513431717,-2.726311022635157,0.22709059497111578,0.0014821488592815513,-0.024340705108770067,-2.7263125584869536,-0.027796867520014413,-0.014915230746720855,0.031545680404029317,0.001572153335915641
857,7.111026399999901,155.55346800235083,250.83213677030795,35.32472959847427,56.96161917704552,-2.7263107885114066,0.22709059497111578,0.0008264185076072295,-0.02442474783712356,-2.7263110956817647,-0.024762026428841205,-0.008685775141085523,0.02624120124278097,0.0005758818660124815
858,7.11600640000006,155.5500224266131,250.83243528510627,35.323947140629976,56.961686966948676,-2.7263107416866568,0.22709059497111578,4.3960663312248016e-05,-0.024492537740279374,-2.726310803120728,-0.051046030189335276,-0.0083096669569806,0.05171796363959493,6.317838965502896e-05
859,7.126864299999852,155.55085475826462,250.83246413743868,35.32413615531993,56.96169351904201,-2.7263107323217066,0.22709059497111578,0.00023297535326349816,-0.024499089833611265,-2.7263107446085204,-0.07206223304405496,-0.005870061530308127,0.07230092014397389,2.2257341643059512e-05
860,7.131303900000148,155.54863669371656,250.83258579143975,35.32363245372203,56.961721145521494,-2.7263107304487164,0.22709059497111578,-0.00027072624463642114,-0.024526716313097552,-2.7263107329060796,-0.0842711154080888,-0.004872373032186893,0.08441185290637923,2.741866621896412e-06
861,7.1429613999998764,155.5460222410561,250.832673425399,35.32303873611184,56.96174104636944,-2.7263107300741183,0.22709059497111578,-0.0008644438548230937,-0.024546617161043116,-2.726310730565591,-0.026063576067595098,-0.0004627575410754933,0.026067683862843246,9.795555817644907e-07
862,7.147551800000201,155.54365201412145,250.8327182220724,35.32250047986703,56.96175121927266,-2.7263107299991987,0.22709059497111578,-0.0014027000996321703,-0.024556790064259815,-2.7263107300974925,-0.007835484680320162,0.0010169603826235072,0.007901204249692428,1.0398230438224146e-07
863,7.157725000000028,155.54965125426278,250.83234032211965,35.323862850880104,56.961665401747545,-2.726310729984215,0.22709059497111578,-4.032908655915435e-05,-0.02447097253914876,-2.7263107300038736,0.0977553335213489,0.007589849621867635,0.09804953365086815,3.7464008205137185e-08
864,7.173120899999958,155.55701043929812,250.83187963619397,35.32553405258828,56.96156078430659,-2.7263107299812184,0.22709059497111578,0.0016308726216180958,-0.02436635509819496,-2.7263107299851495,0.11531855131765745,0.00870714340468136,0.11564680118478367,3.800449255908455e-09
865,7.176931500000137,155.56396574459015,250.83143258605045,35.32711353700525,56.961459263423514,-2.726310729980619,0.22709059497111578,0.0032103570385899616,-0.024264834215117048,-2.726310729981405,0.23512864656146937,0.015173404922050614,0.23561772567181122,7.517631823966502e-10
866,7.190173099999811,155.56611655821786,250.8312063825966,35.32760196655164,56.9614078947466,-2.726310729980499,0.22709059497111578,0.0036987865849766877,-0.02421346553820314,-2.7263107299806575,0.228566147289986,0.014933922937627795,0.2290534997359669,3.584289002495472e-10
867,7.19431029999987,155.5748940077185,250.83065773578588,35.329595242781075,56.96128330221592,-2.726310729980475,0.22709059497111578,0.005692062814411258,-0.024088873007521272,-2.726310729980508,0.2569616974611411,0.01751005869921141,0.25755759767042563,3.178485268217274e-11
868,7.2061534999998,155.58016683078705,250.83028024815545,35.33079265130888,56.96119757832533,-2.72631072998047,0.22709059497111578,0.006889471342219622,-0.02400314911693613,-2.7263107299804754,0.18545432687855862,0.013183581383555082,0.18592233372049763,
869,7.20962019999979,155.5839912926577,250.8299798825955,35.33166115063053,56.961129368131616,-2.726310729980469,0.22709059497111578,0.007757970663867297,-0.02393493892321885,,1.0540298925677105,-0.33594581145349955,1.1062723908059215,
870,7.221325200000138,155.5869272360062,250.82972168573676,35.33232787575235,56.961070734053344,-2.726310729980469,0.22709059497111578,0.008424695785684833,-0.02387630484494707,,1.2220395178361256,-0.4484832668982452,1.3017364648195398,
871,7.225041000000147,155.65859170280038,250.8582215896471,35.34860220215492,56.96754279418896,-0.5452621459960939,0.22709059497111578,0.024699022188258368,-0.03034836498056137,,1.1946387037399089,-0.4586186234981004,1.2796455268130553,
872,7.238712200000009,155.73816858610047,250.89028324165005,35.366673363929486,56.97482369381807,-0.10905242919921879,0.22709059497111578,0.04277018396282273,-0.03762926460967009,,1.373512082437609,-0.5564254893877578,1.481939528402729,
873,7.243462399999771,155.73741766532396,250.89119187364494,35.366502836883576,56.9750300355984,-2.202859069824219,0.22709059497111578,0.04259965691691292,-0.03783560639000427,,2.1508611414787406,-0.8778193793973683,2.3230950287856955,
874,7.254087100000106,155.79098283429974,250.91315136196593,35.378666982976014,56.980016828866475,-0.4405718139648438,0.22709059497111578,0.05476380300935091,-0.042822399658078325,-0.5716441096679686,1.4598166603029465,-0.6046125868273293,1.580069954732411,
875,7.25749020000012,155.8500818291804,250.9371577745735,35.392087808885655,56.98546845938865,-0.08811436279296876,0.22709059497111578,0.06818462891899202,-0.048274030180252225,-0.5505385387304687,1.6997955684354487,-0.7034939113541778,1.83962187902438,
876,7.270496600000115,155.90303406813496,250.95867756620197,35.4041127643349,56.99035540167321,-0.017622872558593752,0.22709059497111578,0.08020958436823378,-0.053160972464816325,-0.5463174245429677,1.5700052931877464,-0.6442314648869736,1.6970417793878727,2.245668399283818
877,7.274505299999873,155.94754883075444,250.9768062323708,35.41422164826316,56.99447225125952,-0.0035245745117187506,0.22709059497111578,0.09031846829649481,-0.05727782205112675,-0.5454732017054682,1.567610472372058,-0.6456276102586876,1.6953576626242886,0.18293956250641213
878,7.286848000000191,155.9103262335675,250.9630621843134,35.4057687465216,56.99135110720886,-2.181753498886719,0.22709059497111578,0.0818655665549386,-0.05415667800046009,-0.5453043571379661,0.8970194938585404,-0.3732864918334735,0.9715898194956418,0.07762558414746248
879,7.290774900000088,155.9299169160579,250.97129914593188,35.41021760626424,56.99322164372355,-0.43635069977734386,0.22709059497111578,0.08631442629757657,-0.056027214515154355,-0.5452705882244668,0.9993236088301343,-0.41434996162785864,1.0818195625270839,
880,7.301785999999993,155.958561077159,250.98294853526227,35.416722425851134,56.99586711047764,-0.08727013995546878,0.22709059497111578,0.09281924588447055,-0.0586726812692433,-0.9814735512386421,0.2974867204222149,-0.13960156903308435,0.328613674249968,
881,7.305938800000149,155.98482230664325,250.99357420046596,35.42268610407939,56.99828009911071,-0.017454027991093756,0.22709059497111578,0.09878292411272582,-0.06108566990231168,-0.6325044270446012,0.5192583531042851,-0.22890845711327842,0.5674753906616181,
882,7.3187910999999986,155.9289372050788,250.97394897003835,35.409995123115095,56.99382339385646,-2.1845393895825937,0.22709059497111578,0.08609194314843194,-0.05662896464806266,-0.562710602205794,0.3697714125395248,-0.16381774127605037,0.4044343579473218,
883,7.322659699999804,155.93616038769548,250.97724807624982,35.4116354399531,56.99457258984889,-0.43690787791651875,0.22709059497111578,0.08773225998643852,-0.05737816064049639,-0.5487518372380338,0.4709518491659452,-0.20000290772163626,0.511660832319548,3.0937643502947387
884,7.33416649999981,155.95569308154302,250.98489353151362,35.41607113102033,56.996308800833575,-0.08738157558330376,0.22709059497111578,0.09216795105366771,-0.05911437162517785,-0.5459600842444806,0.24924171390910208,-0.1086891456653689,0.27190947452748765,
885,7.33818969999993,155.97512169567872,250.99235527985107,35.42048318656387,56.99800329370305,-0.017476315116660753,0.22709059497111578,0.09658000659720756,-0.06080886449465339,-0.1091920168488956,0.5809000475612187,-0.22846641963759576,0.6242129205316469,
886,7.349651399999857,155.99165182284545,250.998638136369,35.42423702297711,56.99943007132783,-0.0034952630233321506,0.22709059497111578,0.10033384301044634,-0.062235642119432555,-0.021838403369778006,0.5370972689691167,-0.2049184613317343,0.5748608980689581,
887,7.3541378999998415,156.00490529579926,251.00361918985396,35.42724676203562,57.00056122172731,-0.0006990526046664301,0.22709059497111578,0.103343582068959,-0.06336679251891297,-0.004367680673955056,0.5328778070302178,-0.2012873289461779,0.569627374710539,3.9416365032339917
888,7.365427700000055,156.01509656320763,251.0073935975123,35.429561103014905,57.001418354208106,-0.00013981052093328604,0.22709059497111578,0.10565792304824129,-0.06422392499970897,-0.0008735361347893296,0.3328391549717701,-0.12389649669717728,0.3551510171408152,1.4510793784627438
889,7.3700966000001245,156.02258822771597,251.01012247774722,35.431262389565426,57.002038057244256,-2.796210418665721e-05,0.22709059497111578,0.1073592095987621,-0.06484362803585952,-0.00017470722695732128,0.3062134772427551,-0.11215480760655078,0.32610641593559875,
890,7.382292199999938,156.02776848637234,251.01196055107744,35.4324387775858,57.00245546641042,-5.592420837331442e-06,0.22709059497111578,0.108535597619138,-0.06526103720202059,-0.43624465824226594,0.12228670237794678,0.06802876322393095,0.13993552159566275,
891,7.3860914000001685,156.0310204907337,251.0130609385506,35.43317727719108,57.0027053540564,-1.1184841674662885e-06,0.22709059497111578,0.10927409722441439,-0.06551092484800591,-0.5234586484453294,0.07772817533157435,0.09400534273305663,0.1219781689595946,
892,7.396902500000124,156.0191763262967,250.982173773456,35.43048757884214,56.995691169358096,-2.1810488076812087,0.22709059497111578,0.10658439887547644,-0.05849674014969963,-0.5409014464859397,0.011013330037178304,0.0954694368791423,0.09610258485872453,-8.261682636632543
893,7.413071999999829,156.0179090107734,250.9783315293015,35.43019978340593,56.994818631847025,-0.43620976153624175,0.22709059497111578,0.10629660343926872,-0.05762420263862822,-0.5443900060940619,-0.00645218343469734,0.08868196778766858,0.08891637690419055,-0.6604891029250833
894,7.417653099999825,156.0185305974199,250.98086141626092,35.430340939887316,56.99539314538185,-0.08724195230724835,0.22709059497111578,0.1064377599206523,-0.05819871617345029,-0.5450877180156875,-0.04545129273426003,0.0667727208586544,0.08077385877920641,
895,7.43005439999979,156.01902931683543,250.98458379278594,35.43045419437611,56.99623846208162,-0.01744839046144967,0.22709059497111578,0.10655101440944748,-0.05904403287322424,-0.10901754360313691,0.002097046638017914,-0.07733851421989693,0.07736693987966192,
896,7.434743299999809,156.01901666758778,250.98820374848947,35.43045132185094,56.9970605199761,-0.0034896780922899343,0.22709059497111578,0.10654814188427508,-0.05986609076770577,-0.021803508720625673,-0.007357524507775718,-0.127968438800938,0.12817977413005507,
897,7.4449226000001545,156.01852140932857,250.9914204439583,35.43033885335819,56.99779100126396,-0.0006979356184579869,0.22709059497111578,0.10643567339152327,-0.0605965720555659,-0.004360701744125133,-0.016414365360550215,-0.10850507701449455,0.10973961512649397,7.140626930356956
898,7.448070500000085,156.01761939652158,250.99418155752278,35.43013401473318,56.9984180241861,-0.00013958712369159737,0.22709059497111578,0.10623083476651374,-0.061223594977704465,-0.0008721403488255927,-0.02677916914946909,-0.10664321686755135,0.10995407952502474,0.9530795744835208
899,7.466694300000199,156.0164325896089,250.99648545285726,35.42986450204526,56.998941217148364,-2.7917424738319477e-05,0.22709059497111578,0.1059613220785991,-0.06174678793996691,-0.0001744280697639795,-0.03791858754184682,-0.08304484083874171,0.09129219501743095,0.3882653973026799
900,7.473994800000128,156.01506014325184,250.99837749724753,35.429552832385475,56.99937088263466,-5.583484947663896e-06,0.22709059497111578,0.10564965241881197,-0.06217645342626099,-3.4885613950519956e-05,-0.049061437400105684,-0.07890320025991869,0.09291253764170539,0.02040992066565627
901,7.479993800000102,156.01357262248288,250.9998919206986,35.42921503040902,56.999714793957196,-1.116696989532779e-06,0.22709059497111578,0.10531185044235514,-0.0625203647487993,-6.977122790101791e-06,-0.044367797642310594,-0.04390187508008596,0.062416953651844416,
902,7.485190299999886,156.01204488901917,251.00106016889535,35.428868096507784,56.999980092135274,-2.2333939790655583e-07,0.22709059497111578,0.10496491654112106,-0.0627856629268777,,-0.3000705771043861,0.37800910188682524,0.4826315699921044,
903,7.493521800000053,156.01051854647355,251.00194732371799,35.42852147847097,57.00018155665178,-4.4667879581311166e-08,0.22709059497111578,0.10461829850430604,-0.0629871274433853,,-0.3046533622143116,0.4023847874956113,0.5047050508132178,
904,7.496854999999869,155.99154031166722,250.97139594958185,35.4242116998373,56.993243626922016,-2.1810485929179513,0.22709059497111578,0.10030851987063727,-0.05604919771361949,,-0.289394528840615,0.3756123316348161,0.474166444404309,
905,7.509118699999817,155.9879973826043,250.96799242001265,35.42340713396846,56.99247071736715,-0.43620971858359026,0.22709059497111578,0.09950395400179701,-0.055276288158751186,,-0.2725302713431729,0.37340834845043236,0.46228405065593925,
906,7.512838399999964,155.98832472406906,250.97112408156568,35.42348147013645,56.99318188825247,-0.08724194371671806,0.22709059497111578,0.09957829016978792,-0.05598745904407565,,-0.25439562038849745,0.34812475195948545,0.43117047046348356,
907,7.529142100000172,155.98958530089033,250.97558055042072,35.4237677352768,56.994193910416236,-0.017448388743343615,0.22709059497111578,0.09986455531013405,-0.05699948120783915,-0.10901753286841005,0.012690841148289302,-0.09261860348946613,0.0934840262365184,
908,7.535843799999839,155.99103341018352,250.98002489834738,35.42409658727777,56.99520318003116,-0.003489677748668723,0.22709059497111578,0.10019340731111015,-0.05800875082276491,-0.021803506573679656,0.0380997085596338,-0.1391242489593924,0.14424681778411624,4.366682571116448
909,7.5434134000001904,155.99244829395212,250.98410000510444,35.4244178940746,56.99612859844919,-0.0006979355497337446,0.22709059497111578,0.10051471410793766,-0.058934169240792755,-0.0043607013147347225,0.03993535919206845,-0.11627159566323862,0.12293867118150893,5.345254139710757
910,7.548273999999765,155.9937633186052,250.98772803472338,35.42471652380547,56.996952489853925,-0.00013958710994674893,0.22709059497111578,0.10081334383880858,-0.05975806064552813,-0.0008721402629468716,0.05023920570332254,-0.13885674004232704,0.14766574431764173,1.03226823600541
911,7.5576068000000305,155.99496182574507,250.9908895282121,35.42498869350494,56.99767043529128,-2.791742198934979e-05,0.22709059497111578,0.10108551353827977,-0.06047600608288661,-0.00017442805259157513,0.044044267724950945,-0.11748891786082216,0.12547327739217692,0.2774286349293188
912,7.561112500000036,155.99602820668042,250.99359106491437,35.42523085858602,56.99828392886833,-5.583484397869958e-06,0.22709059497111578,0.10132767861935577,-0.0610894996599356,-3.4885610521084285e-05,0.046521434549890404,-0.11828164917665979,0.12710150433622003,0.038974953493690595
913,7.572931799999878,155.99697000333026,250.9958686219415,35.42544473174757,56.9988011406487,-1.1166968795739917e-06,0.22709059497111578,0.10154155178090463,-0.06160671144030516,-6.977122106986116e-06,0.03661463738015724,-0.08967554796234527,0.09686245698322593,0.014603703663894562
914,7.576324099999965,155.99778910117436,250.99775408175492,35.425630741164326,56.99922931083953,-2.2333937591479836e-07,0.22709059497111578,0.10172756119766291,-0.06203488163113491,-1.3954244241664804e-06,0.03889156012672958,-0.0913772901394898,0.09930942856711804,0.0013640157377546747
915,7.589398900000106,155.99847452749086,250.99927830315357,35.42578639503435,56.999575447183815,-4.4667875182959676e-08,0.22709059497111578,0.10188321506768716,-0.06238101797541873,-2.79084885897251e-07,0.02685405466533529,-0.05981942864702896,0.06557060542366377,0.0006001630055166233
916,7.592601899999863,155.99904642728288,251.0004833331126,35.42591626809838,56.99984909815417,-8.933575036591935e-09,0.22709059497111578,0.10201308813172005,-0.06265466894577543,-5.581697596966838e-08,0.028794045393038724,-0.06090865338670649,0.06737181241052022,5.2922719191597226e-05
917,7.604731800000081,155.999521280893,251.0014025715594,35.426024102887226,57.000057848559976,-1.786715007318387e-09,0.22709059497111578,0.10212092292056241,-0.06286341935157935,-1.116339398415186e-08,0.018875528389219798,-0.03728701612185775,0.04179242925750934,2.5416398727964754e-05
918,7.6078521999997974,155.99990320840683,251.00207870075118,35.42611083503358,57.00021139114041,-3.5734300146367743e-10,0.22709059497111578,0.10220765506691976,-0.06301696193201423,-2.2326792923511216e-09,0.017002302126156506,-0.03264540603753498,0.03680761895239396,2.2266795904895326e-06
919,7.620916899999884,156.00020468393765,251.00254527943585,35.42617929729124,57.00031734677152,-7.146860029273549e-11,0.22709059497111578,0.10227611732457831,-0.0631229175631205,-4.4653635399097364e-10,0.009944652341176084,-0.0164971992289128,0.01926275402390063,1.0055246782176702e-06
920,7.640966399999797,156.00042882601372,251.00283358548396,35.42623019784865,57.00038281836351,-1.4293720058547099e-11,0.22709059497111578,0.10232701788198995,-0.06318838915511549,-8.931004005569858e-11,0.008660762111551997,-0.013224213450379937,0.015807865818449503,5.4745976747467346e-08
921,7.648327700000209,156.0005993024507,251.00298577063856,35.426268911444154,57.00041737818082,-2.85874401170942e-12,0.22709059497111578,0.10236573147749084,-0.06322294897242386,-1.786477726864357e-11,0.0035266601958171126,-0.003041462664726705,0.004657019140790304,9.639936506428914e-09
922,7.658556800000042,156.00071058611073,251.00302381692723,35.42629418291673,57.000426018135144,-5.71748802341884e-13,0.22709059497111578,0.10239100295006409,-0.0632315889267474,-3.57401940866674e-12,0.002665858693334053,-0.000608620002436523,0.002734450745614296,3.821979114662011e-09
923,7.666423000000123,156.0007841833929,251.0029646639486,35.42631089616732,57.000412585050036,-1.1434976046837682e-13,0.22709059497111578,0.10240771620065914,-0.06321815584163915,-7.158678366713744e-13,0.0022241575347063443,0.0016475074606586912,0.002767879616622994,6.132063558547943e-10
924,7.673661700000139,156.00081402680524,251.002835434786,35.426317673325585,57.00038323832261,-2.2869952093675365e-14,0.22709059497111578,0.10241449335892128,-0.06318880911421587,-1.4253221970647708e-13,0.0010447921066089948,0.0039026417844832697,0.004040074682976445,1.55077534513147e-10
925,7.678792199999862,156.00082148765836,251.00265435430197,35.42631936761516,57.00034211664776,-4.573990418735073e-15,0.22709059497111578,0.10241618764849392,-0.06314768743936128,-2.6159793747673384e-14,9.089154680919071e-05,0.006828113636428806,0.006828718555136562,3.4973304369759425e-11
926,7.686278000000129,156.00080046468804,251.002437422804,35.42631459349632,57.00029285354482,-9.147980837470147e-16,0.22709059497111578,0.10241141352965855,-0.06309842433642388,-3.4537427445207188e-15,-0.0005536063888747788,0.007442687286187817,0.0074632482253898505,8.95899178170101e-12
927,7.690188500000204,156.00076087667006,251.00220008446075,35.42630560342977,57.00023895623924,-1.8295961674940295e-16,0.22709059497111578,0.10240242346310424,-0.06304452703083996,1.0874674561098139e-15,-0.0015282447509047713,0.009846536042962008,0.009964426931039131,1.4738132859683107e-12
928,7.701705099999799,156.00070520329837,251.00195764440622,35.42629296053066,57.00018390038301,-3.6591923349880596e-17,0.22709059497111578,0.10238978056399617,-0.0629894711746104,3.701012062060161e-15,-0.0018545321035926643,0.009082511766918844,0.009269914202379388,4.583146704787363e-13
929,7.705148399999871,156.00064550858826,251.00171392892383,35.42627940442343,57.00012855488911,-7.31838466997612e-18,0.22709059497111578,0.1023762244567692,-0.06293412568071233,3.65528679464215e-15,-0.0026218304795005763,0.010828496076152393,0.011141378834528785,7.097711905474392e-14
930,7.717739300000176,156.00057336445175,251.00148133867629,35.426263021168545,57.00007573583141,-1.463676933995224e-18,0.22709059497111578,0.10235984120188135,-0.06288130662301228,3.646141741158548e-15,-0.0023872925103623583,0.008855797562348488,0.009171930876065826,-4.856843648628925e-15
931,7.7209781000001385,156.00050955205043,251.00126297382923,35.42624852997236,57.000026147228375,-2.927353867990448e-19,0.22709059497111578,0.10234535000569878,-0.06283171801997867,3.644312730461828e-15,-0.0030340419293292138,0.01060341745993744,0.011028956081997691,-4.4014360504291175e-16
932,7.733424699999887,156.0004478225829,251.0010481653323,35.42623451179086,56.999977366239,-5.854707735980897e-20,0.22709059497111578,0.10233133182419607,-0.06278293703060456,3.6439469283224835e-15,-0.002448778584862828,0.007963375726233308,0.008331378608300348,-2.0563562209716702e-16
933,7.736633699999857,156.00038661384886,251.00085713410652,35.42622061186302,56.99993398484428,-1.1709415471961794e-20,0.22709059497111578,0.10231743189635978,-0.06273955563588629,3.643873767894615e-15,-0.002862251053863094,0.008866444194383333,0.00931699059500729,-1.7751457857143313e-17
934,7.750358100000085,156.00032553529815,251.00068349129032,35.4262067414986,56.99989455219384,-2.3418830943923588e-21,0.22709059497111578,0.10230356153194009,-0.06270012298544003,3.643859135809042e-15,-0.35854613562350285,0.006408259218179164,0.35860339813888364,-8.191912957676084e-18
935,7.754473500000131,156.00026448929327,251.0005256396683,35.426192878525036,56.99985870557507,-4.683766188784717e-22,0.22709059497111578,0.10228969855837278,-0.06266427636667515,3.643856209391927e-15,-1.4756989569214738,0.006858951870701785,1.4757148968143847,-6.106200034328259e-19
936,7.765186300000096,155.91615804126863,251.0003831799366,35.407093095202214,56.99982635430984,-9.367532377569435e-23,0.22709059497111578,0.08318991523555042,-0.06263192510144222,3.6438556241085036e-15,-1.4838171802369746,0.004493539497881815,1.4838239842594625,-2.65411832098527e-19
937,7.769022699999823,155.8217748008445,251.00027890045288,35.38565954897899,56.99980267341984,-1.8735064755138873e-23,0.22709059497111578,0.06175636901232906,-0.06260824421144662,3.643855507051819e-15,-1.3259204305048304,0.004572742918002154,1.3259283155615575,-2.899566404787836e-20
938,7.781740399999762,155.81925900782832,251.0001841660312,35.38508823604612,56.99978116012366,-3.747012951027775e-24,0.22709059497111578,0.06118505607945934,-0.0625867309152639,3.643855483640483e-15,-1.2165342194224678,0.0031327947167725284,1.2165382531710913,-1.106204061717802e-20
939,7.787360299999818,155.83877166113678,251.00010326196679,35.38951937609541,56.999762787571534,-7.494025902055551e-25,0.22709059497111578,0.06561619612874381,-0.06256835836313712,3.643855478958215e-15,-1.4890493996377958,0.003054943783255343,1.4890525334061249,-9.227952714012652e-22
940,7.797282399999858,155.86252113183693,251.0000372595835,35.39491265752695,56.99974779905105,-1.4988051804111103e-25,0.22709059497111578,0.0710094775602883,-0.0625533698426537,3.643855478021762e-15,-0.6518475760057798,0.001957349711062091,0.6518505147367012,-3.234065219208007e-22
941,7.801670599999852,155.8017394443362,250.99998642671227,35.381109707949065,56.99973625538407,-2.997610360822221e-26,0.22709059497111578,0.05720652798240167,-0.06254182617567494,3.643855477834471e-15,-1.303538818937131,0.0018190355532651992,1.3035400881316825,-4.6744630013205387e-23
942,7.813476400000127,155.72891157617192,250.99995083031087,35.36457118403716,56.9997281717761,-5.995220721644442e-27,0.22709059497111578,0.04066800407049698,-0.06253374256770172,3.643855477797014e-15,-1.3516919996110062,0.001233958371199645,1.3516925628506145,-1.5825072752666366e-23
943,7.818095999999969,155.66171245214844,250.99993048711872,35.34931089498113,56.99972355202849,-1.1990441443288885e-27,0.22709059497111578,0.025407715014466703,-0.06252912282009504,3.643855477789521e-15,-1.8304833089000514,0.0010848579166198862,1.8304836303770597,-1.6439510162353668e-24
944,7.829014200000074,155.688045453125,250.9999139572289,35.355290871840275,56.99971979824598,-2.398088288657777e-28,0.22709059497111578,0.031387691873611345,-0.06252536903757999,3.643855477788024e-15,-1.0595628284641079,0.0006168641586967351,1.0595630080293719,-6.079631342595343e-25
945,7.833637400000043,155.65037440039063,250.99989838066466,35.346736130061636,56.999716260954735,-4.7961765773155544e-29,0.22709059497111578,0.02283295009497266,-0.06252183174633785,3.643855477787724e-15,-0.6240898942444185,0.0004913838578148781,0.6240900876925584,-6.899220044268574e-26
946,7.845621599999959,155.68779730493165,250.9998830424318,35.3552345197194,56.999712777786314,-9.592353154631109e-30,0.22709059497111578,0.031331339752739495,-0.06251834857791749,3.643855477787664e-15,-0.34978698199391534,0.000302622780809278,0.3497871129029186,-2.3557731220251716e-26
947,7.860815099999854,155.73974794073487,250.99987920787356,35.367032020513086,56.9997119069942,-1.918470630926222e-30,0.22709059497111578,0.043128840546422964,-0.06251747778580352,3.6438554777876515e-15,-0.6321859258940609,0.00023472469090584313,0.6321859694695948,-2.0803105451116943e-27
948,7.864686899999924,155.70681045930482,250.99987824923403,35.35955222825829,56.99971168929618,-3.836941261852444e-31,0.22709059497111578,0.0356490482916243,-0.06251726008778036,3.64385547778765e-15,-0.8826283271944203,8.251303578699499e-05,0.8826283310513104,-4.336102332916033e-28
949,7.877287499999966,155.65885364632035,250.99987800957413,35.34866168706473,56.999711634871666,-7.673882523704889e-32,0.22709059497111578,0.024758507098063376,-0.06251720566326924,3.643855477787649e-15,-1.168679007316589,-1.7120171306008538e-05,1.168679007441987,-1.5669851701769635e-28
950,7.880639399999836,155.61305859590627,250.99987794965915,35.33826206181946,56.99971162126554,-1.5347765047409777e-32,0.22709059497111578,0.014358881852793104,-0.06251719205714323,3.643855477787649e-15,-1.7163716954439312,-0.00019799012699234814,1.7163717068633952,-2.0868342386299269e-29
951,7.893146400000205,155.57334292656446,250.9998893787722,35.32924300683895,56.99971421670962,-3.0695530094819555e-33,0.22709059497111578,0.00533982687228729,-0.06251978750122333,3.643855477787649e-15,-1.428842271955951,-0.00026446883013057817,1.4288422964316272,0.0
952,7.896980600000006,155.54021683515674,250.99990368014227,35.3217203830321,56.99971746441626,-6.139106018963911e-34,0.22709059497111578,-0.0021827969345622478,-0.06252303520786029,3.643855477787649e-15,-1.526571229401568,-0.0003131628801870284,1.5265712615228955,0.0
953,7.909330999999838,155.5133386631349,250.9999186995766,35.31561660295593,56.99972087518854,-1.2278212037927823e-34,0.22709059497111578,-0.008286577010736096,-0.06252644598014001,3.643855477787649e-15,-0.96665913904579,-0.00036012446321924375,0.9666592061271527,0.0
954,7.912896499999988,155.49209656763918,250.99992245443516,35.31079272285137,56.99972172788161,-2.4556424075855646e-35,0.22709059497111578,-0.013110457115296015,-0.06252729867320994,3.643855477787649e-15,-0.9658174551221489,-0.000493067851009264,0.9658175809823146,0.0
955,7.925083000000086,155.47583404791567,250.9999348372416,35.30709965757163,56.999724539900484,-4.9112848151711296e-36,0.22709059497111578,-0.016803522395036907,-0.06253011069208725,3.643855477787649e-15,-0.6031657095160551,-0.00037793800884445807,0.6031658279222594,0.0
956,7.928868500000135,155.46388343873673,250.99994937703502,35.304385786622916,56.999727841750826,-9.82256963034226e-37,0.22709059497111578,-0.019517393343747358,-0.06253341254242883,3.643855477787649e-15,-0.5763337756618493,-0.0003751249884617349,0.5763338977427926,0.0
957,7.941486300000179,155.45562006012364,250.99996445607516,35.302509251057195,56.99973126605902,-1.964513926068452e-37,0.22709059497111578,-0.02139392890946823,-0.06253683685062583,3.643855477787649e-15,-0.31559833153365513,-0.00033081996323546084,0.31559850492148245,0.0
958,7.94475250000005,155.45044142250163,250.9999682258352,35.30133323115847,56.99973212213607,-3.929027852136904e-38,0.22709059497111578,-0.022569948808190077,-0.06253769292767686,3.643855477787649e-15,-0.2620941416867765,-0.0002875087530724371,0.26209429938060685,0.0
959,7.9568948000001,155.44780780435588,250.99996916827521,35.30073516124683,56.99973233615533,-7.858055704273809e-39,0.22709059497111578,-0.023168018719836425,-0.06253790694693606,3.643855477787649e-15,-0.11520145958063502,-0.0001132642379274879,0.1152015152604178,0.0
960,7.960664700000052,155.44721806437022,250.99996940388522,35.30060123684261,56.99973238966015,-1.571611140854762e-39,0.22709059497111578,-0.023301943124053537,-0.06253796045175619,3.643855477787649e-15,-0.06109502874948786,-5.914734564774785e-05,0.06109505738035808,0.0
961,7.973860399999921,155.44823792673708,250.9999694627877,35.300832837994285,56.999732403036354,-3.143222281709524e-40,0.22709059497111578,-0.023070341972378117,-0.06253797382795767,3.643855477787649e-15,0.02322810548635036,-6.741600349313536e-06,0.023228106464673246,0.0
962,7.9780267000001,155.45047272020966,250.99996947751333,35.30134033857362,56.9997324063804,-6.286444563419048e-41,0.22709059497111578,-0.02256284139304654,-0.06253797717200626,3.643855477787649e-15,0.08196395977945009,-3.228560677858036e-06,0.0819639598430366,0.0
963,7.9894601000000876,155.4535720069567,250.99996948119474,35.30204415744499,56.99973240721641,-1.2572889126838096e-41,0.22709059497111578,-0.021859022521674376,-0.06253797800801664,3.643855477787649e-15,0.10408115452414127,-3.908838246053263e-07,0.10408115452487526,0.0
964,7.992901900000106,155.45727651614348,250.9999694821151,35.30288541664029,56.99973240742542,-2.5145778253676195e-42,0.22709059497111578,-0.021017763326376837,-0.06253797821702278,3.643855477787649e-15,0.1503455791592702,-1.8882494514157087e-07,0.15034557915938876,0.0
965,8.005190500000026,155.4613383245925,250.9999694823452,35.30380781513764,56.99973240747767,-5.029155650735239e-43,0.22709059497111578,-0.020095364829025186,-0.0625379782692761,3.643855477787649e-15,0.14081342329471253,-2.834672671306681e-08,0.14081342329471538,0.0
966,8.009051399999862,155.46556956649968,250.99996948240272,35.3047686903798,56.99973240749074,-1.0058311301470478e-43,0.22709059497111578,-0.019134489586861037,-0.06253797828234298,3.643855477787649e-15,0.1772604168923888,-1.3765237001174872e-08,0.17726041689238933,0.0
967,8.02203449999979,155.469808834496,250.9999694824171,35.30573138827133,56.999732407494,-2.0116622602940957e-44,0.22709059497111578,-0.01817179169533034,-0.06253797828560437,3.643855477787649e-15,0.14319505712874284,-1.6234960893359553e-09,0.14319505712874284,0.0
968,8.025878599999942,155.47393566809666,250.99996948242068,35.30666855336905,56.99973240749482,-4.0233245205881914e-45,0.22709059497111578,-0.0172346265976131,-0.06253797828642149,3.643855477787649e-15,0.16962119739369774,-0.00012917768292717958,0.16962124658233574,0.0
969,8.037914099999853,155.47786273172142,250.9999694824216,35.30756035258408,56.999732407495024,-8.046649041176384e-46,0.22709059497111578,-0.016342827382580083,-0.06253797828662755,3.643855477787649e-15,0.1332079188283278,-0.00018594763011442348,0.13320804861229488,0.0
970,8.041937800000142,155.48153385919989,250.99998092651362,35.30839403110738,56.999735006340686,-1.6093298082352768e-46,0.22709059497111578,-0.01550914885928023,-0.06254057713228889,3.643855477787649e-15,0.15879188494271135,-0.00038645221582856955,0.15879235519688722,0.0
971,8.053382300000067,155.48490067671403,250.99999523162842,35.309158603699835,56.99973825489772,-3.218659616470554e-47,0.22709059497111578,-0.014744576266828346,-0.0625438256893247,3.643855477787649e-15,0.11933122881493584,-0.0004389698322192207,0.11933203620569026,0.0
972,8.056784700000208,155.48792820262577,251.0000102519989,35.30984612636042,56.99974166588259,-6.437319232941108e-48,0.22709059497111578,-0.014057053606244096,-0.06254723667419171,3.643855477787649e-15,0.13003645412661885,-0.00048035482943070695,0.13003734133927225,0.0
973,8.069929199999933,155.49061913561738,251.00002545118332,35.31045721193451,56.999745117474426,-1.2874638465882218e-48,0.22709059497111578,-0.013445968032151256,-0.06255068826602894,3.643855477787649e-15,0.09636144515905232,-0.0003548562119306733,0.09636209854539383,0.0
974,8.074099299999943,155.49296270626763,251.00002925097942,35.310989414787834,56.99974598037238,-2.5749276931764436e-49,0.22709059497111578,-0.012913765178829806,-0.0625515511639847,3.643855477787649e-15,0.08747215193616786,-0.0002987135006714259,0.08747266198132717,0.0
975,8.085828899999797,155.49496766631302,251.00003020092845,35.311444722357436,56.99974619609687,-5.149855386352888e-50,0.22709059497111578,-0.01245845760922748,-0.06255176688847541,3.643855477787649e-15,0.062348006613083,-9.884882972951319e-05,0.06234808497232437,0.0
976,8.103006800000003,155.4966590918712,251.0000304384157,35.31182882919379,56.99974625002799,-1.0299710772705776e-50,0.22709059497111578,-0.012074350772870446,-0.06255182081959276,3.643855477787649e-15,0.05807468339821922,-4.639634845999692e-05,0.05807470193143095,0.0
977,8.107220400000188,155.49807758424708,251.00003049778752,35.312150955471395,56.99974626351077,-2.0599421545411553e-51,0.22709059497111578,-0.011752224495268138,-0.06255183430237565,3.643855477787649e-15,0.045341431944070844,-5.063195191780795e-06,0.04534143222676974,0.0
978,8.11756349999996,155.49922184967505,251.00003051263047,35.31241080738823,56.999746266881466,-4.119884309082311e-52,0.22709059497111578,-0.011492372578430832,-0.0625518376730696,3.643855477787649e-15,0.040066591013223934,-1.3881565483485679e-06,0.04006659103727113,0.0
979,8.120814100000189,155.50013734108086,251.0000305163412,35.31261870687627,56.99974626772414,-8.239768618164622e-53,0.22709059497111578,-0.0112844730903916,-0.06255183851574486,3.643855477787649e-15,0.04320083162045686,-7.635586348061672e-07,0.04320083162720467,0.0
980,8.133763499999986,155.5008468657878,251.0000305172689,35.312779833264116,56.99974626793481,-1.6479537236329245e-53,0.22709059497111578,-0.01112334670254711,-0.06255183872641368,3.643855477787649e-15,0.02919694541537804,-1.2379331347165553e-07,0.029196945415640475,0.0
981,8.136941000000206,155.50137901381024,251.00003051750082,35.31290067907514,56.999746267987476,-3.295907447265849e-54,0.22709059497111578,-0.01100250089152155,-0.0625518387790791,3.643855477787649e-15,0.02699253266140725,-5.878479093796022e-08,0.026992532661471263,0.0
982,8.150127700000212,155.50175237674358,251.0000305175588,35.31298546628582,56.99974626800064,-6.591814894531699e-55,0.22709059497111578,-0.01091771368084693,-0.06255183879224546,3.643855477787649e-15,0.014673763063337553,-6.950702968584506e-09,0.0146737630633392,0.0
983,8.154026799999883,155.50199449067026,251.0000305175733,35.31304044808147,56.99974626800394,-1.3183629789063399e-55,0.22709059497111578,-0.010862731885190158,-0.06255183879554238,3.643855477787649e-15,0.012699257999029866,-3.7076430620736456e-09,0.012699257999030407,0.0
984,8.166440399999829,155.50212368370273,251.00003051757693,35.31306978660409,56.99974626800476,-2.6367259578126797e-56,0.22709059497111578,-0.010833393362574384,-0.06255183879636661,3.643855477787649e-15,0.004996721517698564,-3.9364644016814193e-10,0.004996721517698579,0.0
985,8.170305199999802,155.50216742605264,251.00003051757784,35.31307972008035,56.99974626800497,-5.273451915625359e-57,0.22709059497111578,-0.010823459886310616,-0.06255183879657267,3.643855477787649e-15,0.0026601677135856937,-1.9471982679282958e-10,0.0026601677135857007,0.0
986,8.181352300000071,155.50214402936473,251.00003051757807,35.31307440691258,56.99974626800502,-1.054690383125072e-57,0.22709059497111578,-0.010828773054086582,-0.0625518387966224,3.643855477787649e-15,-0.0005887023441093423,-2.5608067966187854e-11,0.0005887023441093429,0.0
987,8.185068299999784,155.50205807155015,251.00003051757812,35.31305488670132,56.99974626800503,-2.109380766250144e-58,0.22709059497111578,-0.010848293265340203,-0.06255183879663662,3.643855477787649e-15,-0.002820635788730525,-1.2328607157311318e-11,0.002820635788730525,0.0
988,8.19825869999977,155.50193358527036,251.00003051757812,35.31302661703798,56.99974626800503,-4.218761532500288e-59,0.22709059497111578,-0.01087656292868644,-0.06255183879663662,3.643855477787649e-15,-0.003963510436784131,-1.6653183262297606e-12,0.003963510436784131,0.0
989,8.2023121000002,155.50177657869062,251.00003051757812,35.31299096232037,56.99974626800503,-8.437523065000577e-60,0.22709059497111578,-0.010912217646293243,-0.06255183879663662,3.643855477787649e-15,-0.005400601987092904,-7.648468630947123e-13,0.005400601987092904,0.0
990,8.21423939999977,155.50161144203594,251.00003051757812,35.312953461339205,56.99974626800503,-1.6875046130001154e-60,0.22709059497111578,-0.010949718627458083,-0.06255183879663662,3.643855477787649e-15,-0.005107819287318034,4.8417274230592174e-05,0.005108048757044321,0.0
991,8.219191199999841,155.5014442728625,251.00003051757812,35.31291549879215,56.99974626800503,-3.375009226000231e-61,0.22709059497111578,-0.010987681174512431,-0.06255183879663662,3.643855477787649e-15,-0.006533512839726471,0.00020384690612656054,0.006536692098302323,0.0
992,8.22992639999984,155.50126515146758,251.00001907348633,35.312874822008006,56.99974366915942,-6.750018452000463e-62,0.22709059497111578,-0.011028357958657864,-0.06254923995102502,3.643855477787649e-15,-0.005445584865054077,0.0002636714282737928,0.00545196452158247,0.0
993,8.234106500000053,155.50109448610908,251.00000476837158,35.312836065510204,56.9997404206024,-1.3500036904000925e-62,0.22709059497111578,-0.011067114456459137,-0.06254599139400341,3.643855477787649e-15,-0.00642014817003967,0.0004193132940937969,0.006433826712297085,0.0
994,8.245509800000036,155.5009259347597,250.9999897480011,35.31279778908399,56.99973700961753,-2.7000073808001854e-63,0.22709059497111578,-0.011105390882676147,-0.0625425804091364,3.643855477787649e-15,-0.005447435080912809,0.00043429871424298865,0.005464719968484447,0.0
995,8.249945099999877,155.50076935600438,250.99997454881668,35.31276223152128,56.999733558025696,-5.400014761600371e-64,0.22709059497111578,-0.011140948445380161,-0.06253912881729917,3.643855477787649e-15,-0.0059714778519001695,0.0003954630203594855,0.005984558357657322,0.0
996,8.261461600000075,155.50062721448938,250.99997074902058,35.31272995252007,56.99973269512774,-1.0800029523200743e-64,0.22709059497111578,-0.011173227446590772,-0.06253826591934342,3.643855477787649e-15,-0.004575796700339348,0.00024100696233220122,0.004582139216428181,0.0
997,8.265964499999882,155.50050012637627,250.99996979907155,35.31270109200485,56.99973247940325,-2.160005904640149e-65,0.22709059497111578,-0.011202087961812879,-0.0625380501948527,3.643855477787649e-15,-0.005263330207613345,0.00018201731283013008,0.005266476542864787,0.0
998,8.277043499999763,155.50038824570538,250.9999695615843,35.31267568495673,56.999732425472125,-4.3200118092802983e-66,0.22709059497111578,-0.011227495009933364,-0.06253799626372825,3.643855477787649e-15,-0.003950994333922401,2.642853298455243e-05,0.003951082724272251,0.0
999,8.28027340000017,155.5002916109869,250.99996950221248,35.312653740121014,56.99973241198935,-8.640023618560597e-67,0.22709059497111578,-0.011249439845649079,-0.06253798278095246,3.643855477787649e-15,-0.004286657935920248,1.1493409795063902e-05,0.004286673343987941,0.0
1000,8.292972400000053,155.50021023184829,250.99996948736953,35.312635259684015,56.999732408618655,-1.7280047237121195e-67,0.22709059497111578,-0.011267920282648447,-0.06253797941025852,3.643855477787649e-15,-0.0031873403680894776,1.915158916883571e-06,0.0031873409434647,0.0
1001,8.296323200000188,155.50014411069645,250.9999694836588,35.3126202441923,56.99973240777598,-3.456009447424239e-68,0.22709059497111578,-0.01128293577436068,-0.06253797856758325,3.643855477787649e-15,-0.0028628788214977003,9.422465162859706e-07,0.002862878976556389,0.0
1002,8.308978000000025,155.5000932481331,250.9999694827311,35.31260869378253,56.99973240756531,-6.912018894848479e-69,0.22709059497111578,-0.0112944861841342,-0.06253797835691444,3.643855477787649e-15,-0.002145989091735875,1.0818178638797084e-07,0.0021459890944626595,0.0
1003,8.324901800000134,155.50004620021687,250.99996948249918,35.31259800964324,56.999732407512646,-1.3824037789696958e-69,0.22709059497111578,-0.011305170323424818,-0.06253797830424901,3.643855477787649e-15,-0.0019354198732029855,5.5146577153171355e-08,0.0019354198739886406,0.0
1004,8.328162899999825,155.5000001059624,250.9999694824412,35.31258754207157,56.99973240749947,-2.7648075579393917e-70,0.22709059497111578,-0.01131563789509471,-0.06253797829107555,3.643855477787649e-15,-0.001253796087628646,4.894940898468837e-09,0.0012537960876382011,0.0
1005,8.341123799999878,155.499977138307,250.9999694824267,35.312582326333036,56.99973240749618,-5.5296151158787835e-71,0.22709059497111578,-0.011320853633627337,-0.06253797828778573,3.643855477787649e-15,-0.001127330202843768,1.5687047697221725e-09,0.0011273302028448594,0.0
1006,8.344760899999983,155.49995995230137,250.99996948242307,35.31257842355279,56.99973240749536,-1.1059230231757567e-71,0.22709059497111578,-0.011324756413870318,-0.0625379782869615,3.643855477787649e-15,-0.001193275808752081,9.100869163141375e-10,0.001193275808752428,0.0
1007,8.357508900000084,155.49994421170817,250.99996948242216,35.31257484901212,56.99973240749515,-2.2118460463515134e-72,0.22709059497111578,-0.011328330954540888,-0.06253797828675545,3.643855477787649e-15,-0.0005654708079471996,1.0240213191279766e-10,0.0005654708079472089,0.0
1008,8.360998999999993,155.49992883246807,250.99996948242193,35.312571356531336,56.9997324074951,-4.423692092703027e-73,0.22709059497111578,-0.011331823435327237,-0.06253797828670571,3.643855477787649e-15,-0.0004986329461184448,5.163694019685409e-11,0.0004986329461184474,0.0
1009,8.373330599999917,155.49992498765803,250.99996948242188,35.312570483411136,56.99973240749509,-8.847384185406055e-74,0.22709059497111578,-0.011332696555527377,-0.0625379782866915,3.643855477787649e-15,-0.00028485065414407854,6.3134916550033705e-12,0.0002848506541440786,0.0
1010,8.376529699999992,155.49992402645552,250.99996948242188,35.312570265131086,56.99973240749509,-1.769476837081211e-74,0.22709059497111578,-0.011332914835577412,-0.0625379782866915,3.643855477787649e-15,-0.000229382169535643,3.0807117151102244e-12,0.00022938216953564302,0.0
1011,8.389724199999819,155.4999237861549,250.99996948242188,35.31257021056108,56.99973240749509,-3.5389536741624225e-75,0.22709059497111578,-0.011332969405586368,-0.0625379782866915,3.643855477787649e-15,-2.9309093197251718e-05,2.3047868427922566e-13,2.930909319725172e-05,0.0
1012,8.394185900000139,155.49992372607974,250.99996948242188,35.31257019691857,56.99973240749509,-7.077907348324845e-76,0.22709059497111578,-0.01133298304809216,-0.0625379782866915,3.643855477787649e-15,-1.5199333581604657e-05,-0.00015525228421958492,0.00015599452393184727,0.0
1013,8.404952700000194,155.49992371106094,250.99996948242188,35.312570193507945,56.99973240749509,-1.415581469664969e-76,0.22709059497111578,-0.011332986458718608,-0.0625379782866915,3.643855477787649e-15,-1.556389930586012e-06,-0.00020702789299952413,0.00020703374321457468,0.0
1014,8.408300600000075,155.49992370730627,250.99998092651367,35.31257019265529,56.9997350063407,-2.8311629393299383e-77,0.22709059497111578,-0.011332987311369891,-0.0625405771323031,3.643855477787649e-15,-7.322792087472419e-07,-0.0004023934456803172,0.0004023941119839081,0.0
1015,8.420849199999793,155.49992370636758,250.99999523162842,35.312570192442124,56.99973825489772,-5.662325878659877e-78,0.22709059497111578,-0.011332987524539817,-0.0625438256893247,3.643855477787649e-15,0.29935018119849144,-0.00045652205297590844,0.2993505293062875,0.0
1016,8.424341099999765,155.4999237061329,251.0000102519989,35.31257019238883,56.99974166588259,-1.1324651757319753e-78,0.22709059497111578,-0.011332987577830522,-0.06254723667419171,3.643855477787649e-15,0.41863248417610827,-0.0005006138214954363,0.418632783500836,0.0
1017,8.437094400000205,155.5839805603223,251.00002545118332,35.3316587134181,56.999745117474426,-2.2649303514639507e-79,0.22709059497111578,0.007755533451437202,-0.06255068826602894,3.643855477787649e-15,0.3913319059995975,-0.00034868710347072117,0.39133206134429355,0.0
1018,8.441008499999953,155.59426021576417,251.00002925097942,35.333993126488494,56.99974598037238,-4.529860702927902e-80,0.22709059497111578,0.010089946521830484,-0.0625515511639847,3.643855477787649e-15,0.24959862415661022,-0.0002997771987399584,0.2495988041783086,0.0
1019,8.453982200000155,155.58646178245667,251.00003020092845,35.33222217562885,56.99974619609687,-9.059721405855804e-81,0.22709059497111578,0.008318995662186524,-0.06255176688847541,3.643855477787649e-15,0.2021360467234027,-0.0001046462475606205,0.2021360738111898,0.0
1020,8.457746099999895,155.57471603155167,251.0000304384157,35.32955482606745,56.99974625002799,-1.8119442811711609e-81,0.22709059497111578,0.005651646100787389,-0.06255182081959276,3.643855477787649e-15,-0.24996676761743947,-5.071869567487833e-05,0.24996677276289558,0.0
1021,8.46924029999991,155.5627044290305,251.00003049778752,35.32682710410437,56.99974626351077,-3.623888562342322e-82,0.22709059497111578,0.002923924137704148,-0.06255183430237565,3.643855477787649e-15,-0.10561257743810454,-6.640179162598756e-06,0.10561257764684852,0.0
1022,8.472593299999971,155.55142745003107,251.00003051263047,35.32426620823391,56.999746266881466,-7.247777124684645e-83,0.22709059497111578,0.0003630282672446583,-0.0625518376730696,3.643855477787649e-15,0.8651946212619297,-3.324880980387837e-06,0.8651946212683184,0.0
1023,8.48531099999991,155.62524928804487,251.0000305163412,35.34103045335032,56.99974626772414,-1.449555424936929e-83,0.22709059497111578,0.017127273383657382,-0.06255183851574486,3.643855477787649e-15,1.2994182483395966,-4.6004019273781444e-07,1.2994182483396781,0.0
1024,8.489414399999987,155.7104924672749,251.0000305172689,35.3603883776389,56.99974626793481,-2.899110849873858e-84,0.22709059497111578,0.036485197672234904,-0.06255183872641368,3.643855477787649e-15,1.1466693471051035,-2.261588530161467e-07,1.1466693471051257,0.0
1025,8.50161590000016,155.78906949743396,251.00003051750082,35.378232482168784,56.999746267987476,-5.798221699747716e-85,0.22709059497111578,0.05432930220212029,-0.0625518387790791,3.643855477787649e-15,1.4661906379184946,-2.515529862712783e-08,1.4661906379184948,0.0
1026,8.505272400000194,155.7729509681085,251.0000305175588,35.374572115754205,56.99974626800064,-1.1596443399495434e-85,0.22709059497111578,0.050668935787541614,-0.06255183879224546,3.643855477787649e-15,0.847281741733392,-1.1946862218502014e-08,0.8472817417333921,0.0
1027,8.517988199999763,155.81964155062087,251.0000305175733,35.38517510791649,56.99974626800394,-2.3192886798990868e-86,0.22709059497111578,0.061271927949825056,-0.06255183879554238,3.643855477787649e-15,0.050223082611594416,-1.6822753137059841e-09,0.050223082611594444,0.0
1028,8.521771600000193,155.79004680122944,251.00003051757693,35.378454418669165,56.99974626800476,-4.638577359798174e-87,0.22709059497111578,0.05455123870250134,-0.06255183879636661,3.643855477787649e-15,-0.1063257513842823,-8.196234634426941e-10,0.1063257513842823,0.0
1029,8.533801500000209,155.82883646837377,251.00003051757784,35.387263187259705,56.99974626800497,-9.277154719596347e-88,0.22709059497111578,0.06336000729304203,-0.06255183879657267,3.643855477787649e-15,-0.41341317671128647,-1.0027019837940494e-10,0.41341317671128647,0.0
1030,8.5501177000001,155.87767267910516,251.00003051757807,35.39835343141083,56.99974626800502,-1.8554309439192696e-88,0.22709059497111578,0.07445025144416917,-0.0625518387966224,3.643855477787649e-15,-0.788207014876789,-4.841473833695924e-11,0.788207014876789,0.0
1031,8.55363320000015,155.83840620688568,251.00003051757812,35.38943638487209,56.99974626800503,-3.710861887838539e-89,0.22709059497111578,0.06553320490542802,-0.06255183879663662,3.643855477787649e-15,-0.10067311772390503,-4.8438987012802426e-12,0.10067311772390503,0.0
1032,8.565980700000182,155.78185191793236,251.00003051757812,35.37659343774551,56.99974626800503,-7.421723775677079e-90,0.22709059497111578,0.05269025777884906,-0.06255183879663662,3.643855477787649e-15,-0.07896406458087832,-1.4181446489580042e-12,0.07896406458087832,0.0
1033,8.569831400000112,155.81002215306708,251.00003051757812,35.38299063320273,56.99974626800503,-1.484344755135416e-90,0.22709059497111578,0.05908745323606723,-0.06255183879663662,3.643855477787649e-15,0.30932791117178216,-8.084684804440572e-13,0.30932791117178216,0.0
1034,8.581615399999919,155.85365147332536,251.00003051757812,35.39289844149837,56.99974626800503,-2.968689510270832e-91,0.22709059497111578,0.06899526153170399,-0.06255183879663662,3.643855477787649e-15,0.9597377717373813,4.4795325627117156e-05,0.959737772782782,0.0
1035,8.58525920000011,155.89570962126103,251.00003051757812,35.402449451336466,56.99974626800503,-5.9373790205416644e-92,0.22709059497111578,0.07854627136980241,-0.06255183879663662,3.643855477787649e-15,1.5006954256092029,0.00020085590507509834,1.5006954390506693,0.0
1036,8.596862400000191,155.93227091117464,251.00001907348633,35.41075217641586,56.99974366915942,-1.187475804108333e-92,0.22709059497111578,0.08684899644919852,-0.06254923995102502,3.643855477787649e-15,1.2620232803338194,0.0002576016190500528,1.2620233066243778,0.0
1037,8.601025599999957,155.9627887971296,251.00000476837158,35.417682501294635,56.9997404206024,-2.374951608216666e-93,0.22709059497111578,0.09377932132797184,-0.06254599139400341,3.643855477787649e-15,1.294786295810769,0.00041354585909359696,1.2947863618526223,0.0
1038,8.613047599999845,155.98756151813006,250.9999897480011,35.42330815324568,56.99973700961753,-4.7499032164333324e-94,0.22709059497111578,0.09940497327901454,-0.0625425804091364,3.643855477787649e-15,0.8283722237193838,0.0004281918518592057,0.8283723343871757,0.0
1039,8.61747430000014,156.00714428578252,250.99997454881668,35.42775521560306,56.999733558025696,-9.499806432866665e-95,0.22709059497111578,0.10385203563639323,-0.06253912881729917,3.643855477787649e-15,0.809459117380322,0.0003941053793047595,0.8094592133203375,0.0
1040,8.629257699999926,156.02214511075226,250.99997074902058,35.43116176187049,56.99973269512774,-1.8999612865733333e-95,0.22709059497111578,0.10725858190382809,-0.06253826591934342,3.643855477787649e-15,0.5056744870430192,0.00023895210499051526,0.5056745435003912,0.0
1041,8.633286599999792,156.03316231528572,250.99996979907155,35.43366366540292,56.99973247940325,-3.799922573146667e-96,0.22709059497111578,0.10976048543625438,-0.0625380501948527,3.643855477787649e-15,0.4636667482544062,0.00018284710077316776,0.46366678430730524,0.0
1042,8.64517479999995,156.04079179952456,250.9999695615843,35.435396249518035,56.999732425472125,-7.599845146293334e-97,0.22709059497111578,0.11149306955137206,-0.06253799626372825,3.643855477787649e-15,0.27215012677376993,2.696000760153988e-05,0.2721501281091395,0.0
1043,8.649383500000113,156.04557163762527,250.99996950221248,35.43648170579619,56.99973241198935,-1.5199690292586668e-97,0.22709059497111578,0.11257852582952665,-0.06253798278095246,3.643855477787649e-15,0.22089422862389346,1.235713607546149e-05,0.22089422896953131,0.0
1044,8.66118009999991,156.0480140031563,250.99996948736953,35.43703634403777,56.999732408618655,-3.0399380585173335e-98,0.22709059497111578,0.11313316407110818,-0.06253797941025852,3.643855477787649e-15,0.09332376602464969,1.6516723861230982e-06,0.09332376603926558,0.0
1045,8.66508849999991,156.0485788181719,250.9999694836588,35.43716460821571,56.99973240777598,-6.079876117034668e-99,0.22709059497111578,0.1132614282490465,-0.06253797856758325,3.643855477787649e-15,0.04159192436413943,7.469216565364837e-07,0.04159192437084616,0.0
1046,8.677519599999869,156.04765572138868,250.9999694827311,35.436954981617994,56.99973240756531,-1.2159752234069336e-99,0.22709059497111578,0.11305180165133066,-0.06253797835691444,3.643855477787649e-15,-0.02107735909568274,1.0643780458379784e-07,0.021077359095951487,0.0
1047,8.681643100000201,156.04560533659716,250.99996948249918,35.43648935851577,56.999732407512646,-2.4319504468138673e-100,0.22709059497111578,0.11258617854910824,-0.06253797830424901,3.643855477787649e-15,-0.07238571766554605,4.9468822891979256e-08,0.07238571766556295,0.0
1048,8.693305899999814,156.04275814567274,250.9999694824412,35.435842788234744,56.99973240749947,-4.863900893627735e-101,0.22709059497111578,0.1119396082680808,-0.06253797829107555,3.643855477787649e-15,-0.09266769516169598,6.3609070429492704e-09,0.09266769516169619,0.0
1049,8.697004600000128,156.03934554227754,250.9999694824267,35.43506781809933,56.99973240749618,-9.72780178725547e-102,0.22709059497111578,0.11116463813266364,-0.06253797828778573,3.643855477787649e-15,-0.1423302943037739,2.9839047350586336e-09,0.14233029430377392,0.0
1050,8.709377000000131,156.03560848029593,250.99996948242307,35.434219166470484,56.99973240749536,-1.945560357451094e-102,0.22709059497111578,0.1103159865038208,-0.0625379782869615,3.643855477787649e-15,-0.13388169110471193,4.3029413252662345e-10,0.13388169110471193,0.0
1051,8.712705599999936,156.03172163911694,250.99996948242216,35.433336501394585,56.99973240749515,-3.8911207149021884e-103,0.22709059497111578,0.10943332142792173,-0.06253797828675545,3.643855477787649e-15,-0.17872500011314402,2.0530904929735995e-10,0.17872500011314402,0.0
1052,8.7252411999998,156.02782024132222,250.99996948242193,35.43245053064816,56.9997324074951,-7.782241429804377e-104,0.22709059497111578,0.10854735068149779,-0.06253797828670571,3.643855477787649e-15,-0.1486929543914001,2.7418824824423513e-11,0.1486929543914001,0.0
1053,8.728328600000168,156.02401820119968,250.99996948242188,35.43158712309463,56.99973240749509,-1.5564482859608756e-104,0.22709059497111578,0.10768394312796659,-0.0625379782866915,3.643855477787649e-15,-0.17286597892964273,1.4095143509861088e-11,0.17286597892964273,0.0
1054,8.742164799999955,156.02040121778037,250.99996948242188,35.43076574017794,56.99973240749509,-3.1128965719217513e-105,0.22709059497111578,0.10686256021127605,-0.0625379782866915,3.643855477787649e-15,-0.132583465010313,1.7141188518940773e-12,0.132583465010313,0.0
1055,8.746211600000152,156.01702504809742,250.99996948242188,35.42999904379592,56.99973240749509,-6.225793143843503e-106,0.22709059497111578,0.10609586382925329,-0.0625379782866915,3.643855477787649e-15,-0.12633355760530224,9.205710120819569e-13,0.12633355760530224,0.0
1056,8.757206100000076,156.0139379636845,250.99996948242188,35.42929799595986,56.99973240749509,-1.2451586287687006e-106,0.22709059497111578,0.10539481599319345,-0.0625379782866915,3.643855477787649e-15,-0.09776696586283233,-0.0001261851186708294,0.09776704729461966,0.0
1057,8.773252500000126,156.01115203242503,250.99996948242188,35.428665337172596,56.99973240749509,-2.4903172575374012e-107,0.22709059497111578,0.10476215720593274,-0.0625379782866915,3.643855477787649e-15,-0.09445278863024627,-0.00018272650396937624,0.09445296537962813,0.0
1058,8.777371600000151,156.00867027128984,250.99998092651367,35.42810175255983,56.9997350063407,-4.980634515074803e-108,0.22709059497111578,0.10419857259316956,-0.0625405771323031,3.643855477787649e-15,-0.0824864581274089,-0.0003923752358238726,0.08248739135607618,
1059,8.78886250000005,156.00650487861347,250.99999523162842,35.42761001224861,56.99973825489772,-9.961269030149607e-109,0.22709059497111578,0.10370683228194366,-0.0625438256893247,0.3817510604858435,-0.2665736369407069,-0.09242487305613824,0.28214156211242447,
1060,8.792116499999793,156.00464745988774,251.0000102519989,35.42718820992507,56.99974166588259,-1.9922538060299216e-109,0.22709059497111578,0.10328502995840694,-0.06254723667419171,0.4581012725830114,-0.35785454338319267,-0.13218146654745894,0.38148632258395626,
1061,8.804848199999924,155.94946890232546,251.02580899000168,35.41465767845861,57.00560031664514,1.9087553024291992,0.22709059497111578,0.09075449849194683,-0.06840588743674658,0.473371315002445,-0.31617633680186685,-0.12330749010502784,0.3393703184862357,
1062,8.808451100000184,155.94160230248565,251.02896277606487,35.412871247620586,57.006316511798644,0.38175106048583984,0.22709059497111578,0.08896806765392284,-0.06912208259024766,,-0.8143234835098264,-0.4080138986820734,0.9108227474724837,
1063,8.820875500000056,155.9455179157093,251.02656976506114,35.41376044655722,57.005773081506035,0.07635021209716797,0.22709059497111578,0.08985726659055615,-0.0685786522976386,,-0.9640096645432497,-0.499300919652482,1.0856408437870249,
1064,8.82445800000005,155.905549858566,251.0490313572809,35.40468407668071,57.010873897847226,1.9240251541137696,0.22709059497111578,0.08078089671404598,-0.07367946863882935,,-1.3806430953809086,-0.6979879527869903,1.5470496239806757,
1065,8.8370788000002,155.85675092899697,251.07445647823624,35.393602298730926,57.016647703692186,2.29356014251709,0.22709059497111578,0.06969911876426238,-0.07945327448378947,,-1.4168393098392158,-0.7339478687147334,1.5956544437617328,
1066,8.84068389999993,155.80805598786446,251.0975325765903,35.38254413557706,57.02188806859702,2.3674673309326173,0.22709059497111578,0.058640955610393064,-0.08469363938862529,,-1.8526734355378525,-0.9857945867589999,2.0986161692960854,
1067,8.852697799999987,155.7722502030208,251.11756093955773,35.374412978593504,57.02643632145959,2.3822485778808593,0.22709059497111578,0.05050979862684102,-0.08924189225119505,2.4826646028808574,-1.449942820914383,-0.7618754919803344,1.6379219911831686,
1068,8.856457700000192,155.73735500070637,251.13768567556326,35.36648860633829,57.03100645973272,2.65749849029541,0.22709059497111578,0.042585426371623214,-0.09381203052432596,2.5686642682324194,-1.6025116374302186,-0.8646932604058761,1.8209167973003668,
1069,8.86945650000007,155.70759695940512,251.15509936688886,35.35973083503401,57.03496094525649,2.7125484727783205,0.22709059497111578,0.035827655067343755,-0.09776651604809672,2.6403228957607396,-1.0562435565668191,-0.6143067221203478,1.2218932848784994,16.33952718569383
1070,8.872790500000065,155.68350629551534,251.16936337321636,35.35426007183803,57.03820016694008,2.723558469274902,0.22709059497111578,0.0303568918713637,-0.10100573773168264,2.709113353871385,-1.111355669179818,-0.6546739624407344,1.2898486037190464,9.07630556931586
1071,8.885491900000034,155.6647120230976,251.18064269266932,35.34999206933263,57.04076159430552,2.7257604685742187,0.22709059497111578,0.02608888936596543,-0.10356716509712527,2.7228714454935163,-0.7264487493361895,-0.4344459299720406,0.846446130289096,2.122612839797992
1072,8.888860800000202,155.6505835233525,251.1892532329818,35.34678361991947,57.042716967028106,2.726200868434082,0.22709059497111578,0.022880439952807308,-0.10552253781970933,2.671164331212961,0.2590733586331285,-0.42124861022122173,0.4945395805865901,-5.030791213599537
1073,8.901362499999777,155.64050537790843,251.19554862929039,35.34449496787437,57.0441465923214,2.7262889484060544,0.22709059497111578,0.020591787907704884,-0.10695216311300015,2.660822908356853,0.6089189032789819,-0.23644868688992773,0.65321528786645,-3.6591305395636873
1074,8.905153600000176,155.71408905199664,251.19952573764488,35.361205128203224,57.04504975622389,2.4540129013755467,0.22709059497111578,0.037301948236560634,-0.10785532701549272,2.6805297168642417,0.5158150186083068,-0.1751171165531959,0.5447303350574424,1.5616077493450233
1075,8.917711799999779,155.72007957501089,251.20215651986044,35.362565519638714,57.04564718212246,2.6718513549943474,0.22709059497111578,0.038662339672050905,-0.10845275291406153,2.6844710785657213,0.6662711349728071,-0.05875233152142195,0.6688565330152316,4.14748122082994
1076,8.920967500000188,155.708588161575,251.2006512820647,35.3599559277245,57.045305356775856,2.8242945111111744,0.22709059497111578,0.036052747757835846,-0.10811092756745921,2.707034443984628,0.534643196461789,-0.049906060293177915,0.5369673755237514,4.529274479376755
1077,8.933696399999917,155.6973725652961,251.2005725190025,35.35740897129257,57.045287470425194,2.745907676941473,0.22709059497111578,0.03350579132590781,-0.1080930412167973,2.7877809427520037,-0.3849233355946782,-0.00462906816196107,0.3849511690557405,8.245217186686329
1078,8.93700519999993,155.68511584640214,251.20159424059045,35.35462558570655,57.0455194937885,2.8391057755005993,0.22709059497111578,0.030722405739886938,-0.10832506458010016,2.8257053355840913,0.29111479143837327,-0.036371581432181686,0.29337810710768003,6.132713084965333
1079,8.949797899999794,155.67440701335835,251.20226165829214,35.35219371043919,57.04567105807147,2.8577453952124245,0.22709059497111578,0.028290530472524722,-0.10847662886307319,2.8332902141505087,0.4563071288310745,-0.057265903135603244,0.45988648543308497,6.061680772514642
1080,8.953597300000183,155.73277259074194,251.20571296706328,35.36544798413306,57.046454817833734,2.86147331915479,0.22709059497111578,0.041544804166399274,-0.10926038862533716,2.856582282942404,0.8226490785879418,-0.0665056158505921,0.8253329651972325,2.360685488852192
1081,8.966584599999806,155.73416894724602,251.2056831550959,35.36576508356236,57.04644804781633,2.862218903943263,0.22709059497111578,0.04186190359569508,-0.10925361860793004,2.8612406967007837,1.0986446918798525,-0.08555212967233161,1.1019706556380018,4.429724675443715
1082,8.970260000000053,155.76057623339352,251.20640812397906,35.37176192988517,57.046612681431334,2.8623680209009574,0.22709059497111578,0.04785874991850392,-0.10941825222293744,2.8862335061614464,1.405854201690178,-0.15919377359152176,1.41483875192908,3.18063538663953
1083,8.982453600000099,155.78950547802611,251.21528687596546,35.37833148926085,57.04862896250253,2.8623978442924964,0.22709059497111578,0.05442830929418818,-0.11143453329412978,2.9152931947625627,0.7903148053622246,-0.13977353407534093,0.8025796735543714,5.3726741240479985
1084,8.986761300000126,155.81503689196745,251.2224961879855,35.384129433243245,57.05026612945849,2.982709442515726,0.22709059497111578,0.06022625327658204,-0.11307170025009583,2.94516625919177,0.8388557342926274,-0.15320913717719806,0.8527320696855517,4.6754527078449195
1085,8.998817000000145,155.836846381195,251.22829250402762,35.38908216312794,57.05158241831714,3.006771762160372,0.22709059497111578,0.06517898316127457,-0.11438798910874226,3.001928835944799,0.6487778377910405,-0.15311560846900318,0.6666011343867115,5.217177060010955
1086,9.01431969999976,155.85508180403897,251.23284293191512,35.39322325615113,57.05261577769348,3.011584226089301,0.22709059497111578,0.0693200761844679,-0.11542134848508567,3.0640693151625937,0.5899886011448093,-0.1184890595954424,0.6017692304568432,3.7954063148355406
1087,9.018975299999966,155.869047703207,251.23375165705104,35.396394780502504,57.05282214062527,3.1461809046661027,0.22709059497111578,0.07249160053584092,-0.11562771141687023,3.07649741100615,0.40860807872228666,-0.10164360074851889,0.42106054620475036,2.30819259322415
1088,9.029050000000097,155.8799091731162,251.23340663374518,35.398861318166446,57.05274378907746,3.173100240381463,0.22709059497111578,0.07495813819978281,-0.115549359869064,3.07898303017486,0.35450882397335565,-0.10665582942410001,0.3702053109088447,2.919379729146901
1089,9.033710100000008,155.88891879108178,251.23947729930543,35.400907317670715,57.05412238013141,3.0448499217335194,0.22709059497111578,0.07700413770405135,-0.11692795092301367,3.106206991166807,0.38993986637052747,-0.08406021786116424,0.3988975051462859,1.3962333952807624
1090,9.044911500000126,155.8958403850263,251.2460990306369,35.402479146557724,57.05562611303921,3.0191998580039305,0.22709059497111578,0.07857596659106036,-0.11843168383081348,3.0849249462069928,0.4043133949062925,-0.09734532876143914,0.41586708733960215,1.0031186249773287
1091,9.04947540000012,155.90476911725267,251.2451680987237,35.404506777671344,57.05541470715716,3.1477040310490287,0.22709059497111578,0.0806035977046804,-0.11822027794876533,3.0806685372150286,0.6287443955965395,-0.13029907703840807,0.6421038580098384,-0.21295101119131876
1092,9.061270700000023,155.9438856081706,251.25092062575516,35.413389764867084,57.05672105194332,3.0397706798670328,0.22709059497111578,0.0894865849004205,-0.11952662273492365,3.106544092574841,0.5389986347934461,-0.05556008161511544,0.5418546400818922,2.368943490062882
1093,9.066727999999785,155.97673601996257,251.25469335223957,35.42084978442597,57.05757780264533,3.151818195421649,0.22709059497111578,0.09694660445930481,-0.12038337343693684,3.1384460408050074,0.4141679270076427,0.02650626001694878,0.4150152449993785,2.021306387098905
1094,9.077027199999975,155.97629688951213,251.2511618939681,35.420750062030706,57.056775841685344,3.1742276985325724,0.22709059497111578,0.09684688206404246,-0.11958141247694698,3.118099593292838,0.28550140785740263,-0.006799650677111763,0.2855823683946362,3.1006142703777577
1095,9.08119859999988,155.9674094884913,251.24609049180256,35.41873181684514,57.055624173950235,3.178709599154757,0.22709059497111578,0.09482863687847498,-0.11842974474183876,3.1407571409486077,0.021909821013007633,0.002571374276461865,0.022060195431856007,1.2797135267395934
1096,9.093029099999967,155.95703944487673,251.25235285366352,35.416376877470825,57.05704629743117,3.045971793488178,0.22709059497111578,0.09247369750416112,-0.11985186822277427,3.1452886504797632,-0.2922573284419848,0.03449706265384664,0.2942862439187221,4.213885090937434
1097,9.09753580000006,155.94582953285004,251.25362089774205,35.41383121187911,57.057334258315414,3.153058418145878,0.22709059497111578,0.08992803191245002,-0.1201398291070177,3.176055792229743,-0.4027562551561363,0.05103316041905918,0.4059765812577767,2.5725421534178365
1098,9.10965810000016,155.93494752603476,251.2534801450898,35.411360010476955,57.05730229471187,3.174475743077418,0.22709059497111578,0.08745683051029118,-0.12010786550347063,3.1822092205797397,-0.34683650082048145,-0.03794738492854902,0.3489062371530657,6.695869792015477
1099,9.114191799999844,155.92372406412588,251.25027494349902,35.40881126783443,57.05657442357562,3.328063407282476,0.22709059497111578,0.08490808786776682,-0.1193799943672218,3.240027583251691,-0.4216326584241398,-0.10347265589154207,0.43414362734820466,5.672970415405122
1100,9.125214000000142,155.9138114176428,251.25846869925365,35.406560199046844,57.058435148444985,3.2094767409047376,0.22709059497111578,0.0826570190801803,-0.12124071923658875,3.28145209562983,-0.3408679013340058,-0.09736022602946448,0.35449956244311204,8.735497784486544
1101,9.129148500000156,155.90388315226227,251.26622773999895,35.40430558335455,57.06019715362424,3.33506360684794,0.22709059497111578,0.08040240338788607,-0.1230027244158407,3.3195978379492073,-0.3932477728930074,-0.09907456402158524,0.4055361637651783,4.691595702731826
1102,9.141427699999895,155.89517549997964,251.26803017108372,35.40232815741689,57.060606468771674,3.3601809800365805,0.22709059497111578,0.0784249774502257,-0.12341203956327718,3.3272270627070277,-0.2863229853419737,-0.13046342698330377,0.3146451298135217,12.801567708893108
1103,9.145094900000004,155.88765419603982,251.26812601200922,35.400620140030234,57.06062823334447,3.3652044546743083,0.22709059497111578,0.0767169600635711,-0.12343380413607008,3.43023209467031,-0.19549466277366567,-0.02327660783363472,0.19687550290787853,10.132880647870763
1104,9.157291099999838,155.88617441326778,251.26793253449645,35.40028409528011,57.06058429642098,3.3662095310715805,0.22709059497111578,0.07638091531344315,-0.12338986721258038,3.450833101062968,-0.09611855282583796,0.05352127328684163,0.11001501211915668,13.569245267172096
1105,9.160740199999964,155.88997011698882,251.26235666878037,35.40114606389645,57.059318069758035,3.724501900721152,0.22709059497111578,0.07724288392978451,-0.12212364054963842,3.4885331668434523,-0.4951472709744559,0.04632591076738235,0.4973096720976566,4.412197919286369
1106,9.172959699999865,155.88587219843666,251.26579210908963,35.400215465134295,57.06009822594185,3.438068638811223,0.22709059497111578,0.07631228516763144,-0.12290379673345342,3.496073256293495,-0.41430489694570544,0.030913927387365432,0.41545663857941045,7.237904565458453
1107,9.176411099999768,155.8531018081541,251.26684551872748,35.39277361770759,57.06033744536326,3.5486813089390026,0.22709059497111578,0.0688704377409266,-0.123143016154863,3.531161062391513,-0.364060013282087,0.06811748251286867,0.37037775944951706,4.940751251702825
1108,9.188905500000146,155.84971572913813,251.27141184965257,35.39200467100924,57.06137441616987,3.4029049019245194,0.22709059497111578,0.0681014910425759,-0.12417998696147237,3.5816252788845526,-0.3641281220201496,0.007780890406261769,0.36421124570973257,13.07643297088092
1109,9.192170799999985,155.85293186197202,251.26868532935652,35.392735024527994,57.06075524905364,3.541648561561662,0.22709059497111578,0.06883184456133051,-0.12356081984524536,3.6633364693511288,-0.5783784545264272,0.05927747888531894,0.5814081665778164,11.102630554714782
1110,9.204981800000041,155.86701104166488,251.2649939031399,35.39593227382115,57.059916960877814,3.9768229831863557,0.22709059497111578,0.07202909385448919,-0.12272253166941738,3.7177171901104615,-0.13009594507188774,0.05555770299470142,0.14146240944574318,17.61719325458379
1111,9.20847989999993,155.8493363785803,251.2620111100623,35.39191852406535,57.05923959662315,3.8466245911441073,0.22709059497111578,0.06801534409868992,-0.12204516741475402,3.800211605136351,-0.09100277830164377,0.05490759616997837,0.10628428753011213,10.723278382521126
1112,9.22103930000003,155.85405009806306,251.2668730167734,35.39298896542722,57.060343689910866,3.8205849127356575,0.22709059497111578,0.06908578546055821,-0.12314926070246912,3.8547489708075426,-0.3487650044627658,0.10647419037691164,0.36465570275854986,8.633269594783027
1113,9.237106600000061,155.86352549448645,251.27297512064843,35.3951407388386,57.06172942031042,3.8153769770539676,0.22709059497111578,0.07123755887193539,-0.12453499110202415,3.822209788668344,-0.48139402282384774,0.08774480253731073,0.4893254086830551,0.18670125519829095
1114,9.2408104000001,155.8461532852427,251.2656772518418,35.39119567350548,57.0600721429411,3.8143353899176295,0.22709059497111578,0.06729249353881528,-0.12287771373270573,3.8157019522405036,-0.5397856676828412,0.003404917671889107,0.5397964065276492,-1.2962751734602365
1115,9.253023100000064,155.82391167336147,251.26719445944482,35.38614481263025,57.06041668651837,3.8141270724903618,0.22709059497111578,0.06224163266358573,-0.12322225730997616,3.814400384954936,-0.6202025487526883,0.009320313149466993,0.620272576950275,-0.6475500054666194
1116,9.256318000000192,155.80302763147512,251.27050344884557,35.381402243132875,57.06116812689014,3.8140854090049086,0.22709059497111578,0.057499063166211783,-0.12397369768174116,3.814140071497823,-0.8437291017540051,-0.011668256127978574,0.8438097803105202,-0.06319722049904941
1117,9.269295399999919,155.78492057364025,251.2738369522993,35.37729030059598,57.06192513417278,3.8140770763078176,0.22709059497111578,0.05338712062931705,-0.1247307049643851,3.8140880088064004,-0.5805235861094495,-0.1341627084028747,0.5958248621494158,-0.0286626223991185
1118,9.272800000000188,155.76973935971864,251.27678748514512,35.37384278969414,57.062595172432225,3.8140754097683995,0.22709059497111578,0.04993960972747402,-0.12540074322382821,3.814077596268117,-0.5613421908311353,-0.2070142217490915,0.5982975373620393,1.056487776557409
1119,9.286477099999956,155.7848496958867,251.2867261681613,35.37727420492475,57.0648521538716,3.814075076460516,0.22709059497111578,0.05337102495808921,-0.12765772466320158,3.8575221690338988,-0.28017532161694164,-0.18526580513692278,0.33588931122646476,1.6440503692648243
1120,9.291417699999784,155.77793849819042,251.29526476347587,35.37570473692794,57.0667911885618,3.8140750097989393,0.22709059497111578,0.05180155696127997,-0.12959675935340442,3.866211083587056,-0.3442221798080138,-0.25702977104272057,0.4295965692065684,1.6988199220822875
1121,9.30218879999984,155.77634802786793,251.30092419257795,35.375343556076125,57.06807639168379,4.031308272833812,0.22709059497111578,0.05144037610946128,-0.1308819624753923,3.867948866497685,-0.1817771864647708,-0.23752148092642253,0.2990976419508,0.6767095754172017
1122,9.305345100000068,155.7674932264494,251.30672213701166,35.373332713953644,57.06939305033485,3.857521649073598,0.22709059497111578,0.0494295339869808,-0.13219862112645586,3.868296423079811,-0.33463339648448087,-0.25745597841761253,0.42221213964748805,0.09239195545658137
1123,9.317490800000087,155.7583215182823,251.31173073566893,35.37124990528907,57.0705304559839,3.8227643243215557,0.22709059497111578,0.0473467253224058,-0.1333360267755026,3.868365934396235,-0.2937628734450523,-0.19036215968175818,0.35004910748835943,-4.110167701452172
1124,9.320980399999826,155.75043243035182,251.31579813191527,35.36945836761716,57.07145412341747,3.815812859371147,0.22709059497111578,0.04555518765049982,-0.1342596942090708,3.8249331813860823,-0.3405680320077824,-0.19274654179458234,0.391328268592271,-3.238788471030983
1125,9.333739900000182,155.7440656271192,251.31900080251006,35.368012526483,57.072181419788336,3.814422566381065,0.22709059497111578,0.044109346516336245,-0.13498699057993946,3.8596932860574893,-0.19230646148271224,-0.10996496263125966,0.2215266758981776,0.7807421787323414
1126,9.337917400000151,155.73914369559816,251.32141508710214,35.36689480212548,57.072729681112776,3.814144507783049,0.22709059497111578,0.0429916221588158,-0.1355352519043791,3.9100919622652084,-0.06276592144748944,-0.0837470747259533,0.10465721867270705,6.44069673526633
1127,9.349724199999855,155.74456223005188,251.32158378276188,35.36812530033845,57.07276799031052,4.031322172430634,0.22709059497111578,0.04422212037178497,-0.13557356110212027,3.9636183527801885,0.06840730985226098,-0.02737257948201431,0.07368051403676845,10.503735366810092
1128,9.353355300000203,155.7521767818782,251.32098508753617,35.36985449344313,57.072632032255505,4.074757705360151,0.22709059497111578,0.04595131347646486,-0.13543760304710872,4.0177702861566225,0.10697444538733454,0.003968986364571284,0.10704804911202247,6.776660188235695
1129,9.365619499999866,155.759871130284,251.32005721548757,35.37160180760051,57.07242132123993,4.083444811946054,0.22709059497111578,0.047698627633849355,-0.1352268920315325,4.028600672831908,0.1492171259737022,0.02909787988466373,0.1520277517351159,5.471796867772698
1130,9.369119200000114,155.76109662778583,251.31852062101058,35.37188010655734,57.072072375085924,4.085182233263234,0.22709059497111578,0.047976926590678204,-0.13487794587752688,4.030766750166967,0.11943362927573355,0.04690284490027332,0.12831316636149406,0.5116120688680962
1131,9.382321200000206,155.75782100142888,251.3188460060827,35.37113624261904,57.072146266975544,3.8682964411594827,0.22709059497111578,0.04723306265237426,-0.13495183776714725,4.031199965633979,0.00031643669091132795,0.04828857792531672,0.04828961472437671,0.22494331736100834
1132,9.386074699999881,155.7570822034822,251.31742817632536,35.37096846855376,57.07182429117238,4.04215255910592,0.22709059497111578,0.04706528858709902,-0.13462986196398674,4.031286608727382,0.03190524045356618,0.05986572086976117,0.06783692876049176,0.01914360969377163
1133,9.397377199999937,155.75114112582173,251.31521977601494,35.36961930569308,57.07132278423195,4.076923782695207,0.22709059497111578,0.0457161257264147,-0.1341283550235559,4.031303937346062,0.045438637879068836,0.04426620564368561,0.06343632062465644,7.436781541345796
1134,9.401574699999856,155.75669397286168,251.31383225723616,35.370880305031164,57.071007691766944,4.083878027413065,0.22709059497111578,0.046977125064501024,-0.1338132625585473,4.124848281365695,0.20306862263147796,0.08567303934588458,0.22040130482419357,9.358241320080442
1135,9.413462999999865,155.76439932329356,251.31269573520748,35.3726301176452,57.07074959830326,4.085268876356636,0.22709059497111578,0.04872693767853775,-0.13355516909486198,4.193651373192083,0.22875884461403506,0.05855742085131598,0.23613466608252667,15.29594785450662
1136,9.417047399999774,155.7759501421027,251.3095162494757,35.375253199960966,57.07002756699673,4.336018161257655,0.22709059497111578,0.05135001999430244,-0.1328331377883316,4.25750621457982,0.4081058783415523,0.0022110853198286026,0.4081118680401508,8.229034703703608
1137,9.428817999999865,155.78029124646318,251.31209738512283,35.376239023933024,57.07061371862653,4.386168018237859,0.22709059497111578,0.05233584396636104,-0.13341928941813563,4.270277182857368,0.3460038668083188,-0.03366165460675242,0.34763743014406995,14.700984595246247
1138,9.433223699999871,155.79537264682088,251.31670232479632,35.37966386811325,57.071659457116795,4.3961979896339,0.22709059497111578,0.055760688146584414,-0.13446502790839787,4.381315415819518,0.34797184626979244,-0.023049817884524575,0.34873442603350446,9.394049847369285
1139,9.44494990000021,155.79485146248646,251.32208787367955,35.37954551205266,57.07288246461693,4.147732868800803,0.22709059497111578,0.055642332085994894,-0.1356880354085348,4.403523062411949,0.20782127174810813,-0.075435094690289,0.2210885218683545,9.12531665544314
1140,9.460881399999835,155.80586771181302,251.31684246402534,35.38204719866658,57.07169128141769,4.640460041167388,0.22709059497111578,0.05814401869991315,-0.13449685220929553,4.407964591730438,0.20851124145889305,-0.07738026879177404,0.22240648329807294,0.7877837624493982
1141,9.465539199999967,155.80650461716223,251.3180831440825,35.38219183388127,57.07197302819004,4.447056394219806,0.22709059497111578,0.0582886539146088,-0.13477859898164013,4.408852897594136,0.10986979002143935,-0.06782538086358542,0.12911875560369063,3.297675228184352
1142,9.477070099999764,155.81093248973977,251.32110556385265,35.38319736209936,57.0726593912939,4.40837566483029,0.22709059497111578,0.059294182132695994,-0.13546496208549996,4.517514598073518,0.14374364215723273,-0.04977163553786987,0.15211656834395498,-0.12101010927848099
1143,9.480744200000117,155.81552990588222,251.32417287533815,35.38424139206648,57.0733559488841,4.400639518952386,0.22709059497111578,0.060338212099814825,-0.1361615196757029,4.480857121885213,0.08330961596716922,-0.08120790691949711,0.11634094833223135,0.3797725690889864
1144,9.492972399999871,155.82410647549398,251.32492825911774,35.386189050362425,57.07352748943604,4.691041371197704,0.22709059497111578,0.06228587039576183,-0.13633306022764202,4.501560218322357,0.051426349596247645,-0.07003621611340767,0.08688924559621533,-2.4383953196465407
1145,9.497245399999883,155.82137543479146,251.32647895198647,35.385568856704396,57.07387963720222,4.4571726602258686,0.22709059497111578,0.061665676737732156,-0.13668520799382122,4.505700837609784,-0.03425824137362961,-0.07116247525475056,0.07897926934580272,2.5722489858961124
1146,9.508960900000147,155.81475319097325,251.3267178520103,35.38406500741568,57.07393388915076,4.550571876405526,0.22709059497111578,0.06016182744901499,-0.13673945994236192,4.564918777751448,-0.07063582245414746,-0.05812769362879289,0.09147812951944662,3.047353417358568
1147,9.51275889999988,155.80904642152262,251.32780754527795,35.38276905374577,57.07418134824325,4.429078761267434,0.22709059497111578,0.058865873779105016,-0.13698691903485383,4.57676236577978,-0.014697929543460095,-0.14098618750319503,0.14175025290824206,4.408155164941903
1148,9.524786899999981,155.8144632960545,251.33439710726674,35.383999175006096,57.07567777579588,4.696729219660714,0.22709059497111578,0.06009599503943264,-0.13848334658748485,4.637520899669626,0.04134429355607695,-0.12236534045951535,0.1291612447889233,6.496126853364859
1149,9.528542399999878,155.82172266605465,251.34148044136748,35.38564770965855,57.0772863343512,4.75025931133937,0.22709059497111578,0.06174452969188593,-0.14009190514280334,4.6800278310569725,0.062015688028032326,-0.08544757864109856,0.1055804634258486,5.684098128724111
1150,9.541002500000104,155.82913366944337,251.3408937919825,35.387330678827425,57.07715311179332,4.760965329675101,0.22709059497111578,0.06342749886076149,-0.1399586825849255,4.688529217334442,0.1062874158600118,-0.06759869883624309,0.12596268834282706,4.151341129357915
1151,9.544754600000033,155.82872049011473,251.3379204389624,35.38723684968785,57.076477891286935,4.763106533342247,0.22709059497111578,0.06333366972118881,-0.13928346207853792,4.690229494589936,0.03814229124590539,-0.09348345489300826,0.10096529463246556,1.2898045212678375
1152,9.55694050000011,155.82228861251892,251.33662778430116,35.38577623077784,57.076184341570816,4.471585692654777,0.22709059497111578,0.06187305081117955,-0.13898991236241898,4.723545395377947,-0.012241528497468589,-0.025413234330502004,0.028207933265153282,4.741648851186827
1153,9.560531699999956,155.81851770977036,251.34064193142686,35.38491989422909,57.077095916629894,4.7052306059381825,0.22709059497111578,0.06101671426242916,-0.139901487421497,4.763184420872463,0.026705438194060176,-0.07725475389790769,0.08174030480101631,4.802721951291744
1154,9.572989499999949,155.82877874995236,251.34546779486843,35.38725007994905,57.07819182483009,4.916838815279434,0.22709059497111578,0.06334689998238474,-0.1409973956216959,4.771112225971366,0.04518875130831987,-0.15374369775033858,0.16024714612982238,
1155,9.576465799999824,155.83382737791777,251.34927206956672,35.3883965758775,57.07905573983476,4.959160457147684,0.22709059497111578,0.06449339591083714,-0.14186131062636065,4.900013537113217,0.19053001209215534,-0.19857500450890708,0.275197597961082,
1156,9.588929600000029,155.83752712646185,251.36038549175692,35.38923675397562,57.08157949349209,4.802745558836763,0.22709059497111578,0.06533357400895312,-0.14438506428369635,4.994719733179478,0.2975986759973184,-0.15240480710623033,0.33435340163432486,
1157,9.592252099999769,155.8464057073967,251.36331262049782,35.39125299620261,57.082244216899426,5.1160922483640325,0.22709059497111578,0.06734981623594649,-0.14504978769102905,5.049611060893707,0.3846167973801915,-0.13318949863565957,0.4070252122090395,9.275734848453487
1158,9.604909399999997,155.8629533555601,251.3645937190893,35.39501081146941,57.08253514234078,5.178761586269486,0.22709059497111578,0.07110763150274835,-0.14534071313238428,5.0965394149375305,0.339514889409358,-0.08126643256342439,0.34910541845155335,14.87444073554409
1159,9.608119600000009,155.87174801296229,251.36447911824888,35.39700799545144,57.082509117567746,5.191295453850577,0.22709059497111578,0.07310481548477554,-0.14531468835934902,5.1748510195841835,0.3890322780975617,-0.028301362066403577,0.3900603549408633,9.776519973130652
1160,9.620880899999975,155.87760878668783,251.36385537526536,35.39833892204376,57.082367471402506,5.193802227366795,0.22709059497111578,0.07443574207709958,-0.14517304219410931,5.1905133405135135,0.278490542432692,0.015044325908804492,0.2788966008514721,8.880831425868411
1161,9.62395030000016,155.88186633851765,251.36301279401164,35.39930577202192,57.08217612912429,5.194303582070039,0.22709059497111578,0.07540259205525501,-0.1449816999158955,5.193645804699381,0.24919572962947356,0.03372770457177108,0.25146783039038284,0.7653435857269266
1162,9.636960199999976,155.88496777481495,251.36205828273143,35.40001007903594,57.08195936858976,5.194403853010687,0.22709059497111578,0.07610689906927348,-0.1447649393813606,5.194272297536553,0.15698543584364438,0.03330610676613932,0.16047966791757906,0.36897314697507394
1163,9.640238699999827,155.8871393130885,251.36104145666917,35.40050321495448,57.0817284569543,5.194423907198817,0.22709059497111578,0.07660003498781975,-0.1445340277459053,5.194397596103988,0.15872409524457806,0.04333824669252454,0.16453431872284882,0.029451157938880104
1164,9.652894299999843,155.89611649331118,251.36070714151106,35.40254184815241,57.08165253712614,5.1944279180364425,0.22709059497111578,0.0786386681857465,-0.1444581079177425,5.194422655817477,0.0941592302286211,0.034488982170795865,0.10027686935891024,0.013889863573462734
1165,9.656300999999985,155.8978114719606,251.35978814402034,35.402926761862375,57.081443841439196,5.194428720203968,0.22709059497111578,0.07902358189571146,-0.14424941223079912,5.194427667760175,0.06749361684240894,0.04414265405987754,0.08064714639663285,0.0011762672079854302
1166,9.669239800000014,155.8973654656464,251.35875730822187,35.40282547802312,57.0812097483244,5.194428880637473,0.22709059497111578,0.07892229805645457,-0.14401531911600074,5.194428670148715,0.05933272603219636,0.030925920760254792,0.0669087808384014,0.0005353011581903284
1167,9.672742799999924,155.89614388716356,251.35775573330545,35.402548069038644,57.08098230008072,5.194428912724174,0.22709059497111578,0.07864488907198108,-0.14378787087232325,5.194428870626424,0.04635028434511518,0.029927692632856308,0.05517259868086468,4.597163552194158e-05
1168,9.685221600000204,155.90216707530652,251.35751678366816,35.403915878417656,57.08092803686542,5.194428919141514,0.22709059497111578,0.08001269845099301,-0.14373360765702614,5.1944289107219666,0.0050960435207599575,0.02655719058315431,0.027041709103447206,2.0314442698759347e-05
1169,9.70126160000018,155.90896004275243,251.35744560216705,35.40545849743656,57.080911872215985,5.194428920424983,0.22709059497111578,0.08155531746989908,-0.14371744300758849,5.194428918741074,-0.0060441152415964955,0.02586480508295797,0.026561616498871215,1.3791881036710593e-06
1170,9.705039500000112,155.90740816254356,251.35670682900854,35.40510608003661,57.08074410377987,5.194428920681676,0.22709059497111578,0.08120290006994679,-0.14354967457147438,5.194428920344895,-0.03491958269667618,0.02176043515533981,0.04114479060415492,3.1661842020069336e-07
1171,9.717676100000062,155.90387306724722,251.3558927106701,35.40430329314248,57.08055922516202,5.1944289207330145,0.22709059497111578,0.08040011317581985,-0.14336479595362306,5.1944289206656595,-0.07085827542667633,0.023421751770961743,0.07462890627942549,1.5544169680235112e-07
1172,9.721584500000063,155.90002527364774,251.35512842058745,35.40342949540465,57.080385662072416,5.194428920743283,0.22709059497111578,0.07952631543798816,-0.14319123286401947,5.194428920729813,-0.1282106890580671,0.02963178537682047,0.1315903624638306,1.4287487809522827e-08
1173,9.733638400000018,155.89630529912483,251.35445669621132,35.40258472417697,57.08023311978418,5.194428920745336,0.22709059497111578,0.07868154421030482,-0.14303869057578567,5.194428920742644,-0.1211270116680341,0.02256357588676126,0.12321066476740439,6.034289082045777e-09
1174,9.737746400000105,155.8928576052988,251.3538767778126,35.40180178533473,57.08010142576998,5.194428920745747,0.22709059497111578,0.0778986053680697,-0.14290699656158523,5.194428920745208,-0.1424105523344802,0.024624761970499575,0.1445238538038461,5.769405452933298e-10
1175,9.749976600000082,155.8897411957583,251.353388475459,35.40109407803801,57.07999053689798,5.194428920745829,0.22709059497111578,0.07719089807134338,-0.14279610768958406,5.1944289207457235,-0.1097102164625245,-0.012139431093720045,0.1103797870243151,2.3118304565935305e-10
1176,9.753693799999837,155.8869593773087,251.3529802975757,35.40046235323119,57.079897843539605,5.194428920745845,0.22709059497111578,0.07655917326452766,-0.14270341433120848,5.194428920745825,-0.13347203136733907,-0.12299639606484761,0.18150178126471597,2.372190606691665e-11
1177,9.765495300000111,155.88383777523538,251.36022536003844,35.399753466759094,57.08154312908488,5.194428920745849,0.22709059497111578,0.07585028679243067,-0.14434869987648113,5.194428920745846,-0.10429156169882797,-0.15678353406332327,0.1883024333219454,1.0024364188061981e-11
1178,9.768951300000026,155.88096310591823,251.36846820524397,35.399100656393514,57.083415001706854,5.19442892074585,0.22709059497111578,0.07519747642685104,-0.1462205724984571,5.19442892074585,-0.11789770395116303,-0.23820015318835747,0.2657803257878827,1.0386642707966894e-12
1179,9.781559699999889,155.8784820484522,251.37606785697506,35.3985372315774,57.085140811140036,5.19442892074585,0.22709059497111578,0.07463405161073666,-0.14794638193163934,5.194428920745853,-0.09009971804208294,-0.26317412809535756,0.278170057500829,4.365859453773881e-13
1180,9.785320800000136,155.87639694033572,251.38265984754455,35.39806372313465,57.086637790200506,5.19442892074585,0.22709059497111578,0.07416054316798437,-0.14944336099210886,5.194428920745853,-0.09273516977679123,-0.2834038785099318,0.2981904929202178,9.392451801548114e-14
1181,9.797959699999865,155.87467403366793,251.38822172458146,35.39767246723438,57.08790084016598,5.19442892074585,0.22709059497111578,0.07376928726771581,-0.1507064109575822,5.194428920745853,-0.05906831909331628,-0.18909558092975845,0.19810654973441102,0.0
1182,9.80227560000003,155.87328200329003,251.3927936513602,35.397356350227646,57.088939081738324,5.19442892074585,0.22709059497111578,0.07345317026098286,-0.15174465252992775,5.194428920745853,-0.05904562968293655,-0.1931527928521812,0.20197620595320653,0.0
1183,9.814210600000024,155.87220157382055,251.3964772214338,35.3971109948566,57.08977558585796,5.19442892074585,0.22709059497111578,0.07320781488993333,-0.1525811566495605,5.194428920745853,-0.03614179810434081,-0.12209309484946713,0.1273300961286683,0.0
1184,9.818385399999897,155.87138215004694,251.39936649774125,35.396924911424314,57.09043171333365,5.19442892074585,0.22709059497111578,0.07302173145765067,-0.15323728412525384,5.194428920745853,-0.03463832510579945,-0.12084130940466603,0.1257077389215528,0.0
1185,9.830012500000066,155.87079963907422,251.40155366056814,35.39679262866094,57.09092839744131,5.19442892074585,0.22709059497111578,0.07288944869427638,-0.1537339682329133,5.194428920745853,-0.020811246317391705,-0.0764920637132196,0.0792725916341228,0.0
1186,9.833862699999827,155.87040224131152,251.40314186362838,35.39670238336657,57.09128906341919,5.19442892074585,0.22709059497111578,0.07279920339991008,-0.15409463421079295,5.194428920745853,-0.026115337794509218,-0.16030186691271384,0.16241520681211702,0.0
1187,9.846942000000126,155.87016556276927,251.40422555990125,35.396648635895595,57.091535160650565,5.19442892074585,0.22709059497111578,0.07274545592893134,-0.15434073144216853,5.194428920745853,-0.01753670532451367,-0.13382941573489565,0.13497351054774548,0.0
1188,9.850760400000127,155.8693739712587,251.4124501277683,35.396468872908486,57.093402882660875,5.19442892074585,0.22709059497111578,0.07256569294182214,-0.15620845345247858,5.194428920745853,-0.021183281828620223,-0.19994581131421074,0.20106481266280463,0.0
1189,9.862042499999916,155.86929051429905,251.41368229512568,35.39644992061786,57.09368269627917,5.19442892074585,0.22709059497111578,0.07254674065119815,-0.15648826707077035,5.194428920745853,-0.01865665389436349,-0.21033300537537092,0.21115881199885997,0.0
1190,9.866239899999982,155.8687432218365,251.42058213384,35.39632563564692,57.09524958475801,5.19442892074585,0.22709059497111578,0.07242245568025396,-0.15805515554961147,5.194428920745853,-0.0226027800163761,-0.2767124422664173,0.27763404216614723,1.1613338888823272
1191,9.877532800000154,155.86820585550794,251.4278231457647,35.39620360480765,57.09689395046418,5.19442892074585,0.22709059497111578,0.07230042484098931,-0.15969952125578146,5.233773403167728,-0.018211543897934158,-0.1968774980068523,0.19771800512999446,1.7989045001827408
1192,9.881646799999999,155.8677739675391,251.43417670318922,35.39610552711185,57.0983367835999,5.19442892074585,0.22709059497111578,0.07220234714518625,-0.16114235439150093,5.241642299652101,-0.014084789633850457,-0.15650937350293542,0.15714186359245957,1.8432180866195305
1193,9.893485000000055,155.8664643659082,251.4388664414223,35.39580812889831,57.09940177904551,5.391151332855225,0.22709059497111578,0.07190494893164612,-0.16220734983711083,5.243216078948977,-0.010720921821499557,-0.12226358415255714,0.12273272658314133,0.7055076007475767
1194,9.897926300000108,155.8668350551001,251.43540401880284,35.39589230892744,57.09861549543281,5.233773403167724,0.22709059497111578,0.07198912896078014,-0.16142106622441332,5.24353083480835,-0.01061599058405772,-0.12554076373256104,0.12598881940329276,0.06981806051340271
1195,9.909081499999957,155.86620674961486,251.44533019171243,35.39574962666098,57.10086963594464,5.2022978172302246,0.22709059497111578,0.07184644669431606,-0.1636752067362437,5.243593785980224,-0.012251236747346449,-0.16104795124130053,0.16151326694999346,-0.7758331844729917
1196,9.925442400000065,155.86546602456193,251.4570013406527,35.395581414968,57.10352004410148,5.196002700042724,0.22709059497111578,0.07167823500133608,-0.16632561489308273,5.2042619700866695,-0.04077504873293811,-0.17734831063799655,0.1819753496639718,-1.3744326991690494
1197,9.930002799999784,155.8648230796268,251.4676095575753,35.39543540822015,57.10592907039401,5.194743676605224,0.22709059497111578,0.07153222825348848,-0.16873464118561543,5.196395606907961,-0.0629056175643789,-0.31267400824468006,0.31893910414521165,-1.4241848339713754
1198,9.940957199999957,155.8567315877778,251.4758806608782,35.393597906521954,57.10780736016414,5.194492253387452,0.22709059497111578,0.06969472655529074,-0.17061293095574115,5.1948224105661645,-0.08541776079361757,-0.2903102074253375,0.302615614921534,-0.6548071622546853
1199,9.944238000000041,155.85540680441517,251.4830982780125,35.39329706067993,57.10944641313344,5.19444158727417,0.22709059497111578,0.06939388071326391,-0.17225198392504382,5.194507847591752,-0.18424339944383883,-0.3076594140519687,0.35860834526461133,0.9291485659774738
1200,9.957215299999916,155.84824348577177,251.48825580119257,35.39167033838723,57.11061763814098,5.19443183552124,0.22709059497111578,0.06776715842056547,-0.1734232089325829,5.233789341124799,-0.2047415369557267,-0.1820551449033919,0.27397659159276405,1.739641207400535
1201,9.960649199999807,155.8406161692945,251.4920171058157,35.38993824655037,57.111471795045716,5.1944298851706545,0.22709059497111578,0.06603506658370861,-0.17427736583731956,5.2416456398314075,-0.24895764703326906,-0.15763379820667467,0.294666462892207,1.8130761307607681
1202,9.973277999999937,155.8331360674701,251.48646863192266,35.388239585776624,57.110211788808165,5.391151144270459,0.22709059497111578,0.0643364058099607,-0.17301735959976838,5.243216975866672,-0.2478323398807019,-0.06418601707550656,0.25600920584768233,0.8348031639836757
1203,9.976689499999793,155.8272949421605,251.48721011452363,35.38691312115477,57.110380172533176,5.233773746920498,0.22709059497111578,0.06300994118810621,-0.17318574332477965,5.243531243073724,-0.2732709725799494,-0.15145165318163994,0.3124333972325033,0.07388396276014282
1204,9.988996500000212,155.82263031512997,251.48896332575003,35.385853828227084,57.11077831031369,5.202298267450506,0.22709059497111578,0.06195064826042085,-0.17358388110529432,5.243594096515133,-0.18575246481341676,-0.13720365979595617,0.2309303411110461,-3.303618043076419
1205,9.992926500000067,155.81825981266923,251.4980762501387,35.384861328222954,57.11284776973504,5.196003171556508,0.22709059497111578,0.0609581482562902,-0.17565334052664383,5.20426233736943,-0.1959575642144208,-0.268918923222769,0.3327412722223415,-3.5480192159561095
1206,10.0051969000001,155.8146494868587,251.50766725589403,35.384041457186605,57.11502579693839,5.194744152377708,0.22709059497111578,0.06013827721994147,-0.17783136772999342,5.19639598554029,-0.12334257445533861,-0.25689703256813584,0.2849727636381846,-3.7026147280795447
1207,10.008626899999854,155.8118471861678,251.51610748780163,35.383405081055415,57.116942494223984,5.194492348541948,0.22709059497111578,0.0595019010887512,-0.1797480650155876,5.194822715174462,-0.1220851456626379,-0.30517715485666325,0.3286911599630804,-0.3751618294173198
1208,10.020862500000021,155.81045996548727,251.51552818420626,35.38309005628572,57.11681093982584,5.1944419877747965,0.22709059497111578,0.05918687631905328,-0.17961651061744277,5.194507984807352,-0.10285269101774203,-0.21583030992807048,0.23908450124012237,-0.16686655606247466
1209,10.024748599999839,155.80909463614722,251.5202127650457,35.382780002833556,57.11787476407586,5.194431915621366,0.22709059497111578,0.05887682286689255,-0.1806803348674606,5.194445038733931,-0.10832612097020383,-0.2327343476833209,0.2567096123561253,-0.014312676309533555
1210,10.037193000000116,155.80052500181023,251.5245882559587,35.38083391947328,57.11886839691058,5.194429519720953,0.22709059497111578,0.05693073950661898,-0.18167396770218147,5.194432373225301,-0.09745156959512088,-0.13121831181703109,0.16344740368896746,7.483621876095555
1211,10.040868600000067,155.79900057418303,251.52882925393106,35.38048773629643,57.1198314876634,5.194429422010597,0.22709059497111578,0.05658455632976711,-0.18263705845500056,5.277016052281779,-0.10936358753857824,0.0530430078669516,0.12154815902711877,10.172399416878608
1212,10.05317930000001,155.79189034129968,251.5316061171937,35.378873069280566,57.12046208719386,5.194429020998799,0.22709059497111578,0.05496988931390234,-0.18326765798546063,5.376118847663385,-0.12548396925648614,0.1410151774199023,0.18876309703734276,
1213,10.056570799999918,155.7906163231179,251.51768622778474,35.378583751733665,57.11730101122605,5.607360383057181,0.22709059497111578,0.05468057176700114,-0.1801065820176504,5.4785256951918555,-0.10601025034811037,0.2363405935630759,0.25902712086693946,
1214,10.068947599999774,155.78187496700994,251.50863298272742,35.37659867197426,57.115245104419564,5.689945892529405,0.22709059497111578,0.052695492007593714,-0.17805067521116769,5.581593276855752,-0.07986846699170569,0.33803002090667217,0.34733739656675383,
1215,10.072600899999998,155.780925589897,251.50224979841624,35.37638307736083,57.113795543296526,5.706463757363303,0.22709059497111578,0.052479897394164254,-0.17660111408812895,5.684792929052792,-0.13174664340269326,0.4246346935728092,0.4446029701132798,12.743644899363753
1216,10.08507120000013,155.78293128761098,251.48871781459428,35.37683855244802,57.11072255703926,5.709767330330083,0.22709059497111578,0.05293537248135749,-0.17352812783086335,5.705432706904309,-0.08046704081685033,0.24660650588782326,0.2594026087070476,10.336289553815572
1217,10.088805500000035,155.77650903650235,251.4824394634142,35.37538011962271,57.10929680253434,5.710427281983986,0.22709059497111578,0.05147693965604816,-0.17210237332594147,5.709560662474615,-0.10657210320437246,0.24654406073853455,0.26859185964367877,0.942691116597964
1218,10.101028799999767,155.78571814047325,251.48018323011138,35.37747142052262,57.1087844331712,5.710559272314766,0.22709059497111578,0.053568240555954105,-0.17159000396280533,5.710386253588675,-0.09054405776846775,0.1723450196359251,0.19468187432446565,0.40615376977821643
1219,10.104654199999914,155.78107385274527,251.47753634707863,35.37641674645925,57.10818335092848,5.710585670380922,0.22709059497111578,0.05251356649258554,-0.17098892172008107,5.710551219223597,0.03807484643252519,0.011240375069171651,0.03969936980048968,0.038532699388126875
1220,10.1176375,155.78228170781523,251.47606209580286,35.376691038985726,57.10784856232913,5.710591712933606,0.22709059497111578,0.052787859019062466,-0.17065413312073474,5.710584364938471,0.12647682635445356,-0.09781612369971983,0.15988865394496726,0.01669233677913388
1221,10.120992600000136,155.79232259370184,251.48432237819875,35.378971229735754,57.10972439477304,5.71059215850469,0.22709059497111578,0.05506804976909052,-0.1725299655646424,5.710591146669337,0.09482916668181397,-0.12870546027817803,0.15986765263487457,0.0015653498463197297
1222,10.133383299999878,155.7951303615602,251.49324245978406,35.37960884740925,57.11175006140744,5.71059301055836,0.22709059497111578,0.05570566744258798,-0.1745556321990449,5.710592655603399,0.16719611077688304,-0.1499636471492851,0.2245966048835802,0.0007204089663568682
1223,10.150031499999841,155.79607262945257,251.50149207246554,35.37982282758555,57.11362347085956,5.710593180969093,0.22709059497111578,0.055919647618885904,-0.17642904165116136,5.710592957390212,0.16446222403294078,-0.1759898379762352,0.24087392180301032,6.415246274589418e-05
1224,10.154083699999774,155.79733816468735,251.50043023857538,35.38011021873497,57.11338233836968,5.71059321505124,0.22709059497111578,0.05620703876830646,-0.17618790916128546,5.710593170335465,0.030224180628941458,-0.14364673070396458,0.14679197640412162,2.4807052759698454e-05
1225,10.16546100000005,155.79771176895503,251.50565794416534,35.3801950607504,57.11456950114244,5.71059322186767,0.22709059497111578,0.056291880783739145,-0.17737507193404412,5.7105932129245165,0.02008634898108477,-0.13048002475493578,0.13201703782254234,1.9589678760607458e-05
1226,10.1689022999999,155.79783950229734,251.51167983638314,35.380224067791104,57.11593701622903,5.710593223230956,0.22709059497111578,0.056320887824441,-0.17874258702063628,5.710593221442325,0.017507692657292212,-0.17109717637538532,0.17199059005018827,2.1172362007622427e-06
1227,10.181691700000101,155.79788287972474,251.51717929747468,35.380233918396904,57.11718589212033,5.710593223503613,0.22709059497111578,0.0563307384302405,-0.17999146291193568,5.71059322314589,0.0002491610754237444,-0.22671594294856806,0.2267160798626773,9.030049157448982e-07
1228,10.185077099999944,155.79788227998978,251.52188439346048,35.38023378220274,57.11825437516714,5.710593223558145,0.22709059497111578,0.056330602236073446,-0.18105994595874364,5.710593223486602,-0.013365726203250295,-0.3599039232571553,0.36015201875434855,7.973848624191368e-08
1229,10.19776039999988,155.7970238231713,251.5340927719491,35.380038834733064,57.121026783101755,5.710593223569051,0.22709059497111578,0.05613565476640048,-0.18383235389335795,5.710593223554743,-0.018456104634495898,-0.32116195728405356,0.3216918255175343,3.657375585945416e-08
1230,10.201436899999862,155.79604245481625,251.54656335412008,35.37981597520943,57.1238587350266,5.710593223571232,0.22709059497111578,0.05591279524276871,-0.18666430581820492,5.710593223568372,-0.027525327063459497,-0.40458211759094515,0.4055173652315321,3.1005171709532743e-09
1231,10.213717300000098,155.79512191131147,251.55757742300267,35.37960692843724,57.126359926482195,5.710593223571668,0.22709059497111578,0.05570374847057735,-0.18916549727379817,5.710593223571098,-0.030117690324266547,-0.3698316267912677,0.3710559357368427,8.214940063773689
1232,10.217804800000067,155.79431957084546,251.56684262845573,35.37942472446344,57.12846396750106,5.710593223571755,0.22709059497111578,0.05552154449677715,-0.1912695382926657,5.811328926086292,-0.0707213198153434,-0.2992286443593359,0.3074724161311873,11.545541392188607
1233,10.229902999999922,155.79362688978168,251.574400323862,35.379267423108544,57.130180249047484,5.710593223571773,0.22709059497111578,0.05536424314188082,-0.19298581983908747,5.932211769103978,-0.06952182925538859,-0.13207978337614887,0.14925935119685405,18.041559797129135
1234,10.23359359999995,155.79007771243565,251.57221565103384,35.37846143831337,57.12968413039512,6.214271736145019,0.22709059497111578,0.054558258346709465,-0.19248970118672304,6.004134385681148,-0.07689155397864962,-0.08746419689515925,0.1164572746193503,11.131632746767163
1235,10.249463300000116,155.78626073059914,251.56764116251432,35.37759463763713,57.12864530707553,6.315007438659668,0.22709059497111578,0.05369145767046746,-0.19145087786713333,6.066264880676267,-0.11837609201419227,0.020347676355129626,0.12011214382236968,10.299895484621409
1236,10.25748990000011,155.78435662552087,251.5669553040563,35.377162233282014,57.12848955507024,6.0702063064575205,0.22709059497111578,0.05325905331535097,-0.19129512586184205,6.126437027648924,-0.12851045312045783,0.05038109398402939,0.13803329740411546,4.250668987405071
1237,10.266468299999815,155.7743934471517,251.56599419710784,35.37489968917836,57.12827129672148,6.0212456985473635,0.22709059497111578,0.05099650921169996,-0.1910768675130825,6.138471457043455,-0.09434928598118562,0.05602623026324207,0.10973024306301965,3.062211063330764
1238,10.273351700000148,155.77246341305747,251.5657424762789,35.374461396587584,57.128214133288665,6.011453958435059,0.22709059497111578,0.05055821662092086,-0.19101970408026858,6.1408783429223615,-0.0921630776314826,0.09228473492052917,0.13042432740044713,3.348688253142707
1239,10.279750799999874,155.77112259764914,251.56115912981193,35.37415691001876,57.12717329841252,6.274443883117676,0.22709059497111578,0.05025373005209843,-0.18997886920412554,6.194349374639159,-0.08446265835204492,0.11456395910934603,0.1423335567696605,7.291833283581038
1240,10.28458640000008,155.7701923010236,251.5559048642401,35.373945648404565,57.12598010411768,6.3270418680541995,0.22709059497111578,0.05004246843790128,-0.18878567490928333,6.25803331181748,-0.03756352210089172,0.15744336237572998,0.16186238151219573,9.699829546967916
1241,10.293264699999781,155.76960496002152,251.55090630028855,35.373812268786956,57.124844977255925,6.337561465041504,0.22709059497111578,0.04990908882029288,-0.1876505480475288,6.323759753794161,-0.025233629724507343,0.17096587977082273,0.172818020226147,7.938073320054388
1242,10.29754550000007,155.76927501930226,251.54640653723033,35.37373734235271,57.123823123385804,6.339665384438965,0.22709059497111578,0.04983416238604832,-0.1866286941774078,6.336905042189496,-0.10923513770986737,0.18352225802246522,0.21357138033959042,3.6222747481896382
1243,10.309365999999955,155.76916964593886,251.54245490579194,35.373713413052926,57.122925745051354,6.340086168318457,0.22709059497111578,0.0498102330862622,-0.18573131584295766,6.339534099868563,-0.14188237437364232,0.15059777401761393,0.20690649505745998,1.1370781910845897
1244,10.313819599999988,155.7599994732523,251.5380337703933,35.37163095308154,57.12192174678323,6.3401703250943555,0.22709059497111578,0.04772777311487886,-0.18472731757483274,6.340059911404378,-0.2247744557171263,0.15659370795800898,0.27394369004408287,0.11663511019977804
1245,10.324976400000196,155.7498333949244,251.53399879904364,35.369322332305536,57.12100544273874,6.340187156449535,0.22709059497111578,0.04541915233887295,-0.18381101353034524,6.3401650737115425,-0.21625376595673046,0.11557304780279476,0.24519955275019456,0.04393701756655652
1246,10.329844100000173,155.74061996982485,251.53055246465348,35.36723005011796,57.12022281261161,6.3401905227205715,0.22709059497111578,0.043326870151297214,-0.1830283834032116,6.340186106172974,-0.2756787892494342,0.124888489066413,0.3026481943500167,0.0046973844243751025
1247,10.342240599999968,155.74199016701675,251.52871813325322,35.367541209013496,57.119806253202555,6.3401911959747785,0.22709059497111578,0.043638029046832116,-0.18261182399415787,6.340190388959208,-0.17007018347864444,0.0832474292095565,0.18935152964383442,0.0016317417519500618
1248,10.346315599999798,155.7366221145081,251.52652004845004,35.36632217477547,57.1193070888168,6.34019133062562,0.22709059497111578,0.04241899480880562,-0.18211265960839995,6.3401913218104005,-0.11368367081282181,0.06798111967200751,0.13245908666957448,0.00019891393693868795
1249,10.35808330000009,155.73975474127352,251.52562720449532,35.367033564851454,57.11910433235191,6.340191739025515,0.22709059497111578,0.043130384884790374,-0.18190990314351296,6.340191584674583,0.04083655438520014,0.03727812507168038,0.0552927009913176,8.661313871417554e-05
1250,10.373100799999975,155.74471499147072,251.5252437762215,35.36815999101994,57.119017259397076,6.340191820705494,0.22709059497111578,0.04425681105327328,-0.18182283018867906,6.340191713541365,0.05211996754944426,0.030293877577295264,0.06028440956021113,5.878067172017294
1251,10.376454700000068,155.74977738068017,251.52513647506123,35.369309611997494,57.11899289231275,6.340191837041489,0.22709059497111578,0.0454064320308305,-0.1817984631043501,6.399334958308863,0.2513615785286877,0.04519338304358201,0.2553920222547242,6.178543118955934
1252,10.389576500000203,155.7544876496134,251.52521264659734,35.37037926977201,57.1190101901522,6.340191840308689,0.22709059497111578,0.046476089805345566,-0.18181576094380603,6.4111636072623615,0.2565818665692239,0.042296846320233894,0.2600447604947742,6.374947879235275
1253,10.393591500000184,155.76681176225685,251.52172979739152,35.3731779598447,57.11821926785386,6.635907554463106,0.22709059497111578,0.049274779878039965,-0.18102483864546315,6.4135293370530615,0.2601920346917589,-0.08611765903285057,0.2740732495416796,0.5096333175171681
1254,10.40596880000021,155.77152929554467,251.52158006287328,35.37424926728583,57.11818526455303,6.399334983793012,0.22709059497111578,0.0503460873191699,-0.18099083534463034,6.414002483011202,0.1974120665894536,-0.09548309368928543,0.2192910057790691,5.774046907900285
1255,10.409517099999903,155.77298333706977,251.53152187729057,35.37457946644088,57.12044295710414,6.352020469658994,0.22709059497111578,0.050676286474214294,-0.18324852789574209,6.473240254903024,0.1756081862516019,-0.03415446789387046,0.1788987500115379,5.913151902815786
1256,10.421287699999993,155.7744798125389,251.5335724554066,35.374919301945525,57.120908624108544,6.342557566832189,0.22709059497111578,0.051016121978861406,-0.18371419490014773,6.485087809281388,0.032693215983613425,-0.05177566971592058,0.0612337026961729,6.124438688477539
1257,10.424813300000096,155.77405284498042,251.52883226180086,35.37482234162864,57.11983217072234,6.636380699767805,0.22709059497111578,0.05091916166197308,-0.1826377415139433,6.48745732015706,0.023576682764924542,-0.04447899052912831,0.05034124123110371,4.041577841284998
1258,10.436879599999884,155.77312212848142,251.5230466884971,35.374610984665125,57.118518321438536,6.695145326354929,0.22709059497111578,0.0507078046984617,-0.18132389223013945,6.613503198040201,-0.008502661259466193,0.08025390237347454,0.08070306124716961,
1259,10.440283800000088,155.77373631214965,251.5224586020559,35.37475045999977,57.11838477253871,6.411182538171377,0.22709059497111578,0.05084728003310346,-0.18119034333031436,6.764284349324838,-0.07864000003428238,0.0737736369645987,0.10782763614387703,
1260,10.453505399999813,155.769815761387,251.52319277551396,35.373860139794466,57.118551496426115,6.982249859074705,0.22709059497111578,0.049956959827802905,-0.18135706721771783,6.8608694125895795,-0.08781318198435362,0.009192030958403317,0.08829296893500327,
1261,10.456756999999925,155.76520784659675,251.52422318167146,35.372813725683166,57.11878549197348,7.096463323255371,0.22709059497111578,0.04891054571650244,-0.18159106276508652,6.94661525825034,-0.12849926367879566,-0.0237677250165552,0.1306788640846531,14.78137238076802
1262,10.470134600000165,155.76088585447144,251.52525898145302,35.37183224191997,57.11902071236215,7.119306016091504,0.22709059497111578,0.0479290619533046,-0.18182628315375382,7.089336403090499,-0.15056133985128475,-0.03533422211855498,0.15465194570563104,14.765240189029573
1263,10.47406809999984,155.75705877440888,251.52622746508982,35.370963148031564,57.11924064588745,7.12387455465873,0.22709059497111578,0.047059968064900204,-0.18204621667905485,7.117880632058531,-0.17060987166484579,-0.042412483532493925,0.1758025798129516,6.151655955363315
1264,10.484847600000194,155.75376740966666,251.52711045513965,35.370215710053984,57.11944116462322,7.124788262372176,0.22709059497111578,0.04631253008732017,-0.18224673541482161,7.123589477852138,-0.11473499484324803,-0.030629254653308596,0.11875298009859533,2.696886707560353
1265,10.488598999999795,155.75099907287566,251.52790340724195,35.36958704680504,57.11962123658791,7.124971003914865,0.22709059497111578,0.04568386683837389,-0.1824268073795139,7.12473124701086,-0.12330970019506907,-0.034675271388304466,0.12809237529240522,0.284218364269048
1266,10.500813799999833,155.74871625991813,251.5286051853066,35.3690686414523,57.11978060378615,7.125007552223403,0.22709059497111578,0.04516546148563805,-0.18258617457775017,7.124959600842605,-0.08431418942426973,-0.025306683174645652,0.08803016955324766,0.11191710456197883
1267,10.50441039999987,155.7468752624893,251.52920406121922,35.36865056825085,57.11991660287347,7.125014861885111,0.22709059497111578,0.04474738828418623,-0.18272217366506993,7.125005271608954,0.06155241921791309,-0.04624418556942385,0.07698847323175739,0.010705437640949752
1268,10.517041499999777,155.74543082123756,251.52970854704307,35.36832254922759,57.120031166859356,7.125016323817452,0.22709059497111578,0.04441936926092893,-0.18283673765095898,7.125014405762221,0.09664438178917167,-0.038402128555407346,0.10399451912960225,0.004665108737565018
1269,10.520224899999903,155.75468274803399,251.53143684135063,35.37042357478842,57.120423646241946,7.12501661620392,0.22709059497111578,0.04652039482175496,-0.18322921703354922,7.125016232592875,0.22620673933759838,-0.0557392537300075,0.2329728596384702,0.000441541396596955
1270,10.533455700000104,155.755141786862,251.53194902357006,35.37052781818899,57.12053995800689,7.1250166746812145,0.22709059497111578,0.0466246382223261,-0.18334552879849042,7.1250165979590045,0.2476006464164344,-0.04886888444125289,0.2523771938435973,0.00020784138804700423
1271,10.53677000000016,155.76397694451822,251.53340458377338,35.372534199397805,57.12087050203947,7.125016686376673,0.22709059497111578,0.04863101943114145,-0.18367607283107645,7.125016671032229,0.21742602622419882,-0.04507133972047692,0.22204842387156148,1.6940504402385067e-05
1272,10.549381499999981,155.76346204008462,251.53359681244726,35.37241726944362,57.1209141553634,7.125016688715765,0.22709059497111578,0.04851408947696001,-0.18371972615500454,7.125016685646875,0.07547088302186848,-0.01960918910702046,0.07797675603367613,8.02603118923603e-06
1273,10.552735799999937,155.7608499460563,251.53345032005518,35.371824087456616,57.12088088831892,7.125016689183583,0.22709059497111578,0.047920907489952924,-0.1836864591105254,7.125016688569805,0.03895297252598529,-0.014387060261262883,0.04152495119288371,6.916710348359004e-07
1274,10.565790300000117,155.75798821283243,251.5332191473966,35.37117421475615,57.12082839118235,7.125016689277146,0.22709059497111578,0.04727103478948891,-0.18363396197395332,7.125016689154389,-0.0903689967562246,0.0065149126314870305,0.09060353007097705,3.1666077034031165e-07
1275,10.569249000000127,155.755327283921,251.53295536057962,35.37056994282648,57.12076848767713,7.125016689295859,0.22709059497111578,0.046666762859814526,-0.18357405846873576,7.125016689271307,-0.1150952780642474,0.010666280931995177,0.11558846214742487,2.6797737299942303e-08
1276,10.582176100000197,155.752979770199,251.53268342022304,35.37003684453865,57.120706732579755,7.125016689299602,0.22709059497111578,0.04613366457198964,-0.1835123033713586,7.125016689294691,-0.08584603437478139,0.009580968354642602,0.08637902854564186,1.2323261624228705e-08
1277,10.5856232000001,155.75096238029388,251.53242088557334,35.36957871426481,57.12064711342996,7.125016689300351,0.22709059497111578,0.04567553429814808,-0.1834526842215638,7.125016689299368,-0.11006682838743065,0.013217101862604486,0.11085755947572801,1.080011942361272e-09
1278,10.598200399999769,155.74926784727074,251.53217214644218,35.36919390175239,57.12059062711267,7.1250166893005,0.22709059497111578,0.04529072178572591,-0.18339619790427264,7.125016689300303,-0.10860993284555634,0.01489437005630665,0.10962645562130732,4.810224851368577e-10
1279,10.613819400000011,155.73751456313605,251.5306451179094,35.36652484146537,57.12024385329462,7.12501668930053,0.22709059497111578,0.04262166149870694,-0.18304942408622082,7.125016689300489,-0.0617266655077762,0.009396445127839628,0.06243776433977589,3.245446629746557e-11
1280,10.617090799999914,155.73510267032503,251.530274804868,35.36597712329191,57.12015975868572,7.125016689300536,0.22709059497111578,0.042073943325249274,-0.18296532947732658,7.125016689300526,-0.14911968299508946,0.021329538317452795,0.15063740923619093,7.884652018342617e-12
1281,10.629323900000145,155.74550891343085,251.53149829716426,35.368340283230225,57.120437602279225,7.125016689300537,0.22709059497111578,0.04443710326356154,-0.18324317307082794,7.125016689300533,-0.11193887524368624,0.016859319456283852,0.11320136237409241,3.90408416009027e-12
1282,10.632642399999895,155.7371813665413,251.53037365876372,35.366449175652434,57.12018220747572,7.125016689300537,0.22709059497111578,0.04254599568577078,-0.18298777826732504,7.125016689300533,-0.07173254918974184,-0.10577416233684996,0.1278034899027449,1.9361206773609117e-13
1283,10.645946900000126,155.74628035750447,251.531420013812,35.368515470923896,57.12041982486619,7.125016689300537,0.22709059497111578,0.0446122909572324,-0.18322539565779294,7.125016689300533,-0.038649094170096314,-0.11541421007008983,0.12171356689486919,0.0
1284,10.649978899999951,155.74681560329213,251.54191262064052,35.36863702020827,57.12280259719367,7.125016689300537,0.22709059497111578,0.044733840241605094,-0.18560816798527213,7.125016689300533,-0.07979089744812422,-0.09868878535931634,0.12690966736728249,0.0
1285,10.662019200000032,155.74670908881131,251.543105260873,35.36861283177144,57.123073434573655,7.125016689300537,0.22709059497111578,0.04470965180478004,-0.18587900536525837,7.125016689300533,0.0332875785482784,-0.10759310767378619,0.11262477393766769,0.0
1286,10.666027299999769,155.74648791063055,251.54203012991553,35.36856260428678,57.12282928244485,7.125016689300537,0.22709059497111578,0.04465942432011616,-0.18563485323645068,7.125016689300533,0.11848684834393505,-0.10073316701217097,0.15551946555586088,0.0
1287,10.676961799999845,155.74627239880022,251.5404681648031,35.368513663577005,57.12247457485814,7.125016689300537,0.22709059497111578,0.04461048361034159,-0.1852801456497417,7.125016689300533,0.11181486686297036,-0.01650211034132064,0.11302603283005605,0.0
1288,10.680933099999947,155.75643809481724,251.54018067035116,35.37082219753381,57.122409287572005,7.125016689300537,0.22709059497111578,0.04691901756714856,-0.18521485836360796,7.125016689300533,0.21339729624494067,-0.02408246265202192,0.21475188253432612,0.0
1289,10.693004000000201,155.75626726906563,251.5492068497167,35.37078340461224,57.124459048014444,7.125016689300537,0.22709059497111578,0.04688022464557662,-0.18726461880604717,7.125016689300533,0.21541982880444466,-0.02843080683209822,0.21728785842577658,6.115530859873251
1290,10.697099600000001,155.76539128015702,251.5502960971948,35.3728553817195,57.12470640587231,7.125016689300537,0.22709059497111578,0.0489522017528401,-0.18751197666391306,7.200156993865963,0.15439993343589897,-0.06319420745751336,0.16683179343636295,8.509983062333536
1291,10.709652000000006,155.76525757956074,251.5481308175116,35.37282501957155,57.12421469122077,7.125016689300537,0.22709059497111578,0.04892183960488694,-0.18702026201237487,7.29032535934448,0.012166401781530181,-0.07977717595147261,0.08069956093500039,9.903308599617848
1292,10.71396629999981,155.75937622350347,251.5508167314775,35.371489418925265,57.124824637021334,7.500718212127686,0.22709059497111578,0.04758623895860126,-0.18763020781293704,7.308359032440183,-0.1539503679285139,-0.22845672164879904,0.2754871856399888,3.8907387538198215
1293,10.725642999999764,155.75269882272158,251.55423479200024,35.36997304400885,57.12560084641909,7.575858516693116,0.22709059497111578,0.04606986404218816,-0.18840641721069318,7.311965767059325,-0.2770750900037174,-0.29217056749823417,0.4026589698650811,1.552890749808375
1294,10.7298909000001,155.73710201280932,251.57131702929888,35.36643115516622,57.12948006185067,7.215185054779053,0.22709059497111578,0.042527975199554646,-0.1922856326422746,7.312687113983155,-0.30425182831828956,-0.4795127032104055,0.567892249969281,-1.9695039427811019
1295,10.741632499999923,155.73142897610273,251.59091122753955,35.36514286188523,57.13392971998713,7.143050362396241,0.22709059497111578,0.04123968191856875,-0.19673529077873297,7.237691078802492,-0.24891931597664557,-0.5118807345301019,0.5691947928867215,-3.1722506366133443
1296,10.746178599999894,155.72866031409404,251.60887892993176,35.3645141247824,57.13801001621364,7.128623423919678,0.22709059497111578,0.04061094481573946,-0.20081558700524482,7.22269187176636,-0.25842610021096724,-0.5852590890209812,0.6397751562478162,-1.1498489947377446
1297,10.757745100000193,155.72698395669732,251.62432285137942,35.3641334397838,57.141517185523874,7.125738036224366,0.22709059497111578,0.040230259817136016,-0.20432275631547725,7.294832334924563,-0.12905843081523985,-0.4235066660560279,0.44273465502305553,2.0395090141490124
1298,10.762280999999803,155.7234406302876,251.63297890620424,35.36332878368123,57.14348289416415,7.500862481512452,0.22709059497111578,0.03942560371456949,-0.2062884649557546,7.309260427556204,-0.12334695121876918,-0.4651778496913019,0.48125346982477835,5.530695960067821
1299,10.773156899999776,155.71448671396837,251.63798105467606,35.36129543349698,57.144618835036745,7.57588737057007,0.22709059497111578,0.037392253530313724,-0.2074244058283483,7.387286350647962,-0.10108571207781125,-0.2973287323662889,0.31404250711778237,13.130589515397217
1300,10.776282100000117,155.71336975588468,251.64606371459675,35.3610417828212,57.146454331087085,7.215190825554444,0.22709059497111578,0.037138602854533076,-0.20925990187868848,7.4780318398317425,-0.1938999127132502,-0.24470187331097634,0.312211759791503,10.556975859377332
1301,10.788835299999846,155.7118774426333,251.6492860092156,35.360702892517054,57.14718608388925,7.518753039378468,0.22709059497111578,0.036799712550390495,-0.2099916546808558,7.4210406331030665,-0.18616746110185006,-0.1330545659309535,0.2288270986753608,6.929068008928983
1302,10.791908000000149,155.70515289337317,251.64982836875896,35.35917581062466,57.147309248640646,7.579465482143273,0.22709059497111578,0.03527263065799957,-0.21011481943224908,7.409642391757332,-0.15893850591516331,-0.09507830875269623,0.18520619173725655,-2.8071347535441045
1303,10.805168700000195,155.6970516205601,251.64253674306866,35.35733608776152,57.145653389024325,7.215906447869084,0.22709059497111578,0.03343290779485386,-0.20845895981592832,7.407362743488184,-0.16604481429254803,0.012833700360871942,0.16654003788398572,-1.337525340518785
1304,10.808645199999773,155.6962737083627,251.64122882077692,35.357159431217774,57.14535637217292,7.518896163841395,0.22709059497111578,0.033256251251110314,-0.20816194296452295,7.406906813834357,-0.17422059805215995,0.02611037113597087,0.17616630854539245,-0.10335181402689905
1305,10.82167329999993,155.6895789861727,251.64396885680554,35.35563912277249,57.1459786085849,7.203792584208709,0.22709059497111578,0.031735942805823925,-0.20878417937650084,7.406815627903591,-0.052146680687098414,0.04295019589015346,0.06755735070060664,1.5403716337824027
1306,10.837457699999959,155.68486117720724,251.64340645980684,35.354567752727554,57.145850893515856,7.5164733911093204,0.22709059497111578,0.030664572760890962,-0.20865646430745954,7.48193769528287,0.0681905157671514,0.010796249602113443,0.06903988301019388,2.8475558726553567
1307,10.841421499999797,155.68684029430182,251.64263643550834,35.35501719160608,57.14567602823976,7.579009552489443,0.22709059497111578,0.031114011639417072,-0.20848159903136576,7.496962108758723,0.08902873555389773,0.010201677937328273,0.08961132733679836,4.927676827735668
1308,10.8539581,155.71239763461062,251.64461830687515,35.36082102322269,57.14612609258761,7.591516784765467,0.22709059497111578,0.03691784325602754,-0.20893166337921087,7.575107296019323,0.09561489852406381,0.02803012877461968,0.09963883248457292,4.625631075133066
1309,10.858014299999923,155.7133510260843,251.64314539092777,35.361037529459686,57.14579160722878,7.594018231220672,0.22709059497111578,0.03713434949302297,-0.20859717802038347,7.59073633347144,0.2964094225478432,0.015442897158186612,0.2968114365178407,3.4454584515415196
1310,10.8705230999999,155.70873707903084,251.64086599861085,35.35998974547815,57.145273978671355,7.594518520511714,0.22709059497111578,0.036086565511489255,-0.20807954946295837,7.593862140961864,0.34037394956130596,0.004960154544613173,0.3404100889707426,3.1019054132650288
1311,10.87588740000001,155.73084943089052,251.6421615374945,35.365011252618174,57.14556818336725,7.594618578369921,0.22709059497111578,0.04110807265151095,-0.20837375415885617,7.621771009124986,0.40693603820494517,-0.1646805168026376,0.43899500202658387,2.001451214854685
1312,10.886003699999947,155.7456930095781,251.64253119858262,35.36838208973384,57.14565212992369,7.594638589941563,0.22709059497111578,0.04447890976717872,-0.20845770071529302,7.627352782757613,0.4340654907001748,-0.18738372825924923,0.4727848472964417,9.925547488795035
1313,10.889616599999954,155.75835318403514,251.65659684993864,35.37125709628373,57.14884630705878,7.731061125581086,0.22709059497111578,0.047353916317064204,-0.21165187785038597,7.714142507845467,0.6798368259919185,-0.13630043266096584,0.6933656451817704,6.514712132241822
1314,10.901104600000053,155.76791547496387,251.65816776717216,35.37342860262002,57.149203047587996,7.621927099383797,0.22709059497111578,0.049525422653353246,-0.21200861837959906,7.656360148297608,0.4562585111166064,-0.08501255317984688,0.46411093842366913,13.497661583086288
1315,10.904551799999808,155.78529780794995,251.65366242519147,35.37737596695981,57.148179926797056,8.028467145950978,0.22709059497111578,0.05347278699314728,-0.21098549758865914,7.730477046749364,0.5097541393723778,-0.15282796393127085,0.5321707143075908,7.365665635532678
1316,10.917564700000185,155.7748805127785,251.64211052206934,35.37501029720134,57.145556598244,7.305706780630626,0.22709059497111578,0.05110711723467887,-0.20836216903560256,7.803690090136005,0.40442765569624156,0.03477132031557367,0.40591966373710686,10.371949724545047
1317,10.921235400000114,155.78459003175908,251.64772550649388,35.37721523764352,57.14683170839773,7.965223082200344,0.22709059497111578,0.05331205767685532,-0.20963727918933017,7.818332698813332,0.4122132893414011,0.05955580975200636,0.41649332573869036,3.284671650462026
1318,10.933500199999798,155.79912526062532,251.6448148299926,35.380516051414794,57.146170721139285,8.097126342514288,0.22709059497111578,0.056612871448130875,-0.20897629193088818,7.821261220548798,0.21419022288862105,-0.026291352702485924,0.21579779148082975,7.7801397836833885
1319,10.93746229999988,155.80310239059577,251.64319452170713,35.381419220226064,57.14580276436669,7.695140142770437,0.22709059497111578,0.057516040259400825,-0.2086083351582957,7.8969872294613195,0.2564968685372913,-0.0672695951905727,0.2651713446180413,6.83697508742118
1320,10.950523500000145,155.81201598461183,251.65081175298536,35.383443413594506,57.1475325659497,8.043109754628306,0.22709059497111578,0.059540233627842554,-0.21033813674130641,7.912132431243825,0.16204709584429325,-0.026740540498565418,0.1642386001454134,6.99453129745353
1321,10.954781099999764,155.81257354571352,251.65087356202565,35.38357003047682,57.14754660220144,7.68433682519324,0.22709059497111578,0.059666850510154745,-0.21035217299304065,7.915161471600325,0.18861113816381234,-0.13453153033877938,0.23167411183544576,3.1930592917373266
1322,10.965974300000198,155.81890418965105,251.65800723938338,35.38500766017514,57.149166593236934,8.040949091112868,0.22709059497111578,0.061104480208477696,-0.2119721640285377,8.001440650032954,0.16425156467223018,-0.18057589035524957,0.24410290591237732,4.358310226593668
1323,10.969681000000037,155.82546503056705,251.6659246919259,35.38649756544227,57.15096457224547,8.112271544296792,0.22709059497111578,0.06259438547560592,-0.21377014303707398,8.018696485719481,0.21710646053952343,-0.07600224311730534,0.23002512073002296,6.621514244134721
1324,10.981562599999961,155.8310191201906,251.67311111682915,35.3877588469594,57.152596541752466,8.126536034933578,0.22709059497111578,0.06385566699273681,-0.21540211254406927,8.107821023218115,0.22346486684636693,-0.08829529764685347,0.24027610430754648,5.866361513439175
1325,10.984837599999992,155.8370653879578,251.66748050747879,35.389131897504015,57.15131788332504,8.129388933060934,0.22709059497111578,0.0652287175373516,-0.21412345411664546,8.125645930717843,0.22723137136156427,-0.13106407237447168,0.2623201997525884,4.407421765684824
1326,10.997638700000152,155.8405338945969,251.6711311437154,35.38991956274034,57.152146908480034,8.129959512686405,0.22709059497111578,0.06601638277367528,-0.21495247927163774,8.12921091221779,0.21480776762003495,-0.056679571991522265,0.2221597418774272,1.9791794501442563
1327,11.000934600000164,155.8426713154461,251.6763353371984,35.39040495091269,57.15332873187443,8.1300736286115,0.22709059497111578,0.06650177094602583,-0.21613430266603473,8.129923908517778,0.21770260702242736,-0.06121111362789883,0.22614425824223125,0.16781082753449225
1328,11.017488999999841,155.86744425708417,251.68458294928985,35.39603065296847,57.15520168701137,8.130096451796518,0.22709059497111578,0.07212747300180666,-0.2180072578029737,8.130066507777777,0.12364316924349208,-0.15375203429705003,0.19730007945020214,0.07645076491607536
1329,11.023955999999998,155.87087946637064,251.68913966432441,35.396810756689185,57.15623647413969,8.130101016433523,0.22709059497111578,0.07290757672252113,-0.21904204493129242,8.130095027629777,-0.04777838739213475,-0.13396770684778672,0.14223262909700932,0.004538982753399622
1330,11.033576299999822,155.8687170284579,251.69220145050494,35.39631968737699,57.1569317769851,8.130101929360924,0.22709059497111578,0.07241650741032402,-0.21973734777670018,8.130100731600177,-0.11683538274525834,-0.06874754250749138,0.13556080282312563,0.0017166039728179687
1331,11.041345099999944,155.8415002410012,251.6910328455364,35.390139010920244,57.156666397787504,8.130102111946403,0.22709059497111578,0.06623583095358043,-0.2194719685791071,8.130101872394256,-0.19126644346137162,-0.0507479040278403,0.19788431508732812,0.0002561377122188758
1332,11.049305900000036,155.83455871503546,251.69217120576886,35.388562655658674,57.15692490868999,8.1301021484635,0.22709059497111578,0.06465947569201091,-0.21973047948159063,8.13010210055307,0.07196589355310831,-0.07436552598597301,0.10348585067567327,5.965019981827764e-05
1333,11.062542900000153,155.83267456035065,251.6935200963641,35.38813478185029,57.15723122905781,8.130102155766918,0.22709059497111578,0.06423160188362687,-0.22003679984941016,8.130102146184834,0.09248787288665897,-0.0644734389628755,0.11274232108129768,1.1542680494305063e-05
1334,11.06616380000014,155.85558380122046,251.69795430387617,35.393337254989746,57.15823819587995,8.130102157227602,0.22709059497111578,0.06943407502308219,-0.22104376667155634,8.130102155311187,0.3454395395379713,-0.0893079901627889,0.35679741112166496,2.0432745000739276e-06
1335,11.077426100000139,155.8581410980102,251.6990857439378,35.39391799303925,57.158495135276716,8.13010215751974,0.22709059497111578,0.07001481307258928,-0.22130070606831964,8.13010215713646,0.37669315021929156,-0.08245219655889206,0.38561132522206854,9.210714717346339e-07
1336,11.081950799999959,155.86748937606507,251.70087922407038,35.39604089906469,57.15890241774709,8.130102157578166,0.22709059497111578,0.07213771909802347,-0.22170798853869655,8.130102157501511,0.3335029628881993,-0.07061703357834495,0.34089733305881514,4.602474063216631e-06
1337,11.093205099999977,155.86542047023698,251.70078972178908,35.39557107000925,57.158882092620786,8.130102157589853,0.22709059497111578,0.07166789004258334,-0.2216876634123892,8.130102310162412,0.16400419993255505,-0.03120127793918787,0.16694579162277778,6.942061501258004e-06
1338,11.09745699999985,155.8607719266413,251.70011503298633,35.39451542947835,57.15872887713915,8.130102157592189,0.22709059497111578,0.0706122495116901,-0.2215344479307504,8.13010234069459,0.28538854924176593,-0.042291228294498676,0.28850506413055776,7.089374584703581e-06
1339,11.10914129999992,155.89109248727556,251.70428367157666,35.401400943632645,57.15967553575685,8.13010292053211,0.22709059497111578,0.07749776366598127,-0.2224811065484502,8.130102346801028,0.1684247806138965,-0.019595984358492687,0.16956093101837305,2.671654344926988e-06
1340,11.113061800000196,155.90246062181888,251.70563482170274,35.4039825400698,57.159982369242876,8.130102310180641,0.22709059497111578,0.08007936010313443,-0.222787940034479,8.130102348022312,0.07554534936038029,-0.0010803850544070029,0.0755530743374993,2.8481978530588535e-07
1341,11.125077799999872,155.89634193157775,251.7043933245663,35.402593043062495,57.1597004369195,8.130102188110348,0.22709059497111578,0.07868986309583192,-0.22250600771110385,8.130102348266572,0.1768689047880691,-0.013923344144350848,0.17741609000621414,-1.142204696107855e-05
1342,11.129486700000143,155.88651529246476,251.70256088607323,35.40036150573976,57.15928430737186,8.13010216369629,0.22709059497111578,0.07645832577309619,-0.22208987816346593,8.130102195727533,-0.008128480912628223,0.016704818573133374,0.018577490829179893,-1.2380883151605762e-05
1343,11.141380600000048,155.90004602892674,251.70403682796362,35.40343420873331,57.1596194798939,8.130102158813477,0.22709059497111578,0.0795310287666453,-0.22242505068550145,8.130102165219725,-0.225335222694809,0.04635443059099054,0.23005368030599754,-1.2858960489056269e-05
1344,11.145696000000044,155.89366690273948,251.70266631148309,35.40198556917205,57.159308248490916,8.130102157836914,0.22709059497111578,0.07808238920538457,-0.2221138192825194,8.130102159118163,-0.31693966561825476,0.19681008601216915,0.37307500800553306,-1.3607529410328266e-06
1345,11.157502600000043,155.87143842368292,251.69902778392546,35.39693769063779,57.15848197310304,8.130102157641602,0.22709059497111578,0.07303451067112832,-0.22128754389463978,8.13010215789785,-0.1561405797204603,0.17677601524481107,0.2358593653032991,-5.25716477913783e-07
1346,11.16157800000019,155.86114344991486,251.685106219663,35.39459979891959,57.15532051679174,8.13010215760254,0.22709059497111578,0.07069661895292967,-0.21812608758334306,8.130102157653788,-0.2638559544832494,0.18027931989242735,0.319563136010934,-5.581498086633762e-08
1347,11.173201000000063,155.87638815740058,251.68540237889036,35.39806172861268,57.15538777176689,8.130102157594727,0.22709059497111578,0.07415854864601812,-0.218193342558493,8.130102157604975,-0.22513618222524295,0.1651872750972571,0.2792367031767398,-2.2353303669503453e-08
1348,11.176483700000063,155.87233724320757,251.68555652733977,35.39714180409842,57.15542277742998,8.130102157593164,0.22709059497111578,0.07323862413175419,-0.21822834822158654,8.130102157595214,-0.2448755307457951,0.1478882579314999,0.2860681079604098,3.9902911147688276e-06
1349,11.189222500000142,155.8643665068468,251.68574383764548,35.39533172483589,57.15546531383875,8.130102157592852,0.22709059497111578,0.071428544869228,-0.21827088463034983,8.130102310181153,-0.028946327647025816,-0.026490751541125755,0.039238371544479615,6.9170630560620876e-06
1350,11.1926997999999,155.8563084541043,251.68599665887427,35.393501816844285,57.155522727162015,8.13010215759279,0.22709059497111578,0.0695986368776218,-0.21832829795361874,8.130102340698341,-0.1132755978499135,-0.037864889434647026,0.11943663977253116,7.079402970012254e-06
1351,11.205308999999943,155.88440334643622,251.69133559049982,35.399881902659594,57.156735148321374,8.13010292053223,0.22709059497111578,0.07597872269293049,-0.21954071911297746,8.130102346801777,-0.08797809932952547,-0.035301708109410634,0.09479639527470377,3.2054427911047354e-06
1352,11.208736300000055,155.88253501019304,251.69228122428513,35.399457621070525,57.156949892860304,8.130102310180664,0.22709059497111578,0.07555444110386134,-0.21975546365190723,8.130102348022465,-0.18562171277197287,-0.02981852068616859,0.18800150113313527,2.8658700423567586e-07
1353,11.221224800000073,155.87407995005802,251.69216286588573,35.397537556433946,57.156923014780965,8.130102188110351,0.22709059497111578,0.07363437646728244,-0.21972858557256814,8.1301023482666,-0.19876211434744878,-0.012713770327627251,0.19916831589339695,-1.5276213884113976e-05
1354,11.224526200000128,155.8649166244774,251.69181284171557,35.39545665137592,57.15684352758391,8.13010216369629,0.22709059497111578,0.07155347140925983,-0.2196490983755126,8.130102195727538,-0.563293504632563,0.03559999634867553,0.5644173385902147,2.6793075169362557
1355,11.236789200000203,155.83295126305293,251.68808611448162,35.388197618431576,57.15599722287905,8.130102158813477,0.22709059497111578,0.06429443846491267,-0.2188027936706547,8.228671806333008,-0.47251505426791246,0.05012850085441537,0.4751666477223747,4.410329947138214
1356,11.240585399999873,155.81094091024565,251.68565525664775,35.38319927431705,57.15544519792727,8.130102157836914,0.22709059497111578,0.05929609435038685,-0.2182507687188746,8.248385728454101,-0.26060814719523634,0.02331997492953536,0.26164943648945266,4.515323340724028
1357,11.253104800000074,155.82913903615517,251.68510476264828,35.3873318975572,57.155320185917404,8.622950363208009,0.22709059497111578,0.06342871759053992,-0.21812575670900713,8.25232851287832,-0.1346241538919773,0.01578543856856468,0.13554646023387226,1.911804983998493
1358,11.256572299999789,155.84296972607982,251.6871186284062,35.390472717161046,57.15577751589056,8.22867179871582,0.22709059497111578,0.06656953719438263,-0.21858308668216608,8.253117069763167,-0.3700925215837315,-0.10865726925550247,0.38571346449698585,0.18501408098557934
1359,11.268995800000084,155.8429483946547,251.68786242077343,35.39046787299503,57.15594642414177,8.149816085817383,0.22709059497111578,0.06656469302836854,-0.2187519949333705,8.253274781140135,-0.12934825597604724,-0.14255252186233425,0.1924894615644096,-8.997214967345082
1360,11.272614299999987,155.81475626370275,251.69667721408007,35.384065705203646,57.15794818079832,8.134044943237695,0.22709059497111578,0.060162525236982844,-0.22075375158992472,8.15473668230225,-0.1968820951202497,-0.14307999501871535,0.24338127362945297,-9.59036542922558
1361,11.285312200000135,155.80844065283975,251.69802260552197,35.382631489375164,57.15825370654133,8.130890714721758,0.22709059497111578,0.058728309408500934,-0.22105927733293385,8.13502906253467,-0.20260232467357814,-0.12661884816308874,0.238914283108577,-9.677867893650284
1362,11.301089499999762,155.8079146065693,251.69751209058947,35.382512029214624,57.15813777340157,8.13025986901857,0.22709059497111578,0.05860884924796039,-0.22094334419317363,8.131087691169046,-0.06519307392244236,-0.1390600771742233,0.15358333878112554,-0.6791364678081688
1363,11.304435900000044,155.82084080374193,251.69824276874112,35.38544744702127,57.15830370353776,8.130133699877932,0.22709059497111578,0.06154426705460736,-0.22110927432936478,8.130299416895921,0.5007423703217829,-0.20889492047827424,0.5425679766048694,-0.16592252982862174
1364,11.317154200000004,155.85929726758587,251.70248809086692,35.394180548276076,57.15926777626515,8.130109228989259,0.22709059497111578,0.07027736830941222,-0.22207334705675663,8.130141762041296,0.4816307386937514,-0.15677147793006507,0.506503173481732,-0.08587335175023304
1365,11.320416500000192,155.8745304326191,251.71545127686713,35.39763985678677,57.16221159388666,8.13010357187207,0.22709059497111578,0.07373667682010421,-0.22501716467826327,8.130110231070372,0.5275988994366871,-0.27843761443716725,0.5965635790259611,-0.007517423402135861
1366,11.333257299999786,155.8627404267583,251.70207525207812,35.39496245734112,57.15917402445898,8.130102440448633,0.22709059497111578,0.07105927737445938,-0.22197959525058053,8.130103924876186,0.34387635054233223,-0.2235731440902874,0.41016569239848594,9.841131626856399
1367,11.336594800000057,155.8660070671388,251.71090775955273,35.39570428064869,57.16117980383647,8.130102214163946,0.22709059497111578,0.07180110068202339,-0.22398537462807155,8.22867215216274,0.37562069183208574,-0.13212020843092628,0.398179172745444,10.369030619148138
1368,11.349119099999825,155.86372237835695,251.69851322528856,35.39518544931389,57.158365121676034,8.130102168907008,0.22709059497111578,0.07128226934722903,-0.22117069246763776,8.248385797620049,0.23497135348924836,0.044039310907577664,0.2390627488041238,
1369,11.352414899999985,155.87599147715758,251.6929770001698,35.39797164626029,57.15710789701992,8.622950365422028,0.22709059497111578,0.07406846629362462,-0.21991346781152288,8.350898167824793,0.4541340587472089,0.023174321597867902,0.45472496357219583,
1370,11.365309499999967,155.89627066592027,251.6942021968198,35.40257685930194,57.157386127656125,8.228671799158624,0.22709059497111578,0.07867367933527447,-0.2201916984477279,8.469970282979022,0.4615761587507069,0.1047506786969421,0.47331306237471177,
1371,11.368812499999876,155.90995786423397,251.69216245716393,35.40568509331048,57.15692292196409,8.64266429147235,0.22709059497111578,0.08178191334381779,-0.21972849275569217,8.592354347123148,0.2462462916799012,-0.03852337984970522,0.24924142304429986,
1372,11.381832800000211,155.92483519970108,251.7032339431484,35.40906359627329,57.15943715230352,8.725462789935095,0.22709059497111578,0.0851604163066284,-0.22224272309512116,8.616831159951975,0.08027794650003078,-0.15248353814436746,0.17232462998447604,
1373,11.385558800000126,155.90649032458347,251.7113004291465,35.404897647668164,57.16126897540815,8.742022489627645,0.22709059497111578,0.0809944677015011,-0.22407454619975198,8.685832510066568,-0.1344017047919008,-0.1465823384077806,0.19887232131209803,7.165041421977791
1374,11.398146300000008,155.9073514934994,251.7217399022085,35.40509321102965,57.16363968155698,8.745334429566155,0.22709059497111578,0.08119003106298806,-0.22644525234858293,8.699632780089484,-0.2790913622828025,-0.2027839064662049,0.34498304483346,6.773365549066204
1375,11.402062000000114,155.8950011729354,251.72160318844274,35.40228856938469,57.16360863514657,8.573678549731591,0.22709059497111578,0.07838538941802398,-0.22641420593817685,8.702392834094068,-0.21187677394531423,-0.24902285050378126,0.326961996890315,0.6149945937155276
1376,11.414674199999808,155.90410155055807,251.72986597655404,35.404355179553484,57.16548503661489,8.711665641586944,0.22709059497111578,0.08045199958682048,-0.22829060740649254,8.702944844894986,0.06606803690659144,-0.1872472999350497,0.19856116647939293,0.2570594618382224
1377,11.4195651,155.91692809760045,251.73900412231234,35.407267967752766,57.167560223572075,8.739263059958015,0.22709059497111578,0.08336478778610257,-0.23036579436367788,8.70305509446728,-0.015796782070686466,-0.044068958737473934,0.046814649929204234,-2.0740542709096883
1378,11.429755799999839,155.9291183464216,251.74720525421088,35.410036258610404,57.169422623494356,8.74478254363223,0.22709059497111578,0.08613307864374065,-0.23222819428595898,8.638971156832909,0.15881532533733606,-0.026581828617142186,0.16102453593982197,-12.086707356118628
1379,11.433469399999922,155.92267875652726,251.73857819953906,35.40857388830993,57.16746350051608,8.745885677427617,0.22709059497111578,0.08467070834326762,-0.23026907130768137,8.527584728192755,0.26563367770797347,0.05621238058415155,0.27151626555991265,-12.697793777151965
1380,11.445772500000203,155.93117399211033,251.7334116397285,35.41050307641291,57.166290223374745,8.253258861559743,0.22709059497111578,0.08659989644624488,-0.22909579416634784,8.505307289876832,0.10775684253953126,0.13239951690842783,0.17070784748122858,-20.449003796781497
1381,11.449259900000015,155.94189231394554,251.72933908546923,35.41293710649556,57.16536538460496,8.154733498386168,0.22709059497111578,0.08903392652889863,-0.22817095539656407,8.402282161100366,0.12660886222004708,0.1995712895758168,0.236344036556054,-10.991384394909073
1382,11.461968499999784,155.93104497790046,251.7317656185353,35.41047377849923,57.165916427442646,8.627875868378405,0.22709059497111578,0.08657059853256754,-0.2287219982342492,8.38167728793296,0.2303562840903882,0.07410381430924354,0.24198221611331375,-10.767758298230143
1383,11.465583900000183,155.93687043636965,251.72932812338382,35.41179668532898,57.16536289521846,8.2296568997499,0.22709059497111578,0.08789350536231666,-0.2281684660100609,8.37755631329948,0.2970266522987856,0.08170332538726016,0.30805886702894986,-0.9421064329232872
1384,11.4782352000002,155.94383140914124,251.73488711507446,35.413377456777255,57.166625289948925,8.642861311590606,0.22709059497111578,0.08947427681059139,-0.22943086074052843,8.376732118372786,0.18320584161267853,0.04211505486509807,0.1879841968020186,-9.218014214334545
1385,11.48196820000021,155.951888791006,251.7326948622647,35.415207212418835,57.16612744995403,8.23265398839234,0.22709059497111578,0.09130403245217167,-0.22893302074563593,8.277997790862056,0.29469273839175725,0.09685303961946348,0.3102004534883243,-6.77700218588239
1386,11.494716100000005,155.95912164233158,251.72891956517554,35.4168497249297,57.165270115491865,8.150612523752686,0.22709059497111578,0.09294654496303423,-0.22807568628346786,8.356820566473191,0.21606530473079522,0.10093010112385152,0.23847662615292572,-9.873749867494475
1387,11.498489999999947,155.96516416912783,251.72509182977046,35.418221925934986,57.16440087278133,8.134204230824757,0.22709059497111578,0.09431874596832301,-0.22720644357293196,8.321514259779013,0.19722705642348767,0.11896744660176659,0.2303296879180315,0.721375566516647
1388,11.509179900000163,155.96388244242843,251.71692511808715,35.41793085785623,57.162546289366205,8.623770777805577,0.22709059497111578,0.09402767788956368,-0.22535186015780795,8.378558985989006,0.24745751945238903,-0.015763862518238914,0.2479591161764847,0.9319095445889949
1389,11.525318099999822,155.96606826685712,251.71760713401397,35.41842723802625,57.16270116876881,8.466329778119709,0.22709059497111578,0.09452405805958364,-0.22550673956041578,8.488537572344285,0.231219208324779,-0.061616531517207494,0.2392883600481824,13.502920843896003
1390,11.529569700000138,155.97994708990763,251.72772255376717,35.42157898821028,57.16499828545894,8.517877619442302,0.22709059497111578,0.09767580824361488,-0.22780385625054578,8.609102930728623,0.15175177841571513,-0.18181014536983908,0.23681961745542604,12.405891283772911
1391,11.54135959999985,155.98242115968395,251.73613367188906,35.422140826187785,57.16690837127762,8.700505455529086,0.22709059497111578,0.09823764622112208,-0.22971394206922469,8.633216002405492,0.1509187790272114,-0.24030113971675923,0.28376242811943536,14.380612835299551
1392,11.545747199999823,155.98176938293858,251.74329473999376,35.421992813818896,57.168534582494146,8.737031022746443,0.22709059497111578,0.0980896338522328,-0.23134015328574975,8.68910947855727,0.12319926417868812,-0.2948012078185881,0.31950870226876227,3.4083971526816192
1393,11.557356599999821,155.98016448318583,251.74937654144375,35.42162835617917,57.16991570240392,8.744336136189915,0.22709059497111578,0.09772517621250643,-0.23272127319552283,8.636182186238798,-0.026197930189633834,-0.1683742717035449,0.1704001963552862,-6.151426084364148
1394,11.561454900000172,155.97821830585505,251.75446754844688,35.42118639761121,57.171071822213264,8.74579715887861,0.22709059497111578,0.09728321764454506,-0.23387739300486743,8.527027086661823,-0.03684217800332496,-0.059005294816861675,0.06956271196879435,-11.02073596322785
1395,11.573135699999966,155.9779263110829,251.7497435960961,35.42112008834467,57.16999905706331,8.25324115784994,0.22709059497111578,0.09721690837800878,-0.23280462785491096,8.505196066746429,-0.05237243053176164,0.05462613587753533,0.0756761930907941,-9.873160387132234
1396,11.577047100000073,155.97783042420627,251.7431152203131,35.421098313336806,57.16849381526305,8.154729957644207,0.22709059497111578,0.09719513337014263,-0.23129938605465128,8.500829862763347,-0.07539976608503733,0.0536364191144868,0.09253102280372368,-1.0176368621393652
1397,11.58995189999996,155.97150075790705,251.73189086562513,35.41966090565095,57.1659448698788,8.627875923169467,0.22709059497111578,0.09575772568428675,-0.22875044067040307,8.499956621966732,-0.061736503336652336,0.08790315311557655,0.10741675926919868,-0.4078159180003549
1398,11.594372999999905,155.96864804714278,251.73430328281253,35.41901308186621,57.1664927071332,8.722505116274519,0.22709059497111578,0.09510990189954782,-0.22929827792480495,8.499781973807409,-0.05688892402107587,0.1215380081217631,0.1341932825982042,3.0227457430579627
1399,11.60511200000019,155.96677901618023,251.73954124428712,35.4185886425129,57.1676821989209,8.74143095489553,0.22709059497111578,0.09468546254623789,-0.23048776971250362,8.598316685288825,-0.059516205016998856,0.03150847906777679,0.06734213326580892,5.161460711319355
1400,11.608216199999788,155.9670327362228,251.7359869956421,35.418646259948325,57.16687506248143,8.252367917053325,0.22709059497111578,0.09474307998166154,-0.22968063327303412,8.61802362758511,-0.0548930474158309,-0.07688823535370946,0.09447246895473875,5.275799461148063
1401,11.621202100000119,155.96596320114554,251.73972184656677,35.41840337859129,57.16772321200004,8.647403515051291,0.22709059497111578,0.09450019862462966,-0.23052878279164446,8.621965016044367,-0.029679876861583934,-0.0682535191986895,0.07442740069036848,-7.723437321861754
1402,11.62448089999998,155.9646887372981,251.74469532370225,35.4181139598379,57.16885264188181,8.726410634650884,0.22709059497111578,0.09421077987123994,-0.23165821267341613,8.52418365262294,-0.013756568369621943,0.007961366418429067,0.015894229410593423,-10.32920205066423
1403,11.6377951999998,155.96348892626787,251.74942914098415,35.4178414940372,57.16992764726484,8.742212058570804,0.22709059497111578,0.09393831407053455,-0.23273321805644542,8.504627379938654,-0.01350658751101324,-0.019951854252386755,0.024093658798554077,-10.7559004328685
1404,11.641800400000193,155.96419605358847,251.74466166757026,35.41800207600115,57.168844998890776,8.25252413778838,0.22709059497111578,0.09409889603448818,-0.23165056968237963,8.500715972813904,-0.20338610290271233,0.1344861628924103,0.2438286998355128,-3.5166902085883027
1405,11.654058999999961,155.96526547457876,251.73815974062302,35.41824493145011,57.16736847243187,8.154586553631894,0.22709059497111578,0.09434175148344792,-0.2301740432234709,8.40136405027567,-0.19085669631101404,0.22753480296796103,0.2969820955687792,-4.621332181168153
1406,11.658213600000181,155.94755416161343,251.7252274961909,35.4142228588511,57.16443168134947,8.62784647942755,0.22709059497111578,0.09031967888443404,-0.22723725214107304,8.381493665768025,-0.17771469064842624,0.19014070614150705,0.26026140590617114,-1.681374869569174
1407,11.670274300000074,155.94619334997367,251.71881297756335,35.41391383132618,57.16297500449788,8.229651021959729,0.22709059497111578,0.09001065135951336,-0.22578057528948392,8.476089229979776,-0.18063799611047476,0.10986240367933264,0.211423351077899,2.605135567620871
1408,11.67425319999984,155.94698611215162,251.72350359839476,35.41409386016084,57.16404020037327,8.64286013603257,0.22709059497111578,0.09019068019417631,-0.22684577116487503,8.495008342822125,-0.14994320911536424,0.10908323464676306,0.18542415711232077,4.305686053393562
1409,11.6861186000001,155.948317267784,251.73035252313383,35.4143961530854,57.16559552676718,8.72550195884714,0.22709059497111578,0.09049297311873516,-0.22840109755878046,8.498792317978488,0.05891502491335843,0.00023776515045812602,0.05891550468941445,1.7513120980633499
1410,11.690319100000124,155.9515225237331,251.72819665129128,35.41512403656591,57.16510594854777,8.249182117843647,0.22709059497111578,0.09122085659925006,-0.22791151933937215,8.49954911300976,0.10681904592460999,0.034230779986341234,0.11216975916314181,0.17109921900332137
1411,11.700962100000197,155.95509330793521,251.72057379050835,35.41593492807488,57.16337486855719,8.646766355209355,0.22709059497111578,0.09203174810821935,-0.22618043934879495,8.499700472016016,0.10142219747982927,0.06678545016016943,0.12143623221565283,0.0677945930590219
1412,11.704327699999794,155.95826337825332,251.71626481603528,35.41665482122952,57.162396340980386,8.23343499711609,0.22709059497111578,0.09275164126285773,-0.22520191177198967,8.499730743817265,0.12670425284987577,0.15671007392519762,0.20152422921298113,0.007897533183916056
1413,11.71702920000007,155.9592847776688,251.72213413613773,35.41688677143049,57.16372920837453,8.643616931063844,0.22709059497111578,0.09298359146382751,-0.22653477916612985,8.499736798177517,0.10038342923980605,0.14488021815976218,0.1762586465395767,0.0032708329365878615
1414,11.720576400000027,155.9616572845051,251.7171584424817,35.41742554541951,57.16259927514179,8.725653317853395,0.22709059497111578,0.09352236545284853,-0.22540484593339016,8.499738009049569,0.09077731114305777,0.1282884515656708,0.15715739570087367,2.691211140848227
1415,11.732786500000202,155.96389836043292,251.7140720202884,35.41793447268534,57.16189837768958,8.249212389644898,0.22709059497111578,0.09403129271867527,-0.22470394848118502,8.59830789233726,0.04688096460103985,-0.004457412487961457,0.04709239182725577,1.1511762450077017
1416,11.749856200000067,155.96601502589925,251.7080819088807,35.41841514750544,57.16053807972606,8.646772409569605,0.22709059497111578,0.09451196753877866,-0.2233436505176627,8.519452227881516,0.047446611776369704,0.016212697303196345,0.05014012886802959,-0.13834528174854288
1417,11.753933299999971,155.965914767217,251.71477835075532,35.418392379701636,57.16205877869556,8.726284413554547,0.22709059497111578,0.09448919973497283,-0.22486434948716294,8.503681094990368,0.03257590465243016,0.008233205423511754,0.03360022671753815,-0.16321462720370628
1418,11.765862899999775,155.96702266763432,251.71486173246421,35.41864397346658,57.16207771389744,8.249338608785129,0.22709059497111578,0.09474079349991626,-0.22488328468904228,8.599096509525419,0.029188005949336262,0.01867590371524053,0.03465153778520405,
1419,11.769959000000199,155.96842116373475,251.70983573340902,35.418961558778086,57.160936356781676,8.646797653397652,0.22709059497111578,0.09505837881142298,-0.22374192757327904,8.732765163721494,-0.01899180665753575,-0.23594661716613585,0.23670972703347087,
1420,11.781571299999996,155.96968631510362,251.7042304787624,35.419248862755175,57.15966345616901,8.726289462320157,0.22709059497111578,0.09534568278851197,-0.22246902696061,8.814557183134925,-0.05960343912604725,-0.19022161927546666,0.19934100028702828,
1421,11.784971799999767,155.966500710856,251.7221010156867,35.41852544199124,57.1637216870316,9.315115680549969,0.22709059497111578,0.09462226202457913,-0.22652725782320005,9.044070799419956,-0.11879667557121051,-0.4077744616948954,0.4247265729117183,
1422,11.797472499999913,155.9550155280558,251.73004765382402,35.41591726499579,57.165526293814224,9.135244510621714,0.22709059497111578,0.09201408502912756,-0.22833186460582766,9.204559093966026,-0.14370773161428432,-0.531393828583356,0.5504828000784405,
1423,11.801310100000137,155.95037039812723,251.74845658508687,35.41486239967659,57.16970678896749,9.39690669021028,0.22709059497111578,0.09095921970993004,-0.23251235975909168,9.236656752875238,-0.14160176356670756,-0.6456485047152203,0.6609939871785534,4.199605684459227
1424,11.813882399999784,155.94776716007868,251.7672494917307,35.4142712287993,57.17397448131847,9.449239126127994,0.22709059497111578,0.09036804883263727,-0.23678005211007047,9.12849071336802,-0.19891371248925166,-0.3550115524893935,0.40693963608523814,-8.123842569859166
1425,11.817060400000173,155.94826075974623,251.77371010852838,35.41438332064148,57.175441626630935,8.886777756866225,0.22709059497111578,0.09048014067481347,-0.2382471974225382,9.05179921689236,-0.16109847986329398,-0.15018792510139345,0.2202478900251394,-11.307727537483842
1426,11.829975099999956,155.91986548290532,251.75893732327467,35.407935020329305,57.17208686603829,8.774285483013871,0.22709059497111578,0.08403184036264122,-0.23489243682989525,9.036460917597225,-0.14041477451451537,0.08644828756149003,0.16489273884642788,-8.73254938397278
1427,11.833468899999843,155.91956445422244,251.74540220801595,35.407866659546606,57.16901316866119,8.7517870282434,0.22709059497111578,0.08396347957994266,-0.23181873945279108,9.03339341032609,-0.47453996823967654,0.04107185105038595,0.4763140543859884,2.395986851751993
1428,11.84578539999984,155.9102652590634,251.74031325952353,35.405754899785194,57.16785751632027,9.320215193734619,0.22709059497111578,0.08185171981853046,-0.23066308711187133,9.147365480160923,-0.4798351686600917,0.07776573198201239,0.4860959762780976,
1429,11.849221699999816,155.88427407843773,251.74888294134573,35.39985254711291,57.16980361046398,9.433901589772315,0.22709059497111578,0.07594936714624367,-0.23260918125558305,9.28474546541695,-0.46053303451806193,-0.12663143778671376,0.4776255823533166,
1430,11.861695300000065,155.88475717927741,251.7641631791841,35.39996225477002,57.173273608765996,9.456638106040401,0.22709059497111578,0.07605907480335361,-0.23607917955759916,9.426807186345108,-0.43389444823459333,-0.3498620458230016,0.5573758546225862,
1431,11.865537199999835,155.8779428348584,251.77705840343862,35.39841478124157,57.176201992914244,9.461185409294018,0.22709059497111578,0.07451160127490652,-0.2390075637058473,9.455219683118631,-0.8022919843656657,-0.42913700471929145,0.9098521841468772,6.411461807568198
1432,11.878165600000102,155.8842615571033,251.7902042370901,35.39984970363562,57.17918728809955,9.462095632884195,0.22709059497111578,0.0759465236689536,-0.24199285889115174,9.460902029885446,-0.45174364227536945,-0.4027155023680621,0.6051876520417263,
1433,11.88175769999998,155.85241304552582,251.7949898715284,35.39261720619255,57.18027406067146,9.46227767760223,0.22709059497111578,0.06871402622588363,-0.24307963146306122,9.347452927949746,-0.3006883614200778,-0.3464184683389797,0.45871477619520395,
1434,11.893551399999978,155.8542356161178,251.81754095543093,35.39303109483265,57.18539519973213,9.462313323606384,0.22709059497111578,0.06912791486598735,-0.2482007705237308,9.324763260150498,-0.3258080867302641,-0.18589237888047325,0.37510916531681376,
1435,11.897778600000038,155.8684585011974,251.8174795686917,35.39626097826759,57.18538125938099,8.889392596361903,0.22709059497111578,0.07235779830092781,-0.24818683017259247,9.205639602713696,-0.2389965104175245,-0.0691565413216617,0.24880104340482298,-13.990512152494851
1436,11.909441700000116,155.8413211682681,251.81540428548348,35.39009834518674,57.1849099820825,9.347737070297772,0.22709059497111578,0.06619516522007984,-0.24771555287410507,9.067229147349382,0.2317716112478908,0.018234861584549327,0.23248782754684405,
1437,11.913537599999927,155.85119943269203,251.8091405305994,35.39234160613206,57.18348754225912,8.86647734570018,0.22709059497111578,0.0684384261653932,-0.24629311305072576,8.924961332399564,0.5022943162809337,0.14811345190369046,0.5236765937131022,
1438,11.925270700000056,155.8687866440617,251.80219586873383,35.39633549642587,57.181910474864196,8.770225400780662,0.22709059497111578,0.07243231645920645,-0.24471604565579952,8.896507616821712,0.4601506916645193,0.1617875854807095,0.4877641662268902,
1439,11.930267600000207,155.89932175256814,251.79746135121667,35.40326973238411,57.180835310464325,8.750974248857304,0.22709059497111578,0.07936655241744717,-0.24364088125592787,8.890816873706143,0.32019229553356165,0.17064263176822086,0.36282504584969916,1.8310307118486346
1440,11.94279349999988,155.9298437132885,251.79350825162254,35.41020098260378,57.179937598725516,8.747124018472633,0.22709059497111578,0.0862978026371195,-0.24274316951711938,9.00426429637209,-0.04163158725091254,0.055410326414264716,0.06930723865777445,11.340682517345783
1441,11.9480523000002,155.90140242612486,251.79154722892127,35.40374223378005,57.17949226891353,9.319283354719918,0.22709059497111578,0.0798390538133873,-0.24229783970513097,9.141539352194343,-0.3932665941968056,0.0012546460517404573,0.3932685955525436,16.506781646362704
1442,11.957944100000077,155.846455800623,251.80151687314827,35.391264371903176,57.18175628135269,9.433714459029922,0.22709059497111578,0.06736119193651291,-0.24456185214429382,9.283580087235746,-0.6272872922802838,-0.06205521729417321,0.6303492659230732,15.769233711478918
1443,11.962094699999852,155.8205426305757,251.80400928420505,35.38537973469954,57.18232228446249,9.456600679891922,0.22709059497111578,0.061476554732877275,-0.24512785525408987,9.311988386831915,-0.6867988312436499,-0.09624137503460159,0.6935092190203346,7.236835618358717
1444,11.973308199999792,155.83128769621814,251.80901547412742,35.38781983804929,57.1834591431105,9.461177924064323,0.22709059497111578,0.06391665808262559,-0.24626471390210014,9.317670046751148,-0.5322633261955388,-0.1133712973250542,0.5442033622368613,2.473157760696862
1445,11.989916800000174,155.8499956911444,251.81627516980137,35.39206824774781,57.1851077517204,8.88916551645349,0.22709059497111578,0.06816506778114473,-0.24791332251200515,9.318806226147103,-0.394091562958329,-0.05057433451095078,0.397323449227659,0.20941384650041261
1446,11.994192000000112,155.84142043157516,251.81629337130778,35.3901208869502,57.18511188511132,9.347691654316089,0.22709059497111578,0.06621770698353657,-0.2479174559029218,9.319033462026296,0.24851336689691972,-0.08310133888592403,0.2620395505473863,0.04191943958323121
1447,12.005020199999763,155.8142140556477,251.81223526909648,35.383942574853826,57.1841903282657,9.439395356009703,0.22709059497111578,0.0600393948871627,-0.24699589905730335,9.319078909202133,0.27278884364916417,-0.1208084237595608,0.29834280361811605,
1448,12.008326099999977,155.84034855785723,251.8165880225964,35.38987747450986,57.185178797647765,9.457736859287879,0.22709059497111578,0.06597429454319581,-0.24798436843936855,9.433673569926363,0.14015246267059533,-0.09926572729051297,0.17174515249970554,
1449,12.021665400000074,155.86026032672015,251.83361783084442,35.394399249947874,57.18904610693505,9.461405159943514,0.22709059497111578,0.0704960699812105,-0.2518516777266555,9.45659234948332,0.1742910964685584,-0.08148473097485062,0.1923984087518816,
1450,12.026271400000041,155.85199745472693,251.83344641938103,35.39252282943076,57.189007181003845,9.46213882007464,0.22709059497111578,0.06861964946409671,-0.25181275179544826,9.461176105394713,0.004633280600304934,-0.023064404589348192,0.02352517902551026,0.9324024173588058
1451,12.037198500000159,155.83829309537117,251.82921502891753,35.38941069831096,57.188046272025936,9.462285552100866,0.22709059497111578,0.06550751834429747,-0.25085184281753925,9.46209285657699,-0.3037583159803397,0.03863145197962857,0.3062050025869372,0.3737483594996146
1452,12.041541999999936,155.81115484732914,251.82200025991494,35.38324785741662,57.18640786584056,9.462314135566658,0.22709059497111578,0.05934467744995686,-0.24921343663216078,9.462276054225557,-0.5995656959475322,0.014227077417408085,0.5997344691518819,0.04302326988524487
1453,12.053774099999828,155.82479798917603,251.82148975003733,35.38634608661591,57.18629193384871,9.46232061519927,0.22709059497111578,0.062442906649245344,-0.24909750464031077,9.462312693755269,-0.5691838692870421,-0.029777270317375065,0.5699622468937067,0.01562878449863363
1454,12.058050499999808,155.80332931907134,251.82924710181598,35.3814707535486,57.18805355547953,9.462321148186339,0.22709059497111578,0.05756757358193454,-0.2508591262711306,9.46232002166121,-0.5878585103896407,-0.015826933066708022,0.5880715263025624,0.0016153141071934525
1455,12.069860699999936,155.79004284002173,251.84025016046377,35.37845351911615,57.19055224661435,9.462322017723206,0.22709059497111578,0.05455033914948615,-0.25335781740595564,9.46232163983029,-0.3243826367641256,-0.06653775419705395,0.33113647906510424,0.0006407824489303659
1456,12.074370400000134,155.78253268266167,251.8371186619421,35.37674803301293,57.189841112751914,9.462322191630578,0.22709059497111578,0.05284485304626685,-0.25264668354351727,9.462321963464104,-0.4134239626611949,0.0002711653311449902,0.41342405159003737,7.600629342932797e-05
1457,12.085665099999915,155.77748512989393,251.83096850825896,35.37560178125175,57.18844447069285,9.462322226412054,0.22709059497111578,0.051698601285089296,-0.25125004148445385,9.462322180778756,-0.19521741847720891,0.10626756679952402,0.22226703811046075,3.3783070926698425e-05
1458,12.089866499999971,155.7739344233426,251.8246130071917,35.37479544918845,57.187001196174144,9.462322233368349,0.22709059497111578,0.05089226922178369,-0.24980676696574733,9.462322224241689,-0.16412726703618774,0.2156340817763795,0.2709904371159809,1.0118887941087491e-05
1459,12.101135299999896,155.7715017943122,251.81875548568465,35.37424302201459,57.18567100813005,9.462322234759608,0.22709059497111578,0.05033984204792574,-0.24847657892165387,9.462322232934277,-0.09133651366097716,0.19986425502682398,0.21974548724642606,3.8704630471407175e-06
1460,12.104646499999944,155.76995522152725,251.8135717754739,35.37389180988069,57.18449383629413,9.46232223503786,0.22709059497111578,0.04998862991402575,-0.24729940708573395,9.462322234672794,-0.09845415078509537,0.0670917664616104,0.11914077779565468,4.311375135514035e-07
1461,12.1175760000001,155.76914514693453,251.80908294630987,35.37370784955945,57.18347446540855,9.46232223509351,0.22709059497111578,0.04980466959278829,-0.24628003620015448,9.4623222350205,-0.06018212573676418,0.004506899202535195,0.060350645386917826,1.7962537720631143e-07
1462,12.121703400000115,155.766653809927,251.8189012907767,35.37314209035614,57.185704119095156,9.46232223510464,0.22709059497111578,0.04923891038947659,-0.2485096898867596,9.462322235090042,-0.0390771267259863,0.03517890329307455,0.05257924562089384,1.4992355881559288e-08
1463,12.132958600000165,155.76662606844855,251.81738477703988,35.37313579052729,57.185359733088376,9.462322235106866,0.22709059497111578,0.04923261056062955,-0.24816530387997915,9.462322235103949,-0.022920394893284273,-0.0655461967218087,0.06943809046019438,
1464,12.13619639999979,155.7674316635965,251.81351520060764,35.37331873360875,57.184480988674096,9.462322235107312,0.22709059497111578,0.04941555364208483,-0.24728655946569944,9.347736663817667,0.3566720573009905,-0.14654361149056766,0.38560340575261975,
1465,12.149216100000103,155.76632843591867,251.82316792368707,35.373068200979,57.1866730313013,9.4623222351074,0.22709059497111578,0.04916502101233533,-0.24947860209289985,9.324819549560413,0.40181624811662614,-0.026297188392708733,0.402675849000016,
1466,12.15267330000006,155.7950061812453,251.82813313692762,35.379580647227655,57.18780058453025,8.889394378662105,0.22709059497111578,0.055677467260991875,-0.2506061553218544,9.32023612670896,0.39350646337580913,0.022297277386571404,0.394137673024783,-1.0523660679935911
1467,12.165557299999818,155.80003557241093,251.82467091850924,35.3807227746598,57.1870143472897,9.34773666381836,0.22709059497111578,0.05681959469313824,-0.24981991808130033,9.319319442138665,0.3741739578862061,-0.012996668420293706,0.37439960490130786,-0.48017046698819504
1468,12.16976220000015,155.7992558718625,251.8196053822152,35.38054571199836,57.18586401163884,9.43940512084961,0.22709059497111578,0.056642532031695225,-0.2486695824304448,9.319136105224608,0.349909647771784,0.07599414027792198,0.3580668526411715,3.1854648847608416
1469,12.181606600000123,155.7971612274871,251.8146540005831,35.3800700379609,57.184739599438075,9.45773881225586,0.22709059497111578,0.05616685799423493,-0.24754517022967804,9.433685009130858,-0.03416791958988651,0.1543655302601249,0.158101750975726,5.308415281044095
1470,12.185244400000101,155.79490950853193,251.81022325356375,35.379558693763656,57.18373341846129,9.46140555053711,0.22709059497111578,0.055655513796992295,-0.24653898925289042,9.456594789912106,-0.057594491894594015,0.15176485194601805,0.16232589375325562,5.438642566917222
1471,12.198445800000172,155.79277873821695,251.80640331705305,35.37907481586508,57.18286594680632,9.46213889819336,0.22709059497111578,0.055171635898418,-0.24567151759791983,9.46117674606836,-0.06762437699557813,0.12639663553329117,0.14334980236531797,2.234911231192882
1472,12.213731599999846,155.7908613105308,251.8031709586578,35.37863938607102,57.18213190861518,9.46228556772461,0.22709059497111578,0.05473620610435859,-0.24493747940678645,9.462093137299611,-0.06497886166254649,0.11535594763529591,0.132398063119509,0.15044209566649874
1473,12.217869300000075,155.78918032397058,251.8004974820961,35.378257649832925,57.18152478723214,9.46231490163086,0.22709059497111578,0.05435446986626147,-0.24433035802374548,9.46227641554586,-0.0524535895462395,0.08137362749159027,0.09681449430444525,0.0357398139949336
1474,12.2301937000002,155.78771866497704,251.79834138102206,35.37792572082243,57.18103515695642,9.46232076841211,0.22709059497111578,0.05402254085576885,-0.24384072774802235,9.462313071195112,-0.05730950650297818,0.022822296035965667,0.061686600911122935,0.016429088706359056
1475,12.233826000000136,155.7864720551603,251.79663505839028,35.377642627457455,57.18064766713476,9.462321941768359,0.22709059497111578,0.05373944749079129,-0.2434532379263601,9.462320402324963,-0.06630555446839642,0.004129002089267459,0.0664339913870502,0.0017038025480013326
1476,12.246161999999913,155.7831620506553,251.80896864008585,35.376890956565056,57.18344850754013,9.46232217643961,0.22709059497111578,0.0529877765983926,-0.24625407833173085,9.46232186855093,-0.049572969596243605,-0.018285888430988675,0.05283798851489956,0.0007402159863524626
1477,12.249675000000025,155.78202555905054,251.809671664416,35.376632870010354,57.18360815775354,9.46232222337386,0.22709059497111578,0.05272969004369088,-0.24641372854514287,9.462322161796125,-0.04645874902785908,-0.0013424919137089084,0.04647814159120361,6.89897352944932e-05
1478,12.262321900000188,155.7815468865888,251.8077417076079,35.37652416799622,57.18316988271373,9.462322232760709,0.22709059497111578,0.05262098802955961,-0.24597545350533068,9.462322220445165,-0.03115330972079171,-0.014593824570779922,0.034402157231230066,3.0296702858427475e-05
1479,12.266543700000057,155.781335665739,251.80542816371837,35.37647620172777,57.18264449865536,9.46232223463808,0.22709059497111578,0.052573021761105565,-0.24545006944696013,9.462322232174973,-0.018794175501079705,0.05187688390718525,0.055176372811965094,2.536109056188113e-06
1480,12.278729699999985,155.78125997234295,251.80325904898623,35.376459012469425,57.18215191310028,9.462322235013554,0.22709059497111578,0.052555832502761746,-0.24495748389188066,9.462322234520933,-0.003765596075688224,0.06727827130919808,0.06738356998675052,1.0288529609775476e-06
1481,12.28278649999993,155.78127538126932,251.80137781156296,35.376462511691685,57.18172470177454,9.46232223508865,0.22709059497111578,0.05255933172502125,-0.2445302725661449,9.462322234990125,-0.0005183982754488393,0.07500691014721043,0.07500870153924602,1.0547365305264218e-07
1482,12.294157700000142,155.7813593421435,251.79979742530284,35.37648157841655,57.18136581091845,9.462322235103667,0.22709059497111578,0.05257839844988865,-0.24417138171005348,9.462322235083965,-0.006322396583054948,0.0018192226218496435,0.0065789261662732145,4.2856931758724626e-08
1483,12.298182800000177,155.78149477328003,251.79849824548586,35.376512333553926,57.181070779400834,9.46232223510667,0.22709059497111578,0.05260915358726237,-0.24387635019243703,9.462322235102732,-0.006934954911080173,-0.014659218754045638,0.01621685216364996,4.4105610749155135e-09
1484,12.31002720000015,155.77938858589812,251.8110938301703,35.376034038208246,57.18393111822083,9.462322235107273,0.22709059497111578,0.0521308582415827,-0.24673668901243673,9.462322235106484,-0.005370943286537212,-0.027847361432721762,0.02836058128021777,1.7137117927020283e-09
1485,12.314680899999985,155.77929691454094,251.81195390798203,35.3760132205052,57.184126433802824,9.462322235107392,0.22709059497111578,0.05211004053853685,-0.2469320045944272,9.462322235107237,-0.0007122145332070333,-0.011430385408361804,0.0114525525593643,1.6414634164957439e-10
1486,12.325455499999862,155.77970887218993,251.81008610272792,35.376106772212815,57.183702272796374,9.462322235107417,0.22709059497111578,0.05220359224615123,-0.2465078435879775,9.462322235107386,-0.00012536006114578866,-0.01691935769232826,0.016919822099120248,6.071365868359606e-11
1487,12.330138899999838,155.78022384890687,251.80774232035972,35.37622371858186,57.1831700218639,9.462322235107422,0.22709059497111578,0.052320538615198586,-0.24597559265550473,9.462322235107417,0.012849441606822531,0.05117679864445962,0.05276526195426975,6.978512825171985e-12
1488,12.341259100000116,155.7807416922072,251.8054969814571,35.37634131592503,57.182660126516595,9.462322235107422,0.22709059497111578,0.05243813595836855,-0.24546569730819812,9.462322235107424,0.015609386259205655,0.06650420668607844,0.06831151035026028,2.619964852884857e-12
1489,12.345854900000177,155.78123736396975,251.80349369116504,35.376453878320504,57.182205198132266,9.462322235107422,0.22709059497111578,0.05255069835384063,-0.2450107689238692,9.462322235107427,0.017861016012392518,0.07283348434611542,0.07499154842374427,4.706668877343663e-13
1490,12.357231899999988,155.7817046046643,251.80175690667798,35.37655998428782,57.18181079070976,9.462322235107422,0.22709059497111578,0.05265680432115971,-0.24461636150136457,9.462322235107427,0.014311281560773624,0.05493655902784805,0.056770047540335676,2.5767829168322915e-13
1491,12.361950699999852,155.78211896122468,251.8002812982027,35.37665408076565,57.18147569390317,9.462322235107422,0.22709059497111578,0.05275090079898348,-0.24428126469477007,9.462322235107427,0.015639378297440873,0.05655867457998505,0.05868111982379948,0.0
1492,12.373485000000073,155.7824857644761,251.7990540891991,35.37673737833425,57.181197006280385,9.462322235107422,0.22709059497111578,0.052834198367584406,-0.24400257707198847,9.462322235107427,0.011830993359267909,0.039937976436868076,0.04165350364301749,0.0
1493,12.377713800000038,155.78280634712488,251.7980491973486,35.376810179638696,57.18096880479218,9.462322235107422,0.22709059497111578,0.052906999672032384,-0.2437743755837829,9.462322235107427,0.012294165641444178,0.039347920896275555,0.0412238448919897,0.0
1494,12.389158699999825,155.78308104234762,251.79724865797974,35.37687256034027,57.1807870098306,9.462322235107422,0.22709059497111578,0.05296938037360377,-0.2435925806222059,9.462322235107427,0.009073668728366454,0.02697960795907649,0.028464551811289755,0.0
1495,12.393623399999797,155.78330993343846,251.79662509174102,35.37692453935427,57.18064540380245,9.462322235107422,0.22709059497111578,0.05302135938760699,-0.24345097459405451,9.462322235107427,0.009257284743092406,0.025363834827419725,0.027000396996476203,0.0
1496,12.40513400000009,155.78350448531273,251.79616020970283,35.37696872025515,57.180539833463804,9.462322235107422,0.22709059497111578,0.05306554028848609,-0.24334540425540752,9.462322235107427,0.0063250587760682216,0.015368157363977241,0.0166188636580449,0.0
1497,12.409683700000187,155.78366756419928,251.79583799554095,35.37700575393652,57.18046666165807,9.462322235107422,0.22709059497111578,0.05310257396985918,-0.24327223244967655,9.462322235107427,0.005525638760596636,0.012534906477138326,0.013698779657444392,0.0
1498,12.421447100000023,155.7837998866553,251.7956315569907,35.377035803121785,57.18041978140488,9.462322235107422,0.22709059497111578,0.053132623155121905,-0.24322535219648245,9.462322235107427,0.003985041209601792,0.006650811387346305,0.007753311908615556,0.0
1499,12.43734429999995,155.78390163182007,251.79551128280235,35.3770589084918,57.18039246826788,9.462322235107422,0.22709059497111578,0.05315572852513384,-0.2431980390594859,9.462322235107427,0.0034178300188854463,0.004768399065563214,0.005866787169009851,0.0
1500,12.441449599999942,155.78397284447846,251.7954697701635,35.377075080216756,57.18038304113802,9.462322235107422,0.22709059497111578,0.05317190025009211,-0.24318861192962515,9.462322235107427,0.0022171783816820373,0.0006978431488593002,0.0023244063837048893,0.0
1501,12.453262800000175,155.78402497991846,251.79548228018734,35.37708691968484,57.180385882046785,9.462322235107422,0.22709059497111578,0.05318373971817891,-0.2431914528383885,9.462322235107427,0.0017395732552968938,-0.00046267266259528774,0.0018000503057573822,0.0
1502,12.457080900000165,155.78406090196205,251.7955540722441,35.3770950772431,57.18040218534767,9.462322235107422,0.22709059497111578,0.053191897276434474,-0.24320775613927026,9.462322235107427,0.001475039194507279,-0.0021582142755112383,0.0026141211686440975,0.0
1503,12.46933399999989,155.78406988247292,251.79565212890088,35.377097116632655,57.18042445309219,9.462322235107422,0.22709059497111578,0.05319393666599126,-0.24323002388379678,9.462322235107427,-0.007320098385558039,-0.05105685412958733,0.05157893168711629,0.0
1504,12.473233300000174,155.78407212760067,251.79576819579944,35.37709762648005,57.180450810793246,9.462322235107422,0.22709059497111578,0.05319444651338756,-0.24325638158484963,9.462322235107427,-0.010694866099584796,-0.0712682656165527,0.07206626010054605,0.0
1505,12.486147600000095,155.781795314615,251.8095415667721,35.3765805836645,57.18357861380219,9.462322235107422,0.22709059497111578,0.052677403697835246,-0.24638418459379352,9.462322235107427,-0.010378454717298287,-0.06610073711636849,0.06691053556538212,0.0
1506,12.490198200000123,155.78151221366352,251.81134840438835,35.37651629410099,57.183988929631475,9.462322235107422,0.22709059497111578,0.052613114134324235,-0.2467945004230785,9.462322235107427,-0.006751738251981434,-0.044174075579564875,0.04468707780480146,2.4763245363171515
1507,12.50195020000001,155.78170465253697,251.81023227321623,35.376559995159255,57.183735466739535,9.462322235107422,0.22709059497111578,0.052656815192591466,-0.24654103753113787,9.54962753295899,-0.012390741844368537,-0.026603813031231136,0.02934779976854294,4.040389027226977
1508,12.505671500000062,155.78200453227487,251.8084655084896,35.37662809502736,57.18333425108659,9.462322235107422,0.22709059497111578,0.052724915060693434,-0.24613982187819516,9.567088592529302,-0.003547403273794971,0.046528838329790635,0.04666387110288563,4.141398245757518
1509,12.517195899999933,155.78058032618395,251.80435026384114,35.376304671218804,57.18239971773092,9.898848724365235,0.22709059497111578,0.052401491252140886,-0.24520528852252,9.570580804443363,0.0011568440215614225,0.07167422721925534,0.0716835625200622,1.7286771756169579
1510,12.520856300000105,155.78064770605772,251.8023601489681,35.37631997255443,57.181947781360336,9.549627532958985,0.22709059497111578,0.05241679258776344,-0.24475335215193894,9.571279246826174,0.005705413740785703,0.07908857423356044,0.07929410016042143,2.5170297018430583
1511,12.533247100000153,155.78106509423904,251.80102720154866,35.37641475748486,57.181645081537795,9.479783294677734,0.22709059497111578,0.05251157751819591,-0.2444506523293981,9.658724233154299,-0.0025406774774783428,0.06878628752463961,0.06883319252705744,3.8596145092982095
1512,12.5372854000002,155.78153565222186,251.7999844310024,35.37652161677715,57.181408278154024,9.465814447021485,0.22709059497111578,0.052618436810483615,-0.24421384894562692,9.676213230419918,-0.014540111042999498,0.09011615224142433,0.09128162862231548,3.887275682783177
1513,12.550060699999904,155.78024566842657,251.79681693904942,35.37622867358957,57.18068897052186,9.899547166748047,0.22709059497111578,0.05232549362290939,-0.24349454131345993,9.679711029873042,-0.014208537144052465,0.06796480838789075,0.06943412494571112,8.888082854679029
1514,12.55405010000004,155.77869865465547,251.79351880995767,35.375877361311865,57.17993999642412,9.98629371069336,0.22709059497111578,0.05197418134520149,-0.24274556721572083,9.76771588761523,-0.02602377491055157,0.08553125507551958,0.08940264232889679,7.9474369578355715
1515,12.565715300000193,155.77899854672052,251.7928659390617,35.37594546397934,57.17979173558391,9.56711653022461,0.22709059497111578,0.05204228401267841,-0.24259730637551513,9.78531685916367,-0.029190100561959604,0.07379497201012347,0.07935842655189315,1.6777399469833991
1516,12.57023560000016,155.77797488692426,251.79063134072246,35.37571300046716,57.179284279317535,9.919807583388673,0.22709059497111578,0.05180982050049465,-0.24208985010913864,9.701531755621795,-0.013556283317067498,0.05502795011005231,0.05667316923101273,-8.71762832886052
1517,12.581637899999805,155.7785086143092,251.7906334516357,35.37583420493656,57.17928475868608,9.553819304763673,0.22709059497111578,0.0519310249698961,-0.2420903294776835,9.59746943706186,0.007058646309995313,0.014957399401175981,0.01653929516563236,-11.222448598585798
1518,12.585103400000207,155.77935157984683,251.79120618395385,35.37602563448204,57.179414820808965,9.480621649038673,0.22709059497111578,0.052122454515377115,-0.24222039160056852,9.576656973349873,0.016668421461090988,0.0024197547224016954,0.016843143617541946,-7.410919424363163
1519,12.597984900000029,155.78020319037188,251.79192157162322,35.37621902722286,57.179577278620435,9.465982117893672,0.22709059497111578,0.05231584725619598,-0.24238284941203858,9.485189182755914,0.02942671064572646,-0.022536630918095796,0.037065226730262725,-6.211806440293035
1520,12.601293499999883,155.78098829759296,251.79264973494682,35.376397317688806,57.179742637662834,9.463054211664673,0.22709059497111578,0.0524941377221424,-0.24254820845443703,9.46689562463712,0.033884234427195445,-0.029768192903253166,0.04510306698487841,-2.004500611073874
1521,12.613936000000194,155.78167667034552,251.7933467599086,35.37655364066675,57.17990092547611,9.462468630418872,0.22709059497111578,0.052650460700085944,-0.242706496267715,9.550542210864924,0.018506859218091434,-0.016244830237660424,0.024625156802925385,8.803208016912416
1522,12.618044400000144,155.78227219493013,251.79400166800448,35.37668887869899,57.18004964894526,9.462351514169711,0.22709059497111578,0.05278569873232897,-0.2428552197368603,9.654576825962046,0.001047383356444151,0.005790317718170828,0.005884283403501164,11.186225650951364
1523,12.630888499999855,155.78104778506065,251.79230000806558,35.37641082673324,57.17966321797729,9.898854580177693,0.22709059497111578,0.052507646766578375,-0.2424687887688961,9.67538374898147,-0.00855346543412088,0.01406923849306729,0.0164652738424694,15.368977716952454
1524,12.635661199999959,155.77952860886282,251.7902495320457,35.37606583610661,57.17919757415796,9.98615519337929,0.22709059497111578,0.05216265613994864,-0.24200314494956388,9.76685043143692,-0.014130729088814208,0.02051897071105338,0.024913965232827278,10.139282211353414
1525,12.64662300000009,155.7798125721376,251.79066388447626,35.37613032149562,57.179291669697946,9.567088826761795,0.22709059497111578,0.052227141528959464,-0.2420972404895494,9.872449065779573,-0.03402890963104995,0.044677720436017504,0.05616106653222586,9.564367798783172
1526,12.662160500000027,155.7787505978684,251.78931407292572,35.37588915712699,57.17898514018984,9.919802042696109,0.22709059497111578,0.051985977160327934,-0.24179071098144078,9.870820989913728,-0.023384320269428882,0.011705921656163437,0.02615062210127053,-3.739463663735449
1527,12.666384300000118,155.77751235649833,251.787740658124,35.375607964157545,57.17862783248638,9.990344685882972,0.22709059497111578,0.05170478419088198,-0.24143340327798057,9.783190076888998,0.002828922048486681,-0.030570644791602465,0.0307012560480959,-4.945651288827671
1528,12.677985599999829,155.77912540357772,251.7946257468064,35.37597427197852,57.18019137137169,9.89071420084847,0.22709059497111578,0.052071092011857445,-0.2429969421632947,9.852969192135612,-0.0016817628161036424,-0.023138188783755762,0.023199226417325854,-5.606742952265942
1529,12.682196199999908,155.78021531085537,251.79673611809807,35.376221779670665,57.180670616843926,9.548000628255632,0.22709059497111578,0.052318599704001656,-0.24347618763552958,9.84417721245056,0.021669148557684384,-0.10761602089593571,0.10977595343557471,1.2588987477501994
1530,12.693917900000088,155.7793548225869,251.79526099485656,35.37602637087781,57.18033563022936,9.915984402994876,0.22709059497111578,0.052123190911146366,-0.24314120102096126,9.84241881651355,0.032054146874142396,-0.12065734267520385,0.12484255153300361,1.404823350629302
1531,12.697388799999771,155.7809020906565,251.8014153463704,35.37637774090432,57.181733225576295,9.875842144270852,0.22709059497111578,0.05247456093765379,-0.24453879636789821,9.864814940060525,0.007434505642648262,-0.05565755981021676,0.05615189968450243,4.489348098918761
1532,12.710197999999764,155.7800758339434,251.80032179313557,35.37619010577574,57.18148488992156,9.98155270619792,0.22709059497111578,0.0522869258090779,-0.24429046071316662,9.95659946262148,-0.00882265029631404,-0.022902362784481572,0.024542970059938888,6.462527821031797
1533,12.713379700000132,155.77879352513625,251.79765658964132,35.37589890550579,57.18087964727434,10.002694818583334,0.22709059497111578,0.05199572553912901,-0.24368521806594146,9.974956367133672,-0.018064286225383704,0.0002802476257785652,0.01806645996216032,5.004835831373878
1534,12.72608450000007,155.77753453240712,251.79486168769353,35.375613000097864,57.18024495132813,10.006923241060417,0.22709059497111578,0.051709820131200956,-0.24305052211973077,10.001375550770485,-0.04176732226600883,0.08897978177486071,0.09829501907001428,3.053383385737937
1535,12.73011439999982,155.77641869779904,251.7922975752437,35.37535960455283,57.17966266550633,10.007768925555833,0.22709059497111578,0.05145642458616351,-0.24246823629793113,10.006659387497848,-0.04812197627734859,0.10760116788596585,0.11787169266308815,1.1583029491539636
1536,12.742652299999918,155.775464537731,251.7900429301879,35.37514292377528,57.179150656819154,10.007938062454917,0.22709059497111578,0.0512397438086154,-0.24195622761075697,10.007716154843319,-0.032476352811426704,0.0761416464439626,0.08277840186382959,0.4831657733518033
1537,12.74656240000013,155.77466523721597,251.7881059779083,35.37496141014576,57.17871079317354,10.007971889834733,0.22709059497111578,0.05105823017909472,-0.24151636396514675,10.007927508312413,-0.03312519580457571,0.07949699552342261,0.08612230195682506,1.456997633179539
1538,12.757794300000114,155.7740076484153,251.78647733065873,35.374812077913774,57.17834094270064,10.007978655310698,0.22709059497111578,0.05090889794711018,-0.24114651349224658,10.055468253127328,-0.03189218370509285,0.02918081415276403,0.04322766817788745,5.578852713550083
1539,12.762373200000184,155.77348848436947,251.78513175331898,35.37469418064171,57.17803537474198,10.007980008405891,0.22709059497111578,0.050791000675047826,-0.24084094553358426,10.112474876211405,-0.08711485911950112,-0.19983973766005966,0.2180021087683603,5.9162622375540606
1540,12.77306580000004,155.77081810497907,251.79017408212857,35.37408776259715,57.179180440191395,10.245472649630399,0.22709059497111578,0.05018458263048586,-0.24198601098299832,10.123876200828217,-0.08018089405247268,-0.22753404117966977,0.24124824489849767,4.6829144211735825
1541,12.777347100000043,155.76528677111781,251.81099261721184,35.372831648699616,57.18390813370988,10.2929711778753,0.22709059497111578,0.04892846873295298,-0.2467137045014809,10.126156465751581,-0.07048551637625818,-0.19794879945396743,0.21012361891061837,1.9010842268466481
1542,12.789030899999943,155.7646821358947,251.8123291479553,35.372694341727055,57.18421164727161,10.06497851291881,0.22709059497111578,0.04879116176039133,-0.2470172180632133,10.174110992857347,-0.07043248454000753,-0.21895012863232363,0.22999976892725232,-1.5203310079852201
1543,12.793152199999895,155.76532061942288,251.80904694763336,35.37283933533135,57.18346629044768,10.019379979927512,0.22709059497111578,0.048936155364685874,-0.24627186123928624,10.136203424157406,-0.050858433693510126,-0.15949763944760625,0.1674099079120342,-3.2491327287908796
1544,12.804987699999856,155.76399250837136,251.8110416441349,35.372537733802474,57.183919267263,10.247752643934723,0.22709059497111578,0.048634553835810834,-0.24672483805460388,10.081123436296327,0.012067647324045144,0.0767793654745387,0.0777219343210803,-1.5104046179786215
1545,12.80890189999991,155.76470189296197,251.80776376796732,35.37269882837122,57.18317489241387,10.055934806130695,0.22709059497111578,0.04879564840455686,-0.24598046320546985,10.117605912845203,0.00385039295781491,0.061684180259728716,0.06180423626454983,3.0259972817460215
1546,12.821323600000142,155.76586343100416,251.80354540366176,35.3729626027363,57.18221694155391,10.01757123856989,0.22709059497111578,0.049059422769637706,-0.2450225123455141,10.172401034863963,-0.032001381889705895,0.046922483842311805,0.05679619646404862,9.064468230904499
1547,12.825879399999849,155.76480341268268,251.8055807173705,35.372721882544994,57.18267914215499,10.247390895663198,0.22709059497111578,0.04881870257833043,-0.2454847129465918,10.233729474550918,-0.04374728483733121,0.1228733062836031,0.13042880942377236,7.651115788000955
1548,12.837642899999992,155.75734007436208,251.80003562123716,35.3710270286053,57.181419902974895,10.293355590021312,0.22709059497111578,0.04712384863863406,-0.24422547376649817,10.293493789197292,-0.07906689370560206,0.1109205272033876,0.1362165079398618,10.608117489111159
1549,12.84211890000006,155.75568023343428,251.79330495633468,35.37065009434145,57.179891432277635,10.554394842369497,0.22709059497111578,0.046746914374786286,-0.2426970030692388,10.352945126247661,-0.2765448082457027,0.18832776556105219,0.3345808994083062,5.038065242492822
1550,12.853080200000022,155.749142684091,251.7870103211149,35.36916547837143,57.178461979820455,10.354756379362572,0.22709059497111578,0.04526229840476503,-0.24126755061205785,10.317336919536643,-0.26135515294165207,0.2164313943277529,0.339336211477363,2.6361658090956213
1551,12.856431300000168,155.73488546350322,251.7801609359916,35.36592779766551,57.17690654887762,10.314827923821735,0.22709059497111578,0.04202461769884991,-0.23971211966922112,10.310215125606549,-0.2022311475548115,0.13329729037131557,0.24220983601346738,-4.360665643481386
1552,12.86931259999983,155.73619634146175,251.77794504967173,35.36622548572105,57.17640334193485,10.069349862108098,0.22709059497111578,0.04232230575438933,-0.23920891272645406,10.210922877416234,-0.16597119034507107,0.06313714887451748,0.1775745916300043,-0.6725960496103185
1553,12.87321639999982,155.73880143521896,251.78325045309177,35.36681707801233,57.17760814915407,10.25774662037084,0.22709059497111578,0.042913898045668475,-0.2404137199456713,10.241433690473485,-0.12928831459934179,0.04590167999514748,0.13719487059768415,0.2058419975338575
1554,12.88517929999989,155.74391590445904,251.7837413852456,35.367978525875024,57.17771963522897,10.057933601417918,0.22709059497111578,0.04407534590836093,-0.24052520602057115,10.247536005672824,0.018581565220931462,-0.002070953852792795,0.018696615092580984,3.7720810370658295
1555,12.901470700000118,155.74735745511867,251.78056821984654,35.368760069661946,57.17699903921056,10.507310444648818,0.22709059497111578,0.04485688969528212,-0.23980461000216025,10.296254942833786,0.008693301765290172,-0.08657177816764788,0.08700716218042531,6.703978871231601
1556,12.905089500000031,155.74374320289098,251.77699401419017,35.367939306973184,57.1761873707215,10.345339499818436,0.22709059497111578,0.04403612700652104,-0.23899294151310357,10.356368145549181,0.010486235710192401,-0.026999243452894544,0.02896412067366077,10.30666884295112
1557,12.917126199999984,155.7423475438868,251.79731780896748,35.367622365939546,57.18080271336955,10.312944547912908,0.22709059497111578,0.04371918597288271,-0.2436082841611551,10.492601601521947,-0.0024125572103465952,-0.020718210050988357,0.02085820366211027,2.3371850425179606
1558,12.920502299999953,155.74473376707522,251.79747779818914,35.36816425478314,57.18083904541709,10.558312633947816,0.22709059497111578,0.04426107481647534,-0.24364461620869093,10.421980403312205,0.04166788565024676,-0.006377936473926975,0.0421531821838813,-2.2536749215033915
1559,12.933270099999845,155.74656628478638,251.7962360572133,35.36858040232046,57.18055705772008,10.739100881281752,0.22709059497111578,0.044677222353797674,-0.243362628511683,10.45822542636557,0.09442671799676743,-0.05270022464277615,0.10813749927310189,-9.405357137415066
1560,12.937240700000075,155.751258728179,251.7942090081998,35.36964601208236,57.180096733953576,10.154204453600101,0.22709059497111578,0.04574283211569963,-0.24290230474517926,10.417975956855148,0.14072352568175797,0.039691752460322596,0.14621404136975327,-2.6442713963509537
1561,12.94992319999983,155.75332447818732,251.79461777329018,35.37011512448081,57.18018956066115,10.526564615085254,0.22709059497111578,0.04621194451414823,-0.24299513145275142,10.409926062953062,0.11711027020539205,0.059003929753136466,0.13113458397346217,-9.345253041194027
1562,12.954459900000074,155.75742291642183,251.79304912716043,35.37104584125794,57.17983333587824,10.111697200360801,0.22709059497111578,0.04714266129127509,-0.24263890666984622,10.331603742864054,0.12181161278699257,0.014757152196324175,0.12270225161224095,-5.075484572355538
1563,12.966371900000013,155.75964915561912,251.78854853667292,35.371551399241795,57.178811294106715,10.518063164437395,0.22709059497111578,0.047648219275131964,-0.2416168648983188,10.363437752967346,0.06087412109927261,-0.08304749182706472,0.10296865794199364,-4.404096632641005
1564,12.970987400000013,155.7607893641001,251.79259611854323,35.37181032986413,57.17973046188184,10.3474892808367,0.22709059497111578,0.047907149897469026,-0.24253603267344204,10.369804554988004,0.05819904102206413,-0.06708359996958815,0.08881068494706947,4.018292740620535
1565,12.983375400000114,155.75880848604456,251.81294852914752,35.371360491087934,57.184352302915066,10.31337450411656,0.22709059497111578,0.04745731112127061,-0.2471578737066693,10.468945804796435,0.00952203702552289,-0.11845162761680494,0.11883373794586138,4.440802551839277
1566,12.988408000000163,155.7593317907006,251.81134183809743,35.37147932865363,57.183987438488565,10.558398625188547,0.22709059497111578,0.04757614868696436,-0.246793009280168,10.488774054758117,-0.1489196162040353,-0.052916195240208186,0.15804169009807825,5.60994350003882
1567,12.999526600000081,155.75745990080014,251.8200725505888,35.37105424006241,57.185970101182754,10.607403449402945,0.22709059497111578,0.0471510600957501,-0.24877567197435724,10.543109120033655,-0.16822875679998398,0.001972573661209724,0.16824032115196716,7.546967339694553
1568,13.003959499999837,155.7428241426805,251.81200132246164,35.36773059704317,57.18413720118521,10.617204414245823,0.22709059497111578,0.04382741707650695,-0.24694277197681203,10.604345548371963,-0.16660826563423914,-0.010630562137968189,0.16694706654810798,6.649656616227062
1569,13.01377279999997,155.74107636648068,251.8087475535158,35.367333693506076,57.183398300859395,10.6191646072144,0.22709059497111578,0.04343051353941263,-0.246203871650998,10.616592834039627,-0.16083154857572055,-0.004541744020133916,0.16089566326041477,5.21261816887801
1570,13.018027199999779,155.74054786969634,251.81691772333988,35.36721367685688,57.18525366958576,10.619556645808114,0.22709059497111578,0.04331049689021427,-0.2480592403773656,10.619042291173159,-0.3010785211730454,-0.01265632858449519,0.3013444185064436,1.359317578198482
1571,13.029930799999875,155.74329965663307,251.81152160612794,35.36783858178958,57.18402826211757,10.619635053526856,0.22709059497111578,0.04393540182291389,-0.24683383290917504,10.645875108625258,-0.1635958206927842,-0.1427841754557645,0.21714261053217568,1.3376065545166766
1572,13.03446759999997,155.72852663534968,251.8158946227234,35.36448376759681,57.185021333058046,10.619650735070605,0.22709059497111578,0.040580587630145715,-0.24782690384964923,10.65124167211568,-0.14089758312612707,-0.2762164292231585,0.31007683677368747,1.1761605503624193
1573,13.046209499999804,155.7253025877925,251.828157310466,35.36375161671884,57.18780607411346,10.75136850150631,0.22709059497111578,0.0398484367521732,-0.2506116449050637,10.652314984813762,-0.11668911129386517,-0.1607850435353922,0.1986659983973856,-4.247599705037391
1574,13.049787599999945,155.72645351560047,251.83748290061453,35.364012981599515,57.18992382792875,10.645997424666497,0.22709059497111578,0.04010980163285183,-0.25272939872035494,10.602160384658065,-0.1385764912138695,-0.04011708028818223,0.1442665035550391,-4.912642905448305
1575,13.06213740000021,155.73150198973997,251.8298121619212,35.36515944259555,57.18818187531502,10.624923209298533,0.22709059497111578,0.0412562626288846,-0.2509874461066204,10.592129464626927,0.02180966265338915,0.02380513535335435,0.03228538143256416,-7.641948204368687
1576,13.06563879999976,155.73062406310882,251.81892230927912,35.36496007371454,57.18570889219937,10.368862052748378,0.22709059497111578,0.041056893747878576,-0.24851446299097546,10.563780354595309,0.0851012558375599,0.11893638810404213,0.14624666888638918,-4.447322300139681
1577,13.078279500000008,155.73410102310143,251.81331593498578,35.365749658627955,57.18443573732547,10.56949613491491,0.22709059497111578,0.04184647866129154,-0.24724130811707568,10.507741269893673,0.06494850576634531,0.2675277198678419,0.275298727383487,-5.174744708888745
1578,13.082022300000062,155.73828904972066,251.80938519712535,35.36670072008467,57.18354310372607,10.609622951348216,0.22709059497111578,0.04279754011800918,-0.2463486745176766,10.496533452953349,0.05683910038351621,0.16426244367223575,0.17381839296686025,-1.1748614824695294
1579,13.094352799999797,155.73678402390476,251.80118129073642,35.366358942876694,57.181680073743124,10.365802001158315,0.22709059497111578,0.042455762910030614,-0.244485644534727,10.544661152260595,0.08513561111263723,0.04488795517706526,0.09624448451470047,1.0702289059411174
1580,13.098534100000052,155.73774672619103,251.80809103801613,35.36657756351166,57.18324921236397,10.568884124596897,0.22709059497111578,0.04267438354499831,-0.2460547831555715,10.554286692122044,0.03901794686747074,0.04066800788394882,0.056358557850620106,2.1242071743824718
1581,13.110031799999888,155.7420271661669,251.80255147654503,35.36754961117252,57.18199123005362,10.609500549284615,0.22709059497111578,0.04364643120585754,-0.24479680084522215,10.556211800094331,-0.01820399743241519,-0.08730690864352027,0.0891845380063572,1.9051905951964063
1582,13.125667299999805,155.73045155472533,251.79706960131398,35.364920898683096,57.18074634774584,10.617623834222158,0.22709059497111578,0.04101771871643223,-0.24355191853744174,10.606966084384101,-0.005116334878206841,-0.15897277179606623,0.15905508182736602,1.8705287093074423
1583,13.130285400000048,155.7298006938571,251.80523206097303,35.364773094301285,57.18259996556624,10.619248491209666,0.22709059497111578,0.04086991433462117,-0.24540553635784335,10.617116941242056,-0.12640049029300698,0.005589553542893505,0.12652401770067778,2.637777227042961
1584,13.141776299999947,155.7317093592553,251.81571841563388,35.365206534262164,57.184981318085256,10.619573422607168,0.22709059497111578,0.04130335429550058,-0.24778688887685973,10.645490038639037,-0.14551211585302448,-0.05418812447822205,0.15527436586407722,2.016524301289798
1585,13.14588139999978,155.7216922934271,251.80762833437723,35.36293175282338,57.183144136719314,10.619638408886669,0.22709059497111578,0.039028572856715016,-0.24594970751091694,10.65116465811843,-0.060567032077738135,-0.06505107025605765,0.08888198420469869,4.385488898037963
1586,13.15787279999995,155.72111063439195,251.81763355454157,35.362799663527014,57.18541622811925,10.751366036269522,0.22709059497111578,0.03889648356035025,-0.24822179891085483,10.762744070539702,-0.04837082741572601,-0.0060525862265510336,0.0487480332414733,1.4166791936075644
1587,13.162230800000088,155.72603495229916,251.81714795162367,35.363917929810384,57.185305952263704,10.64599693161914,0.22709059497111578,0.040014749843720665,-0.24811152305530726,10.734690537740754,-0.0015977809552587957,0.02027831976679491,0.020341169006361775,0.7885138364859068
1588,13.173403899999812,155.72746058133652,251.82238238585512,35.36424167675669,57.186494643047666,11.177145553316016,0.22709059497111578,0.04033849679002799,-0.2493002138392697,10.729079831180963,0.12850580779666565,-0.05753844016033977,0.1407992000458759,-4.309870493947774
1589,13.177988899999946,155.73294394172086,251.82390843215714,35.36548689632881,57.186841193810345,10.479305758612423,0.22709059497111578,0.04158371636214753,-0.24964676460194823,10.701614763843612,0.1769876772212024,0.01996007820647345,0.1781096364887792,-2.3108534400596517
1590,13.190467399999761,155.73824010530325,251.82069649890843,35.3666896052678,57.18611179397789,10.591584876087719,0.22709059497111578,0.042786425301137854,-0.24891736476948978,10.696121750376143,0.14398762060006753,0.03235096036632712,0.14757716463834322,-10.165090313682263
1591,13.195102499999848,155.74296304146253,251.81665483761773,35.367762139650225,57.18519397071071,10.614040699582779,0.22709059497111578,0.04385895968356124,-0.24799954150231684,10.58457865915726,-0.03221224169360121,0.18603926180948593,0.18880740305810426,-8.904236115250987
1592,13.205207699999846,155.74703913072696,251.81277195525405,35.36868778118644,57.18431220464454,10.61853186428179,0.22709059497111578,0.044784601219774345,-0.24711777543614488,10.562270040913482,-0.08268521840566186,0.20276529560620454,0.21897627827018962,-0.4308273700353382
1593,13.20945040000015,155.7311208971837,251.80040291923342,35.365072900060206,57.181503312895394,10.619430097221592,0.22709059497111578,0.04116972009354214,-0.24430888368699755,10.668252805790118,-0.10364945246738158,0.12939902117186874,0.1657929904339316,8.163390359784463
1594,13.221789900000203,155.7321652950967,251.79996568952515,35.36531007300366,57.1814040221408,10.367762667393539,0.22709059497111578,0.04140689303699929,-0.24420959293240685,10.689449358765446,-0.12911922841536808,0.11261683279397841,0.17133104264880572,16.568785016214093
1595,13.22677429999976,155.73198007499488,251.806734281268,35.36526801126053,57.182941105666806,11.121498700470896,0.22709059497111578,0.04136483129386903,-0.24574667645840975,10.8041331578859,0.011984460536775016,0.008394317808799637,0.014631878410943978,7.382654372207845
1596,13.237413800000013,155.7368547294421,251.80138831274866,35.36637499943923,57.18172708649505,10.720023464459414,0.22709059497111578,0.04247181947256706,-0.24453265728665485,10.776700655014679,0.18240627025395437,-0.1036153076766005,0.20978126563846264,6.418749337773896
1597,13.242087399999946,155.75325970286832,251.81031717096062,35.37010041461508,57.18375474621882,11.191950859884072,0.22709059497111578,0.04619723464841741,-0.24656031701042025,10.771214154440433,0.20791295403569254,-0.11882092291881138,0.2394706833395815,-4.530577402277616
1598,13.253423600000133,155.7532639613616,251.8052251667636,35.37010138167885,57.18259839995612,10.482267582865486,0.22709059497111578,0.046198201712186915,-0.24540397074772358,10.659672365800194,0.16627058861604216,-0.024868652713661482,0.16812007175384452,-5.7908830956088
1599,13.256931599999916,155.75553095616073,251.80627531634912,35.37061619487658,57.182836879050306,10.340330164522317,0.22709059497111578,0.04671301490991908,-0.24564244984190964,10.637364008072147,-0.008456009307271084,0.0641157287877194,0.06467094224908931,-8.33574228925527
1600,13.269976500000212,155.74308577248746,251.79700492527869,35.367790010711694,57.18073166042651,10.563789757269697,0.22709059497111578,0.043886830745030636,-0.243537231218113,10.522457848001148,-0.22978436450783402,0.17067119589535235,0.2862333161611675,
1601,13.274288399999932,155.72847316431327,251.78639036095834,35.36447162482734,57.17832119269964,10.608481675819174,0.22709059497111578,0.0405684448606749,-0.24112676349124484,10.660290367207654,-0.25832194620692495,0.04194900777746269,0.26170584087033105,
1602,13.285003899999992,155.71386801642012,251.781722559722,35.36115493310264,57.17726117893967,10.617420059529069,0.22709059497111578,0.03725175313597617,-0.24006674973127673,10.687856871048954,-0.3140837214098137,0.06973117024174369,0.3217312856374408,
1603,13.288449300000138,155.7117044613804,251.78993976468635,35.36066361010142,57.17912722890403,11.171430178898003,0.22709059497111578,0.036760430134755495,-0.24193279969563264,10.693370171817214,-0.20663808337554326,0.03547280935737183,0.20966072046242334,1.4193833954233492
1604,13.301364599999943,155.70419412071618,251.7859058090915,35.358958082371544,57.178211155527904,10.47816268372882,0.22709059497111578,0.035054902404880295,-0.24101672631950777,10.694472831970867,-0.02637056569832685,-0.08047285409116327,0.08468345163505929,0.5820545882575122
1605,13.305003999999826,155.70933176382164,251.78606461755606,35.36012479280111,57.17824721943661,10.591356261110999,0.22709059497111578,0.03622161283444569,-0.2410527902282098,10.694693364001598,0.11571310766409042,-0.11514486763951587,0.16324173433593203,-2.730703525566591
1606,13.318244499999764,155.71701342191244,251.78727161703551,35.36186922510732,57.17852131766653,10.613994976587435,0.22709059497111578,0.03796604514065649,-0.24132688845813277,10.584292981882353,0.11562836087361791,0.018746802376795813,0.1171382108352106,-0.5874528287019545
1607,13.322586599999795,155.7246787705172,251.78869488790144,35.363609953682634,57.17884452909428,10.618522719682721,0.22709059497111578,0.0397067737159702,-0.24165009988588082,10.612582320741707,0.11446321959724685,0.04367469707294902,0.12251248020092247,2.7330871250443223
1608,13.334171099999821,155.71738261377186,251.78217280644802,35.361953065106334,57.177363425736566,10.619428268301778,0.22709059497111578,0.03804988513967089,-0.24016899652816903,10.728684677038968,0.26900678476444817,0.09462208579172865,0.285163092578411,6.039336951414634
1609,13.348861399999805,155.70846323767148,251.76952162568426,35.35992755868092,57.17449046156984,10.61960937802559,0.22709059497111578,0.03602437871425934,-0.23729603236144214,10.75190514829842,0.2231445365160051,0.09888429084786787,0.24407291360048222,4.239303708138729
1610,13.35302640000009,155.7285150403749,251.7650313158449,35.364481134487086,57.17347075443681,11.171868042597307,0.22709059497111578,0.040577954520422566,-0.2362763252284168,10.756549242550308,0.031172078365279368,0.10171316335954887,0.10638263989118428,3.7142647617181663
1611,13.36621120000018,155.72285065340427,251.76499592710576,35.36319480547978,57.173462717986986,10.730097332884696,0.22709059497111578,0.03929162551311549,-0.2362682887785894,10.867922549926078,0.011249207701841991,0.10216195369603522,0.10277942136882279,
1612,13.37061760000006,155.712004625021,251.76616582137603,35.36073177444115,57.17372838997288,10.641743190942174,0.22709059497111578,0.0368285944744855,-0.23653396076448274,11.000641699926623,0.048340942083231836,-0.059820239876786085,0.07691103809213995,
1613,13.382752099999834,155.69903921167517,251.7592141848362,35.3577874510104,57.172149738695026,11.176294805180623,0.22709059497111578,0.033884271043739034,-0.23495530948662946,10.916741041401341,-0.13347777774287856,-0.13752981336372816,0.19165272425676394,
1614,13.386999899999864,155.6999291754774,251.77070564581842,35.35798955341975,57.17475934140656,11.283205128028314,0.22709059497111578,0.03408637345308563,-0.23756491219816667,11.010405398221677,0.1665598613778144,-0.35172143636542963,0.3891659751586175,5.6479016525355235
1615,13.39736189999985,155.7083341920627,251.77726350862258,35.35989825363685,57.1762485703725,10.752364749970898,0.22709059497111578,0.03599507367018617,-0.23905414116410384,11.029138269585744,0.31854443505495417,-0.3409336647820296,0.4665900994300943,
1616,13.400798199999826,155.7295585236016,251.79345985908924,35.36471809971388,57.17992660923633,11.198419116986368,0.22709059497111578,0.04081491974721985,-0.24273218002793584,10.922440355333165,0.2538119381652728,-0.352240838948945,0.4341590821100819,
1617,13.413402799999858,155.74071253739453,251.7938125050555,35.36725107134244,57.180006691818626,10.735407547762508,0.22709059497111578,0.043347891375773884,-0.24281226261022937,10.90110077248265,0.2394978584115981,-0.26420327220958206,0.35659864445899453,
1618,13.416804899999988,155.73222861042285,251.7927104810002,35.36532445131874,57.179756432520236,10.642805233917736,0.22709059497111578,0.04142127135207829,-0.2425620033118392,10.923175781937937,0.25104168842835445,-0.29752905724528106,0.38928841394809677,1.717376980589678
1619,13.429189599999972,155.73092015919752,251.8022082293809,35.365027314351494,57.181913281850896,11.176507213775736,0.22709059497111578,0.04112413438483031,-0.24471885264249948,10.927590783828993,-0.026092774261337656,-0.11499455418111093,0.1179176846786163,2.3677575020396
1620,13.4326102,155.73456414624468,251.80688292892725,35.3658548295381,57.182974862152186,10.862739797247336,0.22709059497111578,0.0419516495714376,-0.24578043294378915,10.928473784207206,-0.2024051893927481,-0.08925961526496128,0.22121288301173406,3.0149863896345708
1621,13.445732000000135,155.73554380755726,251.81599380352088,35.366077301408446,57.18504385608436,11.220494126441656,0.22709059497111578,0.04217412144178212,-0.24784942687596612,11.039094872808239,-0.09415363262526856,-0.12665537836019972,0.15781790584119212,4.9626627205435945
1622,13.449300700000094,155.7248481711276,251.81407154047983,35.36364842296804,57.184607328226676,10.739822549653566,0.22709059497111578,0.03974524300137716,-0.24741289901827912,11.061219090528446,-0.08134783231374725,-0.1711014616644519,0.18945495508393925,4.316255571970731
1623,13.462338799999998,155.72341022393425,251.82058331480746,35.36332187868436,57.18608609093306,11.195910676922901,0.22709059497111578,0.03941869871769654,-0.24889166172466304,11.039301008047097,-0.16835402471881683,-0.09259506870279835,0.19213777449294017,-5.31778103068619
1624,13.466661099999783,155.724172258132,251.82812785384834,35.36349492948372,57.18779938479263,11.287128302376768,0.22709059497111578,0.039591749517057906,-0.2506049555842367,10.950815829050828,-0.2717963388222706,-0.013655640465013413,0.27213916718050757,-7.131263289618082
1625,13.478051200000209,155.71448651546075,251.82400584041523,35.361295388417766,57.186863314309626,10.753149384840588,0.22709059497111578,0.03739220845110225,-0.24966888510122942,10.959461719276966,-0.1631217128530524,-0.023798988359902608,0.16484867318564764,-6.419865075850135
1626,13.481867399999828,155.70607981978316,251.82002276137334,35.3593863068946,57.18595879452019,10.778068231460306,0.22709059497111578,0.03548312692793587,-0.2487643653117928,10.961190897322192,-0.09023972807970408,0.1398230082266749,0.16641418855811463,-2.6786387046239954
1627,13.493772400000125,155.69888552501413,251.81626896548983,35.3577525502151,57.185106342779605,10.783052000784249,0.22709059497111578,0.033849370248439925,-0.24791191357120823,10.851092244405844,-0.06659771201996718,0.2325337874155897,0.24188265240842127,5.174082418694491
1628,13.49740870000005,155.70431961733752,251.80498505753457,35.35898658147395,57.18254387340844,11.204556567149039,0.22709059497111578,0.03508340150728628,-0.2453494442000448,10.939517002347966,0.06235422124354777,0.32879260881020467,0.3346529971703669,7.652473106408419
1629,13.510312200000044,155.7133113496469,251.80116844455944,35.361028519313905,57.181677156497145,10.736635037795043,0.22709059497111578,0.03712533934724149,-0.24448272728874798,11.041303516436392,0.1765395334839506,0.2583749243565633,0.31292780064895276,19.4996778044544
1630,13.5142850000002,155.72121266407189,251.79131078789766,35.362822833507735,57.1794385753808,11.195273174551197,0.22709059497111578,0.03891965354107185,-0.24224414617240342,11.145762381754075,0.230783706364801,0.13985329591705664,0.2698519288468002,11.982748932927821
1631,13.526112000000012,155.72489316235587,251.7973035575701,35.36365864005283,57.18079947701124,11.287000801902428,0.22709059497111578,0.03975546008616959,-0.24360504780284487,11.166654154817612,0.16915592632879461,-0.03298824182508955,0.1723425412104138,19.037902234147325
1632,13.530057200000101,155.72722091021788,251.80635485057417,35.36418724969976,57.18285494052479,11.305346327372675,0.22709059497111578,0.04028406973309728,-0.24566051131639455,11.281276997955711,0.15051310209481633,-0.12229175583884985,0.19393160507857782,10.878035127474572
1633,13.542695399999957,155.72895870045485,251.81523235888378,35.36458188551861,57.18487093916868,11.309015432466724,0.22709059497111578,0.0406787055519473,-0.24767650996028578,11.30420156658333,0.06467206022149348,-0.26395542238502867,0.2717626544979118,10.610696950564455
1634,13.547449400000005,155.73032011944966,251.82317378185962,35.36489105096815,57.18667436163719,11.309749253485533,0.22709059497111578,0.04098787100148371,-0.24947993242879107,11.308786480308854,0.09007784973692576,-0.13924739556538596,0.1658428659453618,0.9545788658722332
1635,13.558187799999814,155.73138145198155,251.83002287661725,35.36513206960427,57.18822972664071,11.309896017689296,0.22709059497111578,0.04122888963760829,-0.2510352974323098,11.309703463053959,0.08145445831503927,0.022594991043718024,0.08453024547262458,0.363108995848324
1636,13.56283059999987,155.7354233354075,251.81962730118556,35.36604994331628,57.18586898923086,11.309925370530047,0.22709059497111578,0.042146763349613536,-0.24867456002246513,11.309886859602981,0.07661526016240845,0.04483764180744139,0.08877112262783403,0.04279215661173369
1637,13.573363599999993,155.7396381519671,251.8062595169468,35.367007088516495,57.18283329115463,11.309931241098198,0.22709059497111578,0.04310390854983126,-0.24563886194623308,11.309923538912786,0.05896643469179752,0.05964073590992331,0.08386928997040119,0.01448142417614385
1638,13.589288000000124,155.74013109560897,251.80964669686364,35.367119031381414,57.18360248785722,11.30993241521183,0.22709059497111578,0.04321585141475026,-0.2464080586488251,11.309930874774746,0.11467919461083033,0.04886551793722856,0.12465615315684302,0.0014109000028459692
1639,13.594352300000082,155.7396134623788,251.81645586366903,35.367001481743195,57.185148785598315,11.309932650034554,0.22709059497111578,0.0430983017765314,-0.24795435638991847,11.30993234194714,0.08529244787262935,-0.11459586823301615,0.14285312275265108,0.000258569362029244
1640,13.605936200000087,155.75496791027243,251.82659245102468,35.37048833245081,57.18745070925189,11.3099326969991,0.22709059497111578,0.046585152484148296,-0.25025628004349443,11.30993263538162,0.07048200821681119,-0.12704829864612494,0.1452893102439047,0.0001090602500020907
1641,13.610770100000082,155.7560484961228,251.8331663622679,35.37073372333449,57.1889435826674,11.309932706392008,0.22709059497111578,0.04683054336782533,-0.2517491534590022,11.309932694068515,0.07456136538054918,0.039709683428196765,0.08447636453694822,1.2839377308937053e-05
1642,13.621989100000064,155.75687940308342,251.822003901358,35.37092241449054,57.18640869277802,11.30993270827059,0.22709059497111578,0.047019234523880016,-0.24921426356962684,11.309932705805892,0.0799914280485914,0.15595875271373666,0.17527624228422242,4.587002607508066e-06
1643,13.62607799999978,155.7573732321185,251.80786074706802,35.371034558419936,57.18319691545555,11.309932708646308,0.22709059497111578,0.04713137845327253,-0.24600248624714993,11.309932708153369,-0.012415007871527023,0.153962999607734,0.15446273877107441,5.54233830048281e-07
1644,13.637154500000179,155.75756535392807,251.79440293090764,35.37107818747597,57.180140771976674,11.309932708721451,0.22709059497111578,0.04717500750930981,-0.24294634276827765,11.309932708622863,-0.03783091513667972,0.1844675649551185,0.1883068258469393,-6.035275173505505
1645,13.641799500000161,155.75427170957576,251.79867168609604,35.37033023182038,57.18111016613219,11.30993270873648,0.22709059497111578,0.04642705185371909,-0.2439157369237961,11.22583114621676,-0.046243510418139934,0.11434315193970462,0.12334025559929326,-6.521017074117075
1646,13.65334219999977,155.75039272597792,251.80661677406306,35.369449351127265,57.18291442088572,11.309932708739485,0.22709059497111578,0.045546171160602,-0.24571999167732628,11.209010833735539,-0.06226918065327524,-0.06621035205231748,0.09089148242889457,-6.834577338048545
1647,13.656918399999995,155.7499951846683,251.80858015787123,35.36935907323474,57.18336028688288,10.889424896240085,0.22709059497111578,0.045455893268076863,-0.24616585767448385,11.205646771239294,-0.09729219665926464,-0.19421885117386184,0.2172250760894785,-0.8168154557242382
1648,13.66972399999986,155.74702333229988,251.8151935929346,35.36868419351223,57.18486213578622,11.225831146240205,0.22709059497111578,0.04478101354556685,-0.2476677065778219,11.204973958740048,-0.07730029048492436,-0.17796862933913324,0.194031358130338,-0.3413348053474515
1649,13.674095299999863,155.7437283367371,251.8222027866614,35.36793593100945,57.18645385775991,11.293112396240229,0.22709059497111578,0.04403275104278492,-0.24925942855151106,11.2048393962402,-0.09594788270019601,-0.21668464223402134,0.23697727818239536,2.4479437222497076
1650,13.68541520000008,155.7406844340378,251.82855560999542,35.367244689334434,57.18789652419058,11.306568646240235,0.22709059497111578,0.043341509367770925,-0.25070209498218077,11.28891404624023,-0.09918006302495619,-0.2085068035917285,0.23089342139973135,4.038298353460906
1651,13.688978799999859,155.73802373912469,251.83404625113167,35.36664047054358,57.18914339715298,11.309259896240235,0.22709059497111578,0.04273729057691611,-0.25194896794458543,11.305728976240236,-0.07233760211767326,-0.03206517841361006,0.07912587659439516,4.138251237080276
1652,13.70147709999992,155.73574494845303,251.83865758939424,35.366122978614136,57.19019058870264,11.309798146240237,0.22709059497111578,0.04221979864747283,-0.2529961594942449,11.309091962240238,-0.030163915214190304,0.09900913874190773,0.10350203541700614,1.7235627574824006
1653,13.705150700000104,155.7370635259316,251.82628350745597,35.36642241515826,57.187380551073055,11.309905796240237,0.22709059497111578,0.04251923519159817,-0.25018612186465816,11.309764559440238,-0.03341920301190286,0.0993106392282895,0.10478285257561111,0.1545304190076232
1654,13.716923399999814,155.7391212281626,251.8111851346765,35.36688969998217,57.18395185261547,11.309927326240237,0.22709059497111578,0.042986520015503515,-0.2467574234070753,11.309899078880237,-0.0056388947127358965,0.1496031013426844,0.14970933526313854,0.06745384684612225
1655,13.72035249999999,155.7379533722262,251.81308681101288,35.366624490882735,57.18438370542614,11.309931632240236,0.22709059497111578,0.042721310916071786,-0.2471892762177461,11.309925982768238,0.022940542922585783,0.2985312773968666,0.29941140942487127,0.006563668036653481
1656,13.733198800000082,155.7362194526757,251.8186548509466,35.36623073406038,57.18564815492751,11.309932493440236,0.22709059497111578,0.04232755409371691,-0.2484537257191164,11.30993136354584,0.0029680717533747862,0.13353045997865115,0.13356344257334543,0.002856296574756547
1657,13.736735599999975,155.7378001329443,251.8083624432054,35.36658969168303,57.18331084592988,11.309932665680236,0.22709059497111578,0.042686511716368614,-0.24611641672148465,11.309932439701358,-0.023867773339087836,-0.0031606376234924183,0.02407613412392255,0.0002466439272599006
1658,13.7495471000002,155.73676479153687,251.81175171309627,35.36635457538682,57.18408051724592,11.309932700128236,0.22709059497111578,0.04245139542015863,-0.24688608803752032,11.309932654932462,-0.0015305049821986326,0.05945042795612152,0.05947012552253888,0.00011104931941413732
1659,13.753112200000032,155.73528143836273,251.81790908916275,35.36601771983196,57.18547879944031,11.309932707017836,0.22709059497111578,0.04211453986529534,-0.2482843702319144,11.309932697978685,0.0365874985504131,0.24542664700041433,0.24813884038586637,9.862361466313132e-06
1660,13.76518840000017,155.7371078656942,251.8079585650153,35.366432484301335,57.1832191289914,11.309932708395756,0.22709059497111578,0.04252930433467128,-0.2460246997829998,11.309932706587928,0.024835866035366024,0.15651298389365886,0.1584712414573173,4.429899665908299e-06
1661,13.768615299999965,155.73952141222435,251.79541157728897,35.366980578018854,57.18036982608353,11.30993270867134,0.22709059497111578,0.043077398052190574,-0.2431753968751309,11.309932708309777,0.05594388033800744,0.3048243209003909,0.30991544711365676,4.1438544220803963e-07
1662,13.781004699999812,155.7418528567182,251.78361165286717,35.367510027136106,57.177690174225965,11.309932708726457,0.22709059497111578,0.04360684716944263,-0.24049574501756865,11.309932708654145,0.06953252064978782,0.35569040927516354,0.3624230106908866,1.8344703637759759e-07
1663,13.784432200000083,155.74392344977525,251.77332600891992,35.36798023934537,57.17535440122232,11.309932708737481,0.22709059497111578,0.04407705937870787,-0.23815997201392491,11.30993270872302,0.05675624744232158,0.2875423455278694,0.29309021153119846,1.6336185183570702e-08
1664,13.796745799999826,155.74248415834225,251.78080251053075,35.36765338979752,57.17705224442143,11.309932708739685,0.22709059497111578,0.0437502098308542,-0.2398578152130355,11.309932708736792,0.039830784092321,0.19025117542552067,0.19437592729605518,7.12764689061037e-09
1665,13.81297480000012,155.74037338943907,251.79178113300378,35.367174054031445,57.179545386330794,11.309932708740126,0.22709059497111578,0.04327087406478114,-0.2423509571223974,11.309932708739547,0.03766680509866316,0.17693936956673562,0.18090419759921142,4.82297460878558e-10
1666,13.816456300000027,155.74152797870744,251.78649203618062,35.36743625039534,57.17834428218636,11.309932708740213,0.22709059497111578,0.04353307042867982,-0.2411498529779621,11.3099327087401,0.03316103420889492,0.1478057550118235,0.15148001651841303,1.1240536681567016e-10
1667,13.8290149999998,155.7432929138663,251.77821175416233,35.36783705057066,57.1764639080163,11.30993270874023,0.22709059497111578,0.04393387060399334,-0.2392694788079055,11.30993270874021,0.04385558712987068,0.20033472395605192,0.20507879984301938,5.808755746300961e-11
1668,13.83240479999995,155.74500444184548,251.770213644107,35.36822572247776,57.17464761244519,11.309932708740234,0.22709059497111578,0.044322542511096685,-0.23745318323679498,11.309932708740233,0.06693848010523659,0.30925118178789307,0.3164127898110436,5.334070538691172e-12
1669,13.845084799999768,155.74650806846918,251.7632473807533,35.36856718194235,57.173065639555475,11.309932708740236,0.22709059497111578,0.04466400197568987,-0.23587121034707792,11.309932708740238,0.05557553542186797,0.25691767099278084,0.2628599052837501,2.5858276908269834e-12
1670,13.848469500000192,155.74778805837707,251.7574202741434,35.36885785561209,57.171742358448476,11.309932708740236,0.22709059497111578,0.04495467564542821,-0.2345479292400796,11.30993270874024,0.06076283548163382,0.2783524638675575,0.28490738199791876,2.6920500114992995e-13
1671,13.861390500000198,155.74884047772903,251.75267904314524,35.369096850148885,57.1706656694802,11.309932708740236,0.22709059497111578,0.04519367018222198,-0.233471240271804,11.309932708740238,0.04024619123404743,0.18160036615295166,0.1860065829365553,1.2911376775673657e-13
1672,13.864714400000139,155.74968723124866,251.7489188147414,35.369289139909455,57.169811756974745,11.309932708740236,0.22709059497111578,0.04538595994279149,-0.23261732776634858,11.309932708740238,0.041809404702836214,0.1862820983275404,0.19091633371431835,-4.5826092908171765e-14
1673,13.877303499999925,155.75035668330045,251.74603326203496,35.3694411661742,57.16915647509382,11.309932708740236,0.22709059497111578,0.045537986207534686,-0.23196204588542457,11.309932708740238,0.02559992730242313,0.11201230120026504,0.11490044341980689,-1.8146458671642872e-13
1674,13.880566499999986,155.7508559249755,251.74390425056734,35.36955453926322,57.16867299661294,11.309932708740236,0.22709059497111578,0.04565135929655639,-0.23147856740454387,11.309932708740236,0.023438254924248322,0.10111032610599816,0.10379137651633369,-1.8146458671642872e-13
1675,13.89772929999981,155.75122106132198,251.74242213808128,35.36963745829339,57.16833642280667,11.309932708740236,0.22709059497111578,0.045734278326726496,-0.23114199359827126,11.309932708740236,0.01266016602517386,0.05223024981058526,0.053742709264244466,-1.8146458671642872e-13
1676,13.905158000000029,155.75147256269378,251.74147940536994,35.369694571889546,57.16812233707435,11.309932708740236,0.22709059497111578,0.04579139192288295,-0.2309279078659543,11.309932708740236,0.010715785484434342,0.042606573589122565,0.04393345162349221,6.686529648274421e-14
1677,13.91401339999993,155.75162699077111,251.74099195217258,35.36972964105351,57.16801164103774,11.309932708740236,0.22709059497111578,0.04582646108684685,-0.2308172118293399,11.309932708740238,-0.016259028036314953,-0.08853022269195211,0.0900108678025732,1.5101972101386004e-13
1678,13.921049500000208,155.75169993006583,251.74087008887324,35.36974620488134,57.16798396702859,11.309932708740236,0.22709059497111578,0.0458430249146744,-0.2307895378201934,11.30993270874024,-0.02123194551671468,-0.1145050747121679,0.11645689178946815,6.995084733334811e-14
1679,13.928353400000105,155.74847948691098,251.7571932302261,35.369014872529235,57.171690798910205,11.309932708740236,0.22709059497111578,0.04511169256257119,-0.23449636970180876,11.309932708740238,-0.02164261786265325,-0.11541956797399858,0.11743116953881245,3.0855508506038956e-15
1680,13.933198900000207,155.7480520311516,251.759545957703,35.36891780134651,57.17222508119274,11.309932708740236,0.22709059497111578,0.04501462137984902,-0.2350306519843457,11.309932708740238,-0.018300106781870235,-0.0989087934731301,0.10058749094464062,-8.106887368051193e-14
1681,13.94226720000006,155.74827704587383,251.75857774308787,35.36896890007366,57.17200520875973,11.309932708740236,0.22709059497111578,0.045065720106997276,-0.23481077955133145,11.309932708740238,-0.029951436926372213,-0.15604587395929928,0.15889431504517704,-1.523527457728452e-13
1682,13.946153700000195,155.7486308459411,251.75695095432667,35.36904924474144,57.17163578033206,11.309932708740236,0.22709059497111578,0.04514606477477656,-0.23444135112366382,11.309932708740236,-0.010870322494904012,-0.06014784012929874,0.061122226590356606,-1.523527457728452e-13
1683,13.957881499999985,155.74574383209074,251.77150168511486,35.36839363104847,57.17494011444401,11.309932708740236,0.22709059497111578,0.04449045108180627,-0.23774568523561612,11.309932708740236,-0.0044968289194728004,-0.026304405897726278,0.026686012065562436,-1.523527457728452e-13
1684,13.962320399999953,155.74565150367698,251.77204946302675,35.36837266413406,57.17506450965593,11.309932708740236,0.22709059497111578,0.0444694841673936,-0.23787008044753577,11.309932708740236,-0.03233110624458224,-0.16519335887810432,0.16832749700636743,5.619266286997636e-14
1685,13.972857700000077,155.7462006261634,251.76931394046372,35.368497364686206,57.17444329820954,11.309932708740236,0.22709059497111578,0.044594184719542795,-0.23724886900114228,11.309932708740238,-0.047143599148851974,-0.23755541181817694,0.24218813477297205,1.9201533668635635e-13
1686,13.977217199999814,155.74363710112092,251.78217986451045,35.36791521225909,57.17736502855617,11.309932708740236,0.22709059497111578,0.04401203229242867,-0.24017059934777052,11.30993270874024,-0.031496520126484705,-0.1582946108982315,0.16139769087412795,1.4558701588930052e-13
1687,13.989970600000106,155.74063873695016,251.79716087188933,35.36723431195561,57.1807670744351,11.309932708740236,0.22709059497111578,0.04333113198894978,-0.24357264522670619,11.309932708740238,-0.025095750449857342,-0.1253439834645425,0.12783157231842618,8.939435301932417e-14
1688,13.994683500000065,155.74110221963792,251.79478353462272,35.367339564514936,57.18022720350078,11.309932708740236,0.22709059497111578,0.043436384548272144,-0.2430327742923808,11.309932708740238,-0.012230796870200452,-0.0609332228577323,0.06214861253407171,-4.642832079705583e-14
1689,14.005079200000182,155.74235105539776,251.78852437486663,35.36762316337066,57.17880580718775,11.309932708740236,0.22709059497111578,0.043719983403995855,-0.2416113779793534,11.309932708740238,0.019191629297449678,0.09664285116837745,0.09852999196713601,-1.479520617850016e-13
1690,14.009081300000162,155.74369323259944,251.781809743619,35.36792795918994,57.17728097758271,11.309932708740236,0.22709059497111578,0.04402477922327819,-0.24008654837431465,11.309932708740236,0.033087527574625394,0.16610898299093366,0.16937230798239683,-1.479520617850016e-13
1691,14.02124240000012,155.7449557483354,251.77550767272115,35.36821466463959,57.17584983655297,11.309932708740236,0.22709059497111578,0.04431148467292445,-0.2386554073445737,11.309932708740236,0.005487183896659108,0.027670288947664753,0.028209113377825494,-1.479520617850016e-13
1692,14.03716519999989,155.74608390778698,251.769858058317,35.36847085904066,57.174566862256576,11.309932708740236,0.22709059497111578,0.0445676790739995,-0.23737243304817923,11.309932708740236,-0.01030064233879225,-0.05123661702467742,0.05226178485973459,1.342155963545522e-13
1693,14.04157690000011,155.74383680336277,251.78107993205973,35.36796056276001,57.1771152442415,11.309932708740236,0.22709059497111578,0.0440573827933477,-0.23992081503310203,11.309932708740238,-0.019058862157302358,-0.09488225496879232,0.09677748981397465,1.8263365351803972e-13
1694,14.053806200000054,155.74105487344812,251.79496328135477,35.36732881264052,57.180268022293106,11.309932708740236,0.22709059497111578,0.04342563267385913,-0.24307359308470922,11.30993270874024,-0.03076635748857479,-0.15319479328302074,0.15625368297144948,4.663940766444472e-14
1695,14.058160200000202,155.74167546152609,251.79184232180353,35.367469742356384,57.179559281731734,11.309932708740236,0.22709059497111578,0.04356656238972079,-0.2423648525233375,11.309932708740238,-0.025249825918372902,-0.1250224776318059,0.12754675073126537,-8.757618869010748e-14
1696,14.070458199999848,155.73978211611393,251.80125876770674,35.367039781420246,57.18169766803441,11.309932708740236,0.22709059497111578,0.04313660145358256,-0.2445032388260131,11.309932708740238,0.004540438658177694,0.023910412516364533,0.02433769524649769,-1.35994245853595e-13
1697,14.075613900000008,155.7407736235109,251.79623143997355,35.36726494342495,57.180556009188365,11.309932708740236,0.22709059497111578,0.04336176345828591,-0.2433615799799682,11.309932708740238,0.0293217194194418,0.14789065997843087,0.1507693952318186,-5.508544403467387e-14
1698,14.086362999999892,155.74234901500859,251.78832559070628,35.36762270001746,57.17876066517451,11.309932708740236,0.22709059497111578,0.04371952005080004,-0.24156623596611126,11.309932708740236,0.015487017048866302,0.0785015311208141,0.08001461169926415,-5.508544403467387e-14
1699,14.091305999999804,155.74392160433808,251.7804439770223,35.36797982026395,57.176970824833674,11.309932708740236,0.22709059497111578,0.044076640297284087,-0.23977639562527742,11.309932708740236,0.0018199127244644085,0.010064766636356096,0.010227981705545541,-5.508544403467387e-14
1700,14.102437399999872,155.74211748604546,251.78947134581807,35.367570121967475,57.179020855384536,11.309932708740236,0.22709059497111578,0.04366694200081156,-0.24182642617613936,11.309932708740236,-0.016383398249721848,-0.08150861828958161,0.08313886331725799,1.1292652600889427e-13
1701,14.107680799999798,155.73973240495863,251.8013870014936,35.367028492484415,57.181726788721356,11.309932708740236,0.22709059497111578,0.04312531251775198,-0.24453235951295937,11.309932708740238,-0.041430926926636705,-0.20683619852182028,0.2109448618121763,1.673772494001907e-13
1702,14.118555200000173,155.7374652972846,251.81270865833238,35.366513653653854,57.18429783050894,11.309932708740236,0.22709059497111578,0.04261047368719062,-0.2471034013005422,11.30993270874024,-0.06283595401105853,-0.3139348881246858,0.3201616327706036,4.664013702407165e-14
1703,14.123459399999774,155.73547945298327,251.82263440945616,35.36606268708995,57.18655187523717,11.309932708740236,0.22709059497111578,0.0421595071232872,-0.24935744602877463,11.309932708740238,-0.0687638402378256,-0.3433810025387589,0.3501984846180468,-6.628638898482262e-14
1704,14.134472899999764,155.73379280636107,251.83104388678788,35.365679665505006,57.18846158844783,11.309932708740236,0.22709059497111578,0.041776485538342456,-0.25126715923943266,11.309932708740238,-0.05264726163495266,-0.263097922578608,0.26831371754503786,-1.2073711237611905e-13
1705,14.139238599999771,155.73239839690277,251.8379985510427,35.36536300823148,57.19004092729128,11.309932708740236,0.22709059497111578,0.041459828264819976,-0.2528464980828815,11.309932708740238,-0.05168677798450187,-0.2584805116699167,0.2635976060808617,-5.3100552103479294e-14
1706,14.150389500000074,155.7312830403878,251.8436282083173,35.3651097212569,57.191319369511255,11.309932708740236,0.22709059497111578,0.04120654129023649,-0.2541249403028587,11.309932708740236,-0.03596181572031588,-0.17990081341435954,0.18345995436893076,-5.3100552103479294e-14
1707,14.155115699999897,155.73039766439382,251.84806830696215,35.364908660695654,57.19232767415424,11.309932708740236,0.22709059497111578,0.04100548072899102,-0.25513324494584566,11.309932708740236,-0.03381216062904317,-0.1695951827525491,0.17293290091614938,-5.3100552103479294e-14
1708,14.166684700000133,155.72971855672347,251.85146714998274,35.36475444173074,57.193099519438,11.309932708740236,0.22709059497111578,0.040851261764075275,-0.2559050902296036,11.309932708740236,-0.008796925341823367,-0.04458093157198657,0.045440569486921746,1.278101680377795e-13
1709,14.171317499999986,155.72922834523555,251.8539533658648,35.36464311931229,57.193664115681884,11.309932708740236,0.22709059497111578,0.04073993934562736,-0.256469686473487,11.309932708740238,-0.002472001288445158,-0.012789957129851594,0.013026657044442221,1.8075877228667836e-13
1710,14.182500400000208,155.73211558850616,251.83949160684705,35.365298785104436,57.19037998622221,11.309932708740236,0.22709059497111578,0.04139560513777241,-0.25318555701381484,11.30993270874024,0.004399653345608076,0.021781292164697548,0.022221197940827473,5.4453536265273606e-14
1711,14.187188400000196,155.73229952700936,251.8385769727567,35.365340555808565,57.190172281422456,11.309932708740236,0.22709059497111578,0.04143737584190177,-0.2529778522140589,11.309932708740238,0.03473919454381264,0.17366103789237877,0.17710157458196435,-7.33566317725059e-14
1712,14.198615299999801,155.73188774796327,251.8406142444099,35.365247044659995,57.1906349266543,11.309932708740236,0.22709059497111578,0.04134386469333151,-0.2534404974459008,11.309932708740238,0.03946450641777998,0.19764922527337306,0.20155064752553778,-1.2630523602140476e-13
1713,14.203141899999991,155.73464582615097,251.82680700348527,35.36587337827662,57.187499432097816,11.309932708740236,0.22709059497111578,0.0419701983099543,-0.25030500288941937,11.309932708740238,0.05350810380116031,0.2678876829414935,0.2731792961484415,-5.245375309752585e-14
1714,14.214430300000004,155.7346258120065,251.82690286171118,35.36586883325264,57.18752120059937,11.309932708740236,0.22709059497111578,0.04196565328597757,-0.2503267713909736,11.309932708740236,0.0634303600213874,0.31760648323689267,0.32387850926937,-5.245375309752585e-14
1715,14.219000000000051,155.73721861730826,251.8139263379864,35.36645763495126,57.184574354106054,11.309932708740236,0.22709059497111578,0.042554454984596646,-0.2473799248976576,11.309932708740236,0.09127536207938877,0.4566690792023607,0.46570144902314353,-5.245375309752585e-14
1716,14.230308199999854,155.7401327488095,251.7993411120845,35.367119406807696,57.18126218647821,11.309932708740236,0.22709059497111578,0.043216226841032324,-0.24406775726981067,11.309932708740236,0.07247123897889093,0.3625599626963245,0.369732074656089,1.2777707087222492e-13
1717,14.234942200000205,155.74280677729027,251.78597877167346,35.36772665352637,57.17822772464405,11.309932708740236,0.22709059497111578,0.04382347355970495,-0.24103329543565621,11.309932708740238,0.07818917973615899,0.39111465551339286,0.39885363428853615,1.7794176325054188e-13
1718,14.246745699999792,155.74511178953742,251.77443277275233,35.36825010012899,57.17560573687952,11.309932708740236,0.22709059497111578,0.04434692016232589,-0.23841130767112162,11.30993270874024,0.002850481964087402,0.013931806112751105,0.014220424360435826,1.4002042484125462e-13
1719,14.262360100000024,155.74704988952303,251.76474848249472,35.368690224407835,57.173406525643045,11.309932708740236,0.22709059497111578,0.044787044441171986,-0.2362120964346488,11.309932708740238,-0.006968369546279765,-0.0351658268236795,0.035849596236590106,9.37790712609135
1720,14.2668235000001,155.7421785795585,251.7891409170104,35.3675839957297,57.17894581811,11.309932708740236,0.22709059497111578,0.043680815763039504,-0.24175138890160497,11.435504760742191,0.13876761214019373,-0.08573574325014079,0.1631167307474782,10.108153389018426
1721,14.278287399999954,155.7426544776533,251.78674750952604,35.3676920677112,57.17840229778037,11.309932708740236,0.22709059497111578,0.043788887744533156,-0.2412078685719763,11.46061917114258,0.13084564363989248,-0.16073172961247076,0.2072565351533074,10.491085490369064
1722,14.28265969999984,155.75920716799732,251.7790080443737,35.371451028009794,57.17664473803417,11.937792968750001,0.22709059497111578,0.047547848043130614,-0.23945030882577356,11.465642053222656,0.09037058944631912,-0.29502713362698574,0.30855769802912136,1.1414362528468471
1723,14.294509800000014,155.7594543493724,251.78698376158172,35.37150716057533,57.17845594840026,11.43550476074219,0.22709059497111578,0.04760398060866322,-0.24126151919186611,11.466646629638669,0.12339282980632162,-0.08827699173171331,0.15171887725926803,9.429101705558864
1724,14.299158799999987,155.75588836761654,251.7978468620263,35.37069735965673,57.18092285634345,11.335047119140626,0.22709059497111578,0.046794179690067494,-0.2437284271350535,11.592419444335935,0.20500283924563972,-0.020512550116318154,0.20602652453276027,6.141881925554676
1725,14.310684000000037,155.75168952964827,251.8083675077429,35.36974384304433,57.18331199603871,11.314955590820315,0.22709059497111578,0.04584066307766932,-0.24611756683031416,11.492001955273436,0.02474518054987096,-0.12458521482803771,0.12701889510696437,13.785396200791599
1726,14.315267399999811,155.76011552816402,251.8005721015451,35.3716573080605,57.181541732607215,11.938796782226564,0.22709059497111578,0.04775412809383539,-0.24434730339881838,11.597490356875,0.10541427997509918,-0.006215459269687293,0.10559735960999089,5.375716420552855
1727,14.326829699999962,155.75799915791993,251.80659978197806,35.37117670028259,57.18291056214303,11.435705523437502,0.22709059497111578,0.04727352031592602,-0.24571613293463201,11.618588037195314,0.12817076692675497,0.07559592907219052,0.14880352813989392,
1728,14.331330699999853,155.76608746648193,251.7978985722035,35.37301347908624,57.180934599238356,11.962946768750001,0.22709059497111578,0.049110299119575984,-0.24374017002995885,11.817827714860941,0.24001154515052342,0.1174277838612007,0.26719810296499974,
1729,14.342572999999902,155.7630970314154,251.80391723948642,35.37233437940776,57.18230138197257,11.44053552074219,0.22709059497111578,0.048431199441097306,-0.24510695276417493,11.857675802981957,0.21485193489044638,0.07434769261446414,0.2273520031212909,
1730,14.3474855999998,155.77340441532456,251.80387695391457,35.37467508935229,57.18229223349809,12.311153979148438,0.22709059497111578,0.050771909385623815,-0.24509780428969208,11.991217320020223,0.3082801374762113,0.2096134719199143,0.3727927718889845,11.018922868173364
1731,14.358954199999971,155.78813488679012,251.79524948139857,35.378020240881604,57.180333015631334,12.138037222831642,0.22709059497111578,0.054117060914940396,-0.24313858642293695,12.017925623427876,0.25084639966797684,0.16468043122968148,0.3000725923112276,19.642587589485856
1732,14.363404700000046,155.79647525001783,251.78431499486135,35.37991425892926,57.17784989657789,12.10341310862883,0.22709059497111578,0.05601107896259805,-0.24065546736949273,12.148839183523469,0.3078562476122777,0.28205864543223785,0.41753149420969543,11.380446656214962
1733,14.374327600000015,155.80229111475055,251.77400538445752,35.38123498711169,57.17550868101737,12.096488285788269,0.22709059497111578,0.05733180714502595,-0.2383142518089727,12.175021895542589,0.23888630216274778,0.27829252864731413,0.3667606806378075,11.001167314307562
1734,14.378724300000158,155.80664043615835,251.76499640226672,35.38222267709791,57.17346282589157,12.095103321220154,0.22709059497111578,0.058319497131243736,-0.23626839668317245,12.180258285358523,0.20803621064131916,0.29647885324740897,0.36218610597439815,-2.557875088865246
1735,14.389781700000185,155.81304926919583,251.76582261741237,35.38367806280546,57.17365045158057,12.442067539244032,0.22709059497111578,0.05977488283879495,-0.2364560223721739,12.055733663907645,0.064219136290772,0.07246118768352622,0.09682314385744743,-5.170891191137228
1736,14.394358099999863,155.8158187748185,251.7605474512281,35.38430699148508,57.172452510953214,12.164219171911308,0.22709059497111578,0.06040381151841956,-0.2352580817448171,12.03082889220536,0.08316270259171062,0.028450544304805873,0.08789464473787373,-6.707844228945077
1737,14.405456999999842,155.80147361460305,251.78802199464297,35.3810493405168,57.17869172136386,11.48079000137445,0.22709059497111578,0.05714616055013977,-0.241497292155465,11.992872016234042,0.052981565186476,-0.12652103710302662,0.1371663919450907,-8.493667748881235
1738,14.410092600000098,155.80587530062343,251.78813861633654,35.38204892201404,57.178718205053634,11.971964427276843,0.22709059497111578,0.058145742047379656,-0.24152377584523776,11.915832398852277,0.0403882039149613,-0.07574927100701791,0.08584380626213599,-10.681854091278321
1739,14.421834499999932,155.8096879718844,251.80414372390834,35.38291474379913,57.182352814454696,11.905318941363573,0.22709059497111578,0.05901156383246331,-0.24515838524629885,11.774852575961862,-0.024632077892192714,-0.09009372167406315,0.09340031020489496,-3.1566715352123396
1740,14.426917899999808,155.81122478838125,251.79884095417043,35.38326374037176,57.18114860531992,12.056869452335217,0.22709059497111578,0.05936056040509641,-0.24395417611152226,11.872228510797843,0.0251557138070684,0.12060272849101779,0.1231983281405283,-1.0430344582181093
1741,14.437240400000064,155.8026940449957,251.79020248707775,35.381326488780786,57.1791868906882,11.459320057459232,0.22709059497111578,0.05742330881412272,-0.24199246147980347,11.766131645763085,-0.06203187862879328,0.09032528013477027,0.10957467863353315,3.839388479419761
1742,14.441692500000045,155.80182020924696,251.78056987836123,35.3811280489007,57.176999415843646,11.967669675554347,0.22709059497111578,0.057224868934035555,-0.2398049866352494,11.777888346974887,-0.061465591178311,0.030234710610050966,0.06849931842414778,-0.5491225571655836
1743,14.453678800000034,155.7901919907883,251.78886195201218,35.37848738985247,57.178882467782586,11.441480102103059,0.22709059497111578,0.05458420988580315,-0.24168803857418908,11.849687929404745,-0.05343839335421431,-0.02697023469412388,0.059858628816035035,
1744,14.458429799999976,155.79179390834162,251.8016237521632,35.37885117026275,57.18178055257178,11.964102447422565,0.22709059497111578,0.054947990296085436,-0.24458612336338348,12.059067987492279,0.03815564370664534,-0.0635127108364969,0.07409262840842491,
1745,14.469896199999766,155.79728700857953,251.80410466850955,35.38009860166401,57.182343945340946,12.415867364484514,0.22709059497111578,0.05619542169734615,-0.24514951613254965,12.170392241297286,0.07014086850030704,-0.15807200638387323,0.17293496071124723,
1746,14.474790100000064,155.80311203534802,251.80394669935396,35.38142141045859,57.18230807203142,12.506220347896903,0.22709059497111578,0.0575182304919295,-0.2451136428230214,12.387677233659849,0.12715678805364547,-0.12378789008228375,0.17746067304939223,
1747,14.485226799999964,155.80841350688388,251.80309467654746,35.382625324783895,57.18211458566536,12.52429094457938,0.22709059497111578,0.05872214481723148,-0.2449201564569634,12.43113407954447,0.12032000116314841,0.10755628370237108,0.16138542946550338,
1748,14.501308299999891,155.81300044092995,251.80208058442008,35.38366697436551,57.181884294880795,12.527905063915878,0.22709059497111578,0.05976379439884738,-0.2446898656723988,12.370377359121788,0.11886042337826064,0.15205578684790158,0.19299938486843385,-0.9003208257130677
1749,14.50524489999998,155.81373518713679,251.79260312339994,35.38383382831877,57.17973205261892,12.181386676845676,0.22709059497111578,0.059930648352107596,-0.2425376234105201,12.358226015037252,0.10705029508527279,0.16461018934940022,0.19635753134394762,-7.72179326057
1750,14.517358000000058,155.81914882363967,251.78335585897497,35.385063214253165,57.177632085838795,12.112083762371089,0.22709059497111578,0.06116003428650174,-0.24043765663039807,12.160775604618781,0.03695701225176172,0.1267023765162118,0.1319822449022321,-10.32153444588067
1751,14.5207690000002,155.8223218433611,251.7823028929664,35.38578377718956,57.17739296716143,12.445463627474219,0.22709059497111578,0.06188059722289552,-0.24019853795303447,12.121285522535086,0.02047601938779113,0.0933675956288437,0.09558648065223696,-12.736590142074064
1752,14.533687199999804,155.80894731264692,251.79203034360293,35.38274654705222,57.17960197971403,11.537038892487033,0.22709059497111578,0.05884336708555793,-0.24240755050563223,11.987815606704284,-0.04769111139745052,-0.11003746096501711,0.11992783214063239,-3.4618317059800723
1753,14.537397300000066,155.80865925247815,251.79451942672105,35.382681131297105,57.180167227080254,12.330454653497407,0.22709059497111578,0.05877795133044117,-0.24297279787185744,12.030569713137737,-0.05948850687894545,-0.18518125044572253,0.19450187137230263,-1.2475233304268127
1754,14.549738799999886,155.79243962391055,251.82007837352597,35.37899780619548,57.18597142351702,11.51403709769167,0.22709059497111578,0.055094626228815,-0.24877699430862066,11.969672444824814,-0.08829293072882068,-0.229797509394514,0.246175825256271,
1755,14.55332640000006,155.79311112668077,251.82327520861588,35.3791502981591,57.186697394699614,12.325854294538335,0.22709059497111578,0.05524711819243322,-0.2495029654912173,12.083065043164183,-0.04052968982962429,-0.5235728120726717,0.5251391675540596,
1756,14.564756700000089,155.79649479216823,251.83097520474186,35.379918696767824,57.18844599140113,12.14097728590962,0.22709059497111578,0.05601551680116046,-0.2512515621927349,12.03629532064456,-0.028966677864239544,-0.4379065717499374,0.4388635710653981,
1757,14.568207100000109,155.79655106620612,251.85589138419328,35.37993147607257,57.19410422141716,12.104001884183878,0.22709059497111578,0.056028296105907316,-0.2569097922087664,12.152513275554696,0.04797530066555819,-0.11597773717112839,0.12550882436420974,
1758,14.580898199999865,155.79879673261598,251.84046820737643,35.38044144579369,57.19060176301748,12.096606040899278,0.22709059497111578,0.05653826582702948,-0.2534073338090863,12.17575671394883,-0.021442591139602514,-0.09540743242801124,0.09778733495338592,
1759,14.584394800000155,155.80012490336884,251.82292527938318,35.380743060880185,57.18661792906196,12.095126872242357,0.22709059497111578,0.05683988091352177,-0.24942349985356316,12.18040540162766,0.026436865217767128,0.08836507872811093,0.0922349986782004,-2.110345891882278
1760,14.597526099999868,155.78251261011957,251.8286790127169,35.3767434747274,57.187924547788015,12.44207148650902,0.22709059497111578,0.05284029476073471,-0.250730118579618,12.055763087161472,-0.009249269222327057,0.4071202305430918,0.4072252829805725,-5.319566963946964
1761,14.600723600000038,155.78682993475644,251.81789515601125,35.37772389854787,57.185475635352645,12.164220724303757,0.22709059497111578,0.05382071858120696,-0.24828120614424876,12.030834776856123,0.028925529062648864,0.2603300286699603,0.26193207145910274,-5.900211237471222
1762,14.612811299999976,155.77752947465592,251.82034903314343,35.37561185153014,57.18603288777058,11.48079031185294,0.22709059497111578,0.051708671563474695,-0.248838458562183,12.025849267382947,0.019336469406881204,-0.0521809419730231,0.05564844790571662,-10.143914457837262
1763,14.615981200000078,155.78075474415226,251.8267417687839,35.376344279899,57.18748461791067,11.971964489372542,0.22709059497111578,0.05244109993233792,-0.25029018870227304,11.955404228476592,0.2309586365965017,0.18360253985063713,0.29504539389409173,-7.9125743936690345
1764,14.628764200000205,155.7829114643584,251.85056437896355,35.3768340507738,57.19289450863013,12.070199324876462,0.22709059497111578,0.05293087080713832,-0.2557000794217359,11.94131522069532,0.19217350049019516,0.028198063008658333,0.19423126691677453,
1765,14.631910000000062,155.79334978381422,251.83561167579558,35.379204494949526,57.18949889037129,12.089846291977246,0.22709059497111578,0.05530131498286295,-0.2523044611628933,12.133517560740628,0.30784636568643553,0.12018784606725934,0.33047617646153227,
1766,14.644824599999993,155.7997588021547,251.83624514307,35.38065992273765,57.18964274483153,12.093775685397404,0.22709059497111578,0.05675674277098608,-0.2524483156231341,12.171958028749692,0.2627125649535389,0.15910879785031878,0.30713759349490416,
1767,14.648172700000032,155.80570981162265,251.8301435916757,35.3820113410184,57.18825713989515,12.441802012079481,0.22709059497111578,0.05810816105173444,-0.2510627106867531,12.146670048132755,0.2856268676134381,0.27253357728368205,0.39478761157070924,-1.6225620822335047
1768,14.665536999999858,155.80612181936073,251.8502818695986,35.38210490410077,57.19283035341036,12.16416682941785,0.22709059497111578,0.058201724134107735,-0.255635924201961,12.141612452009369,0.13229320506077108,-0.05414762789942402,0.142945646007095,-2.653625675369336
1769,14.67420630000015,155.81195831128548,251.8447878746262,35.38343031652451,57.19158271882331,11.943759421791775,0.22709059497111578,0.059527136557846916,-0.25438828961491566,12.14060093278469,0.12274754186022473,-0.08657607117932194,0.1502077732128888,-8.683073940723055
1770,14.681819899999937,155.8115177150284,251.86336142788508,35.383330261258344,57.19580059808359,12.064558311360308,0.22709059497111578,0.059427081291680395,-0.25860616887519683,11.945378487338191,-0.03045768973807693,-0.16729224137945106,0.17004224442749946,-17.471737286722167
1771,14.687995199999932,155.81328439701883,251.86807348075058,35.383731458122675,57.19687066097236,12.088718089274016,0.22709059497111578,0.05982827815601155,-0.2596762317639616,11.780761946246937,-0.23748894959172262,-0.41393250193627273,0.4772222934203747,-17.430607571581927
1772,14.695858000000044,155.80073702332697,251.86771798566616,35.380882067565665,57.19678993138213,11.465689784846992,0.22709059497111578,0.05697888759900138,-0.25959550217373106,11.780814712247434,-0.2674086126529666,-0.45757080908903724,0.529979633053366,-17.896161741456623
1773,14.700501899999836,155.7796787321501,251.89832216609426,35.37609992769324,57.203739852924144,11.341084123961586,0.22709059497111578,0.05219674772657612,-0.26654542371574763,11.655253213445583,-0.31001979079864483,-0.4240821950468653,0.5253170269871357,-9.894671198797061
1774,14.709968300000128,155.77981577068402,251.90141846266613,35.37613104785544,57.20444299275486,11.94402325179427,0.22709059497111578,0.052227867888774426,-0.26724856354646676,11.630140913685212,-0.24671347338227256,-0.18054294062073564,0.3057176660847845,-5.948275760719172
1775,14.726007400000071,155.76383974589368,251.92871994159427,35.372503042880524,57.21064290184824,11.436750817351044,0.22709059497111578,0.04859986291386065,-0.27344847263984207,11.82013844274681,-0.1564362644647075,-0.17274513073333653,0.2330518934309469,
1776,14.730094699999881,155.7707061828113,251.9099219897931,35.37406234612548,57.206374063789475,11.963156590472163,0.22709059497111578,0.05015916615881366,-0.26917963458107863,11.98371000056108,0.11501961169292,0.19182462739005085,0.22366537225802735,
1777,14.74273889999995,155.77566147001923,251.90717944154008,35.37518764524578,57.20575125687496,12.41567743015498,0.22709059497111578,0.05128446527911734,-0.26855682766656486,12.085872249135656,0.13174464762702243,0.20613631716942873,0.24464021221897195,
1778,14.747668599999997,155.78277111091302,251.90009655716236,35.376802177826384,57.204142800447514,12.15894191303295,0.22709059497111578,0.052898997859720964,-0.26694837123911697,12.231876750852523,0.24453548933771094,0.3546409079008507,0.430775787507113,9.584100989036997
1779,14.758442599999853,155.78689455995482,251.9002255553062,35.37773857432262,57.20417209471275,12.45483449466714,0.22709059497111578,0.05383539435595708,-0.2669776655043563,12.135505599193941,0.12151261128885468,0.07251771604334134,0.14150665653028122,-0.4853361466991961
1780,14.76245199999994,155.79285782577972,251.8939406661703,35.37909277590677,57.202744855499546,12.166773325935381,0.22709059497111578,0.05518959594010653,-0.2655504262911492,12.046783431850507,0.12421577050063023,0.0874617406994125,0.1519181152043314,-10.758530284398494
1781,14.777211199999783,155.7776746004879,251.91774099539998,35.37564480824167,57.208149686424825,11.481300832179265,0.22709059497111578,0.05174162827500339,-0.27095525721642844,12.029038998381822,0.0729046477007592,-0.021972444663970265,0.07614378491303837,-7.98587736593983
1782,14.782872599999791,155.7802302651122,251.9146502451879,35.37622517564175,57.20744780612026,11.972066593437807,0.22709059497111578,0.05232199567508644,-0.27025337691186024,12.025490264275975,0.12650342226739342,0.15163215601206215,0.19747259704128267,-0.6378024441907069
1783,14.79129039999998,155.78286045324094,251.92283828151182,35.37682246662879,57.209307232160704,12.070219745689515,0.22709059497111578,0.05291928666212442,-0.2721128029523072,12.024780517454806,0.09038475730317111,0.138063474001615,0.16501796025326385,
1784,14.79590700000017,155.79007546487273,251.90524722906935,35.378460927912975,57.20531246959537,12.437090824137904,0.22709059497111578,0.05455774794631196,-0.2681180403869732,12.219658709692137,0.21394969101392391,0.43532978603962735,0.4850633905978282,
1785,14.80522689999998,155.79652551905022,251.89342225038257,35.37992567455374,57.20262712814987,12.163224591829534,0.22709059497111578,0.056022494587075755,-0.26543269894147414,12.258634348139601,0.19806678081165704,0.38004539009186666,0.42856148706010916,
1786,14.809176499999921,155.8032077652606,251.8739407371562,35.38144314982139,57.198203059720356,12.455691793365908,0.22709059497111578,0.05753996985473009,-0.26100863051195944,12.335877412840816,0.23844428710548293,0.5898149492425323,0.6361897141601811,8.34493706609992
1787,14.821100000000115,155.80442056314132,251.88194496212108,35.38171856481371,57.20002074392991,12.166944785675135,0.22709059497111578,0.0578153848470464,-0.2628263147215151,12.35132602578106,0.18463866791189,0.47951459735459784,0.5138342989373318,7.224338948958005
1788,14.82486710000012,155.80894663248455,251.8682103921416,35.382746392593745,57.1969017522616,12.456435069195575,0.22709059497111578,0.0588432126270817,-0.2597073230532061,12.354415748369105,0.1858332966166263,0.48628449827655273,0.5205829687912212,-1.1489886631286148
1789,14.837240400000155,155.8136258182774,251.85111250404125,35.383808991679416,57.193018982680144,12.514333888839115,0.22709059497111578,0.059905811712752666,-0.25582455347174715,12.285585603287103,0.1172144570326907,0.27195765132632427,0.2961421838448536,-2.6751837756459995
1790,14.841433600000073,155.8166381135049,251.84516719461382,35.38449305559486,57.19166885882498,12.178673204769776,0.22709059497111578,0.060589875628195955,-0.25447442961658595,12.271819574270705,0.12950764099769596,0.31551389005379826,0.34105900353702495,-3.0250748887879664
1791,14.853430799999842,155.8188102546946,251.84260512262807,35.384986328429996,57.19108703637338,12.111541067955908,0.22709059497111578,0.06108314846333229,-0.2538926071649854,12.269066368467424,0.08346274234192337,0.1903261178953164,0.2078221848416,-1.2139473261490246
1792,14.85768569999982,155.82039470234554,251.84138095595,35.38534614158974,57.19080903963411,12.098114640593135,0.22709059497111578,0.061442961623079384,-0.2536146104257142,12.268515727306767,0.08797351040748351,0.2517398356288741,0.2666688646540277,1.8380163826045208
1793,14.86949199999981,155.82261042485396,251.83087822848944,35.38584931133247,57.18842396900627,12.442669040179176,0.22709059497111578,0.061946131365807844,-0.2512295397978761,12.337853536086357,0.046092806188339205,0.15710939912867894,0.16373121289751183,8.674774316091504
1794,14.873600100000203,155.8245719787721,251.81964658959305,35.386294761778814,57.18587336944679,12.511580683035836,0.22709059497111578,0.06239158181215032,-0.248678940238392,12.421169034853992,-0.00316066561515687,0.0014808610898436603,0.0034903805950423097,9.188453674448152
1795,14.885404300000118,155.82216701202702,251.82750457342365,35.38574861644979,57.18765784367016,12.525362248667715,0.22709059497111578,0.06184543648312513,-0.25046341446176257,12.43783213460752,-0.03457725140088808,-0.08626253544339588,0.09293444644244322,-1.8372714603590365
1796,14.88904679999996,155.81887640876846,251.83920799150044,35.38500135139799,57.19031557984441,12.528118561794091,0.22709059497111578,0.061098171431325454,-0.25312115063601226,12.338740743327755,-0.024594368632517884,-0.0892971085191846,0.0926221170040893,-9.112612442121355
1797,14.901872299999923,155.81478074769993,251.86029561970128,35.38407126528913,57.19510438187907,12.181430139360772,0.22709059497111578,0.060168085322466425,-0.25790995267067274,12.318922312483915,-0.05442756755014115,-0.24007392862125862,0.24616630824113675,-9.859008560217758
1798,14.906661699999859,155.8167322963,251.856355032855,35.38451444362184,57.19420951166761,11.947212083780359,0.22709059497111578,0.06061126365517566,-0.2570150824592119,12.314958778903037,-0.030091348871739955,-0.09106294699539776,0.09590594138220732,-0.8144159994571425
1799,14.917914099999962,155.81471392734647,251.86294587491295,35.38405609101531,57.19570622991191,12.41248852881662,0.22709059497111578,0.06015291104864673,-0.2585118007035163,12.314166072186861,0.00231758331183686,0.03278111294911217,0.032862935939896705,6.028981663629424
1800,14.921563800000058,155.81592594887763,251.8534012636501,35.38433132970594,57.19353873846147,12.505544580763324,0.22709059497111578,0.06042814973927335,-0.2563443092530733,12.383455467855343,0.020281390184912762,0.1342189025036998,0.13574258203353268,7.6711339531255165
1801,14.932989800000087,155.8137570304323,251.85895731054143,35.38383878872575,57.1948004644557,12.524155028213213,0.22709059497111578,0.059935608759083436,-0.2576060352473064,12.43028942120779,0.012953846245526496,0.12371096540772604,0.12438731886596933,7.010332345719956
1802,14.949005899999975,155.81497719095768,251.84952021142442,35.38411587570541,57.19265738800242,12.527877117703191,0.22709059497111578,0.06021269573874832,-0.2554629587940198,12.397410728479842,0.003210911589700771,0.06556453567258896,0.06564311305231543,
1803,14.952104999999847,155.81573999476092,251.84768736486782,35.38428910127494,57.192241165787394,12.181381850542593,0.22709059497111578,0.06038592130827425,-0.255046736578997,12.288410826115893,-0.022070498449857732,-0.17185483302165977,0.173266241763154,
1804,14.965014800000063,155.81065496939334,251.87177673013298,35.38313433983877,57.19771163407793,12.24809506517688,0.22709059497111578,0.059231159872105366,-0.26051720486953656,12.071590856629431,-0.0838126145559743,-0.25480678741558904,0.26823693495072876,
1805,14.968178900000112,155.8099444735495,251.88004211344145,35.38297299291487,57.19958862489111,11.96054506894358,0.22709059497111578,0.05906981294820923,-0.2623941956827167,11.95877892572042,-0.15680895948832407,-0.5227927572309916,0.5458033682462883,
1806,14.98119110000016,155.7897854653112,251.91013504007913,35.37839507174001,57.20642244550569,11.440055180780904,0.22709059497111578,0.05449189177334546,-0.26922801629729065,11.936216539538618,-0.17194796271906887,-0.595649259798356,0.6199710820526775,
1807,14.984557599999789,155.78463127233366,251.9280151748147,35.37722460299014,57.21048285594095,11.963817463158135,0.22709059497111578,0.0533214230234762,-0.27328842673255593,11.871525534470226,-0.12996323841801957,-0.2932360485543198,0.3207457303096183,-4.65482512373843
1808,14.997367699999813,155.78351438546622,251.94098816870368,35.376970968486894,57.21342890084176,12.06856991963358,0.22709059497111578,0.05306778852023086,-0.2762344716333658,11.961011344687016,-0.11404918696079633,-0.1574385248592066,0.19440706303080063,
1809,15.000702700000147,155.785283656181,251.92500534295718,35.37737275322618,57.20979935143367,11.92464003983492,0.22709059497111578,0.05346957325951962,-0.2726049222252698,12.173928495744045,0.017663835463147447,0.1704545819038936,0.17136737021761264,
1810,15.013311700000031,155.7868703830394,251.92024288237016,35.377733083972515,57.20871784142543,12.407974120027532,0.22709059497111578,0.05382990400585186,-0.2715234122170358,12.285959862967173,0.11010623937434523,0.494974078221395,0.5070726989892872,
1811,15.017383999999765,155.7923711296954,251.90026106849294,35.37898225180341,57.20418015942345,12.504640936066055,0.22709059497111578,0.055079071836743765,-0.2669857302150547,12.377814073423517,0.13558868534699964,0.5706930100612307,0.5865788977851791,11.930380427475345
1812,15.029187199999797,155.79832395307815,251.87861446145916,35.38033408200716,57.19926441855305,12.52397429927376,0.22709059497111578,0.05643090204049628,-0.26206998934465275,12.429160989733536,0.12326092181868725,0.37183830573788434,0.3917358554710213,-0.38121144051492983
1813,15.032472599999892,155.7998808234746,251.87646437586284,35.38068763263178,57.19877615433574,12.5278409719153,0.22709059497111578,0.05678445266512,-0.2615817251273427,12.337006361765072,0.15780644985890255,0.3626792112465006,0.3955238120359559,-11.055525553450334
1814,15.045238400000017,155.80318828448193,251.87117755636805,35.38143872591978,57.197575567351166,12.181374621385014,0.22709059497111578,0.057535545953115275,-0.260381138142769,12.216151424940907,0.09257944358001266,0.07661756188781998,0.12017156137463919,-22.01277204310121
1815,15.048520800000006,155.8060979744408,251.87059971746115,35.38209948914372,57.19744434557,11.947200980185206,0.22709059497111578,0.058196309177056094,-0.26024991636160166,12.122532500564356,0.04820783084636528,-0.2186415001554471,0.2238930560449255,-13.155887068611804
1816,15.06117979999999,155.8050172304266,251.88821648820317,35.381854062342526,57.201444948519274,11.900366251945245,0.22709059497111578,0.05795088237586299,-0.2642505193108775,12.103808715689043,0.023932807699875353,-0.2634192391480914,0.2645042057090181,-13.673633757596697
1817,15.06451190000007,155.80344241795822,251.90376722629884,35.38149643724211,57.20497637488566,12.055879677391003,0.22709059497111578,0.057593257275449616,-0.2677819456772639,12.06708788449523,0.13725797510148713,-0.08521630911205608,0.16155980647315085,-4.364690181859502
1818,15.07686220000005,155.8026939479954,251.90786090447511,35.38132646675294,57.20590601069833,12.43422204753875,0.22709059497111578,0.05742328678627473,-0.26871158148993146,12.059743718256467,0.10773810354662604,-0.07667153845541395,0.13223472979873152,-4.024961071286772
1819,15.080055999999786,155.81149044256526,251.89400700468323,35.38332406793847,57.20275992035192,11.997770465415954,0.22709059497111578,0.05942088797180389,-0.26556549114352634,12.058274885008716,0.13340053874691304,0.02171194598696487,0.13515588162010386,1.39235459006593
1820,15.093274500000007,155.81461653764327,251.88919312690322,35.38403397472967,57.20166673398274,11.910480148991395,0.22709059497111578,0.06013079476300476,-0.264472304774344,12.127429055370886,0.1630642417480761,0.2897023461503354,0.332441568252052,-4.4661702867021855
1821,15.096335400000044,155.81608470692058,251.88682236009495,35.38436738216437,57.20112835513771,11.893022085706484,0.22709059497111578,0.060464202197707095,-0.2639339259293152,12.07181179984371,0.043788603680495725,0.18339397160852328,0.18854917298846835,-3.079263955259918
1822,15.109590600000047,155.81847735348796,251.87047115398857,35.38491072969691,57.19741515001452,12.401650529201845,0.22709059497111578,0.06100754973024891,-0.26022072080612446,12.120866876570304,-0.10224812626850302,-0.08543863370164834,0.13324578587791877,-0.1772650840254526
1823,15.112660499999947,155.81022923217083,251.87867430705182,35.38303765891961,57.19927800892429,12.156135769902871,0.22709059497111578,0.059134478952948655,-0.2620835797158918,12.163653966134376,-0.10504013246007363,-0.07245168535040046,0.12760358982937448,6.09424845570323
1824,15.125942000000123,155.80410454925365,251.89967651133327,35.38164680103194,57.20404741199027,12.243045849048935,0.22709059497111578,0.05774362106527775,-0.2668529827818702,12.172211384047188,-0.13404756488432487,-0.1604829598152929,0.20910172175879901,5.031036122249905
1825,15.129290100000162,155.80469053550678,251.89749984682746,35.381779872998806,57.203553111952594,12.12441559681174,0.22709059497111578,0.05787669303214216,-0.2663586827441975,12.173922867629752,-0.10099533583389428,0.006847664768346917,0.10122721162306482,1.1217984554209872
1826,15.141754400000082,155.80270843099584,251.9120046614139,35.38132975570612,57.20684701892697,11.935809175270553,0.22709059497111578,0.05742657573945564,-0.2696525897185751,12.201467770547438,0.031126757298794487,0.17733904613239326,0.18005002722322805,-1.457563546342974
1827,15.144812500000171,155.805485915122,251.8969655513398,35.38196049622886,57.203431778472414,12.410207947114658,0.22709059497111578,0.058057316262193126,-0.2662373492640171,12.179774297517692,0.08215945307423694,0.3657200654139001,0.37483508637240076,-1.0468031035309133
1828,15.15792650000003,155.80840043996216,251.88278020619433,35.38262235740886,57.20021042000345,12.293860284491293,0.22709059497111578,0.058719177442199566,-0.2630159907950542,12.202638056525023,0.07417566353831957,0.33625413081655675,0.3443383068328995,-1.334785589288586
1829,15.161323899999843,155.81065113538116,251.87406114041576,35.383133469170666,57.19823040216821,12.134578483900212,0.22709059497111578,0.05923028920400242,-0.2610359729598102,12.20721080832649,0.08376013070777408,0.3883399557474006,0.39727028673948983,1.054233920755133
1830,15.173803499999849,155.81064160464607,251.87404430732073,35.38313130483036,57.19822657953064,12.238734391848404,0.22709059497111578,0.059228124863693665,-0.2610321503222437,12.208125358686786,0.07774748892777779,0.367219163865833,0.37535927635386396,0.476735547002916
1831,15.190482099999826,155.81150897293887,251.8743262013419,35.38332827601203,57.19829059501163,11.958672934277885,0.22709059497111578,0.05942509604536639,-0.2610961658032309,12.20830826875884,0.05386941856970498,0.3188932248601271,0.32341119819624314,-3.387317415599794
1832,15.19369689999985,155.81400318927965,251.86001145145852,35.38389468908485,57.19503984994375,12.414780698916125,0.22709059497111578,0.05999150911818418,-0.2578454207353502,12.175368776554503,0.02313296292767784,0.17641857430410243,0.1779287703922708,-2.4805871155734205
1833,15.206461499999932,155.81012921528867,251.85978588288415,35.383014946026336,57.19498862544199,12.294774834851586,0.22709059497111578,0.05911176605967228,-0.2577941962335899,12.211026361512074,-0.0013419693879981875,0.22906555124079797,0.22906948213825637,
1834,15.210173599999962,155.81007624913468,251.86190386818197,35.38300291791091,57.19546959998341,11.969881022878521,0.22709059497111578,0.05909973794424417,-0.25827517077501483,12.36465522347429,0.012684944441160261,0.41835432940806866,0.4185465956735882,
1835,15.222349600000143,155.80350554299656,251.84777348291465,35.381510772344626,57.19226072238588,12.417022316636253,0.22709059497111578,0.057607592377962646,-0.2550662931774852,12.292956984636263,-0.06240773522422664,0.21894424320432118,0.22766490078211468,
1836,15.226423699999941,155.8049756594308,251.83086274328724,35.381844621960354,57.188420452462495,12.72681724408897,0.22709059497111578,0.057941441993691,-0.25122602325409815,12.218438809036627,-0.048408788441145476,0.155711998710412,0.16306329243803133,-8.454522335029969
1837,15.23900730000014,155.79393342901784,251.83007973001128,35.37933703528606,57.188242637511784,12.056289504725997,0.22709059497111578,0.05543385531940004,-0.2510482083033878,12.203535173916698,-0.023240489183135763,0.2076581653695042,0.20895462182517,-12.10175154898942
1838,15.243310800000017,155.79395378572127,251.8359951217118,35.37934165810196,57.18958596733254,11.922183956853404,0.22709059497111578,0.05543847813529368,-0.2523915381241437,12.131106509880995,0.03992175136987753,0.14865391021077973,0.15392118520006556,-8.009108736274086
1839,15.25304989999995,155.79921171303187,251.83041296499826,35.380535683943236,57.18831831204324,11.895362847278886,0.22709059497111578,0.056632503976572934,-0.25112388283484677,12.07254744333362,0.03984513888102803,-0.009649743045687775,0.04099698322189343,-8.489131210985905
1840,15.257512499999848,155.80300956277944,251.83103158597612,35.381398139902025,57.188458795049165,12.054878996457731,0.22709059497111578,0.05749495993536158,-0.2512643658407683,12.060835630024144,0.06984234532340027,-0.19993059991895973,0.21177865327796433,1.2081348323854204
1841,15.269269100000201,155.80723203547024,251.82320970923817,35.382357023737626,57.186682520406954,12.434021911352094,0.22709059497111578,0.05845384377096252,-0.24948809119855753,12.204990612332955,0.08063581265668715,-0.1109765678259313,0.13717847093923985,11.05825764600341
1842,15.274845500000083,155.80602172346715,251.84622524835447,35.38208217326475,57.19190913287846,11.997730438178623,0.22709059497111578,0.0581789932980854,-0.25471470367006077,12.336245620025185,0.010799207384355143,-0.04044644883721939,0.041863326476429416,11.734884987888893
1843,15.28615660000014,155.80876327388438,251.83961951399291,35.382704753580136,57.19040903273207,12.642958868397445,0.22709059497111578,0.05880157361347216,-0.25321460352367353,12.329520547344881,0.004965539360723907,-0.004497108244666384,0.0066992957620293754,3.380239988573555
1844,15.291686300000038,155.80324596373475,251.8278629473459,35.38145182433562,57.18773922701738,12.551637885740037,0.22709059497111578,0.057548644368957014,-0.25054479780898475,12.258727595797103,0.01669240934662022,-0.055258526285554874,0.0577247023123246,-4.924453255157932
1845,15.301972299999761,155.81067858688095,251.82114725539117,35.38313970314808,57.18621415653574,12.021253633056212,0.22709059497111578,0.05923652318141848,-0.2490197273273438,12.244569005487547,0.06039702724655299,0.14357907510724569,0.1557650529126253,-7.811619419400987
1846,15.307039799999984,155.81380703685696,251.823439432256,35.38385014471447,57.186734688343755,12.080057153613197,0.22709059497111578,0.059946964747808806,-0.24954025913535816,12.197663953685403,-0.0053517211149624044,0.19683942565368354,0.1969121642016164,-5.095561082010155
1847,15.318132400000195,155.8220735853861,251.82065935757572,35.385727400138315,57.18610335953054,11.926937486630843,0.22709059497111578,0.061824220171651234,-0.24890893032214478,12.146037459926536,0.02991716585906247,0.06003349542869262,0.06707501313026715,-3.057178637586396
1848,15.32291239999995,155.81631246372933,251.81226246512637,35.38441910359358,57.18419650422831,12.408433609386718,0.22709059497111578,0.060515923626915935,-0.247002075019914,12.16868823539351,-1.4806101402553909e-05,-0.033946943150757476,0.03394694637962888,0.9754418015454662
1849,15.334078800000043,155.81384221505343,251.82215665021715,35.38385813335204,57.18644338060734,12.293505416945704,0.22709059497111578,0.05995495338537893,-0.24924895139893977,12.20042099668808,-0.046040270608042125,-0.05781297421955931,0.07390565949758636,10.261451832632996
1850,15.338766400000168,155.8141401802282,251.8287958459039,35.38392579844086,57.187951079505964,12.134507510391094,0.22709059497111578,0.060022618474199874,-0.2507566502975678,12.309191560177464,-0.06481789172244842,-0.013385736547388644,0.06618562555615187,9.317985014019312
1851,15.350166400000035,155.80962559071133,251.8399427969252,35.38290057762142,57.1904824472455,12.238720960086031,0.22709059497111578,0.05899739765475687,-0.25328801803710377,12.330945672875337,-0.034264019147455645,-0.056423777941558596,0.06601261792517793,12.413849371909503
1852,15.354007999999794,155.81090020260947,251.83522221046178,35.38319002999573,57.18941044645692,12.470790304077754,0.22709059497111578,0.05928685002906775,-0.2522160172485215,12.37754197881335,-0.009634837847902852,0.06953442160254761,0.0701987598747743,9.975766069434043
1853,15.366131700000096,155.80444395324025,251.82541321863107,35.38172387648519,57.18718291666601,12.517204172876099,0.22709059497111578,0.05782069651852595,-0.24998848745761393,12.57018323096775,0.0043531764898006725,0.2113140330466203,0.2113588671146292,7.637763631756828
1854,15.370372100000168,155.80580535476514,251.8174105861519,35.382033037967474,57.18536559409498,12.526486946635767,0.22709059497111578,0.05812985800081094,-0.24817116488658542,12.548532800978709,0.1424005626269116,0.3132967921905465,0.3441406692521932,3.4610250038270447
1855,15.381175299999995,155.80981925861317,251.7989876563036,35.382944557780476,57.18118191999462,13.097713771163093,0.22709059497111578,0.0590413778138128,-0.24398749078622473,12.544202714980901,0.10728273882840704,0.27641372392262065,0.2965031750644417,-6.251492241163739
1856,15.384429499999897,155.8184216115283,251.79486257569698,35.384898071222125,57.180245152985364,12.130468810140822,0.22709059497111578,0.060994891255461425,-0.24305072377696746,12.501091366970794,0.11516106516011178,0.20220300604262126,0.23269750016165588,-6.631746979199356
1857,15.396927700000106,155.81290465825316,251.78965421203947,35.383645223020444,57.17906238258355,12.449139874088713,0.22709059497111578,0.05974204305378095,-0.24186795337515576,12.423021160357052,0.13386960211246973,0.13072959099016138,0.18711305761545838,-8.558327773315181
1858,15.412816300000031,155.80719955323517,251.80276023269738,35.38234964732754,57.18203863661246,12.301647432825556,0.22709059497111578,0.058446467360873555,-0.2448442074040642,12.324820754288211,0.09054878003939126,0.0307767437205151,0.0956362353956926,3.5967868144091693
1859,15.416381900000033,155.80981304138496,251.80164220661186,35.382943145906424,57.181784743403504,12.136135913567065,0.22709059497111578,0.059039965939760464,-0.2445903141951078,12.407604836892801,-0.1268600993973321,-0.08334362200703452,0.15178815549426913,7.9311881619451094
1860,15.429862800000137,155.80196345321733,251.80832070790296,35.381160578259156,57.18330136823522,12.606711740818882,0.22709059497111578,0.05725739829249221,-0.24610693902682357,12.498691072359032,-0.12305322237903227,-0.07142908288079677,0.14228214722534693,
1861,15.434329000000162,155.7923907351305,251.8138813244367,35.378986704013336,57.18456413195227,12.544389223163776,0.22709059497111578,0.055083524046672494,-0.2473697027438746,12.673027704217903,-0.06982822350381365,0.08217761891586979,0.1078384989156492,
1862,15.446269699999903,155.78812072455412,251.8057728823787,35.378017024771005,57.182722781021035,12.904571051419865,0.22709059497111578,0.05411384480434123,-0.24552835181263788,12.777343120189288,-0.13373166809169879,0.019785538236339245,0.13518737579334072,
1863,15.45070080000005,155.79172241136314,251.79444172523336,35.37883493397137,57.180149581803185,13.173330592119912,0.22709059497111578,0.054931754004705624,-0.24295515259478861,12.76691851417458,-0.16780724540685216,0.061662943342469315,0.17877804728962693,2.066313474853654
1864,15.461996999999883,155.78410842876852,251.80641759073217,35.37710587013385,57.1828691882246,12.657712993423983,0.22709059497111578,0.053202690167189814,-0.24567475901620384,12.764833440383747,-0.06736970880658336,0.06461862842749079,0.09335011946716489,-10.726835303163584
1865,15.46595040000011,155.77884037013158,251.80473092356195,35.37590954356365,57.1824861619734,12.554588710745346,0.22709059497111578,0.052006363596987626,-0.24529173276500416,12.647641523281832,0.017342202719604558,-0.03738471471279811,0.04121127138690534,-15.268971301153877
1866,15.478889900000013,155.77972062109734,251.8199991066229,35.37610944027919,57.18595342274884,12.533963854209617,0.22709059497111578,0.05220626031252351,-0.2487589935404415,12.44088114889465,0.014949624989958873,-0.13496263913157625,0.1357880894949939,-18.903884062443254
1867,15.482618900000034,155.7853422951669,251.82584175663618,35.37738606958838,57.18728023361656,12.318611465910283,0.22709059497111578,0.05348288962171921,-0.2500858044081653,12.399529074017213,0.13676182679213517,-0.020309126370520236,0.13826155605031987,-11.38705534064848
1868,15.493576200000007,155.7936713892214,251.82136293549695,35.37927752851279,57.186263135459285,12.13952872018401,0.22709059497111578,0.055374348546124,-0.24906870625088828,12.321810722030008,0.21426710179671823,-0.05893058173052475,0.22222332095318725,-3.25610455552534
1869,15.49696700000004,155.80048007264713,251.81639801536838,35.38082371648291,57.185135648793306,12.450952619036803,0.22709059497111578,0.056920536516244624,-0.24794121958490933,12.350340385372801,0.263952911378771,0.021570447752502764,0.2648328220624717,-0.12832394023924854
1870,15.509567699999934,155.80519203964616,251.82173713811943,35.3818937598722,57.186348113355464,12.165996950809314,0.22709059497111578,0.057990579905535355,-0.24915368414706762,12.328843864428077,0.20641751886880766,0.07300118665197605,0.2189460329591546,-1.4321951467724978
1871,15.512955000000147,155.80912805751896,251.81973024400253,35.38278759251275,57.18589236657641,12.676612170923583,0.22709059497111578,0.05888441254608523,-0.24869793736801427,12.291568486020381,0.28150336739979426,0.05910036499817593,0.28764039876265846,-4.430455735844449
1872,15.525788099999772,155.81221777487778,251.82530533321744,35.38348923826606,57.187158416903245,12.21112886118667,0.22709059497111578,0.059586058299395006,-0.24996398769484784,12.284113257750953,0.17185189811572288,0.01701126642020754,0.17269180082214697,2.2586265810833144
1873,15.529489200000171,155.82114984166867,251.82492527129264,35.38551762662792,57.18707210841462,11.953151828145538,0.22709059497111578,0.06161444666125959,-0.24987767920622161,12.352070149108787,0.1678544293330888,0.10283840896544244,0.19685235026608267,5.948400038143423
1874,15.54190779999999,155.81610441598357,251.81824990302823,35.38437185790721,57.185556195063796,12.413676477689656,0.22709059497111578,0.06046867794054833,-0.2483617658553996,12.35287573026121,0.11241503341846983,0.053669201966527774,0.12456935007536821,15.102268742312955
1875,15.54566130000012,155.81717765428886,251.81274729021018,35.384615580232506,57.18430660344505,12.50578140759848,0.22709059497111578,0.06071240026584235,-0.24711217423665488,12.45377232012451,0.10758359561877319,0.06725439167135092,0.1268754635276151,12.176912387471035
1876,15.55845219999992,155.81642743969525,251.81901629032598,35.38444521355408,57.185730234411224,12.680640076685712,0.22709059497111578,0.060542033587417166,-0.24853580520282748,12.57637564932764,-0.030215534222788255,0.08676083094649475,0.09187176005114266,16.649029094758646
1877,15.562591899999916,155.81698375201364,251.8195764602768,35.38457154684946,57.18585744373864,12.715611810503159,0.22709059497111578,0.06066836688279409,-0.2486630145302442,12.63218385178936,-0.03782057465478364,-0.013119535088551508,0.040031463477592184,6.768887343954753
1878,15.573855099999946,155.8099931609038,251.8135824695614,35.38298404935512,57.18449626482083,12.56616847416118,0.22709059497111578,0.05908086938845969,-0.2473018356124328,12.601100161471155,-0.049967421532177966,-0.05075851730047677,0.07122619106141478,3.008328659724835
1879,15.57751959999996,155.80789074628063,251.81967140474387,35.38250661076747,57.185879004734154,12.692717489998252,0.22709059497111578,0.0586034308008081,-0.24868457552575762,12.594883423407516,-0.029345125445929206,-0.004557940995367028,0.029696989974651793,-5.10546519095579
1880,15.589946199999758,155.80812045268345,251.81175226280706,35.382558774931155,57.18408064208007,12.350362956007464,0.22709059497111578,0.0586555949644918,-0.24688621287167223,12.459928527943223,-0.005207468119010992,0.003806580455402161,0.006450409209807204,-6.712436663660257
1881,15.593506700000034,155.80952828211616,251.80987547414904,35.38287847975465,57.18365444102708,12.64955638636751,0.22709059497111578,0.05897529978798843,-0.2464600118186837,12.432937548850367,-0.03888357597284886,0.037391170152702345,0.05394471323331553,-5.944794247964127
1882,15.605688399999963,155.81763933371263,251.80928039197477,35.38472042328753,57.18351930346207,12.040837333181706,0.22709059497111578,0.06081724332086935,-0.24632487425367344,12.440325150150935,-0.02182500123603242,0.0830858075326618,0.08590449401694498,1.2981801997190119
1883,15.609711199999765,155.812159772393,251.80416488559135,35.38347606644727,57.18235762007388,12.43121357869689,0.22709059497111578,0.0595728864806091,-0.24516319086548322,12.484048001221597,-0.044556970202308185,0.064307277394971,0.07823521917629635,3.2274809035376157
1884,15.622285500000089,155.809668361067,251.8124074933705,35.38291029036694,57.18422943877856,12.729655496501097,0.22709059497111578,0.05900711040027318,-0.2470350095701619,12.461505187402523,-0.18964362839351728,-0.09611156208600047,0.2126079447171944,5.226903230037563
1885,15.637110600000142,155.80252237591128,251.80908942217076,35.38128750434627,57.183475936015654,12.568977211360767,0.22709059497111578,0.057384324379604834,-0.24628150680725724,12.559420788457071,-0.2475311471151584,-0.08582870868311913,0.26198899981937773,6.803654091954257
1886,15.641191400000025,155.79109995432938,251.82135194538643,35.378693579833225,57.18626063970855,12.536842317272153,0.22709059497111578,0.054790399866561756,-0.24906621050015332,12.623077242408215,-0.24862467685165662,-0.1255636108410433,0.27853267367946555,7.759237326450565
1887,15.653045699999893,155.7838841499593,251.81808899342667,35.37705493852563,57.18551965400665,12.530415338454432,0.22709059497111578,0.053151758558968254,-0.2483252247982506,12.635808533198443,-0.2624651174194352,-0.11931579976658728,0.2883126739079263,9.482170127759733
1888,15.657005399999889,155.77839520130817,251.81651794537817,35.37580844991068,57.18516288377058,12.749495848452606,0.22709059497111578,0.05190526994401523,-0.24796845456218364,12.68242812509672,-0.3381345415602629,-0.3923817583478374,0.51797530103308,5.769667965090113
1889,15.668973800000003,155.77237666287587,251.822716980241,35.37444169643723,57.18657062628583,12.79331195045224,0.22709059497111578,0.050538516470567174,-0.24937619707743153,12.73582522462872,-0.202434010860971,-0.2941801249782138,0.35710149073541714,6.221114482666187
1890,15.673371599999882,155.76292982856077,251.8481734467204,35.37229640921202,57.1923515504045,12.802075170852168,0.22709059497111578,0.04839322924535594,-0.2551571211961061,12.746504491947228,-0.17966031846044414,-0.2275906719078441,0.2899574864851262,3.159555670012951
1891,15.685961000000134,155.7653059739859,251.8587833213969,35.372836009490356,57.194760953157356,12.803827814932154,0.22709059497111578,0.048932829523693044,-0.2575665239489595,12.779096430616008,-0.12101395248000987,-0.23166500134795784,0.2613676520619631,-4.251921354523509
1892,15.690450999999939,155.7648242657133,251.85096444607188,35.37272661807212,57.19298536010779,12.583811675046979,0.22709059497111578,0.048823438105458195,-0.2557909308993942,12.699296001211092,0.00018243488617333825,-0.17859782849934946,0.17859792167651542,-5.571499811237583
1893,15.700879600000007,155.76383408766856,251.84776232123477,35.372501757950815,57.19225818767336,12.912455541796506,0.22709059497111578,0.04859857798415135,-0.25506375846496354,12.68333591533011,0.07906297205351218,0.011124186192162974,0.0798417251089451,-10.935522567597866
1894,15.704379899999822,155.77141430194644,251.8454855021837,35.37422315332119,57.19174114348041,12.394309803427662,0.22709059497111578,0.05031997335452587,-0.2545467142720099,12.636070564413679,0.17053769004759303,0.12046047374227561,0.20879135389422232,-5.262102165821419
1895,15.716939399999774,155.76624835087722,251.86572165630764,35.37305001441929,57.19633658376034,12.722274741447253,0.22709059497111578,0.04914683445262824,-0.2591421545519452,12.626617494230393,0.22670020631137017,0.009174601847956959,0.22688577932670512,-12.340317469635199
1896,15.720296299999973,155.77364292878377,251.86046956812964,35.374729253515646,57.19514388393116,12.567501060349999,0.22709059497111578,0.05082607354898272,-0.25794945472276254,12.550197461248423,0.6059096190407661,0.058242513756403234,0.6087024370370068,-7.140135872368191
1897,15.733151599999928,155.78816018287955,251.8695821137121,35.378025985385605,57.19721325732918,12.536546324130548,0.22709059497111578,0.054122805418941766,-0.2600188281207849,12.577159090638359,0.5361032648706932,0.03788998849887171,0.5374405658614366,-10.749512675333438
1898,15.736491699999988,155.81573053644254,251.8649480186624,35.38428695337979,57.19616089792719,12.530355376886657,0.22709059497111578,0.06038377341312895,-0.25896646871879625,12.53847808277611,0.7663795150352941,0.35793222026353116,0.8458445692729331,-3.3672541772983617
1899,15.749003800000082,155.82359587263602,251.86241620388435,35.38607309725561,57.19558594660289,12.529117950377332,0.22709059497111578,0.06216991728894783,-0.25839151739449306,12.530742033791551,0.6494513116547908,0.33938134497647704,0.7327801194957261,3.3530197919496505
1900,15.752282699999796,155.83887168544416,251.84459422431092,35.38954209067488,57.191538742658,12.528869702136015,0.22709059497111578,0.06563891070821626,-0.2543443134496002,12.603724242939952,0.5585882743714007,0.4072052995643277,0.6912575614476076,7.5974911168135915
1901,15.764946400000099,155.83416479025752,251.82995348771834,35.38847319904648,57.18821396907437,12.528820815427203,0.22709059497111578,0.06457001907981663,-0.2510195398659718,12.618320684769634,0.18424049967305953,0.3709629709063234,0.41419571159468127,
1902,15.768503499999952,155.831065459039,251.82716305454676,35.38776937007606,57.18758028794521,12.901457369872551,0.22709059497111578,0.06386619010939398,-0.25038585873681285,12.759429975576975,0.11434565724829288,0.574760638899741,0.5860245057674488,
1903,15.781083700000181,155.8312175976699,251.8197477643691,35.38780391932826,57.185896345286885,12.603337586035058,0.22709059497111578,0.06390073936159979,-0.24870191607848824,12.831725167478679,-0.13643817179547255,0.31915734445247507,0.3470976595150804,
1904,15.784700300000168,155.82792540161475,251.80278774065283,35.38705629256734,57.18204488341043,13.234664404414044,0.22709059497111578,0.06315311260067347,-0.24485045420203022,12.920713624804332,0.05044376830688296,0.4171130095124457,0.4201521587062574,10.59586630219511
1905,15.797100299999784,155.81722610138024,251.80517386387413,35.38462658211131,57.18258674955243,12.890345661644528,0.22709059497111578,0.06072340214464589,-0.24539232034403113,12.938511316269462,0.0693330090228691,0.37735324585824936,0.3836698298015126,13.328301285201755
1906,15.8005162999998,155.8300122443392,251.79385709511894,35.387530194923244,57.18001681780266,12.97376310205547,0.22709059497111578,0.0636270149565803,-0.24282238859426286,12.986144188302722,-0.06792290952516669,0.25288462444168003,0.26184757955225313,3.757848714254152
1907,15.81370109999989,155.82400773027425,251.79505622324263,35.38616662625172,57.180289128521714,12.990445827198204,0.22709059497111578,0.06226344628505842,-0.24309469931331762,12.932010026625392,-0.01776916917551285,0.010403916486598823,0.02059089243933149,5.020941337459811
1908,15.817458200000146,155.8126990150881,251.80313798769544,35.38359852339174,57.18212442121972,12.84150194620136,0.22709059497111578,0.05969534342507643,-0.24492999201132193,12.951639279495005,-0.06306064186513366,-0.035131648236278325,0.07218640633969976,-1.5360163545236623
1909,15.829786799999965,155.81509034215094,251.8111436888184,35.38414157127721,57.183942440650895,12.963993596027382,0.22709059497111578,0.06023839131054842,-0.2467480114424987,12.881035558535721,-0.26623026367867836,-0.1662008897597979,0.31384915015874604,-1.4058171609886039
1910,15.8335876000001,155.80802063241273,251.81568570247805,35.38253610668649,57.18497388923523,12.988491925992587,0.22709059497111578,0.058632926719823786,-0.24777946002683393,12.866914814343868,-0.2678491492810684,-0.16725355024708868,0.3157798550269594,-4.520589319168472
1911,15.844971200000145,155.79970718447038,251.8108245017914,35.380648200847,57.183869956279025,12.620744497259066,0.22709059497111578,0.05674502088033506,-0.24667552707062868,12.820017331765262,-0.15617810211541133,-0.27890701684903374,0.3196571970533419,-2.806751790427738
1912,15.860995999999886,155.79183811203558,251.81265333003768,35.37886120850591,57.18428526597357,12.919842106238923,0.22709059497111578,0.054958028539246584,-0.24709083676517452,12.810637835249539,-0.18362875873821485,-0.2662041050047863,0.3233947225251779,-1.7640504622733635
1913,15.864191199999823,155.7900768375792,251.82738131956995,35.3784612396417,57.18762985387919,12.607014533308334,0.22709059497111578,0.05455805967503835,-0.2504354246707905,12.808761935946396,-0.16886619589698998,-0.2366754932602734,0.2907422934949684,0.7688585681864902
1914,15.876751799999965,155.78492155314478,251.83202462066396,35.377290523032244,57.18868430388726,12.917096113448777,0.22709059497111578,0.05338734306558024,-0.2514898746788603,12.852460089826,-0.15697428476665634,-0.27296794760249743,0.3148847828910173,8.037725369355751
1915,15.88016349999998,155.7796845203663,251.8338835355371,35.376101242142695,57.189106445971795,12.979112429476865,0.22709059497111578,0.05219806217603207,-0.2519120167633986,12.924860761861687,0.18578355138341707,-0.4135990366739617,0.4534089667201829,10.510396725599618
1916,15.893193899999915,155.77358018770877,251.83873135141357,35.3747150056076,57.190207339363496,12.839235266657093,0.22709059497111578,0.05081182564093467,-0.25301291015509975,13.013870315214138,0.23454202779612876,-0.21314086682189476,0.31692111307438753,11.150598239822987
1917,15.89649079999981,155.79684200737643,251.84931601656433,35.379997546076034,57.19261101727015,13.281845466417359,0.22709059497111578,0.05609436610937024,-0.25541658806175604,13.031672225884627,0.2845053899299096,-0.19966831351787462,0.34757841176091786,2.22219195360851
1918,15.909246000000167,155.8035043250863,251.85181340965866,35.38151049576866,57.19317815175382,13.052062300070581,0.22709059497111578,0.057607315801995185,-0.2559837225454231,12.960703189073413,0.35440883688578284,-0.2068604205545854,0.410361861355016,-9.974310752950643
1919,15.912623600000188,155.805833661838,251.85206010290295,35.38203946623749,57.19323417346944,13.006105666801226,0.22709059497111578,0.058136286270823234,-0.25603974426104514,12.860190564572498,0.5123718940942048,-0.20157000899845062,0.5505955197650254,-14.558036830913354
1920,15.926300000000083,155.80588956780326,251.8616775928644,35.3820521619564,57.195418214986915,12.624267245420793,0.22709059497111578,0.0581489819897385,-0.2582237857785188,12.74597091320747,0.24551062935913517,0.0026784619399783313,0.24552523961231065,
1921,15.93069289999994,155.81911002622815,251.86280022707354,35.3850544037259,57.195673154657406,12.33667214415252,0.22709059497111578,0.061151223759239315,-0.2584787254490095,12.606352080590714,0.4172832369730748,0.06062514530342881,0.4216642124982735,
1922,15.941718000000037,155.83211973067813,251.84861555359456,35.388008785249845,57.19245194871759,12.710747209592224,0.22709059497111578,0.06410560528318143,-0.2552575195091933,12.642089050151348,0.38992816915956696,0.05594112799938068,0.39392053374503716,
1923,15.94479999999976,155.8453857371129,251.84528682296894,35.39102137054401,57.19169602529932,12.353968136986806,0.22709059497111578,0.06711819057734658,-0.2545015960909254,12.649236444063476,0.48303954736811794,0.16112621184712103,0.5092041441954294,5.869890934900894
1924,15.957875499999773,155.84652786128018,251.8475903214649,35.391280736200684,57.192219128143286,13.184790514604392,0.22709059497111578,0.06737755623402109,-0.2550246989348892,12.806785460199418,0.42040289454317314,0.2514157358268288,0.4898453490252042,10.274386875383868
1925,15.961641299999883,155.85426349608176,251.84151717875488,35.393037426110254,57.19083997455192,12.660004214981427,0.22709059497111578,0.06913424614359087,-0.2536455453435238,12.868751348631683,0.27570171612473926,0.005957530325007621,0.2757660755816416,10.981530323782522
1926,15.973945899999762,155.87432484618841,251.8202006142688,35.3975931700419,57.185999183240035,13.124417224832225,0.22709059497111578,0.07368999007523769,-0.2488047540316387,12.923390009716574,0.042451075456543884,-0.09503830664017132,0.1040882968274936,2.295070195664133
1927,15.977709799999957,155.8667745709221,251.83569972021758,35.39587857353948,57.189518884431465,13.020576651753554,0.22709059497111578,0.07197539357281357,-0.2523244552230679,12.87065700584957,-0.08427545519044591,-0.11681660565289938,0.14404329801772056,-1.4451808753000626
1928,15.989933899999869,155.85661292373638,251.84967962976143,35.393570959034186,57.19269359040742,12.627161442411259,0.22709059497111578,0.06966777906752242,-0.25549916119902605,12.934639824021481,-0.20764261653593374,-0.18733918102380037,0.279663056102441,-5.5743820858741415
1929,15.993274500000098,155.84758371189113,251.85186998068255,35.39152050994413,57.193190998501294,12.921125495269361,0.22709059497111578,0.06761732997746606,-0.25599656929289694,12.908091752646094,-0.33631272552243413,-0.4555165234793768,0.5662168776282334,-3.0781892304574567
1930,16.005516700000044,155.83947847802162,251.85113583013157,35.38967988756232,57.19302427981587,12.979918305840982,0.22709059497111578,0.0657767075956599,-0.2558298506074763,12.828252719425706,-0.22336417201740966,-0.25028321633119915,0.33545974679253665,4.402813613630271
1931,16.00993269999981,155.83416771520854,251.86956038575556,35.38847386327535,57.1972083231146,12.991676867955306,0.22709059497111578,0.06457068330868765,-0.2600138939062049,12.950475067810927,-0.2910907579638352,-0.17510085766415154,0.33969712940600716,7.733922568463569
1932,16.021878800000195,155.83991247323573,251.8647709252963,35.38977844379371,57.19612068168932,12.621381485651609,0.22709059497111578,0.06587526382704567,-0.2589262524809257,12.974919537487969,-0.2133782410392071,-0.2076735914176964,0.29775593079116036,12.091268420264331
1933,16.026030300000002,155.83027078188314,251.86264658874595,35.387588906367924,57.19563826483818,13.238273184337354,0.22709059497111578,0.06368572640126047,-0.2584438356297838,13.002113576687048,-0.33795941358099024,-0.5584014946085917,0.652708812878389,3.706891465567973
1934,16.03702209999983,155.81936884293174,251.8777366899111,35.385113178565106,57.19906508488995,13.04334784365458,0.22709059497111578,0.061209998598442894,-0.2618706556815553,13.029857224614751,-0.3304816170118274,-0.4831379873041072,0.5853549469843198,
1935,16.040988499999912,155.8058630237212,251.90812817272192,35.38204613404501,57.205966704803515,13.115888501836386,0.22709059497111578,0.05814295407834891,-0.2687722755951185,13.17359610922959,-0.36272267248781437,-0.49370251532983267,0.6126254245293007,
1936,16.053127900000163,155.79326263093031,251.93866000338556,35.37918470334926,57.21290019639448,13.13039510759384,0.22709059497111578,0.05528152338259673,-0.2757057671860821,13.160988295332245,-0.2711610022546061,-0.5205580211318741,0.5869488414746682,
1937,16.0578888,155.792172469256,251.9378586653972,35.37893713788603,57.212718220073924,13.3400759087258,0.22709059497111578,0.055033957919363274,-0.2755237908655275,13.222127773812543,-0.24583932540450865,-0.35389782046624046,0.4309067663034537,3.647803847617827
1938,16.06960650000019,155.78858114221634,251.93879129598798,35.37812158129186,57.21293001170967,13.17523411485063,0.22709059497111578,0.054218401325194066,-0.2757355825012766,13.21205052424493,-0.10481123861372096,-0.022374732719311268,0.10717287158606403,3.8320767188899603
1939,16.07375550000006,155.78677922720448,251.92926264333295,35.37771238333973,57.21076614430897,13.349045236056066,0.22709059497111578,0.0538092033730635,-0.273571715100573,13.21003507433141,-0.010009284639344286,0.07606302451779738,0.07671876874524551,-3.1352878518704643
1940,16.08548239999982,155.78326173184996,251.93351805341138,35.37691359322686,57.21173250791553,13.065502253998323,0.22709059497111578,0.05301041326019629,-0.2745380787071312,13.115515163059642,0.12196734721694497,0.14443808728278182,0.1890460125076626,-2.3637159696630277
1941,16.100916100000177,155.79945694297226,251.9388848844466,35.3805913733563,57.21295126476843,13.120317858026228,0.22709059497111578,0.05668819338963971,-0.2757568355600313,13.137966771625603,0.12228206641932227,0.19666644875136874,0.23158280556262006,-3.8379581535168885
1942,16.1049552999998,155.81026920400478,251.9321241752132,35.383046736147165,57.211415971286186,12.867476352366966,0.22709059497111578,0.05914355618050138,-0.2742215420777896,13.118140381913012,0.22885080068642996,0.07885578664477066,0.2420556218355312,0.47743524380241453
1943,16.117172799999935,155.80660935422384,251.91904712656697,35.382215618682906,57.20844629652865,13.287492157680425,0.22709059497111578,0.05831243871624281,-0.2712518673202524,13.177836145230263,0.29687648954857093,0.11792328919042373,0.3194394342910265,3.674954779619422
1944,16.121997100000044,155.81583385711065,251.92048138613393,35.38431041653178,57.208772003387054,13.249913287493117,0.22709059497111578,0.06040723656511915,-0.27157757417865724,13.231131499065588,0.34514839939312797,0.014676517358546734,0.3454602983924693,8.22038148268178
1945,16.134001999999782,155.83021349967805,251.914511368262,35.38757589811789,57.20741626847653,13.363981070584563,0.22709059497111578,0.06367271815122422,-0.2702218392681317,13.335907696297495,0.2704098189612768,-0.043865288097371356,0.27394458142211153,3.43436112173251
1946,16.13851059999979,155.83973644987068,251.92632834255377,35.38973847054301,57.2100997921992,13.386794627202852,0.22709059497111578,0.06583529057634507,-0.27290536299080514,13.293202352247782,0.4059905327553969,0.048255501336945145,0.4088482678161801,0.21020636525384334
1947,16.149985399999878,155.85157000724305,251.92191259100954,35.39242576012733,57.209097016553784,13.39135733852651,0.22709059497111578,0.0685225801606677,-0.2719025873453873,13.308977994863623,0.35565525680108057,0.0943035944960524,0.36794541663828134,-2.4092087007233816
1948,16.153613899999982,155.8613147430217,251.91066918779146,35.394638697973136,57.20654374542748,13.073965437431866,0.22709059497111578,0.07073551800647238,-0.26934931621908476,13.312133123386792,0.4827994238118988,0.03579759512054117,0.4841247271618293,0.7664949376862356
1949,16.165058699999918,155.8705143852183,251.9024681697506,35.39672785019309,57.20468137136122,13.328791500572311,0.22709059497111578,0.07282467022642436,-0.2674869421528214,13.312764149091423,0.43468371055718164,0.2074819661179162,0.4816624279388167,-2.064549004483183
1950,16.168456999999762,155.88409817027917,251.9051557692443,35.39981260002452,57.20529169992928,13.3797567132004,0.22709059497111578,0.0759094200578545,-0.2680972707208866,13.288573947982348,0.493346300824943,0.24584591023919966,0.5512084760950214,-0.8306182041712131
1951,16.181324700000005,155.89764502596825,251.89024081609037,35.402888963542935,57.20190465434359,13.389949755726018,0.22709059497111578,0.07898578357627173,-0.2647102251351967,13.347396491256628,0.39721467905639146,0.11694571139780874,0.4140722167354526,0.17156325977698517
1952,16.185167199999796,155.9065706803202,251.88551644181555,35.40491589570023,57.20083179337866,13.270406332981143,0.22709059497111578,0.08101271573356428,-0.26363736417026473,13.359160999911484,0.3752267403724368,0.1241261175796084,0.39522449285932526,2.6119250561570597
1953,16.196771500000068,155.91317373697458,251.88249284946755,35.406415387764504,57.200145163993405,13.36807815380326,0.22709059497111578,0.08251220779784063,-0.26295073478500797,13.361513901642455,0.18854188119338516,0.09878364687670459,0.21285264821984723,
1954,16.200252499999806,155.91428662882373,251.87944813302119,35.40666811503666,57.19945373752408,13.387614043846591,0.22709059497111578,0.08276493506999572,-0.26225930831568434,13.223794021783572,0.05109902276718015,-0.030264287832649436,0.05938886466146871,
1955,16.21306800000002,155.91283679392467,251.89673428667328,35.406338871166824,57.20337926044169,13.391521221855257,0.22709059497111578,0.08243569120016048,-0.2661848312332964,13.082375991856718,-0.0990200595585373,-0.16300873952600542,0.190727086059724,
1956,16.216725400000087,155.9056193242136,251.9028868797738,35.40469985167595,57.20477645646951,12.7013503564316,0.22709059497111578,0.08079667170928673,-0.26758202726111335,13.029776284797128,-0.11162772960529693,-0.1837007169588117,0.21495744562125485,-11.297730500343707
1957,16.229069699999854,155.89349238598504,251.92378843136925,35.401945938058454,57.209523002257136,12.563316183346869,0.22709059497111578,0.07804275809179018,-0.27232857304873903,12.925139216920366,-0.1940569500124878,-0.27130069651160804,0.33355984137157885,
1958,16.232332300000053,155.8944431953732,251.92442473845756,35.402161857928114,57.20966750161241,13.105079618505313,0.22709059497111578,0.07825867796145047,-0.2724730724040114,12.766021343139933,-0.3514261265582561,-0.45599415779205366,0.5757004380476219,
1959,16.245001299999785,155.8755005998687,251.93777885307142,35.3978601726447,57.21270009544538,12.864428704462782,0.22709059497111578,0.0739569926780348,-0.27550566623698103,12.872387923413143,-0.2643960023480117,-0.4293638466403352,0.5042405763714332,
1960,16.248438999999962,155.86320040631483,251.95639524427372,35.395066914372286,57.21692770279972,12.595931852953104,0.22709059497111578,0.07116373440562285,-0.2797332735913258,13.031851699672861,-0.130801170581934,-0.24675453659589758,0.27927897800633034,
1961,16.261186199999884,155.86247139674472,251.97036483279695,35.39490136315528,57.22010006496897,13.233183257797652,0.22709059497111578,0.07099818318861395,-0.2829056357605708,13.046704812590825,-0.16830446942201222,-0.2902629136414635,0.3355278728556791,
1962,16.26453390000006,155.86902971442055,251.96257335541603,35.39639069541829,57.21833069373483,13.36063506464547,0.22709059497111578,0.0724875154516269,-0.28113626452643103,13.14379256163926,-0.0035808868518629466,0.0012113370590181305,0.0037802232892245424,14.250304342105476
1963,16.277058000000125,155.8623379950114,251.97701342552392,35.39487106887628,57.22160989784705,13.17934518309511,0.22709059497111578,0.07096788890961392,-0.28441546863865597,13.301400571654025,0.17410942487090372,0.3052151959708683,0.3513835620520864,16.607519099553222
1964,16.28088489999982,155.8704955400126,251.95648785345128,35.39672357062411,57.216948733472954,13.349867449704961,0.22709059497111578,0.07282039065744783,-0.27975430426455716,13.332922173656979,0.20545857753803867,0.27855758961460003,0.34613228369490495,6.466654725940213
1965,16.293558400000165,155.87473219188792,251.94029002366557,35.39768567441916,57.21327035866968,13.383971903026932,0.22709059497111578,0.07378249445249452,-0.27607592946128534,13.314909782631789,0.11305713353331309,0.16970143931118034,0.20391295679052768,1.9356186153167234
1966,16.297129699999914,155.87699298449542,251.94629992290857,35.39819907915751,57.214635150264485,13.390791267812418,0.22709059497111578,0.07429589919084378,-0.2774407210560881,13.31130730442675,0.11220456668600556,0.17461725939316244,0.2075597554035301,-1.9856489743149843
1967,16.309059700000034,155.8760933388973,251.9471271963033,35.39799477810337,57.21482301627191,13.270573109519514,0.22709059497111578,0.07409159813670385,-0.2776285870635107,13.269230760201754,-0.06050327084461472,-0.06878639040916246,0.09160902405559466,-1.6864473450138304
1968,16.325129899999865,155.86720525000754,251.96391650366567,35.395976376709235,57.218635710069975,13.161332792069919,0.22709059497111578,0.07207319674257207,-0.2814412808615785,13.260815451356757,-0.07085926303448428,-0.15049027327995704,0.16633808195860136,-1.522206904624648
1969,16.32839100000001,155.86175599389838,251.96390240472502,35.394738901897256,57.21863250833315,13.139484728580001,0.22709059497111578,0.0708357219305924,-0.2814380791247544,13.25913269476354,0.02171738570437476,-0.03558095005103014,0.04168511542944895,0.26210681086679943
1970,16.341523699999925,155.86315170599414,251.97074244688437,35.39505585498749,57.22018581757675,13.341895358801938,0.22709059497111578,0.07115267502082645,-0.2829913883683517,13.283112854870678,0.025128341655214815,-0.04705070978749911,0.05334044287263341,4.824073442714726
1971,16.345030099999803,155.872518578354,251.9677718238793,35.39718298360471,57.21951121703109,13.382377484846327,0.22709059497111578,0.07327980363804443,-0.282316787822694,13.329264935476088,0.03342679210189256,-0.044000079618655694,0.05525719352872698,6.202549811534272
1972,16.35900649999985,155.8725142576256,251.972270562171,35.397182002407924,57.22053283818637,13.390473910055205,0.22709059497111578,0.07327882244126016,-0.2833384089779756,13.379851400181156,0.13515523999480353,-0.0779933300824742,0.15604453990898468,6.18998611140782
1973,16.364664000000175,155.8704189086447,251.9778012220857,35.39670616836118,57.221788799036986,13.39209319509698,0.22709059497111578,0.07280298839451405,-0.2845943698285893,13.38996869312217,0.15993182037923248,-0.11635658044694949,0.1977802846168508,1.8760572108305378
1974,16.37384259999999,155.8756400054815,251.9846312747597,35.39789183034825,57.22333983976241,13.392417052105335,0.22709059497111578,0.07398865038158675,-0.2861454105540133,13.391992151710372,0.047330528632738386,-0.09744208695399223,0.10832884773043536,0.7041834872958576
1975,16.377741400000104,155.87818124160475,251.98995512093603,35.39846892117144,57.224548835158124,13.392481823507007,0.22709059497111578,0.0745657412047791,-0.2873544059497277,13.392396843428015,0.11482478948231209,-0.1062020160532899,0.1564084412473973,0.11026727491332111
1976,16.390100600000096,155.8805560525887,251.97433738252892,35.39900821841073,57.22100219365115,13.392494777787341,0.22709059497111578,0.07510503844406458,-0.2838077644427557,13.392477781771543,0.13679339524624298,-0.07869841280239456,0.15781594710488211,-3.9665739404550004
1977,16.393542700000125,155.88567017159443,251.9761092174584,35.40016958673849,57.221404560699476,13.392497368643408,0.22709059497111578,0.07626640677182905,-0.2842101314910792,13.351137920856267,-0.018086395139372713,-0.21139260929675452,0.2121649192360222,-5.380963939099457
1978,16.405530999999883,155.88702880998846,251.98056905241148,35.40047812073975,57.22241734727245,13.39249788681462,0.22709059497111578,0.07657494077308513,-0.28522291806405065,13.301513900089226,-0.06855499239931773,-0.1995286752636161,0.21097743773997274,-6.3676039735751875
1979,16.40889150000021,155.87748077427446,251.9928877770189,35.398309851628646,57.22521481377283,13.18571774752894,0.22709059497111578,0.07440667166198267,-0.28802038456443313,13.291589095935818,-0.08412532813532858,-0.5178568956010599,0.5246454375627827,-3.506817825012775
1980,16.42153580000013,155.8716719818987,252.00685078946958,35.39699072951197,57.228385682577844,13.144361719671805,0.22709059497111578,0.07308754954530627,-0.2911912533694476,13.248248086521151,-0.1631320938794172,-0.5390717942344069,0.5632144168898606,-2.8328784004699346
1981,16.425629299999855,155.87105520250591,252.03036870322677,35.3968506647127,57.23372637960544,13.3428707570203,0.22709059497111578,0.07294748474603807,-0.2965319503970463,13.239579884638218,-0.20695511782898174,-0.7289051213131582,0.7577157096643553,-1.437706536148128
1982,16.438051300000097,155.86790265560694,252.04256532033793,35.396134750961735,57.23649611664185,13.175792321570077,0.22709059497111578,0.07223157099507205,-0.29930168743345575,13.254885581419835,-0.10915596102255323,-0.6306487086517472,0.6400256381980908,3.466577674112161
1983,16.441987199999858,155.8645510423197,252.06048034985986,35.395373631106224,57.24056445135491,13.349156877399954,0.22709059497111578,0.07147045113956096,-0.30337002214651676,13.299302769360137,-0.07495413231935158,-0.5366283454990521,0.5418377092310915,4.440825773187468
1984,16.453019900000072,155.85696112483774,252.07705551226965,35.393650032229466,57.2443285148483,13.262246231437022,0.22709059497111578,0.06974685226280286,-0.30713408563990185,13.3081862069482,-0.05470859162505703,-0.23828631588071666,0.24448598801076912,7.049151945515791
1985,16.45778220000011,155.85835954390475,252.0724560167393,35.39396760004741,57.24328401267174,13.366447659373343,0.22709059497111578,0.07006442008074742,-0.3060895834633399,13.351318943049797,-0.006607180877765066,-0.09029283149745107,0.09053424909380205,3.536624931134714
1986,16.46932179999976,155.86176472118126,252.062951955845,35.39474088378112,57.24112572982861,13.387287944960608,0.22709059497111578,0.07083770381445476,-0.30393130062021356,13.359945490270116,0.04568326963215329,0.15572764369253939,0.1622900494001851,5.205013450144145
1987,16.47380380000004,155.86537404162345,252.05274818183233,35.39556052650777,57.238808548717124,13.39145600207806,0.22709059497111578,0.07165734654110878,-0.3016141195087272,13.385987511139962,0.10051124861805949,0.11139620075921258,0.15003874380421933,2.3402078473168126
1988,16.485060200000135,155.8687482955621,252.04301034868075,35.39632678784229,57.236597178393005,13.392289613501552,0.22709059497111578,0.07242360787562774,-0.2994027491846083,13.391195915313933,0.07260467148513648,-0.01317374285627923,0.07379014718990577,2.1699058061587375
1989,16.48946190000015,155.87103381461318,252.05391970142801,35.396845807723416,57.23907458979913,13.39245633578625,0.22709059497111578,0.07294262775675264,-0.3018801605907342,13.392237596148728,0.07474532060647873,0.006620711736181388,0.07503796889881086,0.23901772791705508
1990,16.501236999999946,155.86725643949313,252.07484314557183,35.395988001359974,57.24382610717859,13.39248968024319,0.22709059497111578,0.07208482139331096,-0.30663167797019497,13.392445932315685,0.045514029262968735,-0.1304599005647324,0.13817131581884223,0.08787076744888385
1991,16.505734200000006,155.86879546363303,252.06917923121716,35.39633749926758,57.242539885497926,13.392496349134577,0.22709059497111578,0.0724343193009176,-0.3053454562895297,13.392487599549074,0.010609966524467506,-0.26956314410898485,0.2697718666791844,0.009228861789594197
1992,16.5171734999999,155.870645063418,252.0776623920328,35.396757525983205,57.24446633153479,13.392497682912854,0.22709059497111578,0.07285434601654117,-0.30727190232639146,13.392495932995754,-0.015879567745632518,-0.2239175309463145,0.22447989071825977,-1.855489259592776
1993,16.521533799999816,155.86860120726075,252.0872447300883,35.39629338547242,57.24664239038502,13.39249794966851,0.22709059497111578,0.07239020550575503,-0.3094479611766232,13.36818088825931,-0.01477126214908644,-0.138925312931094,0.13970838471072317,-1.9988052405570735
1994,16.53309360000003,155.8678613613855,252.10427730801035,35.396125373432426,57.25051032863923,13.392498003019641,0.22709059497111578,0.07222219346576253,-0.31331589943083316,13.363317879312017,-0.08902910440909065,-0.3414689467604899,0.3528841495924733,-2.019321505712241
1995,16.549085000000105,155.86312165138153,252.10276763022523,35.39504902986763,57.250167495012796,13.27091445656096,0.22709059497111578,0.07114584990096517,-0.31297306580439965,13.362345277522559,-0.09461160157088258,-0.28479960975147267,0.30010360355450344,-0.17883350356340155
1996,16.55262189999985,155.85854927270867,252.11408607259537,35.394010685674374,57.252737806824776,13.368181304398131,0.22709059497111578,0.07010750570771052,-0.31554337761637896,13.362150757164668,-0.04068694794534875,-0.21224631129680632,0.21611090761969498,-0.039649198686616524
1997,16.565051799999765,155.8590312390756,252.1077947420258,35.394120135703396,57.25130910482257,13.387634673965565,0.22709059497111578,0.0702169557367327,-0.31411467561417084,13.36211185309309,-0.04062614446334535,-0.15509489172430077,0.1603275056031534,2.1316095745463985
1998,16.56881889999977,155.86173809541344,252.11005568013536,35.39473483731966,57.251822542603065,13.391525347879051,0.22709059497111578,0.07083165735299701,-0.3146281133946687,13.386420783704555,-0.07061506804716663,-0.2902609277837456,0.2987271230290058,
1999,16.5813962000002,155.8609499657479,252.11276095982876,35.394555860485,57.2524368861782,13.392303482661749,0.22709059497111578,0.07065268051833584,-0.3152424569698056,10.712784522824927,-0.011900137269951011,-0.14491829371634252,0.14540606975191853,
2000,16.58479609999995,155.85769736082173,252.12255822091421,35.393817224497106,57.25466175202719,13.392459109618288,0.22709059497111578,0.06991404453044225,-0.31746732281879275,8.035257588031815,-0.013661213851788812,-0.16790644329466314,0.1684612788262283,
