frame,t_s,x_px_filt,y_px_filt,x_mm_abs,y_mm_abs,angle_deg_raw,mm_per_px,x_mm,y_mm,angle_deg_unwrapped,vx_mm_s,vy_mm_s,speed_mm_s,angular_vel_dps
733,6.070803100000148,100.11483074676315,205.6218618179996,23.336637743892172,47.930190419129815,4.38959889166914,0.23309870845131184,0.0,-0.0,2.917059001696448,,,,
734,6.072917400000051,100.14097994926402,205.59734472696084,23.342733089222158,47.9244755168737,5.0334617705213285,0.23309870845131184,0.006095345329985236,0.005714902256116261,3.8857309927356187,,,,
735,6.08730410000021,100.1246405103873,205.5646537171406,23.338924387123175,47.916855284706635,5.162234346291767,0.23309870845131184,0.002286643231002472,0.013335134423179795,4.733164121412203,,,,
736,6.0892741000000115,100.13333297915932,205.55819757845507,23.340950590367186,47.915350367117455,4.8433599551958535,0.23309870845131184,0.004312846475013288,0.014840052012360161,4.728523693423068,0.6979527076265366,0.7087856189146001,0.9947437035052629,
737,6.10329680000018,100.1528095631492,205.5748712024751,23.345490556940273,47.919236967341725,4.237165643382921,0.23309870845131184,0.008852813048100927,0.010953451788090263,4.727595607825242,0.47368980521216086,0.3699445654195118,0.6010332878014049,-0.8109296153869371
738,6.120083900000054,100.11819087040156,205.5875082364098,23.337420984372525,47.922182643630556,4.366396751723459,0.23309870845131184,0.0007832404803522763,0.008007775499258685,4.7274099907056755,0.488996319959956,0.3214246194329057,0.5851762015939882,
739,6.122326200000089,100.13513663056426,205.57780433571378,23.341371019180176,47.919920676911374,5.028821342532193,0.23309870845131184,0.004733275288003824,0.01026974221844057,4.796298648531764,0.844298315478792,0.5428534709264037,1.0037577080237887,
740,6.13605100000018,100.12405515373482,205.56090158441674,23.3387879412435,47.915980667414765,5.161306260693939,0.23309870845131184,0.0021501973513267103,0.014209751715050345,4.918560266815731,0.8354204513711065,0.6173542984514031,1.0387750768985207,
741,6.138537800000222,100.15398055479113,205.54094027037178,23.345763513579612,47.91132771089189,5.187803244326289,0.23309870845131184,0.009125769687440055,0.018862708237925574,4.917043352191273,0.9951671246140541,0.2106963130601215,1.0172268882848767,-0.9374170694649506
742,6.152361700000029,100.17054851394192,205.5352861845363,23.349625483459338,47.910009750786166,4.848473734802758,0.23309870845131184,0.01298773956716559,0.020180668343648733,4.763455057157007,0.6727094401845508,-0.08208525012011349,0.6776990329052369,
743,6.154659400000128,100.1736834236515,205.5570583930579,23.35035622686375,47.915084824472686,4.358812178601177,0.23309870845131184,0.013718482971576407,0.015105594657129018,4.605421724322026,0.7946305278459685,-0.38428280570640483,0.8826726179883169,
744,6.168424900000218,100.18250090352029,205.58393622912385,23.352411570032963,47.921350013345624,4.2608798673608606,0.23309870845131184,0.015773826140790703,0.008840405784191319,4.396405389786279,0.19223848851636247,-0.8236686636954719,0.8458047670833618,
745,6.171021100000189,100.18719436345332,205.59756791958566,23.353505609481516,47.92452754278628,4.371139596519047,0.23309870845131184,0.016867865589343722,0.005662876343535572,4.270242992019754,0.6586834277311036,-1.631668823345516,1.7596042188643835,
746,6.184428300000036,100.17529285355864,205.61631092520892,23.35073138289645,47.92889651318956,4.142721571647559,0.23309870845131184,0.01409363900427607,0.0012939059402583553,4.24501051246645,0.6795876568935337,-1.2626805237108265,1.4339461246367278,
747,6.1866474000000835,100.20015522938087,205.65386410825536,23.35652677058964,47.93765011165592,4.217661745970137,0.23309870845131184,0.019889026697466505,-0.007459692526104789,4.393248928665162,0.28293398563548383,-0.8348297511855818,0.881471697612669,
748,6.20060320000016,100.22545384640772,205.67564635543297,23.362423845544203,47.94272752534019,4.232649780834652,0.23309870845131184,0.02578610165203088,-0.01253710621037385,4.481286504483032,0.049854812075942,-0.5442353522017277,0.546514062832116,
749,6.203179000000091,100.2051881533744,205.65703643627035,23.357699938672265,47.938389577219,5.002071948354431,0.23309870845131184,0.02106219478009308,-0.008199158089183811,4.676303687615357,-0.5737204929066793,0.057859762677757276,0.576630693007413,
750,6.217148900000211,100.16059955909554,205.64330879168477,23.347306394934204,47.93518968099602,4.811327475608387,0.23309870845131184,0.01066865104203174,-0.004999261866203142,4.715307124241822,-1.0869337702130775,0.7502397630382396,1.3207137172276544,
751,6.219264300000077,100.13042660791353,205.6189456366419,23.340273118983514,47.92951066102173,5.117807487309178,0.23309870845131184,0.0036353750913420413,0.0006797581080846271,4.807466942426489,-1.4186321435139355,0.8559701403663579,1.6568651242058738,
752,6.230828400000064,100.13268523474206,205.64289558884798,23.340799601980116,47.93509336394843,4.41267892910246,0.23309870845131184,0.004161858087943671,-0.004902944818617527,4.672613993954047,-1.0453477127088528,0.48621476079619963,1.152890555986012,
753,6.234288600000127,100.11433852975485,205.6404487812452,23.33652300874326,47.9345230162564,4.693448871757992,0.23309870845131184,-0.00011473514891235936,-0.004332597126584403,4.714569185509561,-1.1066052937142412,0.7407444382688764,1.3316446969453433,0.3429451872711704
754,6.249137300000029,100.11640659288793,205.65093784838746,23.337005071588578,47.936968004260116,4.327807205992224,0.23309870845131184,0.00036732769640579477,-0.006777585130301134,4.722960223820662,-0.5106650315804802,0.3514167351091017,0.619897165821746,
755,6.252307900000005,100.10212067593194,205.63051171429413,23.333675042797093,47.93220669878431,5.021103433385946,0.23309870845131184,-0.0029627010950790122,-0.002016279654498021,4.877923343592256,-0.8377459032144703,0.9987829886925381,1.3036048699104448,
756,6.26275180000016,100.08665878531599,205.59744726451103,23.3300708960643,47.92449941824422,5.1597626788646895,0.23309870845131184,-0.00656684782787309,0.00569100088559793,4.977841748796575,-0.6292437311015184,1.0594519407226766,1.2322280989458103,
757,6.264871400000175,100.072201805704,205.57240411349105,23.326700992788638,47.91866189208591,5.187494527960439,0.23309870845131184,-0.009936751103534647,0.011528527043907388,4.997825429837441,-1.4140231577358078,0.8465706121556982,1.6480725991226293,2.7743810133017694
758,6.278860100000202,100.06059386268089,205.5443079985876,23.323995196262175,47.91211272398942,5.193040897779588,0.23309870845131184,-0.012642547629997836,0.018077695140398475,4.848537253936237,-1.2224941249364438,0.47323886368810253,1.3108954602137153,
759,6.280974600000036,100.02529365304815,205.55545718763517,23.315766762988723,47.91471158555668,4.427725611196543,0.23309870845131184,-0.02087098090344952,0.015478833573133954,4.66539470664662,-1.7833734911674426,-0.11618599251135736,1.7871542165841765,
760,6.2948008000000755,100.01979883135286,205.57710434817832,23.31448592714838,47.91975751072093,4.274662553879934,0.23309870845131184,-0.022151816743793518,0.010432908408887442,4.501450523360573,-1.4034391629723375,-0.6998093223768292,1.5682393222496407,
761,6.2969090000001415,99.99131407246225,205.59708446717153,23.30784616664043,47.92441485065295,4.244049942416612,0.23309870845131184,-0.02879157725174153,0.005775568476863668,4.291252018734613,-0.30218041035638543,-1.195690947013079,1.2332841688646567,
762,6.31078750000006,100.00975898381381,205.60685168319912,23.31214565165398,47.92669157609415,4.367773611530198,0.23309870845131184,-0.02449209223819082,0.0034988430356648337,4.402497229918795,0.49945680028796274,-0.9040650183765764,1.0328555817761402,
763,6.312932700000147,100.0586531248597,205.62536099208884,23.323542812782613,47.93100607209067,4.142048374649789,0.23309870845131184,-0.013094931109559838,-0.0008156529608527308,4.509105403015009,0.5069186790369294,-0.7888671744634979,0.9376982276311331,
764,6.327672200000052,100.0660358092911,205.6108766860105,23.325263706988476,47.92762979905099,4.983951667117458,0.23309870845131184,-0.011374036903696094,0.002560620078824627,4.683711949743628,1.0388659131844322,0.07792478192828184,1.0417843621475102,
765,6.342846100000088,100.06243409270363,205.59713903234245,23.324424151503727,47.92442756972382,4.807703419360992,0.23309870845131184,-0.012213592388444994,0.005762849405996917,4.692664020808102,1.053815443170351,0.062162800384858996,1.0556472905360061,
766,6.344944100000021,100.05802604942102,205.57801476907196,23.323396642307756,47.91996972865538,5.117082676059699,0.23309870845131184,-0.01324110158441627,0.010220690474433525,4.772583097130371,0.404785513141505,0.24194656578751594,0.47158186176485234,
767,6.359017400000084,100.08124273366873,205.5926772152172,23.32880842142042,47.92338752591458,4.412533966852565,0.23309870845131184,-0.007829322471753386,0.0068028932152373045,4.719641131144824,0.3646005340650809,0.19733566599384844,0.41457799569414916,
768,6.360979900000075,100.09865121381269,205.60204198446837,23.332866315658077,47.92557044153197,4.541643756261138,0.23309870845131184,-0.0037714282340957084,0.004619977597847935,4.624693607088338,0.32235287092086184,-0.18810926553752166,0.37322442199297146,
769,6.374931200000219,100.09361345652934,205.60168237111708,23.331692020941837,47.92548661612424,4.719241837189728,0.23309870845131184,-0.004945722950335352,0.004703803005575935,4.4524191901676655,0.4338804821960998,-0.6656566738988483,0.7945760381088759,
770,6.376983200000041,100.0912668284878,205.6167902216855,23.331145024976138,47.929008236579214,4.332965799078571,0.23309870845131184,-0.0054927189160345335,0.0011821825506004302,4.417964306783534,0.9162683535532783,-0.831277713378621,1.2371622094467742,-11.023233988187938
771,6.392475900000136,100.09577851437292,205.63426576220849,23.332196693128896,47.933081762504614,4.25571059145634,0.23309870845131184,-0.0044410507632761664,-0.0028913433747987938,4.357069423856706,0.6755242625888588,-0.7328776993296647,0.9967159833778948,
772,6.395033400000102,100.12646080290963,205.64601608654823,23.339348694959135,47.93582074793209,4.240259549931893,0.23309870845131184,0.002710951066962508,-0.005630328802276097,4.260531316411967,1.543075541873561,-1.1136226937166125,1.9029549736893483,
773,6.406922700000223,100.17052930900377,205.6776554498597,23.349621006813056,47.943195842656216,4.237169341627004,0.23309870845131184,0.012983262920883476,-0.013005423526401216,4.241223694923021,1.6506398873025137,-0.7828126956979534,1.8268573436642368,
774,6.408962600000223,100.20775340574215,205.6942628004532,23.35829789568604,47.94706699463036,4.236551299966026,0.23309870845131184,0.021660151793867044,-0.016876575500546664,4.390647082734606,1.2103682454748108,-0.11388780878893456,1.2157144905957635,
775,6.422948700000006,100.22402888183105,205.6979912067051,23.362091688141792,47.94793608131226,4.23642769163383,0.23309870845131184,0.025453944249619553,-0.01774566218244189,4.420531760296921,0.7300906550183325,0.09038981215574331,0.7356647896200064,
776,6.424988600000006,100.20535834045288,205.67102261246728,23.357739609060452,47.941649736826676,5.002827530514267,0.23309870845131184,0.021101865168279943,-0.011459317696861149,4.4023839399500115,1.0019221653246646,0.3274724923299122,1.0540807647432093,-3.970348453688217
777,6.438810500000045,100.22878595046967,205.67396216556799,23.36320055469747,47.942334942857876,4.389682937743479,0.23309870845131184,0.026562810805298653,-0.012144523728061074,4.331182354396254,0.11791098878196615,0.7019664338243382,0.7118004463974436,
778,6.44087710000008,100.24849592609398,205.66895211976114,23.367794924559103,47.94116710765102,4.146430239892446,0.23309870845131184,0.03115718066693063,-0.010976688521203926,4.2493700158011265,-0.2913233205967774,0.6581052137804737,0.7197025423941309,
779,6.4547772000000805,100.23856898884772,205.67045763443247,23.365480968308123,47.94151804117646,3.8805433721972395,0.23309870845131184,0.028843224415950885,-0.011327622046643171,4.079722635972727,0.17675721736020272,0.016799230934726943,0.1775537328498622,
780,6.456927700000051,100.22219412709474,205.6730541669089,23.361664009182434,47.94212328954317,3.8273659986581983,0.23309870845131184,0.025026265290261307,-0.011932870413353669,4.0457931600070465,-0.3607491417671855,-0.09889942481495459,0.37406020840833865,-8.93355400304839
781,6.471602000000075,100.23522077298462,205.68091307786005,23.36470050351482,47.943955191535714,4.154590631372265,0.23309870845131184,0.028062759622645927,-0.01376477240589935,4.063132020673283,-0.8932365840561282,-0.2258413165149663,0.9213446126946604,
782,6.473571400000083,100.21585246497467,205.6862194804025,23.360185775932813,47.945192107114885,4.220035557915079,0.23309870845131184,0.023548032040640265,-0.015001687985069623,4.134171814290905,-1.0382775442872743,-0.17752591384680944,1.0533450095093997,
783,6.486904500000037,100.19072573526222,205.690201110335,23.354328767689235,47.94612021990968,4.233124543223641,0.23309870845131184,0.01769102379706311,-0.01592980077986539,4.215951794498803,-0.6765440181347993,-0.13226847054162758,0.6893524184141236,
784,6.489062700000204,100.18246994699915,205.68819816576735,23.352404354107865,47.94565333611786,4.235742340285354,0.23309870845131184,0.015766610215692367,-0.015462916988042252,4.232307790540384,-0.6277270871787569,-0.19281481026016564,0.6566725569365529,4.068591215161038
785,6.502906300000177,100.18447437456717,205.69147397991838,23.352871583585156,47.94641692416559,4.236265899697696,0.23309870845131184,0.01623383969298331,-0.016226505035774608,4.2114542338893255,-0.14201883889759104,-0.07501611030889051,0.16061372110655908,1.3716687367389264
786,6.50503730000014,100.18859753651289,205.6953828382413,23.35383268730944,47.94732807399218,4.236370611580164,0.23309870845131184,0.017194943417266018,-0.017137654862366958,4.207283522559114,0.2701903397009685,-0.12382786399651033,0.2972139962546566,-1.1724996021463185
787,6.520493200000146,100.19762202511943,205.69797366976542,23.355936283948054,47.94793199347427,4.115767774659783,0.23309870845131184,0.01929854005588183,-0.017741574344455557,4.206449380293073,0.44649354211683173,-0.12935447373235143,0.46485380823072603,-0.6898609909567963
788,6.523347300000069,100.21747916045466,205.70181427925775,23.36056495654824,47.948827234586595,4.212270986572582,0.23309870845131184,0.02392721265606923,-0.018636815456780198,4.206282551839866,0.43967568463837114,-0.11909826609035745,0.4555206961796028,-0.6606229453625878
789,6.536269900000207,100.21691594795058,205.69135322801756,23.360433672440955,47.946388777053464,4.231571628955142,0.23309870845131184,0.02379592854878254,-0.016198357923649098,4.18212443028985,0.3688921148726362,-0.016334086690309724,0.3692535643744184,
790,6.538660700000037,100.21691247392613,205.69139299450438,23.36043286265034,47.94639804657018,4.235431757431654,0.23309870845131184,0.02379511875816931,-0.016207627440365968,4.285776692698595,0.2622077948822912,0.06091241492404258,0.26918998864911825,
791,6.551036000000067,100.2220671687745,205.68681385531556,23.36163441536196,47.94533065513945,4.115580003830081,0.23309870845131184,0.024996671469786236,-0.015140236009635544,4.306507145180346,-0.13883687575780332,0.25121168362105717,0.28702436840434614,
792,6.56754170000022,100.19393308247683,205.66223157051834,23.355076396182515,47.93960055630244,4.634029086703516,0.23309870845131184,0.01843865229034236,-0.009410137172622512,4.310653235676695,-0.08122895070720751,0.2155950647808206,0.2303896143293794,0.7562548721163074
793,6.569963300000154,100.18994941136629,205.65560534746356,23.35414780759175,47.938055992266456,4.315923248981329,0.23309870845131184,0.017510063699578637,-0.007865573136641046,4.311482453775963,0.03828869365634614,0.055391297288854086,0.0673366161701918,0.7557114345612397
794,6.584478000000217,100.20725259637184,205.6549444276862,23.358181157668643,47.93790193271996,4.252302081436891,0.23309870845131184,0.021543413776470288,-0.007711513590145103,4.33577305325519,0.026199222335124634,0.05770394773944171,0.0633730608041107,
795,6.586213200000202,100.2116985555871,205.66093611912856,23.359217505019547,47.93929858825662,4.239577847928004,0.23309870845131184,0.02257976112737481,-0.009108169126804455,4.256272042291663,0.4622057034764663,-0.15538582456147765,0.48762574460422553,
796,6.598924900000156,100.21369696250517,205.65560191918644,23.359683331091105,47.93805519313948,4.2370330012262265,0.23309870845131184,0.023045587198932793,-0.007864774009668452,4.240371840098957,0.5442500012332429,-0.30715969652522535,0.6249441119106999,
797,6.600980400000026,100.22941720632454,205.6619359107048,23.363347699621944,47.93953163838176,4.236524031885871,0.23309870845131184,0.026709955729771195,-0.009341219251943755,4.237191799660415,-0.07246298794752787,-0.43441957572471546,0.44042167566449925,-0.9477327961075551
798,6.615027200000213,100.23102983869052,205.66923001039106,23.363723602143658,47.94123188359794,4.236422238017799,0.23309870845131184,0.027085858251485462,-0.011041464468128481,4.236555791572707,-0.17585989177904146,-0.25421862230001036,0.3091177922097845,-0.5524393704693398
799,6.616985600000135,100.20745762446755,205.67448676285167,23.358228949452947,47.94245722580716,4.236401879244185,0.23309870845131184,0.02159120556077454,-0.012266806677345699,4.2364285899551675,-0.30103875459823576,-0.34624703574811205,0.45881514963480796,-0.03734561244483555
800,6.631062500000098,100.21230485106318,205.66868272586916,23.35935883171196,47.94110431228273,4.236397807489462,0.23309870845131184,0.02272108781978588,-0.010913893152917353,4.236403149631658,-0.6620155701519089,-0.22163316631703955,0.6981302711781474,3.8042200323006368
801,6.63332430000014,100.20658726012908,205.6721984524634,23.358026068649767,47.94192382361111,4.236396993138518,0.23309870845131184,0.021388324757595,-0.011733404481297782,4.262367299848207,-0.7989410926607547,-0.3557816906519126,0.8745784589990162,3.94998907408414
802,6.647270200000094,100.20526085922172,205.67789534675842,23.357716886311373,47.943251762313466,4.236396830268329,0.23309870845131184,0.02107914241920028,-0.01306134318365082,4.2675601298915185,-0.2380512076102815,-0.2268381538092607,0.3288220270424522,4.131671448162387
803,6.64918200000011,100.19986524837476,205.6843893029982,23.356459176391642,47.9447654951257,4.366242989100541,0.23309870845131184,0.019821432499469438,-0.014575075995885811,4.268598695900183,-0.22966775457377744,-0.18780099357717378,0.2966757332164775,0.31023200527470896
804,6.662937100000136,100.19979236189837,205.6832662100269,23.35644218664813,47.94450370360462,4.2623660294607335,0.23309870845131184,0.019804442755958718,-0.014313284474802401,4.268806409101912,-0.28701915252046317,-0.11290548276807466,0.3084276932323959,
805,6.665194800000108,100.20097576991796,205.68044484840516,23.356718037529067,47.94384604785452,4.241590637532772,0.23309870845131184,0.020080293636894453,-0.013655628724706048,4.353207082601634,-1.0611393168852936,0.5913450776758238,1.2147862572202626,
806,6.678945800000065,100.14929827902733,205.67972806390793,23.34467208114646,47.943678966313975,4.23743555914718,0.23309870845131184,0.008034337254287038,-0.013488547184159927,4.344117979020328,-0.9219037934619292,0.7490686229774907,1.187859590325763,
807,6.680950500000108,100.1158195953916,205.65026343687543,23.33686824323032,47.9368107998077,4.658400197766936,0.23309870845131184,0.0002304993381478937,-0.006620380677887283,4.342300158304065,-0.6896212000728178,0.5937748296527536,0.9100252457591658,1.5118505769704003
808,6.694712800000161,100.11808148576196,205.65045038070323,23.33739548695431,47.93685437617251,4.3207974711940125,0.23309870845131184,0.0007577430621381609,-0.006663957042697177,4.426295725020186,-0.7689890255066292,0.5964713927198517,0.9732020569659698,4.346905841839884
809,6.69685440000012,100.1287406473194,205.6574093481055,23.33988012374652,47.93847650248613,4.253276925879428,0.23309870845131184,0.0032423798543490534,-0.00828608335631742,4.443094838363411,-0.4256150319210027,0.631220815669318,0.7613066882218724,2.7114758704969937
810,6.710788400000183,100.11232241463748,205.6391905938623,23.33605305491331,47.93422973440246,4.661568471113386,0.23309870845131184,-0.0005846889788614362,-0.004039315272642341,4.36209553017268,0.32612921429342145,-0.05583719207107657,0.33087468388202007,-1.5899435534437083
811,6.713170400000081,100.12091507631561,205.63729093459838,23.338055993252645,47.93378692628154,4.3214311258633025,0.23309870845131184,0.0014182493604728563,-0.003596507151726769,4.345895668534534,0.09703652784688202,-0.08210404490920527,0.12711082537310306,-4.8711089287376925
812,6.726857500000051,100.11304393936699,205.63783454395232,23.336221241395876,47.93391364091985,4.253403656813286,0.23309870845131184,-0.0004165024962965447,-0.0037232217900324827,4.3185309403475305,-0.16134811318510087,0.02624135765546355,0.163468108449306,
813,6.7290367000000515,100.10269335788863,205.6390919672869,23.33380853422155,47.93420674467511,4.239798163003282,0.23309870845131184,-0.00282920967062239,-0.004016325545293853,4.228698863850756,0.19352527116665838,-0.13199541109816448,0.23425374944939964,
814,6.742757100000063,100.09493870507274,205.6517888304448,23.33200093466568,47.937166367078596,4.116453284944407,0.23309870845131184,-0.004636809226493455,-0.006975947948781425,4.210732448551402,0.06474946386471887,-0.17543243717987422,0.18700008846425462,
815,6.744930900000099,100.10892449560413,205.65632489315806,23.335261004375216,47.93822371743852,4.212408088629506,0.23309870845131184,-0.0013767395169566043,-0.008033298308703252,4.2071391654915296,0.4425926635554611,-0.3426935759795644,0.5597563334619619,-1.004821433488784
816,6.758751000000075,100.12060346887174,205.6581798866196,23.33798335795993,47.938656114018585,4.231599049366526,0.23309870845131184,0.0013456140677590156,-0.008465694888769804,4.206420508879557,0.6927238789342531,-0.32040517825579284,0.7632338112916934,3.1880938194388415
817,6.760879000000159,100.13662669729607,205.6658991891842,23.341718351810865,47.94045547347654,4.235437241513931,0.23309870845131184,0.005080607918692692,-0.010265054346724867,4.230401533416536,0.7587410722647825,-0.2785418004487053,0.8082533942636544,3.8395017157287037
818,6.776801200000136,100.14642893689725,205.66747424797964,23.344003241201833,47.94082261764749,4.236204879943411,0.23309870845131184,0.007365497309660185,-0.010632198517676272,4.235197738323931,0.6831354269733516,-0.07918845152730304,0.6877098388429204,3.876785844923426
819,6.792828200000031,100.160066096529,205.66791378904568,23.347182045498936,47.940925074102296,4.236358407629307,0.23309870845131184,0.010544301606763895,-0.01073465497248094,4.23615697930541,0.6036695731257536,-0.0372895889816063,0.6048201939124113,0.1431686264094023
820,6.795631900000217,100.17355763130999,205.6617752001911,23.350326904831412,47.93949417696858,4.236389113166487,0.23309870845131184,0.013689160939239997,-0.009303757838765137,4.236348827501706,0.25998591848566316,0.021702230445253337,0.2608901389802473,0.043886501545639986
821,6.806980000000067,100.16380414171422,205.6530994396962,23.348053379003744,47.93747186840239,4.236395254273923,0.23309870845131184,0.011415635111571731,-0.007281449272575458,4.236387197140964,0.2606443688025306,-0.001775688501798798,0.26065041733733135,0.02511325263513138
822,6.80915280000022,100.16414668362191,205.6582318301389,23.348133225080016,47.93866822198585,4.23639648249541,0.23309870845131184,0.011495481187843382,-0.008477802856035055,4.236394871068815,0.44079405011934225,0.09151137996633757,0.45019298893247617,0.002341934890018878
823,6.822754400000122,100.17271239112031,205.66642715919488,23.350129880434867,47.94057854260413,4.236396728139708,0.23309870845131184,0.013492136542694766,-0.01038812347431417,4.236396405854385,0.24675763666933143,-0.008779531109770833,0.24691377325119232,0.0012616932229879477
824,6.824940300000208,100.18301917749199,205.6621130764198,23.352532379026385,47.93957293548111,4.236396777268567,0.23309870845131184,0.015894635134213075,-0.009382516351294612,4.236396712811498,0.4523382427589805,-0.05205822310982396,0.45532399942857676,8.589890472419465e-05
825,6.838791700000002,100.19202173162886,205.6615838721323,23.354630862768456,47.93944957864518,4.236396787094339,0.23309870845131184,0.01799311887628363,-0.009259159515366377,4.236396774202924,0.46350692662298265,0.03634193064143265,0.4649294644892166,5.021077396677258e-05
826,6.840918100000181,100.19957098466503,205.66193222291588,23.356390583900957,47.93953077876292,4.236396789059493,0.23309870845131184,0.019752840008784744,-0.009340359633107198,4.23639678648121,0.4053211639098719,0.048118333701254706,0.4081673920727114,3.459123454632564e-06
827,6.855277700000215,100.20527490253832,205.66862255157858,23.357720159790336,47.94109028573332,4.236396789452524,0.23309870845131184,0.02108241589816373,-0.010899866603502062,4.23639678893687,0.1963281470962866,-0.04302742816119654,0.20098781285547657,2.0574107754075793e-06
828,6.857441200000039,100.20393713383771,205.6693796064005,23.357408327634015,47.94126675423453,4.23639678953113,0.23309870845131184,0.02077058374184304,-0.011076335104718282,4.236396789428001,0.24060016658437428,-0.03388316785196094,0.24297429745574492,-0.6059150599703053
829,6.870713000000023,100.20701875306392,205.6691339946177,23.358126649095585,47.94120950244518,4.236396789546851,0.23309870845131184,0.0214889052034124,-0.01101908331536805,4.212272033666852,0.01941212880331543,-0.036481766917603124,0.04132493269331276,-1.3482723985930514
830,6.872879500000181,100.21048424148864,205.66862627209193,23.35893444997154,47.94109115298017,4.236396789549995,0.23309870845131184,0.022296706079366402,-0.010900733850355948,4.207447082514619,-0.12875002884827103,0.1344949372829519,0.18618662165466074,-0.0774439984154549
831,6.88679140000022,100.19386976337509,205.67168079898002,23.355061636581677,47.941803159252714,4.115773010253749,0.23309870845131184,0.01842389268950484,-0.011612740122899368,4.260485998534172,-0.07458567098601931,0.14793720059980892,0.16567570020296526,2.1986463087178465
832,6.8889085000000705,100.18798236393948,205.6649027742079,23.3536892913771,47.94022321043248,4.2122720336913755,0.23309870845131184,0.017051547484928875,-0.010032791302663213,4.271093781738081,-0.418825228027315,0.05922606805561115,0.4229920788495457,3.5273682308170287
833,6.904877400000032,100.1966614235044,205.66588618549534,23.355712368952254,47.94045244233346,4.5015913696289,0.23309870845131184,0.01907462506008173,-0.010262023203644333,4.299184576660113,-0.5968783397708505,0.09809678753921748,0.6048857183081124,6.405305268438892
834,6.9072671000001264,100.17957078190149,205.67038924046562,23.35172856246801,47.94150209863112,4.289435705566405,0.23309870845131184,0.015090818575838938,-0.011311679501304184,4.3289274915038956,-0.9654524554928353,0.19339396781573348,0.9846317436507205,4.8871224418582315
835,6.920312899999999,100.1506132154949,205.65645457940352,23.344978591138744,47.93825394713483,4.376850764160157,0.23309870845131184,0.008340847246572025,-0.008063528005017417,4.334876074472652,-0.8183079085022995,0.021721568433539895,0.8185961517455483,-3.5305277348090156
836,6.922560900000008,100.13015589786787,205.65235293318096,23.340210016821505,47.93729785869783,4.264487584472657,0.23309870845131184,0.0035722729293325983,-0.007107439568017071,4.282061884816404,-1.0915860813922826,-0.12078215044097695,1.098247923264372,-7.945654235140532
837,6.93577960000016,100.13511809128826,205.6587089608343,23.341366697698884,47.93877944053471,4.242014948535156,0.23309870845131184,0.0047289538067119,-0.008589021404894481,4.271499046885154,-0.8049935336207931,-0.05401216267310614,0.8068035094667827,-16.404179812712552
838,6.937874600000214,100.12397613231914,205.66524181540387,23.338769521453564,47.940302240497374,4.237520421347656,0.23309870845131184,0.0021317775613916012,-0.01011182136755906,4.219292485158279,-0.3994913675635278,-0.360690937122731,0.5382297881762506,-8.180929345135269
839,6.951079800000116,100.11071357653682,205.6712123398373,23.335678036829943,47.941693962031586,4.236621515910157,0.23309870845131184,-0.0009597070622291426,-0.011503542901770913,4.2348204110941525,0.0568659850843221,-0.47191039852626854,0.4753242729935343,-7.436881559133198
840,6.953246900000067,100.12475290280119,205.6831534267562,23.338950585649695,47.944477413969885,4.115817955525781,0.23309870845131184,0.0023128417575222215,-0.014286994840070122,4.237925996281327,0.3359133922529827,-0.4245102530209368,0.5413379369809639,0.8845608891114694
841,6.967133600000125,100.13431665892784,205.69094521704062,23.34117988485076,47.946293670221706,4.342127214152032,0.23309870845131184,0.004542140958587737,-0.01610325109189148,4.238547113318763,0.6082532828414802,-0.26640627704717074,0.6640364150689114,0.5120280298496469
842,6.969264500000008,100.14787130950735,205.68980325982656,23.34433945639435,47.946027481470004,4.2575428744710315,0.23309870845131184,0.007701712502178992,-0.015837062340189334,4.238671336726252,0.8173807202704261,-0.1928835793575433,0.8398305287708814,1.2724211944965058
843,6.982758200000035,100.15493352561903,205.68611887525938,23.34598564984879,47.945168656185956,4.240626006534832,0.23309870845131184,0.009347905956616387,-0.014978237056141097,4.288790175548375,0.5343662677046203,0.05043742765805828,0.5367413177400523,-0.4038378965491345
844,6.9859575000000405,100.16607179082858,205.6825198616371,23.348581965083522,47.9443297307589,4.237242632947591,0.23309870845131184,0.011944221191349413,-0.014139311629087103,4.2728447050315514,0.5377356821936319,0.11036981471394935,0.5489454981182031,-0.505808586587508
845,6.9988367000000835,100.1713225589132,205.68626640950106,23.349805912342426,47.94520304622714,4.3664121496363935,0.23309870845131184,0.013168168450253148,-0.015012627097327425,4.269655610928188,0.24780051233495606,0.09980247388931282,0.2671434590400702,-1.8026211876155456
846,7.002456600000187,100.17407720650075,205.68364393391823,23.35044801713732,47.944591750555844,4.2623998615679035,0.23309870845131184,0.013810273245148608,-0.014401331426029174,4.2690177921075145,0.24464816055539496,0.09676770955925548,0.26309069173287514,-0.1446676842706578
847,7.014976000000161,100.17585305711836,205.6797725252276,23.350861965622688,47.94368933019017,4.241597403954206,0.23309870845131184,0.014224221730515296,-0.013498911060352725,4.268890228343379,-0.16851646228102296,0.12664494486969152,0.21080023747794652,-0.5948203982204477
848,7.031242300000031,100.18326647167706,205.6763899696858,23.352590022981534,47.94290086086211,4.237436912431466,0.23309870845131184,0.01595227908936181,-0.012710441732295408,4.242895477309302,-0.17506335851286847,0.14833239361534162,0.22945517751722613,-1.206435665278767
849,7.033827500000143,100.16935558886652,205.67182500096638,23.34934741416498,47.94183677254949,4.236604814126919,0.23309870845131184,0.012709670272808893,-0.011646353419678235,4.237696527102486,-0.1909758475940065,0.14539697032989515,0.24002510982262168,-1.224968378944449
850,7.049632800000154,100.1735797419432,205.66907014184315,23.350332058791455,47.9411946184459,4.236438394466009,0.23309870845131184,0.013694314899282745,-0.01100419931608343,4.236656737061122,-0.1916246303726347,0.17225689803001176,0.25766730076664895,-2.850982666181786
851,7.053390100000115,100.17515648638911,205.66658470465023,23.350699595885356,47.9406152662463,4.236405110533827,0.23309870845131184,0.014061851993183438,-0.010424847116482283,4.212324023193475,-0.11157621291364053,-0.03146541639238626,0.1159280971848339,-2.3534314687253444
852,7.062777900000128,100.17635748097229,205.6582729156645,23.35097954617155,47.9386777989688,4.236398453747391,0.23309870845131184,0.014341802279378868,-0.008487379838982179,4.207457480419945,0.16240006261256185,-0.11721796213455152,0.20028437528559526,-2.484451687110704
853,7.064899100000048,100.1809664301796,205.6671011879005,23.35205388627909,47.94073565782487,4.115773343093228,0.23309870845131184,0.015416142386918352,-0.01054523869505175,4.206484171865241,0.28402434816121125,-0.2444612461927153,0.37474141916593146,-0.33044218857214736
854,7.078716300000224,100.18781782519626,205.66811807041262,23.353650937608567,47.94097269182509,4.212272100259271,0.23309870845131184,0.017013193716394426,-0.01078227269527332,4.2062895101543,0.2101614472633469,-0.28938639603735267,0.3576483190612142,
855,7.080835800000159,100.19391376110863,205.67353357644106,23.35507189239654,47.94223503928593,4.231571851692479,0.23309870845131184,0.018434148504368864,-0.012044620156117958,4.290609708671487,-0.42976874365473144,0.1641120039099802,0.46003687118525144,
856,7.095012500000166,100.17740185641486,205.67781714044816,23.351222988738353,47.94323353252355,4.2354318019791215,0.23309870845131184,0.014585244846180956,-0.013043113393734984,4.357567742515549,-0.6931739282387206,0.3831366148180636,0.7920124749043692,
857,7.096989500000063,100.15051730370332,205.65683526655735,23.344956234224004,47.93834268481872,4.657999446333324,0.23309870845131184,0.008318490331831185,-0.008152265688906368,4.370959349284361,-1.1430205699054465,0.3007067625473743,1.1819139479119005,3.8972849206412414
858,7.110721000000012,100.10276909643365,205.64947264110222,23.333826188778573,47.93662646633432,4.45056351231354,0.23309870845131184,-0.0028115551135989847,-0.006436047204502415,4.373637670638123,-1.2368851398270742,0.43522287148252536,1.3112222530854696,2.4071447093988136
859,7.112840900000037,100.08336477471876,205.65337691882047,23.32930306644846,47.93753654842788,4.279230134103333,0.23309870845131184,-0.007334677443711968,-0.007346129298063886,4.374173334908875,-0.9400618891173502,0.31976459635984567,0.992958081922926,-1.8735884170641226
860,7.126724400000057,100.09534223127734,205.64879115963674,23.3320949961028,47.93646761388488,4.244963458461292,0.23309870845131184,-0.00454274778937247,-0.006277194755064386,4.28992133690365,-0.2506343554067679,-0.20286174598070167,0.322444519402183,-8.504624137804871
861,7.128898200000094,100.10665072810743,205.65483160948926,23.334730992108415,47.93787563494397,4.238110123332884,0.23309870845131184,-0.001906751783756988,-0.007685215814156265,4.247101699021357,0.27741715843826387,-0.40781460663121427,0.4932271618410049,-8.79189216979765
862,7.1429577000001245,100.12337670180224,205.66323106521412,23.33862979497427,47.93983353722513,4.236739456307202,0.23309870845131184,0.0019920510820981008,-0.00964311809531182,4.238537771444899,0.7569487509201462,-0.32574056379967675,0.8240620889375392,-7.038963629850293
863,7.145073000000139,100.13998075687147,205.67139629779768,23.34250017876596,47.94173684239456,4.236465322902066,0.23309870845131184,0.005862434873787237,-0.011546423264746863,4.236824985929608,0.9961711834473386,-0.4578631954347781,1.096355659658223,-0.4812677499600416
864,7.158791700000165,100.15551864197666,205.672510634508,23.346122039716043,47.941996592842514,4.236410496221039,0.23309870845131184,0.00948429582387078,-0.01180617371269932,4.23648242882655,0.7918620855276929,-0.3482785515524934,0.8650685013152253,3.6135752973051347
865,7.161010100000112,100.16881587875588,205.67806494500394,23.34922160843525,47.943291295445455,4.2363995308848335,0.23309870845131184,0.01258386454307825,-0.013100876315640164,4.2623831556871865,1.2607368626235975,-0.2100894118707791,1.2781216678228258,4.008349588646144
866,7.1748382000000674,100.1801510522085,205.6839853829795,23.35186382272713,47.94467134189102,4.236397337817592,0.23309870845131184,0.015226078834956525,-0.014480922761208603,4.267563301059313,0.9800877227546756,-0.04483735636162446,0.9811128033105802,4.174450282495636
867,7.17702700000018,100.204768674307,205.6788050310476,23.357602158643434,47.943463808546376,4.366243090610394,0.23309870845131184,0.020964414751261984,-0.013273389416561088,4.2685993301337355,1.0801318170314207,-0.14745456705007381,1.0901502609766798,0.28765889675406153
868,7.190808900000093,100.22998321471933,205.6831518803205,23.36347963544774,47.94447705349772,4.262366049762704,0.23309870845131184,0.026841891555566377,-0.014286634367906004,4.268806535948619,0.807308675576049,-0.02438800729964475,0.8076769605234521,0.1693646471729177
869,7.192909600000121,100.23687049850405,205.68794647838092,23.365085052402694,47.945594668113145,4.241590641593167,0.23309870845131184,0.028447308510521907,-0.015404248983330149,4.268847977111598,1.0974824598147386,-0.09176290647655426,1.1013120269051972,-0.6109192143904284
870,7.206810900000164,100.23884408946977,205.68605522311086,23.365545093907816,47.94515381895234,4.237435559959259,0.23309870845131184,0.028907350015643374,-0.014963399822526924,4.242887027062944,0.5747044272606434,-0.21442981011329426,0.6134046968993697,-1.4238148102217265
871,7.208953200000224,100.2539344262981,205.69006849327772,23.369062631932596,47.94608930704491,4.2366045436324775,0.23309870845131184,0.032424888040424094,-0.01589888791509253,4.237694837053214,0.618916428537855,-0.2838625143318216,0.6809078297073969,-1.4552584629588994
872,7.222872600000073,100.25439966797589,205.6937497282999,23.369171079166804,47.94694739817408,4.236438340367121,0.23309870845131184,0.03253333527463198,-0.016756979044266984,4.236656399051267,0.4546477385465497,-0.18635734597833523,0.49135895897559534,-0.8655946681632934
873,7.224980500000129,100.26025519043148,205.69755394818827,23.370535993888513,47.94783415691673,4.23640509971405,0.23309870845131184,0.033898249996340724,-0.017643737786912084,4.236448711450879,0.43170034479155117,-0.19834636552100035,0.47508574847971863,-0.0587186353417062
874,7.238716199999999,100.2568896643071,205.70017584056268,23.36975149409566,47.948445316642896,4.236398451583435,0.23309870845131184,0.03311375020348706,-0.018254897513081403,4.236407173930801,0.17228862448161894,-0.15507182852148654,0.23179871036475944,-0.03402388557311138
875,7.254710700000032,100.25128754058849,205.70211305193754,23.36844564629227,47.94889687811238,4.236397121957312,0.23309870845131184,0.031807902400096566,-0.018706458982563845,4.236398866426787,0.13610965037011646,-0.12425181836587731,0.18429419765988922,-0.001427957455093512
876,7.256954700000051,100.25460769752505,205.70423385990821,23.369219570586033,47.94939123571121,4.236396856032088,0.23309870845131184,0.03258182669386045,-0.01920081658139594,4.236397204925984,-0.5995758395999282,-0.00181545378106069,0.5995785880969984,2.010349092461588
877,7.270939200000157,100.24422252679825,205.69868724915673,23.366798800702572,47.94809832790876,4.236396802847043,0.23309870845131184,0.0301610568103996,-0.01790790877894466,4.320756003485199,-0.7365053474478843,0.09527456828309669,0.7426421548638747,4.56302070629873
878,7.273142500000176,100.21557375914097,205.69687716507238,23.360120809962936,47.94767639964651,4.236396792210034,0.23309870845131184,0.02348306607076367,-0.01748598051669603,4.33762776319704,-1.3568252262338827,0.18287945788612572,1.3690944418342186,4.644974312812079
879,7.286908600000061,100.17176758529305,205.67083565479348,23.349909647416794,47.941606157234375,4.658192444379507,0.23309870845131184,0.01327190352462182,-0.011415738104560091,4.34100211513941,-1.4997765025080245,0.22116653611155893,1.5159961062518557,2.740246950198046
880,7.289030000000139,100.1427973192969,205.6671061915304,23.3431567158296,47.94073682416453,4.320755920516527,0.23309870845131184,0.00651897193742812,-0.0105464050347166,4.341676985527882,-1.3863207886713729,0.10313813861508271,1.390152079716245,0.1909403867517652
881,7.303125399999999,100.12043138548829,205.6688517431951,23.337943245545507,47.94114371000311,4.253268615743931,0.23309870845131184,0.0013055016533343178,-0.010953290873295884,4.34181195960558,-0.7475560584785597,0.04854003896528599,0.7491302930403704,
882,7.305270100000143,100.12405811797852,205.67343089234174,23.338788632204878,47.942211103755,4.239771154789412,0.23309870845131184,0.00215088831270549,-0.012020684625184686,4.257479823561744,-0.8393090422069973,-0.10472440268343036,0.8458172786410955,
883,7.319248800000196,100.13382825019775,205.67831789764597,23.341066037406577,47.94335025837961,4.237071662598508,0.23309870845131184,0.004428293514404658,-0.013159839249794913,4.2665826346342275,-0.29899346982967034,-0.15105614136337464,0.3349851531700738,
884,7.321362100000215,100.12294413835511,205.68126770683335,23.33852896499342,47.944037855091366,4.236531764160327,0.23309870845131184,0.0018912211012462876,-0.013847435961551469,4.268403196848723,-0.07208449321853716,-0.059807185930742426,0.09366468732413366,0.5129988246102557
885,7.335192700000107,100.09436518497941,205.6706983964349,23.331867247872655,47.941574162488266,4.366269975878941,0.23309870845131184,-0.004770496019517623,-0.011383743358450715,4.268767309291623,-0.0982830286042878,0.026394108268257478,0.10176542960606884,
886,7.337520200000199,100.10200049119115,205.66643100780013,23.33364702788924,47.94057943970904,4.262371426816413,0.23309870845131184,-0.0029907160029338797,-0.010389020579225416,4.353199262639575,-0.3853280065705502,0.626737013052774,0.7357152684143146,
887,7.35091280000006,100.11712152172356,205.6702622319305,23.337171720576798,47.94147249310562,4.241591717003908,0.23309870845131184,0.0005339766846255145,-0.011282073975806384,4.52337056541854,-0.19986613000593292,0.8007831883780028,0.8253485231781713,
888,7.353128300000208,100.1050288240344,205.64250681164475,23.334352928363764,47.935002740484485,4.6592314293382815,0.23309870845131184,-0.002284815528408757,-0.004812321354670246,4.531435587693084,0.15656123026904104,0.6865377010399679,0.7041629312684672,5.4883646929015635
889,7.366745400000127,100.08906810383576,205.6106770569151,23.330632505099505,47.927583265766685,5.0873882780551565,0.23309870845131184,-0.0060052387926674555,0.002607153363129555,4.533048592147991,-0.00879898808756827,0.5666767882822996,0.566745096643374,-2.304323904156611
890,7.368975800000044,100.1015116396064,205.6144383682327,23.33353307721621,47.9284600225769,4.406595087251657,0.23309870845131184,-0.003104666675962875,0.001730396552915181,4.5092464371795975,0.20747752906982628,0.42095335154579777,0.4693065621175146,-5.66855517815668
891,7.382787600000029,100.09783045506762,205.62462552223394,23.33267499785465,47.93083463501738,4.2704364490909565,0.23309870845131184,-0.003962746037522891,-0.0006442158875685777,4.420126875326544,0.5313478758349233,-0.20818442120907796,0.570676193991342,
892,7.386240900000075,100.11774985009504,205.63640769281434,23.33731818310867,47.93358104376243,4.1225809421619415,0.23309870845131184,0.0006804392164987405,-0.0033906246326154132,4.274987289127808,0.7623645706051182,-0.4003564914062765,0.8610952669275742,
893,7.398775000000114,100.13641111059505,205.64853139708055,23.3416680988293,47.936407063568524,4.213633620073013,0.23309870845131184,0.005030354937126447,-0.00621664443870884,4.24595937188806,0.55577553950714,-0.31019681525582693,0.6364813544082105,
894,7.401929000000109,100.14834342401107,205.65416013198498,23.34444950567541,47.93771911440496,4.361690347061478,0.23309870845131184,0.007811761783237614,-0.007528695275148323,4.393438700549485,0.34171327258158196,0.12522212011366002,0.3639348018865116,
895,7.414828600000192,100.16314824919124,205.65096679080875,23.347900491303754,47.93697475070114,4.261455501052921,0.23309870845131184,0.011262747411581842,-0.006784331571324742,4.447059322141145,0.09967425026128758,0.26605894455128964,0.28411673329970555,
896,7.417791000000079,100.14875634635543,205.62548354950883,23.34454575734057,47.931034640066976,5.0078330923980845,0.23309870845131184,0.007908013448396645,-0.0008442209371608556,4.483752684740729,0.16700030527283172,0.1898437446694777,0.25284332965563644,5.700337518944216
897,7.430945500000007,100.15633924833202,205.6306254955315,23.346313321997627,47.93223322104379,4.390684050120242,0.23309870845131184,0.009675578105454719,-0.0020428019139728804,4.491091357260645,0.010332443314416961,0.253354962178619,0.2535655659693861,4.523328601168699
898,7.433291100000133,100.16321887580371,205.63672894468365,23.347916954275902,47.933655927158256,4.397100433070924,0.23309870845131184,0.011279210383730032,-0.0034655080284409223,4.492559091764628,-0.11744808940653538,0.19386307380677167,0.22666482985027767,-3.2714947837808266
899,7.44720180000013,100.16909871003979,205.64260356185451,23.34928753604224,47.93502529283343,4.39838370966106,0.23309870845131184,0.012649792150067896,-0.004834873703615017,4.339567726556052,0.07827090888343531,-0.24084300497774397,0.2532423507712496,
900,7.4506213000001935,100.16365071510761,205.64612070857885,23.348017615459902,47.9358451351923,4.268794173572838,0.23309870845131184,0.011379871567729793,-0.005654716062487353,4.462254365623711,-0.005481715248498463,-0.15749841346158217,0.15759377984229297,
901,7.462898100000075,100.1555481463062,205.65498797133415,23.346128917137154,47.937912082688065,4.242876266355193,0.23309870845131184,0.00949117324498161,-0.0077216635582502136,4.4608224551559905,0.36549918571563433,-0.18747924510784447,0.410777460561067,
902,7.479163000000199,100.13570405317812,205.6322681109976,23.34150328465861,47.93261611258742,5.00411724545854,0.23309870845131184,0.004865540766438414,-0.0024256934576030176,4.434566834781199,0.3933693030062646,-0.20675878828741606,0.4443969003961605,-1.4346944302687166
903,7.481203700000151,100.15792846995957,205.63889054459509,23.346683767506452,47.934159793305795,4.3899408807323335,0.23309870845131184,0.01004602361427942,-0.0039693741759805334,4.4293157107062395,0.7061250457905859,-0.4142580486996168,0.8186710641064402,2.311736230991869
904,7.49489060000019,100.17189598162564,205.65033085148082,23.34993957643609,47.936826514065146,4.267105607787092,0.23309870845131184,0.013301832543916703,-0.006636094935331016,4.581550398000623,0.677252429938945,-0.27953220970736264,0.7326725804355494,
905,7.496974800000089,100.1825575830529,205.6617511088663,23.352424781958806,47.93948856131188,4.2425385531980435,0.23309870845131184,0.01578703806663384,-0.009298142182068148,4.458712423350123,0.5445565979740418,-0.3884301654597224,0.668894522205205,
906,7.510984300000018,100.16463506226714,205.63138397472633,23.348247065511455,47.93241002156449,5.00404970282711,0.23309870845131184,0.011609321619282298,-0.002219602434678336,4.434144828420024,-0.01802157765779918,-0.2707964844780354,0.27139549234823146,
907,7.513843700000052,100.15300759674355,205.63406898562494,23.345536718315344,47.933035894137134,4.3899273722060475,0.23309870845131184,0.00889897442317178,-0.0028454750073194646,4.429231309434005,-0.24920703272022524,-0.46102347843135894,0.5240675460493324,-1.182455770636563
908,7.52688470000021,100.13766100257945,205.6434835244824,23.341959447036565,47.935230410985476,4.267102906081835,0.23309870845131184,0.005321703144392842,-0.00503999185566073,4.428248605636803,-0.45540044186048967,-0.24226284341841867,0.5158302509042161,
909,7.529025500000216,100.12922955118196,205.65400824073976,23.339994086605444,47.93768370875188,4.2425380128569925,0.23309870845131184,0.003356342713271232,-0.0074932896220616385,4.300736391049236,-0.7650827697696776,-0.25347176023370493,0.805977405287775,
910,7.542853200000081,100.13880610605722,205.66489060998964,23.342226369178277,47.940220374968916,4.237625034212024,0.23309870845131184,0.005588625286105042,-0.01002995583910149,4.251109192272349,-0.5305833377801983,-0.229066757811144,0.5779189024976474,
911,7.5450104000001375,100.12171667849185,205.6607333031322,23.33824284568462,47.93925131210981,4.36648862988928,0.23309870845131184,0.0016051017924461064,-0.009060892979995572,4.217058996657596,-0.07164709293109833,-0.35030816179756613,0.3575599448308874,-6.619356513240481
912,7.559061600000177,100.13525705048234,205.66657187558775,23.34139908890755,47.9406122758084,4.1417913783216065,0.23309870845131184,0.004761345015378282,-0.010421856678583197,4.210248957534645,0.15953189790139993,-0.14747747489726068,0.21725568358525132,-5.627852587382783
913,7.561278200000061,100.15446932243503,205.67393667006883,23.34587744468614,47.942328999889945,4.096851928008071,0.23309870845131184,0.009239700793965966,-0.012138580760129969,4.208886949710056,0.8326699823074626,-0.2909960889811253,0.8820532995449998,-1.6048131114795217
914,7.574834600000031,100.16830177885095,205.68160291141368,23.349101772411398,47.94411599084611,4.20848781724224,0.23309870845131184,0.012464028519225678,-0.013925571716292495,4.158520554004513,1.2724611408628743,-0.397700954950291,1.3331629324934071,0.7136938372415296
915,7.577006100000062,100.2011597647811,205.68999682770692,23.356760926494026,47.946072601892915,4.230814995089073,0.23309870845131184,0.02012318260185353,-0.01588218276310016,4.172572030722779,1.5669059083929309,-0.48440452948819385,1.6400737403986914,0.9807885949724137
916,7.592048400000067,100.22389681375387,205.69543698158492,23.362060903243574,47.94734069473565,4.114656651361565,0.23309870845131184,0.02542315935140138,-0.01715027560583593,4.175382326066432,1.234950210996206,-0.32092415695746845,1.2759680004445393,-1.2911989199421021
917,7.59428580000008,100.24018402704687,205.7005277939802,23.36585743162644,47.94852735652996,4.212048761912938,0.23309870845131184,0.029219687734268973,-0.018336937400142972,4.1518196292757885,1.5803344645810493,-0.33310826812127736,1.6150597940117972,-3.5663620915133056
918,7.607574500000055,100.26074104460352,205.69808116724505,23.37064924586851,47.947957050997935,4.110903404726338,0.23309870845131184,0.0340115019763374,-0.01776663186812044,4.147107089917657,0.8171400305503993,-0.11243367385278005,0.8248388694429603,-0.08492657912299695
919,7.609755100000029,100.27912111320165,205.6998842139304,23.374933616119982,47.948377338851564,4.090674333289018,0.23309870845131184,0.038295872227809724,-0.01818691972174946,4.1702893379054045,0.9032600003568524,-0.12771777348351834,0.9122447357525547,3.5451628345041546
920,7.62267060000022,100.26311676511682,205.68867344606073,23.3712030232518,47.945764123340396,4.207252298298429,0.23309870845131184,0.034565279359629386,-0.01557370421058124,4.1749257875029535,0.6019907760591023,-0.01452741353275047,0.602166040394335,7.56064272264901
921,7.624813300000142,100.27031372191885,205.69015084442535,23.372880624587136,47.94610850299106,4.230567891300311,0.23309870845131184,0.03624288069496373,-0.01591808386124427,4.199977833281838,0.0775407072850583,-0.046174151232521096,0.0902475125879424,4.135582325064878
922,7.638889400000153,100.28181755096311,205.6880024938212,23.375562152279596,47.945607725239924,4.235231009900687,0.23309870845131184,0.03892440838742317,-0.015417306110109052,4.204988242437612,-0.4159988602583713,-0.008203784272715002,0.41607974453541613,4.172756248936748
923,7.641019200000073,100.26115301139801,205.6890561349299,23.37074527479623,47.94585332762154,4.236163633620762,0.23309870845131184,0.03410753090405905,-0.015662908491727023,4.20599032426877,-1.0536408292427022,-0.06703797443088985,1.055771323281252,0.2803012252926834
924,7.654891700000007,100.23122186185829,205.6892279924727,23.363768362496057,47.9458933873928,4.115726379067903,0.23309870845131184,0.027130618603884216,-0.01570296826298545,4.206190740635001,-1.1637905833837807,-0.048319298485229006,1.164793233401905,
925,7.657034000000067,100.19926588416574,205.6900720432842,23.356319465368628,47.94609013454683,4.212262707454206,0.23309870845131184,0.01968172147645575,-0.015899715417013738,4.290589954767624,-1.8237829748838106,0.4841205040571986,1.8869438258529685,
926,7.671158600000126,100.21333537668109,205.6941397149226,23.35959904590252,47.94703830355215,4.231569973131466,0.23309870845131184,0.02296130201034785,-0.01684788442233298,4.307469797594149,-1.441229551085995,0.5150850888535953,1.5305081730206,
927,7.673186800000167,100.18627985857457,205.6706662763869,23.35329243957541,47.941566675346564,4.657227080563794,0.23309870845131184,0.016654695683236298,-0.011376256216749425,4.267398500534456,-0.9291865499844538,0.4748827584949371,1.043504326290875,-6.383397361261767
928,7.686812200000077,100.16588606571786,205.6683570293018,23.348538672800085,47.94102839283353,4.320562847753384,0.23309870845131184,0.011900928907913055,-0.01083797370371542,4.2593842411225165,-0.3886311692722488,0.4904774212014016,0.6257813407559324,
929,7.688847300000134,100.18384746247439,205.67013720044068,23.352725451186014,47.94144334842682,3.915369893769427,0.23309870845131184,0.016087707293841902,-0.011252929297008052,4.411066301349505,-0.5216359676161615,0.584324809888616,0.7832876650134459,
930,7.702870000000075,100.13726855201996,205.6709713423465,23.34186796731802,47.94163778582774,4.172191410394511,0.23309870845131184,0.005230223425847669,-0.011447366697922234,4.383012820816777,0.08469990500068535,0.12262881852985202,0.1490365761856884,
931,7.719387300000108,100.10659802179406,205.6424780955964,23.334718706334844,47.93499604681071,4.989980274266403,0.23309870845131184,-0.0019190375573288065,-0.004805627680894986,4.309830103225856,0.23842223753714123,0.09931757380842625,0.25828113330131025,1.3560957742743938
932,7.722131300000001,100.10568240339774,205.63789537228777,23.334505276869226,47.933927819926275,4.5169596779001555,0.23309870845131184,-0.0021324670229461162,-0.003737400796460122,4.338640825332673,0.2804640770369362,0.22516648635781275,0.3596665748813803,2.162735382254174
933,7.735872200000131,100.13042450709943,205.64243740508365,23.34027262928646,47.934986561904736,3.9546492597987815,0.23309870845131184,0.003634885394287579,-0.004796142774921464,4.344402969754035,0.45763557414996164,0.20313129278040246,0.5006921617463196,
934,7.738015700000005,100.15127563666255,205.63852606880022,23.345133000657373,47.93407483446875,4.059423504303506,0.23309870845131184,0.00849525676520102,-0.0038844153389376856,4.218239724810182,0.6230581339528344,0.04757743781152464,0.6248720275972494,
935,7.751511700000037,100.15773582505919,205.64570787218054,23.346638862228982,47.935748903561056,4.201002132501326,0.23309870845131184,0.010001118336809611,-0.005558484431240629,4.142913081680788,0.7072246982361315,-0.060129933800915206,0.7097762906254969,
936,7.754053100000192,100.16203451168472,205.64980358547677,23.347640880529433,47.93670360904059,4.35916404954714,0.23309870845131184,0.011003136637260269,-0.006513189910776873,4.195419774539285,0.4324648405431909,-0.15970304382493614,0.46101073795845254,5.297816532410337
937,7.766949000000068,100.18101346495732,205.65806017981646,23.35206485002503,47.93862821051738,4.140326462253178,0.23309870845131184,0.015427106132857915,-0.008437791387564175,4.205921113110983,0.008732623963710495,-0.26924542611941626,0.26938700452604913,4.668038280812299
938,7.7698971000002075,100.16894683242586,205.66533139016894,23.34925213356659,47.94032312025942,4.217182724091261,0.23309870845131184,0.012614389674418192,-0.010132701129606403,4.183896624965949,-0.25456693167394673,-0.34024531496506566,0.42493669770633435,-2.9680872637669338
939,7.78340970000022,100.1775745376963,205.67242491907544,23.35126324052203,47.94197661268589,4.111930197162002,0.23309870845131184,0.014625496629857793,-0.011786193556076796,4.153522489055693,-0.2857739732245873,-0.28897008705609567,0.4064117062607506,
940,7.785642500000222,100.16603288613305,205.6770135478841,23.34857289644924,47.943046216134746,4.09087969177615,0.23309870845131184,0.011935152557068562,-0.012855797004931446,4.32485732984239,-0.5909188565503583,0.08241234124316399,0.5966379882440964,
941,7.798775100000057,100.1794553040528,205.68373397779135,23.35170164473063,47.94461273966637,4.207293369995855,0.23309870845131184,0.01506390083845588,-0.014422320536553457,4.359124297999729,-0.4122817151532501,0.1964292324292782,0.45668441620276584,
942,7.802504200000158,100.16053498385011,205.65641475665487,23.347291342527896,47.93824466450356,4.997000666186672,0.23309870845131184,0.010653598635723682,-0.00805424537374222,4.390102447490573,-0.2947762275381096,0.07375178346853656,0.3038623864291026,3.8072849703549263
943,7.814762800000153,100.15733269005432,205.656668844193,23.346544891980017,47.93830389198053,4.38851756487796,0.23309870845131184,0.00990714808784432,-0.008113472850716619,4.3962980773887415,0.011125034411153048,0.14506069395378604,0.14548667059563675,3.1272114466216543
944,7.81694020000009,100.16421110220108,205.6635416006967,23.34814824096762,47.939905922645046,4.266820944616217,0.23309870845131184,0.011510497075448711,-0.009715503515231205,4.397537203368374,0.1768912787727372,0.007430802376869133,0.17704728557596783,-3.31842780887642
945,7.830815100000109,100.18353171842136,205.6708330625277,23.352651851655054,47.94160555298057,4.121857841266993,0.23309870845131184,0.01601410776288148,-0.011415133850753989,4.244500116454926,0.3825158490297895,-0.3510978105089046,0.5192186892852831,-12.375165544212228
946,7.832867700000179,100.19292806510339,205.6779430983956,23.354842127930795,47.94326289315842,4.2134889998940235,0.23309870845131184,0.018204384038622123,-0.01307247402860412,4.189767943212862,0.8440100539069799,-0.4706212672591227,0.9663526003962765,-12.823533312255856
947,7.846973600000183,100.18357556791159,205.68308517035086,23.35266207291459,47.944461503489954,4.23181523161943,0.23309870845131184,0.016024329022418016,-0.014271084360139241,4.178821508564449,0.7724695679286666,-0.3427389037819013,0.8450912314901393,-1.2442203074233404
948,7.8489942000001065,100.20304988257848,205.6883074559178,23.35720151051142,47.945678811510774,4.114856698667636,0.23309870845131184,0.020563766619247303,-0.015488392380959226,4.226726215775391,0.7196054386202836,-0.2841581040601797,0.7736781083855008,7.8742298535047
949,7.8628686000001835,100.22558813897959,205.6940418908349,23.36245514896926,47.94701550088365,4.212088771374153,0.23309870845131184,0.025817405077088296,-0.016825081753836457,4.23630715721758,0.5058881687154313,-0.13034875275745597,0.5224113672113933,8.431318492873434
950,7.8650090000001,100.22614152632204,205.69247714751342,23.36258414284406,47.94665076123635,4.361381377321706,0.23309870845131184,0.025946398951887772,-0.016460342106533687,4.238223345506018,0.06681036017575148,-0.13780950099140038,0.15315052331060583,-0.5000417045929807
951,7.878964000000224,100.22605099132173,205.6947753232553,23.362563039252418,47.94718646303358,4.261393707104967,0.23309870845131184,0.02592529536024557,-0.016996043903766633,4.195159317538704,-0.32973063250080537,-0.017839425356984753,0.33021286332674654,-2.030525706709163
952,7.881171900000027,100.20379248721031,205.6959335158724,23.357374610691988,47.94745643623676,4.241396173061618,0.23309870845131184,0.020736866799815346,-0.017266017106948084,4.186546511945241,-0.6405958912734795,-0.011924859948958548,0.6407068738520494,-3.0049135763447463
953,7.894827200000009,100.21925065781332,205.69608573492513,23.36097789029457,47.94749191830136,3.8995365588310738,0.23309870845131184,0.024340146402398233,-0.017301499171544776,4.158854712545298,-0.7119864324097703,-0.048114167741463515,0.7136102949601036,
954,7.897277300000042,100.206893200342,205.69678754701255,23.35809738291826,47.94765550979251,4.16902474340684,0.23309870845131184,0.021459639026087274,-0.017465090662696525,4.306601264774685,-0.523880386181874,0.5368934922499078,0.7501368415471749,
955,7.911029100000178,100.189390002356,205.69740931961445,23.35401741007396,47.94780044418296,4.222922380321993,0.23309870845131184,0.017379666181788878,-0.017610025053144795,4.336150575220563,-0.04151603353032403,0.5686412013128526,0.5701547131004138,
956,7.913290800000141,100.19850106504212,205.66940085285285,23.35614118701871,47.94127170675513,5.000126468251899,0.23309870845131184,0.0195034431265384,-0.01108128762531635,4.409632458794113,-0.08852360128035118,0.5575590760240199,0.564542780699923,
957,7.926741600000014,100.2020720130867,205.6672968074515,23.35697357039585,47.94078125648955,4.389142725291006,0.23309870845131184,0.020335826503679044,-0.010590837359735872,4.424328835508824,0.17790893754881887,0.456772046747073,0.4901961778199212,
958,7.942746400000033,100.20405193881855,205.67127976826913,23.357435088526774,47.94170967951196,4.2669459766988265,0.23309870845131184,0.0207973446346017,-0.011519260382144125,4.403143354992391,0.25681445424933186,0.4454274224066281,0.5141587814510171,
959,7.9448218,100.20544528145757,205.67636104924503,23.35775987489636,47.94289411954472,4.242506626980391,0.23309870845131184,0.02112213100418714,-0.012703700414903096,4.221496590920353,0.4580251258608038,-0.097118904819566,0.46820839120327296,
960,7.95886140000016,100.21133827959291,205.68041228379565,23.359133525150614,47.9438384570861,4.116994977739829,0.23309870845131184,0.022495781258442094,-0.013648037956286885,4.1851672381059455,0.4002648893746781,-0.11153221361620515,0.41551343701528365,
961,7.961093100000198,100.22996050068436,205.67874717495283,23.363474340835523,47.94345032236541,4.091892647891716,0.23309870845131184,0.026836596943351054,-0.013259903235592674,4.1779013675430665,0.646879677408828,-0.20667767216647498,0.6790942329431919,-1.9835896243362792
962,7.974626300000182,100.21678616093769,205.68081426566204,23.360403419255878,47.94393215853997,4.207495961218968,0.23309870845131184,0.02376567536370544,-0.01374173941015755,4.176448193430491,0.6175211377442441,-0.10582883512214099,0.6265238206997839,-1.1654864170807953
963,7.9768062000000555,100.2285873330811,205.68580567823193,23.363154257240716,47.94509565036336,4.230616623884419,0.23309870845131184,0.026516513348543214,-0.014905231233548477,4.176157558607976,0.9072922021738166,-0.16237483648516043,0.9217075065599695,0.49402339932805556
964,7.990775900000017,100.22916869911501,205.68978866931383,23.36328977291236,47.94602408044033,4.235240756417509,0.23309870845131184,0.026652029020187484,-0.015833661310516334,4.200224187502849,0.4634153777167088,-0.20265195978122613,0.505788126696833,1.2581809927474024
965,7.992978700000094,100.24378509470063,205.6930961236273,23.36669683584558,47.94679504376906,4.115541803627252,0.23309870845131184,0.030059091953408057,-0.016604624639242616,4.205037513281822,0.3752262231338606,-0.24181625908586718,0.4463964848490465,1.3260133597488053
966,8.006697300000042,100.22764091478844,205.69471262953965,23.362933648359043,47.94717184920943,4.212225792366076,0.23309870845131184,0.026295904466870468,-0.01698143007961761,4.206000178437616,0.16283007506877778,-0.14530984299168043,0.2182397393170424,
967,8.008844900000213,100.22148771282797,205.69684481387907,23.361499344929218,47.94766885862513,4.231562590113841,0.23309870845131184,0.02486160103704549,-0.01747843949531358,4.138620689984398,0.44401448943797617,-0.11573917860909863,0.45885120060426504,
968,8.022889200000009,100.23353354930074,205.69992989243462,23.364307213853237,47.948387986451905,4.235429949663393,0.23309870845131184,0.02766946996106512,-0.018197567322090435,4.149269548153129,0.18063695978591882,-0.05245580567347178,0.18809923654696922,
969,8.025006600000097,100.24639264941015,205.6991905419563,23.367304653480588,47.94821564481032,3.898343314151429,0.23309870845131184,0.030666909588415336,-0.018025225680503354,4.151399319786874,-0.18335955906307502,-0.04708056155311028,0.1893074408890509,0.5983049488709595
970,8.038819000000103,100.26001010388086,205.70118008177815,23.370478864530103,47.948679403973195,4.168786094470911,0.23309870845131184,0.033841120637930544,-0.018488984843379797,4.151825274113624,-0.02769364904771466,-0.006724834510026352,0.02849844902385441,0.3591624911266128
971,8.04090670000005,100.24125298373389,205.70118537078633,23.366106604049577,47.948680636834176,4.222874650534807,0.23309870845131184,0.029468860157404464,-0.0184902177043611,4.151910464978974,-0.14626998647791917,0.12241552723946655,0.19073665157375294,1.6485560673013122
972,8.0547739000001,100.24782469002527,205.7029490831751,23.36763846029842,47.949091755914075,4.233692361747587,0.23309870845131184,0.03100071640624691,-0.018901336784260536,4.21949952463642,-0.6163847767309308,0.11987165055446518,0.6279326441524531,3.7458244054207777
973,8.05691190000016,100.24422050050924,205.6974963039969,23.36679832837722,47.94782072013017,4.235855903990142,0.23309870845131184,0.030160584485049213,-0.017630301000352233,4.233017336567908,-0.5962162752112149,0.22227972357561843,0.6363034828912918,3.7937410785776438
974,8.071560900000122,100.18546384705114,205.69318053351876,23.353102228343214,47.94681471960574,4.236288612438654,0.23309870845131184,0.016464484451041983,-0.016624300475925224,4.235720898954207,-0.13949513702109737,0.2177381536563997,0.2585900168417811,2.2459859355812326
975,8.073904100000163,100.1887876841749,205.68837081697345,23.353877010483867,47.94569358089101,4.236375154128356,0.23309870845131184,0.017239266591694502,-0.015503161761195372,4.236261611431466,-0.11952416382585676,0.18579355277628612,0.22091914808704308,4.092825346314369
976,8.086834300000191,100.19928890102419,205.68966319984884,23.356324830568603,47.94599483367009,4.236392462466297,0.23309870845131184,0.01968708667643071,-0.015804414540276923,4.389654666036293,-0.13325127096932432,0.17322738685413958,0.21854891619784808,
977,8.089147800000092,100.20137633292207,205.69154269205205,23.356811408247978,47.946432940875205,4.236395924133885,0.23309870845131184,0.0201736643558057,-0.016242521745390093,4.573618189066634,0.04537069548924135,0.9001074053780056,0.9012501546327206,
978,8.102815000000192,100.17431220762016,205.6603696512845,23.35050279559474,47.939166545333784,5.002821177014278,0.23309870845131184,0.013865051702566689,-0.008976126203968704,4.610410893672704,-0.010034564092107165,0.8214396362594324,0.8215009242201419,
979,8.104869500000177,100.17394342360915,205.6277312678016,23.350416832518075,47.93155858029799,5.156106227590357,0.23309870845131184,0.013779088625902602,-0.0013681611681732875,4.771054346703293,-0.5391135914224209,1.3500563018113256,1.453717813922927,
980,8.119566500000019,100.17732450946674,205.62236403032932,23.351204959264646,47.930307484175245,4.420338677158696,0.23309870845131184,0.014567215372473186,-0.00011706504542985385,4.80318303730941,-0.5282922457354303,1.3622864820504812,1.4611355707399845,
981,8.121800800000074,100.153782421312,205.59725284229913,23.345717328921527,47.92445409867773,5.03960972761924,0.23309870845131184,0.009079585029354575,0.005736320452086829,4.740682994180635,-0.7171126056600827,1.3295604483809904,1.510622876529961,-12.551573110323783
982,8.135770100000173,100.16962922959559,205.60493683728376,23.349411199465507,47.926245227984396,4.397039377164473,0.23309870845131184,0.012773455573334758,0.003945191145419358,4.574898073445503,-0.7817061813819474,0.5509064913070414,0.956327619686361,-16.43635826526468
983,8.139272000000119,100.14851120449362,205.59940773227015,23.344488615089194,47.92495640074683,4.690320961370395,0.23309870845131184,0.007850871197021547,0.005234018382985539,4.541741089298477,-0.7770177693030037,0.5085039919916902,0.9286188258290378,-11.371761683594384
984,8.151785800000198,100.12892658347204,205.609618321007,23.339923465223556,47.927336475793915,4.327181623914704,0.23309870845131184,0.0032857213313839395,0.0028539433359000554,4.381824780359695,0.28910891255891485,-0.3521994345960335,0.455662600013172,-8.091015105605225
985,8.167575600000191,100.13414700536508,205.61821344865996,23.341140338824395,47.9293399889488,4.254553756423566,0.23309870845131184,0.004502594932223047,0.000850430181017714,4.349841518571941,0.282221789506278,-0.3542545522692804,0.4529298248908259,
986,8.169661800000085,100.15987380273287,205.63328261021186,23.347137222063417,47.93285259104399,4.240028182925339,0.23309870845131184,0.010499478171244192,-0.002662171914174394,4.259085735355013,0.6871530258668029,-0.5960449890925527,0.909642187885019,
987,8.182936600000176,100.1729716855465,205.6411697736467,23.35019032163072,47.934691078654,4.237123068225693,0.23309870845131184,0.013552577738547456,-0.004500659524182993,4.240934578711629,0.8308780425037118,-0.5980199896378864,1.0237119856294044,
988,8.186201800000163,100.18164204553213,205.65294915117533,23.352211371345177,47.93743683634228,4.236542045285764,0.23309870845131184,0.015573627453004946,-0.007246417212463996,4.237304347382952,0.987529443392865,-0.8071254174889859,1.275408107675575,-0.8428442711238772
989,8.200899400000026,100.20395123709105,205.66556425312586,23.357411615084153,47.94037740031393,4.236425840697778,0.23309870845131184,0.02077387119198093,-0.010186981184112653,4.236578301117218,0.4256004924342339,-0.5040745440653709,0.6597173069845704,-0.4106861129135075
990,8.202948500000048,100.21151408490752,205.67587058598656,23.359174505142388,47.94277979319263,4.236402599780181,0.23309870845131184,0.02253676125021542,-0.012589374062812908,4.23643309186407,0.07570168966073731,-0.5595756005997694,0.564673001483233,-0.0409051730109743
991,8.214794300000221,100.21481242015267,205.68443242921148,23.35994334282807,47.944775547790314,4.236397951596661,0.23309870845131184,0.023305598935898786,-0.014585128660499436,4.23640405001344,-0.0541395385658066,-0.41092776358300837,0.4144788493028942,-2.6538999195017143
992,8.217853300000115,100.19487169939852,205.6898916766388,23.35529518657469,47.94604809131474,4.236397021959958,0.23309870845131184,0.018657442682517456,-0.015857672184928617,4.212273485783939,-0.0980775444327785,-0.4432325031610643,0.4539540247430201,-2.752167369508857
993,8.23105140000007,100.19315952946388,205.6954221379097,23.354896081974278,47.947337234694125,4.2363968360326165,0.23309870845131184,0.01825833808210575,-0.017146815564309748,4.207447372938037,-0.260274161668036,-0.22082415792356314,0.3413296763462704,-2.8982839111265997
994,8.233241100000214,100.19441949052026,205.69881891338366,23.355189777269217,47.94812901867001,4.115773019550273,0.23309870845131184,0.018552033377044808,-0.01793859954019439,4.206482150368855,-0.19734726960076554,-0.11351629891665917,0.22766619190958845,-0.2735174929974319
995,8.246947800000044,100.19732084553046,205.70236891291623,23.355866079374852,47.948956518976054,4.21227203555068,0.23309870845131184,0.01922833548267988,-0.018766099846239115,4.206289105855021,0.11523878156697191,-0.035075340727177426,0.12045852524486532,-0.15782735903092232
996,8.249023900000111,100.20070121357988,205.6990907633853,23.356654038801263,47.94819238655428,4.231571838750761,0.23309870845131184,0.02001629490909096,-0.01800196742446758,4.206250496952254,0.18083954262228097,0.07988190005898547,0.19769688447942096,0.5609971715575023
997,8.263080800000125,100.20332013982075,205.70052571208657,23.35726450712554,47.948526871243246,4.235431799390778,0.23309870845131184,0.02062676323336632,-0.018336452113430823,4.230367531031076,0.16134556995282695,0.16946858806859627,0.2339914427609825,
998,8.265080500000067,100.20587459061925,205.6964326975529,23.35785994630747,47.94757279484177,4.236203791518781,0.23309870845131184,0.021222202415298597,-0.017382375711953557,4.167618916362468,-0.14607410252197378,0.385931578416189,0.4126509743674564,
999,8.278966000000082,100.20805815571146,205.69128957087258,23.358368932510285,47.946373938655185,4.236358189944381,0.23309870845131184,0.021731188618112185,-0.016183519525370116,4.155069193428745,-0.22306627497499001,0.32642170117254926,0.3953602028879474,
1000,8.280958600000076,100.19534034459193,205.68255368544277,23.355404427163997,47.94433761504432,3.8985289622076262,0.23309870845131184,0.01876668327182429,-0.01414719591450364,4.152559248842,-0.20333364045162972,0.2950298127820737,0.3583115401009826,-0.7312004327693272
1001,8.29759850000005,100.19495325021049,205.6775201352279,23.355314195963633,47.943164300990304,4.168823224082151,0.23309870845131184,0.018676452071460403,-0.0129738818604892,4.152057259924651,-0.3213102419224544,0.21529109653247605,0.3867693470408715,-0.44047867276228836
1002,8.300772100000131,100.19688780290906,205.67998107750816,23.355765137699102,47.94373794345741,4.222882076457055,0.23309870845131184,0.019127393806929405,-0.013547524327591987,4.151956862141179,-0.31232259943223983,0.2706568938891573,0.41328024429657645,2.191381051939437
1003,8.310951800000112,100.18413062687472,205.67655654867391,23.35279145644201,47.942939690209094,4.233693846932036,0.23309870845131184,0.016153712549836996,-0.012749271079279367,4.219508804068858,-0.0007223455457899611,0.09646438208143393,0.09646708658107382,4.377022871494258
1004,8.313021800000115,100.18485521226067,205.6733314894634,23.352960356359638,47.94218793307245,4.235856201027032,0.23309870845131184,0.016322612467465802,-0.011997513942631599,4.233019192454394,0.08569267129255462,0.012488983536573517,0.08659797124084731,4.452222733050471
1005,8.32695260000014,100.18905323482787,205.66430836675062,23.353938909998103,47.940084654821895,4.236288671846031,0.23309870845131184,0.017301166105930577,-0.009894235692080144,4.235721270131501,0.06824079184640684,0.030074697698950586,0.07457407802653607,2.3289700947657406
1006,8.328982800000176,100.19276921385833,205.6673512005744,23.354805099910735,47.94079393545625,4.236375166009831,0.23309870845131184,0.01816735601856223,-0.010603516326433748,4.236261685666924,0.5350955587735194,-0.13682019707234208,0.552310622155739,0.15597191704995936
1007,8.342905400000063,100.19604424743432,205.6728955394014,23.355568506007433,47.94208631367604,4.2363924648425915,0.23309870845131184,0.01893076211526079,-0.011895894546228192,4.236369768774008,0.4625661035019042,-0.2009984167786452,0.5043488511501303,0.09476033390411354
1008,8.344998100000112,100.21437818832342,205.6796832354363,23.359842123949505,47.94366851685514,4.236395924609144,0.23309870845131184,0.02320438005733294,-0.01347809772532571,4.236391385395427,0.42448797355524853,-0.024316600788723525,0.4251838858270143,0.006133900228132436
1009,8.358988400000044,100.19750972347245,205.67714584548017,23.355910106579188,47.943077054533525,4.236396616562454,0.23309870845131184,0.019272362687015487,-0.012886635403710045,4.23639570871971,0.39250920979300985,0.052117261533451656,0.39595414977252,0.003688842278020841
1010,8.361008800000036,100.19646834273334,205.668180199163,23.355667362073895,47.940987173956565,4.236396754953116,0.23309870845131184,0.01902961818172244,-0.010796754826749577,4.236396573384568,0.39428398487601174,0.05581982805770166,0.3982156625926439,0.0002494168554941489
1011,8.376366400000052,100.214043614614,205.6660188962263,23.359764135249957,47.940483377033445,4.236396782631249,0.23309870845131184,0.023126391357784826,-0.01029295790362994,4.236396746317539,0.016998504419566962,0.3567067071207776,0.35711150087535726,0.00014719485420398287
1012,8.391040500000145,100.21805405550897,205.6706970763515,23.360698963842896,47.94157385477853,4.236396788166875,0.23309870845131184,0.024061219950723967,-0.011383435648717466,4.236396780904133,0.0717519076903989,0.334890839093403,0.34249118290241437,5.664504250400311e-06
1013,8.393089400000008,100.21942287667021,205.66411897123632,23.36101803428768,47.940040506972124,4.236396789274,0.23309870845131184,0.024380290395509263,-0.009850087842309563,4.2363967878214535,0.07616943137727666,0.004430015612158028,0.07629814751788946,-0.5765219071288071
1014,8.407037800000126,100.21898688371833,205.66811638221338,23.360916404893704,47.94097229830803,4.2363967894954255,0.23309870845131184,0.024278661001531532,-0.010781879178217935,4.212272033345543,0.034065815937830105,-0.039945812076480625,0.05249902587629246,-1.2843463725478461
1015,8.409310000000005,100.2180310226874,205.67413969125647,23.360693594921933,47.942376323866576,4.23639678953971,0.23309870845131184,0.024055851029761044,-0.012185904736760733,4.207447082450359,0.007979021506965112,-0.15414667059939696,0.1543530396237392,-1.3080080907158986
1016,8.422904900000049,100.2213111156572,205.68516700289223,23.361458180356795,47.944946775966564,4.115773010251692,0.23309870845131184,0.02482043646462273,-0.014756356836748807,4.20648209227132,-0.028284304902186388,-0.31747227627705754,0.3187297414869472,-0.7616505853183583
1017,8.425037500000144,100.22070062742505,205.69107095604534,23.361315876338356,47.94632297982131,4.212272033690963,0.23309870845131184,0.024678132446183554,-0.016132560691495712,4.206289094235514,-0.05437977346324826,-0.23545850222258338,0.2416565042179012,-0.05474909243532976
1018,8.438989700000093,100.21916899230548,205.6951561972633,23.360958854170168,47.94727524427292,4.231571838378818,0.23309870845131184,0.024321110277995217,-0.017084825143108162,4.206250494628351,-0.007208910535832176,-0.09897958103533841,0.09924175458467446,7.992472025297768
1019,8.441070500000023,100.21793922073262,205.69209196679628,23.360672196004842,47.94656097610867,4.235431799316389,0.23309870845131184,0.024034452112669413,-0.016370556978856143,4.256336768847544,-0.14407101890375956,-0.12144681307482963,0.18842979301055354,8.264331300112175
1020,8.454885900000136,100.22610612781499,205.68827033666977,23.362575891497784,47.945670159062,4.236203791503903,0.23309870845131184,0.025938147605611306,-0.015479739932182213,4.266354023691385,-0.140604513301709,-0.0019294182248534453,0.14061775071269225,12.776904791249201
1021,8.456952600000022,100.22053753354066,205.69094270623776,23.36127785936455,47.94629308495681,4.366204381347655,0.23309870845131184,0.024640115472376323,-0.016102665826991824,4.294326712941404,-0.3002911911711833,-0.06563906046728116,0.3073813360535014,4.8860801285967055
1022,8.471001900000147,100.21756037825821,205.69381950834656,23.360583888313354,47.94696366381284,4.262358307910157,0.23309870845131184,0.02394614442118126,-0.01677324468302288,4.299921250791408,-0.28486292159331317,-0.19422409021383302,0.34477511702277647,
1023,8.473083600000109,100.210201404379,205.6972738468132,23.35886852100658,47.947768865647966,4.371435284628907,0.23309870845131184,0.022230777114408795,-0.01757844651815077,4.4543250704707855,-0.9807159938621524,0.48495186801038737,1.0940668055031162,
1024,8.486868200000117,100.20661643691018,205.71499457864667,23.358032869719757,47.951899545351154,4.263404488566406,0.23309870845131184,0.02139512582758485,-0.021709126221338693,4.459236596125411,-0.8676167409086994,0.5591391136084876,1.0321799055745653,
1025,8.4888555,100.1781284897207,205.68549302942728,23.351392366023465,47.9450227723308,5.008222889900782,0.23309870845131184,0.014754622131292194,-0.014832353200986859,4.460218901256335,-0.8064802167109127,0.5289932922470332,0.9644917019800823,0.28812684034396113
1026,8.503108400000201,100.17430240136085,205.681241879183,23.35050050976836,47.94403183469943,4.390762009620782,0.23309870845131184,0.013862765876186955,-0.013841415569615378,4.460415362282521,-0.6464726338502002,0.5933503451786449,0.877491594512923,
1027,8.505220500000178,100.17662461157067,205.68304011457116,23.351041813969022,47.9444510010459,4.267269833564781,0.23309870845131184,0.014404070076849962,-0.014260581916083481,4.613739566597131,-1.1936545887348373,0.9779599968278692,1.543119254174252,
1028,8.519264600000042,100.17517955987509,205.68695723323265,23.350704974285136,47.94536407634674,4.372417589759832,0.23309870845131184,0.014067230392964092,-0.015173657216926983,4.7269910773819275,-0.6097312755860804,0.11698346853220118,0.6208521243723446,
1029,8.521378500000083,100.14981867842093,205.6722352189527,23.344793385572984,47.94193239383228,5.030025510139467,0.23309870845131184,0.008155641680811954,-0.011741974702466962,4.942270774070135,-0.7060921136039433,-2.5963983847412404,2.690697055630865,
1030,8.535635000000184,100.1240177799568,205.7238868992206,23.338779229464112,47.95397233379207,5.574480443824769,0.23309870845131184,0.0021414855719399384,-0.02378191466225843,5.321934379423403,-0.7846531404627196,-3.0909820127506356,3.189020281212708,
1031,8.537691300000006,100.11921550455952,205.84295521479538,23.33765982527138,47.98172700437003,5.467160493061829,0.23309870845131184,0.0010220813792081174,-0.051536585240214094,5.708505528228432,-0.9336502136533005,-5.961820000661955,6.034484273054971,
1032,8.551533800000016,100.11110842631078,206.0015942114137,23.335770075802284,48.01870554959177,6.165587860331117,0.23309870845131184,-0.0008676680898886957,-0.08851513046195691,5.969142511895688,-0.4003210738818782,-6.796222038453572,6.808001979887782,
1033,8.554113400000006,100.10259857874567,206.16116515441593,23.33378644132574,48.05590133031195,6.3052733337849745,0.23309870845131184,-0.0028513025664338443,-0.12571091118213218,6.122005992613516,-0.43373994241253766,-9.129450037681194,9.139747716877155,
1034,8.567050300000119,100.09538994009657,206.30261276077195,23.33210611696694,48.088872584667065,6.333210428475746,0.23309870845131184,-0.004531626925231791,-0.15868216553725034,6.422128249303958,-0.32880976143718355,-6.731808658970092,6.739834098863345,
1035,8.5692832000002,100.08974828763644,206.42245494800548,23.330791055064953,48.11680764372918,6.3387978474139,0.23309870845131184,-0.005846688827219282,-0.1866172245993667,6.482152700642043,-0.33283229097750927,-7.61999238939593,7.627257786935566,16.977463138153826
1036,8.583379700000023,100.08855531226556,206.51372149456972,23.330512974046787,48.13808175785812,6.96777177651403,0.23309870845131184,-0.006124769845385458,-0.20789133872830234,6.494157590909661,-0.18602926305116535,-4.951757791026877,4.955250963140689,9.596324029944405
1037,8.585654400000067,100.08702682855467,206.58312702891587,23.33015668646789,48.154260098273575,6.4657101170215565,0.23309870845131184,-0.006481057424281289,-0.22406967914375997,6.496558568963186,-0.20534440594647807,-5.494971090093191,5.498806561974468,2.6502106111057424
1038,8.599039500000117,100.08501964659179,206.64503026186765,23.329688814944717,48.1686896619236,6.365297785123062,0.23309870845131184,-0.006948928947455357,-0.23849924279378598,6.577451362230139,0.01740192292733997,-3.236684690887969,3.236731470967296,4.453515510070423
1039,8.601623300000028,100.08250941299072,206.70338708206847,23.329103682734395,48.18229256134174,6.345215318743363,0.23309870845131184,-0.0075340611577772165,-0.25210214221192473,6.593629920883529,0.051745764208995404,-3.148623829110259,3.14904900586741,7.312468939349676
1040,8.614995600000157,100.11261496311096,206.77333135914017,23.33612124758464,48.19859648199071,6.743261813748673,0.23309870845131184,-0.000516496307533032,-0.2684060628608975,6.722436921676708,1.3444250041149808,-5.122030564604744,5.295533561071515,
1041,8.631127800000058,100.1231339806459,206.84730546551748,23.338573216986212,48.2158397506461,7.048664569780985,0.23309870845131184,0.0019354730940399634,-0.28564933151628225,7.247738116757219,1.429040127392204,-5.57354823395163,5.753833122526449,
1042,8.633231800000203,100.18006022855991,207.0005646171118,23.351842651851946,48.25156426094108,7.109745120987447,0.23309870845131184,0.015204907959773806,-0.3213738418112655,7.852338150695195,1.4490140147502004,-10.5478110080545,10.646875535882732,
1043,8.646964800000205,100.20292635779916,207.19708253001036,23.357172717044897,48.29737233262528,8.991803760525615,0.23309870845131184,0.020534973152724234,-0.3671819134954646,8.688004251232792,1.3529859005026519,-11.323431198120115,11.403975839395615,
1044,8.64899790000004,100.20182221139802,207.45993042254165,23.356915341944852,48.358641836893476,9.368215488433249,0.23309870845131184,0.02027759805267948,-0.4284514177636609,9.524723652980937,0.9594850718330761,-19.17675501312614,19.200743330312218,
1045,8.662883500000135,100.20448158434365,207.7635765082233,23.357535238343768,48.42942134729216,10.92159231643665,0.23309870845131184,0.020897494451595833,-0.4992309281623477,10.67054775793994,-0.38189905611562114,-17.28743732239741,17.29165509906096,
1046,8.665030800000068,100.1877571300947,208.13514614121598,23.353636789658783,48.51603374884249,11.232261578521705,0.23309870845131184,0.016999045766610266,-0.5858433297126737,11.631541192212993,-1.5538133567873162,-28.441080211461383,28.483493106403067,
1047,8.678999300000214,100.16377773772388,208.58654761318485,23.348047224267695,48.62125484895145,12.838865645782466,0.23309870845131184,0.011409480375522918,-0.6910644298216368,12.861032359536349,-1.6862753803073693,-24.337348260113828,24.395697263908986,
1048,8.681008900000052,100.11660704734601,209.09609597922395,23.33705179726386,48.74002991496864,13.796770931890869,0.23309870845131184,0.0004140533716885386,-0.8098394958388226,13.91966740940727,-3.4708902033900655,-37.50507047171156,37.665334060539536,
1049,8.694935100000066,100.06947501928279,209.6706724017884,23.326065382395633,48.87396293697499,15.515671325050048,0.23309870845131184,-0.010572361496539173,-0.9437725178451757,15.125896372506457,-3.528187299621117,-31.684893989492092,31.880724783896614,
1050,8.697008000000096,99.99052091546523,210.30149149522248,23.307661282768827,49.0210060529209,16.21476756579126,0.23309870845131184,-0.028976461123345842,-1.0908156337910881,16.19825178426692,-6.708671491574587,-44.44232678502226,44.945819419035764,
1051,8.710774700000002,99.86637794004795,210.9650022378193,23.278723715535758,49.175669550063795,17.26340639401763,0.23309870845131184,-0.05791402835641435,-1.2454791309339797,17.455890591228385,-6.171294710209025,-34.746794751429036,35.29057415087193,
1052,8.712902300000223,99.7175767695579,211.61597208655445,23.24403835487848,49.3274097810447,18.200642704584777,0.23309870845131184,-0.09259938901369225,-1.3972193619148854,18.445122210042555,-9.219577415951115,-46.03015326724635,46.94438856279742,
1053,8.727914200000214,99.53824657886409,212.30031336465618,23.20223671904143,49.48692884911013,20.084964966698205,0.23309870845131184,-0.13440102485074235,-1.5567384299803138,19.508866971305387,-8.016024133125772,-34.44319390371496,35.36368545827432,
1054,8.730315000000019,99.37314234845138,212.98043188730662,23.16375113617238,49.64546359833376,20.461829419120892,0.23309870845131184,-0.1728866077197928,-1.7152731792039475,,-12.1159765096233,-46.691658049677464,48.23803290153687,
1055,8.74276800000007,99.22031500605816,213.675001465479,23.12812728004447,49.80736686993532,21.53349137210543,0.23309870845131184,-0.208510463847702,-1.877176450805507,,-9.712210521378244,-34.70952601315512,36.042727827808235,
1056,8.744889000000057,99.01465821928798,214.33447988907483,23.080188948664095,49.96109043872701,23.47669339160859,0.23309870845131184,-0.25644879522807784,-2.0309000195971976,,-14.699413584840567,-48.03574403381932,50.23450472156368,
1057,8.758756900000208,98.75980240272239,215.01325788120425,23.020782386981352,50.11931271201756,25.94738030429828,0.23309870845131184,-0.31585535691082,-2.1891222928877454,,-12.344252733063499,-37.04675352045107,39.04923202756745,
1058,8.760862300000099,98.50942386728215,215.711062883387,22.9624194737463,50.28197015677722,26.44151768683622,0.23309870845131184,-0.37421827014587095,-2.351779737647405,,-18.444525300361168,-48.28351587444424,51.68654001530159,
1059,8.774886600000173,98.25345269228441,216.37823950624716,22.902752923453566,50.43748816587483,28.53198639869537,0.23309870845131184,-0.43388482043860677,-2.5072977467450173,,-14.937510431281783,-35.902816601124975,38.88626309866592,
1060,8.777010300000029,97.9495001817381,217.0085651561028,22.831901985814685,50.584416260759916,30.477402528762514,0.23309870845131184,-0.5047357580774872,-2.654225841630101,,-20.692707404202814,-46.817062761956805,51.18618471201924,
1061,8.79086640000014,97.64832093776852,217.63708239009992,22.761697493033033,50.73092281624403,31.69978653602594,0.23309870845131184,-0.5749402508591395,-2.800732397114217,,-16.136916333734373,-33.31717755048408,37.019378556270006,
1062,8.792969100000164,97.35010094061889,218.2322686444,22.6921827968631,50.869659963409354,33.292011140213,0.23309870845131184,-0.6444549470290717,-2.9394695442795395,,-22.063060438708412,-43.78597534650395,49.03050349493417,
1063,8.807037000000037,97.05186544511565,218.8211706462074,22.622664488046958,51.006932259435054,35.088544439956664,0.23309870845131184,-0.7139732558452145,-3.076741840305239,,-16.45950369613096,-31.663127492260312,35.685696077197086,
1064,8.809057000000166,96.75822087788048,219.37087341106357,22.554216318680695,51.13506726395514,37.0725825452179,0.23309870845131184,-0.7824214252114778,-3.2048768448253284,,-23.468937908361855,-39.907694292776455,46.29703133368539,
1065,8.82300750000013,96.43837838536368,219.88381408640848,22.47966144676718,51.254633072890186,38.34236379908265,0.23309870845131184,-0.8569762971249908,-3.3244426537603715,,-18.06935461324354,-28.32894809462635,33.601054690101314,
1066,8.825107300000127,96.077024711087,220.3504052733111,22.395430371999154,51.36339487593195,40.47574204692591,0.23309870845131184,-0.9412073718930181,-3.4332044568021374,,-18.101079508064387,-27.671494017119425,33.066004604377966,
1067,8.83886990000019,95.71912342630691,220.82786239620864,22.312004044763846,51.474689514620245,42.26265939571331,0.23309870845131184,-1.0246336991283265,-3.54449909549043,,-19.48821245516154,-24.415848066251513,31.23978331377782,
1068,8.854696100000183,95.37284268519001,221.26718059539004,22.231286451247936,51.57709401944859,44.45253187914266,0.23309870845131184,-1.1053512926442366,-3.6469036003187725,,-19.755646253549923,-24.10704366650181,31.167853843888995,
1069,8.856838900000184,94.99758956228871,221.70066050529283,22.14381543295732,51.67813762658652,44.89050637582854,0.23309870845131184,-1.1928223109348508,-3.747947207456704,,-21.124495700498713,-22.390137029301926,30.782504037054977,
1070,8.870876600000202,94.59522067853604,222.12382311582516,22.050023765833576,51.77677628456649,46.81059028883758,0.23309870845131184,-1.2866139780585968,-3.8465858654366727,,-21.24482502963643,-22.263766479768314,30.773655753022286,
1071,8.873014000000012,94.164638070635,222.52005337417114,21.949655516050246,51.869137046036265,47.90598097280658,0.23309870845131184,-1.3869822278419264,-3.93894662690645,,-29.366562285828707,-29.536337955888534,41.650813201328,
1072,8.886855600000217,93.76895607222417,222.96273123905058,21.85742255326325,51.97232468459965,49.100159817608194,0.23309870845131184,-1.4792151906289241,-4.042134265469834,,-22.528141174255364,-21.224401448935964,30.95145168861672,
1073,8.888990100000001,93.35039636668886,223.35495969574896,21.759856826493206,52.06375263127389,50.892184673482575,0.23309870845131184,-1.5767809173989669,-4.133562212144078,,-29.805231291742103,-27.38796621403766,40.47780262928697,
1074,8.903627800000095,92.93413382067612,223.70632033775559,21.662826564640984,52.14565434312626,52.123563277469955,0.23309870845131184,-1.6738111792511887,-4.215463923996445,,-21.71592574147303,-19.829969405465036,29.40763705962875,
1075,8.905802200000153,92.53239591244443,224.05934299337446,21.569181977096243,52.22794346820507,52.92879285568931,0.23309870845131184,-1.7674557667959299,-4.297753049075254,,-28.708633186145093,-24.77520109979261,37.92092046551344,
1076,8.91960180000001,92.14690627486404,224.38031426396861,21.47932484045489,52.302761456830545,53.98264882992693,0.23309870845131184,-1.8573129034372826,-4.37257103770073,,-20.857140251188458,-17.22689963328043,27.051550240843188,
1077,8.921765300000061,91.76054630138202,224.6790019058359,21.389264829638947,52.372385160380176,55.84447593297757,0.23309870845131184,-1.9473729142532257,-4.442194741250361,,-28.786908852222638,-22.383716253428425,36.465283141368445,
1078,8.935053200000084,91.39277710879277,224.96926906166405,21.303538305838213,52.440046059509555,57.56458915632208,0.23309870845131184,-2.0330994380539593,-4.50985564037974,,-21.569822123135587,-15.6834824224044,26.668874129171204,
1079,8.937107500000138,90.98493210068452,225.24581534280858,21.208470161199863,52.50450864047136,58.741912582240985,0.23309870845131184,-2.12816758269231,-4.574318221341542,,-32.04733028879548,-21.11052804611692,38.375588243374686,
1080,8.951458600000024,90.55510906276879,225.51322080347558,21.10827896619909,52.56684050798567,60.1676711517021,0.23309870845131184,-2.2283587776930815,-4.636650088855852,,-25.10265393389034,-15.40585730818585,29.453075797356778,
1081,8.953095900000108,90.14139796271368,225.74190307074196,21.011843443104272,52.62014604913117,62.78149260436386,0.23309870845131184,-2.3247943007879,-4.689955630001357,,-39.774788811466195,-22.821562384852626,45.856924609948024,
1082,8.96775700000012,89.70718443635712,225.97195953233393,20.91062883091847,52.67377191319914,64.27935760290403,0.23309870845131184,-2.4260089129737032,-4.743581494069325,,-31.88980510025938,-17.1859281791225,36.22589952934897,
1083,8.969028900000012,89.27169051826897,226.2020619961206,20.809115761073716,52.72740850031928,65.30070947224097,0.23309870845131184,-2.527521982818456,-4.797218081189463,,-46.01857163261517,-22.58797464628775,51.263296165263036,
1084,8.98416340000017,88.8267612831317,226.40990575781922,20.70540333101099,52.77585661273089,66.8593606444482,0.23309870845131184,-2.631234412881181,-4.845666193601076,,-35.759023493726225,-16.540064398450383,39.39900368701917,
1085,8.98552380000001,88.37372828465011,226.59289010522627,20.599801924179108,52.81851002777828,68.27537554685838,0.23309870845131184,-2.7368358197130647,-4.888319608648466,,-43.08946122513006,-18.32742195640227,46.82516486078829,
1086,8.998950700000023,87.93587553734905,226.7263780438847,20.49773901429137,52.84962589387339,69.93201755321934,0.23309870845131184,-2.8388987296008033,-4.9194354747435725,,-28.292282244291368,-10.120042285591051,30.047770141106902,
1087,9.001142500000014,87.52632537542613,226.84480251878367,20.402273400501112,52.87723048602136,70.7116095042962,0.23309870845131184,-2.93436434339106,-4.947040066891546,,-34.94109197054826,-11.751262869710615,36.86423859416266,
1088,9.016735700000027,87.13657668992587,226.920631324276,20.311423485290405,52.89490608264503,71.3943620009569,0.23309870845131184,-3.0252142586017676,-4.964715663515214,71.34538100854121,-20.635931981794123,-5.852221481738832,21.449712935807764,
1089,9.018838000000187,86.77494693737404,227.02306173121548,20.227128057033006,52.91878247820877,71.97591524687107,0.23309870845131184,-3.109509686859166,-4.988592059078954,72.11623394706957,-25.02618588606031,-6.815559814328198,25.93765285422584,
1090,9.031849800000145,86.43446892733667,227.1267981476476,20.147763072637222,52.94296330289846,72.71300073736249,0.23309870845131184,-3.1888746712549505,-5.012772883768648,72.91440493150375,-17.550999240148574,-4.658620716797846,18.158753297257878,
1091,9.034532000000127,86.09441511391424,227.20888841020292,20.06849696792451,52.962098437076534,73.78628224586117,0.23309870845131184,-3.2681407759676624,-5.031908017946719,73.6842912035859,-22.40912303865003,-6.233264531378061,23.259887834628337,
1092,9.046953700000131,85.76509318887895,227.3053310808222,19.991732452534084,52.98457909903749,74.70246442646716,0.23309870845131184,-3.3449052913580886,-5.0543886799076745,74.45306093847108,-15.126241179896923,-4.216439691397262,15.702914885574579,
1093,9.049227700000074,85.47128733530568,227.39319678387744,19.92324668753072,53.00506048093683,75.24379336136765,0.23309870845131184,-3.4133910563614513,-5.074870061807012,75.09745239765516,-14.274087697046607,-4.026961622109718,14.831250772909272,
1094,9.062879400000156,85.25562586519848,227.46776025553967,19.872976277386023,53.02244112987894,75.81976392129697,0.23309870845131184,-3.4636614665061494,-5.092250710749127,75.53179531961892,-9.505271478647687,-3.270879906343662,10.052305270161463,
1095,9.081458800000064,85.10907057457598,227.5403714603693,19.83881442842521,53.03936670794382,75.93495803328284,0.23309870845131184,-3.497823315466963,-5.109176288814005,75.7838233583574,-8.508099203841487,-3.0795989953921636,9.0482971897937,
1096,9.08523880000007,85.01649875326314,227.5947562562056,19.8172360564382,53.052043733612656,75.95799685568001,0.23309870845131184,-3.5194016874539713,-5.121853314482841,75.92776992069493,-2.793137662449897,-1.6744912828101521,3.2566146621304863,
1097,9.094810500000222,84.9674692622904,227.62979868319204,19.80580734541643,53.060212078084184,75.96260462015944,0.23309870845131184,-3.530830398475743,-5.1300216589543695,76.02203912207844,-2.0486539672255315,-1.447000966808632,2.508145704574203,
1098,9.096945300000016,84.95334650258431,227.64794344521206,19.802515348369173,53.06444159867621,75.96352617305533,0.23309870845131184,-3.5341223955229992,-5.134251179546396,76.11542238130046,-1.4151355630420155,-1.2652642126605675,1.8982892797531699,
1099,9.110694000000194,84.95570951993318,227.65594719553152,19.803066164661242,53.066307262538444,76.29110992821458,0.23309870845131184,-3.53357157923093,-5.1361168434086295,76.13409903314488,-0.11330329670936326,-0.5460239687722316,0.5576556388300838,
1100,9.112831100000221,84.96789313926064,227.65596830523054,19.805906150590737,53.06631218318202,76.40187432939292,0.23309870845131184,-3.530731593301436,-5.136121764052206,76.20331425242978,0.9959275680472276,-0.0495921526053667,0.9971615227216196,
1101,9.126786100000118,85.01582277211985,227.64145103016506,19.817078486106762,53.06292822511403,76.05138011490203,0.23309870845131184,-3.51955925778541,-5.132737805984213,76.30363892470471,1.465468704298864,0.41225140648262015,1.522350073217816,
1102,9.129077600000073,85.05860695340594,227.62543920407447,19.8270514235067,53.05919588913236,76.30868071658392,0.23309870845131184,-3.5095863203854734,-5.1290054700025465,76.3237038591597,2.3744920129863565,0.8607640025204693,2.525693367725199,3.6037897975580155
1103,9.14281270000015,85.10607858771672,227.6061126086358,19.838117000152614,53.05469088469685,76.46514953443007,0.23309870845131184,-3.498520743739558,-5.1245004655670385,76.25318742710539,2.2981552482468435,0.9478655553151958,2.4859538724597234,-0.8246229776722793
1104,9.14512620000005,85.15158640413134,227.58520201080154,19.8487248133833,53.049816651348735,76.39143460048953,0.23309870845131184,-3.487912930508873,-5.11962623221892,76.23908414069453,3.310563800467873,1.4387600372512819,3.609690169773522,-3.811908252201415
1105,9.158844600000066,85.20733210213146,227.5597068747707,19.861719063588843,53.04387376806816,76.04929216912134,0.23309870845131184,-3.474918680303329,-5.113683348938345,76.23626348341236,2.610787931786734,1.1950033163339446,2.871279601643208,
1106,9.161166000000094,85.26571737917055,227.53284816644657,19.87532859625923,53.03761303784713,75.98086368284771,0.23309870845131184,-3.4613091476329423,-5.107422618717315,76.14921772353796,3.5966078292218526,1.665888279509832,3.9636815761395563,
1107,9.174788900000067,85.3155843893483,227.50888724302766,19.886952531925992,53.03202777754488,76.29457743017306,0.23309870845131184,-3.4496852119661803,-5.101837358415068,76.14085810159236,2.8352466223663413,1.3185048362624927,3.1268320090608213,
1108,9.17701000000011,85.37022834221013,227.48332761520027,19.899689966762757,53.02606986130982,76.02992073505806,0.23309870845131184,-3.436947777129415,-5.095879442180006,76.13918617720324,3.723580593387995,1.7367862284373214,4.108707684752619,1.994226291056607
1109,9.19097980000015,85.41687692503007,227.46115630565555,19.91056369116917,53.020901757690275,76.34963649076161,0.23309870845131184,-3.4260740527230027,-5.09071133856046,76.24185121249143,2.671990823488887,1.256079957508016,2.9525026368256064,-4.9359908796727545
1110,9.193079700000226,85.46542337859638,227.43841300829865,19.92187980679537,53.01560032445046,76.04093254717576,0.23309870845131184,-3.4147579370968018,-5.085409905320645,76.19690433063306,3.3157838979666328,1.557921412154412,3.663542272782449,-4.897335905494418
1111,9.207196600000088,85.50204462638737,227.42064222302193,19.930416172357326,53.01145797735429,76.49418885928867,0.23309870845131184,-3.4062215715348465,-5.081267558224475,76.18791495426137,2.2958467425899562,1.0810492324770633,2.5376326977126062,
1112,9.209479200000033,85.54192160276384,227.40184863558946,19.93971144404762,53.00707721639661,76.06984302088117,0.23309870845131184,-3.3969262998445515,-5.076886797266795,76.11158766004174,2.823898499065095,1.3280195835783053,3.120583078110498,
1113,9.223043400000051,85.57887601531499,227.3845045172958,19.94832546988487,53.00303432482313,75.98497385319968,0.23309870845131184,-3.3883122740073013,-5.072843905693318,76.26298235744781,1.8488830556791132,0.7959260517181264,2.0129249447957416,
1114,9.225264000000152,85.61144339958071,227.36921649187278,19.955916885094847,52.999470705842256,75.96800001966338,0.23309870845131184,-3.380720858797325,-5.069280286712441,76.190261876763,2.27219020955298,0.9320972706074474,2.4559425217749435,
1115,9.23897020000004,85.6416551766774,227.3772047882514,19.962959211316107,53.00133276741084,76.79790603420612,0.23309870845131184,-3.373678532576065,-5.071142348281022,76.17571778062604,1.5230160832837105,0.5861498359737389,1.631915935381751,
1116,9.24101410000003,85.66551595176213,227.36866185380114,19.968521127171005,52.9993414204241,76.13058645586466,0.23309870845131184,-3.368116616721167,-5.069151001294287,76.27580838156467,1.7105312883138306,0.720210710437797,1.8559689533313561,
1117,9.254793100000143,85.68480779043077,227.35746239948543,19.973018029848316,52.99673084208775,75.99712254019637,0.23309870845131184,-3.363619714043857,-5.066540422957935,76.3988259219184,1.0374406812054684,0.4168996482578086,1.1180735591800526,
1118,9.256902300000093,85.69903779355496,227.34870016408036,19.976335025197823,52.99468837633168,76.48542685789279,0.23309870845131184,-3.3603027186943493,-5.064497957201866,76.25676927373917,1.1163099300857273,0.6011069612350621,1.2678633360316292,
1119,9.270790200000192,85.70220619521491,227.3434425886275,19.97707357553261,52.99346284228403,76.58308772143208,0.23309870845131184,-3.3595641683595616,-5.063272423154217,76.31483957252128,0.5625243153457344,0.4155949292507107,0.6993945600117937,
1120,9.272913100000096,85.71047700961915,227.3362917079479,19.97900149168808,52.99179598123333,76.08762279330986,0.23309870845131184,-3.3576362522040917,-5.061605562103516,76.42945305244372,0.6796339081869234,0.018734618851108498,0.6798920760686418,
1121,9.286911900000177,85.70761230965576,227.33348546360807,19.978333733826513,52.99114184930212,76.42093794977526,0.23309870845131184,-3.358304010065659,-5.060951430172302,76.3493763282622,0.3987954598482117,-0.23141411368780992,0.46107516828545564,
1122,9.288950600000135,85.71558792238464,227.34918328606804,19.980192838852723,52.99480099144303,76.57018993980857,0.23309870845131184,-3.3564449050394494,-5.064610572313214,76.23036156325986,0.4013883108225766,-0.2394684336184935,0.46739459428270685,
1123,9.303564000000051,85.72614772827683,227.36688642820647,19.98265431596769,52.99892757101103,76.08504323698516,0.23309870845131184,-3.353983427924483,-5.068737151881216,76.2065586102594,0.2653558785127943,-0.22219155907713123,0.3460965633843005,
1124,9.319259900000134,85.73060156829968,227.36365611632897,19.983692500324665,52.99817458948449,75.98801389642047,0.23309870845131184,-3.3529452435675076,-5.067984170354677,76.21831581140735,0.263290868126736,-0.27740968327104043,0.3824633493701968,
1125,9.3212817000001,85.73257905723605,227.35609652419942,19.98415345044171,52.99641245832267,75.96860802830753,0.23309870845131184,-3.3524842934504626,-5.0662220391928585,76.28432798772093,0.10336980661879622,-0.20081056178905812,0.22585437486673676,
1126,9.336213600000065,85.7288620036889,227.3707891151807,19.983287010060625,52.99983728230421,76.47972395551503,0.23309870845131184,-3.3533507338315474,-5.069646863174398,76.40052984314966,0.026527469781447217,-0.21060470647081178,0.21226881316072405,
1127,9.339011800000208,85.73021011456969,227.38773740941042,19.983601252965784,53.00378790779961,76.90025082137645,0.23309870845131184,-3.353036490926389,-5.073597488669797,76.5904303704854,0.008249611495093748,-0.41692648935307797,0.4170080977800098,
1128,9.352240900000197,85.71796436335921,227.40654281182526,19.980746784174606,53.00817142281442,76.66605251412881,0.23309870845131184,-3.3558909597175663,-5.077981003684606,76.73140989611855,-0.08424758219610368,-0.6470604316794097,0.6525219209735664,
1129,9.355570700000044,85.71760373122066,227.42059398542702,19.980662721288883,53.011446733233214,76.9375165330992,0.23309870845131184,-3.355975022603289,-5.081256314103399,76.7596058012452,-0.025660435953672525,-0.8909359068745324,0.8913053618887739,4.762391465487405
1130,9.367565200000172,85.7055373311206,227.4349557778509,19.977850059009903,53.014794448498265,76.67350565647337,0.23309870845131184,-3.3587876848822695,-5.08460402936845,76.70158424618654,-0.08495611771481634,-0.6423697342002908,0.647963283954983,-1.4634244214345344
1131,9.369012000000112,85.70699537098815,227.44394783728498,19.9781899262199,53.01689048593867,76.6207034811482,0.23309870845131184,-3.358447817672271,-5.086700066808852,76.6899799351748,-0.012754273675245936,-0.6373750841859355,0.6375026819065245,-4.3418688043654114
1132,9.382860800000117,85.69605311825973,227.4539892786572,19.97563930124136,53.01923113295352,76.61014304608315,0.23309870845131184,-3.360998442650814,-5.089040713823707,76.68765907297247,0.007979968422081866,-0.454153972141627,0.4542240749982712,2.6309000074839664
1133,9.38679070000012,85.69850172866161,227.45915466829712,19.976210069163535,53.02043517860724,76.60803095907015,0.23309870845131184,-3.360427674728637,-5.090244759477422,76.75085563661598,0.09621931903610456,-0.4220883439739713,0.43291653638370203,7.37576319229558
1134,9.399069600000075,85.70263293948962,227.46271194588286,19.977173049071883,53.02126437541808,76.92591222208748,0.23309870845131184,-3.3594646948202893,-5.0910739562882625,76.82715568542866,0.06422567296213433,-0.1380483684601567,0.1522573121460845,13.153505080111744
1135,9.4036672000002,85.70670987061459,227.4650546649375,19.97812337645156,53.02181046020397,76.98948847469094,0.23309870845131184,-3.3585143674406126,-5.091620041074158,76.9060764312752,0.14938470857071076,-0.11359864866418347,0.18767110628193348,10.150742137061336
1136,9.414899900000137,85.71032119018783,227.46642998703516,19.978965170379887,53.022131046008646,77.00220372521163,0.23309870845131184,-3.3576725735122857,-5.091940626878831,76.98552162170427,0.1443918562038965,-0.11737557805504967,0.18608072028494457,9.863499315987653
1137,9.41786860000002,85.71339839752254,227.4670255875791,19.979682463435246,53.02226987972619,77.00474677531577,0.23309870845131184,-3.3569552804569263,-5.0920794605963735,77.00141065979008,0.17722836366446698,-0.13644244658567545,0.22366589842322737,4.221998957481829
1138,9.431048200000077,85.72019873573318,227.4854163700393,19.981267613489177,53.02655674736507,77.0052569112155,0.23309870845131184,-3.3553701304029957,-5.096366328235256,77.00458877258302,0.1548498610039422,-0.16737342162927238,0.22801829251362796,1.9497235770084074
1139,9.433533800000077,85.72278573740009,227.48715304270513,19.981870640236494,53.02696156352048,77.00535741251655,0.23309870845131184,-3.3547671036556785,-5.096771144390665,77.0052247003174,0.2634651677945688,-0.5480051682727519,0.6080489775459437,0.1688109687111363
1140,9.44702580000012,85.7282733386469,227.5029795143384,19.983149792999622,53.03065069361753,77.00537903865566,0.23309870845131184,-3.35348795089255,-5.100460274487716,77.00535219104005,0.23093920713780935,-0.5892812145817806,0.6329180572968499,0.0925822714913946
1141,9.449073400000088,85.73370216950059,227.51994806461977,19.984415246460017,53.03460604077242,77.00538336388348,0.23309870845131184,-3.3522224974321553,-5.104415621642602,77.00537768918458,0.437205782423929,-0.7802153630460282,0.8943628508150177,0.007430926247559884
1142,9.462906200000134,85.7383896079269,227.53497053666274,19.98550788230314,53.03810775960338,77.00538422892905,0.23309870845131184,-3.3511298615890333,-5.107917340473563,77.00538309398925,0.40136763908186046,-0.7806751032045582,0.8778095456678483,
1143,9.464928200000031,85.74837914026298,227.5460732616071,19.98783642938871,53.0406957904482,77.00538440193816,0.23309870845131184,-3.3488013145034614,-5.110505371318382,76.94172313369043,0.5645276651905098,-1.3850092326642773,1.4956410195400294,
1144,9.478924000000006,85.75218687185773,227.55599005612441,19.988724006705574,53.04300738244216,77.00538443653998,0.23309870845131184,-3.347913737186598,-5.112816963312348,76.92899114163068,0.4466343679340345,-1.0286935660381016,1.1214689970873117,
1145,9.481098200000133,85.76068046125056,227.58672471740024,19.99070385142316,53.05017159229025,76.68707923716151,0.23309870845131184,-3.345933892469013,-5.119981173160433,76.88710026079683,0.35512890236525274,-1.6110835550864497,1.6497596063563755,-6.927556036741293
1146,9.494930300000078,85.76237470515639,227.59563290054146,19.99109877748941,53.05224807827511,76.94172340358466,0.23309870845131184,-3.3455389664027635,-5.122057659145298,76.87872208463008,0.12019753543367646,-1.365090291968722,1.3703718301072816,-3.800312378541944
1147,9.49699150000015,85.75902743788578,227.62362059696153,19.990318533811788,53.05877197416316,76.7959298247599,0.23309870845131184,-3.3463192100803845,-5.1285815550333425,76.89618463299047,0.03423440672828937,-1.267074838823128,1.2675372348703189,4.232354562343335
1148,9.510892800000192,85.75765274875367,227.62660064484584,19.989998095550572,53.05946661947611,76.96349352110433,0.23309870845131184,-3.3466396483416005,-5.129276200346297,76.96333818392233,-0.15259634450676365,-0.5883427499217639,0.6078098680856787,6.334873348316574
1149,9.513248300000214,85.75395023552827,227.62331733650444,19.989135044499708,53.05870128454229,77.09269717834196,0.23309870845131184,-3.3475026993924644,-5.128510865412473,76.97676889410869,-0.1607306919101533,-0.5397798893145995,0.5632021699446815,4.546692286214845
1150,9.52677390000008,85.75258400968772,227.61759843813002,19.988816579020824,53.05736821671744,77.02284699182074,0.23309870845131184,-3.3478211648713483,-5.127177797587628,77.01879951856785,-0.10120153921841221,0.23419235770102254,0.255123130950017,3.1100233192562428
1151,9.542916800000057,85.75174463523443,227.61117908951297,19.988620921919853,53.05587187484571,77.0088769545165,0.23309870845131184,-3.348016821972319,-5.125681455715892,77.02720564345968,-0.0990712671339089,0.26559206554903597,0.28346827204137287,-1.4913206149792295
1152,9.545071400000097,85.75099691930666,227.60466473697784,19.988446630302803,53.05435338768337,77.00608294705565,0.23309870845131184,-3.348191113589369,-5.124162968553556,77.0097486848443,-0.041604382733649914,0.33162734448499165,0.3342268993854554,-2.611235323586983
1153,9.558912000000191,85.75026067391846,227.59830973893196,19.98827501245371,53.05287204584667,77.00552414556348,0.23309870845131184,-3.3483627314384634,-5.1226816267168545,77.00625729312121,-0.039063758959446575,0.32907190383291574,0.33138240019086934,-2.8933100516976604
1154,9.56105730000013,85.74953301821105,227.5922806818033,19.988105396848116,53.051466680416794,77.00541238526505,0.23309870845131184,-3.3485323470440562,-5.1212762612869795,77.0055590147766,-0.04957970422617699,0.4095465842692053,0.41253672776824185,1.435690188715585
1155,9.57628600000021,85.74882467606156,227.58667643265784,19.987940283207926,53.05016033717915,77.00539003320536,0.23309870845131184,-3.348697460684246,-5.119969918049335,77.07994847287719,-0.07609722223779564,0.2788400770217568,0.28903732593872317,-1.8629982394172384
1156,9.578696900000068,85.7481554945769,227.58155604053752,19.987784297868135,53.048966780389144,77.00538556279342,0.23309870845131184,-3.3488534460240373,-5.118776361259329,77.05548188207544,0.023025854837389823,-0.16630216463801245,0.16788865344114576,-1.8896111893514131
1157,9.590769300000147,85.73709914586102,227.5789026514918,19.985207077262277,53.048348278829565,77.37803023755869,0.23309870845131184,-3.351430666629895,-5.11815785969975,77.05058856391508,0.04298213407590028,-0.29438076352143494,0.29750209710383835,1.0403620628397374
1158,9.592924900000071,85.74156772469767,227.59849534671085,19.98624869721771,53.05291531078021,76.88319119155472,0.23309870845131184,-3.3503890466744615,-5.1227248916503925,77.08006583290022,0.04063231369783342,-0.19250911837775214,0.19675046524727338,5.301666515698362
1159,9.606717400000207,85.74279358827891,227.59762569824997,19.986534444435236,53.052712596847165,76.9809457944633,0.23309870845131184,-3.3501032994569364,-5.12252217771735,77.11641721931443,0.051944572678788124,-0.27129622122874975,0.27622432601742486,-0.2651216461380743
1160,9.608868900000061,85.74258507004336,227.5921325598164,19.98648583910384,53.05143215337296,77.15277637813094,0.23309870845131184,-3.3501519047883335,-5.121241734243142,77.07961431544493,0.1638952823458784,-0.13691371581087025,0.2135580229173677,-4.067890579912994
1161,9.62298090000013,85.74209234295029,227.5860099771123,19.986370985054826,53.050004987252244,77.18714249486447,0.23309870845131184,-3.3502667588373463,-5.119814568122429,77.1115982170929,0.06945160130235464,0.304612964411858,0.31243012500596207,0.8576129984503922
1162,9.625097400000186,85.74523644938503,227.57944393104566,19.987103872204,53.04847445039448,77.19401571821118,0.23309870845131184,-3.3495338716881733,-5.118284031264665,77.14845093003969,0.05178501492783628,0.39770905595797923,0.401066304944785,6.739785597954347
1163,9.638725800000202,85.74587942484627,227.57424330698018,19.987253748953577,53.04726219164168,77.04311069979458,0.23309870845131184,-3.349383994938595,-5.1170717725118635,77.15582147262904,0.053483925645593,0.2909365122314366,0.29581173819146556,1.4034325976402329
1164,9.640834700000141,85.74526769251528,227.56989902254583,19.98711115493731,53.04624954455088,77.1652093591972,0.23309870845131184,-3.3495265889548627,-5.116059125421067,77.12683964852974,0.0522329902197448,0.31596095719131734,0.320249296231154,-4.53977402173147
1165,9.65471760000014,85.74442811392473,227.56624947487472,19.986915450252205,53.045398839702315,77.18962909107773,0.23309870845131184,-3.3497222936399673,-5.1152084205725,77.12104328370987,-0.006488582984011223,0.18299365322761735,0.18310865307442428,-1.591266492415809
1166,9.657838800000036,85.74423538541478,227.56321993097453,19.986870525485458,53.044692656931986,77.0422333743679,0.23309870845131184,-3.349767218406715,-5.114502237802171,77.15033994336308,-0.013623748381241602,0.20667566597881154,0.20712420772990459,3.1377491081931264
1167,9.671023000000105,85.74721416556756,227.5599219566206,19.987564875291827,53.04392390336958,77.16503389411187,0.23309870845131184,-3.349072868600345,-5.113733484239766,77.15619927529372,-0.002934185092588443,0.11489799116943453,0.11493545065352562,
1168,9.6733392000001,85.74696894666533,227.55786150111805,19.987507715082433,53.043443613853114,77.18959399806066,0.23309870845131184,-3.349130028809739,-5.113253194723299,77.24368995881852,-0.004077541197052375,-0.3645166126154424,0.36453941791643074,
1169,9.689128600000004,85.74600928073372,227.55641941580686,19.98728401819323,53.043107465629596,77.19450601885042,0.23309870845131184,-3.3493537256989434,-5.112917046499781,77.3357173618809,-0.007743670881141562,-0.4201009859605501,0.4201723489756814,
1170,9.691883800000141,85.7457750862967,227.58402825483063,19.987229427772434,53.04954305034788,77.62708250870173,0.23309870845131184,-3.3494083161197388,-5.119352631218064,77.32366690987618,-0.027148866441776838,-0.3660035871365358,0.36700910989495233,1.5867581232051011
1171,9.704487800000152,85.74400564596382,227.58682203563149,19.986816973516156,53.050194277044255,77.50237038967981,0.23309870845131184,-3.3498207703760166,-5.1200038579144405,77.36533015321547,-0.02820052049129078,-0.3915719344206899,0.392586104163075,0.9215112507319323
1172,9.7066619000002,85.7435918961101,227.58375537463053,19.986720528959633,53.049479442325676,77.10478163408831,0.23309870845131184,-3.349917214932539,-5.119289023195861,77.37366280188334,-0.12208230116320015,-0.3239164297404412,0.34615883884872345,0.09365934448953528
1173,9.719006800000216,85.74200644875897,227.57954403774943,19.986350963229768,53.04849778513784,77.39791021475712,0.23309870845131184,-3.3502867806624046,-5.118307366008025,77.28901051447824,-0.12116767000095313,0.1549477792042846,0.1966988015565921,
1174,9.721128600000156,85.73760465479228,227.57627104972056,19.985324910741262,53.04773485585553,77.2361692621897,0.23309870845131184,-3.35131283315091,-5.117544436725716,77.1975507906398,-0.10136735168624383,0.23808483662364816,0.25876578100280545,
1175,9.735509200000024,85.73666442358576,227.57266044431492,19.98510574406138,53.04689322839875,77.20382107167623,0.23309870845131184,-3.3515319998307938,-5.116702809268936,77.2097147784893,-0.07844522933467742,0.18556206729971317,0.20146199350228175,
1176,9.737640800000008,85.7372705065312,227.56933164550256,19.985247021213173,53.04611728969489,77.0450717704876,0.23309870845131184,-3.3513907226789996,-5.115926870565076,77.2121475760592,-0.09670816974423299,0.17129095679024536,0.19670552095301516,0.6747408601250535
1177,9.750769600000012,85.74122718779003,227.56560409057485,19.98616931850436,53.04524840145557,77.1656015733358,0.23309870845131184,-3.350468425387813,-5.115057982325752,77.21263413557318,0.04021167284728213,0.14282557873292298,0.1483783157121391,0.3946451366104709
1178,9.768228500000077,85.73214555732349,227.56499263641325,19.98405240217198,53.04510587228022,77.41007420260662,0.23309870845131184,-3.352585341720193,-5.114915453150402,77.21273144747599,0.04766073475501996,0.13828873273386877,0.14627138899500391,9.03402130363103
1179,9.770983500000057,85.73452145097639,227.56242506950372,19.984606219913886,53.044507375749745,77.23860205975961,0.23309870845131184,-3.3520315239782867,-5.1143169566199305,77.28728017621395,-0.10361028118814763,0.05711296814658184,0.11830883947702087,9.436183209722198
1180,9.782973200000015,85.73565329670406,227.56058154813763,19.98487005169117,53.044077653300306,77.2043076311902,0.23309870845131184,-3.351767692201001,-5.113887234170491,77.30218992196156,-0.15128701170740635,-0.057225728584674354,0.16174839697321183,4.930765018966031
1181,9.786014600000044,85.72664937764281,227.56112774787425,19.982771249786996,53.044204971753466,77.4178154141775,0.23309870845131184,-3.3538664941051763,-5.114014552623651,77.26109853737084,-0.1171783418725401,-0.11453467849043167,0.1638565115608911,-3.1592782048105534
1182,9.798869100000047,85.71737744756012,227.58900477632403,19.98060997485987,53.05070307108057,77.24015030207379,0.23309870845131184,-3.356027769032302,-5.1205126519507544,77.29695359419293,-0.13130935012355432,-0.23575286795682415,0.2698547019781904,4.529360273053371
1183,9.800977100000182,85.71782321320839,227.5915222817275,19.98071388225675,53.05128989833864,77.20461727965304,0.23309870845131184,-3.3559238616354214,-5.121099479208823,77.34819793929758,-0.26099850751201104,-0.253962995533959,0.3641667530460173,8.22050815444924
1184,9.81485530000009,85.72558502998666,227.61467363073461,19.982523151723004,53.0566864478911,77.41787734387006,0.23309870845131184,-3.354114592169168,-5.126496028761288,77.31437347457828,-0.130790037907207,-0.22509622513520675,0.26033506215238916,1.7980052052283213
1185,9.817114100000026,85.71951461992342,227.61520862985162,19.98110814697749,53.0568111554943,77.46052935671347,0.23309870845131184,-3.355529596914682,-5.126620736364487,77.27715249642932,0.12343179352997781,-0.6137824146980085,0.626070491435705,-6.486601119046192
1186,9.830789300000106,85.71722454121132,227.60919690233595,19.98057433258745,53.055409829574835,77.24869309058099,0.23309870845131184,-3.3560634113047207,-5.12521941044502,77.26970830079955,0.14754347236791732,-0.6293040343734424,0.6463688141588153,-5.9039797730062915
1187,9.832949000000099,85.72744380009775,227.63188678051563,19.982956428635205,53.06069881087344,77.05404541132908,0.23309870845131184,-3.353681315256967,-5.130508391743625,77.26821946167358,0.17576197431908488,-0.39911085900779275,0.4360983253745431,-1.4714544649224666
1188,9.846899400000211,85.73760893586427,227.65319187945508,19.985325908653614,53.06566500191965,77.1673963015041,0.23309870845131184,-3.3513118352385582,-5.135474582789833,77.22384836010816,0.3300816298456308,-0.3386568241658352,0.4729083705282002,
1189,9.849022600000126,85.74008155525513,227.6462500877837,19.985902273040114,53.06404687924672,77.41043314824029,0.23309870845131184,-3.350735470852058,-5.1338564601169026,77.28940285073259,0.421757704074344,-0.6799993859231086,0.8001741846634811,
1190,9.862861000000066,85.74869913026886,227.6315828161354,19.987911018645796,53.06062795716899,77.23867384888635,0.23309870845131184,-3.348726725246376,-5.130437538039175,77.37704316780278,0.19875439990804697,-0.16101720476853215,0.25579259511228875,
1191,9.864955500000178,85.75246714096565,227.64599766326236,19.98878933707265,53.063988039416806,77.57646554370305,0.23309870845131184,-3.347848406819523,-5.133797620286991,77.43864456495704,0.1164092940434352,0.26894082784554985,0.2930533955134126,12.915084519575482
1192,9.879175500000201,85.75173258419161,227.63709298271013,19.98861811283734,53.061912369880915,77.49224699668007,0.23309870845131184,-3.3480196310548322,-5.1317219507511,77.48132022158516,0.06504706805137228,0.06773247293399393,0.09390851373456018,20.801309760092032
1193,9.880929600000172,85.74991243987114,227.62359438215213,19.98819383954704,53.05876586352495,77.47540328727547,0.23309870845131184,-3.3484439043451317,-5.128575444395132,77.53392883923891,0.12423649083676264,-0.35029696784771763,0.3716754919802191,10.527593390741645
1194,9.894994700000098,85.75079636253126,227.6383128411435,19.988399880777486,53.06219671730622,77.62381143138087,0.23309870845131184,-3.3482378631146865,-5.132006298176407,77.51409533816027,0.05594651980305164,-0.08698055702299218,0.103419680806427,13.382154419532812
1195,9.897276500000089,85.75511432805958,227.65635479109642,19.989406392965275,53.06640227253819,77.50171693715508,0.23309870845131184,-3.347231350926897,-5.136211853408376,77.54048386255394,-0.15977438943125283,0.11205933860189818,0.1951541720948453,3.5140151500787806
1196,9.910900500000025,85.759667101302,227.6731676772663,19.990467638527953,53.07032133458973,77.47729803830993,0.23309870845131184,-3.3461701053642194,-5.140130915459913,77.54576156743266,-0.12556358590749575,-0.18865831743859152,0.22662342077708877,10.215547168269605
1197,9.913048100000196,85.74961869488116,227.66265379675798,19.988125367969264,53.06787056262243,77.62418961864832,0.23309870845131184,-3.3485123759229083,-5.1376801434926165,77.58590982081076,-0.05710928064078219,0.1832445724005124,0.1919376024898567,8.191380029069848
1198,9.927154700000074,85.74533275904744,227.64509078683596,19.98712632186192,53.06377664769309,77.50179181166912,0.23309870845131184,-3.349511422030254,-5.133586228563274,77.66338725591021,-0.1544572405723196,0.6034926205121071,0.6229449270824713,
1199,9.929059600000073,85.74824954108021,227.63188808367187,19.98780621998659,53.06069911463747,77.82455269827133,0.23309870845131184,-3.348831523905581,-5.1305086955076575,77.74833067994182,-0.11353146586895624,0.3248148498341005,0.344084408852106,
1200,9.94307600000002,85.74550545472806,227.61636511784178,19.987166577002025,53.05708073135115,77.88910411265232,0.23309870845131184,-3.3494711668901473,-5.1268903122213345,77.80441222973838,0.11581600913580778,0.0299953597770473,0.11963724161104693,
1201,9.945049900000186,85.74789789383338,227.6306003736987,19.987724251467522,53.060398951105874,77.90201515846798,0.23309870845131184,-3.34891349242465,-5.130208531976059,77.85787402309613,0.055119694111250436,-0.4657460579745955,0.4689963445463014,10.621808576513097
1202,9.95875910000018,85.75119680927378,227.65018091617858,19.98849322439597,53.0649631502687,77.9045973676311,0.23309870845131184,-3.348144519496202,-5.134772731138888,77.86856638176768,-0.009707355577130022,-0.8448828782941823,0.8449386432084657,5.28624670568974
1203,9.960846800000127,85.74784444462802,227.66978170975753,19.987711792526785,53.06953206993658,77.76910077845787,0.23309870845131184,-3.3489259513653877,-5.139341650806763,77.8435023998887,0.004206495822797014,-1.5793379432454406,1.579343545142046,-2.612307367489273
1204,9.974782000000005,85.74980443391091,227.68652654316205,19.988168663497206,53.073435268976404,77.87801449162907,0.23309870845131184,-3.348469080394967,-5.143244849846589,77.89072440575902,-0.02417063489667376,-1.290795159096237,1.2910214414708951,
1205,9.976990700000215,85.75003121712031,227.71887666142527,19.988221526370417,53.08097603976181,77.76378420325746,0.23309870845131184,-3.3484162175217556,-5.150785620631993,77.96503086747994,-0.004074407388000516,-1.2942203386125628,1.29422675203149,
1206,9.990732000000207,85.7583219369705,227.73292656281725,19.99015408245963,53.08425105363015,78.13812518781947,0.23309870845131184,-3.3464836614325435,-5.154060634500333,77.97989215982412,0.152617394875762,-1.4064530958780188,1.4147092917357713,
1207,10.007549900000186,85.76961855492134,227.75818281257932,19.992787309513833,53.09013825283001,78.27612967623577,0.23309870845131184,-3.3438504343783393,-5.159947833700194,77.95566181209179,0.15120668923624117,-1.426284190651937,1.4342768405623219,3.4435016443925055
1208,10.009641300000112,85.77328957220202,227.78285319826202,19.993643018900663,53.09588888786964,77.8434072401788,0.23309870845131184,-3.3429947249915095,-5.165698468739826,77.97801834874649,0.1428725870442646,-0.7447268784256698,0.7583077868374841,1.8660179474344607
1209,10.022723800000222,85.77473375474484,227.80413843994637,19.993979655986166,53.10085045021534,77.75686275296741,0.23309870845131184,-3.342658087906006,-5.170660031085525,77.93025485383134,0.11249199810112621,-0.6782407047991825,0.687506293268124,
1210,10.024822100000165,85.77457409420379,227.8041954681409,19.993942439320254,53.10086374341383,77.87556688653099,0.23309870845131184,-3.3426953045719188,-5.170673324284017,77.85584009430143,0.009803149243109016,-0.2089237349289924,0.20915360085774892,
1211,10.038791400000036,85.7738990319738,227.79855634384188,19.993785083186317,53.09954927082293,77.8993077132437,0.23309870845131184,-3.342852660705855,-5.169358851693119,77.86815974859663,-0.11524925861656898,0.3630095321989348,0.3808652151075998,
1212,10.04097220000017,85.77056025298856,227.77987742824564,19.993006818117056,53.09519523972217,77.90405587858625,0.23309870845131184,-3.3436309257751162,-5.165004820592358,77.9308020546998,-0.012172813759137313,0.20520547445154994,0.2055662037877344,10.172498044021163
1213,10.054722600000105,85.75781225868171,227.77338808875086,19.990035277108785,53.09368258306724,77.90500551165476,0.23309870845131184,-3.346602466783388,-5.163492163937427,77.94333036333255,-0.04977481755230899,0.14832642996726558,0.15645530444570996,6.096338275526891
1214,10.056899200000089,85.76286500619875,227.78429703439474,19.991213066029136,53.0962254442074,78.07007428348331,0.23309870845131184,-3.3454246778630363,-5.1660350250775835,77.91863341885792,-0.13658059498594677,-0.17737754234302755,0.2238683797555335,-3.597375319251018
1215,10.070747900000015,85.75064133089539,227.80156971147954,19.988363743103395,53.10025168292736,77.93820842969471,0.23309870845131184,-3.348274000788777,-5.1700612637975425,77.91369387737511,-0.049455326074169456,-0.6111728740120005,0.6131705400662943,4.210530561873006
1216,10.072853800000075,85.74661838631272,227.81543225330933,19.987425999917004,53.10348302352374,77.7758229908706,0.23309870845131184,-3.349211743975168,-5.173292604393922,77.96494061873675,0.039665402724380266,-0.1753101120551379,0.1797414241683655,7.4460552421436965
1217,10.086711500000092,85.7513003637901,227.82568423520235,19.988517362819977,53.10587274726206,77.87935817117217,0.23309870845131184,-3.348120381072196,-5.175682328132247,77.94221404537822,-0.05888923889776655,0.08683724454266163,0.10492211157673219,6.888826333369016
1218,10.088952300000074,85.75350654846706,227.80367676558768,19.989031621618782,53.100742834518606,78.16123921846295,0.23309870845131184,-3.3476061222733904,-5.170552415388791,77.93766888329439,-0.08773942163155038,0.3254803526721528,0.3370988965924213,-0.6360560579056637
1219,10.103890100000172,85.7566044050611,227.7945471210844,19.98975372798982,53.09861472617627,77.95644141669064,0.23309870845131184,-3.3468840159023507,-5.1684243070464575,77.96396230449092,-0.00372670167913042,0.6053603158353287,0.605371786833227,8.79114941441698
1220,10.10652210000012,85.75265245929751,227.78435684252696,19.98883253453646,53.096239385405774,77.91548261927564,0.23309870845131184,-3.3478052093557125,-5.166048966275959,78.0340830492771,-0.07244280529310382,0.7503859595830715,0.753874690103164,9.334537145132748
1221,10.119668000000047,85.75122959736832,227.7919716264032,19.988500867258463,53.09801438169246,77.90729009685317,0.23309870845131184,-3.34813687663371,-5.167823962562643,78.0288483176191,-0.10068909758681364,0.3279857121305908,0.3430931677178338,8.59319750419095
1222,10.121925200000078,85.74866517216923,227.78661976817307,19.98790310305663,53.0967668704512,78.22996189510306,0.23309870845131184,-3.3487346408355414,-5.166576451321383,78.02780137128751,-0.09793731032946697,0.13599063339191023,0.16758630351225975,0.5284842259460671
1223,10.135313000000224,85.7537346676761,227.77643552065655,19.989084795911783,53.09439293550855,78.13506556017296,0.23309870845131184,-3.3475529479803896,-5.164202516378737,78.06056775106416,-0.026677107297912128,-0.08414615764221718,0.08827368747103058,6.368499233938031
1224,10.137621700000182,85.75434972832039,227.78453246414853,19.989228165753588,53.096280322578934,77.95120668503264,0.23309870845131184,-3.347409578138585,-5.1660899034491194,78.10009694865033,-0.15758163722127466,-0.2737390014683285,0.31585600091531424,5.140017122866912
1225,10.15134850000004,85.7547209312256,227.79620406940626,19.989314692671368,53.09900095869006,78.07931451815888,0.23309870845131184,-3.3473230512208048,-5.168810539560248,78.0431407276207,-0.1188763297797307,-0.37838734651762596,0.39662143888921236,
1226,10.154154000000062,85.74653965358277,227.80923854786914,19.98740764741934,53.1020392787851,78.10493608478413,0.23309870845131184,-3.3492300964728337,-5.1718488596552845,62.416127615586106,-0.13652960896135743,-0.41385149959162615,0.4357905435382678,
1227,10.16740700000014,85.74248589606171,227.80756476392042,19.986462721776807,53.10164912190842,77.94518078995488,0.23309870845131184,-3.3501750221153657,-5.171458702778608,46.82588627857958,-0.1489495718675267,-0.2503493494276926,0.291308722352058,
