frame,t_s,x_px_filt,y_px_filt,x_mm_abs,y_mm_abs,angle_deg_raw,mm_per_px,x_mm,y_mm,angle_deg_unwrapped,vx_mm_s,vy_mm_s,speed_mm_s,angular_vel_dps
2121,17.574224499999673,144.5000102519989,207.5000305172689,33.78492142531554,48.51468324847077,0.0,0.23380566801619435,0.0,-0.0,0.0,,,,
2122,17.58665289999999,144.50002545118332,207.50003051750082,33.784924978971,48.51468324852499,0.0,0.23380566801619435,3.553655460564187e-06,-5.4221516165853245e-11,0.0,,,,
2123,17.590410099999644,144.50002925097942,207.5000305175588,33.784925867384864,48.514683248538546,0.0,0.23380566801619435,4.4420693257052335e-06,-6.777867156415596e-11,0.0,,,,
2124,17.6022068999996,144.50003020092845,207.5000305175733,33.78492608948834,48.514683248541935,0.0,0.23380566801619435,4.6641727990959225e-06,-7.116796041373163e-11,0.0,0.00011160536580976537,-1.7033012118166937e-09,0.00011160536582276311,0.0
2125,17.60574729999962,144.5000304384157,207.50003051757693,33.784926145014204,48.51468324854279,0.0,0.23380566801619435,4.719698665667238e-06,-7.202061169664375e-11,0.0,5.46166089010711e-05,-8.335866604285833e-10,5.461660890743241e-05,0.0
2126,17.618039599999975,144.50003049778752,207.50003051757784,33.784926158895665,48.514683248543,0.0,0.23380566801619435,4.733580126980996e-06,-7.223377451737178e-11,0.0,7.339170793975634e-06,-1.1215058431395169e-10,7.339170794832526e-06,0.0
2127,17.62155759999996,144.50003051263047,207.50003051757807,33.784926162366034,48.51468324854305,0.0,0.23380566801619435,4.7370504958621495e-06,-7.228351250887499e-11,0.0,3.585850548977809e-06,-5.468942790563419e-11,3.5858505493948553e-06,0.0
2128,17.634099199999582,144.5000305163412,207.50003051757812,33.78492616323363,48.514683248543065,0.0,0.23380566801619435,4.737918089858795e-06,-7.22977233635902e-11,0.0,4.5002085512698854e-07,-6.5224816336121465e-12,4.500208551742561e-07,0.0
2129,17.63766459999988,144.5000305172689,207.50003051757812,33.78492616345052,48.514683248543065,0.0,0.23380566801619435,4.7381349830288855e-06,-7.22977233635902e-11,0.0,2.2503744433911303e-07,-3.054248337615568e-12,2.2503744435983942e-07,0.0
2130,17.650123999999778,144.50003051750082,207.50003051757812,33.78492616350475,48.514683248543065,0.0,0.23380566801619435,4.738189211650479e-06,-7.22977233635902e-11,0.0,2.779794029316365e-08,-2.26619485801336e-13,2.7797940294087397e-08,0.0
2131,17.653230599999915,144.5000305175588,207.50003051757812,33.78492616351831,48.514683248543065,0.0,0.23380566801619435,4.738202768805877e-06,-7.22977233635902e-11,0.0,1.4016606082578838e-08,0.0001712772706829579,0.00017127727125648774,0.0
2132,17.666106899999704,144.5000305175733,207.50003051757812,33.784926163521696,48.514683248543065,0.0,0.23380566801619435,4.7382061580947266e-06,-7.22977233635902e-11,0.0,1.8533563666430052e-09,0.00022313340442554165,0.0002231334044332387,0.0
2133,17.669231299999865,144.50003051757693,207.50001907348633,33.78492616352254,48.51468057284954,0.0,0.23380566801619435,4.738207003640582e-06,2.6756212250234057e-06,0.0,9.864342654712454e-10,0.00044327054172585276,0.00044327054172695036,0.0
2134,17.68213089999972,144.50003051757784,207.50000476837158,33.784926163522755,48.51467722823263,0.0,0.23380566801619435,4.738207216803403e-06,6.020238139115008e-06,0.0,1.1385980192137777e-10,0.0004989129096155975,0.0004989129096156105,0.0
2135,17.685321499999645,144.50003051757807,207.4999897480011,33.78492616352281,48.51467371638488,0.0,0.23380566801619435,4.738207273646822e-06,9.532085890384678e-06,0.0,6.12159702363247e-11,0.0005546407897524247,0.0005546407897524281,0.0
2136,17.69809469999973,144.50003051757812,207.49997454881668,33.784926163522826,48.51467016272941,0.0,0.23380566801619435,4.738207287857676e-06,1.3085741358054293e-05,0.0,7.0906434208698344e-12,0.00038681230388144767,0.0003868123038814478,0.0
2137,17.701283099999728,144.50003051757812,207.49997074902058,33.784926163522826,48.514669274315544,0.0,0.23380566801619435,4.738207287857676e-06,1.397415522319534e-05,0.0,3.7856910079202224e-12,0.00033840252004881506,0.0003384025200488151,0.0
2138,17.714163199999803,144.50003051757812,207.49996979907155,33.784926163522826,48.51466905221208,0.0,0.23380566801619435,4.738207287857676e-06,1.4196258689480601e-05,0.0,2.2251048625417783e-13,0.0001184824163385476,0.0001184824163385476,0.0
2139,17.717385499999637,144.50003051757812,207.4999695615843,33.784926163522826,48.51466899668621,0.0,0.23380566801619435,4.738207287857676e-06,1.4251784556051916e-05,0.0,-0.0001594382987622772,6.304683958699393e-05,0.00017145108659357428,0.0
2140,17.730177499999627,144.50003051757812,207.49996950221248,33.784926163522826,48.51466898280474,0.0,0.23380566801619435,4.738207287857676e-06,1.4265666024471102e-05,0.0,-0.00021250555524328802,7.332724989645877e-06,0.00021263202925484183,0.0
2141,17.733533899999657,144.50001907348633,207.49996948736953,33.784923487829296,48.514668979334374,0.0,0.23380566801619435,2.0625137580054798e-06,1.4269136393352255e-05,0.0,-0.00042692371065912595,3.8971831654554305e-06,0.0004269414980528154,0.0
2142,17.74613909999971,144.50000476837158,207.4999694836588,33.78492014321239,48.51466897846679,0.0,0.23380566801619435,-1.2821031489806956e-06,1.4270003980243473e-05,0.0,-0.0004828515587487231,4.5168660010874727e-07,0.0004828517700152463,0.0
2143,17.749414799999613,144.4999897480011,207.4999694827311,33.78491663136463,48.51466897824989,0.0,0.23380566801619435,-4.793950907355793e-06,1.4270220880518991e-05,0.0,-0.0005376783833037897,2.3548966492787438e-07,0.0005376784348730747,0.0
2144,17.762122799999815,144.49997454881668,207.49996948249918,33.78491307770916,48.514668978195665,0.0,0.23380566801619435,-8.347606375025407e-06,1.4270275102035157e-05,0.0,-0.00038172032093522745,2.875163498675597e-08,0.0003817203220180314,0.0
2145,17.7653636,144.49997074902058,207.4999694824412,33.7849121892953,48.51466897818211,0.0,0.23380566801619435,-9.236020240166454e-06,1.4270288659190555e-05,0.0,-0.0003293147917299606,1.49962569448663e-08,0.00032931479207140856,0.0
2146,17.778127299999596,144.49996979907155,207.4999694824267,33.78491196719183,48.51466897817872,0.0,0.23380566801619435,-9.458123706451715e-06,1.4270292048479405e-05,0.0,-0.0001157770770218669,1.7667891380557361e-09,0.00011577707703534773,0.0
2147,17.794909399999597,144.4999695615843,207.49996948242307,33.784911911665965,48.514668978177866,0.0,0.23380566801619435,-9.51364957302303e-06,1.4270292901130688e-05,0.0,-5.990721906955558e-05,9.142756610899327e-10,5.99072190765322e-05,0.0
2148,17.79806269999972,144.49996950221248,207.49996948242216,33.7849118977845,48.51466897817765,0.0,0.23380566801619435,-9.527531041442217e-06,1.4270293114293509e-05,0.0,-5.134597119470998e-06,7.85086159894189e-11,5.134597120071201e-06,0.0
2149,17.810031499999695,144.49996948736953,207.49996948242193,33.784911894314135,48.5146689781776,0.0,0.23380566801619435,-9.531001403217942e-06,1.42702931640315e-05,0.0,-1.6577428433662135e-06,2.5400366035517816e-11,1.657742843560809e-06,0.0
2150,17.813232799999696,144.4999694836588,207.49996948242188,33.78491189344654,48.51466897817759,0.0,0.23380566801619435,-9.531868997214588e-06,1.4270293178242355e-05,0.0,-9.989128673720227e-07,1.5238928755176235e-11,9.989128674882614e-07,0.0
2151,17.82605909999984,144.4999694827311,207.49996948242188,33.78491189322964,48.51466897817759,0.0,0.23380566801619435,-9.532085897490106e-06,1.4270293178242355e-05,0.0,-1.1869146010333463e-07,1.718945200183354e-12,1.1869146011578191e-07,0.0
2152,17.829801999999745,144.49996948249918,207.49996948242188,33.78491189317542,48.51466897817759,0.0,0.23380566801619435,-9.532140119006272e-06,1.4270293178242355e-05,0.0,-6.091702934733861e-08,8.878177437415558e-13,6.091702935380823e-08,0.0
2153,17.842165999999906,144.4999694824412,207.49996948242188,33.78491189316186,48.51466897817759,0.0,0.23380566801619435,-9.53215367616167e-06,1.4270293178242355e-05,0.0,-6.727712989496942e-09,-4.170085285724596e-05,4.1700853399946146e-05,0.0
2154,17.845308499999646,144.4999694824267,207.49996948242188,33.78491189315847,48.51466897817759,0.0,0.23380566801619435,-9.53215706545052e-06,1.4270293178242355e-05,0.0,-3.3588827610277973e-09,-0.0002501856223024991,0.0002501856223250465,0.0
2155,17.858141299999716,144.49996948242307,207.49998092651367,33.78491189315762,48.51467165387111,0.0,0.23380566801619435,-9.532157918101802e-06,1.1594599655495585e-05,0.0,-4.623511714911537e-10,-0.00030442307203228314,0.00030442307203263426,0.0
2156,17.86134979999997,144.49996948242216,207.49999523162842,33.78491189315741,48.514674998488026,0.0,0.23380566801619435,-9.532158131264623e-06,8.249982741403983e-06,0.0,-2.4391518204484647e-10,-0.0005206018880925328,0.0005206018880925899,0.0
2157,17.874299699999938,144.49996948242193,207.5000102519989,33.78491189315736,48.51467851033578,0.0,0.23380566801619435,-9.532158181002615e-06,4.738134990134313e-06,0.0,-2.8208652221056548e-11,-0.000534702464473297,0.0005347024644732978,0.0
2158,17.87758739999981,144.49996948242188,207.50002545118332,33.78491189315734,48.514682063991245,0.0,0.23380566801619435,-9.53215819521347e-06,1.1844795224646987e-06,0.0,-1.4911069347481557e-11,-0.0004918873369511963,0.0004918873369511965,0.0
2159,17.890188499999567,144.49996948242188,207.50002925097942,33.78491189315734,48.51468295240511,0.0,0.23380566801619435,-9.53215819521347e-06,2.96065657323652e-07,0.0,-2.026162635116055e-12,-0.00033486000351723655,0.00033486000351723655,0.0
2332,19.317828799999916,144.49996948242216,207.49999523162842,33.78491189315741,48.514674998488026,0.0,0.23380566801619435,-9.532158131264623e-06,8.249982741403983e-06,0.0,-1.2580023944449416e-12,-0.0002815125839473801,0.0002815125839473801,0.0
2336,19.349606599999788,144.49996948242188,207.50003020092845,33.78491189315734,48.514683174508576,0.0,0.23380566801619435,-9.53215819521347e-06,7.39621910383903e-08,0.0,-3.935162968235617e-13,-6.625294868551746e-05,6.625294868551746e-05,0.0
2337,19.36208389999956,144.49996948242188,207.5000304384157,33.78491189315734,48.51468323003444,0.0,0.23380566801619435,-9.53215819521347e-06,1.8436324467074883e-08,0.0,3.915754085588384e-05,-5.2203159553404195e-05,6.525705228738414e-05,0.0
2338,19.365104299999985,144.49996948242188,207.50003049778752,33.78491189315734,48.51468324391591,0.0,0.23380566801619435,-9.53215819521347e-06,4.554856047889189e-09,0.0,0.00025802459623795986,-5.337420789173413e-05,0.00026348718817398363,0.0
2339,19.378770599999825,144.49998092651367,207.50003051263047,33.78491456885087,48.51468324738628,0.0,0.23380566801619435,-6.856464665361273e-06,1.0844871667359257e-09,0.0,0.0003134471131472135,-1.920194910118379e-06,0.00031345299470385496,0.0
2340,19.38182689999985,144.49999523162842,207.5000305163412,33.78491791346778,48.51468324825387,0.0,0.23380566801619435,-3.5118477583750973e-06,2.1690027551812818e-10,0.0,0.0003563560702107064,-1.0308194531395553e-06,0.00035635756111630757,0.0
2341,19.394499899999573,144.5000102519989,207.5000305172689,33.78492142531554,48.51468324847077,0.0,0.23380566801619435,0.0,-0.0,0.0,0.00041280451606494947,-1.1250005548307775e-07,0.0004128045313945568,0.0
2342,19.41106359999958,144.50002545118332,207.50003051750082,33.784924978971,48.51468324852499,0.0,0.23380566801619435,3.553655460564187e-06,-5.4221516165853245e-11,0.0,0.0003772823239556659,-6.176828209378172e-08,0.0003772823290119863,0.0
2343,19.414211299999806,144.50002925097942,207.5000305175588,33.784925867384864,48.514683248538546,0.0,0.23380566801619435,4.4420693257052335e-06,-6.777867156415596e-11,0.0,0.0001620984543010754,-5.051167358499669e-09,0.00016209845437977537,0.0
2344,19.426430399999845,144.50003020092845,207.5000305175733,33.78492608948834,48.514683248541935,0.0,0.23380566801619435,4.6641727990959225e-06,-7.116796041373163e-11,0.0,0.000106887432596065,-1.6313853813478155e-09,0.00010688743260851464,0.0
2345,19.42944549999993,144.5000304384157,207.50003051757693,33.784926145014204,48.51468324854279,0.0,0.23380566801619435,4.719698665667238e-06,-7.202061169664375e-11,0.0,6.420224037112968e-05,-9.798894730651775e-10,6.420224037860747e-05,0.0
2346,19.442572499999642,144.50003049778752,207.50003051757784,33.784926158895665,48.514683248543,0.0,0.23380566801619435,4.733580126980996e-06,-7.223377451737178e-11,0.0,7.766949846630931e-06,-1.1870422176523038e-10,7.766949847538025e-06,0.0
2347,19.44567429999961,144.50003051263047,207.50003051757807,33.784926162366034,48.51468324854305,0.0,0.23380566801619435,4.7370504958621495e-06,-7.228351250887499e-11,0.0,4.1459587874147026e-06,-6.322896009186632e-11,4.145958787896847e-06,0.0
2348,19.458864299999732,144.5000305163412,207.50003051757812,33.78492616323363,48.514683248543065,0.0,0.23380566801619435,4.737918089858795e-06,-7.22977233635902e-11,0.0,4.636491404006499e-07,-6.670220223317484e-12,4.6364914044863e-07,0.0
2349,19.46188549999988,144.5000305172689,207.50003051757812,33.78492616345052,48.514683248543065,0.0,0.23380566801619435,4.7381349830288855e-06,-7.22977233635902e-11,0.0,2.529603765882396e-07,-3.4225197474632847e-12,2.529603766113927e-07,0.0
2350,19.47426519999999,144.50003051750082,207.50003051757812,33.78492616350475,48.514683248543065,0.0,0.23380566801619435,4.738189211650479e-06,-7.22977233635902e-11,0.0,2.9247802350073236e-08,-2.1547922236649206e-13,2.9247802350866992e-08,0.0
2351,19.47762909999983,144.5000305175588,207.50003051757812,33.78492616351831,48.514683248543065,0.0,0.23380566801619435,4.738202768805877e-06,-7.22977233635902e-11,0.0,1.6140480887135333e-08,0.0001519201432495286,0.00015192014410693672,0.0
2352,19.490598899999895,144.5000305175733,207.50003051757812,33.784926163521696,48.514683248543065,0.0,0.23380566801619435,4.7382061580947266e-06,-7.22977233635902e-11,0.0,1.7857170249432693e-09,0.00020396590697063826,0.00020396590697845522,0.0
2353,19.494121399999585,144.50003051757693,207.50001907348633,33.78492616352254,48.51468057284954,0.0,0.23380566801619435,4.738207003640582e-06,2.6756212250234057e-06,0.0,9.127940062625087e-10,0.0003995902246843252,0.00039959022468536777,0.0
2354,19.5069739999999,144.50003051757784,207.50000476837158,33.784926163522755,48.51467722823263,0.0,0.23380566801619435,4.738207216803403e-06,6.020238139115008e-06,0.0,1.069796989657515e-10,0.00045551719258801943,0.000455517192588032,0.0
2355,19.510564399999566,144.50003051757807,207.4999897480011,33.78492616352281,48.51467371638488,0.0,0.23380566801619435,4.738207273646822e-06,9.532085890384678e-06,0.0,5.471537955359646e-11,0.0005121780468979186,0.0005121780468979215,0.0
2356,19.523272599999927,144.50003051757812,207.49997454881668,33.784926163522826,48.51467016272941,0.0,0.23380566801619435,4.738207287857676e-06,1.3085741358054293e-05,0.0,6.7070981836060304e-12,0.00036380585400476006,0.0003638058540047601,0.0
2357,19.52640849999989,144.50003051757812,207.49997074902058,33.784926163522826,48.514669274315544,0.0,0.23380566801619435,4.738207287857676e-06,1.397415522319534e-05,0.0,3.3900600633376297e-12,0.00031524636306403477,0.00031524636306403477,0.0
2358,19.538928599999963,144.50003051757812,207.49996979907155,33.784926163522826,48.51466905221208,0.0,0.23380566801619435,4.738207287857676e-06,1.4196258689480601e-05,0.0,2.236485846114824e-13,0.00011983445286674636,0.00011983445286674636,0.0
2359,19.542113999999856,144.50003051757812,207.4999695615843,33.784926163522826,48.51466899668621,0.0,0.23380566801619435,4.738207287857676e-06,1.4251784556051916e-05,0.0,-0.00016600139776177232,6.41227884268431e-05,0.00017795560135746172,0.0
2360,19.555184599999848,144.50003051757812,207.49996950221248,33.784926163522826,48.51466898280474,0.0,0.23380566801619435,4.738207287857676e-06,1.4265666024471102e-05,0.0,-0.00021629071711777077,7.474979065126309e-06,0.00021641984572433188,0.0
2361,19.558408299999883,144.50001907348633,207.49996948736953,33.784923487829296,48.514668979334374,0.0,0.23380566801619435,2.0625137580054798e-06,1.4269136393352255e-05,0.0,-0.0003656484238427858,3.9362534046907984e-06,0.00036566961037195784,0.0
2362,19.571709799999553,144.50000476837158,207.4999694836588,33.78492014321239,48.51466897846679,0.0,0.23380566801619435,-1.2821031489806956e-06,1.4270003980243473e-05,0.0,-0.00043429421791673424,4.510280187618461e-07,0.00043429445211996614,0.0
2363,19.576412399999754,144.4999897480011,207.4999694827311,33.78491663136463,48.51466897824989,0.0,0.23380566801619435,-4.793950907355793e-06,1.4270220880518991e-05,0.0,-0.0004757924015899982,2.3925376276915135e-07,0.00047579246174476227,0.0
2364,19.586765999999898,144.49997454881668,207.49996948249918,33.78491307770916,48.514668978195665,0.0,0.23380566801619435,-8.347606375025407e-06,1.4270275102035157e-05,0.0,-0.00031369563914837074,2.4009883536506388e-08,0.0003136956400672144,0.0
2365,19.591047699999763,144.49997074902058,207.4999694824412,33.7849121892953,48.51466897818211,0.0,0.23380566801619435,-9.236020240166454e-06,1.4270288659190555e-05,0.0,-0.00026590618997548033,1.1003323183990971e-08,0.00026590619020314165,0.0
2366,19.602424100000007,144.49996979907155,207.4999694824267,33.78491196719183,48.51466897817872,0.0,0.23380566801619435,-9.458123706451715e-06,1.4270292048479405e-05,0.0,-0.00011678708459665893,1.7822911943901546e-09,0.00011678708461025873,0.0
2367,19.606866399999944,144.4999695615843,207.49996948242307,33.784911911665965,48.514668978177866,0.0,0.23380566801619435,-9.51364957302303e-06,1.4270292901130688e-05,0.0,-4.818556691865195e-05,7.355313181161282e-10,4.818556692426573e-05,0.0
2368,19.61850209999966,144.49996950221248,207.49996948242216,33.7849118977845,48.51466897817765,0.0,0.23380566801619435,-9.527531041442217e-06,1.4270293114293509e-05,0.0,-6.729079460533697e-06,1.0295388016842732e-10,6.729079461321286e-06,0.0
2369,19.634177999999793,144.49996948736953,207.49996948242193,33.784911894314135,48.5146689781776,0.0,0.23380566801619435,-9.531001403217942e-06,1.42702931640315e-05,0.0,-2.828066933986933e-06,4.3369321793145875e-11,2.8280669343194743e-06,0.0
2370,19.6383394999998,144.4999694836588,207.49996948242188,33.78491189344654,48.51466897817759,0.0,0.23380566801619435,-9.531868997214588e-06,1.4270293178242355e-05,0.0,-3.3174133584108424e-07,4.9814919336486704e-12,3.3174133587848577e-07,0.0
2371,19.65031369999997,144.4999694827311,207.49996948242188,33.78491189322964,48.51466897817759,0.0,0.23380566801619435,-9.532085897490106e-06,1.4270293178242355e-05,0.0,-9.334899535776135e-08,1.3175469929360598e-12,9.334899536705942e-08,0.0
2372,19.653373099999953,144.49996948249918,207.49996948242188,33.78491189317542,48.51466897817759,0.0,0.23380566801619435,-9.532140119006272e-06,1.4270293178242355e-05,0.0,-4.9268353652705495e-08,6.829679065322792e-13,4.926835365743921e-08,0.0
2373,19.666346099999828,144.4999694824412,207.49996948242188,33.78491189316186,48.51466897817759,0.0,0.23380566801619435,-9.53215367616167e-06,1.4270293178242355e-05,0.0,-7.5854527579209e-09,-4.1781271581158e-05,4.178127226973318e-05,0.0
2374,19.66980889999968,144.4999694824267,207.49996948242188,33.78491189315847,48.51466897817759,0.0,0.23380566801619435,-9.53215706545052e-06,1.4270293178242355e-05,0.0,-3.976655405383379e-09,-0.0002613884228810282,0.0002613884229112778,0.0
2375,19.682616999999937,144.49996948242307,207.49998092651367,33.78491189315762,48.51467165387111,0.0,0.23380566801619435,-9.532157918101802e-06,1.1594599655495585e-05,0.0,-4.328394823740134e-10,-0.00031568792966885626,0.000315687929669153,0.0
2376,19.68566299999975,144.49996948242216,207.49999523162842,33.78491189315741,48.514674998488026,0.0,0.23380566801619435,-9.532158131264623e-06,8.249982741403983e-06,0.0,-2.2466639868957357e-10,-0.0005238997631293863,0.0005238997631294344,0.0
2377,19.6985980999998,144.49996948242193,207.5000102519989,33.78491189315736,48.51467851033578,0.0,0.23380566801619435,-9.532158181002615e-06,4.738134990134313e-06,0.0,-2.8912162249667066e-11,-0.0005385157998027165,0.0005385157998027173,0.0
2378,19.702011599999878,144.49996948242188,207.50002545118332,33.78491189315734,48.514682063991245,0.0,0.23380566801619435,-9.53215819521347e-06,1.1844795224646987e-06,0.0,-1.5597911378811383e-11,-0.0005089209410117578,0.000508920941011758,0.0
2379,19.714168299999983,144.49996948242188,207.50002925097942,33.78491189315734,48.51468295240511,0.0,0.23380566801619435,-9.53215819521347e-06,2.96065657323652e-07,0.0,-1.601665762191412e-12,-0.0002901779584586727,0.0002901779584586727,0.0
2380,19.717813399999613,144.49996948242188,207.50003020092845,33.78491189315734,48.514683174508576,0.0,0.23380566801619435,-9.53215819521347e-06,7.39621910383903e-08,0.0,-8.326266128533187e-13,-0.00023653240505181592,0.00023653240505181592,0.0
2381,19.730664099999558,144.49996948242188,207.5000304384157,33.78491189315734,48.51468323003444,0.0,0.23380566801619435,-9.53215819521347e-06,1.8436324467074883e-08,0.0,4.4424966666793426e-05,-2.837819067962574e-05,5.2715266949859075e-05,0.0
2382,19.734909499999958,144.49996948242188,207.50003049778752,33.78491189315734,48.51468324391591,0.0,0.23380566801619435,-9.53215819521347e-06,4.554856047889189e-09,0.0,0.00026108031288481833,-1.3818353966864468e-05,0.0002614457432860367,0.0
2383,19.746955399999933,144.49998092651367,207.50003051263047,33.78491456885087,48.51468324738628,0.0,0.23380566801619435,-6.856464665361273e-06,1.0844871667359257e-09,0.0,0.0003166062312421674,-1.6353705926930503e-06,0.00031661045481528905,0.0
2384,19.7500428999997,144.49999523162842,207.5000305163412,33.78491791346778,48.51468324825387,0.0,0.23380566801619435,-3.5118477583750973e-06,2.1690027551812818e-10,0.0,0.0004775106916619139,-7.736569189724856e-07,0.0004775113183961901,0.0
2385,19.7626922999998,144.5000102519989,207.5000305172689,33.78492142531554,48.51468324847077,0.0,0.23380566801619435,0.0,-0.0,0.0,0.0004934075865039038,-1.1994612389743858e-07,0.0004934076010832017,0.0
2386,19.767109399999754,144.50002545118332,207.50003051750082,33.784924978971,48.51468324852499,0.0,0.23380566801619435,3.553655460564187e-06,-5.4221516165853245e-11,0.0,0.00046268890348598253,-6.253619281950939e-08,0.0004626889077121217,0.0
2387,19.778286599999774,144.50002925097942,207.5000305175588,33.784925867384864,48.514683248538546,0.0,0.23380566801619435,4.4420693257052335e-06,-6.777867156415596e-11,0.0,0.00024685774391598053,-6.348888402435578e-09,0.00024685774399762345,0.0
2388,19.78152749999981,144.50003020092845,207.5000305175733,33.78492608948834,48.514683248541935,0.0,0.23380566801619435,4.6641727990959225e-06,-7.116796041373163e-11,0.0,0.00019217570903926032,-2.93243099460236e-09,0.0001921757090616335,0.0
2389,19.795001599999978,144.5000304384157,207.50003051757693,33.784926145014204,48.51468324854279,0.0,0.23380566801619435,4.719698665667238e-06,-7.202061169664375e-11,0.0,3.1329551119891e-05,-4.781935326871157e-10,3.132955112354042e-05,0.0
2390,19.798291499999777,144.50003049778752,207.50003051757784,33.784926158895665,48.514683248543,0.0,0.23380566801619435,4.733580126980996e-06,-7.223377451737178e-11,0.0,1.5488884015852987e-05,-2.36528625068999e-10,1.5488884017658987e-05,0.0
2391,19.81019619999961,144.50003051263047,207.50003051757807,33.784926162366034,48.51468324854305,0.0,0.23380566801619435,4.7370504958621495e-06,-7.228351250887499e-11,0.0,1.7858093442642018e-06,-2.7371363225874688e-11,1.7858093444739642e-06,0.0
2392,19.813282199999776,144.5000305163412,207.50003051757812,33.78492616323363,48.514683248543065,0.0,0.23380566801619435,4.737918089858795e-06,-7.22977233635902e-11,0.0,9.6499522782433e-07,-1.4715211306242726e-11,9.64995227936526e-07,0.0
2393,19.826800099999673,144.5000305172689,207.50003051757812,33.78492616345052,48.514683248543065,0.0,0.23380566801619435,4.7381349830288855e-06,-7.22977233635902e-11,0.0,1.2133047802268566e-07,-1.7565912423496034e-12,1.213304780354014e-07,0.0
2394,19.830015999999887,144.50003051750082,207.50003051757812,33.78492616350475,48.514683248543065,0.0,0.23380566801619435,4.738189211650479e-06,-7.22977233635902e-11,0.0,6.306901168848367e-08,-9.209886399503866e-13,6.306901169520821e-08,0.0
2395,19.84241219999967,144.5000305175588,207.50003051757812,33.78492616351831,48.514683248543065,0.0,0.23380566801619435,4.738202768805877e-06,-7.22977233635902e-11,0.0,6.8920328826432604e-09,0.00016062513644007285,0.000160625136587933,0.0
2396,19.858931599999778,144.5000305175733,207.50003051757812,33.784926163521696,48.514683248543065,0.0,0.23380566801619435,4.7382061580947266e-06,-7.22977233635902e-11,0.0,3.6865001261334257e-09,0.0002146712532229111,0.00021467125325456483,0.0
2397,19.86226319999969,144.50003051757693,207.50001907348633,33.78492616352254,48.51468057284954,0.0,0.23380566801619435,4.738207003640582e-06,2.6756212250234057e-06,0.0,3.168789633854199e-10,0.000394480159638513,0.00039448015963864026,0.0
2398,19.87464009999985,144.50003051757784,207.50000476837158,33.784926163522755,48.51467722823263,0.0,0.23380566801619435,4.738207216803403e-06,6.020238139115008e-06,0.0,9.837776948681379e-11,0.00045190369470622443,0.00045190369470623516,0.0
2399,19.878546299999925,144.50003051757807,207.4999897480011,33.78492616352281,48.51467371638488,0.0,0.23380566801619435,4.738207273646822e-06,9.532085890384678e-06,0.0,5.73437264882325e-11,0.0005069019220396236,0.0005069019220396269,0.0
2400,19.89092329999994,144.50003051757812,207.49997454881668,33.784926163522826,48.51467016272941,0.0,0.23380566801619435,4.738207287857676e-06,1.3085741358054293e-05,0.0,6.584580397629757e-12,0.00034997955915675057,0.0003499795591567506,0.0
2401,19.894153999999617,144.50003051757812,207.49997074902058,33.784926163522826,48.514669274315544,0.0,0.23380566801619435,4.738207287857676e-06,1.397415522319534e-05,0.0,3.1400535657861985e-12,0.000299483235659211,0.000299483235659211,0.0
2402,19.90615059999982,144.50003051757812,207.49996979907155,33.784926163522826,48.51466905221208,0.0,0.23380566801619435,4.738207287857676e-06,1.4196258689480601e-05,0.0,2.296332667881527e-13,0.00011988897674278446,0.00011988897674278446,0.0
2403,19.90927899999997,144.50003051757812,207.4999695615843,33.784926163522826,48.51466899668621,0.0,0.23380566801619435,4.738207287857676e-06,1.4251784556051916e-05,0.0,-0.00016916567807346878,6.268484920377379e-05,0.00018040625531770324,0.0
2404,19.922213199999987,144.50003051757812,207.49996950221248,33.784926163522826,48.51466898280474,0.0,0.23380566801619435,4.738207287857676e-06,1.4265666024471102e-05,0.0,-0.0002213071841444661,7.700147272061399e-06,0.00022144110282863944,0.0
2405,19.92537659999971,144.50001907348633,207.49996948736953,33.784923487829296,48.514668979334374,0.0,0.23380566801619435,2.0625137580054798e-06,1.4269136393352255e-05,0.0,-0.00044013434920954264,4.01088901383213e-06,0.00044015262419391403,0.0
2406,19.938205599999947,144.50000476837158,207.4999694836588,33.78492014321239,48.51466897846679,0.0,0.23380566801619435,-1.2821031489806956e-06,1.4270003980243473e-05,0.0,-0.0004955286544170802,4.619409323643885e-07,0.0004955288697319532,0.0
2407,19.94141529999979,144.4999897480011,207.4999694827311,33.78491663136463,48.51466897824989,0.0,0.23380566801619435,-4.793950907355793e-06,1.4270220880518991e-05,0.0,-0.0005536842440547455,2.4818088485651974e-07,0.0005536842996764732,0.0
2408,19.954245699999774,144.49997454881668,207.49996948249918,33.78491307770916,48.514668978195665,0.0,0.23380566801619435,-8.347606375025407e-06,1.4270275102035157e-05,0.0,-0.0003879804941920487,2.88261850237174e-08,0.00038798049526291305,0.0
2409,19.957300999999916,144.49997074902058,207.4999694824412,33.7849121892953,48.51466897818211,0.0,0.23380566801619435,-9.236020240166454e-06,1.4270288659190555e-05,0.0,-0.00033941093193368214,1.5355633853635762e-08,0.00033941093228104203,0.0
2410,19.970132199999625,144.49996979907155,207.4999694824267,33.78491196719183,48.51466897817872,0.0,0.23380566801619435,-9.458123706451715e-06,1.4270292048479405e-05,0.0,-0.00012079844590356576,1.8436314787611675e-09,0.00012079844591763455,0.0
2411,19.973241199999848,144.4999695615843,207.49996948242307,33.784911911665965,48.514668978177866,0.0,0.23380566801619435,-9.51364957302303e-06,1.4270292901130688e-05,0.0,-6.561677889804058e-05,1.001475225446055e-09,6.561677890568308e-05,0.0
2412,19.98617349999995,144.49996950221248,207.49996948242216,33.7849118977845,48.51466897817765,0.0,0.23380566801619435,-9.527531041442217e-06,1.4270293114293509e-05,0.0,-7.474468523194219e-06,1.1424106720263284e-10,7.4744685240672594e-06,0.0
2413,19.989437599999746,144.49996948736953,207.49996948242193,33.784911894314135,48.5146689781776,0.0,0.23380566801619435,-9.531001403217942e-06,1.42702931640315e-05,0.0,-4.026068255510424e-06,6.141219929234523e-11,4.026068255978804e-06,0.0
2414,20.00250449999976,144.4999694836588,207.49996948242188,33.78491189344654,48.51466897817759,0.0,0.23380566801619435,-9.531868997214588e-06,1.4270293178242355e-05,0.0,-4.5499528239504777e-07,6.56168254412038e-12,4.549952824423622e-07,0.0
2415,20.00571119999995,144.4999694827311,207.49996948242188,33.78491189322964,48.51466897817759,0.0,0.23380566801619435,-9.532085897490106e-06,1.4270293178242355e-05,0.0,-2.4106241703136933e-07,3.265086877048868e-12,2.4106241705348144e-07,17.39167912547571
2416,20.018163899999763,144.49996948249918,207.49996948242188,33.78491189317542,48.51466897817759,0.0,0.23380566801619435,-9.532140119006272e-06,1.4270293178242355e-05,0.0,-2.8479012216356587e-08,2.1750919828250569e-13,2.8479012217187202e-08,24.111218324989927
2417,20.021797699999752,144.4999694824412,207.49996948242188,33.78491189316186,48.51466897817759,0.0,0.23380566801619435,-9.53215367616167e-06,1.4270293178242355e-05,0.3159894180297852,-0.625983736734353,-0.66764794635497,0.9152100408801866,51.792571504264615
2418,20.03416799999968,144.4999694824267,207.49996948242188,33.78491189315847,48.51466897817759,0.0,0.23380566801619435,-9.53215706545052e-06,1.4270293178242355e-05,0.7316029968261719,-0.8278500827462116,-0.868568236018715,1.199894387070617,58.842481270597204
2419,20.037314799999876,144.45784378051877,207.5448989868164,33.77506266528324,48.52517375096619,1.5799470901489259,0.23380566801619435,-0.009858760032301461,-0.01049050249542205,1.167141407775879,-1.6202166211776945,-1.6934627721673894,2.3436975189339866,88.20312797891128
2420,20.050183199999992,144.40229129791288,207.600191116333,33.76207417997761,48.53810136424385,2.0780678939819337,0.23380566801619435,-0.022847245337928257,-0.02341811577308306,1.6207467019653323,-1.7950597408697484,-1.8653242936557273,2.5887591996540746,72.7995240002461
2421,20.053297699999803,144.34951615333563,207.65513277053833,33.749735052045075,48.550947034407244,2.1776920547485354,0.23380566801619435,-0.03518637327046292,-0.03626378593647672,2.0779653728027347,-1.9150634722675122,-1.990519783995468,2.762179775700826,66.57296929329856
2422,20.0661613999996,144.30141788721085,207.7024108171463,33.738489404803346,48.56200090967692,2.268026470947266,0.23380566801619435,-0.046432020512192196,-0.047317661206150774,2.20583538413086,-1.7579739053345098,-1.7788745180443033,2.500973171144469,40.26937237278704
2423,20.08224949999976,144.26013077795506,207.74548414349556,33.72883624464334,48.57207169751769,2.286093354187012,0.23380566801619435,-0.056085180672198476,-0.057388449046925416,2.245491303205567,-1.6571602849608513,-1.6731095752325702,2.354883407047245,33.28915022961789
2424,20.08544499999971,144.22808811441064,207.7766458466649,33.72134448828832,48.579357480343724,2.2192971467895513,0.23380566801619435,-0.06357693702722145,-0.06467423187295651,2.2675044038295904,-1.1912532210125018,-1.1504676015941393,1.6560978047477848,3.984677302801778
2425,20.098080299999765,144.200782709755,207.80235772021115,33.71496032991236,48.58536906211415,2.276347489355469,0.23380566801619435,-0.06996109540317974,-0.07068581364337945,2.271907023954395,-1.0874248264058703,-1.032122009334352,1.4992560139069702,2.2112311938505678
2426,20.101215299999694,144.1788959337864,207.82262159558013,33.7098430776363,48.59010687103139,2.2877575578686526,0.23380566801619435,-0.07507834767923782,-0.07542362256062063,2.272787547979356,-1.1455817601247973,-1.105684976860811,1.5921359355238236,2.7871774562721505
2427,20.114501499999733,144.15871858183527,207.8378270297544,33.70512549838457,48.59366198772598,2.290039571571289,0.23380566801619435,-0.07979592693097004,-0.07897873925521282,2.28704556959343,-0.6959373222631035,-0.693265145670726,0.9823163027867305,1.7194788808967536
2428,20.11788899999965,144.14581215278304,207.85222561730188,33.7021079021183,48.597028459106006,2.2904959743118165,0.23380566801619435,-0.08281352319723823,-0.08234521063523914,2.3051505842556006,-0.6834966251715242,-0.6851228917103797,0.9677608244635942,2.722442720515118
2429,20.13006379999979,144.14080026719967,207.86357291433524,33.70093609486146,48.59968152146907,2.290587254859922,0.23380566801619435,-0.08398533045407675,-0.08499827299830542,2.3240250356743624,-0.3628149401719681,-0.396416999448288,0.5373835857779551,2.971414852508314
2430,20.13361169999962,144.13407701992492,207.87017484479475,33.699364161541155,48.60122509023035,2.3668725626663205,0.23380566801619435,-0.08555726377438333,-0.08654184175958335,2.3430533362974706,-0.32606203146234936,-0.3588665670344007,0.48487283002495624,3.893752869658032
2431,20.146103499999754,144.1325335372078,207.8737937111987,33.699003286533404,48.60207120170739,2.3821298149624632,0.23380566801619435,-0.08591813878213372,-0.08738795323662174,2.36211244490842,-0.13993723290764137,-0.15817244260202012,0.21118937177930336,2.883530565994585
2432,20.149457199999688,144.13007628591328,207.8749387537274,33.698428767253006,48.60233891914072,2.3851810746868285,0.23380566801619435,-0.08649265806253226,-0.08765567066995317,2.381177676969965,-0.11323861663783269,-0.08704021618363716,0.14282501017449406,2.617398965659977
2433,20.162447099999554,144.13228866376346,207.8744010397502,33.698946033734174,48.60221319856508,2.385791517366565,0.23380566801619435,-0.08597539158136414,-0.0875299500943143,2.384990761529247,-0.034241348247290915,0.012344448898051143,0.0363985624494821,1.54725094172225
2434,20.165919199999735,144.13284175822602,207.87235544792583,33.69907535035447,48.601734927602095,2.385913415167649,0.23380566801619435,-0.08584607496106855,-0.08705167913132783,2.385753340294131,-0.012361117539673432,0.03005119102381796,0.032494173458939055,1.2438977199824328
2435,20.17810369999961,144.1303364466366,207.8691318002139,33.69848959430471,48.600981220495356,2.385937985462729,0.23380566801619435,-0.08643183101082741,-0.08629797202458889,2.3859058560471076,0.0319224323166627,0.05999651709389966,0.0679604572410347,0.10702754227049771
2436,20.181502499999624,144.13150684115135,207.86882942832494,33.698763239176074,48.60091052423387,2.3859427087868816,0.23380566801619435,-0.08615818613946402,-0.08622727576310041,2.38593632105073,0.07314946110131601,0.12744957116891467,0.14694977662641476,0.04839318649051732
2437,20.194081299999652,144.13420269905737,207.86506883779413,33.69939354603467,48.600031276852675,2.3859436534517124,0.23380566801619435,-0.08552787928086758,-0.08534802838190814,2.3859424140514545,0.07906121261266677,0.11785307692339007,0.14191554911318138,0.00447078487561165
2438,20.197267599999577,144.13755458101434,207.86034069577664,33.70017723503473,48.598925810449806,2.3859438423846786,0.23380566801619435,-0.0847441902808086,-0.08424256197903901,2.385943594504627,0.14357216275518578,0.17614576577269647,0.22724501472606873,0.001970290080338916
2439,20.21009359999971,144.1412192421774,207.8554164422547,33.701034053586014,48.597774492065625,2.3859438801712716,0.23380566801619435,-0.08388737172952432,-0.08309124359485764,2.3859438305952616,0.14110617516173193,0.18881513053055157,0.2357161559716317,0.0001777453927484733
2440,20.213301299999785,144.1449849863256,207.8505690458664,33.701914505912164,48.59664114331492,2.3859438877285903,0.23380566801619435,-0.08300691940337401,-0.08195789484415172,2.3859438778133883,0.17590869367015538,0.22848162908595598,0.288353469440742,8.096828263135716e-05
2441,20.226144199999908,144.1487302248529,207.84594685741388,33.70279016390791,48.59556044945608,2.385943889240054,0.23380566801619435,-0.08213126140762483,-0.08087720098531292,2.385943887257014,0.13920937242055614,0.16090553515500744,0.21276710416143854,7.501712768833861e-06
2442,20.229914599999574,144.15234445196518,207.841621296873,33.70363519069227,48.59454910888428,2.3859438895423466,0.23380566801619435,-0.08128623462327056,-0.07986586041351273,2.385943889145739,0.16892245587182841,0.1379268886114973,0.21807939540410093,-0.9354721009626455
2443,20.242164599999796,144.1556169357452,207.841146443603,33.704400315948526,48.594438085498275,2.3859438896028053,0.23380566801619435,-0.0805211093670124,-0.07975483702750807,2.385943927670456,0.13720772953078816,0.07789682346587867,0.15777793302318352,-1.2203747043970643
2444,20.24542569999994,144.15862087822342,207.8414969380492,33.705102654726325,48.594520033086404,2.385943889614897,0.23380566801619435,-0.07981877058921327,-0.0798367846156367,2.370690525036044,0.15096007864055577,0.14216648310080127,0.20736502660866704,-1.440600934204713
2445,20.258275199999844,144.16499091291524,207.83857476551816,33.706592004942735,48.59383681258573,2.3859440803521785,0.23380566801619435,-0.07832942037280333,-0.07915356411496077,2.3523864341698064,0.09696852210098644,0.10968990172241373,0.1464061775278703,-1.4516779752167221
2446,20.261599799999658,144.1669381884339,207.83280882199477,33.707047288996186,48.5924887023085,2.309676876067994,0.23380566801619435,-0.0778741363193518,-0.0778054538377333,2.348725615996559,0.10091196598368302,0.15484726559034123,0.18482667702336067,-1.461210744885547
2447,20.274819399999615,144.1643465466202,207.82682403167058,33.70644134845068,48.591089424408814,2.2944234352111574,0.23380566801619435,-0.07848007686485658,-0.07640617593804677,2.3479934523619095,0.06445379587336778,0.16749568591665187,0.1794689293531765,-0.2853641629747201
2448,20.277892599999632,144.1654266940281,207.82373710532977,33.706693893036935,48.590367683533586,2.3676397987365676,0.23380566801619435,-0.07822753227860346,-0.07568443506281852,2.347846981488007,0.06758530282662564,0.1799243011444342,0.19219918652398021,1.166886920505498
2449,20.290559799999755,144.16721879508907,207.8216721913715,33.70711289642265,48.589884894946174,2.3822830714416496,0.23380566801619435,-0.07780852889288781,-0.07520164647540639,2.363071097652582,0.04578055165644289,0.1030595607823519,0.11277026194267495,1.4434629411102429
2450,20.293694799999685,144.16898289091094,207.8201259946202,33.707525352024724,48.58952338538185,2.385211725982666,0.23380566801619435,-0.07739607329081366,-0.07484013691108515,2.3813693312248523,0.05865348985484513,0.08439587044818019,0.10277594475780037,1.4633632509662045
2451,20.306683799999973,144.1705339917707,207.8189498030984,33.7078880081974,48.58924838513738,2.3857974568908693,0.23380566801619435,-0.07703341711813749,-0.0745651366666138,2.3850289779393066,0.056993806244130515,0.04613547901820002,0.07332650526536952,1.4813404054229158
2452,20.32327449999957,144.1718487384212,207.8180606624445,33.7081954034163,48.58904049901284,2.38591460307251,0.23380566801619435,-0.07672602189924049,-0.07435725054207154,2.3857609072821973,0.05383358706978207,0.040224359450844065,0.06720159365692539,1.2414612033827706
2453,20.326741299999867,144.1729441792342,207.81741494588456,33.70845152368735,48.58888952682119,2.3859380323088377,0.23380566801619435,-0.07646990162818668,-0.07420627835042382,2.385907293150775,0.03591327129468685,0.020300325552079494,0.0412536819278739,0.0744147022035182
2454,20.33865569999989,144.1738245763027,207.81697885854146,33.708657365512074,48.58878756712863,2.3859427181561035,0.23380566801619435,-0.07626405980346362,-0.07410431865785938,2.385936570324491,0.03240558590520968,0.016500176439690966,0.03636451320175835,0.018084495389359304
2455,20.342496299999766,144.17451388333347,207.81672106351232,33.70881852940287,48.58872729318962,2.3859436553255566,0.23380566801619435,-0.07610289591266906,-0.07404404471885329,2.385942425759234,0.03402188924191097,0.0139000986282533,0.036751893685414726,0.009275026500250496
2456,20.354366799999752,144.17504097693688,207.81661083838785,33.70894176687492,48.588701521930766,2.3859438427594473,0.23380566801619435,-0.07597965844061605,-0.07401827345999834,2.385943596846183,0.019691467052117738,-0.008241607871604443,0.021346615070636624,0.26658239062954797
2457,20.357736799999657,144.17542452035727,207.81661761438212,33.709031441500535,48.58870310619663,2.3859438802462254,0.23380566801619435,-0.07588998381500289,-0.07401985772586528,2.3859438310635728,0.018460969067018215,-0.018182914541317666,0.02591188453413346,0.4688800136830885
2458,20.370212699999684,144.17554329439596,207.82020130911312,33.709059211543995,48.58954099433718,2.385943887743581,0.23380566801619435,-0.07586221377154345,-0.07485774586641014,2.402521331520332,0.0013677153461316913,-0.029015219645108035,0.029047437345175692,0.7386190832126043
2459,20.37348259999999,144.1756988729154,207.82077679822555,33.70909558668367,48.58967554695355,2.3859438892430522,0.23380566801619435,-0.07582583863187153,-0.07499229848278333,2.405836831611684,-0.004611369881844929,-0.029758526991280773,0.030113695569922546,0.9490296418251294
2460,20.386251299999913,144.17332306417612,207.82287761020092,33.7085401091343,48.59016672870082,2.468831157609353,0.23380566801619435,-0.07638131618124078,-0.07548348023005502,2.4230773852432352,-0.018338568517167336,-0.03622284608711197,0.04060046396175103,0.9599582169147968
2461,20.38952849999987,144.1730495465616,207.8228992731557,33.70847615916572,48.59017179362244,2.4025213432162067,0.23380566801619435,-0.07644526614981828,-0.07548854515167136,2.4265254959695457,-0.01903213935365291,-0.01906899696847387,0.02694158447011848,-0.3274540444071985
2462,20.402132999999594,144.17078390153299,207.82466707903112,33.707946438516316,48.590585116656065,2.472146648403984,0.23380566801619435,-0.07697498679922177,-0.07590186818529787,2.427215118114808,-0.019468664530931625,-0.008297053358572958,0.021162939140227238,-0.5817954770113285
2463,20.405351199999586,144.17076680668208,207.82441094090035,33.70794244164328,48.59052523010929,2.403184441375133,0.23380566801619435,-0.0769789836722552,-0.07584198163852562,2.410775588930579,-0.005206906074099825,-0.03699112848747043,0.03735579550272011,-1.8290462865375932
2464,20.418106799999805,144.1712546289166,207.82371748131885,33.7080564972467,48.5903630953286,2.3893919999693627,0.23380566801619435,-0.07686492806883649,-0.07567984685783102,2.4074876830937333,7.487089422175122e-05,-0.04877134629864198,0.04877140376729852,-2.094711638959379
2465,20.42163419999997,144.17167413086196,207.82646235983168,33.708154579179265,48.591004863482915,2.3866335116882085,0.23380566801619435,-0.07676684613627316,-0.07632161501214796,2.3902526864600557,-0.03383031103087736,-0.07988562210067573,0.0867536890446618,-2.1448735854257235
2466,20.434115399999882,144.17204222045962,207.82968916783878,33.70824064061354,48.59175930948457,2.3860818140319777,0.23380566801619435,-0.07668078470199902,-0.07707606101380549,2.3868056871333194,-0.03360255759858879,-0.08018853248889479,0.08694442259218824,-1.1253852795409605
2467,20.437630999999783,144.16886123260514,207.8325214740886,33.707496907623266,48.59242151873934,2.3859716652355947,0.23380566801619435,-0.07742451769227188,-0.0777382702685756,2.386116287267973,-0.024456054321173416,-0.05666247392989873,0.061714945878746735,-1.075597171265815
2468,20.450329599999804,144.16885562797552,207.8315930455241,33.7074955972291,48.59220444687861,2.385949444741455,0.23380566801619435,-0.07742582808644016,-0.07752119840784388,2.3859784072949033,-0.026929586346720248,-0.01358630532703269,0.030162730533637345,0.16368019697312697
2469,20.453455699999722,144.1695866486931,207.82985031826578,33.7076665140163,48.591796987367815,2.385945000642627,0.23380566801619435,-0.07725491129923512,-0.07711373889704731,2.3859508313002893,-0.016519937501316032,0.023448052018024128,0.028683086976254026,0.4298073476337455
2470,20.466102599999886,144.17042171710492,207.8280413454356,33.70786175774417,48.591374039266825,2.3859441118228615,0.23380566801619435,-0.07705966757136906,-0.07669079079605723,2.402522731567675,0.019430815028098427,0.058474222789980095,0.06161810856841034,0.4792120622647464
2471,20.469245799999953,144.1712141328895,207.82636458440578,33.70804702904603,48.59098200303415,2.385943934058908,0.23380566801619435,-0.07687439626950976,-0.07629875456338198,2.4058371116211523,0.021679968499346176,0.019089761553381268,0.02888667565327648,0.48966855432924855
2472,20.482262199999695,144.1694438530466,207.82710124741982,33.707633127584785,48.591154239022245,2.468831166572524,0.23380566801619435,-0.07728829773075319,-0.07647099055147777,2.406499987631848,0.013399419590159783,-0.00370964354781614,0.013903449234093377,0.7474653740139815
2473,20.485462599999664,144.1695963758593,207.8295627874409,33.707668788282895,48.591729761031225,2.4025213450088407,0.23380566801619435,-0.07725263703264318,-0.07704651256045736,2.4066325628339866,0.020580715851811256,0.009793922749808373,0.02279225280226176,-0.240559937694382
2474,20.49843279999959,144.1703325961621,207.82865610823717,33.7078409207626,48.59151777429432,2.389259380696104,0.23380566801619435,-0.07708050455293858,-0.07683452582354988,2.423236531487696,-0.011005727074863591,-0.0031874751635916562,0.011458011448977486,-0.49433371503362467
2475,20.502084999999624,144.17113463219482,207.8270790356042,33.708028441333,48.59114904577386,2.3866069878335567,0.23380566801619435,-0.07689298398253896,-0.07646579730309355,2.409979871605157,-0.008106018088186194,-0.02837861707161848,0.029513614420188482,-0.5381813228385399
2476,20.51445079999985,144.1658991975995,207.82391529723114,33.70680436705008,48.590409345810116,2.4689637773274535,0.23380566801619435,-0.07811705826545534,-0.07572609733934854,2.407328539628649,-0.00632099087604423,0.01006709838602689,0.011887026355189914,-0.5481602438919514
2477,20.51760129999957,144.16566608357957,207.82579083602653,33.706749863670936,48.59084785741106,2.402547867159827,0.23380566801619435,-0.07817156164460215,-0.07616460894029586,2.4067982732333473,-0.005446929189193168,0.009923337870982797,0.011319967848618915,-0.9970783094226792
2478,20.530122299999675,144.16674077016248,207.82512675563748,33.707001131485356,48.590692591652086,2.3892646851263013,0.23380566801619435,-0.07792029383018217,-0.07600934318131891,2.4066922199542864,-0.0021012627760409255,0.002070773859592187,0.002950154170809644,-0.4255674627380889
2479,20.547333199999684,144.16803941006992,207.8239765436457,33.70730476085643,48.590423665568984,2.386608048719596,0.23380566801619435,-0.0776166644591072,-0.075740417098217,2.390093555685193,0.02234626300174264,-0.005789683652318902,0.023084105071173554,-0.10148107158306646
2480,20.551632100000006,144.16929104148232,207.82284212785478,33.70759739937492,48.590158432727186,2.386076721438255,0.23380566801619435,-0.07732402594061938,-0.07547518425641897,2.386773860978347,-0.10869751699731456,-0.008742892789003382,0.10904855971401684,0.12165045189838325
2481,20.562950199999705,144.170416479853,207.82184899021564,33.70786053324498,48.589926231518035,2.3859704559819868,0.23380566801619435,-0.07706089207055555,-0.07524298304726784,2.4026873756502596,-0.12503871638912328,-0.033291789589091084,0.12939483703101884,0.13416215970101325
2482,20.5663098,144.16075292367418,207.82406118554218,33.705601139037185,48.590443455324134,2.3859493936255967,0.23380566801619435,-0.07932028627835308,-0.07576020685336715,2.4058700785846416,-0.10770903262271495,-0.03456595440239595,0.11311958677554294,0.3353048220805381
2483,20.57807829999956,144.15765038912167,207.82961530248906,33.70487574887359,48.59174203934714,2.4688322584858615,0.23380566801619435,-0.08004567644194793,-0.07705879087637157,2.4065066191715183,-0.13874214059391776,-0.05341590827971574,0.14866956929354927,0.4901420288529139
2484,20.581162799999674,144.15902624474137,207.8294932116086,33.705197431715845,48.591713493807276,2.4025215633915082,0.23380566801619435,-0.07972399359969273,-0.07703024533650904,2.406633965435866,-0.17524306627538738,-0.08921827913277633,0.19664697711638948,-0.8335466252667385
2485,20.59409519999963,144.1542089232459,207.83129374357597,33.70407111464555,48.59213446838669,2.3892594243726375,0.23380566801619435,-0.08085031066998738,-0.07745121991592185,2.4066593965417633,-0.032585239416448475,-0.06618121225403939,0.07376822271982349,-1.074631439345524
2486,20.597274599999764,144.1520432891611,207.83344904624556,33.70356477712168,48.592638390367135,2.386607187303727,0.23380566801619435,-0.08135664819386079,-0.07795514189636776,2.3900870291496616,0.028171975949830147,-0.019638726468274956,0.0343415172380827,-0.07091059351437123
2487,20.610117499999888,144.15428279494654,207.8355786006727,33.70408838626787,48.59313629226255,2.3860765491550815,0.23380566801619435,-0.08083303904766836,-0.0784530437917823,2.386772555671241,0.018502951560935642,-0.025530028958914014,0.031530011022981246,-0.02968509967472934
2488,20.613254799999595,144.15753203296515,207.8339366118381,33.70484807653335,48.5927523859662,2.3859704215253523,0.23380566801619435,-0.08007334878218586,-0.07806913749543298,2.402687114588838,0.04478057650403265,0.030615781605634905,0.05424597787262622,-0.9563964389359818
2489,20.62611939999988,144.16061027264558,207.83504817883843,33.70556778641815,48.593012276631256,2.3859491959994066,0.23380566801619435,-0.07935363889738767,-0.07832902816048914,2.405869988225385,0.05996766647857994,0.07271339976568608,0.09425157573415247,0.2940325424207091
2490,20.62927529999979,144.16120817118875,207.8316982934889,33.70570757848644,48.592229054449334,2.4688322189606238,0.23380566801619435,-0.0792138468290986,-0.0775458059785663,2.3912531526133387,0.11102077331423399,0.14649562250394635,0.18381126059115444,-0.4723140509487863
2491,20.642407699999694,144.15652823908624,207.8287779974445,33.704613383834946,48.59154627268186,2.4025215554864605,0.23380566801619435,-0.0803080414805919,-0.07686302421109303,2.404907239104211,0.06450204723717161,0.10832360442037786,0.12607346022224036,-1.7850992860408572
2492,20.645469599999615,144.16040510054304,207.82445447860917,33.705519816017656,48.59053540947239,2.312992371094851,0.23380566801619435,-0.0794016092978822,-0.07585216100162029,2.3923846460630296,0.0702066226411835,0.10498100114526379,0.12629323205993034,-3.033526016159538
2493,20.6582656999999,144.16092799632716,207.8282030056386,33.70564207201576,48.59141183633859,2.4542408539797123,0.23380566801619435,-0.07927935329977487,-0.07672858786781944,2.373302673841512,0.06948131662244243,0.047839484745160935,0.08435798516009366,-1.6729114467976436
2494,20.661446799999794,144.1620772444431,207.82870526190771,33.70591077273923,48.591529266701095,2.323336230793501,0.23380566801619435,-0.0790106525763079,-0.07684601823032722,2.3542328690578533,0.10609565278737462,0.09058698133340323,0.1395073070755704,-2.5984444581459725
2495,20.674348999999893,144.16432149616938,207.83077632158046,33.70643549151329,48.592013492191384,2.3734223578530362,0.23380566801619435,-0.07848593380224855,-0.07733024372061692,2.3822497720537585,0.04526305556647519,0.024391360761201547,0.05141675484700394,-1.8142423556329774
2496,20.677407599999697,144.16562642506773,207.82730009846154,33.70674059128608,48.59120073152289,2.307172531568166,0.23380566801619435,-0.0781808340294603,-0.0765174830521218,2.371275699039658,0.0657046416482403,0.006551212377552386,0.06603043478381367,-1.5439613237152412
2497,20.6904099999997,144.16517445905015,207.82734657002555,33.70663491906942,48.59121159683796,2.4530768860743755,0.23380566801619435,-0.07828650624611555,-0.0765283483671908,2.3690808844368383,0.06352885639139716,0.013299637672268147,0.06490605485324445,-0.10922423835377654
2498,20.69354929999963,144.1666750844891,207.82946390080718,33.706985773802614,48.59170664077577,2.399370488909211,0.23380566801619435,-0.0779356515129237,-0.07702339230500144,2.368641921516274,-0.011738497411786987,-0.0005140439534859556,0.011749747345055777,-0.3731014136338416
2499,20.706412799999725,144.17072379431562,207.8296384666569,33.70793238510821,48.59174745526087,2.312362157779401,0.23380566801619435,-0.0769890402073301,-0.07706420679010506,2.383807539271517,-0.030565869685696332,-0.0613893563694838,0.06857787883204358,0.11130948038211816
2500,20.70997239999997,144.16561338266092,207.83126139278727,33.706737541897446,48.59212690458893,2.371227543250216,0.23380566801619435,-0.07818388341809168,-0.07744365611816306,2.386840662822565,-0.043324790084823615,-0.12076199041863156,0.128298463614198,0.8698647103235798
2501,20.722535199999584,144.16591506441523,207.8333379617222,33.706808076801536,48.592612418175946,2.3830006203443794,0.23380566801619435,-0.07811334851400176,-0.07792916970517894,2.3721938771934195,-0.06455237538258288,-0.07526786451620462,0.09915775610794966,0.9374585028115862
2502,20.725935899999968,144.1648689638577,207.8376679865243,33.70656349256188,48.593624802517326,2.468242503829618,0.23380566801619435,-0.07835793275366143,-0.07894155404655834,2.384517930406946,-0.056101872967002725,-0.03248876613199418,0.06483008618832095,-0.18875185814518414
2503,20.738375599999927,144.1651681992164,207.83395541826195,33.706633455484805,48.59275678301469,2.3261365607634823,0.23380566801619435,-0.0782879698307326,-0.0780735345439254,2.386982741049651,0.01702062994148243,-0.01461858284271741,0.0224366844238243,-0.6672567596716522
2504,20.74169099999972,144.16681084863222,207.8309673396729,33.70701751622879,48.59205815330409,2.3739824238470324,0.23380566801619435,-0.07790390908674993,-0.0773749048333201,2.3722222928388366,0.016919195140543113,-0.005150467946605238,0.01768577067228866,-0.09533257898218378
2505,20.75436899999977,144.16843458471664,207.8319026015198,33.70739715492869,48.59227682282498,2.3835515964637426,0.23380566801619435,-0.07752427038684573,-0.07759357435421066,2.3526927495833925,-0.040699152768437254,0.04049357530723204,0.057412112635149275,-0.5289393908761657
2506,20.7708561999998,144.16879474237055,207.83128955418854,33.70748136182955,48.592133488884166,2.309198379290307,0.23380566801619435,-0.07744006348598731,-0.07745024041339832,2.3806177048849406,-0.06595223976324568,0.010442429387301486,0.06677381418862803,-0.5489716014427052
2507,20.774692199999663,144.16288807768248,207.83242947472877,33.706100350146414,48.59240000876756,2.370594787552397,0.23380566801619435,-0.07882107516912384,-0.07771676029679497,2.38620269594525,-0.07833914381535731,-0.055342725922238316,0.09591578997343046,1.156723088546738
2508,20.786092899999858,144.15700543616867,207.83635367605524,33.70472495521758,48.593317509280126,2.4657613372712217,0.23380566801619435,-0.0801964700979596,-0.07863426080935909,2.3873197323042845,-0.0887148961546814,-0.05606272580266897,0.10494456643467134,1.265231387021864
2509,20.789889599999697,144.15788081460857,207.83827314191421,33.70492962365849,48.59376629127752,2.4019073791485805,0.23380566801619435,-0.07999180165705155,-0.07908304280675083,2.402796549915447,-0.15019711462106866,-0.021077600915253826,0.1516688448589134,0.7947111757951971
2510,20.8020733999997,144.15673781229472,207.83935954524418,33.70466238323895,48.59402029853381,2.3891367782589152,0.23380566801619435,-0.08025904207659096,-0.07933705006304592,2.390638503098324,-0.07497028353163758,0.013360625899843326,0.07615149202247908,0.49568418610613135
2511,20.805763999999726,144.1519659777319,207.83646113264894,33.70354670127132,48.593342633240795,2.386582467346119,0.23380566801619435,-0.08137472404421686,-0.07865938477002743,2.3882068937348992,-0.04354436154955267,-0.004255442749289726,0.043751802428593084,-0.38379930763700293
2512,20.818172199999935,144.1528215115228,207.83101011958803,33.703746729920816,48.59206815549073,2.3098045534667824,0.23380566801619435,-0.08117469539472211,-0.0773849070199617,2.3877205718622143,-0.06921002567612373,0.013999021197015515,0.07061161553571903,-1.248035786146033
2513,20.821742599999652,144.15337871772445,207.8335841339009,33.70387700788902,48.59266997462663,2.4536032904540988,0.23380566801619435,-0.08104441742651858,-0.07798672615586355,2.372369859001349,-0.0467034445468628,0.03109253843471633,0.0561066634086915,-0.2208834465074564
2514,20.834284099999877,144.14938670213618,207.8350287239049,33.70294365201767,48.59300772795753,2.399475769785156,0.23380566801619435,-0.08197777329786504,-0.07832447948675991,2.369299754576149,0.014101345119146274,-0.008472619409091008,0.016450933524289012,-0.30992901157567565
2515,20.83782199999996,144.15075762524108,207.83405091266567,33.70326418161001,48.592779110147546,2.3123832139545897,0.23380566801619435,-0.08165724370552851,-0.07809586167677907,2.3839391440304643,0.06373585786944123,0.005636417013138044,0.06398459795216038,-1.463128804237963
2516,20.850184699999772,144.15084858599778,207.8348020958422,33.70328544875049,48.59295474103194,2.371231945220117,0.23380566801619435,-0.08163597656504606,-0.07827149256117139,2.370289568308046,0.04509802681983331,0.03771353777236455,0.05878896966566069,-0.42456778591613165
2517,20.85328249999975,144.1543503300932,207.8325065237164,33.70410417636795,48.592418023257586,2.3830015007383594,0.23380566801619435,-0.08081724894758935,-0.07773477478681912,2.352306242824207,0.12165761529921514,0.054050518807127634,0.13312412983231658,-0.2517542843671594
2518,20.866330599999856,144.15118600171274,207.83296259894666,33.703364338457135,48.59252465623146,2.3853554118420077,0.23380566801619435,-0.08155708685840324,-0.07784140776069393,2.3639629880667945,0.11845322901039759,0.0369787360224865,0.12409107292956427,-1.0719337044551513
2519,20.870095199999923,144.15615129779147,207.83208098176792,33.704525252823714,48.59231852913805,2.30955914236596,0.23380566801619435,-0.08039617249182385,-0.07763528066728043,2.3662942989683393,0.16521410685357926,0.01973477260711567,0.1663885884106253,-1.744123018292774
2520,20.882705299999998,144.16017353611778,207.83319953621347,33.705465674942516,48.592580053507405,2.3706669401675278,0.23380566801619435,-0.07945575037302177,-0.07789680503663732,2.3667605992956213,0.11005772736542824,-0.019700872499686953,0.1118071005352158,-0.11006909512068147
2521,20.886100599999736,144.1635937990685,207.83465791627992,33.70626535180651,48.592921031033065,2.3828884997278417,0.23380566801619435,-0.07865607350903048,-0.0782377825622973,2.351600449021722,0.0854040863212574,0.0004846929892343109,0.08540546169691139,1.134871768443337
2522,20.89827729999979,144.162995465148,207.8359037063649,33.70612545794452,48.59321230381609,2.3853330023747676,0.23380566801619435,-0.0787959673710148,-0.07852905534532084,2.380399282919579,0.021816462841653665,-0.008658946264070627,0.02347201315024593,0.8461876142094383
2523,20.901415399999678,144.16057995149208,207.83465875740177,33.7055606971606,48.592921227692116,2.309554660472512,0.23380566801619435,-0.07936072815493844,-0.07823797922134901,2.4027365033124317,-0.10539670995051664,-0.04985201594821277,0.11659198069547577,0.7013405243832049
2524,20.91450279999981,144.16004473762888,207.83415297060043,33.70543556112578,48.59280297187116,2.4535533118552446,0.23380566801619435,-0.07948586418975623,-0.0781197234003912,2.3919505370516467,-0.1634286767637281,-0.02608469310849536,0.16549726161875764,1.8247883074452584
2525,20.917641699999876,144.1525066067705,207.83719653732783,33.703673103404846,48.59351457502301,2.482353042131791,0.23380566801619435,-0.08124832191069231,-0.07883132655224045,2.389793305652517,-0.12287806263607615,-0.030120165358059534,0.12651578019516893,1.5266586170765888
2526,20.93050579999999,144.1495005530598,207.83618359478118,33.70297027100892,48.593277743314225,2.3289586684239167,0.23380566801619435,-0.08195115430661559,-0.0785944948434576,2.4046153078590193,-0.08554981781629926,-0.051636952093355594,0.0999257031493574,-0.15762128801720823
2527,20.933895899999698,144.1522738199056,207.83682299830468,33.70361867651639,48.59342723948217,2.374546845379119,0.23380566801619435,-0.08130274879914623,-0.07874399101140028,2.40757970830032,-0.12646151073417222,-0.1000294368495453,0.16124019949629909,0.7904822550878365
2528,20.946160299999974,144.1526238138631,207.83760083014258,33.703700507087426,48.59360910097463,2.383664671505023,0.23380566801619435,-0.08122091822811228,-0.07892585250386475,2.391595172922271,-0.016229027654538042,-0.057937044363405577,0.06016712098961514,0.9654672757652907
2529,20.949238799999875,144.1498045130361,207.84066775514307,33.70304133857423,48.59432616542313,2.468375314061747,0.23380566801619435,-0.08188008674130742,-0.07964291695236625,2.403651714332989,-0.004850926507804452,-0.06569147507485218,0.06587033767557325,0.7662620537686251
2530,20.962087599999904,144.1492370169309,207.84156037140295,33.70290865476826,48.59453486416405,2.402430365241549,0.23380566801619435,-0.08201277054727996,-0.07985161569328625,2.4060630226151334,-0.05495282130561533,-0.056536858175426384,0.07884306502029945,0.5928627744075697
2531,20.96517559999984,144.14926680428155,207.8418293018351,33.702915619219674,48.594597741623396,2.389241375477509,0.23380566801619435,-0.08200580609586439,-0.07991449315262855,2.406545284271562,-0.058675010668596796,-0.05270298632858618,0.07886926933166738,1.9238692614779516
2532,20.978153199999724,144.1459783526817,207.841736317158,33.702146760596634,48.594576001278845,2.3866033867898375,0.23380566801619435,-0.08277466471890449,-0.07989275280807817,2.4066417366028476,-0.022961285439435288,-0.014166115876069212,0.026979612081077874,1.1905825644000865
2533,20.98125439999967,144.14581999710597,207.8416787387133,33.70210973616547,48.594562539112125,2.386075979787167,0.23380566801619435,-0.08281168915006987,-0.07987929064135812,2.423238442535413,-0.03805907515982139,-0.01796114469318608,0.042084390463810926,1.1614136711534035
2534,20.994535199999973,144.14380058033117,207.84396460655333,33.701637585077435,48.595096987969455,2.4688575757181757,0.23380566801619435,-0.08328384023810287,-0.08041373949868813,2.4265577837219268,-0.03440212428601352,-0.01271702533846019,0.0366773620759367,2.2117102391456966
2535,21.010409199999685,144.13797422345192,207.84635568410903,33.70027534981518,48.595656035454645,2.4854138949043776,0.23380566801619435,-0.08464607550035907,-0.08097278698387811,2.427221690106202,-0.0162003669060418,-0.01046322201215108,0.019285510176449503,1.9992258106567804
2536,21.013499299999694,144.13824569209345,207.84627825208196,33.70033882072226,48.59563793140783,2.405838081410075,0.23380566801619435,-0.0845826045932796,-0.08095468293706176,2.4439318868493656,-0.02419212606295837,-0.03453165158614056,0.04216270774882317,-0.29834322693822024
2537,21.02604479999991,144.1399500643808,207.84558369265915,33.700737312623446,48.595475539478,2.389922918711214,0.23380566801619435,-0.08418411269209258,-0.08079229100723495,2.4306965107316896,-0.011680378483685035,-0.02473148677375449,0.0273510087485366,-0.4054833594174526
2538,21.029177799999616,144.13925463645654,207.8471381106648,33.70057471763306,48.595838971218186,2.4696269635029853,0.23380566801619435,-0.08434670768247798,-0.08115572274741822,2.411471981894873,-0.0172691111315404,-0.0012223738677372732,0.01731231923071024,-0.4626278375050043
2539,21.042632699999558,144.1408088373368,207.84663407600604,33.7009380986081,48.5957211250581,2.4026806951297965,0.23380566801619435,-0.08398332670743969,-0.08103787658733097,2.4076270379805376,-0.029100493260585968,0.0020983008524526987,0.02917604453103287,-2.0642559110335243
2540,21.045785599999817,144.139274780135,207.84552387544682,33.70057942733926,48.59546155387471,2.3892912507202952,0.23380566801619435,-0.08434199797628139,-0.08077830540394615,2.40685804919767,-0.010662616226438899,0.014005719593779858,0.017602601118354842,-1.187235674320972
2541,21.05808509999997,144.13724331661578,207.84434224205506,33.7001044596541,48.595185281290206,2.386613361838395,0.23380566801619435,-0.08481696566143881,-0.0805020328194388,2.37487338748846,0.016784560631954167,0.04799958738050706,0.050849600434090717,0.3258139165399476
2542,21.061142199999722,144.1388640518102,207.8433945204747,33.700483396728906,48.594963698613014,2.386077974796878,0.23380566801619435,-0.08443802858663219,-0.08028045014224716,2.3850538706129263,-0.09853552679811531,0.030273270440397525,0.10308113767581122,0.6211237933948532
2543,21.074166799999603,144.1436179904916,207.84038811986477,33.70159489453802,48.59426078511009,2.3097036549569343,0.23380566801619435,-0.08332653077751928,-0.0795775366393201,2.403667420851101,-0.08311373902416604,0.005734640507751807,0.08331134206295279,0.681523268588621
2544,21.07729309999968,144.1362691826815,207.841456130308,33.699876701618855,48.59451049200521,2.4535831107521293,0.23380566801619435,-0.08504472369668292,-0.07982724353444581,2.4073901690457085,-0.04455589132943019,0.0028880432048849543,0.04464939244506329,2.1816321992087593
2545,21.090108399999735,144.13426031935202,207.84366862852426,33.699407017986154,48.59502778662865,2.4823590019111683,0.23380566801619435,-0.08551440732938431,-0.08034453815788112,2.4081347186846305,-0.0842033536203934,-0.008355357836754718,0.0846168822724002,1.5627656783631678
2546,21.093251699999655,144.13633302417395,207.8435579957541,33.69989162812164,48.59500192005992,2.405227102811433,0.23380566801619435,-0.08502979719389714,-0.08031867158915418,2.423537077098743,-0.07065073187477804,0.04366508559953544,0.08305519619419686,1.316262288834659
2547,21.106316799999604,144.1321820109263,207.8426491424932,33.698921097696335,48.594789425016124,2.389800722991486,0.23380566801619435,-0.08600032761920318,-0.08010617654535679,2.4266175487815653,0.054303990940051415,0.05422430119622284,0.07674111200807478,1.3360542347843603
2548,21.109450699999798,144.13423416239954,207.83843938523268,33.699400902342404,48.593805159907646,2.3867154470274965,0.23380566801619435,-0.08552052297313395,-0.07912191143687863,2.4272336431181296,0.016877971710573515,0.02775954840844795,0.03248782013161063,2.5861964268526973
2549,21.122399499999574,144.13839786555104,207.83993897838826,33.70037439973916,48.594155773287135,2.468985469166242,0.23380566801619435,-0.08454702557637717,-0.07947252481636724,2.443934277451751,-0.01641030810626081,0.01702196505204783,0.023644143172793276,1.9312249313293022
2550,21.12555659999998,144.13537613875104,207.84227081637442,33.69966790288613,48.5947009702252,2.4854394735939906,0.23380566801619435,-0.08525352242941153,-0.08001772175443023,2.463851819784784,-0.002322825316610605,-0.019846431757337274,0.019981901084484745,1.0880496070221106
2551,21.138207899999998,144.13471225978543,207.84473060692562,33.69951268422109,48.5952760831982,2.4887302744795403,0.23380566801619435,-0.0854087410944473,-0.08059283472743317,2.4844127437176993,-0.03250641694583472,-0.0895350196581215,0.09525327757004823,0.7625084994741989
2552,21.14133979999997,144.13466073096197,207.8469820596904,33.6995006364901,48.59580248561587,2.48938843465665,0.23380566801619435,-0.08542078882543791,-0.08111923714510283,2.471947474891001,-0.05805160586316824,-0.07096514646937065,0.09168446409676974,0.25186196865555316
2553,21.154665399999885,144.13478517785768,207.8489411020808,33.69952973287968,48.59626052083063,2.4895200666920725,0.23380566801619435,-0.08539169243585576,-0.08157727235986556,2.4528770056593525,-0.003021807690737491,-0.031549839285285666,0.031694221565565464,-1.0221457768615565
2554,21.157684099999642,144.1341067558902,207.84809190393815,33.69937111397838,48.596061973491615,2.4066591250327507,0.23380566801619435,-0.08555031133715829,-0.08137872502084775,2.449062911813023,0.00832519834466757,-0.03835964009700765,0.03925265488919205,-1.3569763523685965
2555,21.170142499999656,144.13684394971474,207.84679241568182,33.70001108540902,48.59575814577176,2.3900871274357494,0.23380566801619435,-0.08491033990652141,-0.0810748973009936,2.4483000930437573,-0.003883092836537448,-0.009434907204380177,0.010202739040690663,-0.3045899258158146
2556,21.173259199999848,144.1374366954365,207.84785227872516,33.70014967271845,48.59600594775862,2.4696598052478924,0.23380566801619435,-0.08477175259708503,-0.08132269928785263,2.448147529289904,-0.011914375678162321,-0.022684631237816603,0.025623130999081877,0.19384820891017598
2557,21.186167999999725,144.13385410794115,207.8491472127477,33.699312043455876,48.596308710672794,2.485574340810321,0.23380566801619435,-0.08560938185966194,-0.08162546220202671,2.4646944701524145,-0.0004987200747936557,-0.0401508711735878,0.0401539683930623,0.4567699257578539
2558,21.189286899999843,144.1333475601884,207.85048947042327,33.69919360972017,48.59662253812528,2.4887572479228064,0.23380566801619435,-0.08572781559536935,-0.08193928965451391,2.4680038583249164,0.03422198651547614,-0.024856229520878702,0.04229629424736915,0.4773378829887897
2559,21.202234499999577,144.13359857827953,207.85168334172693,33.69925229917265,48.59690167200296,2.4893938293453037,0.23380566801619435,-0.08566912614288924,-0.08221842353218989,2.468665735959417,0.028108686134078235,-0.010854623938382895,0.0301317290746455,0.22607830029920212
2560,21.205415799999628,144.1366596848531,207.85031097215048,33.699968003239945,48.596580804217375,2.40663406829826,0.23380566801619435,-0.08495342207559275,-0.08189755574660751,2.468798111486317,0.02066388942856693,-0.007714047220034291,0.022056809624897228,-0.07087321394535809
2561,21.21809609999991,144.1374135174047,207.85082618664114,33.700144253563245,48.596701264285535,2.4729691934203943,0.23380566801619435,-0.08477717175229316,-0.08201801581476786,2.452247171125389,0.05332186434284002,0.03515615979911882,0.06386843343011799,0.6889618946810587
2562,21.234408599999824,144.13028920088436,207.8513669775685,33.69847854798005,48.59682770426956,2.4862362184448212,0.23380566801619435,-0.08644287733548595,-0.08214445579879026,2.448936983053203,0.05601820914999262,0.03781634895419917,0.0675878391768673,0.73016622053652
2563,21.237683199999992,144.13204434611953,207.84977411743898,33.69888891088422,48.59645528454292,2.4060025461181636,0.23380566801619435,-0.08603251443131654,-0.08177203607215233,2.4648523609050743,-0.1409771631270913,0.012445011443776483,0.14152539995773986,0.7623348231178457
2564,21.250061899999764,144.13299811655918,207.8502113211078,33.699111907819,48.59655750523877,2.472842888984375,0.23380566801619435,-0.08580951749653565,-0.0818742567680033,2.4680354364754487,-0.1462790399370614,0.011729494379199856,0.1467485555748338,1.272155706085838
2565,21.253206399999726,144.12277665926675,207.85056094795272,33.696722073168644,48.5966392499768,2.4862109575576175,0.23380566801619435,-0.08819935214689423,-0.0819560015060361,2.4686720515895235,-0.15677807158480592,0.004415521129563839,0.156840238958936,1.523925450521684
2566,21.266636199999994,144.12205234963113,207.8513121119882,33.69655272547044,48.596814876385906,2.4888845712722656,0.23380566801619435,-0.08836869984509832,-0.08213162791513895,2.485376790078647,-0.17594358089626883,-0.02073252237769644,0.1771608905564193,0.5627615441279455
2567,21.269800199999736,144.11996010889214,207.85191189030172,33.69606354772681,48.59695510795516,2.4894192940151956,0.23380566801619435,-0.08885787758872965,-0.08227185948439342,2.4887177377764718,-0.14509008771323498,-0.02740819557390435,0.1476561638986047,-0.5378788837768206
2568,21.28207599999996,144.12150842932266,207.8525424867356,33.69642555381937,48.597102544975634,2.4895262385637813,0.23380566801619435,-0.08849587149617122,-0.08241929650486668,2.489385927316037,0.028519104220797432,-0.02445467994018723,0.03756821364576311,-0.6293023759011029
2569,21.28521049999972,144.12381811685214,207.85310067905695,33.69696557185511,48.59723305350421,2.4895476274734984,0.23380566801619435,-0.08795585346042856,-0.08254980503344456,2.472942149757641,0.10946749105956445,0.007903367238101432,0.10975242508744906,-0.9202263172836991
2570,21.298124599999937,144.12978570597085,207.85372087899276,33.69836082801545,48.5973780597645,2.489551905255442,0.23380566801619435,-0.08656059730008536,-0.08269481129373446,2.469653394245962,0.14726250929256324,0.01686579203270663,0.14822517189746412,-1.1334552599399401
2571,21.30124539999997,144.1350198212681,207.8517358838107,33.699584593839,48.59691395663995,2.4066656834802878,0.23380566801619435,-0.08533683147653903,-0.08223070816918465,2.468995643143626,0.15436302373398608,0.013466362859723132,0.1549493014665406,-2.161041415018354
2572,21.31411799999978,144.13691199877405,207.85170884277886,33.700026995664786,48.596907634293444,2.4729755164568,0.23380566801619435,-0.08489442965075256,-0.08222438582267699,2.468864092923159,0.12187428529131138,0.020161258685617682,0.12353063493342997,-0.9036725127025356
2573,21.31738419999965,144.13781991863883,207.85211406982557,33.70023927247527,48.5970023786738,2.4862374830521023,0.23380566801619435,-0.0846821528402657,-0.08231913020303239,2.452260367412757,0.045833547961342494,0.05306375709995349,0.07011759006331826,-0.6987624871880557
2574,21.330121399999825,144.13835588908353,207.85255869934116,33.700364585403136,48.59710633557471,2.4888898763711627,0.23380566801619435,-0.08455683991240193,-0.08242308710394042,2.4655170377769853,-0.02021215805152736,0.022695458367687014,0.030391037554176013,-0.9122739895449041
2575,21.33356519999961,144.13434712046424,207.85030092971812,33.69942731257818,48.59657845623976,2.406533277703432,0.23380566801619435,-0.08549411273735785,-0.08189520776899428,2.468168371849831,-0.013195336397028853,0.014581571145430227,0.01966568380962121,-2.153710602865422
2576,21.346118499999648,144.13767079500863,207.85046890918733,33.7002044065253,48.59661773079178,2.4729490353014287,0.23380566801619435,-0.08471701879023641,-0.0819344823210102,2.4521212231980916,-0.015546114516300127,0.026883749094990007,0.03105507433506308,-0.9405715550703554
2577,21.34930099999974,144.1386161545627,207.85101444409372,33.700425436947356,48.59674527994499,2.486232186821028,0.23380566801619435,-0.0844959883681824,-0.08206203147422286,2.4323343398544623,-0.02385968592702827,0.05925484386664411,0.06387817416142075,-1.0030340154867106
2578,21.36214979999977,144.14154185602348,207.84922822039843,33.701109482531805,48.59632765072069,2.406001739793405,0.23380566801619435,-0.08381194278373272,-0.0816444022499212,2.444954378652045,0.0017789697575846287,0.028373410261375815,0.028429124911941047,-1.1489307446343577
2579,21.365614599999844,144.14107165175,207.84695060978711,33.70099954610754,48.59579513245023,2.389955459653017,0.23380566801619435,-0.08392187920799898,-0.08111188397946023,2.4474783864115617,-0.027847929868941135,0.016640005609879528,0.032440668684265525,0.06597750156894755
2580,21.378108899999916,144.13337811191212,207.8470106321831,33.69920075288634,48.59580916602662,2.4696334716913455,0.23380566801619435,-0.08572067242919701,-0.08112591755585186,2.447983187963465,-0.054284032581276315,0.02136674467268122,0.05833775768053328,1.6270188337496303
2581,21.38158629999998,144.13209559609328,207.84792972103406,33.698900893418575,48.59602405420939,2.4855690740990113,0.23380566801619435,-0.08602053189696335,-0.08134080573861979,2.464661563740154,-0.06226424394288393,0.001239479516796477,0.06227657973308679,1.6712653202380272
2582,21.394127599999592,144.12873083872057,207.8488118064792,33.698114194073334,48.59623029078613,2.4887561945805445,0.23380566801619435,-0.08680723124220435,-0.08154704231536414,2.4845746925087733,-0.06565287578542836,-0.03224274554047735,0.0731429746379299,1.5381226468804274
2583,21.397436999999627,144.12891961763913,207.84977619380732,33.6981583316545,48.596455770009605,2.4893936186768513,0.23380566801619435,-0.08676309366104107,-0.08177252153883785,2.488557318262497,-0.07989889478637965,-0.04087944266403884,0.08974944133869249,1.5399467027541733
2584,21.41012899999987,144.1262774507965,207.8505208306784,33.69754057807084,48.59662987033068,2.4895211034961124,0.23380566801619435,-0.0873808472446953,-0.0819466218599132,2.489353843413242,-0.05912771478899013,-0.030970973556855592,0.06674794273404694,0.8603870004327995
2585,21.41334579999966,144.12331664663466,207.85113042129265,33.69684832527592,48.596772396071465,2.4895466004599647,0.23380566801619435,-0.08807310003961533,-0.08208914760069774,2.4895131484433906,0.01601074397542277,-0.03642710432469086,0.039790424126018666,0.7199953535516188
2586,21.426298499999575,144.12429305936374,207.85180924716886,33.6970766161063,48.596931109408914,2.4895516998527354,0.23380566801619435,-0.08784480920923698,-0.08224786093814629,2.50762648375362,-0.003870492127155546,-0.03438602054403814,0.034603166302542114,0.4915304657138838
2587,21.430387999999766,144.12976711249718,207.85257404641135,33.69835648075592,48.597109923806705,2.4895527197312894,0.23380566801619435,-0.08656494455961905,-0.08242667533593817,2.5112491508156656,-0.0027586483698512076,-0.033169810536514036,0.03328432772126726,0.48073207049828215
2588,21.442245399999592,144.1254021357903,207.8555118282532,33.69733592446109,48.59779679385273,2.579960295227996,0.23380566801619435,-0.08758550085444483,-0.0831135453819627,2.5119736842280744,0.058285456223971625,-0.02543681144832078,0.06359422759884686,0.4726263032382441
2589,21.458775799999785,144.12235395191632,207.85605172415313,33.69662324179421,48.59792302457427,2.5076344388063414,0.23380566801619435,-0.08829818352133145,-0.08323977610350397,2.5121185909105566,0.04889667263521686,-0.022090394847794285,0.05365510357204636,0.1930375672534973
2590,21.46199809999962,144.1235946220123,207.85612947766913,33.696913317494776,48.597941203787016,2.4931692675220107,0.23380566801619435,-0.0880081078207624,-0.08325795531624891,2.512147572247053,-0.04200176019744534,-0.008816519057455573,0.04291711625883292,1.1462802498696203
2591,21.474126499999784,144.12207373484878,207.8558971460286,33.696557725455534,48.597886883332606,2.4902762332651447,0.23380566801619435,-0.08836369986000392,-0.0832036348618388,2.512153368514352,-0.041756661573638075,-0.00501699903898074,0.04205697403680484,1.4591298884758896
2592,21.477325799999562,144.12013711657352,207.85558729309895,33.696104933125994,48.5978144379614,2.489697626413771,0.23380566801619435,-0.0888164921895438,-0.08313118949062925,2.5302360020720114,-0.22146205559921314,-0.03635077501558111,0.2244255353440476,2.8948549158351655
2593,21.490675499999725,144.11529276303008,207.85781009231772,33.69497229580967,48.59833414101761,2.5799892765644925,0.23380566801619435,-0.08994912950586809,-0.08365089254684221,2.55193396494077,-0.2449183682634413,-0.04416131352743749,0.2488678941231578,2.963095686833097
2594,21.493794999999864,144.10272913558174,207.86000229724937,33.6920348485014,48.59884669095608,2.598047606594637,0.23380566801619435,-0.09288657681413781,-0.0841634424853126,2.5743550318187207,-0.27062669050413174,-0.07057080560187079,0.27967667799892815,3.0111863653201696
2595,21.506599800000004,144.1012361779384,207.86245006772054,33.69168578654228,48.599418993566246,2.6016590818658027,0.23380566801619435,-0.09323563877325824,-0.08473574509547888,2.578839245194311,-0.23938557215573436,-0.07159896295984808,0.24986369014575527,1.5790722510614605
2596,21.51032219999979,144.09872289336155,207.86448107772117,33.69109816636288,48.59989385521619,2.602381567654899,0.23380566801619435,-0.09382325895266064,-0.08521060674542014,2.5797360878694287,-0.2444911021029749,-0.07922818562095282,0.25700779055179523,-0.12358456583055744
2597,21.52218959999982,144.09946786323297,207.8635926510221,33.69127234454132,48.59968613601833,2.512118693291722,0.23380566801619435,-0.0936490807742203,-0.08500288754756014,2.5618339821002536,-0.05142134442455921,-0.042027273537487676,0.06641119170308539,-1.8905037766535873
2598,21.525334499999644,144.0979832682985,207.864629394445,33.690925237830925,48.59992853250688,2.5844734899400827,0.23380566801619435,-0.09399618748461336,-0.08524528403611242,2.5401721247891915,-0.01619680484336007,-0.007946962684965728,0.018041360897951407,-2.2421243227599863
2599,21.53894169999967,144.0993630656098,207.86336651609173,33.69124784226302,48.59963326438987,2.508537077748759,0.23380566801619435,-0.09367358305252083,-0.08495001591910523,2.51775827902278,0.02340285581510612,0.024049412783772147,0.033556935431396435,-2.3051480481106417
2600,21.542125699999815,144.10139029643176,207.86165461730417,33.69172182031957,48.59923301275027,2.493349795310494,0.23380566801619435,-0.09319960499596647,-0.084549764279501,2.513275509869498,0.05040279873459527,0.04375735588404242,0.06674689741286002,-2.0150874752425363
2601,21.554210699999658,144.1034649447134,207.85997923660142,33.69220688484696,48.59884129924588,2.490312338822841,0.23380566801619435,-0.09271454046857741,-0.08415805077511607,2.512378956038841,0.08183752096920391,0.05413476054815187,0.09812212868660479,-0.6380609555595435
2602,21.55729119999978,144.10543700644203,207.85845031452146,33.692667964056795,48.59848382859763,2.4897048475253105,0.23380566801619435,-0.09225346125874267,-0.0838005801268622,2.51219964527271,0.1580319040034544,0.0599502724560317,0.16902105741743975,-0.3090825598891024
2603,21.570101899999827,144.1080014024894,207.85983047413816,33.69326753438771,48.59880651773879,2.5799907207868005,0.23380566801619435,-0.09165389092783016,-0.08412326926801938,2.5121637831194836,0.13450463903198356,0.039020038194896495,0.14005020993149342,-0.027522739769511785
2604,21.57320299999992,144.11336891141337,207.85915698987242,33.69452248839726,48.598649053300136,2.5076405239181025,0.23380566801619435,-0.09039893691827672,-0.08396580482936855,2.5121566106888387,0.05455452041456944,0.04960785701294042,0.07373693223263371,-0.8692348341488907
2605,21.58676349999996,144.11517999640802,207.85793576236068,33.69494593033426,48.59836352338595,2.493170484544363,0.23380566801619435,-0.08997549498127455,-0.08368027491518149,2.5121551762027092,0.03797794328757214,0.03045125148491917,0.04867856708400359,-0.5988746101382405
2606,21.590985499999988,144.10868620393597,207.8563944935687,33.69342764484738,48.59800316600645,2.490276476669615,0.23380566801619435,-0.0914937804681557,-0.08331991753568246,2.4940734150012847,0.09993671724526179,0.04570956699381623,0.10989409432959343,-0.4233726758307913
2607,21.602167599999575,144.11188071846448,207.85542552768905,33.6941745404507,48.597776616291675,2.489697675094665,0.23380566801619435,-0.09074688486483495,-0.08309336782090782,2.508538498918226,-0.0016520991558335793,0.029448651753520745,0.02949495756431676,-0.41375469637762796
2608,21.605474999999842,144.11692510515323,207.85470263436366,33.6953539466502,48.59760759973483,2.4895819147796754,0.23380566801619435,-0.08956747866533732,-0.08292435126406161,2.5114315157016143,-0.12128912800845063,0.034623923277726405,0.12613432774701822,0.7072320547521391
2609,21.6181145999999,144.11134263493088,207.85635296571982,33.69404873347068,48.597993456560005,2.57996594350281,0.23380566801619435,-0.09087269184485791,-0.08331020808923739,2.512010119058292,-0.0504551871759573,0.020370034558618008,0.05441198600382252,1.6207600248089942
2610,21.62136129999999,144.10346966141827,207.85570124802175,33.69220798763929,48.59784108126824,2.5076355684613043,0.23380566801619435,-0.09271343767624529,-0.08315783279747535,2.5302073140338264,-0.08536028981402177,-0.008914412670750209,0.08582450600148084,0.35305557500086193
2611,21.634136099999978,144.10317225544247,207.854931781732,33.69213845243645,48.59766117568836,2.4931694934530033,0.23380566801619435,-0.09278297287908543,-0.08297792721759123,2.5338467530289335,-0.1514943688232411,-0.018098858129678104,0.1525716633282551,0.12315331055186754
2612,21.637575899999774,144.10158728383132,207.8567879075912,33.69176787709012,48.59809514843479,2.5806836499723387,0.23380566801619435,-0.09315354822541622,-0.08341189996401965,2.5164932046707285,-0.10059682945941256,-0.0008230962550826292,0.10060019674300476,1.246169961617443
2613,21.65020579999964,144.10298776334065,207.8565080730892,33.69209531713734,48.59802972154211,2.50777910975521,0.23380566801619435,-0.09282610817820114,-0.08334647307134446,2.5130224949990874,0.033250428086600683,-0.008081081869951053,0.03421834087344176,0.17941467063862454
2614,21.6532772999999,144.10497438834494,207.8557743571395,33.69255980132357,48.59785817459436,2.493198201711784,0.23380566801619435,-0.09236162399196957,-0.0831749261235899,2.5304098273689584,0.04296769896443807,-0.016931845690059674,0.046183444574550356,0.3547941835063653
2615,21.6661067,144.11058655362922,207.85519038493916,33.69387195737687,48.597721638583955,2.4902820201030993,0.23380566801619435,-0.0910494679386673,-0.08303839011318814,2.53388725569596,0.09571163745239464,-0.02899545963739356,0.10000727085268525,2.7693003857760887
2616,21.682268799999747,144.11356887961824,207.85727598978949,33.69456924209698,48.598209264819204,2.5801061553023583,0.23380566801619435,-0.09035218321855609,-0.08352601634843637,2.5526642156655592,0.08248043513139236,-0.03792685398739907,0.09078253374325544,3.1782261190837198
2617,21.685376099999758,144.11564197576394,207.85975433069933,33.69505394372619,48.5987887149712,2.5980707916073467,0.23380566801619435,-0.08986748158935143,-0.08410546650043216,2.574501081963678,0.006762188689862815,-0.07714491439825491,0.07744071934965084,2.338766485709549
2618,21.698060299999725,144.1134594441363,207.86189598013578,33.694543655461025,48.59928944474835,2.6016639096032077,0.23380566801619435,-0.09037776985451274,-0.08460619627758348,2.5969499295275016,-0.024131488113201316,-0.08480633495336516,0.08817280287469567,2.298393477923427
2619,21.7011279999997,144.11047621967666,207.86373601895974,33.69384616067339,48.59971965625476,2.6023825332023796,0.23380566801619435,-0.09107526464214999,-0.08503640778399557,2.6014396990402657,-0.07128936628964036,-0.09768126775462559,0.12092892051171782,2.077413704589985
2620,21.714107299999796,144.10757892430394,207.86527177329464,33.69316875659333,48.60007872432294,2.6025262579222144,0.23380566801619435,-0.09175266872220789,-0.08539547585217377,2.602337691089792,-0.11069530441521408,-0.06413388096397916,0.12793203315463553,0.6724532486219638
2621,21.71726419999959,144.10497776940605,207.8665483510385,33.69256059183482,48.600377195435115,2.6025550028661812,0.23380566801619435,-0.09236083348071844,-0.08569394696434784,2.602517289499697,-0.1314093131557334,-0.0683599813084964,0.14812661688082795,0.3189495348648864
2622,21.730095999999776,144.10272530783004,207.8675770291659,33.69203395355136,48.600617706211864,2.6025607518549743,0.23380566801619435,-0.092887471764179,-0.08593445774109654,2.6025532091816777,-0.09174238214771481,-0.04258067143526492,0.10114236630618906,0.02625941395798107
2623,21.733207199999924,144.100811789604,207.86838351510397,33.69158656214426,48.60080626719537,2.602561901652733,0.23380566801619435,-0.09333486317127893,-0.08612301872459938,2.6025603931180736,-0.10077390737298805,-0.04382316874075272,0.10989017483697104,0.012440468199256718
2624,21.746091499999693,144.0992118890514,207.86900856798496,33.69121249632679,48.60095240810175,2.602562131612285,0.23380566801619435,-0.09370892898874672,-0.08626915963098014,2.602561829905353,-0.0660068213713207,-0.026033014587444267,0.07095504433129138,-0.27989698378222194
2625,21.74922349999997,144.09790783066128,207.86946237759196,33.69090760008376,48.601058511360065,2.602562177604195,0.23380566801619435,-0.0940138252317766,-0.0863752628892982,2.602562117262809,-0.06982553322275258,-0.025174145132350362,0.07422494643303128,-0.5139311336558778
2626,21.76209469999958,144.09687228237235,207.86977037955424,33.690665483024304,48.601130523964606,2.6025621868025772,0.23380566801619435,-0.09425594229123391,-0.08644727549383902,2.584480700430101,-0.05858363421127298,-0.0029824806066089966,0.058659503816253275,-0.525603776427642
2627,21.765192499999557,144.09607552298567,207.86996182096277,33.69047919616366,48.60117528405102,2.6025621886422536,0.23380566801619435,-0.0944422291518805,-0.08649203558024965,2.5808644170635597,-0.06678584087354494,0.004323748381348431,0.06692565532926577,-0.5347950572267891
2628,21.778096000000005,144.09124147596125,207.86718299064108,33.68934896856989,48.60052557777135,2.512154817489193,0.23380566801619435,-0.09557245674564996,-0.08584232930058278,2.580141122243279,-0.06079767097635959,0.010908656015649857,0.0617685645957347,-0.8167532543899014
2629,21.781251399999746,144.0902961783165,207.86684304990638,33.689127952622584,48.60044609770078,2.584480714779577,0.23380566801619435,-0.09579347269295369,-0.08576284923001509,2.5799964632792225,-0.05752743533716135,0.007781062741070094,0.05805127693558299,0.37690006286868794
2630,21.79409839999971,144.08659229409085,207.86689539382425,33.68826196349695,48.600458336005474,2.5989457035027907,0.23380566801619435,-0.09665946181858942,-0.08577508753470653,2.561886057182212,-0.03162736119560092,0.01855201388399821,0.03666697690496266,0.653675239591747
2631,21.797266899999613,144.0865589621946,207.86718313800685,33.688254170310685,48.6005256122263,2.6018388919822963,0.23380566801619435,-0.09666725500485285,-0.08584236375553189,2.5763454121200366,-0.04878232229782082,0.011766732492206444,0.05018138063377305,1.9693841687574667
2632,21.810623999999734,144.09052172907406,207.8649319234177,33.68918068766813,48.59999926549544,2.5120101581572016,0.23380566801619435,-0.09574073764741087,-0.08531601702467384,2.5792372831076014,-0.03328740441323638,0.005078053919901279,0.03367250991808858,1.7523571341514097
2633,21.813748299999588,144.0882050782646,207.86471244252436,33.68863904157806,48.59994794961855,2.5844515921783158,0.23380566801619435,-0.09628238373748133,-0.08526470114778562,2.599615500139587,-0.11278464433709706,-0.04085965974980538,0.11995785840500549,1.8584050987325276
2634,21.826132099999995,144.08859866336496,207.86514966824828,33.688731064005374,48.600050175471004,2.5989400697174014,0.23380566801619435,-0.09619036131016401,-0.08536692700023707,2.585609669241785,-0.10031941916904256,-0.030332487636998008,0.10480479792768412,0.6546987290568236
2635,21.829317199999878,144.08226548005024,207.86829165900542,33.6872503298498,48.60078479071888,2.7008367886627185,0.23380566801619435,-0.09767109546573494,-0.08610154224811595,2.5828085030622248,-0.09226679625583208,0.0016104583658226104,0.09228084994983128,0.3845238480860632
2636,21.842128799999955,144.0855459232352,207.8665709005912,33.688017316060055,48.60038246764835,2.531809737493286,0.23380566801619435,-0.0969041092554832,-0.0856992191775845,2.564166833669086,-0.040316745124938574,0.007900491139058136,0.04108354534004575,-0.9316700660140305
2637,21.845415499999945,144.08708701181467,207.8637717839857,33.68837763130485,48.59972801832055,2.4980043272593995,0.23380566801619435,-0.09654379401068525,-0.08504476984978027,2.5604384997904583,-0.123460788750618,0.010871706587841931,0.1239385346171918,-0.7146300797493249
2638,21.858166499999697,144.09179815065875,207.86116084150424,33.689479122269404,48.599117565169514,2.491243245212622,0.23380566801619435,-0.09544230304613421,-0.08443431669874712,2.5596928330147324,-0.042077065872512566,0.04356992592093515,0.060570767843866224,-0.2555862008135642
2639,21.861424099999567,144.08610948029164,207.8610688663819,33.6881490788941,48.5990960608646,2.5802984003242626,0.23380566801619435,-0.09677234642143873,-0.08441281239383613,2.5595436996595877,0.05547476729969487,0.05172342365903375,0.0758469667288494,0.25182087456867985
2640,21.874174599999606,144.08294781074673,207.86473087015992,33.687409862634105,48.599952258104196,2.697108454784091,0.23380566801619435,-0.0975115626814329,-0.08526900963342854,2.5775953472927577,0.0439774585293139,0.010314385478544262,0.045170824726780544,0.8028617546176706
2641,21.877511400000003,144.09076335039177,207.86370087549898,33.68923718010172,48.59971143951444,2.5310640707175605,0.23380566801619435,-0.09568424521381758,-0.08502819104366921,2.5812056768193914,0.09204256848856945,0.02746724022034954,0.09605354600063126,-0.16152641954957314
2642,21.890172699999766,144.09358698627958,207.86413002234156,33.6898973621767,48.599811776478646,2.5882625654252505,0.23380566801619435,-0.09502406313883682,-0.0851285280078784,2.6017275474122186,0.16629563940106334,0.014470284820068388,0.1669240211191379,0.39135567739139465
2643,21.893388699999832,144.0980808896363,207.86229181344672,33.69094806225302,48.599381992820035,2.5092948928457925,0.23380566801619435,-0.09397336306251702,-0.08469874434926794,2.586032116843284,0.1560876977218328,0.025386002421746996,0.1581386053405657,0.19331960673290666
2644,21.90616799999998,144.09605724023135,207.86548292650622,33.69047492155207,48.600128093140626,2.6829077532883967,0.23380566801619435,-0.09444650376347141,-0.08544484466985836,2.620774309721196,-0.01050816044386299,-0.0393299109213933,0.040709499247702605,1.2081835091302287
2645,21.9224949999998,144.08844454687426,207.86636081341368,33.68869503069631,48.600333348075466,2.6186313019394176,0.23380566801619435,-0.09622639461922944,-0.08565009960469894,2.6277227482967787,-0.04672457619436222,-0.03951295880170837,0.06119199239940029,0.6295090258990084
2646,21.925657799999954,144.0845844338377,207.86976174266005,33.68779251438918,48.60112850460979,2.704775035107122,0.23380566801619435,-0.097128910926358,-0.08644525613902232,2.6471938721691215,-0.15482257729592935,-0.06482802691550742,0.16784726245700815,2.6169235325804756
2647,21.93815689999974,144.07769136602778,207.87023431994237,33.6861808760652,48.601238995856974,2.6230047583031624,0.23380566801619435,-0.09874054925033704,-0.08655574738620686,2.63128829225609,-0.1677297637095181,-0.05159030991481776,0.1754845682992032,1.8145891171446142
2648,21.94144339999957,144.07468636079406,207.8701350265188,33.685478288809136,48.60121578049174,2.6066505122075077,0.23380566801619435,-0.09944313650640169,-0.08653253202097488,2.647906980960984,-0.2219076168610588,-0.0850868649654432,0.2376610296422239,2.768870590639911
2649,21.954185499999767,144.06915147911454,207.86970965995002,33.68418420210067,48.60111632737698,2.60337985372324,0.23380566801619435,-0.10073722321487111,-0.08643307890621088,2.6314309140144623,-0.1680066969072912,-0.0349484991559351,0.17160316954809082,1.5892505392182512
2650,21.957361299999775,144.0639912084017,207.8721553507785,33.68297770155951,48.6016881437549,2.701724745463886,0.23380566801619435,-0.10194372375602967,-0.08700489528413158,2.6479355053126583,-0.18801737733634022,-0.06533886931495175,0.19904698446294555,3.099280254429739
2651,21.97014599999966,144.06312457211996,207.8721945688958,33.68277507708473,48.601697313173005,2.6223947003745156,0.23380566801619435,-0.1021463482308107,-0.08701406470223816,2.6512364235722976,-0.1441422073914933,-0.0656008705203191,0.15836808442585878,1.5696058764634433
2652,21.97340519999989,144.05993244918233,207.8744359713255,33.6820287406489,48.60222136576538,2.7055277147941412,0.23380566801619435,-0.10289268466663515,-0.08753811729461347,2.6716964119117255,-0.22087186753742838,-0.09308825376011537,0.23968688920668763,0.19081602934104014
2653,21.98644259999992,144.0602444953522,207.87411512686458,33.682101698812104,48.602146350511866,2.6231551035057032,0.23380566801619435,-0.10281972650343363,-0.08746310204109875,2.637907130587912,-0.13115079476589153,-0.04531180789567729,0.13875766970693823,-0.9262510007887185
2654,21.98947659999976,144.05394814776383,207.87579730588607,33.68062957705815,48.60253965350171,2.705679795420379,0.23380566801619435,-0.10429184825738957,-0.08785640503094072,2.61306780001895,-0.09605570349563416,0.016999686130389408,0.09754838544318886,-1.0409095666626094
2655,22.002268899999763,144.05770700764407,207.87257862945003,33.68150841980342,48.60178710870745,2.532778338844818,0.23380566801619435,-0.10341300551211674,-0.08710386023668093,2.608099933905158,-0.07071707203324581,0.02985306106758359,0.07676007772312475,-2.299545596202633
2656,22.005422099999578,144.0598597963446,207.86838650916914,33.682011754003646,48.60080696722477,2.498198047529706,0.23380566801619435,-0.10290967131189177,-0.08612371875400271,2.607106360682399,-0.05811224678630784,0.025183153366077446,0.06333422802886385,-0.7968209304102539
2657,22.018185099999755,144.05427540440843,207.8736556177708,33.68070609151655,48.60203891468123,2.6806883842251796,0.23380566801619435,-0.10421533379899017,-0.08735566621046331,2.6069076460378473,0.035269422197096986,0.04396153012606821,0.05636087537594036,1.5122129862970064
2658,22.02185069999996,144.05535123025248,207.87393148256768,33.680957625696685,48.60210341343435,2.6181872373919113,0.23380566801619435,-0.10396379961885316,-0.08742016496358218,2.6249493774131363,0.0013643368907813765,0.044459226777111706,0.04448015580874457,0.9288170600366474
2659,22.034205499999644,144.05438422479943,207.87582005936264,33.68073153434076,48.60254497339349,2.7046862221976204,0.23380566801619435,-0.10418989097478004,-0.0878617249227247,2.666439002679893,-0.04949874722013331,-0.022437687383111173,0.054346810315462686,1.2703025335702052
2660,22.037685299999794,144.05288362333852,207.87490746845396,33.68038068521376,48.602331604466464,2.6229869957212624,0.23380566801619435,-0.1045407401017755,-0.08764835599569665,2.6549371230457446,-0.05260717327197081,0.014212746285891933,0.054493273315651486,0.21922480025718794
2661,22.05025379999961,144.047793507153,207.87617849675217,33.679190587198725,48.602628778086796,2.7056461738634905,0.23380566801619435,-0.10573083811681272,-0.08794552961602875,2.672436589953387,-0.08163829578566939,0.013564010315929504,0.08275743902900262,-0.8159663995975389
2662,22.05334619999985,144.04623487581168,207.8750314100767,33.67882617035678,48.602360582720365,2.6231789860544366,0.23380566801619435,-0.10609525495875971,-0.087677334249598,2.656136678647416,-0.08805805194210645,-0.0166104158357709,0.08961097268792448,-1.5280252052550465
2663,22.066178299999592,144.042034335408,207.87617514988244,33.67784406020167,48.602627995569684,2.7056845719301257,0.23380566801619435,-0.10707736511386656,-0.08794474709891631,2.652876658239249,-0.0662811274682785,-0.024696305171572924,0.0707325621449813,-0.5765806249807062
2664,22.069404199999553,144.0413389671528,207.87874990319327,33.677681479162246,48.603229987487495,2.623186665667763,0.23380566801619435,-0.10723994615329246,-0.08854673901672783,2.6522246541576155,-0.033055008479545296,-0.03280884718960747,0.04657310425013374,-1.744992372360122
2665,22.082951599999888,144.0418059942296,207.87753964864987,33.67779067273992,48.60294702311551,2.6066868936804277,0.23380566801619435,-0.1071307525756211,-0.08826377464474433,2.671894058028789,-0.020567211537073266,-0.05478545334293948,0.058518852418704505,-0.40414240624401665
2666,22.08651719999989,144.04289549880156,207.87851882329528,33.67804540508417,48.60317595969758,2.7023861534553237,0.23380566801619435,-0.10687602023136833,-0.08849271122681301,2.6560280959685505,0.058509246761049294,-0.027504077554612254,0.06465142101048887,-0.14196557427805404
2667,22.098117499999717,144.04014663471014,207.87966770020859,33.67740270507899,48.60344457363177,2.721526005410303,0.23380566801619435,-0.1075187202365484,-0.08876132516100199,2.6726547082440035,0.07554662853239422,0.007254360311481441,0.07589412906240085,-0.0915885243919656
2668,22.1012639999999,144.04443759861894,207.8781124206576,33.67840595676212,48.603080940457396,2.626354761628936,0.23380566801619435,-0.1065154685534182,-0.0883976919866285,2.6759800306990935,0.13927712516136737,0.024885823378772383,0.1414829381885132,-2.5487929931659
2669,22.11462679999977,144.0464258669399,207.87884512176595,33.6788708251651,48.60325225012949,2.7063197270450257,0.23380566801619435,-0.10605060015043932,-0.08856900165872617,2.676645095190112,0.11541290790509406,0.03548463144188412,0.12074476543385256,-1.7841421817873266
2670,22.11811099999977,144.05129457708654,207.87722013053914,33.68000915719331,48.60287231797019,2.6233135059558803,0.23380566801619435,-0.1049122681222272,-0.08818906949942118,2.6388968290966166,0.13553311084605518,0.05211247790608226,0.14520652357632213,-2.3260098732843595
2671,22.13016189999962,144.0488267570646,207.87779807462698,33.67943216688454,48.60300744457372,2.705711475910414,0.23380566801619435,-0.10548925843099966,-0.08832419610295261,2.6313472140248897,0.08198661821435432,0.06025968324118763,0.10174986481836015,-1.6834814782255747
2672,22.14686169999959,144.05205501690287,207.87351369712354,33.680186952332555,48.6020057328295,2.532784674942825,0.23380566801619435,-0.1047344729829831,-0.08732248435872947,2.610037486323044,0.09109749216118264,0.0691859480980961,0.11439164520317548,-1.9828366146298884
2673,22.150500999999622,144.05285063777063,207.87108075582387,33.68037297300103,48.60143689736368,2.588606686270303,0.23380566801619435,-0.1045484523145106,-0.08675364889291615,2.625575383617148,-0.022959768783520594,0.026504790632418326,0.03506643564808173,2.379833592852685
2674,22.16203669999959,144.05681464918877,207.869511216788,33.68129978133867,48.601069930240925,2.5997710885357987,0.23380566801619435,-0.10362164397686513,-0.08638668177015774,2.608883158388468,-0.01661262168366265,0.03159004074311157,0.03569187405216974,2.612556730961791
2675,22.165182899999763,144.05353700580304,207.87091555444113,33.680533449737354,48.60139827234403,2.701002992426398,0.23380566801619435,-0.10438797557818447,-0.08671502387326058,2.643425992334432,-0.08607769037012686,-0.004362964047858856,0.08618819080789629,2.956816980936953
2676,22.178044699999646,144.05264893040584,207.87013367376653,33.68032581267586,48.6012154642106,2.6222503497670178,0.23380566801619435,-0.10459561263967743,-0.08653221573982961,2.6503345591236247,-0.09845998179257258,-0.032903061190652526,0.10381223169891662,1.5259469393404541
2677,22.181147899999814,144.0486389171718,207.8717234819182,33.679388248852916,48.601587170367516,2.7054988446726416,0.23380566801619435,-0.10553317646262173,-0.08690392189674867,2.6517162724814627,-0.11084319956729403,-0.02095943087953919,0.11280741391020872,0.12407702921788788
2678,22.19418309999992,144.04803695707614,207.87096508068464,33.679247507170636,48.60140985186048,2.6231495202162667,0.23380566801619435,-0.10567391814490179,-0.08672660338971383,2.614111336161332,-0.04826184747367021,0.013225140253587309,0.05004108568265544,-2.740571964381833
2679,22.197210699999687,144.04827556617334,207.8697798443899,33.67930329533,48.60113273689684,2.6066796553249914,0.23380566801619435,-0.10561812998553677,-0.08644948842606937,2.5885088745931064,0.017919930586220822,0.06700633953585965,0.06936118114774201,-2.13834274249531
2680,22.210069999999632,144.052088880557,207.86611897232794,33.68019486984683,48.60027680425886,2.5129783108257406,0.23380566801619435,-0.10472655546870868,-0.08559355578809402,2.545507103287762,0.09254751370613176,0.10340581567020868,0.13877249369960828,-2.1926138467448952
2681,22.21322629999986,144.05633810759042,207.86229695499605,33.68118836321193,48.599383194943414,2.4942380419258905,0.23380566801619435,-0.10373306210360766,-0.08469994647264656,2.556706553714193,0.09902556686978027,0.06266248571056676,0.11718639003445881,-0.44080699201669415
2682,22.226106499999787,144.06024999320618,207.85886952683495,33.68210298424153,48.59858184281263,2.4904899881459204,0.23380566801619435,-0.10281844107400673,-0.08389859434186064,2.558946405652507,0.09143997163902096,0.027610427341587605,0.0955175591780383,1.5896382814360976
2683,22.229260899999645,144.06054131910233,207.86143445324194,33.682171097887284,48.599181537144624,2.6791467723484224,0.23380566801619435,-0.10275032742825374,-0.08449828867385634,2.577475850344369,0.05787037020995426,-0.05467526614331717,0.07961384600733547,4.930343809660638
2684,22.24210819999962,144.05946974139667,207.8660353406054,33.68192055694598,48.60025725068811,2.6178789150165596,0.23380566801619435,-0.10300086836955558,-0.08557400221734213,2.5992632135869402,-0.009214703806676562,-0.11283669167859504,0.11321232156976156,4.352326139110431
2685,22.245269899999585,144.05813754643316,207.87069889862792,33.68160908221261,48.60134761698689,2.6056255342850503,0.23380566801619435,-0.10331234310292814,-0.08666436851612502,2.641501965227154,-0.09498798287900576,-0.15818233059930317,0.18451115577452096,4.42677050898117
2686,22.25810459999957,144.0570034112665,207.87112092216674,33.68134391498235,48.60144628848231,2.603174858138748,0.23380566801619435,-0.10357751033318863,-0.08676304001154023,2.6499497155551963,-0.10368320891151446,-0.14252695323213735,0.17625022044759156,3.256898541309137
2687,22.261198399999557,144.05226812576583,207.87329780866668,33.68023677839262,48.60195525688462,2.701683746346988,0.23380566801619435,-0.10468464692291946,-0.08727200841385496,2.651639303767778,-0.10621126895548122,-0.12346977258350729,0.16286687322766583,2.9220104917162817
2688,22.274824999999964,144.0509927516563,207.87981584620962,33.67993858869697,48.6034792110065,2.7213855239886358,0.23380566801619435,-0.10498283661856789,-0.08879596253573396,2.6519772214102937,-0.08723059535346371,-0.04794216761904058,0.09953706948535258,0.25033068303371403
2689,22.27797679999958,144.05055946721095,207.87966007727505,33.679837284337786,48.6034427913467,2.6263268560794653,0.23380566801619435,-0.10508414097775187,-0.08875954287593402,2.6520447667918243,-0.08433134964000191,-0.01672073923952446,0.08597301700429283,0.1188663756149218
2690,22.290175299999646,144.05037103745704,207.87795029763907,33.6797932283933,48.60304303517675,2.6073151224976314,0.23380566801619435,-0.1051281969222373,-0.08835978670598621,2.6520582758681304,-0.02638551972310042,0.012964353128396111,0.029398471101332382,0.31819820464251386
2691,22.29326439999977,144.05028959774316,207.87598934442929,33.67977418732659,48.60258455320159,2.6035125850464014,0.23380566801619435,-0.10514723798894465,-0.08790130473082058,2.6520609776833917,-0.08820768567930773,-0.04687870313312878,0.09989098367892654,0.5719566550075283
2692,22.306098599999586,144.0465499079807,207.87687239714248,33.6788998266635,48.60279101593109,2.7017512917285185,0.23380566801619435,-0.10602159865203475,-0.0881077674603219,2.671861322733944,-0.09598266384857798,-0.0699661884969171,0.1187768466169028,0.3036957564111971
2693,22.30915989999994,144.04221609027644,207.88225444572117,33.677886555520104,48.604049369394325,2.721399033064942,0.23380566801619435,-0.10703486979543442,-0.08936612092355745,2.6758213917440545,-0.09058733834483,-0.11140078872758216,0.14358343079035304,-1.1963928291852957
2694,22.322259199999735,144.03823728062576,207.88807459775842,33.676956287271814,48.60541015392935,2.7253285813322266,0.23380566801619435,-0.1079651380437241,-0.09072690545858109,2.65853196938885,-0.07158649420467512,-0.12241550611249191,0.1418103744064359,-1.5761414868839325
2695,22.325360499999988,144.0385472046779,207.8903879426525,33.67702874927186,48.60595102707766,2.6271154675481836,0.23380566801619435,-0.1078926760436758,-0.09126777860689117,2.635274280230309,-0.025596012743509144,-0.06061747819608651,0.06579995844389953,-2.201117780991335
2696,22.338244099999883,144.04344264833745,207.88524423297758,33.67817333174691,48.60474839860104,2.517065473270379,0.23380566801619435,-0.10674809356862625,-0.09006515013027183,2.6108228995641283,0.044852623438664765,0.019673130339936205,0.04897744263130506,-2.474957004770109
2697,22.341335099999924,144.04558203659607,207.88137194081276,33.67867353284787,48.603843034744685,2.585462845935814,0.23380566801619435,-0.10624789246767108,-0.08915978627391752,2.6059326234308924,0.0511896737016493,0.039321512660142104,0.06454892757872156,-1.9865730375398065
2698,22.35427139999956,144.04675775280137,207.88190304379694,33.67894842196065,48.603967209632685,2.5991421297340382,0.23380566801619435,-0.10597300335489024,-0.08928396116191806,2.6049545682042448,0.05072420282655353,0.053974764342321624,0.0740690214475559,1.0185727043692696
2699,22.37021179999965,144.0440762179855,207.8822875895625,33.67832146392171,48.60405711861229,2.7008772006660458,0.23380566801619435,-0.10659996139382599,-0.08937387014152165,2.6228404314631146,0.03636032465741794,0.030170308087838816,0.04724744119323233,1.7820777654949052
2700,22.373317799999768,144.04435569390068,207.88363113200978,33.67838680697476,48.604371246451684,2.6222251914149473,0.23380566801619435,-0.10653461834078115,-0.08968799798091709,2.646217408802389,0.025952279904512283,-0.03403214473685651,0.04279845450051324,2.414104000960233
2701,22.386067599999933,144.04528386976423,207.8850313181587,33.678603819752574,48.60469861790958,2.606494789564728,0.23380566801619435,-0.10631760556296399,-0.0900153694388095,2.6706926471047163,0.012458299749816626,-0.03170424148921854,0.03406417709358275,2.44438016143833
2702,22.389169599999605,144.0467404315524,207.8854042528795,33.67894437215446,48.604785812161104,2.702347732632184,0.23380566801619435,-0.10597705316107664,-0.09010256369033698,2.6755876947651815,-0.026389904814204848,-0.026825718531161828,0.037630389990218165,2.2321863313436685
2703,22.402089499999875,144.04418632859122,207.88529149290738,33.67834720840544,48.60475944824049,2.721518321245675,0.23380566801619435,-0.10657421691009716,-0.09007619976972592,2.6765667042972745,-0.028630416202436903,-0.009373817896942482,0.030125889097083934,0.41815896549165843
2704,22.40529469999956,144.04098432628842,207.88503442107842,33.67759856211804,48.6046993433898,2.725352438968373,0.23380566801619435,-0.10732286319749562,-0.0900160949190294,2.676762468056721,-0.013191324877267922,-0.016550123282456364,0.02116406465408126,-1.3742129887689312
2705,22.418095199999698,144.04152278445298,207.88579412773055,33.67772445668891,48.604876967111096,2.627120239075413,0.23380566801619435,-0.10719696862663142,-0.09019371864032877,2.6570017779741377,-0.029825239841092588,-0.013867385347634903,0.03289147774057127,-1.7650070679385297
2706,22.421468000000004,144.04288191681638,207.8866821439932,33.67804222953905,48.60508459034659,2.607473608361958,0.23380566801619435,-0.10687919577648586,-0.09040134187582538,2.633249835270121,0.001864631836005045,0.032803017993291966,0.03285597116738569,-1.840806034675778
2707,22.434103999999934,144.04432033271974,207.8874763526487,33.678378539330225,48.60527028083183,2.603544282219267,0.23380566801619435,-0.10654288598531281,-0.09058703236106425,2.6284994467293172,0.03939071574767676,0.018121453453848926,0.04335914623691619,-1.548511539009123
2708,22.43723729999965,144.04582434587525,207.8843217859161,33.67873018613075,48.60453272524961,2.6027586077255918,0.23380566801619435,-0.10619123918478834,-0.08984947677884492,2.6275493690211564,0.045447561410531724,0.004286620455394258,0.04564927111239189,-2.1296798993830928
2709,22.450116899999557,144.0432935498477,207.8873325827095,33.67813847167492,48.60523666660516,2.7016004962643567,0.23380566801619435,-0.10678295364061796,-0.090553418134391,2.6471591963139973,0.017315202953538597,0.0037694991743109484,0.01772076119548375,-0.45597889708602707
2710,22.45329909999964,144.0438395922959,207.88846293693715,33.67826613949429,48.60550094983045,2.62236985053461,0.23380566801619435,-0.1066552858212475,-0.0908177013596827,2.632999725615339,0.0735741045337444,0.03582444728933066,0.08183238895161486,-0.16650208377874365
2711,22.46609249999983,144.04129818542748,207.89197275938076,33.67767194416371,48.6063215662115,2.70552274482616,0.23380566801619435,-0.10724948115182542,-0.09163831774073117,2.6499676361631073,0.04436325999216517,-0.02053886304122542,0.04888705076151208,0.21008549321535575
2712,22.46925979999969,144.04546935226506,207.89000063613426,33.67864718661258,48.60586047261844,2.5327469287259743,0.23380566801619435,-0.10627423870295871,-0.09117722414767115,2.6533612182726607,0.012940097528245709,0.0005087673512537347,0.012950095299194227,0.1562690614950546
2713,22.48222319999968,144.04359390056626,207.89257462192418,33.67820869537531,48.60646228508551,2.6875981604644332,0.23380566801619435,-0.10671272994022729,-0.09177903661474573,2.6738397393820716,-0.006013125525095427,0.007563560101523504,0.009662562806518381,1.6589126655881867
2714,22.4854906999999,144.04075611063962,207.89186771553963,33.677545204005824,48.60629700636605,2.7185684068121247,0.23380566801619435,-0.10737622130971403,-0.09161375789528137,2.6779354436039537,-0.03659800143323009,-0.024608077530448927,0.044101827497863365,1.8897638140592166
2715,22.4981229,144.03780362116578,207.89444901506656,33.67685489523208,48.606900528826294,2.7247624560816632,0.23380566801619435,-0.10806653008345535,-0.09221728035552701,2.7166358634400294,-0.10576573461736694,-0.049192035678548886,0.11664581858494077,1.699441060797611
2716,22.501243199999863,144.03514289137541,207.89745182285844,33.676232801526034,48.607602602308,2.726001265935571,0.23380566801619435,-0.10868862378950439,-0.09291935383723171,2.7243759474072444,-0.11954554860802169,-0.013861313534097693,0.12034647566457206,1.3995836030527582
2717,22.51416169999993,144.03304719745324,207.89619980874195,33.6757428164086,48.60730987431113,2.7262490279063525,0.23380566801619435,-0.10917860890693731,-0.09262662584036008,2.725923964200687,-0.08419350282624653,-0.01553939067732934,0.08561552768496992,1.1499134418086019
2718,22.51801099999966,144.0313559766094,207.89405575052533,33.675347399389445,48.60680858134752,2.726298580300509,0.23380566801619435,-0.10957402592609355,-0.09212533287675484,2.726233567559376,-0.09094362882077453,-0.03390271128513516,0.09705739258590271,0.537932592958648
2719,22.53011329999981,144.0299947558711,207.89187178675243,33.67502913826541,48.60629795823868,2.7263084907793402,0.23380566801619435,-0.10989228705012977,-0.09161470976791009,2.7262954882311137,-0.054837424591512265,0.0011416484754019369,0.05484930717038441,0.04186006507861485
2720,22.533434899999975,144.02873892334276,207.8938549400963,33.67473551750221,48.60676163073102,2.7263104728751064,0.23380566801619435,-0.1101859078133316,-0.09207838226025444,2.726307872365461,-0.05714671056558098,-0.035501540828027506,0.06727634004336434,0.017920586846743167
2721,22.546137299999828,144.02771543151928,207.89655943814907,33.67449621931271,48.60739395770489,2.7263108692942595,0.23380566801619435,-0.11042520600283012,-0.09271070923412594,2.726310349192331,-0.03880764203530039,-0.07010392937727412,0.08012860908860113,0.0018359931916743931
2722,22.549888299999566,144.02692168624895,207.89913528190056,33.67431063716955,48.607996204573915,2.72631094857809,0.23380566801619435,-0.11061078814599057,-0.09331295610314783,2.7263108445577044,-0.03888068924372169,-0.10395518850285691,0.11098823907392787,0.0008138473458219527
2723,22.562100899999677,144.02634559490207,207.90136997159817,33.67417594374735,48.60851868769148,2.726310964434856,0.23380566801619435,-0.11074548156818764,-0.09383543922071169,2.726310943630779,-0.021398133634394252,-0.06693284083983711,0.07027008827322163,6.823728966893965e-05
2724,22.565571599999657,144.02594980204583,207.903256158671,33.6740834051342,48.608959688920045,2.7263109676062096,0.23380566801619435,-0.11083802018134037,-0.09427644044927774,2.726310963445394,-0.016318579375358112,-0.01487057577432279,0.022077818204925482,2.9283475913065423e-05
2725,22.578197799999998,144.02589663019896,207.90079801793922,33.67407097325502,48.60838496168417,2.72631096824048,0.23380566801619435,-0.11085045206051802,-0.09370171321340592,2.726310967408317,-0.006414431676568659,0.014034671600950168,0.01543103822430249,-0.32026892017305014
2726,22.5818033999999,144.02599777815522,207.897551341643,33.6740946222205,48.607625870363904,2.726310968367334,0.23380566801619435,-0.11082680309503701,-0.09294262189313685,2.7263109682009024,-0.003590993004070249,0.029219864376328602,0.02943969607394612,-0.36824748124718154
2727,22.594167799999923,144.02600017696068,207.89839906587952,33.67409518307482,48.607824073095315,2.726310968392705,0.23380566801619435,-0.11082624224071935,-0.0931408246245482,2.706511125524946,0.055342659370510916,0.0795444083256159,0.09690264620779307,-0.41578440765958546
2728,22.610675599999922,144.02621821440619,207.89605896446793,33.674146161465416,48.60727694412155,2.726310968397779,0.23380566801619435,-0.11077526385012249,-0.09259369565078401,2.702551156989755,0.05763804264299911,0.0647690952163097,0.08670167042713524,-0.4184030426283571
2729,22.614007799999854,144.03003782996873,207.89428375356815,33.67503920923358,48.60686188975126,2.6273117542264313,0.23380566801619435,-0.10988221608195659,-0.09217864128049058,2.701759163282717,0.05582419548809379,0.04983713209792622,0.07483368584827997,-0.4202962797847833
2730,22.626105899999857,144.03058074655468,207.8957511141733,33.67516614620864,48.60720496697777,2.7065111255645244,0.23380566801619435,-0.1097552791068992,-0.09252171850700108,2.7016007645413094,0.05451916532427668,0.04754890074168591,0.0723411179717214,0.21139003131575584
2731,22.629452599999695,144.03054481432423,207.8938062477816,33.675157745049496,48.60675024619186,2.722350999832143,0.23380566801619435,-0.10976368026604177,-0.09206699772109062,2.701569084793028,0.048132787072919445,0.010056761173937001,0.049172183566693554,0.505355994781135
2732,22.642164599999887,144.0301925085127,207.89529985906455,33.67507537395388,48.60709946097562,2.725518974685667,0.23380566801619435,-0.10984605136165726,-0.0924162125048511,2.721362591677844,-0.00608338278884348,-0.007746297815454575,0.00984950130723954,0.5652947945964769
2733,22.645383199999742,144.0297954415813,207.89742420793021,33.674982537454746,48.60759614578126,2.7261525696563718,0.23380566801619435,-0.10993888786079253,-0.0929128973104909,2.725321293054807,-0.009837787959057508,0.03772855014668619,0.03899007012174243,0.5780492640608079
2734,22.658150099999602,144.02962751029767,207.8954833713185,33.67494327416879,48.60714236718075,2.7262792886505127,0.23380566801619435,-0.10997815114674836,-0.09245911870998214,2.7261130333301997,-0.010304950022684393,0.005343341657360608,0.01160789795946313,0.9172630241644448
2735,22.661274599999615,144.029516862926,207.89282378472416,33.67491740418614,48.60652054076041,2.7263046324493407,0.23380566801619435,-0.11000402112939867,-0.09183729228963955,2.7262713813852786,-0.013085424861439252,-0.02256693825010139,0.026086299963549095,0.8843956885843192
2736,22.674203999999918,144.02924887515533,207.8942646009662,33.6748547471264,48.606857411764366,2.7263097012091064,0.23380566801619435,-0.11006667818913485,-0.09217416329359907,2.7480781440749076,-0.022672772963043028,-0.010674092934623118,0.025059746483367826,0.6515127723612388
2737,22.67733549999957,144.0289758845603,207.89650163608138,33.67479092037797,48.607380443253845,2.7263107149610595,0.23380566801619435,-0.11013050493756538,-0.09269719478307792,2.7524394966128334,-0.03235534860456182,-0.05227533939840675,0.06147828635007109,0.6500284929531582
2738,22.690646399999878,144.02460465839593,207.90190174569028,33.67376890292456,48.60864301948832,2.8351863831045168,0.23380566801619435,-0.11115252239098083,-0.09395977101755193,2.7533117671204184,-0.029159962160622315,-0.08220483659210244,0.08722349770757414,0.6404560460758494
2739,22.693841899999825,144.02390095097593,207.90425885317063,33.673604372141135,48.60919412457735,2.7480860513401417,0.23380566801619435,-0.11131705317440321,-0.09451087610658249,2.7534862212219355,-0.018235981266760303,-0.02419568861659127,0.03029822371679035,0.3035838176309443
2740,22.70622659999981,144.0243086728026,207.90164378433758,33.67369969981518,48.60858270666193,2.7306659849872665,0.23380566801619435,-0.11122172550035714,-0.09389945819116008,2.7535211120422387,-0.011642032185046343,0.021604864586418276,0.024541945464757384,0.02505834627215028
2741,22.709339499999714,144.0249713637573,207.8981289941801,33.673854640716534,48.60776092880122,2.7271819717166914,0.23380566801619435,-0.11106678459900365,-0.0930776803304525,2.7535280902062995,-0.05096551235503594,-0.021205550093737716,0.05520107611622568,0.011970014128323483
2742,22.72219479999967,144.0256634647186,207.8947211523536,33.67401645784413,48.60696415606648,2.7264851690625767,0.23380566801619435,-0.11090496747140577,-0.09228090759571472,2.7535294858391115,-0.040435697803438905,0.019447155839308117,0.04486911551489922,0.0010521163591053493
2743,22.72533519999979,144.0219912751152,207.89887026001225,33.67315787910082,48.607934240954286,2.8352212739248204,0.23380566801619435,-0.11176354621471773,-0.09325099248351876,2.7535297649656743,0.03081605963643666,0.0497092767922917,0.05848625249346286,0.0004893716125061972
2744,22.738657899999907,144.02205741960887,207.89711517852845,33.67317334405835,48.60752389295554,2.7480930295042025,0.23380566801619435,-0.11174808125718982,-0.0928406444847738,2.7535298207909866,0.026746544985057085,0.007609399511051164,0.02780792386274941,4.1069098883842455e-05
2745,22.74182239999982,144.02698347111317,207.89439903388993,33.674325082821,48.6068888429439,2.730667380620079,0.23380566801619435,-0.11059634249453865,-0.09220559447313548,2.7535298319560493,0.034164281022777805,0.033993512926556814,0.04819498956210407,1.938515820317335e-05
2746,22.754244299999755,144.02854686265135,207.8915570643807,33.674690612623955,48.60622437436432,2.727182250843254,0.23380566801619435,-0.11023081269158297,-0.09154112589354924,2.7535298341890613,0.07525992324048753,0.0928129462631899,0.11949183670953363,1.6100487235564505e-06
2747,22.757322699999804,144.02920092464723,207.88900407322407,33.67484353602582,48.6056274705615,2.726485224887889,0.23380566801619435,-0.11007788928971962,-0.09094422209073372,2.753529834635664,0.06814652838867466,0.04736875706378679,0.08299246036355648,7.731884661017558e-07
2748,22.770193500000005,144.02546200484346,207.88981922509313,33.67396935538344,48.60581805768878,2.8352212850898826,0.23380566801619435,-0.11095206993209672,-0.09113480921801198,2.7535298347249846,-0.0027363829195196443,0.011878872628770968,0.012189971550943134,6.759881526344633e-08
2749,22.773201399999834,144.02501937083977,207.89234616369515,33.673865865044526,48.606408870256665,2.7480930317372145,0.23380566801619435,-0.11105556027101215,-0.09172562178589772,2.753529834742848,0.0022699060407104232,0.03132322971395788,0.0314053688586367,-2.7041487803009168
2750,22.786193799999637,144.02554958147948,207.8910552909238,33.67398983129733,48.60610705688603,2.7306673810666813,0.23380566801619435,-0.1109315940182114,-0.09142380841526432,2.7535298347464217,-0.005857932758803063,-0.015022710367956379,0.01612442876526676,-2.8328378839997743
2751,22.789268699999866,144.02626578282104,207.8890731794204,33.67415728323043,48.6056436279819,2.7271822509325743,0.23380566801619435,-0.11076414208510954,-0.0909603795111309,2.7119548988340503,0.06536771330046172,-0.06583083091656218,0.09277195827024651,-2.936406262822301
2752,22.802191299999777,144.02676526772674,207.89116401629065,33.67427406563247,48.606132477493055,2.726485224905753,0.23380566801619435,-0.11064735968307104,-0.09144922902228814,2.703639911651576,0.07575086770251846,-0.022253950442997245,0.0789520884334533,-2.6002248099802414
2753,22.80540269999983,144.03072390970513,207.89485673893594,33.67519961856466,48.60699585697794,2.6273466055280257,0.23380566801619435,-0.10972180675087628,-0.09231260850717149,2.7019769142150807,0.07321247485198654,-0.04374454076141106,0.08528570407975486,-2.791165386207039
2754,22.818159199999627,144.03167923792432,207.89368565079843,33.675422979717126,48.606722049933644,2.706518095824843,0.23380566801619435,-0.10949844559841182,-0.09203880146287702,2.723419407806395,-0.0011983447646897669,-0.16018663432310098,0.16019111662616606,2.268212509868803
2755,22.83440649999966,144.03146030630725,207.899538356059,33.675371792264144,48.608090445596794,2.722352393884207,0.23380566801619435,-0.10954963305139387,-0.09340719712602663,2.7079080636901853,0.007851836080223686,-0.14990544840832495,0.15011094161429964,2.520287542523766
2756,22.83767349999971,144.0270224862448,207.90556772500108,33.67433420477991,48.60950014623001,2.834394718889146,0.23380566801619435,-0.11058722053562775,-0.09481689775924451,2.746380730780029,-0.10390125107216061,-0.1544360653056061,0.18613427476270347,2.722424802806903
2757,22.85014579999961,144.02991846335806,207.9048434693362,33.67501130064343,48.60933081115047,2.6489285043247044,0.23380566801619435,-0.10991012467210481,-0.09464756267970387,2.754075264197998,-0.10890636179906195,-0.14869109999879493,0.1843085425561165,2.3910552140228925
2758,22.853268299999854,144.02630514684537,207.90873650209969,33.67416648676243,48.61024102427635,2.819709940977246,0.23380566801619435,-0.11075493855310725,-0.095557775805581,2.755614170881592,-0.10288080673244075,-0.07236044435816999,0.12577954643593545,3.832910550190392
2759,22.866060899999866,144.02589391366448,207.90599043045657,33.674070338113864,48.609598977161404,2.7449907629146875,0.23380566801619435,-0.11085108720167369,-0.09491572869063702,2.7559219522183107,-0.053188257411640426,0.0022880021836436965,0.05323744622424409,1.2005797833455778
2760,22.869236399999863,144.02626031313292,207.9019507936493,33.67415600438634,48.60865448717914,2.7300469273021757,0.23380566801619435,-0.11076542092919794,-0.09397123870837021,2.7757833513201273,-0.06437861254157703,0.03936831961074928,0.07546171441037242,2.210396328002263
2761,22.882085699999607,144.0224609217891,207.90515231022874,33.673267685155146,48.60940301990166,2.83593362557274,0.23380566801619435,-0.11165374016039209,-0.0947197714308956,2.757980538061877,-0.007071131699698011,0.11165476174174185,0.11187844619550101,2.1687087468424684
2762,22.885300399999778,144.0224380453887,207.90241646500834,33.67326233652307,48.608763363782316,2.748235499833786,0.23380566801619435,-0.11165908879247155,-0.0940801153115487,2.7761950684888403,-0.05367529022829322,0.050772860646219116,0.07388450554271779,2.209243319458029
2763,22.898109199999908,144.02331352135695,207.89858537845913,33.673467027766655,48.60786763403245,2.7306958746859955,0.23380566801619435,-0.11145439754888287,-0.09318438556168473,2.779837974574233,-0.05744859947546362,9.881421302269933e-05,0.05744868445787888,0.9606064791330164
2764,22.90132259999973,144.02000761007557,207.90207935853078,33.67269408697111,48.60868454637714,2.836063415049504,0.23380566801619435,-0.11222733834442522,-0.09400129790637379,2.7805665557913115,-0.08933466300152133,-0.04396127874685707,0.0995654359838506,2.641806064327775
2765,22.914116399999784,144.02045142644468,207.899668399203,33.67279785375377,48.608120850420946,2.748261457729139,0.23380566801619435,-0.11212357156176722,-0.09343760195017836,2.780712272034727,-0.08589351086513985,-0.07463387287416899,0.11378888429428209,1.2376869977677367
2766,22.917222199999742,144.0174152552928,207.90336863788667,33.67208797972939,48.6089859871982,2.8395765316581327,0.23380566801619435,-0.11283344558614772,-0.09430273872743555,2.8025165083620234,-0.12595732024123948,-0.07871246484933574,0.14852911716229944,0.953725066064952
2767,22.930077999999867,144.0182698294482,207.90086047001853,33.67228778401066,48.608399563334295,2.7489640810508646,0.23380566801619435,-0.11263364130487474,-0.09371631486352783,2.7851022625488695,-0.07401095187781564,-0.030827008678813387,0.08017434416285536,0.5623146733098359
2768,22.933145499999682,144.01585133187376,207.9002105398679,33.671722325569675,48.60824760598127,2.8397170563224776,0.23380566801619435,-0.11319909974586295,-0.09356435751050185,2.781619413386239,-0.04960527878391045,-0.05511839961715079,0.07415336580078752,1.635580445513232
2769,22.94613249999975,144.01691754488252,207.90103224922478,33.671971612214435,48.60843972628636,2.7489921859837336,0.23380566801619435,-0.1129498131011033,-0.09375647781559593,2.7591477504750994,0.0026285414567460835,-0.003024563346544851,0.004007145321434626,-0.049179332987597635
2770,22.94934589999957,144.01870616234368,207.90209598344876,33.67238980111477,48.60868843337719,2.730847211915985,0.23380566801619435,-0.1125316242007699,-0.09400518490642185,2.776428510971485,-0.034422869121621236,-0.06845754317425566,0.07662485977813821,0.005794744521240819
2771,22.96239999999989,144.0205266077246,207.90310578297158,33.672815431563144,48.60892453022919,2.7272182171024353,0.23380566801619435,-0.11210599375239383,-0.09424128175842128,2.7581095699921483,0.00610494197405476,-0.08268048189563405,0.08290556316074843,0.5747603332644051
2772,22.96579329999986,144.01806347566162,207.90719200360422,33.672239537325744,48.60987991177387,2.835367883532792,0.23380566801619435,-0.11268188798979395,-0.09519666330309917,2.7544457817962815,0.022610761803085234,-0.1395920618022239,0.14141142198391102,1.1707258402439875
2773,22.978102899999612,144.01902697731384,207.90832799968035,33.672464809473176,48.61014551409531,2.7481223514257964,0.23380566801619435,-0.11245661584236188,-0.09546226562454052,2.7754881172357213,-0.01259095585442725,-0.13794634866022548,0.13851977215551803,-0.235584585351553
2774,22.9814709999996,144.02049237054916,207.91264031901187,33.67280742671747,48.611153758797315,2.7306732450043976,0.23380566801619435,-0.11211399859806903,-0.0964705103265473,2.779696584323609,-0.0017163591530475267,-0.0758418470225852,0.07586126579842618,1.1366777962683126
2775,22.994128499999988,144.01800914000057,207.91638487223344,33.67222683334022,48.6120292565647,2.8360588891131844,0.23380566801619435,-0.11269459197531972,-0.09734600809393612,2.7587631846625733,0.037850031449639436,-0.02879123955508773,0.04755586563040507,1.748754532383216
2776,22.99735099999998,144.01920794295913,207.912354274699,33.672507120266765,48.61108688001566,2.748260552541875,0.23380566801619435,-0.11241430504877314,-0.09640363154489506,2.776351597808979,-0.0018298337917033794,-0.06645052184254635,0.06647571093904893,1.7214759012247853
2777,23.01012079999964,144.02074360561284,207.91488284968062,33.67286616689936,48.61167807517837,2.730700885227613,0.23380566801619435,-0.11205525841617714,-0.09699482670760062,2.801644373516874,-0.033513278466864464,-0.01604155754412638,0.03715469555842329,1.8264343724516696
2778,23.013336600000002,144.01826649832702,207.91776947951,33.672287005175654,48.612352985593944,2.8360644171578273,0.23380566801619435,-0.11263442013988367,-0.0976697371231765,2.806702928658453,-0.06031222745605978,-0.029046686053775486,0.06694232406645356,3.534565574201982
2779,23.026179299999967,144.01515240949385,207.92036796802205,33.67155891355575,48.612960526936334,2.85713712354387,0.23380566801619435,-0.11336251175978873,-0.09827727846556655,2.8294897327653823,-0.08747353990998447,-0.09432473236055007,0.1286420433578115,2.528677111767935
2780,23.0300029,144.01221095393595,207.9225625425426,33.670871184574096,48.61347363089812,2.861351664821079,0.23380566801619435,-0.11405024074144166,-0.09879038242735305,2.8558221866653817,-0.09926886523393895,-0.08908028517831676,0.13337767733876674,2.1453936033283028
2781,23.042291699999623,144.00964453535897,207.92434714808684,33.670271141364296,48.61389088178954,2.8621945730765206,0.23380566801619435,-0.11465028395124222,-0.0992076333187697,2.861088677445381,-0.08559890755670202,-0.06051361122601184,0.10482876570156555,1.8420476793923506
2782,23.0586844999998,144.00748086650577,207.9257546031838,33.66976526332271,48.614219952768686,2.8623631547276087,0.23380566801619435,-0.11515616199282874,-0.09953670429791828,2.862141975601381,-0.07997581514345889,-0.054200406407434794,0.0966116714615362,1.118941607834676
2783,23.06242609999981,144.0056925432866,207.92682744474126,33.66934714321783,48.614470789205704,2.8623968710578267,0.23380566801619435,-0.11557428209771103,-0.0997875407349369,2.8623526352325808,-0.057993118655466476,0.02732458683213496,0.06410799370541787,-1.9339101960467109
2784,23.074229599999853,144.00424982649548,207.9276220833533,33.669009827854715,48.61465658021722,2.86240361432387,0.23380566801619435,-0.11591159746082269,-0.09997333174645462,2.840619674080208,-0.03698357430813078,0.0318576086846538,0.048812826180314135,-2.746324666639488
2785,23.07734769999979,144.00331694270784,207.92397552816254,33.668791714337566,48.61380399494489,2.8624049629770787,0.23380566801619435,-0.11612971097797242,-0.09912074647412084,2.81449798877112,0.0245547426867347,0.07149843211790391,0.07559736228024272,-3.3194947586240344
2786,23.090227599999707,144.00641395247385,207.92459739766565,33.66951581277476,48.61394939155948,2.753529767314654,0.23380566801619435,-0.1154056125407763,-0.09926614308871251,2.7676987157962163,0.06078451623266494,0.10776673142798955,0.12372722342440057,-3.360504874912609
2787,23.093568499999947,144.01036966243487,207.92205205937734,33.670440680184676,48.613354277040656,2.7317547281821692,0.23380566801619435,-0.11448074513086226,-0.09867102856988907,2.758338861201236,0.055692490966930484,0.11166504915184587,0.1247827582328015,-1.628766176336401
2788,23.106153299999733,144.01410517195637,207.9158996725592,33.67131406348373,48.61191581413075,2.628400506183309,0.23380566801619435,-0.11360736183181075,-0.09723256565997929,2.7564668902822396,0.06468534197450966,0.06683170618140041,0.09300898030553983,0.4303461344192924
2789,23.10929239999996,144.0133796560262,207.91584930778822,33.67114443374702,48.611904038561825,2.8156043413489664,0.23380566801619435,-0.11377699156852117,-0.09722079009105755,2.777867589177054,0.028838620250499113,0.05418654233976596,0.061382793914025666,2.713952879140902
2790,23.122876099999758,144.01192798285422,207.91298713773807,33.6708050243313,48.611234846981276,2.8530451083820982,0.23380566801619435,-0.11411640098423703,-0.09655159851050854,2.8039228220346297,-0.03262487377496079,0.01147141822584823,0.03458288340992473,3.754427272749464
2791,23.126088999999865,144.01023754991277,207.91401109717867,33.67040979152819,48.611474254502305,2.8605332617887242,0.23380566801619435,-0.11451163378734464,-0.09679100603153756,2.8289337114406172,-0.0076805531737328125,-0.05188367447448695,0.052449085540446416,2.743295882027301
2792,23.138194799999837,144.00865908840592,207.91584637170678,33.670040738281145,48.61190335208934,2.8620308924700497,0.23380566801619435,-0.11488068703439325,-0.09722010361857514,2.8579970160307995,0.0008492807451291043,-0.05670731012306823,0.05671366942085377,0.9959553173813585
2793,23.14126189999979,144.011205604621,207.9185024559638,33.67063612820593,48.61252435964336,2.7534549532132484,0.23380566801619435,-0.11428529710961044,-0.09784111117259187,2.8420345838702223,0.04811212649229508,-0.03818510741861597,0.06142376693253063,0.2879391447617281
2794,23.15427099999988,144.01057193948532,207.91963568479173,33.670487973705576,48.61278931496649,2.9609208642998763,0.23380566801619435,-0.11443345160996188,-0.09810606649572406,2.817067004359494,0.08529461527720178,-0.00019061162670559392,0.08529482826102705,-1.2844721431219634
2795,23.15734969999994,144.0133546547932,207.9177675027409,33.671138588317035,48.61235252341412,2.7732329475792135,0.23380566801619435,-0.113782836998503,-0.09766927494334965,2.812073488457348,0.07667966346989634,0.0004261320837127963,0.07668084753319648,-4.477571992515033
2796,23.170230399999582,144.016819803835,207.9114067499528,33.67194875980353,48.61086534335941,2.735695364235081,0.23380566801619435,-0.1129726655120109,-0.09618209488863982,2.811074785276919,0.04500093352468481,0.030615586914598703,0.054427917287164757,-3.5824642632887036
2797,23.173624199999722,144.0157520395818,207.9118764982792,33.67169911046903,48.61097517318067,2.8370633129593212,0.23380566801619435,-0.11322231484651013,-0.09629192470990233,2.7650388248532356,0.0805291722716677,-0.008295377099885287,0.08095530166696456,-3.309073935013373
2798,23.18625639999982,144.0176823641435,207.91466040874948,33.672150431292664,48.61162606722787,2.7484614373111027,0.23380566801619435,-0.11277099402287405,-0.09694281875709976,2.7558316327684986,0.046339499022649916,-0.04711113330444932,0.06608182844700779,-3.33315319126834
2799,23.189590599999974,144.0200532204304,207.917725313369,33.67270475093059,48.61234265929984,2.7307410621814587,0.23380566801619435,-0.1122166743849462,-0.09765941082907403,2.7539901943515517,0.06091987763740353,-0.1063151919377813,0.12253224689086337,-2.2436644278275946
2800,23.202299499999754,144.0222481073537,207.92056292013913,33.67321792793391,48.613006107846296,2.72719698715553,0.23380566801619435,-0.111703497381626,-0.09832285937552854,2.7318468135895486,0.0813547277057845,-0.10774934712594095,0.13501301243268687,0.21053191279579964
2801,23.205529799999567,144.02412434373295,207.92305760015196,33.67365660263392,48.61358937817319,2.7264881721503444,0.23380566801619435,-0.11126482268161908,-0.09890612970242074,2.749193230515761,0.03822407816280463,-0.05116918874397146,0.06386991489044254,1.502088920612593
2802,23.218152499999633,144.02566914745668,207.92519189027237,33.6740177865005,48.61408838730053,2.7263464091493073,0.23380566801619435,-0.11090363881503862,-0.09940513882975921,2.7328627092135043,0.020600627065261046,0.00011093039857613257,0.02060092573248334,2.0117957206231987
2803,23.221383299999616,144.0231828813466,207.92199468887668,33.67343648339177,48.613340863492425,2.8351935219421662,0.23380566801619435,-0.11148494192377001,-0.09865761502165782,2.751371698031666,-0.01905504885816688,0.06441152547558152,0.06717097216118442,2.6754084678680976
2804,23.23414569999977,144.02744794201635,207.91973054477776,33.67443367875079,48.612811493768895,2.6490884556701717,0.23380566801619435,-0.11048774656475047,-0.09812824529812758,2.7768485888739116,-0.05891661133894527,0.1139640415467078,0.128292516762764,1.277004917017838
2805,23.237379399999554,144.02526408511346,207.9160059394171,33.673923080628754,48.61194065992444,2.819741931246339,0.23380566801619435,-0.11099834468678438,-0.0972574114536755,2.781943967042361,-0.06083474700740263,0.09624716150805288,0.11386124249195553,2.543812209831169
2806,23.25017509999998,144.02178843338774,207.9123282060457,33.67311045355523,48.61108078501676,2.853872626361573,0.23380566801619435,-0.11181097176030619,-0.09639753654599303,2.761187949597437,-0.02110739674289619,0.040069996773851715,0.04528936783306333,1.4458580288995213
2807,23.253279799999746,144.0220410414524,207.9140294697243,33.67316951475254,48.61147855010761,2.751823299991553,0.23380566801619435,-0.11175191056300093,-0.09679530163684547,2.7768365507959523,-0.0337665721737564,0.024266479750152788,0.04158176807003371,0.8019388546614568
2808,23.26636679999956,144.0230883853631,207.9168008244623,33.673414389695225,48.61212650855344,2.731413434717549,0.23380566801619435,-0.11150703562031339,-0.09744326008267024,2.7799662710356556,-0.04653475282561148,-0.055311446439588186,0.0722830500724768,-1.056733284372899
2809,23.283654699999715,144.02418564004194,207.91957648785387,33.67367093405839,48.61277547438689,2.727331461662748,0.23380566801619435,-0.11125049125714526,-0.0980922259161261,2.7588171220049826,-0.03238544072730427,-0.07741206543656891,0.0839133162630185,-0.43120234357855236
2810,23.28676829999995,144.02123271982492,207.92128892787167,33.672980524574456,48.61317585256919,2.8353905324448543,0.23380566801619435,-0.11194090074108232,-0.09849260409842486,2.734787449364376,-0.1899718171820718,-0.07952138155912668,0.20594402503721906,0.1172104777460099
2811,23.298039399999652,144.02158167849137,207.92337643118668,33.67306211308857,48.61366392267624,2.748126881208209,0.23380566801619435,-0.11185931222696865,-0.09898067420547108,2.7517566079148676,-0.20933104353983492,-0.07275214455816659,0.22161308699462814,-0.19234095417886782
2812,23.301273499999752,144.01094580414434,207.92529448621463,33.67057538538193,48.61411237481334,2.6316749367885173,0.23380566801619435,-0.11434603993360781,-0.09942912634257084,2.776925532703579,-0.2472958514498492,-0.07252635095224416,0.25771167945352025,1.2260872998555368
2813,23.314066699999785,144.0066732186142,207.92615165500092,33.669576430667895,48.61431278573402,2.8162592274700082,0.23380566801619435,-0.1153449946476428,-0.09962953726325452,2.7601842245827086,-0.19436466060267646,-0.050759728190347464,0.20088347691423394,3.475557426585633
2814,23.317206499999884,144.00432333395042,207.92664060540062,33.669027014314324,48.61442710510885,2.8531760856063064,0.23380566801619435,-0.11589441100121434,-0.09974385663808505,2.7786110560371475,-0.205687795994926,-0.04615855466102578,0.21080341930254642,1.0899157815913956
2815,23.3300291999999,144.00667699437628,207.92772414671148,33.66957731346247,48.61468044320886,2.7516839918404994,0.23380566801619435,-0.11534411185306936,-0.09999719473809421,2.823871358241121,-0.05689026899060098,-0.03361568871149517,0.06607962797542885,-0.9041015003970504
2816,23.333149599999615,144.00601800347687,207.9279950320392,33.66942323765502,48.614743777733864,2.8402610384804046,0.23380566801619435,-0.11549818766052056,-0.1000605292630965,2.79134848276883,0.05695523691499675,-0.001731609471811748,0.056981553887256155,0.3869410051377108
2817,23.346076099999664,144.00464018202155,207.9321940705098,33.66910109518925,48.61572553672851,2.857976447808386,0.23380566801619435,-0.11582033012629012,-0.10104228825774442,2.763068814595758,0.10630555096449937,0.0057577365497367555,0.10646136245625427,-1.070560318887603
2818,23.34920809999994,144.01121940219485,207.93026836626026,33.6706393541569,48.61527529616004,2.6536448501085523,0.23380566801619435,-0.11428207115864097,-0.10059204768927543,2.779187974039757,0.08574232959902132,0.01618695273495671,0.08725688811727662,-1.9941681507184195
2819,23.362284199999976,144.01523313424013,207.93021037159437,33.67157778745898,48.61526173667844,2.7117777447409486,0.23380566801619435,-0.1133436378565591,-0.1005784882076739,2.7606367128499434,0.10410550573002295,0.03451321120170786,0.10967733617642951,0.7514971353107736
2820,23.365693299999748,144.01435973619675,207.92973810925602,33.671373582046,48.615151319066946,2.8322797890604945,0.23380566801619435,-0.11354784326953649,-0.1004680705961789,2.7569264606119805,0.0907514270608904,0.1268688071345266,0.15598562670107083,3.1065368562850653
2821,23.378045699999802,144.01660186642223,207.92596937838823,33.671897804801155,48.61427016842883,2.747504732531337,0.23380566801619435,-0.11302362051438308,-0.0995869199580639,2.7977593460774743,-0.015055415494754167,0.1008488930828416,0.10196648847417518,2.1690168884752326
2822,23.381168699999762,144.0153771206583,207.92081576989003,33.671611452299665,48.61306522555121,2.8394251866185725,0.23380566801619435,-0.11330997301587331,-0.09838197708044305,2.8277010162491862,-0.06130015593077532,0.09555893279784708,0.11353069520883251,2.530261248972516
2823,23.394215099999656,144.0132627677134,207.92005379598814,33.67111710459696,48.61288707173407,2.8578092774360195,0.23380566801619435,-0.11380432071857882,-0.09820382326330446,2.833689350283529,-0.05627272733621803,0.08693150922101121,0.10355533369797568,2.1010827589349965
2824,23.397305799999685,144.0111548948092,207.9203897307353,33.670624271964506,48.61296561518204,2.861486095599509,0.23380566801619435,-0.11429715335103197,-0.098282366711274,2.8348870170903977,-0.030364196401407584,0.05141921541617937,0.05971532581438965,-0.48632433956166476
2825,23.410086399999727,144.00925463556754,207.92097725446118,33.6701799805831,48.613102981559244,2.862221459232207,0.23380566801619435,-0.11474144473243797,-0.09841973308847685,2.7935516145386856,-0.015043363362665065,-0.018581852032570737,0.0239079067720603,-2.833747598013425
2826,23.413205599999856,144.01154904097197,207.92239442958208,33.670716425571385,48.61343432513509,2.75349306656568,0.23380566801619435,-0.11420499974415321,-0.09875107666432115,2.7635094409497296,0.02842458580970859,-0.035099946002710186,0.04516595275034788,-3.2758306011036478
2827,23.42613029999984,144.01071501903206,207.92041412863574,33.67052142651458,48.61297131954945,2.632748173860011,0.23380566801619435,-0.11439999880095542,-0.09828807107868442,2.735725913153325,0.07113444351620762,-0.021480999448077465,0.07430708170591035,-3.3697796745332553
2828,23.42930299999989,144.01315009875216,207.92134956487376,33.67109076195521,48.61319002984397,2.7075984094912404,0.23380566801619435,-0.11383066336032499,-0.09850678137320301,2.7301692075940442,0.06169122193863283,-0.022734445962992626,0.0657469535227746,-1.543348490934458
2829,23.442816599999787,144.0162765688775,207.9188826182692,33.6718217483914,48.61261324374513,2.7225684566174864,0.23380566801619435,-0.11309967692413636,-0.09792999527436308,2.7290578664821883,0.03472229338008063,-0.007877604286398047,0.03560469501154964,0.4481756657890583
2830,23.44613599999957,144.01511269080336,207.91912418850285,33.67154962710079,48.61266972423498,2.834437931435802,0.23380566801619435,-0.11337179821475019,-0.09798647576421615,2.7486354410942893,0.07237597283592925,-0.04124130340800304,0.08330141986027689,-0.3017400475227272
2831,23.458137599999645,144.01701898690982,207.9207638657292,33.67199532993539,48.61305309006422,2.7479363610063987,0.23380566801619435,-0.11292609538014631,-0.09836984159345263,2.7525509560167096,0.04456361383757083,-0.03354695759965949,0.055779154192740196,-0.3491441433105089
2832,23.46136119999983,144.0194067242665,207.92256996423504,33.672553596463125,48.61347536613188,2.7306360469205178,0.23380566801619435,-0.11236782885241325,-0.0987921176611124,2.733534216166721,0.003125671410537028,-0.06843556380374528,0.06850690632996895,-0.6483524998635666
2833,23.474224799999774,144.02162871964083,207.92424600668375,33.673073111575945,48.61386723435622,2.727175984103342,0.23380566801619435,-0.1118483137395927,-0.0991839858854533,2.707955813265083,-0.019363965911959106,-0.0531966002516209,0.05661131913469485,-1.8438682627482765
2834,23.477466099999674,144.01950630100396,207.92607264058694,33.67257687806874,48.61429431171618,2.6274847573675437,0.23380566801619435,-0.11234454724679921,-0.09961106324541191,2.702840132684755,-0.020598174045059613,0.005061059944646208,0.0212108251078045,-1.9220357528490966
2835,23.490310999999565,144.0088247869209,207.92282141332055,33.67007947953313,48.61353415635329,2.7065459169276105,0.23380566801619435,-0.11484194578240903,-0.09885090788252171,2.70181699656869,-0.045216629732402876,0.02846197255864437,0.053428714061693874,-0.4302677637674702
2836,23.49347859999989,144.00924431318532,207.9193078008399,33.67017756715163,48.6127126538401,2.7223579581047606,0.23380566801619435,-0.11474385816390509,-0.09802940536933136,2.7016124074924495,-0.06754303807887121,0.03088195340336638,0.07426814282672982,0.015607873055756838
2837,23.50614769999993,144.01195844768108,207.9200659028467,33.6708121471805,48.61288990238622,2.7255203663401906,0.23380566801619435,-0.11410927813503946,-0.09820665391545447,2.7213713325116733,-0.007177530715336562,0.09175076298227056,0.09203107874516298,0.3815230660791275
2838,23.52254869999979,144.0069607117738,207.92135406116088,33.669643648198125,48.613191081101384,2.7261530387221398,0.23380566801619435,-0.11527777711741294,-0.09850783263061658,2.725323079368546,0.028825476829370235,0.07647597384108501,0.08172810220103535,0.39998412007815554
2839,23.52569379999977,144.00896139986727,207.91903251553435,33.670111420414315,48.61264829057534,2.726279382463666,0.23380566801619435,-0.11481000490122284,-0.09796504210457613,2.7261134287399207,0.06349982370349892,-0.0019409061003563023,0.06352947919561315,-0.8601296017487028
2840,23.538187299999663,144.0081912777012,207.91995130515312,33.669931361486825,48.61286310879593,2.7263046512119713,0.23380566801619435,-0.11499006382871357,-0.09817986032516046,2.726271498614195,0.0659811245596502,0.008842261192511438,0.06657097251169362,-1.233351083798297
2841,23.54129299999977,144.01090554647607,207.92171451085858,33.67056597291091,48.61327535628374,2.7263097049616327,0.23380566801619435,-0.11435545240463085,-0.09859210781296923,2.706503231607605,-0.050468859984313746,-0.004549421800332274,0.0506734947169978,-2.6231641264906997
2842,23.55419269999993,144.01435358388466,207.91951172707988,33.671372143600564,48.61276033295086,2.726310715711565,0.23380566801619435,-0.11354928171497392,-0.09807708448009578,2.7025495782062867,-0.07569450741658626,-0.04549690591030356,0.08831549637776287,-2.737498444651523
2843,23.55726219999997,144.00577421750438,207.92063186853755,33.66936623911287,48.61302222837265,2.6273117036891884,0.23380566801619435,-0.1155551862026698,-0.09833897990188234,2.6819590046915502,-0.19313701059736993,-0.06735742307775028,0.20454566068769003,-29.816007929215022
2844,23.570116199999575,144.00701682708117,207.92239963583557,33.669656768275054,48.61343554238666,2.706511115457076,0.23380566801619435,-0.11526465704048405,-0.09875229391589357,2.6778408899886035,-0.22561421734337442,-0.031904287267971135,0.227858856780992,-29.600133891888255
2845,23.57334439999977,143.99871007835233,207.9241462041249,33.66771460333946,48.61384389995228,2.6233517836382902,0.23380566801619435,-0.11720682197607601,-0.09916065148151176,2.240807512104166,-0.24145204272740467,-0.21650695974662382,0.3243059551657395,-30.34743250761051
2846,23.586134700000002,144.00100503423653,207.92171037915622,33.668251177033035,48.61327439026831,2.7057191314468962,0.23380566801619435,-0.11667024828250305,-0.09859114179754158,2.173200717508724,-0.12522185572580743,-0.19412860181951969,0.23101174687841428,-28.393382783405563
2847,23.589479099999608,144.00076624269,207.93434223712305,33.66819534621598,48.61622779025853,0.5411438262893793,0.23380566801619435,-0.11672607909955701,-0.10154454178776007,2.1596793585896354,-0.08652633545093527,-0.13909072181733334,0.16380792295317886,-49.73984813073301
2848,23.602173099999618,143.99683844177602,207.9328996767124,33.667277004099454,48.61589051145806,2.2892777307119774,0.23380566801619435,-0.11764442121608454,-0.10120726298729465,2.1985500227189037,0.03679146897566087,-0.1254458115122423,0.13072973577328165,-24.09868362153336
2849,23.606175199999598,144.00053712509245,207.92873959813318,33.668141777223035,48.61491786150685,2.638904320861634,0.23380566801619435,-0.11677964809250341,-0.10023461303607917,1.7701144006009097,0.023910276049363854,-0.3092285722180652,0.3101515938646454,-24.05789278709121
2850,23.61811919999991,144.0013015786364,207.9317164547091,33.668320510794544,48.615613867447166,2.8177051042846317,0.23380566801619435,-0.11660091452099408,-0.10093061897639899,1.6844272761773111,0.025383082059858394,-0.18229246520261483,0.1840511986500062,-23.30352698468169
2851,23.621491499999593,144.00097770789154,207.9443281920464,33.66824478797869,48.618562563120165,0.5635410208569264,0.23380566801619435,-0.11667663733684464,-0.10387931464939726,1.6672898131456186,0.04417054590643042,-0.13165364994925846,0.1388658369457152,-26.541232118838632
2852,23.634131799999977,144.0004733088088,207.95775792081434,33.66812685661421,48.62170250982603,0.11270820417138527,0.23380566801619435,-0.11679456870133009,-0.10701926135526207,1.66386232053928,0.015971776959943815,-0.18255802749778738,0.1832553711713277,1.2561237211945295
2853,23.637351299999864,144.0007706404346,207.9539055751743,33.6681963744336,48.62080180958023,2.2035904155535153,0.23380566801619435,-0.1167250508819393,-0.1061185611094615,1.6216018861049264,-0.0848907708972371,-0.0776900167155804,0.11507467871254022,7.746021131047798
2854,23.650126299999556,144.0048732936536,207.95453321752404,33.6691555980101,48.620948555919085,2.6217668578299413,0.23380566801619435,-0.11576582730543805,-0.10626530744831797,2.0295597113274306,-0.11080928332990793,0.11025568629537848,0.15631702924682492,8.710159418950264
2855,23.6533543999999,143.99811697453646,207.94809833123648,33.66757593230559,48.61944404303201,2.6064029321128634,0.23380566801619435,-0.11734549300994956,-0.1047607945612441,2.111151276371932,-0.12441254870201163,0.03185412188262912,0.12842572699986482,-17.993697394221293
2856,23.66668639999989,143.98944699876108,207.94437245268216,33.66554884282775,48.61857291150768,2.603330146969448,0.23380566801619435,-0.11937258248779159,-0.1038896630369095,2.1076697465463594,-0.15279359274805118,-0.020300336475326225,0.15413625675313639,-16.476254855042622
2857,23.66995199999974,143.98836669353793,207.9533172342643,33.665296261343386,48.62066425214074,0.5206660293938896,0.23380566801619435,-0.11962516397215239,-0.10598100366997443,1.670763685637397,-0.1632845866244905,-0.11261116249767895,0.19835102759554687,-21.539111172102455
2858,23.68215259999988,143.98208846903879,207.9523261957731,33.663828376870406,48.620432541724284,2.1861827664256532,0.23380566801619435,-0.12109304844513247,-0.1057492932535169,1.6031823162900776,-0.038685665349982704,-0.18200374845994288,0.18606973197444288,-19.125631519108474
2859,23.68639119999989,143.98249874079485,207.9609018309257,33.663924300732404,48.6224375738298,0.43723655328513067,0.23380566801619435,-0.12099712458313405,-0.10775432535903207,1.6312409783336994,0.02896900876651296,-0.13510305410066742,0.13817394362267502,-15.037121632589418
2860,23.69822269999986,143.98926177015966,207.95487465817087,33.66550553533085,48.6210283866776,2.268496085376264,0.23380566801619435,-0.11941588998468688,-0.10634513820683367,2.0730624656862715,0.05321974205968005,-0.005180937555236968,0.05347132931628073,19.392113782230368
2861,23.702601199999663,143.99274924991295,207.9492594360271,33.66632092786426,48.61971551591322,2.7436234571875575,0.23380566801619435,-0.11860049745127554,-0.10503226744245353,2.1614267631567854,0.004678242815080433,-0.01767193327585878,0.018280677819579243,25.26938059138148
2862,23.714434699999856,143.99497152268333,207.9487940460185,33.666840507833854,48.61960670509137,2.72977346615675,0.23380566801619435,-0.11808091748168437,-0.10492345662060387,2.6153093775947367,0.003655698608373867,0.1045857973834226,0.10464966864085902,23.556678706306542
2863,23.71824129999959,143.98906117901066,207.94950167312572,33.66545863598326,48.61977215231988,2.6280042537782253,0.23380566801619435,-0.11946278933227461,-0.10508890384911496,2.7060859386292995,-0.03929836847348248,0.10550643788036965,0.11258761121403145,16.030185648987786
2864,23.730290199999672,143.98996396418624,207.94237724933612,33.665669712274315,48.61810642165653,2.706649625474883,0.23380566801619435,-0.11925171304122273,-0.10342317318576022,2.682666314923126,-0.22680396982601447,0.0986803860981552,0.24734158431068695,11.93463298557508
2865,23.746460899999875,143.98435317366375,207.93382124104497,33.66435787764811,48.61610597842246,2.7223788905490784,0.23380566801619435,-0.12056354766743027,-0.10142272995169321,2.6779824283288636,-0.25894307781807013,0.12034904177241142,0.28554405860643073,3.9507384707001107
2866,23.749621899999966,143.97419574580852,207.93022883931397,33.661983013443084,48.61526605453596,2.626525338656691,0.23380566801619435,-0.12293841187245391,-0.10058280606519077,2.6770456510100114,-0.28505111335047867,0.19717658044604436,0.3466017038312749,-23.266218750760473
2867,23.762403599999743,143.96781117400096,207.92380324254333,33.66049026436662,48.6137637135906,2.70635403318544,0.23380566801619435,-0.12443116094891593,-0.09908046511983315,2.657058452711768,-0.2737836653639101,0.1864459135823209,0.33123945132131194,-24.025569922501862
2868,23.766325699999925,143.9595316814397,207.91808841439558,33.658554472077505,48.612427554377916,2.6233203671839633,0.23380566801619435,-0.12636695323803337,-0.097744305907149,2.2168512199612995,-0.17254684884590993,-0.019114997409290485,0.173602414074835,-24.856174998047365
2869,23.778213499999765,143.96328685102398,207.91378724031765,33.65943245201067,48.61142191549937,2.606713633983668,0.23380566801619435,-0.12548897330486852,-0.09673866702860323,2.148609654392651,-0.028836802117803133,-0.08008150813971986,0.08511526950150221,-24.83946935295602
2870,23.781285599999592,143.9688719446896,207.92566665871223,33.66073827856609,48.61419939085276,0.5213427267967335,0.23380566801619435,-0.12418314674944497,-0.09951614238199369,2.1349613031319485,0.12657336137352845,-0.10989920465934441,0.16762652234700298,-23.295454659448463
2871,23.794111399999565,143.96707531649466,207.9278125387015,33.6603182167108,48.614701109757135,2.2853175108134485,0.23380566801619435,-0.12460320860473928,-0.1000178612863678,2.1322316328798077,0.24842506774438852,-0.16590545887624633,0.2987300379418546,5.80609705744195
2872,23.797238899999684,143.9759073178932,207.92823456778083,33.6623831886977,48.61479978254795,2.638112276881928,0.23380566801619435,-0.12253823661783514,-0.10011653407718057,2.151485579810825,0.19066691711499947,-0.2273532081823568,0.29672100456986217,12.564882936090637
2873,23.810465799999747,143.98245262903384,207.92480385068544,33.66391351954132,48.61399766144569,2.6096720159232607,0.23380566801619435,-0.1210079057742206,-0.09931441297491972,2.591546162287849,0.08982939528250777,-0.03275473586027578,0.0956148156830178,13.726671726881083
2874,23.81360309999991,143.97956854055923,207.92779138625534,33.66323920330889,48.61469616419533,2.702983368638754,0.23380566801619435,-0.12168222200664758,-0.10001291572456239,2.6795582787832535,0.09274479774803522,0.03931083429776996,0.10073201676979711,13.974926880764112
2875,23.826486699999805,143.9752082972492,207.92399496570445,33.662219753709074,48.61380853955236,2.7216456391818524,0.23380566801619435,-0.12270167160646395,-0.09912529108159163,2.6971607020823347,-0.00707125871215767,0.04565270486950355,0.046197101225902246,12.433677893480175
2876,23.82990979999977,143.97494221103105,207.91929219845736,33.66215754124309,48.612709005914624,2.7253780932904723,0.23380566801619435,-0.12276388407244809,-0.09802575744385678,2.700681186742151,-0.05816952733941955,0.07350746550951931,0.09373922016170526,5.5369876526933455
2877,23.842230399999607,143.98343587014057,207.91928380400887,33.664143406885096,48.61270704324499,2.726124393377333,0.23380566801619435,-0.12077801843044256,-0.09802379477422107,2.681585402692669,-0.00269754321308106,0.1135582986517533,0.11359033379679469,0.2543116779649569
2878,23.845378099999834,143.98155385278903,207.91659234382448,33.663703380561,48.61207776459864,2.627274439222342,0.23380566801619435,-0.12121804475453501,-0.09739451612787065,2.6777662077357998,0.13427708220567638,0.07450053667475472,0.15355997125063695,1.608507206093639
2879,23.858189199999742,143.9849743396621,207.91781919801667,33.6645031097793,48.612364610062606,2.6075044483913437,0.23380566801619435,-0.1204183155362415,-0.09768136159183882,2.6987774236760664,0.15268357775258834,-0.007290769419265555,0.15285754882914873,1.768181765246851
2880,23.86138159999973,143.99324523286475,207.91954497894753,33.66643689148964,48.61276810742599,2.702549664397507,0.23380566801619435,-0.11848453382589952,-0.09808485895522523,2.7247547599427335,0.16580849240538556,-0.025335157922879412,0.16773290190276932,4.97653878871739
2881,23.87506399999984,143.9975674422494,207.92467994590876,33.66744744854212,48.613968691806605,2.830434172991806,0.23380566801619435,-0.11747397677341809,-0.09928544333583744,2.7497500700305393,0.2029962465164746,-0.06869531445723191,0.21430474173045097,5.042877160431107
2882,23.878277799999978,144.0006850429354,207.92591791128189,33.66817636125312,48.61425813512765,2.856011074710666,0.23380566801619435,-0.11674506406242102,-0.09957488665688174,2.7963240679611863,0.21480094199665717,-0.12741143615176037,0.24974610856809237,3.2023414531708583
2883,23.89017049999984,144.00303228368307,207.9267767190314,33.66872515944412,48.61445892924723,2.7522509896613716,0.23380566801619435,-0.11619626587141596,-0.09977568077646026,2.785839024712843,0.09751138091886806,-0.12087035159240336,0.15530006858586956,1.1752227957723227
2884,23.893327099999624,144.0046719503153,207.93104262946488,33.66910852279639,48.61545632328582,2.840374438044579,0.23380566801619435,-0.11581290251914567,-0.10077307481505215,2.761966922984561,0.09733191866880023,-0.11304815363714106,0.14917569316921772,0.46077580926790934
2885,23.906612799999948,144.00576851248115,207.93636630922168,33.6693649052461,48.61670102978766,2.650124448155791,0.23380566801619435,-0.11555652006943973,-0.10201778131689565,2.7354174477072637,0.02477679380700038,-0.0915344587421538,0.09482851179141044,-2.8012410632294604
2886,23.90965499999993,144.00671785443865,207.9369991395613,33.66958686677665,48.61684898910796,2.7110736643503963,0.23380566801619435,-0.11533455853889052,-0.10216574063719008,2.7301075526518046,0.007517458570492521,-0.07506641484317154,0.07544189035785223,-0.2899064811963097
2887,23.922215199999755,143.99941353343388,207.93605871433368,33.66787907512472,48.6166291123594,2.723263698324181,0.23380566801619435,-0.11704235019081466,-0.10194586388863058,2.707270518709072,-0.04076449053695246,-0.007604108471411201,0.04146765190340869,1.3305477765605835
2888,23.925385000000006,143.99886919146394,207.93517129479437,33.66775180488681,48.6164216286412,2.7257015143840744,0.23380566801619435,-0.11716962042872581,-0.10173838017043124,2.7442780478336113,-0.041188166872894304,0.032880999233417675,0.05270318017859455,1.823961555009658
2889,23.939099899999746,143.99183231861792,207.9339194716478,33.66610654413031,48.61612894529418,2.7261892683309163,0.23380566801619435,-0.11881488118523009,-0.10144569682341142,2.7516795918054924,-0.07997466046914863,0.04726362995352018,0.09289670087542881,2.1779937715998843
2890,23.94225809999989,143.9920643723791,207.9324506625897,33.66616079961496,48.615785529411156,2.835162093778488,0.23380566801619435,-0.1187606257005811,-0.10110228094038831,2.753159900599868,-0.07302101424306341,0.04671511314659492,0.08668546774047443,2.542368633589224
2891,23.954222599999866,143.9858739116983,207.93125948571577,33.66471343482015,48.615507025506425,2.748081384209799,0.23380566801619435,-0.12020799049538766,-0.10082377703565726,2.753456000505716,-0.15755137146438894,0.10634309041170151,0.1900823177694895,-1.1802473856241975
2892,23.970356899999842,143.97889035292457,207.9302407137141,33.663080639195925,48.61526883083802,2.7306652422960616,0.23380566801619435,-0.12184078611961269,-0.1005855823672519,2.7535151823399127,-0.12424201300066247,0.10532693180892909,0.16287983410704832,-1.6715765626475823
2893,23.973493699999835,143.97268126743035,207.92536260762773,33.661628919814184,48.614128301985836,2.727182013913314,0.23380566801619435,-0.12329250550135384,-0.09944505351506905,2.731751925628139,-0.06689768420554168,0.08152172065730966,0.10545658391486427,-2.054200363846857
2894,23.986092999999983,143.97519164864468,207.92448640386004,33.66221586117098,48.61392344057862,2.726485177501901,0.23380566801619435,-0.12270556414456024,-0.09924019210784962,2.707599393304339,-0.054680245206924764,0.07465674034754796,0.09253949478579734,-2.3875567937952917
2895,23.989437299999736,143.97953857378226,207.92463356385565,33.663232196906584,48.61395784741969,2.7263458102196183,0.23380566801619435,-0.12168922840895391,-0.09927459894892365,2.702768886839579,-0.10318734114223996,0.12930055379022148,0.16542750854214958,-3.9050255229620148
2896,24.002083799999582,143.97629943836745,207.92523111435258,33.66247486868713,48.6140975581128,2.627318722590799,0.23380566801619435,-0.12244655662841097,-0.0994143096420359,2.6820029045651816,-0.026274563870769964,0.0562473081995701,0.062081497938569395,-2.592037913693481
2897,24.005242299999736,143.9716558837618,207.9213407375725,33.661389179300585,48.6131879659709,2.7065127099722615,0.23380566801619435,-0.12353224601495327,-0.09850471750013412,2.6580498652758298,-0.13876290381425996,0.09482145356298192,0.1680662117463302,-2.2664705251887067
2898,24.018081999999595,143.967359313958,207.92143244391463,33.66038461692743,48.61320940743348,2.6233521025413276,0.23380566801619435,-0.12453680838810754,-0.09852615896271288,2.653259295564932,-0.21341544450041702,0.09640858288078018,0.2341810556052535,-1.9805855476007064
2899,24.02139569999963,143.96004814147778,207.91846846254117,33.65867522336171,48.61251641178848,2.6067199810551407,0.23380566801619435,-0.1262462019538262,-0.09783316331770919,2.6523011816227524,-0.28725328789231197,0.0803634275336635,0.29828297284609095,-1.6545382821012378
2900,24.03419189999977,143.95625196456865,207.91859721817434,33.65778765568356,48.6125465155853,2.70239296166513,0.23380566801619435,-0.12713376963197476,-0.09786326711453341,2.6521095588343164,-0.2264991481440138,0.018872919827210954,0.22728407602110678,0.17630165517025367
2901,24.037440399999923,143.95029040813435,207.9198653689967,33.656393809999024,48.61284301643547,2.622528152879901,0.23380566801619435,-0.12852761531651424,-0.09815976796470238,2.6520712342766295,-0.27655844093026083,-0.001074188758486267,0.27656052706643697,-0.7672952719241843
2902,24.05004269999972,143.94813626170156,207.9209148285773,33.6558901583533,48.613088386033766,2.705554596030082,0.23380566801619435,-0.12903126696223666,-0.09840513756299885,2.671863450346537,-0.17667880838632807,-0.060596722313447385,0.18678159461774033,-0.4521528278154764
2903,24.053154299999733,143.94376395434142,207.92226438219316,33.65486788811019,48.61340391931844,2.6231604797528916,0.23380566801619435,-0.13005353720534885,-0.09872067084767622,2.6560220125790734,-0.20647145398549996,-0.027719741336336083,0.2083238953424206,-0.23947693563150718
2904,24.06608129999995,143.94285398297012,207.92715651913227,33.65465513164585,48.61454772866352,2.70568106140468,0.23380566801619435,-0.13026629366968479,-0.09986448019274974,2.672653567860053,-0.09164034404998853,-0.024371408931211223,0.09482572557535529,0.07272332415617022
2905,24.069254,143.93989135218783,207.92495776991979,33.653962451776714,48.61403364863509,2.623185772827811,0.23380566801619435,-0.13095897353882435,-0.09935040016432595,2.6759798407692763,-0.10938697971995281,-0.03002624456080806,0.11343318162988653,0.01949533656127278
2906,24.082464099999925,143.94808853018563,207.92916882480415,33.655878998454334,48.615018217135386,2.7056859292848006,0.23380566801619435,-0.12904242686120426,-0.10033496866461888,2.696444976332566,-0.043113118708930497,-0.02439867180842284,0.04953822958913106,1.3669218683712114
2907,24.085601999999653,143.9463612743921,207.92980960122057,33.6554751562597,48.615168034293475,2.722185960576198,0.23380566801619435,-0.12944626905584045,-0.10048478582270803,2.7005380034452244,-0.02725356585697291,-0.010042113334785439,0.029044808351046753,1.3702398708422954
2908,24.09812809999994,143.94651310912536,207.93373490152584,33.655510656080935,48.61608579175351,2.725486157569341,0.23380566801619435,-0.12941076923460315,-0.10140254328274523,2.7211564898492013,0.01943271411338439,-0.05447624193528958,0.057838493351787194,1.5121569695070518
2909,24.1012925,143.94736359832626,207.93396091654358,33.65570950527669,48.61613863534572,2.72614619696797,0.23380566801619435,-0.1292119200388484,-0.10145538687495304,2.7252802252769692,0.005474493420272614,-0.03363077345101902,0.03407343541708664,2.8811660218801842
2910,24.11414799999966,143.94819420158353,207.93726754236832,33.65590370502611,48.61691174320555,2.726278204847696,0.23380566801619435,-0.1290177202894256,-0.10222849473478135,2.7478800654411364,0.01757373149174763,-0.03168751705781353,0.03623444184520117,2.702285490438834
2911,24.11728049999965,143.94920293882362,207.93686968100224,33.656139553510386,48.616818720963074,2.726304606423641,0.23380566801619435,-0.12878187180515255,-0.10213547249230714,2.7741750502586378,0.014246351745842607,-0.05641916939783394,0.05819004393887114,2.442015903049411
2912,24.130107899999985,143.94546113509654,207.93895603719392,33.655264698590386,48.617306522866194,2.835185161397033,0.23380566801619435,-0.12965672672515183,-0.10262327439542673,2.7794340472221384,0.005473749154361182,-0.06306147680572191,0.06329859229653904,2.1846238894201715
2913,24.13315929999999,143.94528099422337,207.9415261186735,33.6552225806332,48.61790742248338,2.856961081656848,0.23380566801619435,-0.12969884468233772,-0.10322417401260964,2.780485846614838,0.02444163578258503,-0.028116162868496077,0.03725469331743772,3.3683617007992077
2914,24.1461405,143.94633459181756,207.94429724011758,33.65546891772253,48.61855532638377,2.7524411817854713,0.23380566801619435,-0.1294525075930082,-0.10387207791300312,2.7806962064933782,0.014417372547627219,-0.025671023678866436,0.029442521765263182,1.4408096307304148
2915,24.149280299999646,143.94781106494656,207.9427584225782,33.65581412550876,48.61819554212102,2.731537201811196,0.23380566801619435,-0.12910729980677615,-0.1035122936502546,2.8047994433250434,0.09596264028706453,-0.02963916518309294,0.10043559350954824,2.4695052922310508
2916,24.162914599999567,143.94927881604133,207.94031378166994,33.65615729403395,48.617623971220404,2.727356405816341,0.23380566801619435,-0.12876413128158504,-0.10294072274963639,2.787845035759736,0.13649439288142462,0.015647972494844037,0.13738842138720458,2.4624284445154663
2917,24.16622499999994,143.9540860614322,207.94113313291749,33.657281255253885,48.61781554018618,2.9557013455553585,0.23380566801619435,-0.12764017006165318,-0.10313229171541138,2.8062292091783148,0.2744101981950343,0.0007468573850974818,0.2744112145474228,2.505953194742618
2918,24.178112099999908,143.96368783615884,207.93963280105163,33.65952620460799,48.61746475409203,2.77218904383031,0.23380566801619435,-0.12539522070754572,-0.10278150562126598,2.8099060057150576,0.2982158744875044,-0.017748163042942425,0.29874354401015235,0.2611419254878923
2919,24.181256799999574,143.97321794902996,207.9413062105168,33.66175439901409,48.61785600670991,2.844362048878367,0.23380566801619435,-0.12316702630144505,-0.10317275823913974,2.8106413268754338,0.3271640664123741,-0.02103093258479277,0.3278393302776017,0.39788340291104823
2920,24.194136499999786,143.98583149531413,207.94008805775616,33.664703517629114,48.617571195689955,2.7499211844949114,0.23380566801619435,-0.12021790768642404,-0.10288794721918748,2.7649521713199112,0.2894998337349834,-0.03651916214324968,0.29179411052354703,-2.1854891438603623
2921,24.210459699999774,143.9976938357426,207.9383072317242,33.66747700005723,48.61715482846993,2.7310330116182207,0.23380566801619435,-0.11744442525830578,-0.10247157999916112,2.755814378355779,0.23496637466466952,-0.03595878257154701,0.23770197993934683,-2.323624629223904
2922,24.213665099999616,143.99976678168957,207.94016228766736,33.66796166656912,48.61758855106393,2.7272555677777457,0.23380566801619435,-0.11695975874641817,-0.10290530259316455,2.7322117266843398,0.18633352798924413,0.01562662734800919,0.18698763364242024,-2.430641053197445
2923,24.226042999999663,143.99532972642825,207.93845167421176,33.66692425789972,48.617188599942224,2.726500079009651,0.23380566801619435,-0.11799716741581534,-0.10250535147145712,2.727491196350052,0.154131456572428,0.01779161185450164,0.15515491406178375,-1.724087565071308
2924,24.229176800000005,144.00156756954652,207.93666217392405,33.66838270097697,48.61677020463204,2.7263487905211683,0.23380566801619435,-0.11653872433856804,-0.10208695616127272,2.726547128430167,0.04220194271992031,0.041721852475446755,0.059344055669615106,-1.6144601479089733
2925,24.24210049999965,144.00532429595108,207.9348415078365,33.66926104490354,48.61634452258121,2.726318532823472,0.23380566801619435,-0.11566038041199533,-0.10166127411044101,2.72635831484619,-0.014966470312003155,0.060853921888070234,0.06266733633049537,-0.14189748357668508
2926,24.245340499999656,143.99992345069677,207.93282994483022,33.66799829667101,48.61587420774877,2.7263126720187962,0.23380566801619435,-0.11692312864452958,-0.10119095927800004,2.726320513982422,0.07041826596717075,0.06150595324995489,0.0934971361433538,1.2284972108524999
2927,24.258098699999664,143.99257653528161,207.93499352746733,33.66628054620451,48.61638006563255,2.726311499857861,0.23380566801619435,-0.11864087911102672,-0.10169681716178047,2.726312991956641,-0.040914629105613144,0.026240247416057766,0.048606146312023264,1.3554924868947766
2928,24.261463699999695,143.99751470877158,207.93448156668128,33.66743511915611,48.61626036629897,2.7263110746908104,0.23380566801619435,-0.11748630615942801,-0.10157711782819945,2.748086580630098,-0.03931491689212227,-0.019107312917315322,0.04371215045218762,1.410077976663565
2929,24.27451259999998,143.9924206693804,207.93687127668008,33.66624410387335,48.6168190940416,2.7263111803922637,0.23380566801619435,-0.11867732144218479,-0.10213584557083522,2.7524412983647895,0.017463358646682293,-0.04289353613947086,0.046312248247852815,1.4152589285711514
2930,24.27788419999979,143.99351608653456,207.9396659698048,33.66650021861284,48.61747250913452,2.8351864761907577,0.23380566801619435,-0.11842120670269907,-0.10278926066375504,2.7533122419117277,-0.04267290961308712,-0.05839941855005272,0.0723288967275939,1.417308353362273
2931,24.29012109999985,143.98797634219028,207.93829326247072,33.665204994985785,48.61715156237929,2.7480862606922534,0.23380566801619435,-0.11971643032975265,-0.10246831390852407,2.753486468768088,-0.1344061386801556,-0.0591943786468678,0.14686383005457124,-0.22775310102882232
2932,24.29372919999969,143.98125845932685,207.94010157489504,33.66363431589525,48.61757435607364,2.7306662175925522,0.23380566801619435,-0.12128710942028675,-0.10289110760287201,2.75352131413936,-0.1875060617223046,-0.07236067790931097,0.20098405630821503,0.6655193937608486
2933,24.306134799999654,143.97512723690204,207.93842505192688,33.66220080134046,48.61718237550112,2.727182208972612,0.23380566801619435,-0.1227206239750771,-0.10249912703035591,2.731753190135001,-0.18984743904851165,-0.02850557972450432,0.1919755666451031,1.0209428731788466
2934,24.30976419999979,143.96958899916692,207.94011163407546,33.660905929967164,48.61757670796704,2.726485407248624,0.23380566801619435,-0.12401549534837386,-0.10289345949627204,2.74917462026577,-0.09538086186658665,0.001344852680729397,0.09539034248363798,1.3199223456866296
2935,24.322173999999904,143.97299951419603,207.9387594453841,33.66170332771183,48.61726055858677,2.726345856168963,0.23380566801619435,-0.12321809760371139,-0.10257731011600413,2.7744339612235644,0.010213275570398524,0.01863614988558525,0.021251284206722624,1.0206513512051871
2936,24.325521499999923,143.97824667420332,207.93624702076985,33.66293014346252,48.616673139471494,2.8351934113460975,0.23380566801619435,-0.12199128185302044,-0.10198989100072708,2.7794857912681503,0.16259715038262312,0.02685360551435493,0.164799725247556,1.1306082218329951
2937,24.338159899999937,143.98325490585552,207.93790773297567,33.66410109640954,48.61706142339816,2.8569629223815243,0.23380566801619435,-0.12082032890599947,-0.1023781749273951,2.7606963144425953,0.2645133211686128,0.06567590903604228,0.27254471578689654,0.15902722058885851
2938,24.341278699999748,143.99187695888577,207.9369381759197,33.66611698127795,48.61683473546301,2.7524413591955432,0.23380566801619435,-0.11880444403758617,-0.1021514869922413,2.756938419077484,0.3468864024213518,0.03261218204540616,0.34841603092078116,-1.452984287061215
2939,24.354277399999773,144.0003724989988,207.93218681448775,33.66810328670923,48.61572384022943,2.632538023120847,0.23380566801619435,-0.11681813860630541,-0.10104059175866098,2.756186840004462,0.2807769116411102,-0.04514499317460279,0.2843830946442751,-1.0876112667212054
2940,24.357916699999805,144.0077835544372,207.93436353711803,33.66983603347671,48.616232770318085,2.7075563793434076,0.23380566801619435,-0.11508539183882505,-0.10154952184731769,2.734261431111244,0.32493332238169204,-0.04513151244417055,0.3280526137824586,3.2779808170949085
2941,24.37034209999956,144.00969353875578,207.94569949634007,33.67028259863622,48.6188831818366,2.8314355159809863,0.23380566801619435,-0.11463882667931813,-0.10419993336583389,2.7757125691201985,0.19765479159795327,-0.08010144499573128,0.21326898070754335,3.761564123528179
2942,24.37397639999972,144.01456556608542,207.9461760032354,33.67142170624062,48.61899459184957,2.7473358779154355,0.23380566801619435,-0.11349971907491607,-0.10431134337880366,2.849638821197087,0.1604349221986029,-0.11691073601967698,0.1985131845937049,1.4086470410782619
2943,24.386165399999754,144.01508548331822,207.95150219172683,33.67154326583655,48.6202398849078,2.959697049240314,0.23380566801619435,-0.11337815947899088,-0.10555663643702928,2.8644240716124645,0.09169440842819587,-0.0798097942173018,0.12156260851925176,2.8326506773103595
2944,24.389431899999636,144.014620369853,207.95287951521686,33.67143451967211,48.620561910946456,3.0021692835052898,0.23380566801619435,-0.1134869056434269,-0.10587866247568911,2.825806185782454,0.25919313660124116,0.058224555837116374,0.2656523686392033,-0.5892658545204879
2945,24.40225969999983,144.02188553069567,207.95037426723195,33.67313315545618,48.619976169767796,2.781482631420296,0.23380566801619435,-0.11178826985936041,-0.10529292129702839,2.839857701695065,0.19500765639256143,0.0654851285570167,0.20570923196066895,-5.503019115274118
2946,24.40538349999997,144.03355518394346,207.9440030211537,33.675861586529294,48.61848653632237,2.6383460868309343,0.23380566801619435,-0.10905983878624426,-0.10380328785160486,2.7968317850899895,0.18384575808346776,0.09323163676466929,0.20613442424569506,-5.879799802900385
2947,24.418261399999665,144.0331423665425,207.94369194791537,33.675765067481095,48.61841380563609,2.8175934574784915,0.23380566801619435,-0.10915635783444344,-0.10373055716532065,2.7423904201283498,0.018125312059981857,0.15955359869891272,0.1605798175208996,-2.4050120319972965
2948,24.434490599999663,144.0299607014989,207.94115369986946,33.67502117616017,48.61782034885612,2.7445674662149364,0.23380566801619435,-0.10990024915536623,-0.10313710038535362,2.731502185282994,-0.05708333753454895,0.13163328734496482,0.14347762808649062,-2.9167470699774465
2949,24.437664899999618,144.0182590657556,207.93798999357088,33.67228526739832,48.61708065639157,2.7299624586970888,0.23380566801619435,-0.11263615791721548,-0.10239740792080454,2.7491244192953683,-0.41063993400345944,0.00043595335967561155,0.4106401654169954,-0.3975806400447806
2950,24.450137299999824,144.0052628560385,207.94300122153726,33.66924667990374,48.61825230989383,2.7270414571935193,0.23380566801619435,-0.11567474541179479,-0.10356906142306599,2.7308738111662025,-0.44638232518778287,-0.006237517851467793,0.4464259029995895,0.43670428492591334
2951,24.453236500000003,143.99340784657798,207.94537554952495,33.66647491149749,48.61880744123509,2.7264572568928056,0.23380566801619435,-0.11844651381804994,-0.10412419276432416,2.7272237276873423,-0.5694472716512851,-0.031281844305592596,0.5703058381029005,0.5615537631148049
2952,24.466254899999967,143.98303976682027,207.946918991141,33.664050795683686,48.61916830663317,2.726340416832663,0.23380566801619435,-0.12087062963185247,-0.10448505816240328,2.726493672844598,-0.43472058542060854,-0.06705376813329335,0.43986156368715607,-0.23662269832791394
2953,24.46938519999958,143.97418782866797,207.9481059379708,33.66198116237075,48.61944582152962,2.7263170488206345,0.23380566801619435,-0.12294026294478755,-0.10476257305884928,2.726347623729076,-0.5348250323808623,0.008056219364330985,0.5348857054844863,0.32331206261468387
2954,24.483318999999938,143.96296834388573,207.9448778944048,33.65935798323645,48.61869108664728,2.726312184483365,0.23380566801619435,-0.1255634420790912,-0.10400783817651416,2.74809343069064,-0.37704313620106517,0.04368356671179088,0.37956525204106667,0.573501927306129
2955,24.486573399999997,143.95261037210423,207.94095809054457,33.656936230724774,48.61777461428724,2.7263112116159114,0.23380566801619435,-0.12798519459076374,-0.10309136581647493,2.7524425920829523,-0.38822909896780133,-0.03293756637731097,0.3896238141646512,0.5960817089126539
2956,24.498456499999975,143.94725140894403,207.9410081078412,33.655683274763234,48.6177863086147,2.835186291700624,0.23380566801619435,-0.12923815055230392,-0.10310306014392978,2.7533124243614147,-0.2619087520583054,-0.00811420874970336,0.2620344152747357,0.6059578081388928
2957,24.501518199999737,143.94408061346647,207.9463878912181,33.654941924808455,48.619044132460914,2.7480862237942265,0.23380566801619435,-0.1299795005070834,-0.10436088399014665,2.753486390817107,-0.11943806549287278,-0.03350216667234709,0.1240477595945267,0.2942724445025161
2958,24.514305499999864,143.9424639399877,207.94444838271664,33.65456393738579,48.61859066438011,2.730666210212947,0.23380566801619435,-0.13035748792975,-0.10390741590934027,2.753521222255219,0.0309623046613533,-0.10877513243480968,0.1130959492915323,0.027015122417323484
2959,24.517453899999964,143.94952131946957,207.94542834934128,33.65621399270999,48.61881978613142,2.7271820167618275,0.23380566801619435,-0.12870743260554462,-0.10413653766065067,2.753528226689814,0.1618215696641709,-0.13132613519324599,0.20840531229642598,1.4032367909785974
2960,24.53011609999976,143.9499467055998,207.95055996819468,33.656313450398336,48.62001958770544,2.7264853688064674,0.23380566801619435,-0.12860797491720177,-0.10533633923467534,2.7535295894297604,0.25440122553397243,-0.03894814437477755,0.2573653852083174,1.7865195776026752
2961,24.533247299999857,143.9572971622398,207.9520831988358,33.65803202882327,48.620375727663024,2.8352213138735984,0.23380566801619435,-0.12688939649226683,-0.10569247919225688,2.77530491690939,0.3898139272860205,0.020889511448858866,0.3903732439534283,2.1236039955915262
2962,24.54648959999986,143.96980066995448,207.94919099624215,33.66095541979705,48.61969951430358,2.748093037493958,0.23380566801619435,-0.12396600551848991,-0.1050162658328162,2.801435075483929,0.3097810515847959,0.03612014663541192,0.31187972828310856,2.139872729621566
2963,24.549585299999762,143.97837393457846,207.94476005985155,33.66295989765954,48.61866353626084,2.8395428476110967,0.23380566801619435,-0.12196152765599777,-0.10398028779007262,2.806661069051864,0.511854279193718,0.09120642923625658,0.5199167393563597,3.5472836426942953
2964,24.562092399999983,143.98500333471884,207.94457929718945,33.66450988898791,48.61862127292588,2.857832809634524,0.23380566801619435,-0.12041153632763013,-0.10393802445511113,2.807706267765451,0.4221094913209269,0.11194985528208806,0.43670263653989094,2.5981339588387526
2965,24.565216399999827,143.99860831658987,207.94216517952196,33.66769081086261,48.61805683853196,2.752615336646143,0.23380566801619435,-0.1172306144529287,-0.10337359006119584,2.829690362439809,0.5501703665908897,0.14027767697368823,0.5677721892906418,2.5663438519993766
2966,24.578101699999934,144.00412671904004,207.94271750337657,33.66898104463386,48.618185974979745,2.8404473074415333,0.23380566801619435,-0.11594038068167833,-0.10350272650897807,2.858148308083665,0.4311282499336063,0.07218429294814324,0.4371294316781215,2.944866920963621
2967,24.581238799999937,144.01568011726002,207.94013189049258,33.671682294622535,48.617581444032176,2.858013510865748,0.23380566801619435,-0.11323913069300318,-0.10289819556140856,2.8638398972124364,0.4121862916366049,0.04959138242960621,0.41515881807377736,2.1111954728499236
2968,24.594357399999808,144.01861424318218,207.94045823507432,33.67236830989381,48.61765774524511,2.9818325758303765,0.23380566801619435,-0.11255311542172564,-0.102974496774344,2.910814472972761,0.19053099825276898,0.010170152531553081,0.19080223609201155,0.6647961222490715
2969,24.59738819999984,144.01899300781702,207.94187877995998,33.67245686721228,48.61798987669105,2.88629075527838,0.23380566801619435,-0.11246455810325529,-0.10330662822028103,2.8984342950462127,0.20762505434867723,-0.017290472830358124,0.20834376315116448,-2.7517391937417113
2970,24.610096599999906,144.0140980749523,207.94277178849586,33.67131240416395,48.61819866714833,2.987488215447766,0.23380566801619435,-0.11360902115158922,-0.10351541867755998,2.895958259460903,0.0183778818601566,-0.07543678705482848,0.07764312836833283,-3.5966041882207396
2971,24.61321149999958,144.0165707833865,207.94473454258295,33.671890537411215,48.61865757017881,2.7785464178087915,0.23380566801619435,-0.1130308879043227,-0.10397432170804422,2.849626870703216,-0.1364452046448131,-0.09917360500185168,0.16867927495584106,-7.653652998466801
2972,24.626091499999802,144.0118789019013,207.9501347464856,33.67079354892632,48.61992016845969,2.8456333329391996,0.23380566801619435,-0.11412787638921884,-0.10523691998892559,2.818585538020038,-0.17558970822206987,-0.0656302064673042,0.18745418009330336,-6.9896182687187025
2973,24.629207099999803,144.00226019178393,207.95179378793975,33.668544639981874,48.620308061755146,2.7501756320419415,0.23380566801619435,-0.11637678533366369,-0.10562481328437912,2.7665410516958047,-0.18429356772574304,-0.04949032933542214,0.1908229855201191,-7.261293187986071
2974,24.642820299999585,143.99256562777998,207.94840910982674,33.666277995968805,48.619516704827916,2.73108409186249,0.23380566801619435,-0.11864342934673289,-0.10483345635714869,2.756132192577931,-0.40045677214571646,-0.016866909510187076,0.4008118249176178,-4.595335896608924
2975,24.658179999999902,143.9837905158317,207.94418693321842,33.664226325057825,48.618529536005525,2.7272657838265997,0.23380566801619435,-0.1206951002577128,-0.10384628753475766,2.7322753658227157,-0.4234080565357712,0.01464414348684646,0.42366122465699185,-3.7900361091029713
2976,24.66126959999974,143.97196081255169,207.94397825185928,33.661460473380004,48.61848074512095,2.7265021222194217,0.23380566801619435,-0.12346095193553452,-0.10379749665018068,2.7275040004716726,-0.3644917112221152,0.03127310259854712,0.36583085503517204,1.2089007214448197
2977,24.67415009999968,143.96094674610669,207.9406988476328,33.65888532221725,48.61771400182508,2.7263491991631223,0.23380566801619435,-0.1260361030982864,-0.10303075335431089,2.7483247823331043,-0.3614427474467836,0.01691914620677603,0.3618385236403742,1.443072986176235
2978,24.677279,143.95522920972002,207.9412522875918,33.65754852980296,48.6178433992244,2.726318805286726,0.23380566801619435,-0.12737289551257902,-0.10316015075363083,2.7742639936370312,-0.44780353683185115,-0.006877801617161287,0.44785635169571963,3.1830790979131773
2979,24.69004909999967,143.94696770282064,207.9419971844468,33.655616942663535,48.61801756033118,2.83518800116965,0.23380566801619435,-0.12930448265200312,-0.10333431186041508,2.779451797750844,-0.30436061851066903,0.001069966137117559,0.3043624992139005,3.9034186595096623
2980,24.693241099999796,143.93924894474813,207.94274416915857,33.653812253276136,48.618192209590724,2.856961840346235,0.23380566801619435,-0.13110917203940176,-0.10350896111995667,2.8022644516522197,-0.35224761717817155,-0.07642108313035341,0.36044218087581825,2.5169424084740517
2981,24.70604269999967,143.92950294053273,207.9397036814498,33.65153358225006,48.617481326330875,2.752441142788485,0.23380566801619435,-0.1333878430654778,-0.10279807786010764,2.828602037364136,-0.2804203950178855,-0.073210179809261,0.2898194754837764,0.47379315939716965
2982,24.709147999999914,143.92366754421522,207.94405906855582,33.65016923351591,48.61849964052267,2.840412468670002,0.23380566801619435,-0.1347521917996275,-0.10381639205190396,2.8120944995748784,-0.21771367715491463,-0.02964919095439153,0.21972327993311125,0.07259022038257207
2983,24.72217109999974,143.9198741004093,207.94546834990263,33.64928230485278,48.61882913848938,2.858006733846305,0.23380566801619435,-0.1356391204627556,-0.1041458900186143,2.7870179370853863,-0.0920104372754007,-0.02087771787956842,0.09434934907814307,-1.7109278567136434
2984,24.72530609999967,143.92204997651834,207.94273076545417,33.64979103701998,48.61818907572866,2.7526503122233628,0.23380566801619435,-0.13513038829555768,-0.10350582725789081,2.7820026627344605,-0.0026403302200108322,-0.11224322126093286,0.1122742715972873,-2.4187885621229452
2985,24.738169499999913,143.9255236330456,207.9433281076233,33.650603197604795,48.61832873771355,2.7315790278987744,0.23380566801619435,-0.1343182277107431,-0.10364548924277983,2.7592245529326345,0.0976194422285108,-0.06750545105004088,0.11868673650612785,-1.3696546777975755
2986,24.74124359999996,143.9290585205661,207.9486043962906,33.651429674342886,48.61956236391005,2.7273647710338564,0.23380566801619435,-0.1334917509726523,-0.10487911543928163,2.754668930972269,0.2479323201241389,-0.12874765376963618,0.2793678465989324,-0.9940081787097309
2987,24.75421309999956,143.9324942749169,207.9543866642582,33.65223297318401,48.62091429093487,2.7265219196608728,0.23380566801619435,-0.13268845213152503,-0.10623104246410264,2.753757768433224,0.2613077568890095,-0.18851274094647413,0.3222092446059209,-0.3191037699888043
2988,24.758065599999554,143.943755892948,207.9598491074708,33.654866003310715,48.62219144111919,2.8352286240444795,0.23380566801619435,-0.13005542200482267,-0.10750819264842448,2.7535754977784412,0.45326936536751705,-0.13883622494943607,0.4740554977414375,0.28271769193851415
2989,24.770314399999734,143.95576090316865,207.96480816309816,33.6576728427449,48.62335089643287,2.748094499528134,0.23380566801619435,-0.12724858257063687,-0.10866764796210049,2.775314098579126,0.4388700774305001,-0.051572989543323226,0.4418899389149847,0.2390390657269134
2990,24.77382529999977,143.97112177486443,207.96124140845032,33.661264301613045,48.62251696897978,2.730667674624865,0.23380566801619435,-0.12365712370249327,-0.10783372050901363,2.7796617805922903,0.5396245140225513,-0.07450167930479712,0.5447431654948133,-0.007237045487726468
2991,24.786120299999766,143.9814736810208,207.9593998601692,33.66368463594717,48.622086404553734,2.8360577750372777,0.23380566801619435,-0.12123678936836768,-0.10740315608296669,2.75875622391631,0.4397789564395937,0.006058850804642109,0.43982069096413706,-0.010280712773815454
2992,24.7893325,143.98924583114388,207.9624070329134,33.66550180869862,48.62278949858603,2.7482603297266937,0.23380566801619435,-0.11941961661691636,-0.10810625011526298,2.7545751125811133,0.5399831882162364,0.10448564777564247,0.5499991764968989,-0.37589241590390043
2993,24.802705499999774,143.9997833816141,207.95832941936118,33.667965547725565,48.62183612942554,2.7307008406645767,0.23380566801619435,-0.11695587758997306,-0.10715288095477149,2.7537388903140747,0.3668844317267655,0.07639046881658224,0.3747528385075807,-0.6241016579623184
2994,24.80584299999964,144.00958177069649,207.9529955933657,33.670256466630455,48.620589050675584,2.7271889428521536,0.23380566801619435,-0.11466495868508275,-0.10590580220481627,2.7535716458606667,0.35857190994060567,0.030232874302776686,0.35984419029221704,-0.2844037678635809
2995,24.81818129999965,144.0178907429671,207.94787414248205,33.67219915144271,48.61939162643052,2.726486563289669,0.23380566801619435,-0.1127222738728264,-0.10470837795975285,2.7535382351169577,0.21765068269042886,0.07245426512820392,0.22939363594240755,-0.02409762514775704
2996,24.821791200000007,144.02028842060506,207.95089675827677,33.67275974206454,48.620098331135566,2.8352215527702387,0.23380566801619435,-0.11216168325099574,-0.10541508266479838,2.7535315911151885,0.05363284396909687,0.11725744020774995,0.12894103007300486,-0.011604800596044936
2997,24.83418989999973,144.01292275212393,207.95130908947152,33.67103760702493,48.620194736505994,2.7480932760081496,0.23380566801619435,-0.1138838182906099,-0.10551148803522636,2.753530300461807,-0.12607288646519432,0.0259084704697119,0.12870750383620105,-0.3445513696205558
2998,24.837496999999985,144.0039287776306,207.9471320819382,33.668934764810395,48.61921812846936,2.7306676206557317,0.23380566801619435,-0.11598666050514339,-0.1045348799985959,2.753530080478104,-0.3454559209293333,-0.06007110073500635,0.35063988713300864,0.7840822298963059
2999,24.85017139999991,143.99480238483733,207.9503450322033,33.666800962446786,48.61996933445239,2.727182489585248,0.23380566801619435,-0.11812046286875244,-0.10528608598162492,2.731754981549723,-0.4047540494166265,-0.022455711047303657,0.40537649102753476,0.8385173757038116
3000,24.853259799999705,143.9823927653988,207.9547417145938,33.66389952308413,48.62099730371576,2.7264854633711515,0.23380566801619435,-0.12102190223140497,-0.10631405524499371,2.7491749785487145,-0.39526633486534585,-0.029990060495053393,0.39640242078774024,0.8469237712418838
3001,24.866147499999897,143.97460972699423,207.95516568377542,33.66207980459076,48.62109643011349,2.726346058128332,0.23380566801619435,-0.12284162072477756,-0.10641318164272207,2.752658977948513,-0.32230297177888934,-0.04031291126779147,0.3248143106951853,0.8537875261053599
3002,24.882765599999857,143.96810921885793,207.95839591313137,33.66055994894351,48.6218516760459,2.835193261003108,0.23380566801619435,-0.12436147637203021,-0.10716842757513234,2.7533557396815,-0.33814476135254923,-0.020464040062483993,0.33876342270949417,1.1978918130824558
3003,24.886832899999717,143.96339418703872,207.95415662598793,33.6594575477793,48.620860506683414,2.7480876176547233,0.23380566801619435,-0.1254638775362409,-0.10617725821264656,2.7534950538811245,-0.31833148021567226,0.06292187765185411,0.32449051447389926,-1.222119283207095
3004,24.898051699999996,143.95151520325382,207.9522384973173,33.65668017404012,48.62041203732824,2.730666298250183,0.23380566801619435,-0.1282412512754192,-0.10572878885746917,2.7535229167210495,-0.3001347790670561,0.0664666796294415,0.3074064168272897,-1.3449579437000563
3005,24.901421799999753,143.9394016279619,207.95102654327462,33.653847951476926,48.62012867560369,2.727182034369275,0.23380566801619435,-0.13107347383861168,-0.1054454271329206,2.731753434357394,-0.3387954713005562,0.08294799738943662,0.3488018658847512,-1.4057867487617326
3006,24.914083699999992,143.9366822246174,207.95048322883622,33.65321213956136,48.62000164560847,2.7264853723279567,0.23380566801619435,-0.13170928575417662,-0.10531839713770097,2.7273995378846627,-0.28392622235966447,0.020369321491587523,0.28465594847369213,-1.4153868419258
3007,24.91740439999967,143.93263781079304,207.94995830110554,33.65226653268542,48.61987891452974,2.7263458491848294,0.23380566801619435,-0.13265489263012142,-0.10519566605897523,2.726528796737089,-0.21132081801701652,0.007240380943577515,0.2114448184363692,-1.4180470217266503
3008,24.930068599999686,143.9328168928838,207.953706616292,33.65230840309328,48.62075529186585,2.7263181352910677,0.23380566801619435,-0.1326130222222588,-0.10607204339508058,2.7263546866545467,-0.05043726849606432,-0.007225028703577859,0.050952125501411684,-0.4353339237242081
3009,24.93328769999971,143.93440661579908,207.954060046407,33.65268008932144,48.62083792582998,2.7263125925123153,0.23380566801619435,-0.13224133599409527,-0.10615467735921413,2.7263198646380387,-0.01657953051120079,-0.00022260250769287268,0.01658102481296826,-0.6132377847322679
3010,24.94609909999963,143.93243511952593,207.95341598206073,33.652219142318316,48.62068733993525,2.7263114839565645,0.23380566801619435,-0.1327022829972222,-0.10600409146448442,2.7065130574002643,0.03745835717849128,0.007045401162016721,0.038115170208791876,-0.5727356291501682
3011,24.9493109,143.93407084653188,207.9527972023023,33.65260158456363,48.62054266572048,2.7263112622454146,0.23380566801619435,-0.1323198407519115,-0.10585941724971093,2.7025516959527094,0.07239768314797385,0.09465714089618121,0.11916962216871343,-0.5801251257190391
3012,24.96258059999991,143.9332438163693,207.94863707523376,33.652408220224,48.61957000443219,2.6273118129959583,0.23380566801619435,-0.1325132050915414,-0.10488675596142372,2.7017594236631983,0.059886564491306145,0.10197292998198079,0.11825768074709281,-0.5784717678152367
3013,24.96570619999966,143.93562342357475,207.94370605225572,33.65296458587628,48.618417103310804,2.7065113280532933,0.23380566801619435,-0.13195683943925474,-0.10373385484003705,2.7016009692052965,0.10570961020436404,0.03147112734465567,0.11029484822919935,2.4157834679094163
3014,24.978146399999787,143.9384384791847,207.94312560974362,33.653622761833674,48.618281392561514,2.7223512310647604,0.23380566801619435,-0.13129866348186425,-0.1035981440907463,2.701569240166743,0.11998037912386006,0.01650460516223542,0.12111025293618408,2.4843374730463643
3015,24.98124269999971,143.94099618595828,207.94763824447693,33.65422076817446,48.61933647213985,2.725519211667054,0.23380566801619435,-0.1307006571410767,-0.10465322366908225,2.7431378302721185,0.2861832184818568,-0.06668897633066004,0.29385073439531423,2.3516711816935505
3016,24.994139699999778,143.9515004197806,207.9492813872911,33.65667671758028,48.61972064824317,2.726152617052649,0.23380566801619435,-0.12824470773525576,-0.10503739977239945,2.7316516673117484,0.26004787440076327,-0.14442122418056977,0.2974598913705334,2.354630458767172
3017,24.997316899999987,143.96259510616585,207.95393793105129,33.65927071814202,48.62080937456766,2.8351547635228345,0.23380566801619435,-0.12565070717352,-0.1061261260968962,2.7293544347196743,0.24922340578108163,-0.1430963528583801,0.2873827973113417,2.349216211513281
3018,25.010115099999894,143.96518567229342,207.95502195834877,33.65987640718601,48.6210628262941,2.649080513251442,0.23380566801619435,-0.1250450181295264,-0.10637957782333274,2.72889498820126,0.22243916192592159,-0.059973524597116065,0.23038230055910816,-0.6566737443798778
3019,25.013215899999977,143.96516955650108,207.95478942513407,33.65987263922242,48.6210084587105,2.71086506810439,0.23380566801619435,-0.12504878609311731,-0.1063252102397314,2.728803137044549,0.17779987754021512,-0.03831933828520515,0.18188229199108824,0.4952563177784054
3020,25.02680109999983,143.96861019918387,207.95043975740657,33.66067708098328,48.61999148174182,2.72322197907498,0.23380566801619435,-0.12424434433226139,-0.1053082332710531,2.707009711881567,0.008778172705605483,0.016585105139635098,0.018764914829068308,0.6875691790711876
3021,25.02997239999968,143.96816573338972,207.94937522865828,33.660573162361366,48.61974258888671,2.725693361269098,0.23380566801619435,-0.12434826295417167,-0.10505934041594145,2.722450907830415,-0.024617976225625095,0.013156812170703273,0.027913195086564493,0.734017133791969
3022,25.042919499999698,143.96657832909938,207.9531488608755,33.660202018240845,48.6206248854881,2.7261876377079215,0.23380566801619435,-0.12471940707469287,-0.10594163701733095,2.7255391470201853,-0.02945850814660228,0.025788435288134133,0.03915159124267767,0.7419275717412056
3023,25.046065299999555,143.96496840429631,207.95364594934972,33.65982560869681,48.62074110759088,2.726286492995686,0.23380566801619435,-0.1250958166187246,-0.10605785912011356,2.726156794858139,-0.06079638329522857,0.023931736591079986,0.0653370357304736,1.0642136080913769
3024,25.05850479999981,143.96361606347642,207.9493528020347,33.659509423748034,48.619737345415,2.726306264053239,0.23380566801619435,-0.1254120015675042,-0.10505409694422951,2.7262803244257294,-0.06005488221724574,-0.00649961632599293,0.06040557830624894,0.09048503393211695
3025,25.06192349999992,143.96219078955073,207.9483939561239,33.65917618662573,48.6195131618063,2.7263102182647496,0.23380566801619435,-0.12574523868980947,-0.10482991333553571,2.726305030339248,-0.07285125056816748,-0.0021776368607609297,0.07288378977278326,0.042843179335886945
3026,25.074273599999742,143.96065572961425,207.9522855617849,33.65881728091183,48.62042304126752,2.7263110091070515,0.23380566801619435,-0.12610414440370477,-0.10573979279675427,2.7263099715219514,-0.06741913311866178,0.00657490675309715,0.06773897629344394,0.00357818551099021
3027,25.077379199999996,143.95942510183716,207.95290369635444,33.65852955316233,48.62056756463348,2.726311167275512,0.23380566801619435,-0.12639187215320646,-0.10588431616271521,2.726310959758492,-0.14049969266507412,0.05896858832979912,0.15237276019219972,0.0015946364788138486
3028,25.090133199999855,143.95437959088898,207.95253180177417,33.65734988410461,48.62048061357271,2.726311198909204,0.23380566801619435,-0.1275715412109264,-0.10579736510194238,2.7263111574058003,-0.1393831553521897,0.03521920203574698,0.14376389041747378,0.0001494194502679035
3029,25.09324979999974,143.949170001482,207.9479641882365,33.656131852573225,48.619412679638295,2.7263112052359424,0.23380566801619435,-0.1287895727423134,-0.10472943116752731,2.726311196935262,-0.1462372235966986,0.0376020572301578,0.15099417297767118,6.942020158113743e-05
3030,25.106143299999985,143.9441024979291,207.95089638153178,33.65494704151986,48.62009824305045,2.72631120650129,0.23380566801619435,-0.12997438379567683,-0.10541499457968229,2.726311204841154,-0.17860632033544147,0.10387434738359089,0.20661582153391167,5.798421151098734e-06
3031,25.12256559999969,143.93965416452133,207.9552343187716,33.6539069959559,48.62111247736462,2.72631120675436,0.23380566801619435,-0.13101442935963803,-0.10642922889385176,2.726311206422333,-0.1559383695736897,0.10633845757350112,0.18874491427429754,-0.31019623360139376
3032,25.125658499999645,143.93628759508542,207.95146650815968,33.65311987294001,48.62023154188754,2.7263112068049735,0.23380566801619435,-0.13180155237552782,-0.10554829341677419,2.7263112067385684,-0.04449432576133326,0.04303468223542619,0.06190096041306428,-0.5696136772019624
3033,25.13842439999962,143.9374257806073,207.95042155868055,33.65338598716628,48.61998722677653,2.7263112068150965,0.23380566801619435,-0.13153543814925683,-0.10530397830576277,2.706511363967343,-0.030455845254681382,0.05334965132747668,0.061430805032495164,-0.582142372340294
3034,25.141477399999985,143.93959860213425,207.95008021266818,33.653894005154875,48.61990741814408,2.726311206817121,0.23380566801619435,-0.13102742016066316,-0.10522416967331338,2.702551395413098,0.00888862023965973,0.0662363114005391,0.06683005699319786,-0.592307560354561
3035,25.154120399999556,143.93842519374647,207.95016653754203,33.65361965562291,48.61992760138888,2.6273119926451622,0.23380566801619435,-0.13130176969262664,-0.1052443529181133,2.701759401702249,0.06795964007881004,0.009461014059917087,0.06861503819632657,-0.8865683992589617
3036,25.15723689999959,143.94020322226476,207.95013089830152,33.65403536876838,48.619919268732446,2.706511363983134,0.23380566801619435,-0.1308860565471548,-0.10523602026167822,2.701601002960079,0.0913111144341233,0.006206404362119295,0.09152179562436313,0.23199989515899833
3037,25.170715799999925,143.94255889272438,207.9500762121242,33.65458613787382,48.61990648279422,2.7223512382507287,0.23380566801619435,-0.13033528744171718,-0.1052232343234536,2.6817694422301996,0.06789443233023074,-0.0004661337059832585,0.06789603244723608,0.5466425900827456
3038,25.17463319999979,143.94486442410883,207.9500282083045,33.65512518417929,48.61989525922909,2.7255192131042474,0.23380566801619435,-0.12979624113624766,-0.1052120107583221,2.697602972918697,0.0993442891393232,-0.0005971206569674392,0.0993460836554538,-0.6188945280946672
3039,25.18610099999978,143.94728330573423,207.95038241828706,33.655690732413575,48.61997807553068,2.627153403167725,0.23380566801619435,-0.1292306929019631,-0.10529482705991455,2.700769679056396,0.07819211170815074,-0.000998334578492389,0.07819848467400463,-0.6664277495525417
3040,25.18935489999967,143.94916976442184,207.95041375032372,33.65613179714721,48.61998540113844,2.706479646087647,0.23380566801619435,-0.1287896281683274,-0.10530215266767584,2.6816031393024904,0.09359033794959974,-0.005986144479187992,0.09378158285743529,0.7978480921777094
3041,25.202642299999752,143.95074001190625,207.9503758069657,33.656498929909255,48.61997652976628,2.722344894671631,0.23380566801619435,-0.1284224954062836,-0.10529328129550919,2.6777698313517093,0.0704439034545799,-0.006571984450269555,0.07074980221550277,0.05181783442379423
3042,25.20589579999978,143.9523799797832,207.9507096438801,33.65688236369425,48.620054582729054,2.6265185394812014,0.23380566801619435,-0.12803906162128698,-0.10537133425828671,2.6968030507429988,0.07296593430215301,-0.003998188641324168,0.07307539312927247,-1.1636252073796876
3043,25.218108499999744,143.95352239362745,207.95071299446613,33.657149466526256,48.62005536611506,2.706352673350342,0.23380566801619435,-0.12777195878928183,-0.10537211764429344,2.7006096946212566,0.03367183607698481,-0.002550885867673131,0.03376832189353256,0.26554424055535386
3044,25.221390399999564,143.95439164577016,207.95063372347005,33.65735270260416,48.62003683210687,2.7223195001241702,0.23380566801619435,-0.12756872271138064,-0.10535358363610214,2.6815711424154625,-0.01762359180607259,0.04872534334946596,0.05181457394083653,0.513540658904728
3045,25.23412789999975,143.95107273444057,207.95036213570148,33.656576722323656,48.61997333334721,2.725512865478936,0.23380566801619435,-0.12834470299188183,-0.10529008487644376,2.697563312955749,-0.03991084337208223,0.05534386259005206,0.0682335587893336,-0.6462898902161739
3046,25.23748939999996,143.94778252687186,207.94666646165973,33.655807453145144,48.61910926380911,2.6271521336426624,0.23380566801619435,-0.12911397217039422,-0.1044260153383405,2.7007617470638063,-0.024638900645542267,0.11070827275607716,0.11341691708759712,-0.7004270924928978
3047,25.250051399999847,143.94812727234296,207.9461774186376,33.65588805659031,48.61899492277863,2.7064793921826342,0.23380566801619435,-0.1290333687252314,-0.10431167430786559,2.701401433885418,-0.032654132474242745,0.10960655674442096,0.11436734520401078,0.7663185887028106
3048,25.25317109999969,143.949437976533,207.94248460124143,33.656194506659034,48.61813152114046,2.7223448438906286,0.23380566801619435,-0.1287269186565041,-0.10344827266969503,2.7015293712497397,-0.004513125944049727,0.09565517077989945,0.09576157894854587,0.7683651660637217
3049,25.26610649999975,143.95064684764887,207.94247692423613,33.656477147577824,48.618129726213105,2.7255179342322275,0.23380566801619435,-0.12844427773771372,-0.10344647774233806,2.7213548397040497,0.044580316584951325,0.04048261242956935,0.060218323921686905,0.5903278811045594
3050,25.269239099999595,143.95171581957823,207.9433447559614,33.65672707927386,48.61833263018936,2.7261525523005474,0.23380566801619435,-0.12819434604168123,-0.10364938171858995,2.7253199333949114,-0.005118986044411786,0.026297666927804053,0.02679125424403646,-0.6850335125836667
3051,25.282174999999825,143.952635375793,207.94438568850205,33.65694207672893,48.61857600611739,2.726279475914211,0.23380566801619435,-0.12797934858660653,-0.10389275764661932,2.726112952133084,-0.03860869494452964,-0.031652874734508764,0.04992530224523685,-0.7538630719035815
3052,25.28527989999975,143.94942059321582,207.94520668213528,33.65619044234095,48.61876795908224,2.7263048606369438,0.23380566801619435,-0.12873098297458796,-0.10408471061147395,2.706471713046246,-0.1455141900303658,0.013196204725668473,0.1461113250893139,-1.111612585534888
3053,25.29823849999957,143.94558421324535,207.94592691467443,33.65529347495919,48.618936353532185,2.7263099375814903,0.23380566801619435,-0.1296279503563511,-0.10425310506141727,2.702543465228878,-0.17368066159165751,0.04029921719544857,0.17829469739025275,-1.959299447992331
3054,25.30130629999985,143.93885729598713,207.94298273574867,33.65372068357594,48.618247987811685,2.6273117387980363,0.23380566801619435,-0.1312007417395975,-0.10356473934091781,2.7017578156654047,-0.14959497402541277,0.09621914590632695,0.17786731091633154,-2.4616674168147066
3055,25.31410229999983,143.93551617336203,207.93911100986492,33.65293951016866,48.61734275635506,2.706511313213709,0.23380566801619435,-0.13198191514688062,-0.10265950788429024,2.6637193686140384,-0.12667999659580104,0.12954574548878667,0.1811902914390218,-0.9235496157734766
3056,25.317206799999894,143.9373359220026,207.93564826638226,33.653364977715185,48.61653314730193,2.7223512280968434,0.23380566801619435,-0.131556447600353,-0.10184989883116202,2.6561116792037653,-0.11971982615006946,0.1411893445188761,0.18511420199183193,-0.816494381131683
3057,25.33060039999964,143.93003176492448,207.92964418329478,33.65165722439024,48.615129358644836,2.536112625380111,0.23380566801619435,-0.13326420092529645,-0.10044611017406879,2.674389984156183,-0.032845354625380435,0.06582354997981854,0.07356328603598855,-0.7180628321725432
3058,25.34634819999974,143.92771362970768,207.92659821013035,33.65111523123733,48.61441719285437,2.688271490530124,0.23380566801619435,-0.13380619407821115,-0.09973394438360117,2.6780456451466668,-0.02249360068701471,0.04072468189020078,0.046523776576336925,0.1536652487605747
3059,25.349445399999695,143.9266763322316,207.92861763114587,33.650872705208,48.61488934493391,2.7187032635601263,0.23380566801619435,-0.1340487201075362,-0.10020609646313972,2.6787767773447633,-0.05049737430165778,0.0019131896082457897,0.05053360372899233,-1.5819313993902657
3060,25.362597099999675,143.92615379375127,207.93169740705406,33.65075053274954,48.61560941399746,2.724789618166127,0.23380566801619435,-0.13417089256599724,-0.10092616552669398,2.697004478088582,-0.022434983145571356,-0.015230201411081275,0.027116185273083175,-1.9656918838557789
3061,25.365673499999957,143.92611471186555,207.93081940181236,33.65074139518314,48.6154041313954,2.7260068890873272,0.23380566801619435,-0.13418003013239854,-0.10072088292463377,2.662768701098674,-0.04485357617764782,0.08962046372227277,0.10021811619522324,-3.335240427974451
3062,25.37803079999958,143.92679158690194,207.92981025816795,33.65089965240319,48.6151681878915,2.6272511290992036,0.23380566801619435,-0.13402177291234807,-0.10048493942073122,2.6559215457006924,-0.02893456299633454,0.1279069579477944,0.131138853232929,-10.236753489471392
3063,25.381230699999833,143.92478642821962,207.92201631576268,33.65043083493799,48.61334591998095,2.517092605580583,0.23380566801619435,-0.13449059037754552,-0.09866267151018349,2.6347522717866227,-0.0650134477142317,0.19809884349517326,0.2084943648586606,-42.81426387273919
3064,25.39408229999981,143.92485734313888,207.91987328060083,33.65044741524806,48.61284486621335,2.6844674865702185,0.23380566801619435,-0.1344740100674784,-0.09816161774258347,2.1943086239129888,-0.021584768597412048,0.14071474224686864,0.14236060171622802,-41.56932272885465
3065,25.39720609999995,143.922323039398,207.91591573836308,33.64985488066897,48.611919570406755,2.618943248595782,0.23380566801619435,-0.13506654464656975,-0.09723632193598775,1.6898099440819143,0.172533559826102,-0.0703758549051692,0.18633461895176792,-68.69728911945258
3066,25.410056999999597,143.93409485897058,207.9280183938193,33.6526071988079,48.61474923985046,0.5237886497191564,0.23380566801619435,-0.13231422650763847,-0.10006599137969374,1.6267915252543714,0.2074231322955764,-0.18860928572251112,0.2803530247243001,-68.78578653263506
3067,25.413352399999894,143.94795547743797,207.94262547858176,33.65584788996779,48.61816445906112,0.10475772994383128,0.23380566801619435,-0.12907353534775012,-0.10348121059035265,1.1779780483980424,0.3518030813482841,-0.3501580313063999,0.4963628258990807,-37.06519716676638
3068,25.426070099999833,143.94947513644934,207.94380532594425,33.656203194858094,48.61844031406187,2.202000511442868,0.23380566801619435,-0.12871823045744435,-0.10375706559110398,1.0882153530267764,0.3893873507953544,-0.3936815390898747,0.5537216477433377,2.9693643277035484
3069,25.429274899999655,143.95938797966897,207.9543427499431,33.658520873789,48.62090402351909,0.4404001022885736,0.23380566801619435,-0.12640055152653673,-0.10622077504832106,1.486672764208871,0.3091439632728379,-0.35321683173965474,0.4693954838430354,-14.96274275058316
3070,25.442103599999882,143.95929126981957,207.9500305422221,33.65849826247806,48.619895804912254,2.170129771739453,0.23380566801619435,-0.1264231628374759,-0.10521255644148653,1.982774158554665,0.10046284300838851,-0.13589404827686533,0.16899696796807664,17.610062779995825
3071,25.44566719999966,143.9564404016834,207.95030289312388,33.65783171334906,48.61995948209678,2.516075705629629,0.23380566801619435,-0.12708971196647667,-0.10527623362601446,1.6457846443330035,0.20234681850802771,-0.2519327150795184,0.32313205951693885,21.84058771274603
3072,25.458075499999723,143.95325576082124,207.94763584290988,33.657087126264884,48.61933591063986,2.585264701672801,0.23380566801619435,-0.12783429905065447,-0.10465266216909441,1.9767152174408196,0.040997035295617865,-0.08035358362450765,0.09020784502653237,-9.447451963145134
3073,25.461488499999632,143.96109988991233,207.9564219001806,33.65892112810703,48.62139014062927,0.5170529403345603,0.23380566801619435,-0.12600029720850614,-0.10670689215850615,2.0248198577581835,-0.05951769629399281,0.012681484145333113,0.060853728006362115,-22.21854751660566
3074,25.47415759999967,143.9565721221363,207.951591742135,33.65786251033754,48.6202608223008,2.0950529678276544,0.23380566801619435,-0.12705891497800081,-0.10557757383003263,1.6180308355653088,0.003837030659508727,-0.012345123941657488,0.012927679196858765,2.9853113466898256
3075,25.477388099999644,143.94960369337588,207.9440785080435,33.65623325219618,48.618504185585074,2.410652973326273,0.23380566801619435,-0.12868817311935743,-0.10382093711430684,1.5366730692737063,-0.004983029996524731,-0.0002448829269150986,0.004989043555047376,3.5784392448440467
3076,25.4901090999997,143.95666209277755,207.9518590129972,33.65788354598342,48.62032331174328,0.48213059466525465,0.23380566801619435,-0.1270378793321214,-0.10564006327251008,1.936811428124761,-0.1376507671076579,0.14753698745379096,0.20177932587920583,1.0648398145617497
3077,25.493419599999925,143.95518801464948,207.95029080305397,33.657538898161974,48.61995665536991,2.1784758702147893,0.23380566801619435,-0.12738252715356424,-0.1052734068991441,2.0349205360521982,-0.2367925605364528,0.19538721883667576,0.30699655048573543,34.59793416926472
3078,25.506273399999827,143.94826203051784,207.94275763728695,33.65591956381541,48.61819535851547,2.517744734589833,0.23380566801619435,-0.1290018615001287,-0.10351211004470429,2.054542319490713,-0.16978366704572256,0.12153466627283097,0.20879935033792893,40.611573476753605
3079,25.50937419999991,143.94057960675056,207.93840242201705,33.654123369594515,48.61717708449994,2.5855985074648418,0.23380566801619435,-0.13079805572102288,-0.10249383602917561,2.4748765882877914,-0.35246249619365944,0.20453652186029617,0.4075107360521595,35.1797965223863
3080,25.522884899999553,143.9307969097443,207.92831856204722,33.651836119585965,48.614819420883514,2.5087618905188473,0.23380566801619435,-0.13308530572957267,-0.1001361724127463,2.540861929596035,-0.36268475482542323,0.21430881252752948,0.4212701016090949,29.00063935240577
3081,25.525956799999676,143.92050058852004,207.92474474060947,33.64942878132402,48.613983841174885,2.5838019386506446,0.23380566801619435,-0.13549264399151895,-0.09930059270411817,2.5540589978576835,-0.5073876845106635,0.27217848724162363,0.5757806798688466,42.03943169289063
3082,25.538211899999624,143.91236467960073,207.91637829330665,33.64752655970422,48.61202771837433,2.508402576756008,0.23380566801619435,-0.13739486561131997,-0.09734446990356105,2.5386169753527867,-0.4136508045799036,0.21898541689732004,0.46804017022398264,18.572129296709754
3083,25.54134189999968,143.90099232346464,207.91067034847316,33.6448676383809,48.61069316851954,2.583730075898077,0.23380566801619435,-0.14005378693463655,-0.09600992004877185,2.7474521319479988,-0.41575099059870413,0.23246846329479892,0.47633021383327034,18.401023105333778
3084,25.55427309999959,143.8948762241767,207.9072177580167,33.643437659701235,48.609885933301484,2.508388394940358,0.23380566801619435,-0.14148376561430354,-0.09520268483071703,2.983061250059033,-0.42840705329404166,0.3417815750769257,0.5480394587747748,27.207176148273653
3085,25.570458999999573,143.8824295357805,207.89047021098855,33.640527553406166,48.60597026188093,3.5529376734949074,0.23380566801619435,-0.14439387190937225,-0.09128701341015955,3.0482645479854398,-0.40920132220946936,0.30167593844737456,0.508383805737439,32.06944045673399
3086,25.573952799999915,143.86977349112286,207.8782381276983,33.63756849843055,48.603110331476024,3.7618475292058173,0.23380566801619435,-0.14735292688499158,-0.08842708300525715,3.217108811696698,-0.724640199456659,0.36942377502008766,0.8133740493885202,10.235686607916994
3087,25.58649609999975,143.86659803586664,207.8804329450105,33.636826058993115,48.60362349220388,2.8344190663880386,0.23380566801619435,-0.1480953663224227,-0.08894024373311282,3.5062478426616055,-0.779506421170719,0.37325666834644294,0.8642631550120998,5.445889858879308
3088,25.59012629999961,143.82891986419128,207.86855336564716,33.628016688894924,48.60084597921508,3.427951394454366,0.23380566801619435,-0.1569047364206142,-0.08616273074431291,3.3521521259053686,-0.6854512997799069,0.27279311877372936,0.7377395001084474,-23.516711257931462
3089,25.60214589999987,143.80913197410445,207.86435895298405,33.62339016803455,48.599865301760445,3.9540835497648965,0.23380566801619435,-0.16153125728099127,-0.0851820532896781,3.2832944998881053,-0.5283183698246812,0.0986802461276507,0.5374551989422209,-34.51765992902038
3090,25.605201499999566,143.81292828771558,207.86776210152726,33.62427776767439,48.60066097717895,2.7824590897137216,0.23380566801619435,-0.1606436576411454,-0.08597772870817977,2.853113062575278,-0.12846482202338777,-0.19286789285942973,0.2317352683419966,-45.322905114045426
3091,25.61808519999977,143.80955149941911,207.8706270488193,33.62348825543099,48.6013308180944,3.4175593991195026,0.23380566801619435,-0.16143316988454615,-0.0866475696236293,2.7670767751127125,0.3802979854271339,-0.3268774663177015,0.5014732651958792,-34.451321326721825
3092,25.62127139999984,143.83599001718875,207.89105001171654,33.62966973073948,48.606105822577454,0.6835118798239006,0.23380566801619435,-0.1552516945760587,-0.0914225741066872,2.668384379680746,0.5565121329889746,-0.19989125126098975,0.5913224725093934,-29.109247728616662
3093,25.634214399999564,143.84247376162142,207.88578740527288,33.6311856669378,48.604875395362384,2.9977699571415384,0.23380566801619435,-0.153735758377735,-0.09019214689161714,2.822530940877556,0.5203698638927413,-0.1493053581957448,0.5413657591995543,5.573334674069396
3094,25.6374966999997,143.84943908859873,207.87572846752914,33.63281419986468,48.60252355870368,3.4606215726050658,0.23380566801619435,-0.1521072254508553,-0.08784031023291305,2.8913988120768788,0.5999365091869926,-0.07785004926677218,0.6049664827296742,14.872089530412575
3095,25.650126899999577,143.8553689579407,207.87613197650143,33.63420063692743,48.60261790138849,3.553191895697771,0.23380566801619435,-0.15072078838810654,-0.08793465291772407,3.3035008622688915,0.24961091036243122,0.2068516200869979,0.3241808126718443,22.021323954156582
3096,25.653152299999874,143.85972389231722,207.87218164524842,33.635218845268504,48.601694291551,3.761898755116117,0.23380566801619435,-0.14970258004703396,-0.08701104308023133,3.4239597549733096,0.11469403158231231,0.15861820204087693,0.1957407849664574,8.428388082842453
3097,25.66617419999966,143.87021966936837,207.87636679192735,33.63767281743329,48.60267280256601,2.744022130783966,0.23380566801619435,-0.14724860788224703,-0.08798955409524467,3.486090092474155,0.017653567590218324,0.027383300474712175,0.032580570798418786,0.7895195735756406
3098,25.669350299999678,143.86264692784013,207.87835149412442,33.635902267541574,48.60313683718901,3.600064420663629,0.23380566801619435,-0.14901915777396368,-0.08845358871824516,3.3080537042248115,0.09211192237235352,0.00872051048774564,0.0925237998911489,4.878122711670223
3099,25.682680499999606,143.8632714426534,207.87491090209556,33.63604828264467,48.602332407271334,3.7712732601092886,0.23380566801619435,-0.14887314267086538,-0.08764915880056634,3.0786042634890056,0.04431875718551127,-0.09832768454523311,0.10785400218116702,-3.1637352992071706
3100,25.685808999999608,143.869721821845,207.87625946380513,33.63755641786052,48.6026477086427,2.663009954451057,0.23380566801619435,-0.14736500745501502,-0.08796446017193205,3.244637898291063,-0.04550741087243784,-0.04747796150559573,0.06576535009440536,-6.651176715336797
3101,25.698089999999866,143.87484775282454,207.88833824241613,33.6387548895774,48.605471795544666,2.6146515514370865,0.23380566801619435,-0.1461665357381392,-0.09078854707389894,3.2398061425854587,0.035162278143605244,-0.0039114204986885025,0.03537916073857349,7.306742754267593
3102,25.70116949999965,143.8714142697491,207.88597921392434,33.637952121773324,48.60492024131227,3.574190304794253,0.23380566801619435,-0.14696930354221394,-0.0902369928415041,3.2008012324843773,-0.5012151716197207,-0.08652538266183474,0.5086288333417238,11.92185595169706
3103,25.7144688999997,143.8626480315486,207.88189900880334,33.635902525594865,48.60396626622831,3.575905642135609,0.23380566801619435,-0.14901889972067295,-0.08928301775754477,3.383462706213672,-0.6410366131535848,-0.05668981832999303,0.6435384020442808,1.3668435642714252
3104,25.717615999999907,143.8266964011977,207.88664677978872,33.627496830644404,48.60507632199514,3.5762487096038797,0.23380566801619435,-0.15742459467113434,-0.09039307352437476,3.4019135648023053,-0.8702714093934327,-0.10240483593991614,0.876275685176482,3.885527774074342
3105,25.730071799999678,143.8151335729557,207.8840686163339,33.62479337586312,48.60447353276633,3.576317323097534,0.23380566801619435,-0.16012804945241754,-0.08979028429556024,3.405603736520032,-0.8187369119058671,-0.14429284989588811,0.831354652027781,3.823900787759948
3106,25.73325019999993,143.80087888274088,207.89030197464012,33.62146054849509,48.6059309272691,2.706905844380249,0.23380566801619435,-0.16346087682045152,-0.09124767879833229,3.4443801772356473,-1.2332160757268897,-0.13189179489192154,1.2402489004192032,1.38203214144144
3107,25.746054899999763,143.80071410545085,207.89196331104284,33.62142202263072,48.606319357136535,3.592641163382886,0.23380566801619435,-0.16349940268482044,-0.09163610866576732,3.2782504250955666,-0.6654637790062091,-0.08552523131179111,0.6709371105850086,3.528605016404394
3108,25.749210199999652,143.77066650243694,207.89015849133494,33.61439672273576,48.60589738005908,3.7697878457136866,0.23380566801619435,-0.17052470257977603,-0.09121413158831615,3.2830629573335663,-0.4997918225600824,-0.1922269418682271,0.5354839522132663,6.178429575392446
3109,25.762037999999848,143.7798744197987,207.8967911792302,33.61654958600557,48.60744814008318,2.7455999489034797,0.23380566801619435,-0.16837183930996957,-0.0927648916124113,3.4959489867303852,-0.28264157800878176,-0.12003999931028363,0.30707631470647023,3.2816288045041917
3110,25.765181299999767,143.78809299459812,207.9033130902177,33.61847113537669,48.60897299983835,3.6003799842875317,0.23380566801619435,-0.16645028993885091,-0.09428975136758311,3.5385261926097487,-0.1789611291877481,-0.10297841251981463,0.20647430640458625,19.285652164399387
3111,25.778107199999795,143.79014763829798,207.90870867416575,33.61895152271947,48.61023451794766,3.7713359913643423,0.23380566801619435,-0.1659699025960677,-0.09555126947689274,3.5090032274135514,0.18625635554277306,-0.11945800827636428,0.22127278576777534,19.61108704992531
3112,25.78117999999995,143.79692121743582,207.90798618953752,33.62053522391465,48.61006559694653,3.8055271927797043,0.23380566801619435,-0.16438620140088744,-0.09538234847575922,3.715022157323531,0.16238273281791912,-0.08804561567898629,0.18471649184008304,16.393830641454805
3113,25.79425059999994,143.77453624307967,207.9051162068082,33.61530149003178,48.60939457871731,3.622173019732699,0.23380566801619435,-0.1696199352837553,-0.09471133024653966,3.756225867011582,-0.3207696683477546,0.16058478972021012,0.3587208591947401,11.34611853885337
3114,25.810428099999626,143.77788927927577,207.90261343280557,33.6160854488995,48.60880941596972,3.775694598453376,0.23380566801619435,-0.16883597641604098,-0.09412616749895619,3.764466608949192,-0.32784660607778005,0.19279960657031545,0.3803354906005848,11.686421452056218
3115,25.813540199999807,143.753870970942,207.89252347538888,33.6104698322749,48.60645032673566,3.8063985327277847,0.23380566801619435,-0.1744515930406365,-0.09176707826489405,3.7280762746706984,-0.6985493768484556,0.2871784318259529,0.7552765610035699,-4.230975973533598
3116,25.826034699999582,143.75396609478628,207.88913123505816,33.61049207276886,48.60565720171907,3.812539701052393,0.23380566801619435,-0.17442935254668157,-0.0909739532483016,3.7207982078149997,-0.5575172482492884,0.2945777930744164,0.6305565464477015,-4.9841629410074555
3117,25.82918389999986,143.73594254298368,207.88203470085438,33.60627806419963,48.60399799179895,3.6235755213872367,0.23380566801619435,-0.17864336111590973,-0.08931474332818112,3.6813041117778442,-0.29342840530939507,0.42618540316689163,0.5174304077989045,-7.604604437088302
3118,25.842058099999576,143.75272266577522,207.87717066251827,33.6102013520183,48.60286075206652,3.5857826854542054,0.23380566801619435,-0.17472007329723738,-0.08817750359575172,3.673405292570413,0.00015098836715038422,0.2829129720529543,0.2829130123435872,-4.797062395962405
3119,25.8452041999999,143.7711427025766,207.86782934775846,33.61450806102753,48.60067669972896,3.5782241182675993,0.23380566801619435,-0.17041336428800946,-0.08599345125819013,3.6337870460629116,0.08136426990388318,0.30575984530844436,0.31640042259775153,-4.29409046471066
3120,25.85804889999963,143.75265353453088,207.86553979543572,33.61018518874153,48.60014138941868,3.7669044366906292,0.23380566801619435,-0.17473623657400594,-0.08545814094791382,3.6639018794274265,0.39988451504500633,0.21205070796862122,0.4526291286724412,-1.7673200316285713
3121,25.86116579999998,143.75809059920888,207.86317068494293,33.61145640528062,48.59958747795731,3.614448468514884,0.23380566801619435,-0.17346502003491793,-0.08490422948653986,3.6699248461003293,0.5831728587215347,0.21396586265324793,0.6211859411886232,-4.056550769352801
3122,25.874138099999982,143.77221002773192,207.85993482211464,33.61475760769846,48.59883091488713,3.7741496882098127,0.23380566801619435,-0.17016381761708033,-0.08414766641636362,3.6711294394349103,0.24691181656163896,0.026977497727862287,0.24838122018668252,-1.6560326203598674
3123,25.87727229999973,143.78858015585877,207.8586223163685,33.61858503644066,48.59852404360438,3.615897518818721,0.23380566801619435,-0.16633638887487479,-0.08384079513361087,3.6333319517297564,-0.008841343298430504,0.10337305249808988,0.1037504570307695,-4.650425934956262
3124,25.89008019999983,143.77146678579086,207.87180966234408,33.61458383351993,48.60160731983956,3.584247084940502,0.23380566801619435,-0.17033759179560803,-0.08692407136879154,3.6257724541887253,-0.16593550012091413,0.08238805563067009,0.18526300740023705,-5.1598641978778055
3125,25.89321229999996,143.74982775601802,207.86613433086922,33.60952450570867,48.60028039517287,3.5779169981648584,0.23380566801619435,-0.1753969196068681,-0.08559714670209928,3.5862220720145035,-0.014966389157518772,0.0889848778917945,0.09023470118436627,-5.282759578820479
3126,25.90607769999997,143.72904858329161,207.86212913325443,33.604666217348544,48.59934395726901,3.5766509808097298,0.23380566801619435,-0.18025520796699368,-0.08466070879823917,3.5783119955796594,-0.18755330043818758,0.08932963921223752,0.20774028243709877,-2.2926263680130408
3127,25.90911059999962,143.74214144880142,207.86094472838198,33.60772740351531,48.5990670366966,3.576397777338704,0.23380566801619435,-0.1771940218002257,-0.08438378822583559,3.5767299802926904,-0.3013770035374925,0.25598828034009735,0.395421418151215,0.7750981487563107
3128,25.92215879999958,143.76213448329412,207.8553843449373,33.61240188830055,48.59776698753089,3.576347136644499,0.23380566801619435,-0.1725195370149848,-0.08308373906012179,3.614451983607367,-0.0569430339824456,0.16577447466011297,0.17528173198585867,4.0277800610783885
3129,25.92524949999961,143.75048158835284,207.84755122539448,33.609677375414485,48.595935559783534,3.576337008505658,0.23380566801619435,-0.17524404990105324,-0.08125231131276678,3.660034866936318,0.11212125787397881,0.06719389730747789,0.13071417789440876,7.254843696945836
3130,25.938218499999948,143.72867416906087,207.84907194941502,33.60457867717921,48.59629111367902,3.7665270147382413,0.23380566801619435,-0.18034274813632578,-0.08160786520825525,3.707189849974178,-0.14706006509010439,0.03410045310079464,0.1509619278029571,6.988342714814706
3131,25.9412769999999,143.73479229104453,207.85456763945336,33.606009128776606,48.59757603715965,3.804565397454484,0.23380566801619435,-0.17891229653893248,-0.08289278868888061,3.7546592529538203,-0.494313845110431,0.04496621294934329,0.49635485066116247,6.105522379601722
3132,25.954267499999787,143.7188695815502,207.8586881439942,33.602286309046654,48.59853943447638,3.8121726925280064,0.23380566801619435,-0.18263511626888373,-0.08385618600561173,3.7305732690477953,-0.3557345227568587,-0.0746628224732016,0.363485333597815,2.541585456699479
3133,25.957430199999635,143.7002290225848,207.85660547716066,33.59792804070556,48.59805249516611,3.8136941515427107,0.23380566801619435,-0.18699338460997694,-0.08336924669534085,3.7257560722665906,-0.4922264651175936,-0.027832844195095796,0.493012738352824,-1.247039861090145
3134,25.970129099999667,143.6899841660466,207.85690878506165,33.595532735178914,48.598123410272514,3.4559070889755343,0.23380566801619435,-0.1893886901366244,-0.08344016180174663,3.686754150244334,-0.6173565104156494,0.06007848490442784,0.6202729119516661,-5.05223757620465
3135,25.973123699999633,143.6762077419511,207.85426091818925,33.59231172914039,48.5975043239896,3.7424410308322162,0.23380566801619435,-0.1926096961751469,-0.08282107551882945,3.6409153594678125,-0.30871032967465334,-0.0070865410648314475,0.30879165583301743,-3.330395382699596
3136,25.98658999999998,143.66711025457957,207.85314118779928,33.59018468502822,48.59724252467777,3.6095557873432016,0.23380566801619435,-0.19473674028731836,-0.08255927620700021,3.593709194940438,0.07651400044515758,-0.04688393968620121,0.08973570117083236,-3.550781728093844
3137,25.9901633999998,143.68631644303943,207.8594072757096,33.59467520075113,48.59870757154749,3.5829787386453984,0.23380566801619435,-0.19024622456441165,-0.0840243230767257,3.6178478265369165,0.08922421134614596,0.0387868662925493,0.09729018905900953,-16.074649716688427
3138,26.00281479999967,143.7159745575372,207.86184354866373,33.60160943602338,48.599277185973,3.577663328905838,0.23380566801619435,-0.1833119892921573,-0.08459393750223398,3.5846371464841416,0.26754675387773325,-0.03586996181392773,0.26994058544621446,-13.086873954895777
3139,26.006047499999568,143.71424525681596,207.85599814912882,33.60120511571304,48.59791049842992,3.5766002469579257,0.23380566801619435,-0.1837163096024952,-0.0832272499591511,3.372279068090774,0.32971536019325637,-0.049574551319576436,0.33342143735204866,-11.925808117700884
3140,26.018085399999563,143.7047720991161,207.86457326775096,33.59899023774881,48.59991540976769,3.5763876305683433,0.23380566801619435,-0.18593118756673022,-0.08523216129692202,3.367845858784171,-0.07022143159721433,-0.08488115419578965,0.11016287847170511,-10.508559391826324
3141,26.034239599999637,143.7153356334216,207.86796445341236,33.60146005194372,48.600708288196614,2.547765395376364,0.23380566801619435,-0.18346137337182,-0.08602503972584685,3.404997699588866,-0.21009206564766658,-0.0879252190485125,0.22774880942132794,-10.374521366713795
3142,26.03752459999987,143.70489592007414,207.87620513312848,33.59901918779062,48.60263500582255,3.5608126921123824,0.23380566801619435,-0.18590223752492108,-0.08795175735178162,3.450466474121875,-0.3692199613496514,-0.27254875955906155,0.4589185180358505,15.270607991357739
3143,26.05005029999984,143.69679282767478,207.87943260042078,33.597124638859185,48.60338960596883,3.7634225329293125,0.23380566801619435,-0.187796786456353,-0.08870635749806155,3.425980364526524,-0.34841619762691,-0.21832255014118715,0.411167341442563,16.651779088197284
3144,26.053261599999587,143.68414693738745,207.88630483589623,33.5941679580329,48.60499637357493,3.803944119622972,0.23380566801619435,-0.1907534672826401,-0.09031312510416001,3.6267990849902665,-0.08804977023839117,-0.23763118555277157,0.25341930152663833,14.895787997874265
3145,26.06605079999963,143.67977239108515,207.8805842350971,33.59314516431242,48.60365886468364,3.453957082591587,0.23380566801619435,-0.1917762610031204,-0.08897561621287053,3.7104095606503975,0.15577320963851263,-0.1241724803931286,0.1992086788472478,11.464994704101406
3146,26.069340299999567,143.7002394234549,207.88263308880357,33.59793047248794,48.604137898293146,3.5518589976950756,0.23380566801619435,-0.1869909528275997,-0.08945464982237894,3.689093173116408,0.13482962582683058,-0.20559988125491518,0.2458665068134299,13.377027546833348
3147,26.08211009999968,143.7262416490766,207.88368317454464,33.60400994021933,48.60438341429131,3.978865070413039,0.23380566801619435,-0.18091148509621036,-0.08970016582054541,3.64679148923754,0.28444086380195505,-0.0929871916073566,0.29925444491840986,0.9493819512092124
3148,26.08541299999979,143.72262562833362,207.8902857228354,33.60316449407396,48.60592712750504,3.656840595259366,0.23380566801619435,-0.18175693124157988,-0.09124387903427333,3.6719110169637195,0.612061574810498,-0.13988558214427216,0.627843409976842,-5.406299089660719
3149,26.0980741999997,143.71327588340176,207.88688951542565,33.60097847071438,48.605133074962886,3.5924357002286316,0.23380566801619435,-0.18394295460115728,-0.09044982649211875,3.676934922508955,0.41662812056801485,-0.10127710737878881,0.42876105621552324,-4.8848801215778055
3150,26.101262700000007,143.73452472036217,207.8886611605947,33.605946569234476,48.60554729564512,3.5795547212224843,0.23380566801619435,-0.17897485608106223,-0.0908640471743496,3.5964545656785494,0.21372608337172727,-0.16971707879255765,0.2729152350956204,-6.869012631487548
3151,26.11408879999999,143.76072239713156,207.88605994346898,33.61207173455202,48.604939116337384,3.576978525421255,0.23380566801619435,-0.1728496907635204,-0.09025586786661677,3.5467786298105146,0.22065504116839024,-0.13921805853154118,0.26090288425833014,-7.927619805149439
3152,26.117377099999885,143.75314980704655,207.8911431291778,33.61030122006858,48.606127593967685,3.576463286261009,0.23380566801619435,-0.17462020524695987,-0.09144434549691738,3.5032635781349546,0.0941224617828885,-0.12567367480771702,0.15701245285564808,-7.637305940684308
3153,26.130063999999948,143.7411400823769,207.9082296604683,33.607493278369496,48.61012252183014,3.408460915919194,0.23380566801619435,-0.17742814694604192,-0.09543927335937497,3.532598974171913,-0.2800737307387857,-0.10560721126620655,0.2993228653500548,-1.9842264587190215
3154,26.133238199999596,143.73020689559422,207.90645881282217,33.60493703733023,48.60970848761328,3.374860441850831,0.23380566801619435,-0.17998438798530714,-0.09502523914251526,3.5384660533793046,-0.5494790140829082,0.05996268228750355,0.5527410878382726,3.5633690112262526
3155,26.146202599999924,143.71285949367393,207.90809892561765,33.600881116435914,48.61009195528105,3.7262317014072757,0.23380566801619435,-0.18404030887962364,-0.09540870681028224,3.5776778755928533,-0.49500589538307227,0.1323431940421327,0.5123919959106218,6.978382447522012
3156,26.149532199999612,143.70047744666067,207.89563435054504,33.597986123662565,48.60717766697966,3.6063139214582134,0.23380566801619435,-0.1869353016529729,-0.09249441850889184,3.657138587203532,-0.9688831149024557,0.3425821996534184,1.0276658279141424,4.736691531425481
3157,26.16240959999959,143.6858234021925,207.89560811156204,33.59455992500655,48.60717153215671,3.772522397328752,0.23380566801619435,-0.19036150030898824,-0.0924882836859453,3.7066105940276213,-0.8468822283583098,0.3068284638215795,0.9007514723386506,4.277578846431694
3158,26.165573199999926,143.65076874727663,207.88564519195302,33.586363947996865,48.60484214508214,3.8057644739725864,0.23380566801619435,-0.19855747731867268,-0.09015889661137066,3.6784665890203687,-0.8316459511861445,0.31380576340686156,0.8888807823727939,1.1504992492694348
3159,26.178159999999934,143.64025413750275,207.88824708290036,33.583905572634755,48.60545048193318,3.6222204759712753,0.23380566801619435,-0.2010158526807828,-0.09076723346241522,3.6728377880189185,-0.6623210236563161,0.10326779729104513,0.6703233371549098,-4.8484552244876
3160,26.181265599999733,143.63711050092843,207.88817657785398,33.583170572585495,48.605433997453716,3.5855116763710133,0.23380566801619435,-0.20175085273004356,-0.09075074898294844,3.633673621446558,-0.6020222530858333,0.09410895995574964,0.6093334797584128,-4.197646003760511
3161,26.194226999999955,143.63584393992937,207.8980123146295,33.58287444344503,48.60773364846095,3.578169916450961,0.23380566801619435,-0.2020469818705095,-0.09305039999018305,3.554222440964117,-0.06862656320399851,-0.07000761763014945,0.0980340333937231,-1.7646790817454283
3162,26.197348299999703,143.6363169420136,207.8986173059523,33.582985034013305,48.60787509886132,3.5767015644669504,0.23380566801619435,-0.20193639130223318,-0.09319185039055355,3.576370611239699,-0.05762219357559631,-0.10187562769776524,0.11704255940160042,-1.146387596931218
3163,26.210340899999665,143.6405550655815,207.90330041413455,33.583975931325234,48.60897003609826,3.4085085715603824,0.23380566801619435,-0.2009454939903037,-0.09428678762749598,3.6188387279608314,8.975111313216759e-05,-0.11186220071968372,0.1118622367249695,1.4024630890506233
3164,26.213552999999592,143.63862768851453,207.90615347267425,33.58352529964257,48.60963709735603,3.732961327349186,0.23380566801619435,-0.2013961256729715,-0.09495384888526104,3.627332351305057,0.03297237997380107,-0.11526225202214135,0.11988563125893088,6.912791942342433
3165,26.22628399999985,143.64145318677708,207.90858335107873,33.58418591715132,48.61020521669958,3.7978522599766733,0.23380566801619435,-0.2007355081642146,-0.09552196822881598,3.6290310759739026,0.03173495301690378,-0.13488351441805133,0.13856648117329728,5.117518512168316
3166,26.229643099999976,143.64348707599115,207.91137664221304,33.58466145197769,48.61085830399921,3.6206380331720927,0.23380566801619435,-0.20025997333785028,-0.09617505552844108,3.7009890917816946,0.011131178527931013,-0.12226986574998311,0.12277549920867585,4.406349008417821
3167,26.242217499999697,143.64505984883178,207.91909019326812,33.58502917518233,48.61266177595642,3.5851951878111765,0.23380566801619435,-0.19989225013321033,-0.09797852748565106,3.6773422885711833,-0.24825487400614366,0.0839661886929324,0.2620702259155423,1.6270897683406877
3168,26.258684399999765,143.64317566777436,207.9205837055436,33.58458864297154,48.61301096759168,3.7682986505993448,0.23380566801619435,-0.20033278234399887,-0.09832771912090976,3.672612851635135,-0.2724233775337984,0.12154979304963065,0.2983099877934537,1.4892021281881247
3169,26.261752799999613,143.62431396699242,207.9097762059269,33.580178670420295,48.610484112924205,3.614727311296627,0.23380566801619435,-0.20474275489524274,-0.09580086445343738,3.6380870997459724,-0.18962869819373684,0.28182811979407546,0.3396853430534133,-5.267838932077103
3170,26.274171999999908,143.62065139824225,207.90216481564187,33.57932234108701,48.60870452673408,3.774205075296435,0.23380566801619435,-0.20559908422853113,-0.09402127826331252,3.6311819493681403,-0.15615024477664374,0.30484333676765885,0.34250891800863525,-5.012623100864028
3171,26.277360399999907,143.62822727216798,207.89388760893976,33.581093623351016,48.60676926889179,3.4480092737262793,0.23380566801619435,-0.20382780196452188,-0.09208602042102143,3.591762512920503,-0.0982538569787728,0.22335169140773084,0.24400778361744807,-6.644132090208789
3172,26.29040299999997,143.63919640544435,207.89546897254743,33.58365826888426,48.60713900066646,3.550669435922014,0.23380566801619435,-0.20126315643128123,-0.09245575219568991,3.583878625630976,0.2287067071692377,0.061863937962516304,0.23692594776517303,-3.934521443215492
3173,26.295094099999915,143.64446783305056,207.9040697272677,33.58489075853713,48.60914990586927,3.571201468361161,0.23380566801619435,-0.2000306667784102,-0.09446665739850602,3.544263441801,-0.009879178061013683,0.182119475695194,0.18238722977953684,-0.9792743849559118
3174,26.30626859999984,143.6539109951279,207.90330167253958,33.5870986233548,48.608970330320496,3.57530787484899,0.23380566801619435,-0.19782280196073998,-0.09428708184972834,3.5699202695369587,-0.12077790903570657,0.07566248978549316,0.14252057981771357,1.108923225702211
3175,26.309304399999746,143.63752636328394,207.89363395084973,33.58326780356133,48.6067099621926,3.576129156146556,0.23380566801619435,-0.2016536217542111,-0.09202671372183602,3.6130900414562204,-0.15857188964083746,0.13866225046576275,0.21064724989540182,0.9213488362719321
3176,26.32228079999959,143.63758441064522,207.88948896256596,33.583281375363406,48.605740840437996,3.5762934124060695,0.23380566801619435,-0.20164004995213247,-0.09105759196722829,3.588144169485092,-0.08115158947376955,0.1664891536070871,0.18521398095965508,3.8604129952472563
3177,26.325515599999562,143.6376904752199,207.88552302799502,33.58330617386214,48.60481358245633,3.766518295518323,0.23380566801619435,-0.2016152514533971,-0.09013033398556303,3.5831549950908665,0.018720103705142238,-0.09189662822932793,0.09378396751391248,6.049674578214174
3178,26.338392399999975,143.6734797782288,207.90146880021166,33.591673915759976,48.60854179438147,3.4464721085055205,0.23380566801619435,-0.1932475095555617,-0.09385854591070597,3.6636422981514745,0.18682950959375827,-0.3912317514768803,0.4335522448548867,7.143754775935946
3179,26.342480499999965,143.68566578195953,207.9237772342326,33.59452307250268,48.613757632700136,3.550362002877862,0.23380566801619435,-0.19039835281285633,-0.0990743842293682,3.717778241429612,-0.16573803638862145,-1.37792533824185,1.3878571016047987,24.95708798517445
3180,26.35424669999975,143.66446225237465,207.96162668160503,33.58956556710379,48.62260704802709,3.978565671449596,0.23380566801619435,-0.19535585821174806,-0.1079237995563247,3.9494621347971535,-0.35778044616724247,-1.797772579038472,1.8330283941069407,34.91289789124656
3181,26.3573437,143.64112548130655,208.02598635179774,33.58410929775487,48.6376547037098,3.8469731287967552,0.23380566801619435,-0.2008121275606669,-0.12297145523903197,4.219347917071736,-1.5623257364239724,-3.880241920904365,4.182958172326889,91.46317918971718
3182,26.370233599999665,143.58861083810007,208.12591568584983,33.57183107651935,48.66101874841226,4.924937762356031,0.23380566801619435,-0.21309034879618594,-0.1463354999414932,4.841114227579387,-2.0881035792793474,-4.292580646057208,4.7735128742577135,103.76208142536052
3183,26.373244099999738,143.51942901567736,208.26371387629644,33.55565597431323,48.693236746381054,4.795901019878433,0.23380566801619435,-0.22926545100230555,-0.1785534979102863,5.711154669246347,-3.9733887129464973,-6.904442529767513,7.966124811414458,143.36741483626938
3184,26.387022199999592,143.40557975758145,208.46039486922058,33.52903737247097,48.73922187731777,6.659193555416117,0.23380566801619435,-0.2558840528445714,-0.22453862884700015,6.740886253063137,-4.4643525924309015,-7.001175295342738,8.30342697840247,147.90837107558855
3185,26.391104599999835,143.23363142010825,208.70155120143602,33.48883487656377,48.795605594667734,8.328767879784396,0.23380566801619435,-0.29608654875176654,-0.28092234619696654,7.629695347536456,-7.347651822059051,-10.46861712992105,12.78983705568934,203.20924325271136
3186,26.402257799999916,143.03248698710715,208.95640128912854,33.44180616803821,48.85519098966467,8.995631047880707,0.23380566801619435,-0.3431152572773257,-0.34050774119390326,8.854863706348112,-7.314631438380317,-9.519652634047745,12.005316295386551,162.5378007346912
3187,26.405674799999815,142.80787302851508,209.23626981691103,33.38929015140383,48.920625837759566,9.368983234722627,0.23380566801619435,-0.39563127391171093,-0.40594258928879867,9.964503930234468,-11.087445323727572,-13.608686289793088,17.553569048505512,227.251665435615
3188,26.418148899999778,142.530024592578,209.5540930889934,33.32432761223231,48.99493472019988,10.921742813936714,0.23380566801619435,-0.46059381308322855,-0.48025147172911176,11.032845244054709,-10.223422358100022,-12.117375794281955,15.853995106973814,207.34176410735384
3189,26.421410099999775,142.23995472602536,209.88582246658427,33.2565076333116,49.07249492892811,12.20739467484789,0.23380566801619435,-0.5284137920039385,-0.5578116804573412,12.331801287580477,-14.387680431664684,-16.378134534170478,21.80019814183106,278.102468961755
3190,26.434141599999748,141.9389559666626,210.23186592548396,33.186132417306744,49.15340185099878,13.670474448885596,0.23380566801619435,-0.5987890080087936,-0.6387186025280158,13.836254514107893,-12.551579036450416,-13.76140565787811,18.62574621294248,235.1491151309205
3191,26.43724929999962,141.60615699093324,210.58604265324598,33.10832213047124,49.236210377428975,15.490411265509543,0.23380566801619435,-0.6765992948443014,-0.7215271289582077,15.277147600819628,-16.885680429066706,-17.726458297028245,24.48169780282503,317.0168165789055
3192,26.450235799999973,141.26242105315322,210.92298084763766,33.0279547199174,49.31498843704889,16.89124936735972,0.23380566801619435,-0.7569667053981348,-0.8003051885781218,16.705328812156118,-13.92396339463565,-14.134424102053778,19.84083418891132,259.3975695159033
3193,26.453322899999876,140.90752802329808,211.26340283520042,32.944978717997834,49.394581027258404,18.126208247495384,0.23380566801619435,-0.8399427073177037,-0.8798977787876368,18.23339165964802,-13.853287705618273,-13.74938803855622,19.518177468437653,252.53578141286638
3194,26.46609609999996,140.58042433370537,211.5814985969837,32.868500021342044,49.46895361933526,19.348300731530326,0.23380566801619435,-0.9164214039734944,-0.9542703708644922,19.6411250482382,-13.931240953571365,-12.83682265686787,18.943692629219367,259.4092259658229
3195,26.482276999999613,140.22233081487167,211.88806187458772,32.78477572695886,49.5406298512447,21.310788686345127,0.23380566801619435,-1.0001456983566754,-1.025946602773935,20.998036716190615,-13.935640356379768,-12.69170862241952,18.848913493853125,259.45334636292495
3196,26.48543389999986,139.87900036729212,212.18623742299263,32.70450312231223,49.61034498452561,22.529078208460433,0.23380566801619435,-1.0804183030033059,-1.0956617360548435,22.57023539499594,-13.528954885167089,-11.288024197286253,17.619651261117696,248.5153835335353
3197,26.498322299999927,139.53664843777028,212.48063375760364,32.62445930073374,49.679176516200855,23.675807707121777,0.23380566801619435,-1.160462124581798,-1.1644932677300872,23.990471334370284,-13.548025691781188,-10.917401685624464,17.39938676248215,248.36293149044022
3198,26.50144179999961,139.20516125495038,212.7309868390591,32.546955718515726,49.73771048565046,25.987201641522013,0.23380566801619435,-1.2379657067998124,-1.2230272371796929,25.363966764432654,-17.730690012914764,-13.221717397306918,22.117666677756127,331.1171820617126
3199,26.51405509999995,138.87700823976297,212.945129217089,32.47023168358831,49.78777818739632,26.44948042840206,0.23380566801619435,-1.3146897417272285,-1.2730949389255528,26.744462969585754,-13.959596239436594,-9.534904304315333,16.905168655193695,252.35412144373763
3200,26.517138699999578,138.53294606018488,213.15550608967266,32.38978799585295,49.8369654926259,28.178265836656976,0.23380566801619435,-1.3951334294625894,-1.322282244155133,28.27895515495231,-18.01760830949201,-11.397727614199399,21.320000092911798,320.9387698410054
3201,26.53000099999963,138.17139111709702,213.35626696431268,32.30525440085973,49.883904523032626,29.431559234225926,0.23380566801619435,-1.4796670244558072,-1.369221274561859,29.619264541732655,-14.302240630134367,-8.387432503772393,16.58020238258882,254.91742740990765
3202,26.5331084999998,137.81917300510435,213.55104183873442,32.22290380989788,49.92944399265957,31.34826863395456,0.23380566801619435,-1.562017615417659,-1.4147607441888042,31.02732916567075,-18.108178259406028,-10.36439733962159,20.864487822325767,328.16641718820097
3203,26.54603709999992,137.47257355523118,213.75632506539648,32.14186689398624,49.97744037460181,32.68874857542372,0.23380566801619435,-1.6430545313292981,-1.462757126131045,32.45188947815369,-14.134001715670815,-7.685576844956977,16.0884460386429,250.2622051144698
3204,26.54915529999971,137.13765556532147,213.94109542650537,32.063561169624755,50.02064073231047,33.48980354809256,0.23380566801619435,-1.721360255690783,-1.5059574838397012,33.93519417981043,-18.117928149582735,-8.760027997566919,20.12454747197061,316.3665029837757
3205,26.562011199999688,136.7958274655491,214.08170177410682,31.983639822410776,50.05351529333874,35.30106739907164,0.23380566801619435,-1.801281602904762,-1.5388320448679735,35.32503322072771,-14.097522227161221,-6.158945070469116,15.384171649015117,248.6489708247883
3206,26.565146599999935,136.4405645324029,214.20268404948374,31.900577335005135,50.08180163505136,36.84808274250964,0.23380566801619435,-1.8843440903104032,-1.5671183865805958,36.688073050395545,-18.200011485875162,-6.572431253743148,19.350381667325518,318.54809268277876
3207,26.577998599999773,136.08884367826676,214.29334297892368,31.818343005748606,50.1029982066107,38.29746383854099,0.23380566801619435,-1.9665784195669325,-1.5883149581399323,38.160018784883796,-14.402039405980304,-4.064089312193408,14.964476635983438,247.0559306954612
3208,26.581118999999944,135.7314279910999,214.37048158823677,31.734777192251094,50.12103365069099,39.50394772376289,0.23380566801619435,-2.0501442330644437,-1.6063504022202224,39.594411593890825,-18.289074398390447,-4.387210279205407,18.80792004406193,310.8649988728849
3209,26.594053799999983,135.3927073090543,214.4430957083385,31.655582376914516,50.13801124354878,40.84953222053383,0.23380566801619435,-2.1293390484010217,-1.6233279950780144,41.12371630315317,-14.265270977619084,-2.6268866449580175,14.50511942420193,244.33668058580815
3210,26.597144699999717,135.05359064562293,214.498259431235,31.576294978885525,50.150908834630854,42.473031444106766,0.23380566801619435,-2.2086264464300136,-1.6362255861600872,42.44400778699783,-16.84233834356039,-2.7966932712961015,17.072956806970414,309.0980619538884
3211,26.610062599999765,134.70148893948192,214.5104138568322,31.493971604271586,50.153750608226964,44.49460628882135,0.23380566801619435,-2.2909498210439523,-1.639067359756197,43.76272367654019,-12.470545688987617,-1.8353960057283112,12.604887475855191,237.49458984682934
3212,26.613156199999594,134.4463339963451,214.5434703160147,31.43431493234384,50.16147939574838,44.89892125776427,0.23380566801619435,-2.3506064929716963,-1.6467961472776125,45.11876421772992,-16.014041477516532,-2.0064610489069357,16.139250614089878,291.4616391074313
3213,26.626084699999865,134.17419412530697,214.59729336025367,31.370687088001933,50.17406352856134,46.09752717147473,0.23380566801619435,-2.414234337313605,-1.6593802800905735,46.433140050577244,-12.04021332199191,-1.3202566474681854,12.112382691042065,226.40134752595114
3214,26.629197199999908,133.85682672956892,214.626152868872,31.296484792034843,50.18081104525246,47.62973492648245,0.23380566801619435,-2.4884366332806955,-1.6661277967816943,47.64099873765452,-15.683509280317491,-1.7483965024016297,15.780663917447045,291.8018941520259
3215,26.642109399999754,133.53746794337854,214.66711637273556,31.221816897692758,50.19038854463757,49.04491060834337,0.23380566801619435,-2.56310452762278,-1.6757052961668037,48.95614408346841,-13.067145208275718,-1.284916088279407,13.130167297033283,220.95072266692705
3216,26.645232999999735,133.20895957617665,214.69865470353545,31.145009779450213,50.197762385138354,50.53389972420774,0.23380566801619435,-2.6399116458653253,-1.6830791366675868,50.29644060868588,-16.851215868262518,-1.2415333618872397,16.896889693889275,253.15387939246202
3217,26.658158899999762,132.8660788527844,214.70865644321785,31.06484232286761,50.200100848566116,51.47464798683374,0.23380566801619435,-2.7200791024479294,-1.6854176000953487,51.38327005533093,-13.103988204402356,-0.7618840621679689,13.126118016584401,184.30627998390185
3218,26.661259199999677,132.54993188360626,214.71868709054078,30.99092536954762,50.20244607076409,52.799009797562064,0.23380566801619435,-2.7939960557679164,-1.6877628222933225,52.19765926008963,-15.340336628363023,-0.2986827412000739,15.343244091501216,195.55338114765212
3219,26.674556699999812,132.2596486508332,214.7055850111606,30.923055504395215,50.19938273034221,53.06388215970773,0.23380566801619435,-2.861865920920323,-1.6846994818714407,52.78047606588512,-11.066593088824979,0.23805829479460172,11.069153280416225,115.86691296018545
3220,26.6777761999997,132.02604802696612,214.68390739170616,30.868438354482972,50.19431438004466,53.116856632136866,0.23380566801619435,-2.916483070832566,-1.6796311315738919,53.28944177079422,-12.134541277879574,0.6895846134584374,12.15411942362267,136.26735011257148
3221,26.69015619999982,131.85551865957356,214.66680356911795,30.828567621823375,50.19031540937879,53.44798375318519,0.23380566801619435,-2.9563538034921635,-1.6756321609080231,53.668947924471354,-7.873124436861287,0.952424785790306,7.930523398294092,93.45147223369483
3222,26.693298199999845,131.70041378354574,214.63889556391035,30.792303222671123,50.18379035957823,54.019476511379224,0.23380566801619435,-2.9926182026444152,-1.669107111107465,54.25362295891772,-7.2115530312643,1.0505926907962917,7.287677416344106,94.44640995961313
3223,26.706172499999866,131.5608380039919,214.60818351622174,30.759669614293657,50.17660970875225,54.69654056594773,0.23380566801619435,-3.0252518110218816,-1.6619264602814852,54.879331769517925,-5.939293573961359,0.9130142250161098,6.009060087299881,119.53106021497187
3224,26.72248509999963,131.43552428981633,214.55786481826442,30.730370557639244,50.16484491196263,55.98725733193955,0.23380566801619435,-3.0545508676762942,-1.6501616634918648,55.67544765273172,-5.917382676380743,1.0515933656643648,6.010097032947159,129.05948424376865
3225,26.725797299999613,131.28531463568652,214.54530803195868,30.695250689112942,50.16190906415228,56.245400685137916,0.23380566801619435,-3.0896707362025957,-1.6472258156815158,56.614495048124475,-6.526915901311467,1.6068382558330403,6.72179740569448,151.19069395859978
3226,26.73816369999986,131.12076713548413,214.49157450554827,30.656778550907728,50.14934586111504,57.42856316925415,0.23380566801619435,-3.1281428744078106,-1.63466261264427,57.582745811382715,-6.75409860108116,1.609528066056229,6.94322896846627,158.76329793743983
3227,26.74131569999963,130.9240821647304,214.42615061491244,30.61079248993191,50.134049384660706,58.71471348834302,0.23380566801619435,-3.174128935383628,-1.6193661361899387,58.51806954801874,-9.94127914718245,2.1425239611697027,10.169534896266935,224.05724126796437
3228,26.754198599999654,130.72182330607518,214.39467699698983,30.563503222371832,50.12669067439742,59.53779438223892,0.23380566801619435,-3.221418202943706,-1.612007425926656,59.63198182952563,-8.657033437376759,2.1077505403931505,8.909929308158784,185.2256962609268
3229,26.757226999999602,130.49214711069848,214.350816923808,30.509803626084363,50.11643594068791,60.66387601511966,0.23380566801619435,-3.2751177992311753,-1.60175269221714,60.768459964537946,-11.510604543906437,2.1954875925496733,11.71811344608163,240.0563202076409
3230,26.770089499999813,130.26208249300666,214.31161933104966,30.456013214458036,50.10727132132841,61.814962092672374,0.23380566801619435,-3.3289082108575023,-1.5925880728576445,61.91777524486072,-9.477624506098563,1.3106237614514584,9.567815890927312,196.39005502549497
3231,26.773229999999785,130.02864775948214,214.29208101074093,30.401434850648155,50.102703151296716,63.11095384431573,0.23380566801619435,-3.3834865746673835,-1.5880199028259483,63.024644526511224,-11.897901742675362,1.3894649255186007,11.978759479078116,225.629610301937
3232,26.786444299999857,129.77857765031976,214.26785591552704,30.34296704172456,50.09703918672748,64.4612898899569,0.23380566801619435,-3.4419543835909785,-1.5823559382567112,64.06075715237256,-9.487585463999137,0.8150020549782189,9.522526255480026,163.2885260179014
3233,26.79056619999983,129.50052209812682,214.25083620178214,30.27795607759848,50.09305988118591,65.07214079049139,0.23380566801619435,-3.5069653477170597,-1.5783766327151412,65.0197673972714,-12.149981854848049,0.8168050835031349,12.177406522637462,187.05927998126052
3234,26.80205679999972,129.22135244835982,214.22558136489866,30.21268463114486,50.087155157177726,65.8444391444264,0.23380566801619435,-3.572236794170678,-1.5724719087069587,65.75020225875116,-9.490816014618261,0.45885081412258805,9.501901530375665,124.02468675027048
3235,26.805370999999923,128.97337552664072,214.21535377628325,30.154706221309727,50.08476388898931,66.61001331716653,0.23380566801619435,-3.630215204005811,-1.5700806405185403,66.44024430917213,-10.75723629794052,0.42583975247870054,10.765661719769954,129.63151276340872
3236,26.8183240999997,128.7471700230176,214.23392267258643,30.10181809242618,50.089105402193795,66.76312815171455,0.23380566801619435,-3.6831033328893596,-1.5744221537230274,66.92309768995943,-8.336718784972444,0.26777196232504974,8.341018038795973,90.44689507381668
3237,26.822479799999655,128.55597890712158,214.2292379618478,30.057116525855353,50.08801009027008,67.91150014206167,0.23380566801619435,-3.7278048994601853,-1.5733268417993145,67.36544107119502,-9.49496172017513,0.506850718180419,9.508480200227115,106.29688744480644
3238,26.834299399999963,128.3704743715558,214.2203877985674,30.013744513997356,50.08594087193226,67.48640769442795,0.23380566801619435,-3.7711769113181823,-1.5712576234614914,67.79968245252026,-6.791365624899496,0.4503769205024055,6.806282863765489,75.39530443156303
3239,26.8381288999999,128.1825805985042,214.19239171892895,29.969813884872945,50.07939522983055,68.05615605060434,0.23380566801619435,-3.815107540442593,-1.5647119813597854,68.34660397097281,-9.30269359214924,0.963888310412908,9.35249639103727,119.44568497826603
3240,26.85019629999988,127.97736969796588,214.16972573734944,29.92183441318838,50.07409579486612,68.78122022379276,0.23380566801619435,-3.8630870121271563,-1.5594125463953503,68.99462108716332,-7.926198906048903,1.0537146653147396,7.995932947076919,112.3023154747111
3241,26.8532995999999,127.75651130876881,214.14009531373188,29.87019646996518,50.06716803387861,69.4977357439773,0.23380566801619435,-3.9147249553503585,-1.5524847854078416,69.79381069204204,-10.819524162448587,2.0640505314614215,11.014645146269352,160.9290010171639
3242,26.866189199999553,127.5429276471385,214.1008044680814,29.82025939928036,50.05798161146438,71.15158572301421,0.23380566801619435,-3.964662026035178,-1.5432983629936103,70.70543694309592,-9.366526933287929,1.9770826038473086,9.572913998069962,146.8084644350355
3243,26.86932079999997,127.30001184952877,214.03079727790902,29.76346430894853,50.04161353360019,71.4823557188216,0.23380566801619435,-4.0214571163670065,-1.5269302851294242,71.58188572846295,-11.204938925457515,2.5165940097720965,11.48407165308776,170.46078890186374
3244,26.882976799999597,127.05431204441345,213.95636112367646,29.706018301882093,50.02420993883529,72.6142873058737,0.23380566801619435,-4.078903123433445,-1.509526690364524,72.56805805389573,-8.918940694813982,2.390661820710609,9.23378400541253,132.125427340833
3245,26.887383599999794,126.80611951500961,213.8972400001574,29.6479894817482,50.01038708505705,73.16346415062787,0.23380566801619435,-4.136931943567337,-1.49570383658628,73.32585770452916,-11.392585058307262,2.940512525172778,11.76595122467639,149.16703332176684
3246,26.898197600000003,126.56516017355221,213.82311065921903,29.591651821954013,49.99305522497935,74.42859737114121,0.23380566801619435,-4.193269603361525,-1.4783719765085834,74.0379828202027,-8.412027182555947,2.0081878199449386,8.64841139402118,101.20107589738853
3247,26.9013388999997,126.346934650932,213.7765975195411,29.54062945785961,49.98218018928542,74.94058397618137,0.23380566801619435,-4.244291967455929,-1.4674969408146552,74.52781751130617,-10.23643033159818,2.02185745200663,10.434194434162034,106.06080100773325
3248,26.914426099999673,126.16594966615096,213.74496496216068,29.49831414259198,49.97478431807603,75.0429812971894,0.23380566801619435,-4.286607282723558,-1.4601010696052654,75.0518647717925,-8.148175238817227,1.4797998430307546,8.281459249305525,74.88308759755121
3249,26.91753269999981,125.98885031631801,213.72712335113587,29.45690731079905,49.97061284829189,75.06346076139101,0.23380566801619435,-4.328014114516488,-1.4559295998211255,75.35169497584288,-7.426043673604372,1.214903111672815,7.524766721502521,63.971794597510666
3250,26.930174799999804,125.84141271335685,213.70406629920976,29.42243556354801,49.96522197886382,75.78370045305945,0.23380566801619435,-4.362485861767528,-1.4505387303930561,75.55488977641859,-5.320034670016946,0.7308146838803113,5.369996181782384,36.97349500565415
3251,26.94645249999985,125.73008660729428,213.68469501108174,29.39640688895241,49.96069286190272,75.92774839139315,0.23380566801619435,-4.388514536363129,-1.4460096134319542,75.73875749629936,-4.87812139626765,0.7276949980019317,4.932099792871316,29.18054236191718
3252,26.949643699999797,125.65211851461655,213.6704794778681,29.378177506959943,49.957369189663495,75.95655797905988,0.23380566801619435,-4.406743918355595,-1.4426859411927282,75.80558841332238,-2.9575454790149305,0.7102872602074692,3.041641539112505,10.047220188304347
3253,26.962043099999846,125.5978250082928,213.64133660530686,29.365483377444978,49.950555420876405,75.96231989659323,0.23380566801619435,-4.41943804787056,-1.435872172405638,75.818954596727,-2.462828466374515,0.7012525324223267,2.560718486873044,6.840971573577013
3254,26.965197999999873,125.5475504293193,213.62439207369,29.353728895923847,49.9465936933425,75.39761534650614,0.23380566801619435,-4.431192529391691,-1.4319104448717326,75.8216278334079,-1.9802764288041703,0.6154126691131558,2.073698986782406,-4.570054696162209
3255,26.9780424999999,125.53364282583568,213.60344756676233,29.350477219400855,49.94169674890901,75.85053137008248,0.23380566801619435,-4.434444205914684,-1.4270135004382425,75.82216248074408,-0.7685756159424085,0.44577626065367026,0.888495893059513,-9.645639896868946
3256,26.981170199999724,125.54452826016986,213.60546699422963,29.353022295647,49.94216890249701,75.94111457479775,0.23380566801619435,-4.431899129668537,-1.427485654026242,75.6790406504457,-0.4360962749387338,0.3225517548210709,0.5424201282710589,-10.60050814843414
3257,26.994399699999576,125.5641124880161,213.59452775929958,29.357601199121174,49.93961124736661,75.9592312157408,0.23380566801619435,-4.4273202261943645,-1.4249279988958392,75.62035891133915,0.3598606077054994,0.033265322381668995,0.36139485144551753,-10.807408573236112
3258,26.99757479999971,125.57278509527063,213.5954321717585,29.359628903853764,49.939822704125724,75.24671074510128,0.23380566801619435,-4.425292521461774,-1.425139455654957,75.60862256351784,0.959470270343903,0.02510135055254946,0.9597985608831492,-19.990107095036365
3259,27.010115399999904,125.58640878297294,213.60566041110368,29.362814199257844,49.94221412445845,75.10420665097338,0.23380566801619435,-4.422107226057694,-1.427530875987685,75.60627529395357,0.9540668273271962,0.07813896525912246,0.9572613064873918,-11.284668643261067
3260,27.01324799999975,125.6231856765782,213.60109924584233,29.371412845434783,49.94114769816759,75.79184963097593,0.23380566801619435,-4.413508579880755,-1.426464449696823,75.4625770802751,1.269533134199346,-0.06413254667339902,1.2711519824052633,-8.840633489773376
3261,27.026122699999632,125.66650618171779,213.5948091132184,29.381541425077746,49.93967702950754,75.92937822697644,0.23380566801619435,-4.403380000237792,-1.4249937810367754,75.43383743753941,1.2287852405667536,-0.10667081194476535,1.2334065953916615,-10.258370394193987
3262,27.029245499999888,125.69219646120094,213.6017280961757,29.387547958033824,49.941294726939866,75.24074014734842,0.23380566801619435,-4.397373467281714,-1.4266114784690984,75.45814688203913,1.509017536057885,-0.21401695826350092,1.5241184936069019,-21.16883188917875
3263,27.04207499999984,125.71605982697015,213.61705342296972,29.393127348208612,49.94487787520851,75.1030125314228,0.23380566801619435,-4.391794077106926,-1.4301946267377446,75.31978001117345,1.034160660097577,-0.2976096919480677,1.076131869073154,-10.301003418688495
3264,27.04519709999977,125.73816183784605,213.62676701785182,29.39829492362595,49.947148968748756,75.22575387347206,0.23380566801619435,-4.386626501689587,-1.432465720277989,75.1488778772347,1.1933468288157405,-0.444813791852669,1.2735524972559764,0.7649980239797305
3265,27.05807589999995,125.75857610399277,213.6310379153516,29.403067894759445,49.94814752879173,75.10001527664754,0.23380566801619435,-4.381853530556093,-1.4334642803209618,75.25792621021256,0.9409036135796749,-0.32997087939866987,0.9970859498049413,1.3147125734744525
3266,27.06118409999999,125.77961556835659,213.6393039734668,29.40798704077973,49.95008018003121,75.07486755728263,0.23380566801619435,-4.376934384535808,-1.4353969315604402,75.42296463657377,1.3805276333629233,-0.20370961701688917,1.395476318159431,5.105465767217224
3267,27.075062199999593,125.81886438708426,213.63596887666748,29.4171636370612,49.94930041549615,75.78598181223778,0.23380566801619435,-4.3677577882543375,-1.4346171670253796,75.56914370856475,1.2006234768759527,-0.03734909492447404,1.2012042657755502,16.155483350212293
3268,27.078641199999765,125.85916937435896,213.6305803539325,29.426587171535346,49.94804054833847,75.92820466322881,0.23380566801619435,-4.358334253780193,-1.4333572998677013,75.59837952296296,1.3359364432175997,-0.13792239801630657,1.3430371432657622,7.180663627291214
3269,27.090092599999934,125.89617929122157,213.62546811704757,29.43524029987063,49.94684527837853,75.95664923342702,0.23380566801619435,-4.349681125444906,-1.432162029907765,75.60422668584259,1.0433016004808142,-0.047455235099512515,1.0443803085582275,-5.415324205541106
3270,27.09316899999976,125.9099579087429,213.63310500533612,29.438461818744546,49.948630826146406,75.24619434863853,0.23380566801619435,-4.346459606570992,-1.4339475776756387,75.49222473169978,0.9763577228172903,-0.18298847299827348,0.9933575308795946,-9.29545239211812
3271,27.10688779999964,125.91696739771795,213.64304797984965,29.44010067699681,49.95095554994461,75.10410337168084,0.23380566801619435,-4.344820748318728,-1.436272301473842,75.35665295415245,0.45661397547838223,-0.2642107455908332,0.5275449181708005,-12.573336313869795
3272,27.109945499999867,125.92123747015702,213.65117566073388,29.441099044135907,49.95285584780317,75.22597204152368,0.23380566801619435,-4.343822381179631,-1.438172599332404,75.329538598643,0.6194106966140824,-0.20953369212175768,0.6538914124027921,-12.032351354617663
3273,27.122140699999818,125.92302596605,213.65399722328894,29.441517204612907,49.9535155451212,75.25034577549224,0.23380566801619435,-4.343404220702631,-1.4388322966504319,75.22928540527549,0.38491026930124894,-0.15630190514608072,0.4154349539529075,-3.050806648687823
3274,27.12525269999969,125.94391796001835,213.64896912393746,29.446401871218868,49.952339946993476,75.8210774558797,0.23380566801619435,-4.338519554096671,-1.4376566985227086,75.23929213964885,0.3128876744258714,-0.16944276797898175,0.35582235515494126,-1.4945450826022766
3275,27.138800999999603,125.93665545436005,213.6671784992461,29.444703856231957,49.95659740215167,74.74492838180095,0.23380566801619435,-4.340217569083581,-1.441914153680905,75.35446487324228,0.31586497892525117,-0.018873710335521533,0.31642835184805823,-1.6228811157126908
3276,27.142143799999758,125.93321476691033,213.67054065752637,29.443899404004338,49.95738349381437,75.15413704354769,0.23380566801619435,-4.3410220213112005,-1.4427002453436018,75.34744204691408,0.3129204685321038,-0.018097286268669036,0.3134433463907657,2.702950084879009
3277,27.15419269999984,125.95080819307036,213.6637708760515,29.448012846760378,49.95580068053431,75.80183570949079,0.23380566801619435,-4.33690857855516,-1.4411174320635425,75.2328660949297,-0.08054441908237991,-0.02476586863605744,0.08426595810062625,2.914518947591937
3278,27.170238100000006,125.9521509771006,213.6672168278996,29.44832679727757,49.95660636360811,75.21523164385128,0.23380566801619435,-4.336594628037968,-1.4419231151373424,75.44800998656407,-0.003237284269077753,0.06664460689908192,0.06672318666080011,-2.3323783992125877
3279,27.173273499999596,125.94698778699976,213.6627453690843,29.447119614166947,49.95556091119279,75.24819769595776,0.23380566801619435,-4.337801811148591,-1.4408776627220234,75.46098139184407,0.04522725705094343,0.010409889606953951,0.04640981126853545,-2.7456864955462734
3280,27.186551399999644,125.96182171481635,213.65463516429256,29.45058787056941,49.953664699343705,75.8206478399728,0.23380566801619435,-4.334333554746127,-1.4389814508729373,75.22551659086882,-0.08919722791986871,-0.09509536692107463,0.13038126505922093,-0.9037058503983829
3281,27.190639199999623,125.96185092125779,213.6636626057704,29.450594699200963,49.955775366328915,75.21899406994768,0.23380566801619435,-4.3343267261145755,-1.4410921178581475,75.20848100372065,-0.20494744447486002,-0.16771698413709552,0.2648253042381309,-18.815077870705714
3282,27.202021199999763,125.94575066366406,213.68294827473363,29.446830367719027,49.960284465044,74.62451170461453,0.23380566801619435,-4.338091057596511,-1.4456012165732304,75.205073886291,-0.14353167154451602,-0.24288401607597968,0.2821240613658459,-19.94472279400013
3283,27.20515639999985,125.93825231740527,213.68849066975764,29.445077211862976,49.961580308414995,75.13005370811041,0.23380566801619435,-4.339844213452562,-1.4468970599442272,74.96633338077382,-0.4083132978293843,-0.47880853013561264,0.6292673181684659,-16.614121455159566
3284,27.218023799999628,125.93326493787183,213.69021959126752,29.44391113425951,49.96198454006356,75.23116210880958,0.23380566801619435,-4.34101029105603,-1.4473012915927939,74.94864265271727,-0.4298962630483708,-0.36641537548114583,0.564863721947111,-15.791718631738554
3285,27.221298099999785,125.9183824576125,213.70473949864697,29.44043152602074,49.96537937670795,74.62694531238692,0.23380566801619435,-4.3444898992948,-1.4506961282371833,74.94510450710597,-0.5538103725349632,-0.4618544759371207,0.7211209923934174,-15.740771869074742
3286,27.234069399999953,125.91257901284062,213.7022468863805,29.439074647739055,49.96479658983188,75.13054042966489,0.23380566801619435,-4.345846777576483,-1.45011334136111,74.9443968779837,-0.4537196956378749,-0.3624644747134764,0.5807254580600392,0.9663256449063182
3287,27.237241999999696,125.89968405985078,213.71409779337247,29.436059734641226,49.967567399057735,74.60682097655798,0.23380566801619435,-4.348861690674312,-1.4528841505869678,74.94425535215925,-0.42711968130259204,-0.29757340192428233,0.5205584997757872,9.599306018194294
3288,27.25007549999964,125.89646032160331,213.70950741953453,29.43530600636677,49.96649414363611,75.1265155624991,0.23380566801619435,-4.349615418948769,-1.4518108951653446,75.03905736925998,-0.2029135122009469,-0.10118531035642082,0.22674293917484845,12.171348080668277
3289,27.25323729999991,125.89703340010297,213.705544579493,29.435439995368206,49.96556760917296,75.23045447968732,0.23380566801619435,-4.349481429947332,-1.4508843607021902,75.17118915939888,0.12989009098552765,0.08265503842422049,0.15395873185090223,14.08664927530787
3290,27.26608269999997,125.90023796428355,213.70855930161153,29.436189240637148,49.96627246829177,75.10095539789059,0.23380566801619435,-4.34873218467839,-1.4515892198210025,75.32250321273915,0.34571892698249895,0.2317232243897282,0.41619373997635134,13.736931632581944
3291,27.26926119999962,125.92141531077303,213.69544274288336,29.44114062427993,49.96320574251625,75.79119938035937,0.23380566801619435,-4.3437808010356065,-1.4485224940454842,75.35276602340721,0.3615362050300729,0.23469540494942795,0.4310340597353333,13.850271392010116
3292,27.282647799999722,125.92879247210243,213.70277227629703,29.442865446412615,49.96491942897228,75.36339124325937,0.23380566801619435,-4.342055978902923,-1.4502361805015127,75.32876121249394,0.3431954517501914,0.202437575951592,0.39845211790022467,1.7318869938989243
3293,27.285823199999868,125.92906892185862,213.7014346462227,29.44293008193253,49.9646066834792,75.27782961583938,0.23380566801619435,-4.3419913433830075,-1.4499234350084294,75.35401762335817,0.35209890455564047,0.0848056738068885,0.3621679733205607,-3.6247832786319565
3294,27.298215999999684,125.9264543947713,213.69445122137012,29.442318790680336,49.9629739191665,75.110430425121,0.23380566801619435,-4.3426026346352025,-1.4482906706957337,75.12100982349976,-0.003672534723970264,-0.15480087635432038,0.1548444342925,-6.1442600233117215
3295,27.3013219999998,125.92782064520162,213.7029936036824,29.442638227774875,49.96497117656947,75.22723745221171,0.23380566801619435,-4.342283197540663,-1.450287928098703,75.07440826352808,-0.02629820875140158,-0.2873263355710245,0.288527327815244,-4.383437493308572
3296,27.314122399999633,125.91571675798009,213.71576076053975,29.43980827033745,49.96795621020717,74.62616038106734,0.23380566801619435,-4.345113154978087,-1.4532729617364026,75.03503057848687,-0.03074025631008909,-0.29993031628949746,0.3015015057798683,-5.904706661321068
3297,27.317286299999978,125.91592946415322,213.72645987397283,29.439858002246353,49.970457723570576,75.13038344340097,0.23380566801619435,-4.345063423069185,-1.4557744750998083,75.05721241452551,-0.02559386705526307,-0.23308612676039792,0.23448707537731533,5.85967427672816
3298,27.330055499999617,125.91582814545725,213.72452268333694,29.439834313360958,49.970004797419875,75.08094119063333,0.23380566801619435,-4.34508711195458,-1.455321548949108,75.06164878173323,-0.04723420024192668,-0.07994404554659026,0.09285537190087456,9.248858760843959
3299,27.33319829999982,125.91551099144243,213.71825911932058,29.43976016095466,49.96854034065087,75.22133960531417,0.23380566801619435,-4.345161264360879,-1.453857092180101,75.18742375048728,0.04147547380450248,-0.12187171188056717,0.12873588887333612,12.065739191300317
3300,27.346150099999704,125.91521426519459,213.7114632783653,29.439690784676067,49.96695143451659,75.24941928825034,0.23380566801619435,-4.345230640639471,-1.4522681860458206,75.21257874423809,0.05064940165248252,0.007342986979178984,0.05117891504839558,12.470204003911954
3301,27.34933759999967,125.91824715455549,213.71750052418116,29.44039989139911,49.96836297680754,75.25503522483757,0.23380566801619435,-4.344521533916428,-1.4536797283367733,75.24766711603512,0.05094576057493354,0.06908623133219999,0.08583925605598353,13.938007104412772
3302,27.362642799999776,125.92175195892696,213.72572751751989,29.441219334526448,49.97028649448087,75.25615841215502,0.23380566801619435,-4.34370209078909,-1.4556032460100994,75.36785617711328,0.14255438792869587,-0.03208441341907514,0.14612037196151412,5.5302581247056715
3303,27.365770099999736,125.92174696495147,213.7211238044288,29.44121816690667,49.96921012026625,75.2563830496185,0.23380566801619435,-4.343703258408869,-1.4545268717954798,75.3918939893289,0.21934452222400305,-0.14904723144941784,0.26519256519067896,2.9901058711993884
3304,27.378277999999682,125.94498866689705,213.72325733050172,29.44665220855589,49.96970895075496,75.82228491070495,0.23380566801619435,-4.338269216759649,-1.4550257022841961,75.36664417872517,0.15127027156593692,-0.06920052989298736,0.1663472524483123,-0.6251161954080868
3305,27.3815411999999,125.95027266416079,213.72970730747895,29.447887637065936,49.97121699193081,75.3696083493285,0.23380566801619435,-4.337033788249602,-1.4565337434600423,75.33153684355754,0.12560741179811383,-0.024423900746534038,0.12795995008711708,-4.39264379307517
3306,27.39411489999975,125.94393184401872,213.73205222359826,29.446405117376848,49.97176524661053,75.12878617181883,0.23380566801619435,-4.33851630793869,-1.4570819981397634,75.24266601128963,-0.13546134424999326,-0.0857860980840454,0.160340358021618,-7.942720506640091
3307,27.410536399999728,125.93924529010624,213.72648153124135,29.445309374508646,49.97046278716271,75.08062173631689,0.23380566801619435,-4.339612050806892,-1.4557795386919423,75.08166308507043,-0.2476594836903638,-0.035712049077552994,0.250221042902261,-7.6438512294217995
3308,27.41373599999997,125.92137672169648,213.7259700532205,29.44113160193511,49.97034320070237,74.812028888279,0.23380566801619435,-4.34378982338043,-1.4556599522315992,75.04946249982659,-0.3242203177483053,0.060923213521993806,0.3298946079987645,-3.9069636244543604
3309,27.426017799999954,125.91472948010673,213.71491307604927,29.43957743917475,49.967758016768606,75.01727027960892,0.23380566801619435,-4.3453439861407865,-1.4530747682978387,75.04302238277782,-0.2970910070760768,0.06757467465794698,0.30467918068126165,-1.0779782114028
3310,27.429647599999953,125.91466412051497,213.71458642330919,29.43956215773174,49.9676816435065,75.20860542310929,0.23380566801619435,-4.345359267583799,-1.4529983950357348,75.07179173241495,-0.24428450776882973,-0.037700615004255575,0.24717657070919674,3.7120636048918345
3311,27.442026299999725,125.91560336228207,213.71513418517299,29.439781757780526,49.96780971333498,75.09658558657499,0.23380566801619435,-4.345139667535012,-1.4531264648642122,75.15939496757674,0.028127578738647543,-0.07134930643190299,0.07669344309660645,5.874382380829085
3312,27.44538969999985,125.91844170360763,213.72156537612722,29.440445378070205,49.96931336223218,75.2244684845025,0.23380566801619435,-4.344476047245333,-1.4546301137614108,75.20697298765597,0.07981443742519914,-0.14912124291171144,0.16913748700106276,8.012041923903148
3313,27.458116999999675,125.92150877184918,213.7286892261119,29.44116247600927,49.970978958736694,75.250045064088,0.23380566801619435,-4.343758949306267,-1.4562957102659269,75.21648859167182,0.0894233833512197,-0.17206567961581185,0.19391528973144537,6.058944773125152
3314,27.461261499999637,125.92328261898768,213.73108816956508,29.44157721152445,49.971539845313295,75.25516038000511,0.23380566801619435,-4.343344213791088,-1.4568565968425276,75.24844908552187,0.07150417442566609,-0.06090936937340985,0.09392975161131087,4.338426108670889
3315,27.47412579999991,125.92569446456137,213.73624265396353,29.44214111468996,49.972744992981355,75.25618344318852,0.23380566801619435,-4.342780310625578,-1.4580617445105872,75.224783811245,0.008000123118060129,0.0521438314046066,0.05275396784561478,1.4946446980475856
3316,27.477228099999593,125.92474102947043,213.72900542667446,29.44191819616161,49.97105288822045,75.25638805582521,0.23380566801619435,-4.343003229153929,-1.4563696397496813,75.22005075638964,-0.0041999201932575,0.0839540066994439,0.08405899458427994,1.333037668149574
3317,27.49017829999957,125.91808253519963,213.7224582658483,29.440361402460645,49.96952212490988,75.10614211311817,0.23380566801619435,-4.344560022854893,-1.454838876439112,75.21910414541856,-0.021333943370510103,0.10082827651052054,0.1030605573622524,-1.1678335144626066
3318,27.493313699999817,125.9180200844835,213.72208032573943,29.44034680112924,49.96943376037025,75.22637978981113,0.23380566801619435,-4.344574624186297,-1.4547505118994835,75.21891482322434,-0.03547089007508157,0.21685174617651667,0.21973362023714743,0.7332913122477351
3319,27.5061725999999,125.92056222632107,213.72725012293876,29.440941168299766,49.97064248825795,75.25042732514973,0.23380566801619435,-4.343980257015772,-1.455959239787184,75.18881958573863,-0.018758770193091703,0.11423421319469057,0.11576418670455575,-0.1517407611662711
3320,27.509308299999702,125.92020212579413,213.72072625754134,29.440856974755512,49.969117171550664,75.25523683221745,0.23380566801619435,-4.344064450560026,-1.4544339230798968,75.21285791128835,0.04209036825580873,0.014181368706875724,0.044415203684210945,6.041419010873817
3321,27.52225469999985,125.9208502445833,213.71893507390683,29.441008508601968,49.968698382664456,75.10591186839662,0.23380566801619435,-4.34391291671357,-1.454015134193689,75.13581621116393,-0.015601875833875165,0.02809306534700719,0.032134698537980316,5.89090816795426
3322,27.525419299999612,125.92334114696126,213.72410632707044,29.44159089569641,49.969907450964854,75.22633374086683,0.23380566801619435,-4.343330529619127,-1.4552242024940867,75.2335792578578,0.16767536130714605,0.2700008948434327,0.3178293724716713,7.8023885870376075
3323,27.538341299999956,125.90714105761434,213.7187043466602,29.43780322298473,49.968644437326425,74.84117128918899,0.23380566801619435,-4.347118202330808,-1.4539611888556578,75.22307449414969,0.18887793358421906,0.18164550587624054,0.2620495441707159,6.361240463104351
3324,27.542214999999942,125.92308958569265,213.7002220461377,29.441532079245956,49.96432317070629,75.73924255861905,0.23380566801619435,-4.343389346069582,-1.4496399222355194,75.25103091445494,0.21093966876627757,0.12677716166558045,0.2461056532857537,12.829914644936203
3325,27.55436269999973,125.92720260272199,213.69790173345825,29.44249372594006,49.96378066845026,75.20271301367694,0.23380566801619435,-4.342427699375477,-1.4490974199794948,75.256622198516,0.18106146575966997,0.1731827664951368,0.25055044401068066,5.19186568804382
3326,27.55750629999966,125.92884311589046,213.70115542604034,29.442877287217307,49.96454140021794,75.2456939699229,0.23380566801619435,-4.342044138098231,-1.449858151747172,75.33958982056258,0.26315425689366,0.035174978388509054,0.2654947118604935,5.9629673688855425
3327,27.57074059999968,125.93080391862105,213.70964783478158,29.44333573400958,49.96652697351675,75.25429016117208,0.23380566801619435,-4.3415856913059585,-1.4518437250459826,75.24301195825313,0.07211713864735386,-0.2033555787781773,0.21576462431753993,2.5288430359655187
3328,27.574271099999805,125.93257585758495,213.7185916156778,29.44375002338272,49.96861808018378,75.25600939942191,0.23380566801619435,-4.341171401932819,-1.4539348317130134,75.25375375883813,0.03105082290188096,-0.1470460764420094,0.15028872945059202,6.757252103785035
3329,27.58660219999956,125.93296734391284,213.72265861558938,29.443841555105127,49.96956896781493,75.25635324707189,0.23380566801619435,-4.341079870210411,-1.454885719344162,75.13101442364263,-0.04789924688465756,-0.12548431441279417,0.13431549060241102,1.7842218235273108
3330,27.590704699999606,125.93075350895184,213.7169347954989,29.443323947943195,49.96823070623507,75.25642201660187,0.23380566801619435,-4.341597477372343,-1.4535474577643015,75.21963794332228,0.15819906764471575,0.12541952482078947,0.20188363531978012,3.455570868209984
3331,27.60230919999958,125.91721672806804,213.72359481337668,29.440158971845868,49.96978785616398,74.63199729394537,0.23380566801619435,-4.34476245346967,-1.4551046076932153,75.23736264725821,0.14694056090881244,0.24582272773289998,0.2863919375789757,0.8591475299674138
3332,27.605655999999726,125.93246351429241,213.70778468967228,29.443723756884157,49.96609135962986,75.69740775957032,0.23380566801619435,-4.341197668431381,-1.4514081111590897,75.2409075880454,0.14004779597147354,0.2759020141829383,0.3094112256959494,3.680948024755327
3333,27.618149399999766,125.93572589444224,213.70726538628526,29.44448651985441,49.965969943554555,75.34463291910157,0.23380566801619435,-4.340434905461127,-1.4512866950837875,75.11672888089034,-0.03705089777335821,0.08955641865360128,0.09691811568468994,-6.816561881839152
3334,27.634993799999847,125.93377774131076,213.7019857191299,29.44403103061011,49.96473552744839,75.27407795100783,0.23380566801619435,-4.340890394705429,-1.4500522789776227,75.18672346172494,0.0016348928138507635,0.12399671197782741,0.12400748951504932,-7.449092648536866
3335,27.638204799999585,125.91988394948785,213.71030172763403,29.440782583331675,49.96667985737193,74.63552848082657,0.23380566801619435,-4.344138841983863,-1.4519966089011618,75.08755099117312,-0.23709387267221416,-0.012603884779227498,0.23742864690309834,-7.921254080113811
3336,27.65033409999978,125.91576963239149,213.70832952126398,29.43982063267453,49.96621874434411,74.98197019811843,0.23380566801619435,-4.345100792641009,-1.451535495873344,75.06771649706275,-0.252544438706908,0.00651843711730915,0.25262854855348305,-4.446736092875602
3337,27.653381799999806,125.91409446193089,213.70283540155623,29.43942896832595,49.96493418801568,75.20154540681119,0.23380566801619435,-4.345492456989589,-1.4502509395449152,75.06374959824069,-0.2713729293315317,0.1318345517186238,0.3017012028494864,-10.208919213500621
3338,27.66603299999997,125.91321790564385,213.6971360049301,29.439224024497705,49.96360163678022,75.24546044854975,0.23380566801619435,-4.3456974008178335,-1.4489183883094512,75.1577865407419,-0.06478560197781562,0.24620433221485266,0.2545854422880253,-4.267557750409621
3339,27.669116399999893,125.91161975351056,213.68790628516808,29.43885036747059,49.961443675985656,75.25424345689746,0.23380566801619435,-4.346071057844949,-1.4467604275148886,75.08176360697652,-0.20792004313992163,0.06556288725908474,0.2180120100477364,-4.133385000100268
3340,27.682018900000003,125.91279377809931,213.68976450464163,29.43912486107383,49.96187813823099,75.10571319333262,0.23380566801619435,-4.345796564241709,-1.447194889760226,75.06655902022344,-0.17516136553427916,-0.0593756294722977,0.18495126209643703,-3.8825108094296126
3341,27.685172099999818,125.90207234589201,213.70143282537916,29.43661812945451,49.964606257755655,74.60185552929153,0.23380566801619435,-4.3483032958610295,-1.4499230092848876,75.06351810287282,-0.15036886306772898,-0.044387540486235603,0.15678344533367874,-8.676141708711288
3342,27.698048299999755,125.90401540092613,213.71262398393267,29.437072426734755,49.96722281405714,75.1255224730458,0.23380566801619435,-4.347848998580783,-1.4525395655863704,75.0629099194027,-0.12136913829293693,-0.1652485824280701,0.20503063606314237,-0.20883275151739156
3343,27.701187899999695,125.9054624683956,213.71020326771168,29.437410759311117,49.966656836884006,75.23025586179666,0.23380566801619435,-4.347510666004421,-1.4519735884132388,75.01099629052116,-0.17618176260815482,-0.2738440799265759,0.3256233922594461,-2.3162199216605317
3344,27.71406479999996,125.90677409488211,213.7049403432951,29.437717425017986,49.96542633532508,75.25120253954684,0.23380566801619435,-4.347204000297552,-1.4507430868543096,75.23867264677611,0.054225862600465025,-0.05085757829983241,0.07434337526160684,-3.503845133210918
3345,27.717164499999853,125.90342272599104,213.71258533606792,29.43693385597564,49.9672137779673,74.846145048925,0.23380566801619435,-4.3479875693398995,-1.452530529496535,75.20235855279273,0.11282975085408811,0.030355497600645653,0.11684181149048657,-9.811336237340203
3346,27.730074599999625,125.92313847263546,213.69879529031581,29.441543509290277,49.96398958710826,75.74023731056626,0.23380566801619435,-4.343377916025261,-1.4493063386374914,75.11324636876168,0.07428959311644512,-0.03887119690819856,0.08384457999467178,-3.771109200507788
3347,27.733230299999832,125.9275695913034,213.6960573125692,29.442579529950493,49.96334943239219,74.94395200312889,0.23380566801619435,-4.3423418953650454,-1.448666183921425,75.01357456672109,0.15914216983506785,-0.05635643381563724,0.16882617644260584,-5.055464853556112
3348,27.746042099999613,125.92291527075065,213.70514607252707,29.441491323424497,49.965474435985584,74.7846949416414,0.23380566801619435,-4.343430101891041,-1.4507911875148167,75.1886609582661,0.27896299149855824,0.11228059774786373,0.3007112955251968,-1.331983790952696
3349,27.74915219999957,125.92887563775602,213.7050378914228,29.442884891013808,49.96544914263023,74.75284352934392,0.23380566801619435,-4.34203653430173,-1.45076589415946,75.22367823657511,0.5189740458193177,0.31881182487873183,0.6090772035765076,4.686796401605228
3350,27.76202559999956,125.94794385450737,213.6903624086467,29.447343148169235,49.962017931576305,75.72157700665004,0.23380566801619435,-4.337578277146303,-1.447334683105538,75.31253105747128,0.45308349773454243,0.2799390982756617,0.5325885416179714,12.472226820917719
3351,27.765025100000003,125.96792010669324,213.67391048741558,29.452013709156013,49.95817137914271,75.91532370211127,0.23380566801619435,-4.332907716159525,-1.4434881306719447,75.38209361383801,0.382673429000633,0.3026235998885339,0.487872930661866,1.7201251967798434
3352,27.778067299999748,125.96785588116549,213.6734367282992,29.451998692863594,49.95806061157603,75.38821610760976,0.23380566801619435,-4.332922732451944,-1.443377363105263,75.47785549034573,0.26370244493155204,0.3172769795845223,0.4125574641636673,-2.668891776916146
3353,27.781161899999915,125.96207200251794,213.67413081903769,29.45064638925268,49.958222893924805,75.13250772347507,0.23380566801619435,-4.334275036062859,-1.4435396454540381,75.35377910588166,0.22852760075519457,0.37494812213684575,0.4391024465894862,-7.732719670658639
3354,27.79407489999994,125.95396557143027,213.6696351522692,29.448751059716997,49.95717178155282,75.23165291188252,0.23380566801619435,-4.336170365598541,-1.4424885330820558,75.21579244227009,-0.08940669357592784,0.07549875365326975,0.11701973619598093,-10.324966744394168
3355,27.79720539999971,125.95624766421987,213.66220554099698,29.449284625946145,49.95543469632622,75.10119508432963,0.23380566801619435,-4.335636799369393,-1.4407514478554546,75.15813773650089,-0.19678420165809263,0.08908315074507171,0.2160088650238273,-18.148328465908023
3356,27.810078899999553,125.95445498246121,213.674035271968,29.448865486790023,49.95820055447835,75.22539038405343,0.23380566801619435,-4.336055938525515,-1.4435173060075854,75.28983555511269,-0.04609416442694203,0.06557492778681653,0.08015449549753384,-8.219868949944962
3357,27.813180399999965,125.94731774036629,213.67302160485724,29.447196759134226,49.957963553362376,75.09994257876382,0.23380566801619435,-4.3377246661813125,-1.4432803048916085,75.19128742352254,-0.027897122758481954,-0.13126497221939887,0.1341966556586317,2.7659537204890956
3358,27.826117299999623,125.96482816861209,213.6824270015561,29.451290796507482,49.96016258842051,75.79099681653402,0.23380566801619435,-4.333630628808056,-1.4454793399497419,75.31480655697014,-0.003043898330278086,-0.2778421602205414,0.2778588334263679,8.977532795547287
3359,27.829233599999952,125.96408454459443,213.69446005239098,29.45111693299728,49.96297598390923,74.7389122539318,0.23380566801619435,-4.333804492318258,-1.4482927354384643,75.45268177037842,0.04611728268876082,-0.20177089771069198,0.2069741503801226,5.527859738854084
3360,27.842745699999796,125.98111627469841,213.7047467574825,29.455099048031716,49.96538107386484,75.71879075156761,0.23380566801619435,-4.329822377283822,-1.450697825394073,75.62348557282569,0.39091746501412217,-0.2874660630285667,0.48523520260406844,24.944185781418557
3361,27.858286399999997,125.9952905127664,213.6937457408843,29.458413065231824,49.96280897383024,75.91476645109478,0.23380566801619435,-4.326508360083714,-1.4481257253594748,75.51441757354951,0.29064652682347863,-0.2345191840915912,0.37346305207013014,21.436482296721387
3362,27.86159759999964,126.01208633058418,213.69873169278944,29.462340022636585,49.96397471764612,75.95396159100021,0.23380566801619435,-4.322581402678953,-1.4492914691753498,75.73066305572553,0.3706599202656859,0.13356790528935414,0.3939913220043692,4.74338776154947
3363,27.874109599999883,126.00219188599077,213.69366104209385,29.460026645408774,49.96278917077296,75.24565682015317,0.23380566801619435,-4.324894779906764,-1.4481059223021902,75.63068339239511,0.26907068060356454,0.17752063588424777,0.3223547848647715,-1.3255468491579232
3364,27.87750479999977,126.00719126678578,213.6800452043711,29.46119552897522,49.95960571073859,75.82013966481189,0.23380566801619435,-4.323725896340317,-1.4449224622678258,75.49751607301027,-0.06977301819674589,0.06997458485522061,0.098816580561887,5.869220272742089
3365,27.890024899999844,125.99577250236538,213.67780854230372,29.45852575713199,49.9590827664698,75.2188924349155,0.23380566801619435,-4.326395668183547,-1.444399517999031,75.27586185718019,-0.39756914967076945,0.05732209445984225,0.40168028490729013,-6.879713691871872
3366,27.89344039999969,125.97413805662163,213.68324608088844,29.45346750109271,49.96035409381096,75.2489298541706,0.23380566801619435,-4.331453924222828,-1.4456708453401959,75.3747597737798,-0.1905425029478198,-0.1340393642555562,0.23296565540794548,4.364504396342454
3367,27.90609839999979,125.94961208983901,213.70573125899165,29.447733191045355,49.96561125589785,74.84569051184975,0.23380566801619435,-4.337188234270183,-1.4509280074270805,75.39453935709972,-0.19413006023606932,-0.34852395361331445,0.39894288630017666,14.406525463970622
3368,27.909150099999806,125.96070967834353,213.7169830466815,29.450327870139027,49.96824198763505,75.7401464031512,0.23380566801619435,-4.334593555176511,-1.4535587391642792,75.54172403352933,0.11502368065767327,-0.44094051598074524,0.45569615506980554,32.122468430459975
3369,27.922128799999882,125.97882488052338,213.72446518305708,29.454563307085934,49.96999135352853,75.91903758141149,0.23380566801619435,-4.330358118229604,-1.4553081050577603,75.684332355534,0.45185284281506927,-0.31058329675826324,0.5483000782284196,24.796282677267968
3370,27.925282799999877,125.99680048892967,213.73013515562755,29.458766106217364,49.971317025253,75.95481581706355,0.23380566801619435,-4.326155319098174,-1.4566337767822333,75.90787477188806,0.7414129474570224,-0.2427389396720525,0.780138033613297,23.220355217720314
3371,27.938118799999756,126.00795485245703,213.71478705428774,29.461374059633176,49.96772855216647,75.96197146419397,0.23380566801619435,-4.323547365682362,-1.4530453036957027,75.80935449539324,0.5392472559185835,-0.09580386963279805,0.5476915048203144,13.51348271360755
3372,27.941237999999885,126.0212262314248,213.71580232387467,29.46447698325823,49.96796592795046,75.96340259362005,0.23380566801619435,-4.320444442057308,-1.4532826794796918,75.78965044009428,0.5154657878521421,0.15029689615160785,0.536930289179924,2.219623535788692
3373,27.954202299999906,126.01232178612769,213.72286537589054,29.462395073477225,49.96961730954526,75.24754502067714,0.23380566801619435,-4.322526351838313,-1.4549340610744892,75.78570962903449,0.28512743361989135,0.22919060045806638,0.3658223404071908,-12.408596345134946
3374,27.957368799999585,126.01513107519403,213.70802576169723,29.46305190118403,49.96614772363569,75.82051730491668,0.23380566801619435,-4.3218695241315075,-1.4514644751649257,75.6416927070569,0.2385219731983875,0.1033618123376257,0.25995460362950074,-11.239152365767373
3375,27.970084099999895,126.02496578271453,213.7094313671821,29.465351311545607,49.96647636216505,75.93511176176459,0.23380566801619435,-4.319570113769931,-1.4517931136942792,75.61288932266139,0.06627533248923125,0.10085056880880601,0.12067832003146989,-9.992908269146943
3376,27.973235299999942,126.02456343664542,213.71414296752795,29.465257240754145,49.96757796103134,75.24188685430605,0.23380566801619435,-4.319664184561393,-1.4528947125605711,75.60712864578228,-0.04757956916987585,0.0423674422942195,0.06370883430847735,-9.94353175834367
3377,27.98666319999984,126.03223338845822,213.71923474700895,29.467050518961386,49.96876844793428,75.81938567164246,0.23380566801619435,-4.317870906354152,-1.4540851994635133,75.60597651040646,-0.0891464336365705,-0.11373357242189286,0.1445074812110619,-0.8480489343279206
3378,27.99069929999996,126.0196340459671,213.72648150779716,29.464104721273685,49.97046278168132,75.21874163628162,0.23380566801619435,-4.320816704041853,-1.4557795332105528,75.6057460833313,-0.08467441756050918,0.1877230212174973,0.20593613010891607,-13.298499339349549
3379,28.002198699999553,126.01961416945076,213.71097828710555,29.464100074031506,49.96683804081112,75.81475662803757,0.23380566801619435,-4.320821351284032,-1.4521547923403517,75.60569999791626,-0.12676536448331804,0.24183085711524438,0.2730414274165776,-14.338727611687725
3380,28.005221599999913,126.02224134143495,213.6918246193838,29.464714321732263,49.962359804734476,75.93395962638877,0.23380566801619435,-4.320207103583275,-1.4476765562637084,75.41067002888013,-0.28347951974397045,0.16481576506704265,0.3279098573219578,-27.53263221433108
3381,28.018138799999633,126.00896495266831,213.69619147589088,29.461610226787833,49.963380800537244,75.24165642723088,0.23380566801619435,-4.323311198527705,-1.448697552066477,75.31987204288541,-0.18878632823063313,0.21846660852386451,0.2887350632789925,-30.382301446692406
3382,28.021366099999796,125.99999247412899,213.70273057771294,29.45951241044919,49.964909679606976,74.84423582646181,0.23380566801619435,-4.325409014866349,-1.4502264311362083,75.10669169373334,-0.26777405698649853,0.08443737819580212,0.2807714665552564,-32.228466153832144
3383,28.034358699999757,125.98574450219924,213.71115169960402,29.456181153854278,49.96687858563617,74.76475170630799,0.23380566801619435,-4.32874027146126,-1.4521953371653993,74.9208268641373,-0.3515369962947245,-0.24231681008165482,0.4269610008092846,-19.450472967405997
3384,28.03838399999995,125.97893810919238,213.71726241220568,29.454589780590528,49.96830730487805,74.74885488227723,0.23380566801619435,-4.33033164472501,-1.4536240564072855,74.8836538982181,-0.304527577316653,-0.29240757129779144,0.4221838854085066,-5.716060445082491
3385,28.05023119999987,125.96801257295239,213.7249813440182,29.4520353282915,49.97011203488685,75.00463547840857,0.23380566801619435,-4.332886097024037,-1.4554287864160855,74.87621930503425,-0.24467584805978143,-0.17153235138420625,0.298813684752168,11.127387762869109
3386,28.05337079999981,125.96794194023516,213.72940588898308,29.452018813961867,49.97114651857803,75.05579159763484,0.23380566801619435,-4.332902611353671,-1.456463270107264,75.06975313835062,-0.024319846106664378,-0.16016484914443474,0.16200072165305737,13.660483067927068
3387,28.0662398999998,125.94863526533223,213.72221505867157,29.447504803939015,49.96946526169346,74.8070628605426,0.23380566801619435,-4.337416621376523,-1.4547820132226903,75.303480656967,0.1142868699407254,-0.09927844158034059,0.1513859227387718,15.16681615830204
3388,28.069317099999807,125.95976166057133,213.72346147951163,29.450106218210504,49.9697566819506,75.73242087288978,0.23380566801619435,-4.334815207105034,-1.455073433479832,75.2984341685028,0.06881021764189,-0.12483710154737343,0.14254524886741576,17.619299288569835
3389,28.082786399999804,125.97691131663208,213.72637089355953,29.454115905002038,49.9704369194456,75.91749247535921,0.23380566801619435,-4.3308055203135005,-1.4557536709748362,75.2754937184662,-0.39297855211795635,0.0032684983298354245,0.3929921443312289,-1.4504497342421248
3390,28.09915379999984,125.94589942949982,213.74598099853637,29.446865150014634,49.97502187313958,74.97940303608748,0.23380566801619435,-4.338056275300904,-1.4603386246688146,75.465926380412,-0.27242575704283334,-0.020777463680260084,0.2732169396237089,-7.823284906149076
3391,28.102273199999672,125.91502367024117,213.74183124816926,29.43964622249566,49.974051637982896,74.94108934745188,0.23380566801619435,-4.345275202819877,-1.4593683895121288,75.36078415303554,-0.49173634066632305,0.19199484110784287,0.5278888592724154,-6.27854188749988
3392,28.114260799999556,125.92794414998217,213.74129735061655,29.442667103892592,49.973926809708935,75.75922617027163,0.23380566801619435,-4.342254321422946,-1.4592435612381678,75.19652694779462,-0.6168742244012256,0.1823408121927847,0.6432588751985767,-5.5313764969952
3393,28.11737409999978,125.92459963918012,213.72839226978306,29.441885138310333,49.97090952866385,75.20670973600745,0.23380566801619435,-4.343036287005205,-1.4562262801930856,75.21546749893392,-0.8764018341956633,0.34191299212562326,0.9407362378296158,-7.525599235203659
3394,28.130027100000007,125.90684914380381,213.73373762433053,29.43773497188126,49.972159302854614,75.09620644915462,0.23380566801619435,-4.347186453434279,-1.4574760543838465,75.24118676150555,-0.39650687767079235,0.33728244246124617,0.5205546561436796,-0.7685082350562187
3395,28.13311879999992,125.88383203692752,213.72689143733263,29.432353441832245,49.9705586255302,75.07410579178405,0.23380566801619435,-4.3525679834832935,-1.455875377059435,75.24633061401987,-0.06457232764581278,0.34282415880544476,0.3488523890677245,-1.3026453645337215
3396,28.14605259999962,125.88854910420258,213.71096632857143,29.43345631889757,49.96683524483806,75.06968566030994,0.23380566801619435,-4.351465106417969,-1.4521519963672915,75.24735938452272,-0.0347491843925371,0.07469951922781252,0.0823864308537084,-2.6802625619829925
3397,28.149203299999954,125.91431028020104,213.7104526111956,29.43947942786077,49.96671513480383,75.78494543284324,0.23380566801619435,-4.345441997454767,-1.4520318863330601,75.19577314643581,-0.1257969503028617,0.1649223107978574,0.2074228562728942,-3.2203816742906026
3398,28.16203039999982,125.90871138963034,213.73083199435163,29.43817037551074,49.97147995009639,75.21185358852178,0.23380566801619435,-4.346751049804798,-1.4567967016256205,75.18545589881842,0.1702284244576542,0.03423520717806952,0.17363687944633371,-4.795307895912595
3399,28.16511969999965,125.89836238720251,213.7261764739297,29.435750720084798,49.970391463034176,74.83827525871999,0.23380566801619435,-4.3491707052307405,-1.4557082145634084,75.18339244929494,0.22595483438914526,-0.25496141899776165,0.3406771380077892,3.2170176709118357
3400,28.178020799999558,125.88398772204476,213.73366432722267,29.432389841895084,49.97214216557534,75.02251955369712,0.23380566801619435,-4.352531583420454,-1.4574589171045744,75.10326540392148,-0.13750773235148003,-0.22009049456379481,0.2595153218092952,9.877486742294511
3401,28.181189699999777,125.888919904144,213.74936075343652,29.433543014025574,49.97581207899174,75.05936841269255,0.23380566801619435,-4.351378411289964,-1.4611288305209698,75.23046875461243,0.3021157967890059,-0.10935585391323777,0.3212983931714401,6.692399719951061
3402,28.19421209999973,125.89417554793542,213.7375263455857,29.43477181333308,49.9730451273586,75.384310205976,0.23380566801619435,-4.350149611982459,-1.4583618788878354,75.45093017670374,0.5485880939016256,-0.10724286196837869,0.5589722070137186,8.903513061225896
3403,28.197244899999987,125.92136455043601,213.73516283639643,29.441128756225424,49.97249252551374,75.84787034197646,0.23380566801619435,-4.343792669090114,-1.4578092770429762,75.40019213885638,0.6703686573699648,-0.06604704106391567,0.6736143914861883,7.735144425230386
3404,28.210056399999758,125.94597452994299,213.71527722032957,29.44688270892392,49.967843155765316,75.94058236917655,0.23380566801619435,-4.338038716391619,-1.4531599072945482,75.53327329105254,0.6747396798361034,0.15709578063640767,0.6927862006702281,-2.622037162064989
3405,28.213117799999964,125.95053629605997,213.71435702480895,29.44794927569823,49.96762800883691,74.76882936446032,0.23380566801619435,-4.336972149617306,-1.4529447603661438,75.49637511719489,0.46444146747422127,-0.11241759363565501,0.47785310720810364,-17.2077129712957
3406,28.22605139999996,125.9718755596107,213.7167018965831,29.452938516467686,49.96817625314848,75.72477417367332,0.23380566801619435,-4.331982908847852,-1.4534930046777106,75.34576672265774,-0.04498777997732151,-0.13260320018183247,0.14002681545243761,-12.465979980284688
3407,28.229146999999557,125.95920309705599,213.7317305583743,29.449975622894673,49.97169003945796,75.1998193366878,0.23380566801619435,-4.334945802420865,-1.4570067909871938,75.17241628398467,-0.2173276114043648,-0.25084247400024096,0.3318934127717635,-22.48975745612311
3408,28.242074199999934,125.93426259677376,213.72723653363653,29.444144392565526,49.97063931100207,75.09482836929068,0.23380566801619435,-4.340777032750012,-1.4559560625312997,75.26263389156256,-0.2886457921989768,-0.28277647793862787,0.40407787594664246,-18.243498109612002
3409,28.245224999999664,125.92870267311922,213.73031300914155,29.442844450901358,49.97135860841265,75.07383017581127,0.23380566801619435,-4.34207697441418,-1.4566753599418831,75.13744865331252,-0.6370786919822884,-0.24506359415255974,0.6825873020770559,-12.45220933235277
3410,28.25810189999993,125.92825110773293,213.73523633334008,29.442738872354564,49.97250970951575,75.21991740234975,0.23380566801619435,-4.342182552960974,-1.4578264610449807,75.25564036542814,-0.37540621972564614,-0.019062116035248353,0.3758898696113549,-1.0868010691761014
3411,28.26120359999959,125.91025682295374,213.73329715096196,29.43853170658129,49.97205631768443,75.09884798242308,0.23380566801619435,-4.3463897187342475,-1.4573730692136593,75.30933608089813,-0.17400952193766747,-0.21625240065478696,0.27756875637206374,4.89383638272163
3412,28.27417259999993,125.92973934611929,213.73357910951785,29.443086830924653,49.97212224119294,75.79077789726587,0.23380566801619435,-4.341834594390885,-1.4574389927221745,75.32007522399213,-0.0908309933363578,-0.16872863315605455,0.19162364414961924,15.433485897442631
3413,28.277299299999868,125.93717345347318,213.74567733963534,29.444824967360635,49.97495087596737,75.36330694664068,0.23380566801619435,-4.340096457954903,-1.4602676274966058,75.43539443932968,0.22421651461804587,-0.13882796440276837,0.26371622841167874,15.727132029924782
3414,28.290123599999788,125.93735542086341,213.74516567279946,29.444867512367864,49.97483124536101,75.12752589128127,0.23380566801619435,-4.340053912947674,-1.4601479968902424,75.60168704216282,0.5808754626444715,-0.16474105700220176,0.6037846627437895,11.89947415912888
3415,28.293247399999927,125.95829210228617,213.74436255467447,29.44976262715395,49.9746434717913,75.79651347903751,0.23380566801619435,-4.3351587981615864,-1.459960223320536,75.63494556272946,0.5714130276356094,-0.16106144379607706,0.5936780582347394,13.417778492587356
3416,28.306061299999783,125.9816880463235,213.74345224145182,29.45523273147847,49.974430635400175,75.93031099658876,0.23380566801619435,-4.329688693837067,-1.4597473869294078,75.6115398937959,0.42124144182831835,-0.005336842802638676,0.42127524755758033,0.6202024524869421
3417,28.322516699999596,126.00307810899298,213.74251512945474,29.460233849369818,49.974211533303695,75.95707050009901,0.23380566801619435,-4.32468757594572,-1.4595282848329276,75.75008751977481,0.46867034557272297,-0.005019387723725264,0.46869722323945623,-4.544732156747074
3418,28.325669599999856,126.00044909267794,213.74421490296916,29.459619170454054,49.97460894998571,75.24627860197293,0.23380566801619435,-4.325302254861484,-1.4599257015149405,75.66462565825185,0.02725250493441217,0.07782717230731881,0.08246070442673438,-8.757337614081468
3419,28.338138499999786,126.0132729787359,213.74363276626963,29.462617467700397,49.974472843125795,75.82026402117584,0.23380566801619435,-4.322303957615141,-1.459789594655028,75.50430452618163,-0.09736842415661216,0.07138869585188523,0.12073506499014655,-8.490860098209485
3420,28.341216799999984,126.00484603093886,213.73738753116703,29.460647199541377,49.97301267176071,75.36920417142267,0.23380566801619435,-4.324274225774161,-1.4583294232899462,75.47224029976758,-0.07533362608327611,0.37774952153465124,0.3851880790451761,-19.689612917183727
3421,28.354193099999975,125.9939559535355,213.73825236985232,29.458101037719334,49.97321487594726,75.12870533623766,0.23380566801619435,-4.326820387596204,-1.4585316274764892,75.46582745448477,-0.08033499566910951,0.4612639848210192,0.46820740620169743,-14.719104719667875
3422,28.357230699999946,125.99933585117685,213.71817820476775,29.45935888828123,49.96852142236979,75.79674936802878,0.23380566801619435,-4.325562537034308,-1.4538381738990225,75.32131612566258,-0.36153187787836455,0.6664923736846651,0.7582330663470671,-2.997158758619344
3423,28.370057599999654,125.98726835000124,213.70218477946344,29.45653743810758,49.96478206888265,75.21421437555888,0.23380566801619435,-4.328383987207957,-1.4500988204118812,75.29241385989815,-0.2798037154925134,0.5977578160971668,0.6600034287097831,-2.669014874888268
3424,28.37306179999996,125.97229239877962,213.6888594883229,29.45303597582803,49.961666540286025,75.0977073770649,0.23380566801619435,-4.331885449487508,-1.4469832918152576,75.42986216651089,-0.06447996983679433,0.5409101662905468,0.5447398227655299,-3.9390185331724483
3425,28.38625069999989,125.95923864229744,213.68148840113346,29.44998393357359,49.95994313832169,75.22469284260049,0.23380566801619435,-4.334937491741947,-1.4452598898509237,75.31412306806781,-0.17708350959302102,0.2550775545517185,0.31052073715915735,5.985273079024474
3426,28.389632799999617,125.97197404350894,213.68582543890642,29.4529615425613,49.96095716233541,75.81594686930136,0.23380566801619435,-4.331959882754237,-1.446273913864644,75.2909752483792,-0.2482556777025082,0.07209807352660952,0.25851308229522935,4.795793128599306
3427,28.402053099999648,125.96406284681473,213.67966558824224,29.451111859933405,49.959516954335996,75.2180538758134,0.23380566801619435,-4.333809565382133,-1.4448337058652285,75.31640305748834,-0.053664349952474405,-0.11620246964645789,0.12799561089255213,-6.642946409584102
3428,28.405098199999884,125.95656327334919,213.68778443905273,29.44935841714946,49.96141518767326,75.09847527711581,0.23380566801619435,-4.33556300816608,-1.4467319392024933,75.2914312462633,-0.3990047312889783,-0.025007800239438827,0.39978765071448297,-9.87066158120799
3429,28.418052899999566,125.9458935954369,213.68248993300537,29.44686378597766,49.96017730215004,75.22484642261067,0.23380566801619435,-4.33805763933788,-1.4454940536792762,75.14320812425267,-0.6002271601433227,0.0022652158282467152,0.6002314345121109,-6.515549920467137
3430,28.42132159999983,125.91851838176939,213.67428840732362,29.44046330585904,49.95825973895927,75.09983378647526,0.23380566801619435,-4.3444581194564975,-1.4435764904885033,75.06177150766304,-1.0278819101987153,-0.19088155973336396,1.0454553989338817,1.5196357182057323
3431,28.434103499999765,125.91164596812301,213.68322435402817,29.438856496595562,49.960349013947884,75.07483125924819,0.23380566801619435,-4.346064928719976,-1.4456657654771163,75.18871294411073,-0.8653847069520612,-0.027018308430018782,0.8658063755926751,3.595043886666069
3432,28.437385099999574,125.87954380099072,213.69515148645627,29.43135082796443,49.96313764511275,74.81087079286527,0.23380566801619435,-4.3535705973511085,-1.448454396641985,75.32727261811903,-0.4868398536108042,0.17701071680982733,0.5180210776882714,0.03915734583399466
3433,28.4501180999996,125.89243233696644,213.68448046804963,29.434364240727984,49.960642700525774,75.73318245935431,0.23380566801619435,-4.350557184587554,-1.445959452055007,75.35498455292068,-0.07777409443284578,0.04821619501135437,0.09150743809233305,5.19965886505928
3434,28.453173699999752,125.91465166334316,213.6698994138874,29.439559245174365,49.957233567417,75.91764479265211,0.23380566801619435,-4.345362180141173,-1.4425503189462319,75.2656966176154,-0.03279472013689094,-0.0678951172894319,0.07540053461748607,-3.2481822171418804
3435,28.46668419999969,125.9196915108065,213.67321215815934,29.44073759007723,49.95800810580447,75.23839346048355,0.23380566801619435,-4.344183835238308,-1.4433248573336996,75.2776998703981,0.3615298503344757,0.07139741119608772,0.3685124462055137,-16.0376036623377
3436,28.470112799999697,125.92114602223288,213.68412258910038,29.441077663092912,49.96055902639898,74.62839158272172,0.23380566801619435,-4.343843762222626,-1.4458757779282152,75.16692913423589,0.27706962326036166,-0.02578102745535546,0.27826648650222424,-19.708559104894185
3437,28.482090999999855,125.90497865948888,213.69197714996065,29.43729764204649,49.96239546724789,74.87088705677873,0.23380566801619435,-4.3476237832690465,-1.44771221877712,74.90671590497219,-0.10303630901672635,-0.29480719732190624,0.31229435564638003,-12.086288140615025
3438,28.485307799999646,125.90242455073647,213.69596639442375,29.436700476943447,49.963328175214464,75.17932877854325,0.23380566801619435,-4.3482209483720915,-1.4486449267436967,74.85467325911945,-0.10746986409535048,-0.3684026627732436,0.3837581186464846,-7.6507395827101075
3439,28.49818469999991,125.89138906615091,213.70860234689695,29.43412031809804,49.96628253252348,74.61657864633365,0.23380566801619435,-4.3508011072174995,-1.4515992840527119,74.9691524252614,-0.12338768026176482,-0.19314058816625815,0.22918945533681875,-0.9525750480779774
3440,28.501431199999843,125.89229230437952,213.7145079170465,29.43433150031546,49.96766328829731,74.97818023121985,0.23380566801619435,-4.3505899250000795,-1.4529800398265422,75.04403678388041,0.04446094033663006,-0.36857329263757377,0.371245265641624,10.76235004781089
3441,28.51409169999988,125.89335353263785,213.70734402027725,29.434579621497313,49.96598832862758,75.20078741343147,0.23380566801619435,-4.350341803818225,-1.4513050801568141,75.05901365560422,0.10526475304909365,-0.3482344447168376,0.3637965045485332,14.395214415467077
3442,28.517561999999998,125.90112616392118,213.72263907513766,29.436396906746754,49.96956439914656,75.2453088498738,0.23380566801619435,-4.348524518568784,-1.4548811506757957,75.18689672526148,0.1556887590888427,-0.30166258930028295,0.3394691554323822,12.304882440556794
3443,28.530440899999576,125.90764695846076,213.73300885936058,29.43792150547008,49.971988913473986,75.25421313716227,0.23380566801619435,-4.346999919845459,-1.4573056650032186,75.21247333919291,0.2496859477905568,-0.44401305234826355,0.5094022606739104,14.51319707655181
3444,28.546415199999956,125.91118259837984,213.73277461474248,29.43874815812322,49.971934145754574,75.25599399461996,0.23380566801619435,-4.346173267192317,-1.4572508972838065,75.18753128893233,0.2472745518050032,-0.43648642407391725,0.5016623390002489,14.624471387463517
3445,28.549586999999974,125.91844086749046,213.74819990978915,29.440445182581275,49.9755406671673,75.10606330087711,0.23380566801619435,-4.344476242734263,-1.4608574186965342,75.29571426559897,0.5056183663373771,-0.21750428645249087,0.5504162488543424,21.507128464688197
3446,28.562026599999626,125.91884208943121,213.73915874209573,29.440538990545154,49.9734267909151,75.07607716212854,0.23380566801619435,-4.3443824347703845,-1.4587435424443314,75.3173508609323,0.5195713885980859,-0.25402396116765275,0.5783447075032747,25.978821558829523
3447,28.565120699999625,125.94286626881777,213.73830607346338,29.446155979855167,49.973227432155916,75.78622373320697,0.23380566801619435,-4.338765445460371,-1.4585441836851487,75.53784883429583,0.27707802155626504,-0.47385665645138997,0.5489192662795,61.9187863341139
3448,28.57804539999961,125.9532668449144,213.75880671245764,29.448587693497192,49.97802059775073,75.3623961138289,0.23380566801619435,-4.336333731818346,-1.4633373492799606,75.8524928625623,0.056044549980961894,-0.40616404586790383,0.4100124677840336,63.54341696160545
3449,28.581131599999935,125.93794554118466,213.77327025111245,29.445005485843783,49.98140225506779,76.35848386143766,0.23380566801619435,-4.339915939471755,-1.4667190065970246,76.40226370923122,-0.3328686814399823,-1.3210718995240067,1.36236284549879,106.07405840688631
3450,28.594064399999752,125.90640906901199,213.81744399710428,29.437632079900578,49.99173032725819,76.67928344220941,0.23380566801619435,-4.347289345414961,-1.4770470787874217,76.94842759536188,-0.8611121117474485,-1.6467857018044245,1.8583372182318367,100.54035326491872
3451,28.597136399999727,125.88095827006062,213.87531665723506,29.431681538850206,50.005261283219944,77.82493139547313,0.23380566801619435,-4.353239886465332,-1.490578034749177,77.60704147610363,-1.8014642450785368,-2.8622583856231953,3.38198114902592,132.50626233612178
3452,28.61033449999968,125.83434097742726,213.9636106584494,29.420782151604957,50.02590492115568,78.51704316386025,0.23380566801619435,-4.364139273710581,-1.5112216726849113,78.18241903740822,-1.9065664032464373,-2.984171162017403,3.541224784478437,105.77766657450519
3453,28.614241599999787,125.75891445273083,214.07136607403618,29.40314700261217,50.05109874807931,78.65546551753768,0.23380566801619435,-4.381774422703369,-1.5364154996085446,78.90200504771602,-3.36770769071593,-3.5552005075486566,4.897030297943995,134.02795617599935
3454,28.62620079999988,125.67266356496494,214.1585924035188,29.382981056181073,50.0714927583126,79.23537166796066,0.23380566801619435,-4.401940369134465,-1.556809509841834,79.43413514040259,-3.5696684997152035,-2.79040835249937,4.530884237271709,103.4372675517489
3455,28.629553699999633,125.55971977002541,214.21098904326251,29.356574156756956,50.08374338966968,80.27721349374839,0.23380566801619435,-4.428347268558582,-1.5690601411989107,80.04933313159614,-6.363782024604343,-2.0879671821494794,6.697561392806384,149.62908863688597
3456,28.64245469999969,125.39711873950343,214.24302817512228,29.31855711419564,50.09123432029681,80.48558185890593,0.23380566801619435,-4.4663643111198965,-1.5765510718260458,80.84195891147549,-6.284777238518378,-0.6822603125042187,6.321701042584745,126.28925918167388
3457,28.64552599999979,125.2027514408573,214.21743810457158,29.27311293809518,50.08525121675712,81.59303311982806,0.23380566801619435,-4.511808487220357,-1.5705679682863547,81.68519842292011,-9.989231413054352,0.5789291349429486,10.005993362322286,186.7333456684804
3458,28.65814569999975,124.980449746811,214.1861153550003,29.221137542017555,50.07792778036951,82.61859441693437,0.23380566801619435,-4.563783883297983,-1.5632445318987394,82.53671009474029,-9.464300928115012,1.6867044785496024,9.613426239165618,164.4492897538749
3459,28.661243399999876,124.71270658343127,214.1251611934864,29.158537672846787,50.06367635191838,83.45156922518376,0.23380566801619435,-4.626383752468751,-1.5489931034476143,83.61073191152619,-13.091071868019885,3.303365635559561,13.501421672396484,209.21227758444138
3460,28.6743349999997,124.41867423496915,214.019605880647,29.089791243196228,50.0389969214873,84.53477185284926,0.23380566801619435,-4.6951301821193105,-1.524313673016536,84.55413979050837,-11.302796205269429,3.2866010666618486,11.77093660798646,286.80727678256187
3461,28.677463699999862,124.13658040871788,213.91920811078674,29.023836107706305,50.01552335383779,85.85569094283548,0.23380566801619435,-4.761085317609233,-1.5008401053670255,85.44661409091418,-15.077998790745147,4.694614008981666,15.7919425096167,435.416267935016
3462,28.69013169999971,123.81934522119802,213.818200007433,28.949664722769985,49.991907086758125,86.31007251473898,0.23380566801619435,-4.8352567025455535,-1.4772238382873581,93.83953888263596,-11.970298075830877,4.3563070123125,12.73834552874758,383.22674200018554
3463,28.693228099999942,123.51481669775556,213.71727964663364,28.878464227916535,49.96831133438499,87.08096591896341,0.23380566801619435,-4.906457197399003,-1.4536280859142252,96.34923223941783,-15.324553501252584,6.320860463877679,16.57694836260778,419.6915535799564
3464,28.70619549999992,123.25580797998089,213.55593352860177,28.81790652163521,49.93058769747673,-54.583806816207314,0.23380566801619435,-4.9670149036803295,-1.4159044490059642,97.46142359632105,-12.347705108492125,5.3128915955215446,13.442196195266828,371.83096236255113
3465,28.709319299999606,122.96157314978038,213.39950813190632,28.749112750606546,49.89401455310765,-82.91676136324146,0.23380566801619435,-5.035808674708992,-1.3793313046368851,98.25607500246734,-15.945340638259774,6.721508938676521,17.304120043586355,-233.29114037512002
3466,28.722270899999785,122.6183229749451,213.2630812260918,28.66885891418251,49.862117169258305,-88.5833522726483,0.23380566801619435,-5.116062511133027,-1.3474339207875374,98.85121500049347,-12.224271730009448,5.522190368121429,13.41370216572894,-416.55363684657465
3467,28.725267399999666,122.31274381441499,213.14892307751904,28.59741277442294,49.83542634707176,-89.71667045452966,0.23380566801619435,-5.1875086508926,-1.3207430986009925,91.7702430000987,-14.13665483598023,6.000309684244749,15.357367165581625,-451.11648308064355
3468,28.738653899999917,122.06143752525902,213.05595330355945,28.53865593961016,49.81368948696583,-89.94333409090594,0.23380566801619435,-5.246265485705379,-1.2990062384950605,90.35404860001974,-10.62449631840912,3.8748666457563896,11.309045651260071,-502.9165977334519
3469,28.741907799999808,121.86337039816046,212.98219663887815,28.49234672264683,49.79644476070937,-89.98866681818119,0.23380566801619435,-5.292574702668709,-1.281761512238603,90.07080972000394,-9.977584525570274,3.5047351668351796,10.575223948198477,-512.2482394468656
3470,28.754183999999896,121.62910592046296,212.92545409746367,28.4375743599463,49.78317803290902,-89.99773336363624,0.23380566801619435,-5.347347065369238,-1.2684947844382535,90.01416194400078,-7.67079055202942,3.4694087579725306,8.418896888726,-13.538399883646445
3471,28.770205899999837,121.42613825074562,212.88350509541084,28.390119368342347,49.77337011846144,-89.99954667272725,0.23380566801619435,-5.394802056973191,-1.258686869990676,90.00283238880016,-7.497879499200773,3.5377549961156958,8.290591498625222,8.798719781841607
3472,28.773241599999892,121.26631697235437,212.7701469037355,28.35275224758488,49.746866330731685,-89.99990933454545,0.23380566801619435,-5.432169177730657,-1.2321830822609172,90.3988949155652,-6.376176096491994,3.4610421584853386,7.254959299423308,27.081163650076867
3473,28.786683699999685,121.06367244377219,212.6571439647034,28.305372808209896,49.72044560308349,-89.9999818669091,0.23380566801619435,-5.4795486171056424,-1.2057623546127232,90.47810742091822,-6.352339757890579,3.545290893063145,7.274703287152941,28.058220790888146
3474,28.790312099999937,120.92984709653875,212.5808509325821,28.274083683502482,49.70260785974339,-88.00835418435594,0.23380566801619435,-5.510837741813056,-1.1879246112726207,90.49394992198881,-8.703199064805247,4.334221953683193,9.722713299558734,28.23956099574802
3475,28.802010599999903,120.71257003524309,212.50570162474708,28.223283075041657,49.68503752562407,-89.6016708368712,0.23380566801619435,-5.561638350273881,-1.1703542771533009,90.49711842220294,-6.828915332484618,3.06521117551044,7.485292523924338,-4.04051921266049
3476,28.805185899999742,120.5127105324924,212.4438158480813,28.176554790491647,49.670568280270025,-89.92033416737424,0.23380566801619435,-5.608366634823891,-1.155885031799258,90.49775212224577,-7.895913921721063,3.310881843534734,8.561973793528947,-10.128798490072809
3477,28.81805929999973,120.35095404608697,212.3124615303797,28.13873520713167,49.63985689627299,-89.98406683347486,0.23380566801619435,-5.646186218183868,-1.125173647802221,90.09955042444915,-6.495070720083061,2.6906715609741463,7.030338335237881,-4.4025097290121185
3478,28.821303499999885,120.22802018876783,212.26814452688203,28.109992574499362,49.62949532966574,-89.99681336669497,0.23380566801619435,-5.674928850816176,-1.1148120811949696,90.01991008488983,-8.87155417680755,3.7604617657295227,9.635639376997517,27.407727604005593
3479,28.83404019999989,120.13981449543414,212.16926620374198,28.089369583446647,49.60637701727166,-89.999362673339,0.23380566801619435,-5.695551841868891,-1.0916937688008943,90.4401918100688,-6.705655490626891,3.1815204480131283,7.4221215242072285,35.7670971335242
3480,28.837305699999888,119.91320565327749,212.07358180972454,28.036387151727833,49.58400546360969,-89.9998725346678,0.23380566801619435,-5.748534273587705,-1.069322215138925,90.96045791004842,-9.036816429710242,4.045503410525767,9.901017575424083,77.25855336480848
3481,28.850170199999866,119.69935167577054,211.98212912552685,27.986386879658905,49.56262330768897,-87.81892554147947,0.23380566801619435,-5.798534545656633,-1.047940059218206,91.50072084684122,-7.94769210881163,3.73814472093785,8.782911579376293,91.40739935764651
3482,28.85325339999963,119.50690540856667,211.89370275257312,27.941391851598077,49.541948720490275,-87.38273633357667,0.23380566801619435,-5.843529573717461,-1.0272654720195078,92.04498318914364,-10.4841768034133,4.796640111533993,11.529341681327967,101.24921972698893
3483,28.866044599999896,119.32012578146296,211.8030460494714,27.89772171611128,49.52075266946143,-87.29549868273097,0.23380566801619435,-5.887199709204257,-1.0060694209906629,92.63588163233554,-7.9001509138621415,3.7283345953723557,8.735723399744705,74.94161651046427
3484,28.86913659999982,119.13099198613722,211.70905084952605,27.853501162750707,49.4987760589479,-87.27805096182696,0.23380566801619435,-5.931420262564831,-0.9840928104771294,92.89006504411847,-10.084458722296104,4.705939220709594,11.12843976803158,90.62644339224889
3485,28.882698699999764,118.93929554292103,211.6214994677526,27.808681447788217,49.47830604964662,-87.04538031870817,0.23380566801619435,-5.976239977527321,-0.9636228011758519,93.26687466501265,-7.795788596845495,3.796005274895598,8.670869385115973,61.35052353872998
3486,28.885779399999592,118.74417752342558,211.53519282958464,27.763061748898085,49.458127068455525,-86.54800848256488,0.23380566801619435,-6.021859676417453,-0.9434438199847577,93.63785426497273,-9.635135380928354,5.259045352892426,10.976948202146023,79.10726350635397
3487,28.89804699999968,118.57888571996773,211.42207487975944,27.724415588373024,49.43167945063202,-85.49868822910577,0.23380566801619435,-6.060505836942514,-0.9169962021612506,94.00766782259905,-7.332801223659905,4.192718816750793,8.446825726984331,68.59444932824766
3488,28.901180999999724,118.40984670465014,211.30180778243985,27.684893308475893,49.403560321602846,-85.44060068293052,0.23380566801619435,-6.1000281168396455,-0.888877073132079,94.43069326300613,-8.813487245099175,5.132092346031765,10.198819993887708,77.79014456269127
3489,28.914096299999983,118.25573239759808,211.20370588237753,27.648860509964734,49.380623541325114,-85.42898317369549,0.23380566801619435,-6.136060915350804,-0.8659402928543471,94.8135379445934,-6.266345585408639,4.0795848924178095,7.477305657134392,57.244706467682306
3490,28.91718839999976,118.11411544192882,211.12162806971548,27.615749663042063,49.36143328350636,-84.93025311667269,0.23380566801619435,-6.169171762273475,-0.8467500350355905,95.04161895061301,-7.261049532325323,4.598919833415627,8.594934784224103,69.48809064071824
3491,28.930045399999926,118.00014751282595,211.0508232771945,27.589103315245744,49.34487872169224,-84.63378507462848,0.23380566801619435,-6.195818110069794,-0.8301954732214725,95.26910252242241,-5.14671796525007,3.029858069464123,5.972331683264476,47.17916067440812
3492,28.9332430999998,117.8890406318686,210.98582364766776,27.563125896722315,49.32968143988993,-84.35828319900773,0.23380566801619435,-6.221795528593223,-0.8149981914191642,95.56125229769738,-6.441821343333718,3.6347397132927184,7.396512353996109,66.82666742745815
3493,28.946082799999658,117.77705828418786,210.92393470220014,27.536943789116798,49.31521145365206,-84.30318282388357,0.23380566801619435,-6.2479776361987405,-0.8005282051812941,95.86214746271331,-4.645587962008884,2.7773598854120176,5.412505468436749,58.05385696605039
3494,28.949248799999623,117.65159336743369,210.85893243653635,27.507609380442496,49.30001355550597,-83.96823429732066,0.23380566801619435,-6.277312044873042,-0.7853303070352027,96.26701636082879,-5.436360595462892,3.8129433183349573,6.640222381271341,78.72999192893889
3495,28.96203949999972,117.55711297198538,210.75393293823566,27.485519328470268,49.27546407766442,-83.42577729159304,0.23380566801619435,-6.29940209684527,-0.7607808291936493,96.64943835212182,-4.1409571740098015,3.163658615206307,5.211167062237818,64.12839454393702
3496,28.965160999999625,117.47665579121411,210.6676130258187,27.466707983573343,49.255281992878665,-82.60944058405103,0.23380566801619435,-6.318213441742195,-0.7405987444078974,97.02737096205034,-5.411982220341062,4.5798969070843,7.089781888944688,66.93950191950157
3497,28.97807929999999,117.38566823552326,210.58439516929647,27.44543457733388,49.23582518634361,-82.44617324254263,0.23380566801619435,-6.339486847981657,-0.7211419378728436,97.26447970083292,-4.047900747550722,4.053804652026097,5.728772348314263,41.311656179048136
3498,28.98111609999978,117.276638616498,210.47778290487295,27.41994283442413,49.21089863464135,-82.41351977424095,0.23380566801619435,-6.364978590891408,-0.6962153861705858,97.3783302053033,-4.096340296590601,4.039123552761536,5.752783926060924,35.323726319072776
3499,28.99404269999968,117.14145770405126,210.35781471425534,27.388336770886482,49.1828493916933,-82.78269060340776,0.23380566801619435,-6.396584654429056,-0.6681661432225354,97.37498259989854,-5.357109233279798,4.645425463935272,7.090740234860525,20.90760952319537
3500,29.010289999999713,117.00461415135462,210.2295408062494,27.35634197263453,49.152858224942925,-82.85652476924112,0.23380566801619435,-6.4285794526810065,-0.6381749764721576,97.3743130788176,-5.614746645287812,4.792644930149925,7.382061048058497,20.245440148455046
3501,29.013344399999824,116.8435340615203,210.1054732752928,27.31868053462671,49.123850532988506,-82.62617861107479,0.23380566801619435,-6.466240890688827,-0.6091672845177385,97.52395868509944,-6.106295080342031,4.9353779066610315,7.851419915516372,25.49891983936444
3502,29.02602369999977,116.68437136938398,209.9838764059814,27.281467395068525,49.09542049573047,-82.44952084794738,0.23380566801619435,-6.503454030247013,-0.5807372472597052,97.71470148128257,-6.17453962330423,4.961380292988687,7.920873308632732,29.425873296017656
3503,29.029144299999643,116.53952965570049,209.86479692131957,27.247602581444145,49.06757903727209,-81.66529174283167,0.23380566801619435,-6.537318843871393,-0.5528957888013224,97.91366371544596,-8.309419897450525,6.5233439162798526,10.564112593219178,44.81750479861157
3504,29.042054899999584,116.38567396360774,209.73779804624786,27.211630248576306,49.03788598044864,-81.82897662249212,0.23380566801619435,-6.573291176739232,-0.5232027319778751,98.16381688005208,-6.404905407241694,5.106853970106124,8.191628088951706,36.83637165696326
3505,29.045100699999693,116.22096454192733,209.61201222518503,27.173120252211756,49.00847654252808,-81.8617135984242,0.23380566801619435,-6.611801173103782,-0.493793294057312,98.39809052444792,-8.397652637306141,6.475838840721866,10.604577243240614,48.99122135605602
3506,29.058035899999595,116.0656323708334,209.4784272506322,27.136802710184732,48.97724361831583,-81.37541278804422,0.23380566801619435,-6.648118715130806,-0.46256036984506466,98.51564288516303,-6.825074109779016,5.10133893329651,8.520874105180912,40.16923814941466
3507,29.061157399999956,115.89342416021323,209.3571060497186,27.09653945446281,48.948878033891695,-81.27815262596822,0.23380566801619435,-6.688381970852728,-0.43419478542092804,98.7523084171205,-8.35826401938273,6.472691110649074,10.571485592459723,46.567618887871596
3508,29.0744152999996,115.72392633729451,209.24089928464645,27.05690990274801,48.921708233556004,-81.07752993925615,0.23380566801619435,-6.728011522567527,-0.4070249850852363,99.01279658332645,-6.374162422329951,4.918446841511787,8.051153080088621,35.744472145270386
3509,29.077660199999627,115.57886404587148,209.1138175030464,27.02299351679789,48.891995792716315,-80.64564896270475,0.23380566801619435,-6.761927908517649,-0.37731254424554805,99.1794796352688,-7.799275050869096,5.730149368793858,9.677980321730242,54.28198361846391
3510,29.090059799999835,115.43444608348935,209.0138746028124,26.989227778629598,48.86862857616363,-80.55927276739448,0.23380566801619435,-6.79569364668594,-0.3539453276928626,99.46220558891899,-5.69885493798788,4.230113276594578,7.097239318006021,43.14479826572406
3511,29.09346349999987,115.28984015856764,208.919640678291,26.955418093754176,48.846596150491116,-80.54199752833242,0.23380566801619435,-6.829503331561362,-0.33191290202034907,99.80861833335997,-6.957408083728636,4.902517346156322,8.511181091534604,61.293616114270776
3512,29.10610289999977,115.16028200009113,208.83384922596923,26.92512666196463,48.82653762267095,-79.86452285771728,0.23380566801619435,-6.859794763350909,-0.3118543742001805,100.06307422209193,-5.271020856122935,3.5388676410760427,6.348798708947864,56.483353612419585
3513,29.109241799999836,115.03567024672688,208.7612004961896,26.89599172772663,48.80955193787429,-79.34546621705127,0.23380566801619435,-6.888929697588907,-0.29486868940352196,100.40958322820745,-6.179747125492457,5.295661097666587,8.13838442176158,58.346501796549056
3514,29.122600799999873,114.92023729434774,208.62759031569777,26.869002849184543,48.77831312037063,-79.37336951904501,0.23380566801619435,-6.915918576130995,-0.263629871899866,100.7745028577997,-4.666390088080421,4.518701757000002,6.495680258668072,39.6868728768648
3515,29.125802999999905,114.82071178940726,208.4814749104674,26.845733222017284,48.74415051044329,-78.82672773681682,0.23380566801619435,-6.939188203298254,-0.22946726197252332,100.87734777614979,-6.196830777110307,5.726314605983047,8.437499075368027,42.63312707673153
3516,29.13815029999978,114.69574038631666,208.34478736775355,26.816514199634767,48.71219218820959,-78.71739938037118,0.23380566801619435,-6.968407225680771,-0.19750893973882455,100.9820183223198,-4.851078776872347,5.148279220031341,7.073736228247971,22.494646717313326
3517,29.141918699999678,114.5337773969942,208.22188943837392,26.77864633472233,48.683457955733175,-79.35029826596681,0.23380566801619435,-7.00627509059321,-0.16877470726240773,101.1133969200792,-6.1210908053956965,6.139397471313191,8.669484065310145,18.272103861887075
3518,29.154174199999943,114.39994863696828,208.0897359704333,26.747356412084688,48.652559725880664,-78.82211348620118,0.23380566801619435,-7.03756501323085,-0.13787647740989684,101.23226861741426,-5.123363093376555,4.366388759608334,6.73158229442432,17.304415866497077
3519,29.15800649999983,114.26275075482312,207.9701802694638,26.715278769599333,48.62460692535035,-78.71647653024806,0.23380566801619435,-7.069642655716205,-0.10992367687958193,101.25604295688129,-6.416233577781481,5.008669109241828,8.139706356529324,36.41952057952558
3520,29.170130599999993,114.14461758982883,207.87666219383078,26.687658566042977,48.60274186920538,-78.23236925014142,0.23380566801619435,-7.097262859272561,-0.08805862073461412,101.58677041998953,-4.821444957471299,3.883897327804774,6.191202623953967,33.41023803624938
3521,29.173356799999965,114.02276481005487,207.796634420528,26.659168695468296,48.58403092220847,-78.5985276830361,0.23380566801619435,-7.1257527298472425,-0.06934767373770256,101.92246532057017,-5.773922525189438,4.955026894578515,7.608578898380853,44.67275029687336
3522,29.186585899999955,113.90536657177641,207.68340390542497,26.63172032194368,48.55755698598499,-77.69666095042558,0.23380566801619435,-7.15320110337186,-0.04287373751422052,102.18462398452418,-4.51099758222555,3.8387779200949432,5.923285836987205,49.1311950382419
3523,29.190060799999628,113.79664079150368,207.56633590067264,26.60629961825643,48.53018582293055,-77.143638983298,0.23380566801619435,-7.178621807059109,-0.01550257445978076,102.41400914749079,-6.053687119320183,5.161884989851679,7.9556385279296835,64.0830887672842
3524,29.202510699999948,113.68717632641597,207.47513347467986,26.58070620587256,48.50886217879661,-77.40568321047796,0.23380566801619435,-7.204215219442979,0.00582106967415541,102.76878022305284,-4.776903488720705,4.4926178655641404,6.557623214743138,46.91223339782331
3525,29.20556979999992,113.55644717303466,207.36498011549614,26.55014098883705,48.483107699068434,-77.08544343530849,0.23380566801619435,-7.234780436478488,0.031575549402333536,103.08092462371214,-4.668503705803438,4.410051947613422,6.422109079714341,46.31644178544629
3526,29.218158199999834,113.42470482609558,207.23288855304395,26.519338881404938,48.452223943069995,-76.82467230522576,0.23380566801619435,-7.2655825439106,0.062459305400771825,103.31001396526977,-5.018721829162364,4.302965580091974,6.610830627233395,46.79429404880983
3527,29.23520359999975,113.31295377915573,207.1170905464641,26.49321085322366,48.425149712786656,-76.13593894712915,0.23380566801619435,-7.29171057209188,0.0895335356841116,103.59702201912818,-5.202711727943136,4.328165592067149,6.767660357644363,44.04092699006614
3528,29.238479299999653,113.18592734859753,207.01423509999495,26.46351135377129,48.40110152641583,-75.99819227550982,0.23380566801619435,-7.32141007154425,0.11358172205493844,103.82108409132563,-5.324782031683329,4.419050388561527,6.919632217219599,33.192693744839495
3529,29.250165599999946,113.03719495665622,206.92232861142452,26.428736877517803,48.379613268460595,-75.97064294118596,0.23380566801619435,-7.356184547797735,0.13506998001017223,103.99321233218114,-5.379583684800417,4.412106783102969,6.957485672804081,32.2338940277275
3530,29.25325359999988,112.89716952773827,206.80513278151824,26.395998138570388,48.35221221916064,-75.96513307432119,0.23380566801619435,-7.38892328674515,0.16247102931012591,104.14080890930731,-7.273414977335575,6.157202807691021,9.529622859671187,41.573259451889896
3531,29.266140899999755,112.74719582431737,206.6718184736999,26.360933436657202,48.32104257836506,-75.96403110094823,0.23380566801619435,-7.423987988658336,0.19364067010570807,104.31355606897083,-6.002508512373987,5.18260059381911,7.930287343859388,30.59338474246936
3532,29.269284199999674,112.59928407876001,206.53315847584685,26.32635083217972,48.2886230849399,-75.39795606149825,0.23380566801619435,-7.458570593135818,0.22606016353086744,104.51326465007345,-7.93696652322941,6.798031021585735,10.45029489350929,42.3417716921112
3533,29.282850399999916,112.44192001871343,206.38993482159844,26.28955822299879,48.25513658278263,-75.13445647719223,0.23380566801619435,-7.495363202316749,0.2595466656881342,104.69643421053227,-6.459801359662308,5.567811120306465,8.528162420926522,36.71464792113834
3534,29.286003399999572,112.27135532511292,206.25621325862227,26.249679230871546,48.22387172342282,-74.97210003567282,0.23380566801619435,-7.535242194443992,0.2908115250479497,104.9280882642256,-8.619986373171875,7.15775315833458,11.204356088116686,47.343075603703866
3535,29.29814019999958,112.10440842661515,206.11489941450907,26.21064609974504,48.190831745699995,-75.04928527202715,0.23380566801619435,-7.574275325570497,0.323851502770772,105.16671231837246,-6.86780319928078,5.663054587707358,8.901511559696177,37.37821311573994
3536,29.301295299999765,111.92193798311862,205.97498339854914,26.167983475810125,48.15811858812232,-74.80576083248161,0.23380566801619435,-7.616937949505413,0.3565646603484467,105.37667345732683,-7.540265551611221,6.781927645583934,10.141506159281791,46.466717822234145
3537,29.314591599999858,111.79448939385094,205.81345562746932,26.13818527325867,48.120352479701836,-74.20483579076391,0.23380566801619435,-7.646736152056867,0.39433076876893125,105.55897070831107,-5.329410308646691,5.155845733521282,7.415211356784055,36.26520413841959
3538,29.317962499999794,111.70691168562094,205.69721080017788,26.11770910868263,48.093173780203536,-74.08465078242037,0.23380566801619435,-7.667212316632909,0.42150946826723157,105.75766648663291,-5.5616298209749795,6.010580492316176,8.188944017403584,43.83624923857186
3539,29.330017599999792,111.6247412270693,205.60514986801323,26.098497189729766,48.07164941246059,-74.06061378075165,0.23380566801619435,-7.686424235585772,0.44303383601018,106.02846536519768,-2.938782046810502,4.182188541513116,5.111471501966858,33.91588726362007
3540,29.333056299999953,111.56785217688451,205.5142253942494,26.085196207348506,48.050390755133215,-74.05580638041792,0.23380566801619435,-7.699725217967032,0.4642924933375525,106.20324052787352,-2.6709074276439546,4.366736437695052,5.118801969537142,51.40836785473488
3541,29.346047199999703,111.54520706277582,205.44608411955844,26.07990165131702,48.03445893888462,-73.4517664396578,0.23380566801619435,-7.705019773998519,0.4802243095861485,106.42336844248877,-1.4771873180607829,2.9268770843706937,3.2785197634990553,44.8329597481892
3542,29.34917829999995,111.5331313707965,205.39568927329782,26.077078286087037,48.02267633819008,-73.3309599773847,0.23380566801619435,-7.707843139228501,0.4920069102806863,106.74015052565596,-1.0690355110743566,3.2903126656779706,3.459623442205652,62.82992264274745
3543,29.36207229999991,111.52729720121962,205.34807164083423,26.075714224171797,48.01154306582258,-72.98401120934413,0.23380566801619435,-7.709207201143741,0.5031401826481883,107.07626344253353,-0.14332049067731661,2.020900859885625,2.025976566630139,58.04291091155673
3544,29.365139799999724,111.53316287757542,205.30080498906597,26.07708565255053,48.00049185473101,-72.4767033649157,0.23380566801619435,-7.707835772765009,0.5141913937397575,107.42119842825281,0.348805571560989,2.5267373155569297,2.5506992744304116,90.40530595808296
3545,29.378015199999936,111.54700608194268,205.26507017426843,26.0803222721951,47.99213685248584,-72.37524179603002,0.23380566801619435,-7.704599153120437,0.522546395984925,107.85357196104118,0.6159741376023842,1.93460397949328,2.030299656618755,77.54122605282632
3546,29.381077099999857,111.5738929389427,205.21588759971945,26.086608571756848,47.98063768778866,-71.72709151106147,0.23380566801619435,-7.69831285355869,0.5340455606821095,108.40090726330199,1.1227059945810023,2.6062927734324357,2.8378214833062096,102.42551184132547
3547,29.394176499999958,111.5982156663763,205.17093051809394,26.092295363292436,47.97012646728715,-71.16909231344277,0.23380566801619435,-7.692626062023102,0.5445567811836156,108.88365130129321,1.09259574689741,2.113656938743958,2.379350987315404,85.29275512937029
3548,29.39729849999958,111.6306349255052,205.11455574964066,26.09987516982966,47.95694572688967,-70.24733469804012,0.23380566801619435,-7.685046255485879,0.557737521581096,109.3534773916063,1.039455078556108,2.846438712632808,3.0302937489805837,101.61532106532525
3549,29.41005479999967,111.64681354705013,205.05238542788868,26.103657823247552,47.94240995328167,-70.06298317495958,0.23380566801619435,-7.681263602067986,0.572273295189099,109.69514799296971,0.5733473843409153,2.27649681063998,2.3475870488619948,68.37710344796275
3550,29.413150699999733,111.64662388847151,204.99527790604444,26.103613479996884,47.929057890988126,-70.02611134446458,0.23380566801619435,-7.681307945318654,0.5856253574826411,110.0517777065041,0.3910360889911683,2.685289837594812,2.7136121194421805,71.72377406476075
3551,29.42612229999986,111.63122994672725,204.945020800974,26.100014289163962,47.91730749496457,-70.01873850424448,0.23380566801619435,-7.684907136151576,0.5973757535061992,110.21477448661332,-0.12656616993318015,1.9875180800089107,1.991543902035268,44.809520536660536
3552,29.429332399999566,111.62467493358122,204.90594056401304,26.098481689936502,47.90817031405568,-69.38594374577077,0.23380566801619435,-7.686439735379036,0.6065129344150861,110.38679004136563,-0.16759244421488922,1.8674446783898067,1.8749498271165363,42.26261050642424
3553,29.442092399999638,111.61593512133476,204.86593521424544,26.09643827229588,47.89881683652905,-69.432350797494,0.23380566801619435,-7.688483153019657,0.6158664119417168,110.58989798630047,-0.22398141432866053,1.629304074666802,1.6446274476885367,32.84416013895751
3554,29.458400399999846,111.6223103489372,204.82833072738947,26.097928836644225,47.89002469435928,-69.20290540119802,0.23380566801619435,-7.686992588671313,0.624658554111484,110.81902390878352,-0.1900667582148154,1.5824542086301576,1.5938276867307795,34.15845053361213
3555,29.461491199999728,111.61839382563763,204.7870578100212,26.097013131297867,47.88037485234302,-69.01057161979038,0.23380566801619435,-7.687908294017671,0.63430839612775,111.02951339992076,-0.03280822295973718,1.5193405116606429,1.5196946962686289,44.74821987846587
3556,29.474103099999866,111.61257384398264,204.750830156851,26.095652386599184,47.8719046216929,-68.87310889182918,0.23380566801619435,-7.689269038716354,0.6427786267778686,111.27086880547242,-0.028611383826103867,1.4882824544129967,1.4885574477990489,45.60758907470931
3557,29.47720759999993,111.61667495513629,204.71722566665414,26.09661124963207,47.86404770141408,-68.3334962900846,0.23380566801619435,-7.688310175683469,0.6506355470566874,111.60160540171948,0.662672069100652,2.2229414180547042,2.3196126442294625,58.74458256024736
3558,29.490069199999652,111.60901988929677,204.68544426456393,26.094821451849754,47.856617029467884,-68.22557376973568,0.23380566801619435,-7.6900999734657844,0.6580662190028832,111.86159488405484,0.8259604103557546,1.7949717242419545,1.9758881775807005,48.455948287207235
3559,29.49316719999979,111.65602961526852,204.62962827805504,26.105812592233836,47.84356693545619,-67.54922241996276,0.23380566801619435,-7.679108833081703,0.6711163130145792,112.10861353247503,1.1878003065412956,2.3695322926795575,2.650575947651913,61.529033036449604
3560,29.506047099999705,111.68468497034544,204.5755169633126,26.112512376669837,47.8309154033656,-67.71062420811364,0.23380566801619435,-7.672409048645701,0.6837678451051659,112.32317686909265,1.2111245464748406,2.0094498809124297,2.3462121581333744,42.35559412412281
3561,29.509200399999827,111.70763021170256,204.52771407969533,26.11787710415313,47.819738818228366,-67.6380156497282,0.23380566801619435,-7.6670443211624075,0.6949444302424013,112.58963873075214,1.6360322130457992,2.718168647232339,3.172545066176432,53.695160463743576
3562,29.52287649999971,111.73251820966392,204.48499019594922,26.123696059142073,47.80974973204886,-67.26067960699643,0.23380566801619435,-7.661225366173465,0.7049335164219102,112.73552692827934,0.9730416680892512,1.957202954354192,2.1857386605838056,41.888409810131236
3563,29.52612739999995,111.76012349467672,204.42768599503222,26.130150331245268,47.796351685073326,-66.89326446143835,0.23380566801619435,-7.65477109407027,0.7183315633974416,112.98556089102696,1.2156956997341914,2.1146787063928825,2.4392175109292076,49.56828458727964
3564,29.538198499999908,111.77214604700902,204.4066422629182,26.13296127212458,47.79143154122885,-66.81978143232674,0.23380566801619435,-7.651960153190959,0.7232517072419142,113.23544622361555,0.9289460895101721,1.4908307577865456,1.7565640283173984,36.32354778228996
3565,29.541418599999815,111.7960199864837,204.38226969658893,26.138543134491634,47.78573309707697,-66.4604543943755,0.23380566801619435,-7.646378290823904,0.7289501513937964,113.41273896396139,1.0195745508300318,1.8122510080433654,2.0793715350688187,44.319232587432495
3566,29.554259499999716,111.81071459134749,204.35891886457694,26.141978816398048,47.78027354019967,-66.38858898678527,0.23380566801619435,-7.64294260891749,0.7344097082710945,113.64745593488213,0.6250944978357957,1.125290468429438,1.287253576247792,33.475515866725985
3567,29.55843769999956,111.82641598304195,204.31714670833173,26.145649890771956,47.770506973304286,-66.3742159052672,0.23380566801619435,-7.639271534543582,0.7441762751664811,113.85906424605847,0.4218222794440382,1.3836252605763175,1.4464967670687159,43.839019547780055
3568,29.570085199999994,111.82706259866576,204.28294573470012,26.14580107316983,47.76251059181754,-65.71967960683469,0.23380566801619435,-7.6391203521457065,0.7521726566532294,114.12338847177028,0.04754285813452829,1.1911245359361695,1.1920729774089986,37.58667395447492
3569,29.573875499999758,111.81436109339202,204.2553982989094,26.142831389244492,47.75606984519036,-65.76173987644506,0.23380566801619435,-7.642090036071046,0.7586134032804068,114.39825588038923,-0.17669862229705635,1.7484740362705047,1.7573798276507409,55.94188096434305
3570,29.58675359999961,111.80676257559409,204.2109404865926,26.141054812714813,47.74567535668309,-65.13883326581636,0.23380566801619435,-7.643866612600725,0.7690078917876804,114.70470854912472,-0.4284516348557966,1.6230922520590807,1.6786897456364065,53.583847541324054
3571,29.59039419999999,111.79347035276083,204.1609275654958,26.137947015675866,47.733982052256614,-65.01425194369062,0.23380566801619435,-7.646974409639672,0.780701196214153,115.1053743880476,-0.6239871253803286,2.9495680393644887,3.0148485121944155,66.06072424115247
3572,29.60208109999985,111.7744688912908,204.07542247364933,26.133504366283578,47.71399047713866,-64.8419525615897,0.23380566801619435,-7.65141705903196,0.800692771332109,115.55947636686733,-0.5226125418699226,3.0663357518886993,3.1105528145701973,56.792540847173704
3573,29.606060099999922,111.75805127433637,203.95086626904708,26.129665834384316,47.68486853051607,-63.71635041222029,0.23380566801619435,-7.6552555909312225,0.8298147179546973,115.89800184075628,-1.5759597538572296,4.729818663146761,4.985462238552124,68.3923223971886
3574,29.618108899999697,111.74379596067394,203.83320988391216,26.126332861250688,47.65735980079323,-63.491229982346404,0.23380566801619435,-7.65858856406485,0.8573234476775369,116.21341201365907,-1.9737245168479087,4.658536367338521,5.059402094538652,50.02167488374204
3575,29.621548099999927,111.66429486114016,203.69899079495264,26.107745053566173,47.62597861703853,-63.44620589637163,0.23380566801619435,-7.677176371749365,0.8887046314322404,116.49472250282946,-3.731202554865063,6.619669032057676,7.598808498667076,52.62713573895221
3576,29.634140899999693,111.5111989136493,203.545192950203,26.0719503532925,47.590019809207384,-63.437201079176674,0.23380566801619435,-7.712971072023038,0.9246634392633837,116.72393229353465,-4.040238568222436,5.835450356413625,7.097605832273301,39.60162278782943
3577,29.63762269999961,111.37467739870041,203.37369447778514,26.04003084929129,47.54992249429997,-63.435400115737686,0.23380566801619435,-7.744890576024247,0.964760754170797,116.9045783288241,-5.866607447847383,7.706110831518098,9.685103360046238,52.26675996411494
3578,29.650117899999714,111.2405428237962,203.19210602301075,26.008669425401745,47.50746608432742,-62.570301458694416,0.23380566801619435,-7.776251999913793,1.0072171641433485,117.1538633586359,-5.364430211538687,6.509102883592214,8.434781078585114,41.4742512440437
3579,29.653369699999985,111.10968862342952,203.03026527528394,25.97807497167229,47.469626800192906,-62.587999805899045,0.23380566801619435,-7.806846453643249,1.0450564482778617,117.44491055014514,-6.808614330874303,8.042107803393558,10.537206794401943,59.51376988008879
3580,29.666256299999986,110.95019170236617,202.85722528488543,25.940783687496545,47.42916906964427,-62.19978074731263,0.23380566801619435,-7.844137737818993,1.0855141788265001,117.80358049870088,-5.5480012133346115,6.3306044728429836,8.417652312535955,54.08012872229275
3581,29.670016099999884,110.78836350786693,202.6880459452448,25.902947338377796,47.38961398112505,-61.981965121630495,0.23380566801619435,-7.881974086937742,1.1250692673457152,118.21113998890033,-5.3976669101521475,6.147595089892299,8.180937199503449,54.73703583949438
3582,29.682889099999556,110.63065029469135,202.52514182688736,25.866073095216297,47.351526074909906,-61.64205037295892,0.23380566801619435,-7.918848330099241,1.1631571735608617,118.529292817116,-5.649374695446296,6.383551230084735,8.52438623929402,55.503311705701535
3583,29.698350599999685,110.51438063702733,202.36095693499334,25.83888859023615,47.31313871658245,-60.532504007697256,0.23380566801619435,-7.946032835079389,1.2015445318883167,118.88854075336461,-5.517876675850129,6.502160014059453,8.527898208722036,56.47282175261702
3584,29.70152619999999,110.36949901362695,202.18688458897293,25.80501444549375,47.272439615438,-60.99723566482071,0.23380566801619435,-7.979906979821788,1.2422436330327642,119.18493471317291,-5.500611402025964,7.2695256532068715,9.116069823050436,41.7800771218963
3585,29.714148999999907,110.24876398985694,201.98536937112019,25.776785912608254,47.22532421531252,-60.40354106606961,0.23380566801619435,-8.008135512707284,1.2893590331582487,119.5974520305252,-5.289928988097413,7.390174315367102,9.088345565097365,42.341760889458506
3586,29.717594899999767,110.10171889053063,201.77376620142263,25.74240593493176,47.17585019486704,-60.49999532258893,0.23380566801619435,-8.042515490383778,1.3388330536037287,119.71783635337067,-6.708025404970321,9.366636180576172,11.52091481493574,58.077736764583804
3587,29.730544899999586,110.00140857395101,201.57647530279706,25.718952814354946,47.12972246452037,-59.57946378619748,0.23380566801619435,-8.065968610960592,1.3849607839503975,120.0742612404007,-5.041685685338768,7.41581075029308,8.967320872697277,51.432849032170054
3588,29.733889199999794,109.87483906670553,201.3996081750645,25.689360146162937,47.088369927570746,-59.93058239346997,0.23380566801619435,-8.095561279152601,1.4263133209000216,120.41509516800201,-6.037290868473497,9.291981100190435,11.08105562646672,85.10012663038648
3589,29.746240399999806,109.7514722941422,201.23784912628565,25.660516295492762,47.05054974511335,-59.21511122967056,0.23380566801619435,-8.124405129822776,1.4641335033574165,121.15753014199885,-4.158249974399401,7.057111618188449,8.191084619338456,89.46528591702189
3590,29.74939829999994,109.65403170878946,201.06073257576088,25.637734134342477,47.00913889170118,-58.699371428063024,0.23380566801619435,-8.147187290973061,1.5055443567695903,121.7923208477357,-3.9886055395374003,9.017542105506738,9.86027584678113,114.78610507629517
3591,29.76208839999981,109.62245034052745,200.88797061952616,25.630350231439113,46.96874616711594,-56.7878204526048,0.23380566801619435,-8.154571193876425,1.545937081354829,122.51262768273074,-2.3600699173919035,7.171844735453623,7.550184562276082,101.46654090388628
3592,29.76516169999968,109.60979425627444,200.71230332382686,25.627391167205868,46.927674157696366,-56.40551025751315,0.23380566801619435,-8.15753025810967,1.5870090907744014,122.98630696965162,-3.1191024768643762,8.810439571662043,9.346263729806148,103.50248058163712
3593,29.77808509999977,109.57077017356568,200.53893093349578,25.618267115479426,46.88713871015944,-56.32904821849482,0.23380566801619435,-8.166654309836112,1.6275445383113265,123.44272343006313,-1.9997462622342717,6.741118658991886,7.031476792817317,66.50224192068997
3594,29.781246799999735,109.48786924016876,200.38673163474112,25.598884407367393,46.851553651442515,-56.846714795066156,0.23380566801619435,-8.186037017948145,1.6631295970282522,123.6649594809345,-3.2938233118330214,8.63074175638199,9.237909681033385,81.81969406163233
3595,29.794063199999982,109.39920043382149,200.2350648666931,25.578153137867172,46.81609310142319,-56.41728912600542,0.23380566801619435,-8.206768287448366,1.6985901470475753,123.87022090009314,-3.4661883831772715,6.540242380525736,7.401974892128317,57.397023510219505
3596,29.797175499999867,109.30532455303545,200.06692585412446,25.556204424849383,46.776781247269994,-55.67664019824796,0.23380566801619435,-8.228717000466155,1.7379020012007729,124.28524168978426,-3.9080674140535274,8.217185224189477,9.099182596333852,75.14946951597184
3597,29.81073209999977,109.19952678645222,199.89810200796472,25.53146830735877,46.737309275141556,-55.37920316171991,0.23380566801619435,-8.253453117956767,1.7773739733292118,124.71924133112091,-3.1013213406209466,6.693402356125157,7.376979677264449,65.34124198899035
3598,29.8144456,109.15322184553884,199.71511082913963,25.520641949716065,46.69452490033528,-54.2539442700393,0.23380566801619435,-8.264279475599473,1.820158348135486,125.18000976524762,-4.0925560141612225,8.755210486675681,9.664508543896218,78.71825653548186
3599,29.826531799999884,109.04483431575483,199.52714730567357,25.49530033091029,46.65057796316862,-54.67671658838286,0.23380566801619435,-8.289621094405248,1.864105285302145,125.43682836906515,-3.1465319496974784,6.945528663161231,7.625026670199997,55.08545293656672
3600,29.82972259999997,108.95512108504222,199.34869814233636,25.474324869073637,46.608855537327635,-54.113446955371884,0.23380566801619435,-8.3105965562419,1.9058277111431323,125.70134760740679,-4.453988119267413,9.182497465715583,10.205697912168887,68.25044873679965
3601,29.84208439999975,108.83234525844317,199.1592723139044,25.445619184919405,46.56456670497158,-54.39254717916032,0.23380566801619435,-8.339302240396133,1.9501165434991847,125.88905614257511,-4.184545142103191,7.592753813365325,8.669505667376491,46.455803523548404
3602,29.845170199999757,108.72198325674947,198.9732249083101,25.419815923389805,46.52106776702392,-54.05660697001176,0.23380566801619435,-8.365105501925733,1.9936154814468452,126.19096735644472,-5.16190140011596,9.68834591596584,10.977671549647088,62.80485775143476
3603,29.858091299999614,108.63531835447057,198.77578837429434,25.39955317801893,46.474905986297564,-53.31540159419767,0.23380566801619435,-8.385368247296608,2.039777262173203,126.38615428671864,-4.059782048979289,7.731586461617526,8.732654779543383,53.716880248124106
3604,29.861214199999722,108.5420407244819,198.58726908454037,25.37774433942846,46.4308291078227,-53.16716051903485,0.23380566801619435,-8.407177085887078,2.0838541406480644,126.70779482218748,-4.5982978687510405,9.202124437198641,10.287051931795075,75.32578457080191
3605,29.874174899999616,108.48310730331286,198.40477854432845,25.363965371523555,46.38816178516182,-53.137512304002286,0.23380566801619435,-8.420956053791983,2.126521463308947,127.193311894125,-2.9449939395423366,6.826635434727899,7.434779126687198,60.6933188445371
3606,29.877286899999945,108.4163605508038,198.25922609970516,25.348359602465262,46.35413079861528,-52.784344501816086,0.23380566801619435,-8.436561822850276,2.160552449855487,127.57680080655936,-2.4087940086781714,7.496859328036316,7.874337328347635,80.12640920690518
3607,29.890105199999653,108.41112939856521,198.13756806057083,25.347136529421626,46.32568645950594,-51.62902161032416,0.23380566801619435,-8.437784895893913,2.188996788964829,127.89311223650718,-1.0561761756562904,4.971484485108282,5.082437023682271,66.8279612123019
3608,29.89321949999976,108.42595205789326,198.04534401099232,25.350602151187594,46.30412395398707,-51.39795703202577,0.23380566801619435,-8.434319274127944,2.2105592944836943,128.24275941019204,-0.8779074676887463,4.610111536854664,4.6929574794647495,62.68848383550103
3609,29.90610069999957,108.4138076555866,197.96340814630275,25.347762721093627,46.284966884408846,-51.58560336929578,0.23380566801619435,-8.437158704221911,2.2297163640619218,128.7129482443431,0.4319245912237609,3.9889047834198523,4.012221357763501,57.59164055357522
3610,29.922646299999997,108.40165061384782,197.85830656538428,25.344920335828792,46.260393539072645,-51.38927643557791,0.23380566801619435,-8.440001089486746,2.2542897093981225,128.99030754437644,0.4962680981134323,3.8907095291718483,3.922231847506436,58.917501589424916
3611,29.925794499999938,108.42231206752446,197.75288383128748,25.349751100807847,46.23574510630305,-50.4334003310609,0.23380566801619435,-8.435170324507691,2.2789381421677177,129.29802793953934,0.30791819947673216,3.9952852904430993,4.007133410506817,66.97851611386561
3612,29.939177099999597,108.43526513541138,197.6539726057711,25.352779601498007,46.212619101146885,-50.2422251101575,0.23380566801619435,-8.432141823817531,2.3020641473238825,129.71698168654066,0.29892363014984663,4.132685807688081,4.143482511333727,68.05100686681449
3613,29.94237529999964,108.43760504117706,197.55211162068105,25.353326684728646,46.18880342548312,-49.85935505621119,0.23380566801619435,-8.431594740586892,2.3258798229876447,130.20495212344093,0.07946550006343289,5.348349269894497,5.348939584486006,86.12738612374848
3614,29.95413929999995,108.42425111380989,197.44271540517025,25.350204460819924,46.16322597023718,-49.490834634289115,0.23380566801619435,-8.434716964495614,2.351457278233589,130.69744489246162,-0.14358851952964047,4.209361478804306,4.211809791785746,74.30436108830357
3615,29.95778829999972,108.40444458387239,197.32467192380233,25.345573581856804,46.135626735220995,-48.94942425107658,0.23380566801619435,-8.439347843458734,2.379056513249772,131.08841781150014,-0.6415789456070993,5.887963217406202,5.922814735661982,98.04113093185713
3616,29.970055499999944,108.42643806552377,197.21268348388026,25.350715782526308,46.10944320321492,-47.9709364859575,0.23380566801619435,-8.43420564278923,2.4052400452558444,131.56229659940942,-0.6930906989294022,5.069123236302339,5.116286260732754,72.45702782765643
3617,29.973117000000002,108.3967973520743,197.0801560394271,25.343785615717778,46.07845753553407,-48.287360514964945,0.23380566801619435,-8.44113580959776,2.4362257129366967,132.02149008160063,-1.3205654501548367,6.9132025374865,7.038200226794662,93.32564469721719
3618,29.986109299999953,108.39199070459573,196.8938678977962,25.342661794293132,46.034902312136566,-47.489961116664865,0.23380566801619435,-8.442259631022406,2.479780936334201,132.34182914424983,-1.4027319994946126,5.984741924279339,6.1469336227612645,81.38947728745259
3619,29.989530999999715,108.34219170691065,196.72711001033773,25.331018506372835,45.99591337286237,-47.19486722333297,0.23380566801619435,-8.453902918942703,2.518769875608399,132.8421072839281,-1.9654439832869062,7.61034307719015,7.860044007763236,99.57977921110266
3620,30.002987200000007,108.24550771981848,196.55898621230122,25.30841324218428,45.95660507595302,-47.34772893783066,0.23380566801619435,-8.476508183131259,2.558078172517746,133.48079755541843,-1.5963340830561004,6.171435166243533,6.374550534419969,77.3664344827198
3621,30.006801300000006,108.2064479596177,196.39157379306553,25.299280848857986,45.91746310343942,-45.46954578756613,0.23380566801619435,-8.485640576457552,2.5972201450313506,133.97503341245087,-2.343639983653066,8.88224364687058,9.18623429786929,101.05166453663766
3622,30.018059999999878,108.18631467239955,196.25064918557106,25.294573572190583,45.88451413144425,-45.093909157513224,0.23380566801619435,-8.490347853124955,2.6301691170265187,134.41325558385736,-1.8592560239290208,7.428398807341054,7.6575414986418675,73.2820197581433
3623,30.021340599999803,108.13267257068777,196.01342981348262,25.28203174476607,45.82905089768673,-45.01878183150264,0.23380566801619435,-8.502889680549469,2.68563235078404,134.88265111677146,-2.1728623106182745,10.724240047300311,10.942150392542828,64.9288324531682
3624,30.034097199999906,108.07915622555768,195.78834585669097,25.269519319943143,45.776424992809325,-45.00375636630053,0.23380566801619435,-8.515402105372395,2.7382582556614423,134.9765302233543,-1.968875952853946,9.672937113106208,9.871280814151424,39.068473919757835
3625,30.03739209999958,108.0333846374441,195.51494611383094,25.258817663208085,45.71250258329449,-45.00075127326011,0.23380566801619435,-8.526103762107454,2.80218066517628,134.99530604467085,-2.852954602426669,12.277511379759988,12.604627548787132,31.3248516225283
3626,30.050829299999805,107.95439298858466,195.22724727064525,25.240348967978804,45.645236963075966,-45.00015025465202,0.23380566801619435,-8.544572457336734,2.869446285394801,134.99906120893417,-2.347101607538437,9.711507290036957,9.991109037566876,6.048753530573958
3627,30.054495199999565,107.87852897224383,194.97717238284685,25.222611530959846,45.58676803688019,-45.000030050930405,0.23380566801619435,-8.562309894355693,2.92791521159058,134.99981224178683,-2.940349519570368,11.285407902553786,11.662164757207863,7.086962283398236
3628,30.066180799999984,107.81386670961369,194.77343356812383,25.207493127450167,45.53913274720305,-45.000006010186084,0.23380566801619435,-8.57742829786537,2.975550501267719,135.19498197960738,-2.5879210839437023,8.004061555358215,8.412035242358636,6.069172516530776
3629,30.069290999999794,107.76136043045518,194.61387154510714,25.195216861776466,45.50182624182161,-45.00000120203722,0.23380566801619435,-8.589704563539073,3.0128570066491562,135.23401592717147,-4.112391463720871,9.63300315290962,10.474087707044035,6.113306583461344
3630,30.082099499999913,107.67996413105129,194.44986986381585,25.176185945620293,45.46348171917152,-44.024902584157445,0.23380566801619435,-8.608735479695245,3.0512015292992487,135.24182271668428,-3.5549808898166635,6.9786392969653335,7.831940727821584,6.077178214750711
3631,30.085221399999682,107.55983401982337,194.27427547986997,25.14809884471579,45.42242675693316,-44.80498051683149,0.23380566801619435,-8.636822580599748,3.0922564915376043,135.24338407458686,-4.724668334976013,7.855483036889569,9.166848128903673,-9.666200987109079
3632,30.09811019999961,107.44674599580057,194.12667052402023,25.12165822371451,45.38791588162822,-44.9609961033663,0.23380566801619435,-8.66326320160103,3.12676736684255,135.24369634616738,-4.213666223227794,5.750330890804293,7.128905132943549,-9.916067229313338
3633,30.101253899999847,107.35071352226558,194.01291076454999,25.09920528708841,45.36131820507191,-44.99219922067326,0.23380566801619435,-8.685716138227129,3.153365043398857,135.04873926923347,-5.933869692213612,7.083101458882576,9.24019132924182,10.472594179832328
3634,30.114356399999906,107.27270073469236,193.93058059641095,25.08096545517605,45.34206894511228,-44.99843984413465,0.23380566801619435,-8.70395597013949,3.172614303358486,135.1968102317764,-4.4861825903944315,4.895768549044779,6.640360225181621,16.597573661812234
3635,30.11772639999981,107.12731252803344,193.79138004290155,25.046972868396484,45.30952306671079,-44.99968796882693,0.23380566801619435,-8.737948556919054,3.205160181759979,135.54241319381623,-4.2512840223446915,4.682784088239847,6.324704155588273,21.239193005541757
3636,30.130099399999835,107.0342600015152,193.6742167758621,25.02521666027329,45.282129630793676,-44.06462570411695,0.23380566801619435,-8.759704765042247,3.232553617677091,135.927523166107,-3.596059809902768,4.282135999834846,5.591809624574098,56.261099447920316
3637,30.148022599999877,106.96703439124794,193.5505923104206,25.00949893155696,45.25322553006798,-43.23298129316714,0.23380566801619435,-8.77542249375858,3.261457718402788,136.3439207709167,-3.661911656963936,4.5390075830200685,5.831996812595326,62.52398005589237
3638,30.153021299999637,106.8843786844819,193.4125351625661,24.990173558821176,45.22094698638944,-43.06664935921937,0.23380566801619435,-8.794747866494362,3.2937362620813246,136.9092455799646,-2.377903907356158,4.093892779622754,4.734383284406428,55.468992955972496
3639,30.164712299999792,106.79830605112537,193.27485238805363,24.970049289281338,45.188755973320234,-42.91645182008606,0.23380566801619435,-8.8148721360342,3.3259272751505335,137.40746190896166,-2.2582293907829727,4.398675539756013,4.944486473380617,55.76291477196666
3640,30.16950269999961,106.72317804476376,193.1225804371013,24.952483935567237,45.1531539281077,-42.17306392358752,0.23380566801619435,-8.832437489748301,3.3615293203630685,137.7297498280814,-2.426832307492301,6.20648811520714,6.664083565869795,69.88112629011057
3641,30.180508199999622,106.66857603584914,192.94663403139447,24.93971767639793,45.11201666118636,-41.573544059131564,0.23380566801619435,-8.845203748917609,3.4026665872844077,138.08847010721783,-1.8543978870910407,5.889913127203217,6.174938717886072,54.98825510203043
3642,30.18556069999977,106.6314079249779,192.71645205643262,24.93102756140678,45.05819881076512,-41.6215416975685,0.23380566801619435,-8.853893863908759,3.4564844377056474,138.5625127470295,-1.6460314799101508,7.5079781288942975,7.686296586576029,63.28587056212866
3643,30.196120399999927,106.58606700809995,192.49629746235036,24.920426598047662,45.00672541882888,-41.27304796353714,0.23380566801619435,-8.864494827267876,3.5079578296418887,138.97043406796058,-0.9546230547340645,7.0689674170245445,7.133134340497483,59.57274959326868
3644,30.201150699999744,106.57144732453474,192.26299419590987,24.917008433165513,44.9521777927684,-40.54623862102774,0.23380566801619435,-8.867912992150025,3.5625054557023645,139.393499655389,-0.7605046462852458,9.508093520935667,9.538459504546855,85.79845452904314
3645,30.21177579999994,106.56191586250576,192.0250075821806,24.914779923318655,44.89653517356652,-40.133457318932116,0.23380566801619435,-8.870141501996883,3.618148074904248,139.91107236760124,-0.42699265777028,8.133355750065778,8.144556371400334,75.12769544404071
3646,30.215162399999826,106.55917250810691,191.79421576273265,24.914138511510828,44.842574738047816,-39.45821612198955,0.23380566801619435,-8.87078291380471,3.6721085104229516,140.4655372274265,-0.35666892851328247,9.8657429654792,9.872188054604162,101.49302532124952
3647,30.228459799999655,106.55619212910193,191.57934465113237,24.913441682006628,44.79233665426273,-39.03367813650729,0.23380566801619435,-8.87147974330891,3.722346594208034,141.00367751384468,-0.2702753146780895,8.627467045942318,8.631699506733595,94.34407715989751
3648,30.232057699999586,106.54615443181162,191.37104008124012,24.911094811486322,44.74363386514825,-38.500723664410835,0.23380566801619435,-8.873826613829216,3.77104938332252,141.61696353011268,0.08931856642383626,10.437792108217682,10.4381742608887,107.42938553122713
3649,30.24259929999971,106.5349932740906,191.16127579789793,24.908485269549523,44.69458978675549,-37.85553718893686,0.23380566801619435,-8.876436155766015,3.820093461715274,142.126741705046,0.16389142135890242,7.975572715184312,7.977256454018982,79.78547646348241
3650,30.24586539999973,106.55717971500702,190.96167515064636,24.91367258518889,44.64792202408837,-37.06702723759206,0.23380566801619435,-8.871248840126647,3.866761224382394,142.49953046991544,-0.4090726069401567,10.230686487070216,10.238861577073397,83.8170182161763
3651,30.258184099999653,106.566846198283,190.77081811017135,24.915932663768597,44.60329856624452,-36.9093252473231,0.23380566801619435,-8.868988761546941,3.911384682226249,142.8137018703503,-0.4159292999821919,8.175486158830765,8.186059559752609,50.33025105907718
3652,30.261395999999877,106.5267709062602,190.56401952998425,24.90656283334626,44.554947886059075,-37.16973431215993,0.23380566801619435,-8.878358591969278,3.959735362411692,143.00843068168726,-0.7699582096241968,9.049694380708,9.082389775207055,41.08130411394266
3653,30.274279899999783,106.4889372181422,190.38435205046483,24.897717102622316,44.51294061098925,-36.92986666223668,0.23380566801619435,-8.887204322693222,4.00174263748152,143.04737644395465,-1.1329836527314678,6.63351334761958,6.729572890637552,19.225890881743737
3654,30.277964499999598,106.4571399289252,190.24214895621972,24.890282716175832,44.479692721545305,-36.881893132252024,0.23380566801619435,-8.894638709139706,4.034990526925462,143.05516559640813,-1.233890066832317,7.148700897746178,7.2544061936497926,14.863121951809536
3655,30.290294999999787,106.44517373040024,190.12572278592992,24.88748495113609,44.45247162302613,-36.87229842625509,0.23380566801619435,-8.897436474179447,4.06221162544464,143.11511331947693,-0.6525230327709227,4.352643142406868,4.401282612311791,2.7752965339429165
3656,30.293544399999973,106.44071161497311,190.03957888984186,24.886441683257885,44.43233069185574,-36.87037948505571,0.23380566801619435,-8.898479742057653,4.082352556615028,143.1271028640907,-0.48692481217771144,4.207108897872219,4.2351931539505845,2.2004419155135158
3657,30.30628779999961,106.44014540252257,189.98107849931594,24.886309299577647,44.41865296896962,-36.869995696815835,0.23380566801619435,-8.898612125737891,4.09603027950115,143.12950077301346,-0.07031794418219711,2.4571470029942413,2.458152966679981,1.7790832422472236
3658,30.309516199999962,106.44209811820878,189.9461058064696,24.886765855573106,44.41047615515636,-36.86991893916786,0.23380566801619435,-8.898155569742432,4.1042070933144075,143.12998035479802,0.04772322811598918,2.0182137750655307,2.0187779343865615,-4.546102554801814
3659,30.322871899999882,106.44583069715473,189.9304732899963,24.887638553686987,44.40682118419954,-36.86990358763826,0.23380566801619435,-8.897282871628551,4.107862064271224,143.13007627115493,0.13401518419748765,0.7334306346911761,0.7455739839204343,-5.563620618772646
3660,30.3260722,106.45080360629552,189.93029593480378,24.888801248030635,44.40677971755028,-36.86990051733234,0.23380566801619435,-8.896120177284903,4.107903530920488,143.04442284700443,0.04481858060429539,0.4180432269311952,0.42043887159779897,-5.820492045149197
3661,30.33832749999965,106.45659013802407,189.942119119199,24.890154171946925,44.40954404507588,-36.86989990327116,0.23380566801619435,-8.894767253368613,4.105139203394884,143.02729216217432,0.07097422277698703,-0.2295973136179586,0.24031701296283753,-5.860822533870416
3662,30.341453,106.45048939241617,189.94885146559076,24.888727783044672,44.41111810582132,-37.29826281756829,0.23380566801619435,-8.896193642270866,4.103565142649444,143.02386602520832,0.08357915664543515,-0.384710935241075,0.3936851268712406,-5.8639706544153
3663,30.35435709999956,106.46551236275248,189.98778507098754,24.892240238659742,44.420221003439394,-36.955572363318346,0.23380566801619435,-8.892681186655796,4.094462245031373,143.02318079781512,0.47970123028292666,-0.9688581826856947,1.0811102850736276,5.112874033216367
3664,30.370369099999607,106.47430350572718,190.0221576019754,24.894295657715567,44.42825749600842,-36.887034272468355,0.23380566801619435,-8.890625767599971,4.086425752462347,143.02304375233646,0.5273267762050944,-1.1005594664258234,1.2203707092692575,5.658374465571486
3665,30.373414799999864,106.50483686275992,190.06003616563058,24.901434529653383,44.43711371888731,-36.87332665429836,0.23380566801619435,-8.883486895662156,4.077569529583457,143.1086889506626,0.9464582003862226,-1.4535004298583354,1.7344874241909893,6.047599749012674
3666,30.38629729999957,106.52404017882475,190.10874759731584,24.905924373794047,44.44850272771251,-36.87058513066436,0.23380566801619435,-8.878997051521491,4.066180520758259,143.1258186006794,0.9962855915940104,-1.4469720458707416,1.7567905628017206,6.0694063990282965
3667,30.390328099999806,106.55230139602455,190.14785340323522,24.912532006560397,44.457645886788804,-36.87003682593756,0.23380566801619435,-8.87238941875514,4.057037361681964,143.12924453068277,1.2985594803750016,-1.789284881888896,2.210836292588837,6.07911545250955
3668,30.40257849999989,106.57961702075906,190.1831044030549,24.91891855444873,44.46588777034988,-36.86992411323439,0.23380566801619435,-8.866002870866808,4.048795478120887,143.12992971668342,0.909120988179146,-1.323243837404002,1.605451719727347,-1.7422929061186596
3669,30.406005599999844,106.6036521189593,190.21554920257037,24.92453809663927,44.47347354837425,-36.86990462245157,0.23380566801619435,-8.860383328676267,4.041209700096516,143.13006675388357,1.0755175010343716,-1.521218535811089,1.8630200559109535,-11.499597938982909
3670,30.418007699999634,106.62401750666854,190.24519818321096,24.929299639717037,44.48040564809892,-36.86990072429501,0.23380566801619435,-8.855621785598501,4.034277600371844,142.9981996300736,0.6728120067725536,-1.122703884930664,1.308869745121995,-14.24103816590095
3671,30.42134269999997,106.64085621382534,190.27192805532422,24.933236624892363,44.48665524370435,-36.86989994466369,0.23380566801619435,-8.851684800423175,4.028028004766419,142.83993106371003,0.35039299212679975,-1.0123463390914835,1.071270441673577,-22.980430244688378
3672,30.434062999999696,106.62049542552666,190.28693037808887,24.928476157182853,44.49016287180013,-37.52937244498743,0.23380566801619435,-8.856445268132685,4.024520376670637,142.67638281918732,-0.07081902430680555,-0.5981901337055117,0.6023676371339897,-25.97526653396816
3673,30.437374099999943,106.6050483253758,190.2886439104402,24.92486453761317,44.4905635053762,-37.661266945052176,0.23380566801619435,-8.860056887702367,4.024119743094566,142.53188300914996,0.3300414342807858,-0.3673702187318456,0.4938504084773063,-28.152491403038024
3674,30.450077399999827,106.57971171208126,190.29639651227802,24.918940693816573,44.492376107627756,-37.68764584506512,0.23380566801619435,-8.865980731498965,4.0223071408430116,142.3421694485097,0.1805994351569956,0.07697870921894,0.19632085383891335,-19.31297885643373
3675,30.453134199999567,106.61110300736601,190.28885895472968,24.926280156580518,44.49061378394996,-37.59239977448178,0.23380566801619435,-8.85864126873502,4.024069464520807,142.2753076689988,0.555007950462745,0.43758531780376975,0.7067635640256811,-20.966767156317285
3676,30.466109899999992,106.63514994312568,190.26955665762773,24.931902466459547,44.48610079748179,-37.81846774786511,0.23380566801619435,-8.85301895885599,4.028582450988978,142.23301624571383,0.8319426643064322,0.527352467314214,0.9850021428787219,-14.416279133550947
3677,30.469182199999977,106.65483164471696,190.2494875530788,24.936504159847793,44.481408527086245,-37.863681342541774,0.23380566801619435,-8.848417265467745,4.033274721384522,142.1681102071506,1.1193193283641119,0.6974792447083948,1.3188453494054864,-18.416244452639248
3678,30.482113599999593,106.6710874430396,190.23135534774235,24.940304857633752,44.47716911470494,-37.87272406147711,0.23380566801619435,-8.844616567681786,4.037514133765825,142.0273055131098,0.6410234564517638,0.5997158076356913,0.8778212355881441,-15.57444230356648
3679,30.48517539999966,106.68379740397279,190.22208444240434,24.9432765185402,44.47500152448928,-38.01217603788136,0.23380566801619435,-8.84164490677534,4.039681723981488,141.92034452547352,0.511592050628037,0.5745683345621992,0.7693212575688906,-24.038578435846727
3680,30.498248299999887,106.68433130900101,190.21718035132375,24.943401348561977,44.473854920198164,-38.29642324468565,0.23380566801619435,-8.84152007675356,4.040828328272603,141.82015227911816,0.2370497703379298,0.30777500492941157,0.38848172064662784,-21.829726024652004
3681,30.5014428999998,106.68140921274829,190.2141461620497,24.942718145895604,44.47314550954806,-38.35327268604651,0.23380566801619435,-8.842203279419934,4.041537738922706,141.67454254078459,0.2800989165604661,0.22686513233281183,0.3604485973432705,-30.771421563631954
3682,30.514055999999982,106.68815740267438,190.20371735716282,24.944295910949172,44.47070719585487,-38.36464257431868,0.23380566801619435,-8.840625514366366,4.043976052615896,141.5473779905788,0.10627763473485215,0.07121081935290348,0.12792934158255684,-25.04509280505492
3683,30.517166599999655,106.69493134895961,190.2047379330407,24.945879697985497,44.47094581227976,-38.60077275314499,0.23380566801619435,-8.839041727330041,4.043737436191009,141.3744377563189,-0.07992472962611556,-0.11633027382650403,0.1411406922696537,-34.014300758673144
3684,30.5300758999997,106.70053299287954,190.20862085410977,24.947189394084187,44.47185366123417,-38.64799878891025,0.23380566801619435,-8.83773203123135,4.0428295872365965,141.29307846923254,0.07043367859451592,-0.15770932747695682,0.17272271145853857,-26.963564384902224
3685,30.53319489999967,106.68824054802457,190.21995993154502,24.944315350803315,44.47450480180861,-39.16112441598518,0.23380566801619435,-8.840606074512223,4.040178446662161,141.1292992875965,0.2462437232690765,-0.06091487972739734,0.2536663040721428,-31.113781146489803
3686,30.54612229999975,106.71798337003837,190.21912114743702,24.95126939117294,44.474308689329916,-38.76006912147829,0.23380566801619435,-8.833652034142599,4.040374559140851,140.99580736728495,0.17231308860387073,-0.010933668042991639,0.1726596235403047,-20.284733625889682
3687,30.549240599999848,106.7313757253221,190.21008805663465,24.95440059974636,44.472196701500614,-39.18353848249878,0.23380566801619435,-8.830520825569177,4.042486546970153,140.89966074103512,0.41233276583496975,0.01430064544750364,0.4125806808871826,-25.706383725543265
3688,30.56248549999964,106.73927856267818,190.2002766833481,24.956248327913624,44.4699027468152,-39.26823235470288,0.23380566801619435,-8.828673097401914,4.044780501655566,140.88043141578515,0.6298027872160105,0.1913855613903414,0.6582400655488478,-15.539365531083511
3689,30.565615699999853,106.75670379594298,190.1995290097042,24.96032244621744,44.46972793647943,-39.128731920159325,0.23380566801619435,-8.824598979098099,4.0449553119913375,140.7758494667508,0.6041617302258919,0.21433889281396046,0.6410558144516418,-19.079947014806454
3690,30.578102599999966,106.76556335438126,190.1976369216155,24.96239386119643,44.4692855555599,-39.25727104223499,0.23380566801619435,-8.82252756411911,4.045397692910868,140.75493307694393,0.4491326984965992,0.11073820311107319,0.46258310657340956,-14.948838883831513
3691,30.58119829999987,106.77098831173984,190.19591649358748,24.963662246975613,44.46888330973554,-39.282978866650126,0.23380566801619435,-8.821259178339925,4.045799938735229,140.66816312906064,0.430213095761256,0.07911879491987588,0.4374278128720863,-16.02475278404043
3692,30.59409229999983,106.78361698149942,190.18713219956874,24.966614901544908,44.466829492004436,-39.28812043153315,0.23380566801619435,-8.81830652377063,4.047853756466331,140.53693462776525,0.4203369719087307,0.26097457377337696,0.49476347693579487,-16.109577622502435
3693,30.610023499999897,106.78667687415904,190.18610342342734,24.967330321792247,44.466588958311455,-39.702082094119135,0.23380566801619435,-8.817591103523291,4.048094290159312,140.4281022575843,0.479068698685881,0.328448160666368,0.5808485278501648,-17.36720738026326
3694,30.6131077,106.80319463968235,190.1733721693334,24.971192268994557,44.46361231894333,-39.78487442663633,0.23380566801619435,-8.813729156320981,4.051070929527434,140.32374911362623,0.755494927666841,0.5987727653355637,0.9640028061359175,-16.040111365478253
3695,30.626099599999634,106.82873025476923,190.15265700717708,24.97716264053815,44.458768996617316,-39.80143289313977,0.23380566801619435,-8.807758784777388,4.0559142518534514,140.22029181491274,0.7859636575574652,0.6310457756809222,1.0079472416777802,-14.21711935163887
3696,30.62927549999995,106.85306993857023,190.13253223275132,24.982853396568547,44.45406371028903,-39.80474458644046,0.23380566801619435,-8.80206802874699,4.06061953818174,140.15234754755286,0.717353477642463,0.7794898516973972,1.0593396248536,-13.026230686740226
3697,30.64206469999999,106.87392918203025,190.1149926468109,24.98773040592003,44.4499628556815,-39.80540692510059,0.23380566801619435,-8.797191019395509,4.064720392789269,140.13875869408088,0.5069788377789511,0.6276512498254295,0.806829370662174,-7.0014654603564885
3698,30.645163799999864,106.86997727536595,190.1049543689781,24.986806427742447,44.447615849427066,-40.04180343091856,0.23380566801619435,-8.79811499757309,4.067067399043701,140.13604092338647,0.7239191400590421,0.8030037757575302,1.0811447568316987,-6.018722642829381
3699,30.65804369999978,106.8810113171325,190.0936099606527,24.989386249248593,44.4449634624603,-39.85281869399621,0.23380566801619435,-8.795535176066945,4.069719786010467,140.08824456163043,0.3691738029814995,0.5530049523372335,0.6649088464724535,-1.0398631510561036
3700,30.661178199999995,106.90171416351164,190.07685784294637,24.994226692076104,44.44104672238929,-39.81502174661175,0.23380566801619435,-8.790694733239434,4.073636526081479,140.07868589963078,0.3841635083285853,0.57271921944414,0.6896295421833609,-0.2715372945623843
3701,30.6741305999999,106.90271850364647,190.06402952421314,24.994461512492244,44.438047388758335,-40.04372639522079,0.23380566801619435,-8.790459912823295,4.076635859712432,140.12402697484802,0.49692707850027296,0.45763852488356305,0.6755512865833504,-0.8130842136333788
3702,30.67739359999996,106.90908645574561,190.05817885932476,24.995950375786677,44.43667947014577,-39.853200235098846,0.23380566801619435,-8.788971049528861,4.078003778324998,140.1330951898915,0.6600658481973436,0.54799212240335,0.8578941019569996,2.296728778335252
3703,30.690069499999936,106.923490104537,190.04831622972375,24.999318030514218,44.43437353144351,-39.81509805483227,0.23380566801619435,-8.78560339480132,4.080309717027255,140.087656025283,0.35319868187659753,0.3383243337996421,0.48909371670502744,3.0255737580225377
3704,30.693293399999675,106.93749941822409,190.0392473313567,25.00259348745928,44.43225317160263,-39.807477618778954,0.23380566801619435,-8.782327937856259,4.082430076868135,140.1258209999785,0.34476520880107886,0.2788056266119401,0.44339105384539285,2.4165647998571598
3705,30.706126899999617,106.93804344891637,190.02820248835675,25.00272068491871,44.429670824706896,-40.042217569654234,0.23380566801619435,-8.782200740396828,4.085012423763871,140.133453384566,0.24905968047724414,0.17946311139339782,0.30698164894733704,1.2992221421138188
3706,30.709479099999953,106.93769880473397,190.02914916334896,25.002640105155415,44.429892162685846,-39.85290152174335,0.23380566801619435,-8.782281320160124,4.0847910857849214,140.1349804718351,0.051166625759179185,-0.028096505357195378,0.05837325761739538,2.2705086638116256
3707,30.72217469999987,106.93649112269227,190.03335693195052,25.002357742248904,44.43087596283459,-39.81503831216117,0.23380566801619435,-8.782563683066634,4.083807285636176,140.09933618225764,-0.17730922659865278,-0.20575930596956019,0.27161637253686954,-0.08400640290147127
3708,30.725457000000006,106.92633011709884,190.0453723140423,24.999982041548414,44.43368522727103,-39.80746261848692,0.23380566801619435,-8.784939383767124,4.08099802119974,140.1035104249281,-0.2663484829001159,-0.42124774314377333,0.49838857876853054,-0.19231711428924408
3709,30.738190499999746,106.91944683286357,190.05793197621566,24.99837269067964,44.43662174747553,-39.985699066666136,0.23380566801619435,-8.786548734635897,4.07806150099524,140.10434527346217,-0.26813864151504385,-0.42321258619850416,0.5010062117283174,-0.8396745167136076
3710,30.74133079999956,106.91360041671199,190.06970073697383,24.99700576544582,44.43937335044631,-40.021346356301976,0.23380566801619435,-8.787915659869718,4.075309898024457,140.104512243169,-0.2773112772663731,-0.4392974401062993,0.5195034026674463,-1.4356196466457454
3711,30.754244799999924,106.91177832378249,190.07389033316923,24.996579749791252,44.4403529017835,-39.8487272790729,0.23380566801619435,-8.788341675524286,4.074330346687269,140.06859531972756,-0.11207630864887275,-0.2667827211270001,0.28936848351588684,-1.1838361010050633
3712,30.75743909999983,106.91084787074054,190.07604780912237,24.99636220459622,44.44085733188995,-39.81420346362708,0.23380566801619435,-8.788559220719318,4.073825916580816,140.0501088344533,-0.3708856230697604,-0.296058375723255,0.4745594875626621,-0.8252523973983592
3713,30.770183999999972,106.91642885611287,190.07568309485873,24.99766707060939,44.4407720596279,-39.98704723569416,0.23380566801619435,-8.78725435470615,4.073911188842864,140.08236185478128,-0.32459889187975705,-0.09637931069630126,0.33860509762828495,-1.5725918787325068
3714,30.773654899999656,106.89534218412099,190.08127962991585,24.992736887178086,44.44208056124551,-40.078131493037276,0.23380566801619435,-8.792184538137452,4.072602687225256,140.08881245884686,-0.2294408779485254,0.0022740089667874913,0.22945214662445668,0.30578116138518396
3715,30.786132799999905,106.88446291114255,190.07475945215668,24.99019325149183,44.44055610672894,-39.86008125466215,0.23380566801619435,-8.794728173823707,4.074127141741826,140.0428497720428,-0.2828068218069157,0.01601942439179364,0.2832601638394869,3.593178142850935
3716,30.790180399999826,106.89212860620361,190.06753324682825,24.991985534446393,44.438866578964905,-39.81647425874493,0.23380566801619435,-8.792935890869146,4.075816669505862,140.06960694171326,-0.3148532793255532,-0.014663663002064429,0.3151945597796588,4.442380659989384
3717,30.8028747999997,106.87394348272767,190.0723757128301,24.98773374950414,44.439998774963314,-40.044016897647424,0.23380566801619435,-8.797187675811397,4.074684473507453,140.2047978531864,0.06141351269387039,0.05710275071117561,0.08385907035129143,5.60799602230844
3718,30.8068645999997,106.8729563144075,190.0748795117036,24.9875029439556,44.440584177331516,-39.85326138734199,0.23380566801619435,-8.797418481359937,4.074099071139251,140.23183542512947,0.12016068722216322,0.028921368202758528,0.12359221776641954,7.138372425658456
3719,30.81831239999974,106.89552331932452,190.0757686755333,24.992779237615352,44.44079206887469,-39.40217693567153,0.23380566801619435,-8.792142187700186,4.073891179596075,140.31982960943995,0.2248432121765404,-0.17820260579966488,0.28689830737676986,6.686622275236986
3720,30.834654599999794,106.90180593969441,190.07707815521144,24.994248149867826,44.441098232645594,-39.724893394946804,0.23380566801619435,-8.790673275447713,4.073585015825174,140.38468125391924,0.3303107704539828,-0.14184720166940545,0.3594799489531297,4.598072611295098
3721,30.837634999999864,106.91412259698416,190.08495862571692,24.99712785415318,44.44294073131641,-39.37650333719249,0.23380566801619435,-8.787793571162357,4.071742517154355,140.39765158281512,0.3477643012982937,-0.10504934121041595,0.36328414959399596,1.071926779574584
3722,30.850172699999803,106.92444014936811,190.0799936237144,24.9995401563806,44.4417798857065,-39.719758675251,0.23380566801619435,-8.785381268934938,4.072903362764265,140.40024564859428,0.3470508091299345,-0.13364506735306575,0.37189416255911806,-0.576861542220716
3723,30.853436999999758,106.9248508820686,190.07947335099695,24.999636188014016,44.441658242996255,-39.788409742862704,0.23380566801619435,-8.785285237301522,4.073025005474513,140.36481475471885,0.2883053964206746,-0.24627861899164896,0.3791743131828897,3.6414733529497907
3724,30.866150299999845,106.94971857989215,190.08823534214378,25.005450396715677,44.443706846189485,-39.389206606775666,0.23380566801619435,-8.779471028599861,4.070976402281282,140.35772857594378,0.11241318913810512,-0.1492499575421777,0.18684826710071797,4.330950829370401
3725,30.869389299999966,106.9468946718285,190.09629665902227,25.00479015100444,44.44559162776736,-39.90204786432388,0.23380566801619435,-8.780131274311099,4.069091620703411,140.43889801011062,0.2940194841822019,-0.14784499126257453,0.3290981593995913,0.27355328294321346
3726,30.88205979999975,106.95159602818661,190.10350760591768,25.00588935476833,44.44727758802327,-39.4119342310679,0.23380566801619435,-8.77903207054721,4.067405660447498,140.5377185668659,0.3432530013015044,-0.14330982907956902,0.37196818414120564,2.8080232018465803
3727,30.885188399999606,106.96632117196364,190.1021746614892,25.009332176845753,44.446965938060735,-39.31391150441671,0.23380566801619435,-8.775589248469785,4.067717310410032,140.47489600829508,0.16035916903011033,-0.07100071702222088,0.17537435647692903,-2.067347053184809
3728,30.898049799999626,106.98148088198016,190.0988774056067,25.012876602973098,44.446195020946504,-39.29430695908647,0.23380566801619435,-8.77204482234244,4.068488227524263,140.4982818139637,0.16294338525676885,0.0538907695963535,0.17162389649062001,-8.576955047277131
3729,30.901174399999945,106.97537167008,190.09619914876495,25.011448234603726,44.44556882931651,-39.7033193996298,0.23380566801619435,-8.773473190711812,4.0691144191542605,140.42037230517556,0.016285655199795024,0.10584913766064458,0.10709464276418637,-17.057249894283952
3730,30.914284499999667,106.96466620548387,190.093812970785,25.008945236302402,44.4450109273799,-39.785118835980654,0.23380566801619435,-8.775976189013136,4.06967232109087,140.32220373349605,-0.21141014870147626,0.11961152299118316,0.2429015590856729,-12.14426611312524
3731,30.918277599999783,106.95362420823132,190.0916485857138,25.00636355475854,44.44450488188248,-39.80148177500863,0.23380566801619435,-8.778557870556998,4.070178366588287,140.18403364220703,-0.4263982067117312,0.05488307114042582,0.4299157849914158,-11.86356267285401
3732,30.930530599999656,106.95163046306857,190.08282196698508,25.00589740583891,44.44244116839429,-39.80475436281423,0.23380566801619435,-8.77902401947663,4.072242080076478,140.2389862938711,-0.26692043513482255,-0.016701561781722545,0.2674424440108782,-6.840574550021564
3733,30.93394169999965,106.93996831523003,190.08666923686346,25.003170729573014,44.44334068189824,-39.985157415531596,0.23380566801619435,-8.781750695742524,4.071342566572525,140.24997621385236,-0.17171450388597673,0.07690331705863171,0.18814885335666426,-5.31472790877005
3734,30.94610499999999,106.95766930964247,190.09486372034868,25.007309322396164,44.44525659858355,-39.42855614130944,0.23380566801619435,-8.777612102919374,4.06942664988722,140.2521741978486,-0.07163878852460062,0.061050635202859097,0.09412383375078295,3.447649394305813
3735,30.949217799999587,106.96146513319675,190.088066058261,25.008196807457946,44.443667266658196,-39.73016923607439,0.23380566801619435,-8.776724617857592,4.071015981812572,140.25261379464786,-0.21292150879674454,0.04829523618658901,0.2183300225498101,4.057932315101583
3736,30.962098199999673,106.95341331088707,190.08545111539533,25.006314245764084,44.44305587819466,-39.79049185502738,0.23380566801619435,-8.778607179551454,4.071627370276104,140.37123809096082,-0.016938599307042612,0.10781553400074556,0.10913801133587907,3.487431560548824
3737,30.965246299999762,106.94338949105185,190.08404206962032,25.003970619871435,44.44272643530597,-39.80255637881798,0.23380566801619435,-8.780950805444103,4.071956813164796,140.39496295022343,0.11712470136899314,0.16551790392659207,0.20276679262401026,3.5125453988565383
3738,30.978094599999622,106.95331181978445,190.08217918805937,25.006290516569038,44.442290883038176,-39.392035933966724,0.23380566801619435,-8.7786309087465,4.0723923654325915,140.39970792207595,0.03596864962870765,0.0655931234780578,0.07480776432777864,3.4872377274771043
3739,30.981193099999928,106.96670434349592,190.0804431734797,25.00942176452182,44.441884992989685,-39.30993184499647,0.23380566801619435,-8.775499660793717,4.072798255481082,140.40065691644645,-0.09391450264162603,0.05957146700993561,0.11121462803129735,1.647737240993267
3740,30.994118699999945,106.96003317205562,190.0798375084578,25.00786200682677,44.44174338507465,-39.706444376811795,0.23380566801619435,-8.777059418488768,4.072939863396115,140.40084671532054,0.016629877299379384,0.03889465765145316,0.04230067626901676,-0.5338788465910749
3741,30.997237199999745,106.94942182145628,190.07960598355976,25.00538101291134,44.4416892532412,-39.78574688317486,0.23380566801619435,-8.779540412404199,4.072993995229567,140.40088467509537,0.1326222469103669,0.04523722345044943,0.1401251824657517,4.194329683269623
3742,31.01005929999974,106.938906892742,190.07953665824346,25.00292256297915,44.441673044589315,-39.80160738444747,0.23380566801619435,-8.781998862336387,4.073010203881452,140.3576506899019,-0.0439621654918366,0.00513026962767881,0.04426049775120375,2.982156756451253
3743,31.01313879999998,106.94892388199898,190.0786724641214,25.005264591843893,44.44147099110531,-39.39184613509262,0.23380566801619435,-8.779656833471645,4.073212257365455,140.43159056278506,0.16539375402900816,0.005815362443313404,0.1654959585976502,7.32906077963365
3744,31.026110399999652,106.95600576603198,190.08253051227058,25.00692037647104,44.442373024630065,-39.526101770963834,0.23380566801619435,-8.778001048844498,4.072310223840702,140.35694433326015,0.22919082424139497,-0.010761176568158618,0.2294433194442172,6.252313960064582
3745,31.029221199999938,106.96832768967694,190.08233917103638,25.009801312060095,44.44232828796498,-39.336745012395895,0.23380566801619435,-8.775120113255443,4.072354960505784,140.424601757277,0.28547758519214045,-0.009361170977080563,0.2856310262720035,7.295477471174097
3746,31.042076899999756,106.94212273967997,190.08594200101106,25.003674446220725,44.44317065003396,-40.158978030799496,0.23380566801619435,-8.781246979094814,4.071512598436804,140.35554657215852,0.033300675309607064,-0.013871234979211949,0.03607417547116478,2.869889480347449
3747,31.058037199999944,106.94824583384577,190.08537786475472,25.005106060342484,44.443038751779696,-39.46332026436303,0.23380566801619435,-8.779815364973054,4.071644496691071,140.38497711228328,0.04621346399591699,0.005159676950267164,0.046500607745846016,5.424677950661843
3748,31.061164099999587,106.94155402743117,190.08480195520235,25.003541478073483,44.442904100862094,-39.73712206068511,0.23380566801619435,-8.781379947242055,4.071779147608673,140.39086322030823,0.06239021282191873,0.024332761978058965,0.06696732010051756,-3.046531323741915
3749,31.07407289999992,106.95216630837146,190.0833876836248,25.006022689507905,44.44257343615115,-39.37894907034015,0.23380566801619435,-8.778898735807633,4.072109812319617,140.48147464601476,0.13344181188481916,0.03906279768868631,0.13904178984165408,-2.171854580990839
3750,31.077201199999763,106.96563976740049,190.08191259473432,25.009172860596674,44.44222855200772,-39.30731447227116,0.23380566801619435,-8.775748564718864,4.072454696463048,140.4170102612342,-0.04105028006624023,0.039735463973752924,0.05713171265353575,-7.902006350905905
3751,31.090116999999736,106.95893733137649,190.08146371386914,25.007605793064748,44.44212360111718,-39.70592090226673,0.23380566801619435,-8.77731563225079,4.072559647353586,140.40411799462964,0.02567239536845959,0.08670014860423014,0.0904211681629368,-9.219499741498385
3752,31.093293999999787,106.94830099849354,190.08130571728566,25.005118958149804,44.44208666062043,-39.78564218826585,0.23380566801619435,-8.779802467165734,4.0725965878503345,140.31895287138687,-0.27267389676091836,0.007087340027954178,0.2727659882819993,-11.388869193477746
3753,31.10610459999998,106.93916455931577,190.06607990832532,25.00298280688456,44.43852678018538,-39.80158339370786,0.23380566801619435,-8.781938618430978,4.07615646828539,140.2586782695899,-0.4609669012846654,-0.037208659363218655,0.462466180830117,-7.861883450226338
3754,31.109253999999964,106.92165980743148,190.0710968508606,24.998890096676796,44.43969976978624,-39.804774686554076,0.23380566801619435,-8.786031328638742,4.07498347868453,140.24662395958205,-0.5051409653619742,-0.06767745314807244,0.5096544246363772,-8.142670781828807
3755,31.12216169999965,106.92527731758052,190.07723771369172,24.999735891053746,44.44113553832266,-39.608687481256126,0.23380566801619435,-8.785185534261792,4.073547710148105,140.20826339054923,-0.38271298729142716,-0.09662312606639328,0.39472174899841816,-2.805279588805502
3756,31.125355599999693,106.92060270036681,190.07920780488777,24.998642939053376,44.44159615681081,-39.766192452305916,0.23380566801619435,-8.786278486262162,4.073087091659957,140.20059127674267,-0.43232467145848386,-0.1715150580017971,0.46510432880488844,-4.305253619071104
3757,31.13816179999958,106.91125724247452,190.08649811821414,24.99645791802795,44.44330067338812,-39.97744503342993,0.23380566801619435,-8.788463507287588,4.0713825750826445,140.19905685398135,-0.18706796664585937,-0.09643099919321178,0.21045988156990292,-3.659706895811682
3758,31.141410599999745,106.90549337250827,190.08784004469027,24.995110292560135,44.443614423404306,-39.839943962740676,0.23380566801619435,-8.789811132755403,4.071068825066462,140.1594054870072,-0.3430294509040471,0.05216614927505926,0.3469733582246911,-3.1623810380757393
3759,31.15463299999965,106.90135159935265,190.0876719862702,24.99414192252071,44.443575130393135,-39.81244680036064,0.23380566801619435,-8.790779502794827,4.071108118077632,140.15147521361237,-0.3179231202520247,0.06106207024117049,0.3237339753762663,-1.3430558709077722
3760,31.157901299999594,106.8913668762786,190.0788409091652,24.991807437672428,44.441510374511296,-39.80694431612682,0.23380566801619435,-8.79311398764311,4.0731728739594715,140.1498891589334,-0.3464603916246347,0.003152215584891524,0.3464747312976646,-0.5125940845084801
3761,31.17019029999983,106.8799786361839,190.0840832436487,24.989144802589557,44.44273606202718,-39.80584381928006,0.23380566801619435,-8.795776622725981,4.071947186443587,140.23215800756793,-0.1858313457942818,0.023182590659646327,0.18727178535328448,2.6468456716936295
3762,31.1742706,106.87451087913875,190.09145919592194,24.987866410001068,44.44446060147568,-39.985375306824764,0.23380566801619435,-8.79705501531447,4.070222646995084,140.24861177729483,-0.12404016132375402,0.03409684700045311,0.12864119323371978,5.030251725362154
3763,31.186139199999616,106.89422395696731,190.0912775797422,24.992475439331425,44.44441813858346,-39.42859971956808,0.23380566801619435,-8.792445985984113,4.070265109887309,140.2912470136621,0.07031326612894692,-0.10252350589656815,0.12431823943027732,4.407856597141712
3764,31.19036909999977,106.89848846910023,190.09023653971093,24.993472506439428,44.44417473752351,-39.73017795172612,0.23380566801619435,-8.79144891887611,4.070508510947256,140.33911793300587,0.21698726988187442,-0.0023249489285462333,0.2169997250650557,2.520709342351645
3765,31.20257569999967,106.91193138241178,190.09291741129493,24.996615535766317,44.44480154049507,-39.593768134290535,0.23380566801619435,-8.788305889549221,4.069881707975696,140.2952076198043,0.15447509118586666,0.0797100332747802,0.1738282002482577,1.6859197158995307
3766,31.205779399999756,106.91901144057366,190.0874192637124,24.99827089349445,44.44351604242669,-39.56648922256123,0.23380566801619435,-8.786650531821088,4.0711672060440804,140.286425557164,0.1309491198343593,-0.003358605930548403,0.1309921838095316,-3.5757431041441876
3767,31.218195899999955,106.88577397830747,190.0880817751566,24.990499786426142,44.44367094135747,-40.20492687283256,0.23380566801619435,-8.794421638889396,4.0710123071133,140.28466914463593,0.08967323793657589,-0.014160783598275311,0.09078445568568959,-6.691109242097795
3768,31.221525999999812,106.88962968232102,190.09394656073252,24.9914012718787,44.445042161466816,-39.47251003276964,0.23380566801619435,-8.793520153436837,4.069641087003951,140.20902245197408,-0.0892055545702685,0.03920194050074215,0.09743933038159118,3.7758388036360664
3769,31.234314599999834,106.89123447746502,190.09375336381595,24.991776482079374,44.44499699093268,-39.73896001436643,0.23380566801619435,-8.793144943236165,4.069686257538088,140.1545486310198,-0.1933781416841368,-0.03381474267315783,0.19631235952751921,4.831943517007033
3770,31.2376205999999,106.88222863279398,190.09070671253602,24.98967086455001,44.44428466659496,-39.97200159759985,0.23380566801619435,-8.795250560765528,4.070398581875807,140.3156747408524,0.21913282122183741,0.0014258520282023276,0.21913746003512974,7.492497863882357
3771,31.250311199999942,106.88200277587427,190.08874342007738,24.989618057922023,44.44382563769016,-39.838858327332474,0.23380566801619435,-8.795303367393515,4.070857610780607,140.3478999628189,0.28382339968036036,0.05808705689374405,0.2897064520936574,13.389983198874306
3772,31.253790299999764,106.9033810955799,190.08630710135725,24.994616430241862,44.4432560125643,-39.399296323669624,0.23380566801619435,-8.790304995073676,4.071427235906469,140.39368948963408,0.4193551714058658,0.12890657510784104,0.43872048606245473,15.313596222040808
3773,31.266262299999653,106.93507569686861,190.09315956952878,25.002026807668674,44.4448581584627,-39.311383922937054,0.23380566801619435,-8.782894617646864,4.069825090008067,140.47814219480182,0.5590419688615412,0.11129625919020693,0.5700129649914308,4.944059610016964
3774,31.269414399999732,106.94460724208824,190.08833811015563,25.004255336965976,44.44373087393315,-39.51001238029053,0.23380566801619435,-8.780666088349562,4.070952374537619,140.49503273583537,0.5474370370127569,0.10964042744806582,0.558308456701402,2.8900311845337683
3775,31.2822314,106.94798004233358,190.08135347895492,25.005043916780423,44.44209782756942,-39.54973807176123,0.23380566801619435,-8.779877508535115,4.072585420901348,140.45516926689362,0.3605762621291345,0.028634060845833358,0.36171141846994714,1.376071268542252
3776,31.29859559999977,106.94362762471914,190.0794013275024,25.004026296872595,44.441641403495,-39.75440562216475,0.23380566801619435,-8.780895128442943,4.073041844975769,140.32866019615219,0.21228926773824552,0.02918260662985557,0.2142856918381472,-0.5483280096595872
3777,31.301804099999572,106.95052177434385,190.08271272811584,25.005638188131005,44.44241562772749,-39.59861366837826,0.23380566801619435,-8.779283237184533,4.0722676207432755,140.3466005695039,0.23884961682734457,-0.03643866079964537,0.24161315249679793,2.7996753039423745
3778,31.314347299999554,106.94262083054886,190.0894571737282,25.003790902689058,44.44399251733929,-39.943929276644404,0.23380566801619435,-8.78113052262648,4.070690731131478,140.3108447721039,0.21142203254692918,-0.05778875125480572,0.21917758922358963,3.6584651227263962
3779,31.31776089999994,106.95488204479543,190.08902612814884,25.006657644076665,44.44389173643966,-39.42031051353201,0.23380566801619435,-8.778263781238874,4.070791512031107,140.38628028254578,0.3789380110260545,-0.03630535314527772,0.3806732127000605,7.386837780041525
3780,31.330505599999924,106.95076045870863,190.08789984258408,25.005693993888354,44.443628404490816,-39.72851705876109,0.23380566801619435,-8.779227431427184,4.071054843979951,140.40136677428262,0.27935945959917213,0.03464342700619387,0.2814993333957915,6.394612104893495
3781,31.33407699999998,106.9626046654584,190.08583299287258,25.008463236559606,44.44314516331333,-39.37722806995534,0.23380566801619435,-8.776458188755932,4.071538085157435,140.4403343900128,0.2662881502612231,0.06729377288792983,0.2746594816113873,7.86101326287949
3782,31.346440099999654,106.9628420232982,190.079834560474,25.0085187321679,44.44174269581933,-39.523181209694194,0.23380566801619435,-8.776402693147638,4.072940552651438,140.4481279131588,0.15853930573497185,0.06832369963781335,0.17263498890759374,3.6554447149294886
3783,31.35556729999962,106.95454145370053,190.07836928464974,25.006578011948204,44.44140010602641,-39.74909119799353,0.23380566801619435,-8.778343413367335,4.07328314244436,140.48903048985835,0.16148863224332022,0.120778389905741,0.20165812111601536,3.501324832207671
3784,31.3632077999996,106.96437961086166,190.0772362115433,25.00887822885531,44.44113518711185,-39.38134289780183,0.23380566801619435,-8.776043196460229,4.07354806135892,140.49721100519824,0.04779283626211385,0.09833389242729852,0.10933302153457912,2.0058343443202773
3785,31.367167899999913,106.9633487021539,190.07244397109872,25.008637196556226,44.440014734133406,-39.52400417526349,0.23380566801619435,-8.776284228759312,4.074668514337361,140.4988471082662,0.017228979057734448,0.12945353448994973,0.130595004924815,-0.12639973742411748
3786,31.378721799999767,106.97357376306289,190.07130313144654,25.01102787375256,44.43974799935643,-39.33632549325583,0.23380566801619435,-8.773893551562978,4.07493524911434,140.53851820095014,0.04084099669090428,0.1377619767922505,0.14368837552291772,-1.136569511372507
3787,31.382241699999668,106.97134067587314,190.06725281533232,25.01050576531042,44.438801012491666,-39.51500069435429,0.23380566801619435,-8.774415660005118,4.075882235979101,140.5032108423385,0.005418058388892866,0.0640261445539405,0.06425498068747307,-6.156377858621298
3788,31.3946420999996,106.96632493032082,190.06305877878424,25.009333055570963,44.43782042297486,-39.55073573457398,0.23380566801619435,-8.775588369744575,4.076862825495908,140.49614937061614,0.002061892282091601,0.015047761589166597,0.015188368201599096,-7.727777835094949
3789,31.39813789999971,106.96817806485559,190.06805275011598,25.009766328928787,44.43898804177813,-39.55787969086011,0.23380566801619435,-8.77515509638675,4.075695206692636,140.41215101670136,-0.18105334250990834,-0.00951514931226605,0.18130320157251748,-7.023434101442856
3790,31.410509699999693,106.96406943381643,190.0660396767868,25.008805707704045,44.438517373823636,-39.559311533875146,0.23380566801619435,-8.776115717611493,4.076165874647131,140.32005715646528,-0.20697236417157766,-0.09583832236317416,0.2280845096979623,-4.9375099815742605
3791,31.414078699999664,106.95325185552443,190.06756201270255,25.006276496585166,44.438873304589364,-39.75631726282972,0.23380566801619435,-8.778644928730372,4.075809943881403,140.34488057191805,0.026656024945105716,-0.2609264061067803,0.2622844506822212,-4.767505541146013
3792,31.426525099999708,106.93845677796801,190.07621667505063,25.00281732359374,44.44089681370111,-39.975469995534695,0.23380566801619435,-8.7821041017218,4.073786434769659,140.34984464465708,0.003384350806623855,-0.18543062056982665,0.1854615024076245,0.6704010710214311
3793,31.430063699999664,106.95470506058086,190.08751272589157,25.00661626416415,44.44353789441392,-39.426618657310065,0.23380566801619435,-8.778305161151387,4.071145354056846,140.35083745920485,-0.023516585079196548,-0.12259298403658539,0.12482815991907263,6.954611958904866
3794,31.442572499999642,106.95511074390498,190.0851868972932,25.00671111522475,44.44299410250479,-39.53305932716514,0.23380566801619435,-8.778210310090788,4.071689145965976,140.39037989418472,0.10465141961206914,-0.08237472895126584,0.13318226457233667,5.138538480986486
3795,31.4460425999996,106.9519620426657,190.07995913887407,25.005974931028113,44.44177182295538,-39.55434746113615,0.23380566801619435,-8.778946494287425,4.072911425515386,140.47358318098537,0.2106315046595294,-0.0990112483311654,0.23274204186444927,0.5085286532571862
3796,31.458560199999738,106.94833101054435,190.07453232622242,25.005125975137396,44.44050300339816,-39.55860508793036,0.23380566801619435,-8.779795450178142,4.074180245072604,140.4469822611971,0.012323712957437394,0.032961553342722105,0.035190025572915194,0.8228318752913713
3797,31.462103499999557,106.95214966242612,190.07825679981732,25.006018797591533,44.441373806435024,-39.559453561531384,0.23380566801619435,-8.778902627724005,4.073309442035743,140.36636788778628,-0.12932126990929882,-0.07100024014291709,0.14752974259892684,-1.5897930009061618
3798,31.476746099999673,106.95728714094832,190.08367400220044,25.007219969189336,44.44264037905699,-39.55962325625159,0.23380566801619435,-8.777701456126202,4.072042869413778,140.3934872006041,-0.04529187943663261,-0.1422224130484891,0.14926007207635103,-5.660466627196273
3799,31.480556499999693,106.94586856868435,190.09143699420247,25.004550242273368,44.44445541058783,-39.936131194219065,0.23380566801619435,-8.78037118304217,4.070227837882939,140.3595671910974,-0.21533045247748572,-0.041417900052814344,0.21927755518735534,-4.817454744823919
3800,31.49061699999993,106.95481850630682,190.09160390797445,25.006642788417892,44.44449443597379,-39.41875089704694,0.23380566801619435,-8.778278636897646,4.07018881249698,140.39602476634448,-0.2664468312574419,-0.009611875879288096,0.26662014560991176,1.6646960426563844
3801,31.494105799999943,106.9411200928853,190.08257047162252,25.00344002171711,44.44238236735304,-39.72820513546408,0.23380566801619435,-8.781481403598427,4.072300881117727,140.4033162813939,-0.26686567109527504,-0.005222894022347064,0.2669167754771142,1.0541409994867308
3802,31.506528199999593,106.94092844546253,190.08717856761265,25.003395213463406,44.4434597663143,-39.37716568529594,0.23380566801619435,-8.781526211852132,4.071223482156469,140.5233109613569,0.04304701844102679,0.10141160009429928,0.11016968017720748,2.617492657096207
3803,31.522554999999556,106.94640802994473,190.0916036018641,25.00467637137372,44.444494364403454,-39.5231656810045,0.23380566801619435,-8.780245053941819,4.0701888840673135,140.50406770984952,-0.00042146790574239257,0.12446614947024284,0.12446686305657584,-0.01456959339119468
3804,31.52610149999964,106.95928496036704,190.0907414766379,25.007687070693105,44.444292794639026,-39.33615779440403,0.23380566801619435,-8.777234354622433,4.070390453831742,140.50021905954804,-0.03146200369005983,0.1373508420602358,0.1409081668706579,0.6748204384945202
3805,31.53861199999983,106.95878486313863,190.08478101124933,25.007570145126543,44.442899204047166,-39.51496715458393,0.23380566801619435,-8.777351280188995,4.071784044423602,140.3809129525346,-0.08530776902604065,0.1369308292211907,0.16133030542152704,-1.1950646342540887
3806,31.542112199999792,106.94271821895849,190.0747536024217,25.003813672651226,44.44055473902775,-39.74744838697148,0.23380566801619435,-8.781107752664312,4.074128509443014,140.40029330828037,0.03511683452441272,0.14529343229909716,0.14947700002430914,-0.9106130731838606
3807,31.554610999999568,106.92813293913903,190.079502304414,25.000403551559835,44.44166501246927,-39.973696220363045,0.23380566801619435,-8.784517873755703,4.073018236001495,140.4041693794295,-0.11287121980613547,0.10786349017029223,0.15612317179791627,-0.6910501351264287
3808,31.558109799999784,106.93833969230428,190.07984261711914,25.002789948301913,44.44174457950863,-39.426263902275736,0.23380566801619435,-8.782131477013625,4.072938668962138,140.40494459365934,-0.11609040559795193,0.13750078928350515,0.17995402003146213,5.6398535074607175
3809,31.570397299999968,106.94406711606923,190.08669115354735,25.00412905244129,44.44334580614316,-39.31677743865828,0.23380566801619435,-8.780792372874249,4.071337442327611,140.4050996365053,0.07106775341444765,0.007251650677726795,0.07143676933434569,5.275171599389109
3810,31.57380289999992,106.94369652755246,190.08291012359192,25.004042406745565,44.44246177990864,-39.51109108343478,0.23380566801619435,-8.780879018569973,4.072221468562127,140.4804248345276,0.0923684401830965,0.09389527352285962,0.13171275994295656,7.566475732687123
3811,31.586285099999714,106.93635977031585,190.08191908973586,25.00232703131879,44.442230070575896,-39.746673172741644,0.23380566801619435,-8.78259439399675,4.072453177894872,140.52677771592894,0.04062854890605727,0.09331052721251092,0.10177196802110405,7.02322412971053
3812,31.589731999999913,106.93390760004966,190.07684192453357,25.001753700011612,44.44104300057415,-39.597070230251454,0.23380566801619435,-8.783167725303926,4.07364024789662,140.5673361340061,0.35981139763099745,0.08389857299142145,0.3694634114701598,13.04096856776067
3813,31.60225169999967,106.95657756224387,190.0782162184381,25.00705406566633,44.441364318278545,-39.19449949526904,0.23380566801619435,-8.777867359649207,4.073318930192222,140.53610333519967,0.34500219117902803,0.02919974464530594,0.3462356668595563,11.296173114593929
3814,31.605827199999567,106.98264986846624,190.08092871891617,25.013149918639375,44.44199851626482,-39.11398534827256,0.23380566801619435,-8.771771506676163,4.07268473220595,140.64373067680557,0.48088143996239135,-0.11148023419420122,0.4936342795190554,10.659885589225901
3815,31.618183699999918,106.97739197456285,190.08166406449467,25.011920593242934,44.44217044422902,-39.66725507746701,0.23380566801619435,-8.773000832072604,4.072512804241747,140.8092344166111,0.6683063616153291,-0.21792539855053078,0.7029401626802432,6.493466749301557
3816,31.621590899999774,106.98528999498349,190.09164404346743,25.013767195183387,44.44450381987953,-39.208536464712154,0.23380566801619435,-8.77115423013215,4.0701794285912385,140.81104732277535,0.767530878091381,-0.20288153256804195,0.7938920361616457,-1777.8437784147336
3817,31.63411219999989,107.02656923336501,190.10170358288835,25.02341851508838,44.44685579721378,-38.769551531223684,0.23380566801619435,-8.761502910227158,4.0678274512569885,140.69753600264102,0.3758651797277874,-0.10405175750355689,0.39000179688224634,-2222.053800747747
3818,31.637257199999567,107.03893753539204,190.10103701022405,25.026310294206034,44.44669994874672,-39.185434964447865,0.23380566801619435,-8.758611131109504,4.067983299724048,112.63098701813442,0.39576281087586196,-0.1012689636023989,0.40851389873719995,-2224.732613353272
3819,31.650109299999713,107.02500652435094,190.08362412072006,25.02305314486343,44.442628716484144,-39.681541948944265,0.23380566801619435,-8.76186828045211,4.072054531986623,84.47269431107684,0.2873687077688199,0.0356983791192979,0.289577534481642,-2224.839029540424
