scenario,round,frame_idx,process_ms,fg_ms,total_ms
A_voltage,1,0,6.8830,0.8136,7.6966
A_voltage,1,1,2.8936,0.7353,3.6289
A_voltage,1,2,2.4093,0.7482,3.1575
A_voltage,1,3,2.8675,0.8192,3.6867
A_voltage,1,4,1.7760,0.7330,2.5090
A_voltage,1,5,2.3684,1.0944,3.4628
A_voltage,1,6,3.2921,0.8160,4.1081
A_voltage,1,7,2.9026,12.6655,15.5681
A_voltage,1,8,2.6733,1.0102,3.6835
A_voltage,1,9,2.9291,0.6949,3.6240
A_voltage,1,10,3.0138,51.8481,54.8619
A_voltage,1,11,3.1684,0.6920,3.8604
A_voltage,1,12,2.8787,0.5210,3.3997
A_voltage,1,13,1.5740,11.0798,12.6538
A_voltage,1,14,2.9024,0.6896,3.5920
A_voltage,1,15,2.5392,0.9487,3.4879
A_voltage,1,16,2.1384,50.9132,53.0516
A_voltage,1,17,2.3834,0.5462,2.9296
A_voltage,1,18,2.0703,0.5048,2.5751
A_voltage,1,19,1.5983,14.3272,15.9255
A_voltage,1,20,1.7318,0.2843,2.0161
A_voltage,1,21,1.5881,0.2313,1.8194
A_voltage,1,22,1.4445,13.5082,14.9527
A_voltage,1,23,1.6034,0.4478,2.0512
A_voltage,1,24,1.6642,0.4069,2.0711
A_voltage,1,25,1.4573,12.8748,14.3321
A_voltage,1,26,1.5380,0.2623,1.8003
A_voltage,1,27,1.3363,0.3793,1.7156
A_voltage,1,28,2.0770,13.1087,15.1857
A_voltage,1,29,2.3156,0.3766,2.6922
A_voltage,1,30,1.8039,0.5273,2.3312
A_voltage,1,31,3.1282,11.8224,14.9506
A_voltage,1,32,1.8176,0.3412,2.1588
A_voltage,1,33,1.6870,0.3195,2.0065
A_voltage,1,34,1.4616,14.2420,15.7036
A_voltage,1,35,3.2983,0.3273,3.6256
A_voltage,1,36,2.3927,0.4531,2.8458
A_voltage,1,37,1.9515,59.4506,61.4021
A_voltage,1,38,2.2792,0.3857,2.6649
A_voltage,1,39,2.0833,0.3134,2.3967
A_voltage,1,40,1.6311,57.0898,58.7209
A_voltage,1,41,1.6836,0.5011,2.1847
A_voltage,1,42,1.3264,0.4576,1.7840
A_voltage,1,43,1.7111,17.4608,19.1719
A_voltage,1,44,1.9396,0.3709,2.3105
A_voltage,1,45,1.5240,0.3940,1.9180
A_voltage,1,46,2.4166,55.8036,58.2202
A_voltage,1,47,2.8101,0.8743,3.6844
A_voltage,1,48,2.0512,0.3946,2.4458
A_voltage,1,49,1.3462,11.4180,12.7642
A_voltage,1,50,1.5457,0.5096,2.0553
A_voltage,1,51,1.3598,0.3547,1.7145
A_voltage,1,52,1.2412,60.3377,61.5789
A_voltage,1,53,1.7206,0.2670,1.9876
A_voltage,1,54,1.4996,0.2105,1.7101
A_voltage,1,55,2.1535,14.4447,16.5982
A_voltage,1,56,1.9660,0.3139,2.2799
A_voltage,1,57,1.8301,0.2890,2.1191
A_voltage,1,58,2.2444,55.7541,57.9985
A_voltage,1,59,1.8529,0.5429,2.3958
A_voltage,1,60,3.7032,0.9987,4.7019
A_voltage,1,61,1.9065,15.1380,17.0445
A_voltage,1,62,2.3426,0.3855,2.7281
A_voltage,1,63,2.1462,0.2522,2.3984
A_voltage,1,64,1.7786,55.0390,56.8176
A_voltage,1,65,1.8596,0.2993,2.1589
A_voltage,1,66,2.3203,0.2769,2.5972
A_voltage,1,67,1.8337,13.2004,15.0341
A_voltage,1,68,1.9195,0.4964,2.4159
A_voltage,1,69,1.6673,0.4631,2.1304
A_voltage,1,70,1.4572,60.0208,61.4780
A_voltage,1,71,1.7872,0.2910,2.0782
A_voltage,1,72,1.4147,0.2303,1.6450
A_voltage,1,73,1.2724,14.4582,15.7306
A_voltage,1,74,2.0009,0.3591,2.3600
A_voltage,1,75,1.4852,0.2407,1.7259
A_voltage,1,76,1.4815,57.5982,59.0797
A_voltage,1,77,2.0703,0.5724,2.6427
A_voltage,1,78,1.5751,0.2800,1.8551
A_voltage,1,79,1.3184,17.9751,19.2935
A_voltage,1,80,1.4674,0.4466,1.9140
A_voltage,1,81,1.3067,0.3545,1.6612
A_voltage,1,82,1.3622,57.5633,58.9255
A_voltage,1,83,2.8219,0.7488,3.5707
A_voltage,1,84,2.1501,0.6889,2.8390
A_voltage,1,85,1.5108,11.7935,13.3043
A_voltage,1,86,1.7577,0.2683,2.0260
A_voltage,1,87,1.4272,0.1993,1.6265
A_voltage,1,88,1.5652,61.2566,62.8218
A_voltage,1,89,2.7849,0.3928,3.1777
A_voltage,1,90,3.1182,0.3190,3.4372
A_voltage,1,91,2.2859,11.3591,13.6450
A_voltage,1,92,3.7490,0.4713,4.2203
A_voltage,1,93,3.3951,0.4782,3.8733
A_voltage,1,94,3.2112,50.7879,53.9991
A_voltage,1,95,2.8489,0.3522,3.2011
A_voltage,1,96,2.5634,0.3303,2.8937
A_voltage,1,97,2.5325,15.1274,17.6599
A_voltage,1,98,3.3688,0.5505,3.9193
A_voltage,1,99,2.0868,0.3137,2.4005
A_voltage,1,100,2.8992,53.2048,56.1040
A_voltage,1,101,2.8091,0.3753,3.1844
A_voltage,1,102,3.6922,0.8149,4.5071
A_voltage,1,103,2.6628,9.8604,12.5232
A_voltage,1,104,3.3996,0.6764,4.0760
A_voltage,1,105,3.5839,0.6921,4.2760
A_voltage,1,106,3.7652,53.3461,57.1113
A_voltage,1,107,3.5795,0.4956,4.0751
A_voltage,1,108,2.8160,0.4171,3.2331
A_voltage,1,109,2.4023,9.8408,12.2431
A_voltage,1,110,3.5003,0.5281,4.0284
A_voltage,1,111,2.8168,0.4053,3.2221
A_voltage,1,112,2.6220,8.8214,11.4434
A_voltage,1,113,3.5043,0.4696,3.9739
A_voltage,1,114,3.5582,0.4877,4.0459
A_voltage,1,115,4.0068,11.3393,15.3461
A_voltage,1,116,2.9835,0.4268,3.4103
A_voltage,1,117,3.3760,0.5427,3.9187
A_voltage,1,118,4.6917,7.8305,12.5222
A_voltage,1,119,4.3136,0.7842,5.0978
A_voltage,1,120,3.8758,0.5005,4.3763
A_voltage,1,121,3.4440,7.9518,11.3958
A_voltage,1,122,3.9082,0.7118,4.6200
A_voltage,1,123,3.6437,0.6590,4.3027
A_voltage,1,124,2.5849,51.7679,54.3528
A_voltage,1,125,3.7796,0.4754,4.2550
A_voltage,1,126,3.3908,0.5089,3.8997
A_voltage,1,127,3.4552,11.0651,14.5203
A_voltage,1,128,3.1998,0.4565,3.6563
A_voltage,1,129,3.1472,0.4398,3.5870
A_voltage,1,130,3.3781,52.3683,55.7464
A_voltage,1,131,3.5324,0.6242,4.1566
A_voltage,1,132,2.8032,0.6874,3.4906
A_voltage,1,133,2.9094,9.5735,12.4829
A_voltage,1,134,2.8887,0.8722,3.7609
A_voltage,1,135,3.6988,0.7687,4.4675
A_voltage,1,136,2.7058,54.7677,57.4735
A_voltage,1,137,2.1620,0.3359,2.4979
A_voltage,1,138,2.3384,0.2844,2.6228
A_voltage,1,139,2.9500,10.3415,13.2915
A_voltage,1,140,3.3518,0.3347,3.6865
A_voltage,1,141,2.8808,0.5118,3.3926
A_voltage,1,142,2.9952,34.3488,37.3440
A_voltage,1,143,1.9692,0.6185,2.5877
A_voltage,1,144,2.4583,0.3132,2.7715
A_voltage,1,145,2.5791,0.5891,3.1682
A_voltage,1,146,2.5066,0.4911,2.9977
A_voltage,1,147,2.6034,0.3097,2.9131
A_voltage,1,148,2.0287,0.2600,2.2887
A_voltage,1,149,2.4742,58.4799,60.9541
A_voltage,1,150,3.1163,0.9893,4.1056
A_voltage,1,151,2.8025,0.3511,3.1536
A_voltage,1,152,3.2828,8.7485,12.0313
A_voltage,1,153,3.7462,0.8273,4.5735
A_voltage,1,154,2.2839,0.3150,2.5989
A_voltage,1,155,2.5262,52.7446,55.2708
A_voltage,1,156,2.8056,0.3954,3.2010
A_voltage,1,157,2.3591,0.2891,2.6482
A_voltage,1,158,2.1206,15.1701,17.2907
A_voltage,1,159,1.5631,0.2715,1.8346
A_voltage,1,160,1.4544,0.2282,1.6826
A_voltage,1,161,1.7298,14.9215,16.6513
A_voltage,1,162,1.8480,0.2475,2.0955
A_voltage,1,163,1.6521,0.3299,1.9820
A_voltage,1,164,1.5676,14.0615,15.6291
A_voltage,1,165,1.6382,0.2885,1.9267
A_voltage,1,166,1.9296,0.5831,2.5127
A_voltage,1,167,1.5228,56.3475,57.8703
A_voltage,1,168,2.8816,0.3789,3.2605
A_voltage,1,169,1.7518,0.9296,2.6814
A_voltage,1,170,2.9628,13.8639,16.8267
A_voltage,1,171,2.2361,0.4435,2.6796
A_voltage,1,172,1.9459,0.3455,2.2914
A_voltage,1,173,3.1726,54.6180,57.7906
A_voltage,1,174,2.0420,0.6395,2.6815
A_voltage,1,175,2.2942,0.5715,2.8657
A_voltage,1,176,1.6993,12.4432,14.1425
A_voltage,1,177,2.4100,0.3028,2.7128
A_voltage,1,178,1.9481,0.6152,2.5633
A_voltage,1,179,1.9590,58.6228,60.5818
A_voltage,1,180,2.6055,0.5598,3.1653
A_voltage,1,181,1.6580,0.3792,2.0372
A_voltage,1,182,1.4148,14.1584,15.5732
A_voltage,1,183,3.4701,1.0869,4.5570
A_voltage,1,184,2.3674,0.5746,2.9420
A_voltage,1,185,2.0548,51.7618,53.8166
A_voltage,1,186,3.2726,0.4750,3.7476
A_voltage,1,187,1.8568,0.4773,2.3341
A_voltage,1,188,2.5329,13.3636,15.8965
A_voltage,1,189,1.7504,0.3137,2.0641
A_voltage,1,190,1.7893,0.3076,2.0969
A_voltage,1,191,2.5813,55.6263,58.2076
A_voltage,1,192,1.9353,0.3704,2.3057
A_voltage,1,193,1.7412,0.2342,1.9754
A_voltage,1,194,1.8026,13.7346,15.5372
A_voltage,1,195,2.8823,0.3511,3.2334
A_voltage,1,196,2.7216,1.0489,3.7705
A_voltage,1,197,2.8810,54.2821,57.1631
A_voltage,1,198,2.5358,0.4278,2.9636
A_voltage,1,199,2.2058,0.2752,2.4810
A_voltage,2,0,3.7034,8.4544,12.1578
A_voltage,2,1,2.8129,0.3906,3.2035
A_voltage,2,2,2.6500,0.3712,3.0212
A_voltage,2,3,2.4105,10.0771,12.4876
A_voltage,2,4,2.7132,0.4041,3.1173
A_voltage,2,5,2.2029,0.3142,2.5171
A_voltage,2,6,2.5326,10.7994,13.3320
A_voltage,2,7,2.8151,0.6414,3.4565
A_voltage,2,8,2.7495,0.4220,3.1715
A_voltage,2,9,3.1808,11.7257,14.9065
A_voltage,2,10,3.0843,0.6512,3.7355
A_voltage,2,11,2.7786,0.3169,3.0955
A_voltage,2,12,2.7243,9.4646,12.1889
A_voltage,2,13,2.9291,0.3417,3.2708
A_voltage,2,14,1.5605,0.4319,1.9924
A_voltage,2,15,1.5050,12.3803,13.8853
A_voltage,2,16,1.5156,0.4584,1.9740
A_voltage,2,17,1.2165,0.3788,1.5953
A_voltage,2,18,2.0821,98.1176,100.1997
A_voltage,2,19,3.5158,0.5394,4.0552
A_voltage,2,20,3.8215,0.6036,4.4251
A_voltage,2,21,3.1174,10.4515,13.5689
A_voltage,2,22,3.8049,0.4796,4.2845
A_voltage,2,23,3.3551,0.6075,3.9626
A_voltage,2,24,3.0845,49.8465,52.9310
A_voltage,2,25,3.0419,0.6223,3.6642
A_voltage,2,26,2.6289,0.3573,2.9862
A_voltage,2,27,2.6141,8.9116,11.5257
A_voltage,2,28,3.2441,0.3614,3.6055
A_voltage,2,29,2.9921,0.4487,3.4408
A_voltage,2,30,3.1538,12.0153,15.1691
A_voltage,2,31,3.5403,0.4789,4.0192
A_voltage,2,32,3.4785,0.4992,3.9777
A_voltage,2,33,3.3790,49.6371,53.0161
A_voltage,2,34,3.4453,0.5124,3.9577
A_voltage,2,35,3.4836,0.3992,3.8828
A_voltage,2,36,3.0301,50.2075,53.2376
A_voltage,2,37,3.0002,1.0469,4.0471
A_voltage,2,38,2.6044,0.4203,3.0247
A_voltage,2,39,3.6448,12.8634,16.5082
A_voltage,2,40,3.3181,0.7668,4.0849
A_voltage,2,41,2.7341,0.3978,3.1319
A_voltage,2,42,2.3654,52.4004,54.7658
A_voltage,2,43,1.9906,0.5358,2.5264
A_voltage,2,44,1.8909,0.4986,2.3895
A_voltage,2,45,1.9701,12.5947,14.5648
A_voltage,2,46,1.9396,0.7874,2.7270
A_voltage,2,47,3.0358,0.8775,3.9133
A_voltage,2,48,3.0152,12.6730,15.6882
A_voltage,2,49,2.8099,0.3977,3.2076
A_voltage,2,50,1.9203,0.4451,2.3654
A_voltage,2,51,3.5512,53.2877,56.8389
A_voltage,2,52,3.3709,0.4489,3.8198
A_voltage,2,53,2.9517,0.4739,3.4256
A_voltage,2,54,3.2641,9.0947,12.3588
A_voltage,2,55,2.7961,0.3994,3.1955
A_voltage,2,56,2.9549,0.4584,3.4133
A_voltage,2,57,2.6893,56.5769,59.2662
A_voltage,2,58,1.4894,0.8307,2.3201
A_voltage,2,59,1.8215,0.7096,2.5311
A_voltage,2,60,1.9217,13.2178,15.1395
A_voltage,2,61,3.2153,1.1496,4.3649
A_voltage,2,62,4.2472,0.8131,5.0603
A_voltage,2,63,2.6228,49.0649,51.6877
A_voltage,2,64,3.3970,0.4563,3.8533
A_voltage,2,65,4.0536,0.4971,4.5507
A_voltage,2,66,3.7700,11.4506,15.2206
A_voltage,2,67,3.8637,0.5165,4.3802
A_voltage,2,68,4.5605,0.9463,5.5068
A_voltage,2,69,3.5361,6.2491,9.7852
A_voltage,2,70,3.2469,0.4722,3.7191
A_voltage,2,71,3.4530,0.5352,3.9882
A_voltage,2,72,6.2101,48.8513,55.0614
A_voltage,2,73,3.0383,0.4786,3.5169
A_voltage,2,74,3.1536,0.4734,3.6270
A_voltage,2,75,2.9523,12.2252,15.1775
A_voltage,2,76,2.8322,0.4162,3.2484
A_voltage,2,77,3.4851,0.9526,4.4377
A_voltage,2,78,2.5030,52.2790,54.7820
A_voltage,2,79,1.8305,0.7644,2.5949
A_voltage,2,80,2.6319,0.9629,3.5948
A_voltage,2,81,2.6717,11.1980,13.8697
A_voltage,2,82,2.7761,1.0234,3.7995
A_voltage,2,83,3.2798,0.3795,3.6593
A_voltage,2,84,2.5044,55.9735,58.4779
A_voltage,2,85,3.1161,0.6247,3.7408
A_voltage,2,86,2.2437,0.2603,2.5040
A_voltage,2,87,2.1175,11.3847,13.5022
A_voltage,2,88,2.0331,0.2819,2.3150
A_voltage,2,89,1.4153,0.2134,1.6287
A_voltage,2,90,2.0570,14.9146,16.9716
A_voltage,2,91,3.5613,0.5576,4.1189
A_voltage,2,92,2.1225,0.3217,2.4442
A_voltage,2,93,1.7585,14.7982,16.5567
A_voltage,2,94,3.1051,0.3991,3.5042
A_voltage,2,95,2.5485,0.3770,2.9255
A_voltage,2,96,2.7055,10.7328,13.4383
A_voltage,2,97,2.2409,0.3949,2.6358
A_voltage,2,98,2.5793,0.7179,3.2972
A_voltage,2,99,2.7106,10.9176,13.6282
A_voltage,2,100,2.4547,0.2939,2.7486
A_voltage,2,101,1.5022,0.2440,1.7462
A_voltage,2,102,1.5228,14.8452,16.3680
A_voltage,2,103,2.2957,0.3008,2.5965
A_voltage,2,104,1.4738,0.2280,1.7018
A_voltage,2,105,1.5410,99.8050,101.3460
A_voltage,2,106,3.0492,0.7010,3.7502
A_voltage,2,107,2.0803,0.9690,3.0493
A_voltage,2,108,2.5688,14.2752,16.8440
A_voltage,2,109,1.8506,0.7884,2.6390
A_voltage,2,110,2.3808,0.5857,2.9665
A_voltage,2,111,3.0685,54.6233,57.6918
A_voltage,2,112,2.1690,0.6477,2.8167
A_voltage,2,113,1.7083,0.2694,1.9777
A_voltage,2,114,2.1582,12.3531,14.5113
A_voltage,2,115,2.2106,0.5455,2.7561
A_voltage,2,116,2.7525,0.2729,3.0254
A_voltage,2,117,2.1707,58.1992,60.3699
A_voltage,2,118,2.2358,0.3985,2.6343
A_voltage,2,119,1.8890,0.2545,2.1435
A_voltage,2,120,1.9074,11.9618,13.8692
A_voltage,2,121,1.8183,0.2638,2.0821
A_voltage,2,122,1.6705,0.2099,1.8804
A_voltage,2,123,1.6933,56.2249,57.9182
A_voltage,2,124,2.3330,0.6377,2.9707
A_voltage,2,125,1.4439,0.6442,2.0881
A_voltage,2,126,1.8082,15.2334,17.0416
A_voltage,2,127,1.9812,0.8082,2.7894
A_voltage,2,128,2.3022,0.7377,3.0399
A_voltage,2,129,2.3584,54.7580,57.1164
A_voltage,2,130,1.5369,0.8486,2.3855
A_voltage,2,131,2.2186,0.4848,2.7034
A_voltage,2,132,1.4221,5.6437,7.0658
A_voltage,2,133,2.7032,0.3886,3.0918
A_voltage,2,134,2.7441,0.7236,3.4677
A_voltage,2,135,2.1625,35.8154,37.9779
A_voltage,2,136,1.5695,0.3242,1.8937
A_voltage,2,137,2.0830,0.6583,2.7413
A_voltage,2,138,2.0644,0.4469,2.5113
A_voltage,2,139,1.8536,0.4336,2.2872
A_voltage,2,140,1.2692,0.7621,2.0313
A_voltage,2,141,1.4394,0.4570,1.8964
A_voltage,2,142,1.7837,0.6857,2.4694
A_voltage,2,143,1.7392,0.5424,2.2816
A_voltage,2,144,1.9560,75.3783,77.3343
A_voltage,2,145,3.4110,0.6571,4.0681
A_voltage,2,146,3.0416,0.7434,3.7850
A_voltage,2,147,3.4232,8.1194,11.5426
A_voltage,2,148,3.6006,0.5019,4.1025
A_voltage,2,149,3.5707,0.7301,4.3008
A_voltage,2,150,3.2014,54.2720,57.4734
A_voltage,2,151,3.4359,0.7535,4.1894
A_voltage,2,152,2.8687,0.3615,3.2302
A_voltage,2,153,2.4420,9.7503,12.1923
A_voltage,2,154,4.2343,0.6272,4.8615
A_voltage,2,155,3.3681,0.4843,3.8524
A_voltage,2,156,2.9648,50.7278,53.6926
A_voltage,2,157,2.9777,0.4348,3.4125
A_voltage,2,158,2.8065,0.3613,3.1678
A_voltage,2,159,1.6895,15.3470,17.0365
A_voltage,2,160,1.6509,0.4855,2.1364
A_voltage,2,161,1.5042,0.3626,1.8668
A_voltage,2,162,1.4569,57.1818,58.6387
A_voltage,2,163,1.5066,0.2565,1.7631
A_voltage,2,164,2.0107,0.3626,2.3733
A_voltage,2,165,1.3099,14.6433,15.9532
A_voltage,2,166,2.9343,0.3973,3.3316
A_voltage,2,167,3.4573,0.6402,4.0975
A_voltage,2,168,4.8902,53.7742,58.6644
A_voltage,2,169,1.7004,0.8483,2.5487
A_voltage,2,170,3.4965,0.9175,4.4140
A_voltage,2,171,2.7324,9.4841,12.2165
A_voltage,2,172,1.7517,0.5440,2.2957
A_voltage,2,173,1.5731,0.2501,1.8232
A_voltage,2,174,1.4027,13.6539,15.0566
A_voltage,2,175,1.5814,0.4400,2.0214
A_voltage,2,176,1.3832,0.3172,1.7004
A_voltage,2,177,1.4271,18.2999,19.7270
A_voltage,2,178,1.7342,0.2901,2.0243
A_voltage,2,179,1.8256,0.3136,2.1392
A_voltage,2,180,2.8350,54.6312,57.4662
A_voltage,2,181,2.1127,0.5536,2.6663
A_voltage,2,182,2.3343,1.1689,3.5032
A_voltage,2,183,2.1896,12.3972,14.5868
A_voltage,2,184,2.1529,0.4832,2.6361
A_voltage,2,185,2.1540,0.7025,2.8565
A_voltage,2,186,1.9109,14.7972,16.7081
A_voltage,2,187,3.3221,0.7649,4.0870
A_voltage,2,188,2.6080,1.1221,3.7301
A_voltage,2,189,3.3088,7.6794,10.9882
A_voltage,2,190,2.6753,0.5140,3.1893
A_voltage,2,191,2.6762,1.1554,3.8316
A_voltage,2,192,2.7901,11.0059,13.7960
A_voltage,2,193,2.4529,0.2942,2.7471
A_voltage,2,194,1.5145,0.5618,2.0763
A_voltage,2,195,2.5927,54.2205,56.8132
A_voltage,2,196,1.8118,0.3092,2.1210
A_voltage,2,197,2.1477,0.6259,2.7736
A_voltage,2,198,2.1840,15.7469,17.9309
A_voltage,2,199,2.2449,0.8015,3.0464
A_voltage,3,0,1.7726,0.3083,2.0809
A_voltage,3,1,2.2937,54.3997,56.6934
A_voltage,3,2,1.8553,0.4309,2.2862
A_voltage,3,3,1.8491,0.4256,2.2747
A_voltage,3,4,4.0406,11.0854,15.1260
A_voltage,3,5,3.5695,0.3977,3.9672
A_voltage,3,6,2.7389,0.3815,3.1204
A_voltage,3,7,3.2668,54.4556,57.7224
A_voltage,3,8,2.6032,0.3754,2.9786
A_voltage,3,9,2.6919,0.5256,3.2175
A_voltage,3,10,2.3605,9.5985,11.9590
A_voltage,3,11,1.6194,0.2725,1.8919
A_voltage,3,12,1.4924,0.2275,1.7199
A_voltage,3,13,1.5606,56.4702,58.0308
A_voltage,3,14,2.1722,1.2290,3.4012
A_voltage,3,15,3.2336,0.3436,3.5772
A_voltage,3,16,2.1865,11.9157,14.1022
A_voltage,3,17,1.6422,0.2662,1.9084
A_voltage,3,18,1.6208,0.5120,2.1328
A_voltage,3,19,4.5159,10.0944,14.6103
A_voltage,3,20,2.2464,0.5602,2.8066
A_voltage,3,21,2.0202,0.3628,2.3830
A_voltage,3,22,2.3154,53.5448,55.8602
A_voltage,3,23,2.5408,0.2849,2.8257
A_voltage,3,24,1.9496,0.2389,2.1885
A_voltage,3,25,1.5767,15.6036,17.1803
A_voltage,3,26,1.6270,0.6085,2.2355
A_voltage,3,27,2.0743,0.2422,2.3165
A_voltage,3,28,1.6372,54.9740,56.6112
A_voltage,3,29,2.5404,0.6593,3.1997
A_voltage,3,30,2.5867,0.3247,2.9114
A_voltage,3,31,2.1282,52.9600,55.0882
A_voltage,3,32,2.6910,0.6736,3.3646
A_voltage,3,33,3.4478,0.6709,4.1187
A_voltage,3,34,2.0968,12.0866,14.1834
A_voltage,3,35,1.8435,0.7744,2.6179
A_voltage,3,36,1.6844,0.4883,2.1727
A_voltage,3,37,2.0654,55.1338,57.1992
A_voltage,3,38,2.9150,0.5874,3.5024
A_voltage,3,39,2.4044,0.7274,3.1318
A_voltage,3,40,2.2157,8.5963,10.8120
A_voltage,3,41,2.7910,0.6739,3.4649
A_voltage,3,42,1.3618,0.4741,1.8359
A_voltage,3,43,1.5243,58.0191,59.5434
A_voltage,3,44,1.4924,0.7902,2.2826
A_voltage,3,45,1.3602,0.4941,1.8543
A_voltage,3,46,1.4718,11.9935,13.4653
A_voltage,3,47,1.3666,0.4351,1.8017
A_voltage,3,48,2.2822,0.3914,2.6736
A_voltage,3,49,1.4373,56.8384,58.2757
A_voltage,3,50,2.7855,0.3082,3.0937
A_voltage,3,51,2.0554,0.2012,2.2566
A_voltage,3,52,2.3254,12.5809,14.9063
A_voltage,3,53,1.9374,0.3298,2.2672
A_voltage,3,54,1.7633,0.2656,2.0289
A_voltage,3,55,1.6225,59.3086,60.9311
A_voltage,3,56,1.5038,0.4435,1.9473
A_voltage,3,57,2.2790,0.3044,2.5834
A_voltage,3,58,3.0304,12.1389,15.1693
A_voltage,3,59,1.4798,0.2641,1.7439
A_voltage,3,60,1.3362,0.2307,1.5669
A_voltage,3,61,1.5147,15.1539,16.6686
A_voltage,3,62,1.9055,0.3283,2.2338
A_voltage,3,63,2.2665,0.5667,2.8332
A_voltage,3,64,1.4980,59.2540,60.7520
A_voltage,3,65,3.0003,0.5382,3.5385
A_voltage,3,66,3.2988,0.8803,4.1791
A_voltage,3,67,2.6208,9.7006,12.3214
A_voltage,3,68,3.1646,0.3599,3.5245
A_voltage,3,69,2.3251,0.4872,2.8123
A_voltage,3,70,1.6846,11.1267,12.8113
A_voltage,3,71,2.2225,0.2719,2.4944
A_voltage,3,72,1.9141,0.4756,2.3897
A_voltage,3,73,1.6603,16.9346,18.5949
A_voltage,3,74,2.0640,0.5843,2.6483
A_voltage,3,75,2.5689,0.4152,2.9841
A_voltage,3,76,2.4102,12.1893,14.5995
A_voltage,3,77,2.5608,0.7755,3.3363
A_voltage,3,78,1.6106,0.4382,2.0488
A_voltage,3,79,2.0549,13.2421,15.2970
A_voltage,3,80,1.4544,0.4632,1.9176
A_voltage,3,81,1.4688,0.3393,1.8081
A_voltage,3,82,1.3739,57.0941,58.4680
A_voltage,3,83,2.5673,0.4332,3.0005
A_voltage,3,84,1.3548,0.3916,1.7464
A_voltage,3,85,3.4566,16.0809,19.5375
A_voltage,3,86,1.8989,0.6396,2.5385
A_voltage,3,87,1.7522,0.4326,2.1848
A_voltage,3,88,2.7662,12.1668,14.9330
A_voltage,3,89,2.5401,0.5746,3.1147
A_voltage,3,90,1.6459,0.3106,1.9565
A_voltage,3,91,1.8652,55.4173,57.2825
A_voltage,3,92,2.1117,0.3852,2.4969
A_voltage,3,93,3.7276,0.3318,4.0594
A_voltage,3,94,2.8399,13.8895,16.7294
A_voltage,3,95,1.5468,0.4416,1.9884
A_voltage,3,96,1.4013,0.4293,1.8306
A_voltage,3,97,2.0562,56.7032,58.7594
A_voltage,3,98,2.4225,0.5419,2.9644
A_voltage,3,99,1.4953,0.3632,1.8585
A_voltage,3,100,1.3053,14.1254,15.4307
A_voltage,3,101,1.9689,0.3078,2.2767
A_voltage,3,102,2.3585,0.3219,2.6804
A_voltage,3,103,1.2732,59.2065,60.4797
A_voltage,3,104,1.8615,0.4620,2.3235
A_voltage,3,105,1.8748,0.2702,2.1450
A_voltage,3,106,1.8459,13.8122,15.6581
A_voltage,3,107,1.6642,0.4194,2.0836
A_voltage,3,108,1.4770,0.3766,1.8536
A_voltage,3,109,1.4076,15.0976,16.5052
A_voltage,3,110,1.8020,0.5117,2.3137
A_voltage,3,111,1.5367,0.4847,2.0214
A_voltage,3,112,2.6222,59.0531,61.6753
A_voltage,3,113,2.3333,0.4305,2.7638
A_voltage,3,114,2.7164,0.5135,3.2299
A_voltage,3,115,2.7687,11.3001,14.0688
A_voltage,3,116,3.2533,0.4134,3.6667
A_voltage,3,117,1.7855,0.3042,2.0897
A_voltage,3,118,1.4082,55.4517,56.8599
A_voltage,3,119,2.3035,0.2792,2.5827
A_voltage,3,120,1.5621,0.1839,1.7460
A_voltage,3,121,1.3078,17.8148,19.1226
A_voltage,3,122,2.1195,0.6639,2.7834
A_voltage,3,123,1.7701,0.4775,2.2476
A_voltage,3,124,1.7380,56.1280,57.8660
A_voltage,3,125,2.2084,0.2771,2.4855
A_voltage,3,126,1.7730,0.2182,1.9912
A_voltage,3,127,1.5155,13.7085,15.2240
A_voltage,3,128,2.7095,0.3023,3.0118
A_voltage,3,129,2.0494,0.4642,2.5136
A_voltage,3,130,1.5593,15.2373,16.7966
A_voltage,3,131,1.5287,0.5328,2.0615
A_voltage,3,132,1.8253,0.5270,2.3523
A_voltage,3,133,1.7071,55.8417,57.5488
A_voltage,3,134,2.2204,0.5714,2.7918
A_voltage,3,135,2.1518,0.3881,2.5399
A_voltage,3,136,3.0115,11.5454,14.5569
A_voltage,3,137,2.4009,0.5200,2.9209
A_voltage,3,138,2.4435,0.5059,2.9494
A_voltage,3,139,2.9444,57.7028,60.6472
A_voltage,3,140,2.3729,0.7841,3.1570
A_voltage,3,141,2.0839,0.4432,2.5271
A_voltage,3,142,1.8225,11.9413,13.7638
A_voltage,3,143,2.0599,0.5943,2.6542
A_voltage,3,144,1.6892,0.4069,2.0961
A_voltage,3,145,1.4517,56.5179,57.9696
A_voltage,3,146,1.8056,0.5084,2.3140
A_voltage,3,147,2.0383,0.4230,2.4613
A_voltage,3,148,1.5378,17.2521,18.7899
A_voltage,3,149,2.4595,0.7975,3.2570
A_voltage,3,150,1.6659,0.4911,2.1570
A_voltage,3,151,2.2677,12.5543,14.8220
A_voltage,3,152,2.8006,0.8885,3.6891
A_voltage,3,153,2.6440,0.7627,3.4067
A_voltage,3,154,2.4218,52.5869,55.0087
A_voltage,3,155,3.4465,0.2748,3.7213
A_voltage,3,156,1.9153,0.2687,2.1840
A_voltage,3,157,1.9634,16.0857,18.0491
A_voltage,3,158,1.8254,0.5179,2.3433
A_voltage,3,159,1.7513,0.2246,1.9759
A_voltage,3,160,1.4240,6.0820,7.5060
A_voltage,3,161,4.1815,0.3090,4.4905
A_voltage,3,162,2.3724,0.5403,2.9127
A_voltage,3,163,1.9128,0.1910,2.1038
A_voltage,3,164,1.4660,0.2656,1.7316
A_voltage,3,165,1.7606,39.1699,40.9305
A_voltage,3,166,1.6247,0.2615,1.8862
A_voltage,3,167,1.3231,0.1707,1.4938
A_voltage,3,168,2.0915,0.5574,2.6489
A_voltage,3,169,2.3816,0.2745,2.6561
A_voltage,3,170,1.5869,63.2364,64.8233
A_voltage,3,171,2.8379,0.3099,3.1478
A_voltage,3,172,2.0203,0.2888,2.3091
A_voltage,3,173,2.7925,15.3758,18.1683
A_voltage,3,174,2.0475,0.3099,2.3574
A_voltage,3,175,1.3891,0.2097,1.5988
A_voltage,3,176,1.3373,15.1675,16.5048
A_voltage,3,177,2.0347,0.3259,2.3606
A_voltage,3,178,2.3186,0.2925,2.6111
A_voltage,3,179,1.9073,55.5814,57.4887
A_voltage,3,180,2.2276,0.5595,2.7871
A_voltage,3,181,2.8394,0.3962,3.2356
A_voltage,3,182,2.3518,15.0101,17.3619
A_voltage,3,183,2.8329,0.4299,3.2628
A_voltage,3,184,1.5544,0.2520,1.8064
A_voltage,3,185,1.9168,55.3631,57.2799
A_voltage,3,186,1.9499,0.2873,2.2372
A_voltage,3,187,1.6434,0.2108,1.8542
A_voltage,3,188,1.5546,13.0656,14.6202
A_voltage,3,189,1.7278,0.3370,2.0648
A_voltage,3,190,1.5258,0.1899,1.7157
A_voltage,3,191,1.5141,61.0475,62.5616
A_voltage,3,192,2.7105,0.3161,3.0266
A_voltage,3,193,2.1825,0.3002,2.4827
A_voltage,3,194,2.4734,11.8269,14.3003
A_voltage,3,195,2.9238,0.5779,3.5017
A_voltage,3,196,2.5251,0.4728,2.9979
A_voltage,3,197,3.4283,8.8457,12.2740
A_voltage,3,198,1.5425,0.2537,1.7962
A_voltage,3,199,1.4775,0.2930,1.7705
A_voltage,4,0,2.8322,59.5452,62.3774
A_voltage,4,1,1.6239,0.2563,1.8802
A_voltage,4,2,1.7726,0.6180,2.3906
A_voltage,4,3,2.5834,13.5121,16.0955
A_voltage,4,4,1.7342,0.5065,2.2407
A_voltage,4,5,1.4010,0.4105,1.8115
A_voltage,4,6,1.6625,55.4697,57.1322
A_voltage,4,7,3.5810,0.3394,3.9204
A_voltage,4,8,3.2159,0.9150,4.1309
A_voltage,4,9,2.6714,12.1098,14.7812
A_voltage,4,10,1.9431,0.3048,2.2479
A_voltage,4,11,2.0241,0.2669,2.2910
A_voltage,4,12,1.5371,56.6715,58.2086
A_voltage,4,13,1.6203,0.6116,2.2319
A_voltage,4,14,1.3532,0.4495,1.8027
A_voltage,4,15,1.3501,13.4410,14.7911
A_voltage,4,16,1.7813,0.5701,2.3514
A_voltage,4,17,1.4206,0.4538,1.8744
A_voltage,4,18,1.3878,17.4330,18.8208
A_voltage,4,19,1.4467,0.4101,1.8568
A_voltage,4,20,1.5038,0.3227,1.8265
A_voltage,4,21,2.0831,55.1859,57.2690
A_voltage,4,22,2.5052,0.5079,3.0131
A_voltage,4,23,1.5984,0.2775,1.8759
A_voltage,4,24,1.7494,11.8916,13.6410
A_voltage,4,25,1.6246,0.2734,1.8980
A_voltage,4,26,1.3913,0.4919,1.8832
A_voltage,4,27,2.8722,57.8886,60.7608
A_voltage,4,28,1.7689,0.3060,2.0749
A_voltage,4,29,1.8293,0.2323,2.0616
A_voltage,4,30,1.5729,13.0461,14.6190
A_voltage,4,31,1.6332,0.3184,1.9516
A_voltage,4,32,2.1904,0.4284,2.6188
A_voltage,4,33,2.2273,54.1696,56.3969
A_voltage,4,34,3.0058,0.5639,3.5697
A_voltage,4,35,1.5461,0.3571,1.9032
A_voltage,4,36,1.8209,14.3947,16.2156
A_voltage,4,37,2.2014,0.3271,2.5285
A_voltage,4,38,1.8038,0.2852,2.0890
A_voltage,4,39,2.7586,10.8638,13.6224
A_voltage,4,40,1.6683,0.2766,1.9449
A_voltage,4,41,2.1009,0.4226,2.5235
A_voltage,4,42,2.5166,53.9982,56.5148
A_voltage,4,43,1.8524,0.2957,2.1481
A_voltage,4,44,1.4882,0.2166,1.7048
A_voltage,4,45,1.3239,13.7868,15.1107
A_voltage,4,46,1.8638,0.4668,2.3306
A_voltage,4,47,1.6620,0.5308,2.1928
A_voltage,4,48,1.9491,15.5932,17.5423
A_voltage,4,49,2.6903,0.3843,3.0746
A_voltage,4,50,2.8279,0.4995,3.3274
A_voltage,4,51,2.1670,9.5740,11.7410
A_voltage,4,52,2.7675,0.3364,3.1039
A_voltage,4,53,2.4222,0.2700,2.6922
A_voltage,4,54,1.8310,10.8088,12.6398
A_voltage,4,55,3.6729,0.3591,4.0320
A_voltage,4,56,2.1488,0.4287,2.5775
A_voltage,4,57,1.9231,11.5408,13.4639
A_voltage,4,58,1.7397,0.2822,2.0219
A_voltage,4,59,1.4085,0.1977,1.6062
A_voltage,4,60,1.4006,57.6588,59.0594
A_voltage,4,61,1.5993,0.5777,2.1770
A_voltage,4,62,2.4427,0.3352,2.7779
A_voltage,4,63,2.0685,16.2035,18.2720
A_voltage,4,64,1.4936,0.4276,1.9212
A_voltage,4,65,1.3840,0.3256,1.7096
A_voltage,4,66,1.4072,13.7408,15.1480
A_voltage,4,67,2.3854,0.2898,2.6752
A_voltage,4,68,2.3731,0.3740,2.7471
A_voltage,4,69,1.7130,55.2278,56.9408
A_voltage,4,70,2.2140,0.5177,2.7317
A_voltage,4,71,1.9661,0.7357,2.7018
A_voltage,4,72,2.3909,15.5781,17.9690
A_voltage,4,73,1.6625,0.2806,1.9431
A_voltage,4,74,1.4811,0.1949,1.6760
A_voltage,4,75,2.0842,56.5188,58.6030
A_voltage,4,76,1.5689,0.2753,1.8442
A_voltage,4,77,1.5445,0.2052,1.7497
A_voltage,4,78,1.7534,14.4004,16.1538
A_voltage,4,79,1.9143,0.5550,2.4693
A_voltage,4,80,1.5011,0.3560,1.8571
A_voltage,4,81,1.3179,56.4337,57.7516
A_voltage,4,82,1.7011,0.3729,2.0740
A_voltage,4,83,1.3376,0.3555,1.6931
A_voltage,4,84,1.3564,18.4521,19.8085
A_voltage,4,85,2.2209,0.8199,3.0408
A_voltage,4,86,3.7497,0.4823,4.2320
A_voltage,4,87,3.0694,8.9942,12.0636
A_voltage,4,88,2.4986,0.4429,2.9415
A_voltage,4,89,2.5994,0.3410,2.9404
A_voltage,4,90,2.0390,54.5742,56.6132
A_voltage,4,91,1.8476,0.5182,2.3658
A_voltage,4,92,3.3140,0.6749,3.9889
A_voltage,4,93,3.0132,14.4604,17.4736
A_voltage,4,94,1.5486,0.4440,1.9926
A_voltage,4,95,1.6342,0.4243,2.0585
A_voltage,4,96,1.4034,57.2057,58.6091
A_voltage,4,97,4.0384,0.4882,4.5266
A_voltage,4,98,2.5308,0.2890,2.8198
A_voltage,4,99,2.9227,8.9155,11.8382
A_voltage,4,100,2.2082,0.3130,2.5212
A_voltage,4,101,1.5137,0.2043,1.7180
A_voltage,4,102,2.0938,59.7231,61.8169
A_voltage,4,103,2.3914,0.3055,2.6969
A_voltage,4,104,1.7402,0.2144,1.9546
A_voltage,4,105,1.3926,14.2151,15.6077
A_voltage,4,106,3.9826,0.3453,4.3279
A_voltage,4,107,2.6195,0.3194,2.9389
A_voltage,4,108,4.2391,7.8689,12.1080
A_voltage,4,109,1.4037,0.2365,1.6402
A_voltage,4,110,1.3158,0.1633,1.4791
A_voltage,4,111,1.2688,19.4396,20.7084
A_voltage,4,112,1.7056,0.2277,1.9333
A_voltage,4,113,1.2940,0.1683,1.4623
A_voltage,4,114,1.4095,100.7125,102.1220
A_voltage,4,115,2.3237,0.4514,2.7751
A_voltage,4,116,2.1467,0.3105,2.4572
A_voltage,4,117,1.9987,16.4516,18.4503
A_voltage,4,118,1.8872,0.5758,2.4630
A_voltage,4,119,1.5126,0.2334,1.7460
A_voltage,4,120,1.3164,57.1512,58.4676
A_voltage,4,121,2.5126,0.3016,2.8142
A_voltage,4,122,1.4725,0.4333,1.9058
A_voltage,4,123,1.4493,13.8966,15.3459
A_voltage,4,124,1.4593,0.3874,1.8467
A_voltage,4,125,1.3000,0.6595,1.9595
A_voltage,4,126,1.2828,18.8959,20.1787
A_voltage,4,127,2.0930,0.2956,2.3886
A_voltage,4,128,2.2412,0.2987,2.5399
A_voltage,4,129,3.2544,54.1695,57.4239
A_voltage,4,130,2.4088,0.3973,2.8061
A_voltage,4,131,2.9668,0.3910,3.3578
A_voltage,4,132,1.8900,12.1494,14.0394
A_voltage,4,133,3.3247,0.7431,4.0678
A_voltage,4,134,2.3653,0.3329,2.6982
A_voltage,4,135,2.2125,57.6471,59.8596
A_voltage,4,136,2.3079,0.3605,2.6684
A_voltage,4,137,2.1949,0.3110,2.5059
A_voltage,4,138,1.9431,12.6973,14.6404
A_voltage,4,139,1.6657,0.2678,1.9335
A_voltage,4,140,1.7826,0.2078,1.9904
A_voltage,4,141,1.4175,13.7022,15.1197
A_voltage,4,142,2.0915,0.2861,2.3776
A_voltage,4,143,2.7422,0.2506,2.9928
A_voltage,4,144,1.6466,16.8818,18.5284
A_voltage,4,145,1.4508,0.4438,1.8946
A_voltage,4,146,1.4624,0.6306,2.0930
A_voltage,4,147,2.0831,14.7820,16.8651
A_voltage,4,148,1.4000,0.4477,1.8477
A_voltage,4,149,1.4170,0.6362,2.0532
A_voltage,4,150,1.7306,43.2828,45.0134
A_voltage,4,151,2.4085,0.3025,2.7110
A_voltage,4,152,2.5311,0.6276,3.1587
A_voltage,4,153,2.0690,0.6744,2.7434
A_voltage,4,154,3.2246,0.5767,3.8013
A_voltage,4,155,2.7953,0.7034,3.4987
A_voltage,4,156,1.7892,0.2453,2.0345
A_voltage,4,157,1.9775,50.7126,52.6901
A_voltage,4,158,1.5426,0.4358,1.9784
A_voltage,4,159,1.2794,0.3873,1.6667
A_voltage,4,160,1.6149,14.5038,16.1187
A_voltage,4,161,1.8344,0.3581,2.1925
A_voltage,4,162,1.2777,0.4370,1.7147
A_voltage,4,163,1.2435,57.4217,58.6652
A_voltage,4,164,1.4232,0.2619,1.6851
A_voltage,4,165,1.2517,0.1703,1.4220
A_voltage,4,166,1.3435,18.9973,20.3408
A_voltage,4,167,1.4321,0.2754,1.7075
A_voltage,4,168,2.0431,0.2218,2.2649
A_voltage,4,169,1.3912,57.6173,59.0085
A_voltage,4,170,1.9929,0.4088,2.4017
A_voltage,4,171,2.2377,0.5547,2.7924
A_voltage,4,172,1.8098,12.2925,14.1023
A_voltage,4,173,1.4075,0.2512,1.6587
A_voltage,4,174,1.3017,0.1836,1.4853
A_voltage,4,175,1.2538,19.3246,20.5784
A_voltage,4,176,2.7605,1.0079,3.7684
A_voltage,4,177,5.3702,0.9587,6.3289
A_voltage,4,178,3.2327,50.2283,53.4610
A_voltage,4,179,1.7713,0.4371,2.2084
A_voltage,4,180,1.4646,0.4278,1.8924
A_voltage,4,181,1.7274,14.1942,15.9216
A_voltage,4,182,2.5029,0.3515,2.8544
A_voltage,4,183,3.1249,0.5299,3.6548
A_voltage,4,184,1.5626,58.1843,59.7469
A_voltage,4,185,2.0569,0.8708,2.9277
A_voltage,4,186,1.7890,0.6801,2.4691
A_voltage,4,187,1.9911,11.7403,13.7314
A_voltage,4,188,1.4734,0.2599,1.7333
A_voltage,4,189,1.3057,0.2280,1.5337
A_voltage,4,190,1.5701,57.8047,59.3748
A_voltage,4,191,2.1305,0.4479,2.5784
A_voltage,4,192,1.7132,0.7289,2.4421
A_voltage,4,193,3.6376,14.9888,18.6264
A_voltage,4,194,2.4017,0.4685,2.8702
A_voltage,4,195,3.0319,0.2914,3.3233
A_voltage,4,196,1.4770,12.3050,13.7820
A_voltage,4,197,3.3927,0.4499,3.8426
A_voltage,4,198,2.1772,0.4842,2.6614
A_voltage,4,199,1.7341,53.9720,55.7061
A_voltage,5,0,2.1040,0.5654,2.6694
A_voltage,5,1,1.5969,0.3850,1.9819
A_voltage,5,2,1.3949,16.6134,18.0083
A_voltage,5,3,2.0520,0.7780,2.8300
A_voltage,5,4,1.7681,0.6052,2.3733
A_voltage,5,5,1.6993,54.3239,56.0232
A_voltage,5,6,2.2672,0.4139,2.6811
A_voltage,5,7,2.1372,0.4426,2.5798
A_voltage,5,8,3.4311,10.8698,14.3009
A_voltage,5,9,1.8709,0.3422,2.2131
A_voltage,5,10,1.7570,0.2654,2.0224
A_voltage,5,11,2.7282,59.3518,62.0800
A_voltage,5,12,3.7142,0.4232,4.1374
A_voltage,5,13,2.2353,0.6300,2.8653
A_voltage,5,14,2.9650,9.9176,12.8826
A_voltage,5,15,2.4398,0.4832,2.9230
A_voltage,5,16,4.0077,0.6878,4.6955
A_voltage,5,17,3.0675,8.5061,11.5736
A_voltage,5,18,1.7939,0.3030,2.0969
A_voltage,5,19,1.6966,0.3314,2.0280
A_voltage,5,20,1.8705,59.5444,61.4149
A_voltage,5,21,1.6577,0.2949,1.9526
A_voltage,5,22,1.5710,0.2877,1.8587
A_voltage,5,23,2.5820,13.1722,15.7542
A_voltage,5,24,3.2236,0.8625,4.0861
A_voltage,5,25,2.4030,1.0914,3.4944
A_voltage,5,26,2.3528,51.0464,53.3992
A_voltage,5,27,1.7522,0.4495,2.2017
A_voltage,5,28,3.7658,0.5823,4.3481
A_voltage,5,29,1.8422,13.9826,15.8248
A_voltage,5,30,1.7397,0.5793,2.3190
A_voltage,5,31,2.0440,1.0510,3.0950
A_voltage,5,32,2.8731,10.0092,12.8823
A_voltage,5,33,3.4978,0.6594,4.1572
A_voltage,5,34,3.4466,0.3854,3.8320
A_voltage,5,35,2.0259,7.8686,9.8945
A_voltage,5,36,2.0831,0.3387,2.4218
A_voltage,5,37,1.6475,0.5115,2.1590
A_voltage,5,38,2.1202,12.3290,14.4492
A_voltage,5,39,1.9686,0.2917,2.2603
A_voltage,5,40,1.5389,0.2407,1.7796
A_voltage,5,41,1.5498,14.1507,15.7005
A_voltage,5,42,3.2912,0.4929,3.7841
A_voltage,5,43,3.1706,0.5068,3.6774
A_voltage,5,44,2.7515,51.3541,54.1056
A_voltage,5,45,2.2045,0.6223,2.8268
A_voltage,5,46,1.5065,0.2469,1.7534
A_voltage,5,47,2.5118,15.1587,17.6705
A_voltage,5,48,1.5523,0.2733,1.8256
A_voltage,5,49,1.4080,0.2189,1.6269
A_voltage,5,50,1.6135,56.1257,57.7392
A_voltage,5,51,2.5229,0.6082,3.1311
A_voltage,5,52,2.9784,0.4267,3.4051
A_voltage,5,53,4.1771,7.2829,11.4600
A_voltage,5,54,2.4910,0.5642,3.0552
A_voltage,5,55,1.8448,0.2917,2.1365
A_voltage,5,56,1.6413,58.0514,59.6927
A_voltage,5,57,2.7882,0.4467,3.2349
A_voltage,5,58,1.4598,0.2390,1.6988
A_voltage,5,59,1.8090,12.6602,14.4692
A_voltage,5,60,2.9418,0.7013,3.6431
A_voltage,5,61,2.9995,0.5848,3.5843
A_voltage,5,62,2.3986,51.2066,53.6052
A_voltage,5,63,3.0520,0.9181,3.9701
A_voltage,5,64,2.0028,0.5147,2.5175
A_voltage,5,65,1.9253,9.8888,11.8141
A_voltage,5,66,2.5256,0.9205,3.4461
A_voltage,5,67,1.5255,0.7365,2.2620
A_voltage,5,68,3.9760,56.5886,60.5646
A_voltage,5,69,1.6748,0.4408,2.1156
A_voltage,5,70,1.6608,0.4265,2.0873
A_voltage,5,71,1.7664,13.5228,15.2892
A_voltage,5,72,1.7528,0.2721,2.0249
A_voltage,5,73,1.5088,0.5674,2.0762
A_voltage,5,74,1.7515,56.3628,58.1143
A_voltage,5,75,1.7556,0.6112,2.3668
A_voltage,5,76,1.7268,0.2507,1.9775
A_voltage,5,77,1.5611,16.7885,18.3496
A_voltage,5,78,1.7309,0.3201,2.0510
A_voltage,5,79,2.5609,0.5367,3.0976
A_voltage,5,80,1.8288,56.1413,57.9701
A_voltage,5,81,1.8638,0.3347,2.1985
A_voltage,5,82,1.8109,0.9394,2.7503
A_voltage,5,83,2.6201,11.1795,13.7996
A_voltage,5,84,1.5296,0.5070,2.0366
A_voltage,5,85,2.4499,0.3647,2.8146
A_voltage,5,86,2.6037,58.9668,61.5705
A_voltage,5,87,2.8040,0.4238,3.2278
A_voltage,5,88,2.9161,0.4197,3.3358
A_voltage,5,89,2.6475,10.6298,13.2773
A_voltage,5,90,3.2250,0.5276,3.7526
A_voltage,5,91,2.9076,0.4075,3.3151
A_voltage,5,92,2.6879,52.7024,55.3903
A_voltage,5,93,2.9510,0.3801,3.3311
A_voltage,5,94,2.8179,0.8409,3.6588
A_voltage,5,95,3.1894,13.4944,16.6838
A_voltage,5,96,2.9884,0.3400,3.3284
A_voltage,5,97,2.3857,0.3100,2.6957
A_voltage,5,98,1.6423,54.8989,56.5412
A_voltage,5,99,2.0111,0.4441,2.4552
A_voltage,5,100,1.5357,0.7174,2.2531
A_voltage,5,101,1.9063,13.3614,15.2677
A_voltage,5,102,1.5189,0.5591,2.0780
A_voltage,5,103,1.5517,0.3518,1.9035
A_voltage,5,104,1.3696,61.1431,62.5127
A_voltage,5,105,2.1560,0.5525,2.7085
A_voltage,5,106,1.5935,0.3854,1.9789
A_voltage,5,107,1.7516,13.5943,15.3459
A_voltage,5,108,1.7871,0.5351,2.3222
A_voltage,5,109,1.9842,0.5120,2.4962
A_voltage,5,110,1.4059,56.2481,57.6540
A_voltage,5,111,1.7881,0.4781,2.2662
A_voltage,5,112,1.3437,0.3222,1.6659
A_voltage,5,113,1.4496,17.5847,19.0343
A_voltage,5,114,1.6981,0.2665,1.9646
A_voltage,5,115,1.3085,0.2034,1.5119
A_voltage,5,116,1.3321,15.1504,16.4825
A_voltage,5,117,1.6121,0.2298,1.8419
A_voltage,5,118,1.9543,0.5303,2.4846
A_voltage,5,119,2.8339,55.7023,58.5362
A_voltage,5,120,1.9500,0.2830,2.2330
A_voltage,5,121,1.3984,0.1886,1.5870
A_voltage,5,122,1.7116,18.6618,20.3734
A_voltage,5,123,2.0210,0.3170,2.3380
A_voltage,5,124,1.6650,0.4507,2.1157
A_voltage,5,125,3.0160,12.0701,15.0861
A_voltage,5,126,2.7153,0.3199,3.0352
A_voltage,5,127,1.8722,0.3108,2.1830
A_voltage,5,128,2.7430,12.0476,14.7906
A_voltage,5,129,3.2943,0.3714,3.6657
A_voltage,5,130,3.5440,0.5238,4.0678
A_voltage,5,131,2.2506,10.0578,12.3084
A_voltage,5,132,1.8703,0.3036,2.1739
A_voltage,5,133,3.5874,0.7003,4.2877
A_voltage,5,134,2.5610,11.6597,14.2207
A_voltage,5,135,2.6378,0.3143,2.9521
A_voltage,5,136,1.4011,0.2175,1.6186
A_voltage,5,137,1.4515,60.2481,61.6996
A_voltage,5,138,2.9196,0.3665,3.2861
A_voltage,5,139,2.0894,0.3837,2.4731
A_voltage,5,140,1.6768,12.5324,14.2092
A_voltage,5,141,2.0855,0.3090,2.3945
A_voltage,5,142,1.5261,0.2566,1.7827
A_voltage,5,143,1.5106,14.3247,15.8353
A_voltage,5,144,1.8610,0.3103,2.1713
A_voltage,5,145,2.1567,0.2685,2.4252
A_voltage,5,146,1.4715,60.3654,61.8369
A_voltage,5,147,2.4144,0.2947,2.7091
A_voltage,5,148,1.3565,0.2038,1.5603
A_voltage,5,149,1.4239,12.7436,14.1675
A_voltage,5,150,2.5474,0.2856,2.8330
A_voltage,5,151,1.3796,0.2033,1.5829
A_voltage,5,152,1.9436,55.6815,57.6251
A_voltage,5,153,1.9602,0.2809,2.2411
A_voltage,5,154,1.8400,0.3038,2.1438
A_voltage,5,155,2.1279,15.9186,18.0465
A_voltage,5,156,1.8330,0.3225,2.1555
A_voltage,5,157,2.5843,0.3431,2.9274
A_voltage,5,158,2.1646,55.4727,57.6373
A_voltage,5,159,1.6255,0.6806,2.3061
A_voltage,5,160,1.8982,0.4259,2.3241
A_voltage,5,161,1.9665,13.3852,15.3517
A_voltage,5,162,1.7334,0.6104,2.3438
A_voltage,5,163,1.7145,0.7296,2.4441
A_voltage,5,164,3.0880,15.6219,18.7099
A_voltage,5,165,1.7791,0.3783,2.1574
A_voltage,5,166,3.2352,0.3394,3.5746
A_voltage,5,167,3.0862,54.0943,57.1805
A_voltage,5,168,3.1336,0.5502,3.6838
A_voltage,5,169,2.9627,0.3874,3.3501
A_voltage,5,170,3.2891,9.2561,12.5452
A_voltage,5,171,3.0996,0.3464,3.4460
A_voltage,5,172,1.6129,0.2430,1.8559
A_voltage,5,173,1.6701,59.1354,60.8055
A_voltage,5,174,3.6480,0.7109,4.3589
A_voltage,5,175,3.2161,1.0174,4.2335
A_voltage,5,176,2.1430,7.0393,9.1823
A_voltage,5,177,2.8387,0.3766,3.2153
A_voltage,5,178,2.8358,0.4683,3.3041
A_voltage,5,179,3.1046,34.9782,38.0828
A_voltage,5,180,1.9389,0.5049,2.4438
A_voltage,5,181,2.1021,0.4082,2.5103
A_voltage,5,182,1.6646,0.4902,2.1548
A_voltage,5,183,1.8838,0.4486,2.3324
A_voltage,5,184,2.3391,0.4220,2.7611
A_voltage,5,185,1.5314,0.4445,1.9759
A_voltage,5,186,1.6196,0.3078,1.9274
A_voltage,5,187,2.6901,64.5288,67.2189
A_voltage,5,188,4.0953,0.4428,4.5381
A_voltage,5,189,3.3556,0.5105,3.8661
A_voltage,5,190,3.1149,8.0140,11.1289
A_voltage,5,191,3.8069,0.4092,4.2161
A_voltage,5,192,2.1471,0.2857,2.4328
A_voltage,5,193,1.6757,57.8360,59.5117
A_voltage,5,194,1.5975,0.4874,2.0849
A_voltage,5,195,1.5894,0.2357,1.8251
A_voltage,5,196,1.5355,13.8923,15.4278
A_voltage,5,197,1.7775,0.2976,2.0751
A_voltage,5,198,1.4702,0.2091,1.6793
A_voltage,5,199,1.4814,57.4789,58.9603
B_same_group,1,0,2.2203,0.3009,2.5212
B_same_group,1,1,1.6096,0.2172,1.8268
B_same_group,1,2,1.4272,17.4377,18.8649
B_same_group,1,3,3.4362,0.6374,4.0736
B_same_group,1,4,2.9744,0.4901,3.4645
B_same_group,1,5,2.9596,36.0498,39.0094
B_same_group,1,6,2.3476,0.5817,2.9293
B_same_group,1,7,2.3444,0.4767,2.8211
B_same_group,1,8,2.1437,0.6656,2.8093
B_same_group,1,9,3.5438,0.6880,4.2318
B_same_group,1,10,3.4330,0.5177,3.9507
B_same_group,1,11,3.2193,0.6644,3.8837
B_same_group,1,12,2.1448,0.2892,2.4340
B_same_group,1,13,3.1064,0.6832,3.7896
B_same_group,1,14,2.2124,0.3804,2.5928
B_same_group,1,15,1.9712,0.3810,2.3522
B_same_group,1,16,1.9985,1.1300,3.1285
B_same_group,1,17,1.6896,0.2463,1.9359
B_same_group,1,18,1.7951,0.2260,2.0211
B_same_group,1,19,2.1730,0.2644,2.4374
B_same_group,1,20,1.5638,0.2129,1.7767
B_same_group,1,21,4.2736,0.3744,4.6480
B_same_group,1,22,2.3789,0.3204,2.6993
B_same_group,1,23,1.6535,2.9760,4.6295
B_same_group,1,24,2.0134,0.2547,2.2681
B_same_group,1,25,1.5636,0.2771,1.8407
B_same_group,1,26,2.7409,0.3558,3.0967
B_same_group,1,27,3.3974,35.1846,38.5820
B_same_group,1,28,1.5795,0.4838,2.0633
B_same_group,1,29,1.4852,0.4464,1.9316
B_same_group,1,30,1.9529,0.5281,2.4810
B_same_group,1,31,1.6666,0.4297,2.0963
B_same_group,1,32,1.4884,0.4475,1.9359
B_same_group,1,33,1.4606,3.7760,5.2366
B_same_group,1,34,1.9552,0.4205,2.3757
B_same_group,1,35,1.4741,0.4036,1.8777
B_same_group,1,36,2.0699,0.6232,2.6931
B_same_group,1,37,2.4124,0.8199,3.2323
B_same_group,1,38,3.1431,0.3290,3.4721
B_same_group,1,39,2.7016,0.3433,3.0449
B_same_group,1,40,1.8401,44.1790,46.0191
B_same_group,1,41,1.6019,0.3894,1.9913
B_same_group,1,42,2.3453,0.4588,2.8041
B_same_group,1,43,1.9383,0.2625,2.2008
B_same_group,1,44,2.0803,1.1809,3.2612
B_same_group,1,45,2.7598,0.7174,3.4772
B_same_group,1,46,3.4641,34.0052,37.4693
B_same_group,1,47,2.8070,0.5616,3.3686
B_same_group,1,48,1.5304,0.9121,2.4425
B_same_group,1,49,1.8137,1.1552,2.9689
B_same_group,1,50,1.5110,0.4555,1.9665
B_same_group,1,51,1.5161,0.3174,1.8335
B_same_group,1,52,3.3718,0.4378,3.8096
B_same_group,1,53,2.5212,35.5375,38.0587
B_same_group,1,54,2.5704,0.6460,3.2164
B_same_group,1,55,1.6483,0.6060,2.2543
B_same_group,1,56,1.8269,0.3886,2.2155
B_same_group,1,57,1.5239,0.2415,1.7654
B_same_group,1,58,1.5532,3.4279,4.9811
B_same_group,1,59,1.5215,0.5373,2.0588
B_same_group,1,60,1.7995,0.1798,1.9793
B_same_group,1,61,1.6084,0.1932,1.8016
B_same_group,1,62,1.4446,0.4988,1.9434
B_same_group,1,63,2.4727,0.5026,2.9753
B_same_group,1,64,2.8970,0.6084,3.5054
B_same_group,1,65,2.0858,0.4723,2.5581
B_same_group,1,66,2.0248,1.6137,3.6385
B_same_group,1,67,1.6004,0.2595,1.8599
B_same_group,1,68,2.1840,0.3218,2.5058
B_same_group,1,69,1.6247,0.2273,1.8520
B_same_group,1,70,1.7970,0.2188,2.0158
B_same_group,1,71,1.5737,0.2221,1.7958
B_same_group,1,72,1.5407,0.2196,1.7603
B_same_group,1,73,2.2317,0.2939,2.5256
B_same_group,1,74,2.1277,3.5792,5.7069
B_same_group,1,75,1.9466,0.2744,2.2210
B_same_group,1,76,1.8469,0.2964,2.1433
B_same_group,1,77,2.6853,0.3092,2.9945
B_same_group,1,78,2.0863,37.8397,39.9260
B_same_group,1,79,2.2552,0.4686,2.7238
B_same_group,1,80,1.6616,0.4448,2.1064
B_same_group,1,81,1.4971,0.4312,1.9283
B_same_group,1,82,1.4715,0.4746,1.9461
B_same_group,1,83,1.4663,3.5005,4.9668
B_same_group,1,84,1.8764,0.2608,2.1372
B_same_group,1,85,1.5602,0.2357,1.7959
B_same_group,1,86,1.4867,38.9297,40.4164
B_same_group,1,87,1.7196,0.2864,2.0060
B_same_group,1,88,3.0083,0.5583,3.5666
B_same_group,1,89,2.9336,0.5125,3.4461
B_same_group,1,90,2.9590,0.2791,3.2381
B_same_group,1,91,2.2196,0.3405,2.5601
B_same_group,1,92,1.8860,0.2253,2.1113
B_same_group,1,93,2.2134,0.5089,2.7223
B_same_group,1,94,2.4059,0.2926,2.6985
B_same_group,1,95,2.6402,0.3270,2.9672
B_same_group,1,96,3.1092,0.3756,3.4848
B_same_group,1,97,2.5093,0.4391,2.9484
B_same_group,1,98,3.4602,0.4556,3.9158
B_same_group,1,99,2.8139,0.4839,3.2978
B_same_group,1,100,2.3495,0.5192,2.8687
B_same_group,1,101,1.9078,0.5333,2.4411
B_same_group,1,102,2.8224,0.3713,3.1937
B_same_group,1,103,2.9840,0.4132,3.3972
B_same_group,1,104,3.3409,1.7961,5.1370
B_same_group,1,105,1.7953,0.2732,2.0685
B_same_group,1,106,1.5439,0.2254,1.7693
B_same_group,1,107,1.8809,39.8745,41.7554
B_same_group,1,108,2.7937,0.4694,3.2631
B_same_group,1,109,2.7694,0.3799,3.1493
B_same_group,1,110,2.1777,0.4667,2.6444
B_same_group,1,111,2.4682,0.3523,2.8205
B_same_group,1,112,2.8288,0.9954,3.8242
B_same_group,1,113,3.0977,0.4240,3.5217
B_same_group,1,114,2.4403,0.3203,2.7606
B_same_group,1,115,2.0668,0.3172,2.3840
B_same_group,1,116,2.1271,0.3115,2.4386
B_same_group,1,117,2.6990,0.3912,3.0902
B_same_group,1,118,3.0344,0.5003,3.5347
B_same_group,1,119,2.3762,0.3140,2.6902
B_same_group,1,120,2.4914,0.3359,2.8273
B_same_group,1,121,2.6689,0.3381,3.0070
B_same_group,1,122,2.0421,0.3122,2.3543
B_same_group,1,123,1.5750,0.4084,1.9834
B_same_group,1,124,1.8240,0.2095,2.0335
B_same_group,1,125,1.5253,0.2376,1.7629
B_same_group,1,126,1.8450,4.8697,6.7147
B_same_group,1,127,2.8106,0.4824,3.2930
B_same_group,1,128,2.8069,0.2975,3.1044
B_same_group,1,129,1.5738,38.1198,39.6936
B_same_group,1,130,1.9744,0.7743,2.7487
B_same_group,1,131,1.6717,0.5104,2.1821
B_same_group,1,132,1.6835,0.8270,2.5105
B_same_group,1,133,1.9014,0.3232,2.2246
B_same_group,1,134,2.4320,0.2821,2.7141
B_same_group,1,135,2.5574,0.3600,2.9174
B_same_group,1,136,2.3076,0.4614,2.7690
B_same_group,1,137,2.2883,0.3234,2.6117
B_same_group,1,138,1.5405,0.2361,1.7766
B_same_group,1,139,1.4975,0.1959,1.6934
B_same_group,1,140,1.9535,0.2477,2.2012
B_same_group,1,141,1.6332,0.2363,1.8695
B_same_group,1,142,1.6375,0.2195,1.8570
B_same_group,1,143,1.4393,3.9645,5.4038
B_same_group,1,144,1.5437,0.2166,1.7603
B_same_group,1,145,1.4280,0.1830,1.6110
B_same_group,1,146,1.5139,0.1762,1.6901
B_same_group,1,147,2.2306,0.2459,2.4765
B_same_group,1,148,1.8564,0.2199,2.0763
B_same_group,1,149,1.7434,0.3032,2.0466
B_same_group,1,150,1.4064,0.1879,1.5943
B_same_group,1,151,1.4504,0.1613,1.6117
B_same_group,1,152,1.9001,3.5254,5.4255
B_same_group,1,153,1.4984,0.4655,1.9639
B_same_group,1,154,2.0158,0.6102,2.6260
B_same_group,1,155,3.8295,0.6931,4.5226
B_same_group,1,156,3.6725,32.8199,36.4924
B_same_group,1,157,1.8159,0.2810,2.0969
B_same_group,1,158,1.6594,0.2141,1.8735
B_same_group,1,159,2.3341,0.3041,2.6382
B_same_group,1,160,3.5308,0.3968,3.9276
B_same_group,1,161,2.2839,0.2647,2.5486
B_same_group,1,162,1.7843,0.3524,2.1367
B_same_group,1,163,1.7168,0.1995,1.9163
B_same_group,1,164,1.4606,0.1807,1.6413
B_same_group,1,165,1.4292,0.2424,1.6716
B_same_group,1,166,2.1911,0.4097,2.6008
B_same_group,1,167,2.2633,0.6194,2.8827
B_same_group,1,168,1.9630,0.2381,2.2011
B_same_group,1,169,1.7670,0.3051,2.0721
B_same_group,1,170,2.1823,3.1322,5.3145
B_same_group,1,171,3.6461,0.4719,4.1180
B_same_group,1,172,3.8398,0.8500,4.6898
B_same_group,1,173,3.8879,0.9177,4.8056
B_same_group,1,174,2.7234,0.5117,3.2351
B_same_group,1,175,3.0062,0.6089,3.6151
B_same_group,1,176,2.6802,0.3040,2.9842
B_same_group,1,177,2.6158,0.4847,3.1005
B_same_group,1,178,2.6825,36.5359,39.2184
B_same_group,1,179,2.1268,0.2866,2.4134
B_same_group,1,180,1.8514,0.5251,2.3765
B_same_group,1,181,1.8589,0.1824,2.0413
B_same_group,1,182,1.6199,0.2036,1.8235
B_same_group,1,183,1.7639,0.5645,2.3284
B_same_group,1,184,1.7577,2.5217,4.2794
B_same_group,1,185,3.0097,0.3123,3.3220
B_same_group,1,186,1.8640,0.2477,2.1117
B_same_group,1,187,1.7121,0.4217,2.1338
B_same_group,1,188,2.0882,0.4464,2.5346
B_same_group,1,189,1.8817,0.2712,2.1529
B_same_group,1,190,1.7935,0.2611,2.0546
B_same_group,1,191,2.0760,3.7550,5.8310
B_same_group,1,192,1.7456,0.2484,1.9940
B_same_group,1,193,1.4905,0.1987,1.6892
B_same_group,1,194,1.7531,0.2564,2.0095
B_same_group,1,195,1.7808,0.2330,2.0138
B_same_group,1,196,1.7633,0.2173,1.9806
B_same_group,1,197,1.4239,0.2004,1.6243
B_same_group,1,198,1.4071,0.1786,1.5857
B_same_group,1,199,2.0156,0.2963,2.3119
B_same_group,2,0,2.4697,2.6272,5.0969
B_same_group,2,1,2.1710,0.2910,2.4620
B_same_group,2,2,1.4535,0.2070,1.6605
B_same_group,2,3,1.3583,39.9362,41.2945
B_same_group,2,4,1.7403,0.2732,2.0135
B_same_group,2,5,1.3173,12.6545,13.9718
B_same_group,2,6,2.1636,17.4229,19.5865
B_same_group,2,7,2.7225,17.6668,20.3893
B_same_group,2,8,1.6307,58.5146,60.1453
B_same_group,2,9,2.4400,17.5138,19.9538
B_same_group,2,10,1.7810,21.8459,23.6269
B_same_group,2,11,1.5178,61.8147,63.3325
B_same_group,2,12,1.7875,55.6692,57.4567
B_same_group,2,13,1.7555,54.4332,56.1887
B_same_group,2,14,1.5538,58.2505,59.8043
B_same_group,2,15,2.0798,17.7899,19.8697
B_same_group,2,16,1.7045,18.2027,19.9072
B_same_group,2,17,1.5249,61.2456,62.7705
B_same_group,2,18,2.6860,57.3737,60.0597
B_same_group,2,19,2.0736,17.5535,19.6271
B_same_group,2,20,3.7628,19.8519,23.6147
B_same_group,2,21,2.1273,58.0177,60.1450
B_same_group,2,22,3.0397,18.3580,21.3977
B_same_group,2,23,2.0812,20.1599,22.2411
B_same_group,2,24,2.5969,57.4393,60.0362
B_same_group,2,25,1.5971,18.3448,19.9419
B_same_group,2,26,1.5319,22.1329,23.6648
B_same_group,2,27,1.5987,58.5808,60.1795
B_same_group,2,28,2.7163,18.1248,20.8411
B_same_group,2,29,1.6679,20.7449,22.4128
B_same_group,2,30,1.7296,58.5599,60.2895
B_same_group,2,31,1.6756,19.2166,20.8922
B_same_group,2,32,2.6515,19.8658,22.5173
B_same_group,2,33,2.1111,58.3182,60.4293
B_same_group,2,34,1.6514,19.0140,20.6654
B_same_group,2,35,1.5979,21.0982,22.6961
B_same_group,2,36,2.9504,57.3060,60.2564
B_same_group,2,37,1.8340,60.7680,62.6020
B_same_group,2,38,1.5543,52.9886,54.5429
B_same_group,2,39,2.9477,56.3989,59.3466
B_same_group,2,40,2.8940,17.7828,20.6768
B_same_group,2,41,2.5381,18.7746,21.3127
B_same_group,2,42,2.1671,59.8384,62.0055
B_same_group,2,43,2.3309,56.9851,59.3160
B_same_group,2,44,1.5285,18.3511,19.8796
B_same_group,2,45,3.0230,20.5477,23.5707
B_same_group,2,46,3.6768,56.4278,60.1046
B_same_group,2,47,3.0413,17.5867,20.6280
B_same_group,2,48,3.3965,19.2567,22.6532
B_same_group,2,49,4.0125,57.2294,61.2419
B_same_group,2,50,3.0057,16.5087,19.5144
B_same_group,2,51,3.2776,19.3957,22.6733
B_same_group,2,52,3.7784,56.3380,60.1164
B_same_group,2,53,3.0927,17.5193,20.6120
B_same_group,2,54,3.4728,19.1025,22.5753
B_same_group,2,55,3.3951,56.6429,60.0380
B_same_group,2,56,3.6633,16.1225,19.7858
B_same_group,2,57,3.2671,20.3997,23.6668
B_same_group,2,58,3.4288,56.5545,59.9833
B_same_group,2,59,2.8083,17.1579,19.9662
B_same_group,2,60,2.5154,21.4400,23.9554
B_same_group,2,61,3.2665,57.4619,60.7284
B_same_group,2,62,3.2891,16.8642,20.1533
B_same_group,2,63,3.7014,18.7217,22.4231
B_same_group,2,64,2.0472,61.2118,63.2590
B_same_group,2,65,1.9006,55.0848,56.9854
B_same_group,2,66,2.1391,52.7429,54.8820
B_same_group,2,67,1.8434,59.4386,61.2820
B_same_group,2,68,2.2436,57.0900,59.3336
B_same_group,2,69,1.6821,19.1044,20.7865
B_same_group,2,70,2.5489,19.1727,21.7216
B_same_group,2,71,2.9329,57.0925,60.0254
B_same_group,2,72,2.3487,18.3147,20.6634
B_same_group,2,73,1.7913,20.8505,22.6418
B_same_group,2,74,3.1493,57.1158,60.2651
B_same_group,2,75,3.6930,17.0715,20.7645
B_same_group,2,76,1.5666,21.1659,22.7325
B_same_group,2,77,2.6874,57.3519,60.0393
B_same_group,2,78,1.5798,18.2233,19.8031
B_same_group,2,79,2.6702,21.2020,23.8722
B_same_group,2,80,3.1574,56.7848,59.9422
B_same_group,2,81,2.7555,17.4968,20.2523
B_same_group,2,82,3.1843,19.8741,23.0584
B_same_group,2,83,3.2935,57.0111,60.3046
B_same_group,2,84,1.6700,19.0796,20.7496
B_same_group,2,85,2.0715,20.5410,22.6125
B_same_group,2,86,2.1064,57.9064,60.0128
B_same_group,2,87,2.5079,18.5762,21.0841
B_same_group,2,88,1.5016,20.9737,22.4753
B_same_group,2,89,2.2220,58.3572,60.5792
B_same_group,2,90,1.9957,62.9976,64.9933
B_same_group,2,91,3.9650,50.3368,54.3018
B_same_group,2,92,2.3500,56.9918,59.3418
B_same_group,2,93,2.4735,17.8387,20.3122
B_same_group,2,94,1.6952,19.4784,21.1736
B_same_group,2,95,2.9426,58.8222,61.7648
B_same_group,2,96,1.7075,57.9439,59.6514
B_same_group,2,97,3.0743,16.7379,19.8122
B_same_group,2,98,6.8092,15.8898,22.6990
B_same_group,2,99,2.7241,57.3135,60.0376
B_same_group,2,100,2.8214,16.8984,19.7198
B_same_group,2,101,1.7972,21.8327,23.6299
B_same_group,2,102,3.0014,56.9017,59.9031
B_same_group,2,103,1.7231,18.1222,19.8453
B_same_group,2,104,2.7245,21.0967,23.8212
B_same_group,2,105,2.3754,57.1910,59.5664
B_same_group,2,106,1.6393,18.1812,19.8205
B_same_group,2,107,1.7841,21.7057,23.4898
B_same_group,2,108,2.4291,57.8283,60.2574
B_same_group,2,109,3.2529,16.5577,19.8106
B_same_group,2,110,3.8271,19.9365,23.7636
B_same_group,2,111,3.8303,56.0423,59.8726
B_same_group,2,112,3.5160,16.4354,19.9514
B_same_group,2,113,5.4080,17.6997,23.1077
B_same_group,2,114,3.2424,56.7497,59.9921
B_same_group,2,115,3.6510,15.9614,19.6124
B_same_group,2,116,2.8621,20.9439,23.8060
B_same_group,2,117,3.1100,58.9283,62.0383
B_same_group,2,118,3.2564,57.5435,60.7999
B_same_group,2,119,2.4659,17.2649,19.7308
B_same_group,2,120,2.7273,17.5035,20.2308
B_same_group,2,121,3.2244,58.7117,61.9361
B_same_group,2,122,2.0836,57.7752,59.8588
B_same_group,2,123,2.2136,18.9728,21.1864
B_same_group,2,124,3.6721,18.1120,21.7841
B_same_group,2,125,3.4287,56.9286,60.3573
B_same_group,2,126,2.4188,18.1733,20.5921
B_same_group,2,127,2.4995,20.0112,22.5107
B_same_group,2,128,3.2552,56.8184,60.0736
B_same_group,2,129,3.5735,16.3889,19.9624
B_same_group,2,130,3.3998,20.1119,23.5117
B_same_group,2,131,2.0848,58.1718,60.2566
B_same_group,2,132,4.1964,16.0008,20.1972
B_same_group,2,133,3.2743,20.0335,23.3078
B_same_group,2,134,2.4531,57.5464,59.9995
B_same_group,2,135,2.9880,17.7323,20.7203
B_same_group,2,136,2.8216,19.9994,22.8210
B_same_group,2,137,2.6611,57.2614,59.9225
B_same_group,2,138,1.7656,19.1521,20.9177
B_same_group,2,139,1.8502,20.7369,22.5871
B_same_group,2,140,2.4092,57.7112,60.1204
B_same_group,2,141,1.5137,19.2358,20.7495
B_same_group,2,142,1.5985,21.0418,22.6403
B_same_group,2,143,1.4999,58.5195,60.0194
B_same_group,2,144,1.7138,19.2595,20.9733
B_same_group,2,145,2.7609,19.8943,22.6552
B_same_group,2,146,2.0096,58.5584,60.5680
B_same_group,2,147,1.7156,60.9536,62.6692
B_same_group,2,148,3.0919,51.9796,55.0715
B_same_group,2,149,4.0222,55.4017,59.4239
B_same_group,2,150,3.4023,17.2781,20.6804
B_same_group,2,151,3.5181,16.6631,20.1812
B_same_group,2,152,3.6016,58.2393,61.8409
B_same_group,2,153,3.9048,55.4223,59.3271
B_same_group,2,154,3.3336,16.4353,19.7689
B_same_group,2,155,3.3707,20.2327,23.6034
B_same_group,2,156,2.6059,57.5839,60.1898
B_same_group,2,157,3.3562,17.3316,20.6878
B_same_group,2,158,3.8212,18.5511,22.3723
B_same_group,2,159,3.5657,56.4341,59.9998
B_same_group,2,160,3.3843,16.3748,19.7591
B_same_group,2,161,3.5254,20.0052,23.5306
B_same_group,2,162,3.2376,57.2824,60.5200
B_same_group,2,163,3.8206,15.6504,19.4710
B_same_group,2,164,3.5289,19.9524,23.4813
B_same_group,2,165,2.8388,57.5470,60.3858
B_same_group,2,166,3.5035,15.8850,19.3885
B_same_group,2,167,3.2085,20.6066,23.8151
B_same_group,2,168,3.4839,56.3085,59.7924
B_same_group,2,169,3.0955,16.9228,20.0183
B_same_group,2,170,3.3489,20.0738,23.4227
B_same_group,2,171,3.0805,56.9612,60.0417
B_same_group,2,172,2.4636,17.6362,20.0998
B_same_group,2,173,2.0651,21.5824,23.6475
B_same_group,2,174,2.4981,59.3076,61.8057
B_same_group,2,175,2.3064,58.5431,60.8495
B_same_group,2,176,2.7604,17.1597,19.9201
B_same_group,2,177,2.6835,18.1685,20.8520
B_same_group,2,178,3.0443,57.6994,60.7437
B_same_group,2,179,2.5645,57.2761,59.8406
B_same_group,2,180,2.5271,18.2345,20.7616
B_same_group,2,181,2.5511,20.0685,22.6196
B_same_group,2,182,2.4133,57.6987,60.1120
B_same_group,2,183,2.6282,17.2148,19.8430
B_same_group,2,184,3.0118,20.5380,23.5498
B_same_group,2,185,2.4452,57.7360,60.1812
B_same_group,2,186,2.4592,17.7457,20.2049
B_same_group,2,187,2.0916,21.4640,23.5556
B_same_group,2,188,3.7916,56.0585,59.8501
B_same_group,2,189,1.7431,18.8585,20.6016
B_same_group,2,190,2.1906,21.4597,23.6503
B_same_group,2,191,2.9943,57.3948,60.3891
B_same_group,2,192,3.4737,16.8846,20.3583
B_same_group,2,193,2.3028,19.5017,21.8045
B_same_group,2,194,2.3007,58.1697,60.4704
B_same_group,2,195,2.5464,17.3292,19.8756
B_same_group,2,196,3.7640,19.3751,23.1391
B_same_group,2,197,2.6860,57.2233,59.9093
B_same_group,2,198,2.1513,17.7226,19.8739
B_same_group,2,199,3.2067,20.3829,23.5896
B_same_group,3,0,3.1556,56.3517,59.5073
B_same_group,3,1,3.2802,16.7717,20.0519
B_same_group,3,2,3.2227,20.1030,23.3257
B_same_group,3,3,1.8035,58.7638,60.5673
B_same_group,3,4,1.7870,61.7835,63.5705
B_same_group,3,5,2.0438,52.6464,54.6902
B_same_group,3,6,3.4854,55.2959,58.7813
B_same_group,3,7,1.7828,18.1288,19.9116
B_same_group,3,8,2.1610,17.5041,19.6651
B_same_group,3,9,2.1582,60.6436,62.8018
B_same_group,3,10,1.5836,58.2308,59.8144
B_same_group,3,11,1.9449,17.9612,19.9061
B_same_group,3,12,2.7535,20.8557,23.6092
B_same_group,3,13,1.7384,58.4855,60.2239
B_same_group,3,14,1.6667,18.0572,19.7239
B_same_group,3,15,1.6668,22.1693,23.8361
B_same_group,3,16,2.0198,58.2735,60.2933
B_same_group,3,17,1.8450,17.6738,19.5188
B_same_group,3,18,3.0113,20.6751,23.6864
B_same_group,3,19,1.8649,58.2464,60.1113
B_same_group,3,20,1.6081,18.3307,19.9388
B_same_group,3,21,2.1362,21.3991,23.5353
B_same_group,3,22,2.2286,58.2662,60.4948
B_same_group,3,23,3.0836,16.6549,19.7385
B_same_group,3,24,2.1469,21.5903,23.7372
B_same_group,3,25,2.8343,57.0674,59.9017
B_same_group,3,26,2.9720,17.0312,20.0032
B_same_group,3,27,1.7165,21.7356,23.4521
B_same_group,3,28,1.8542,58.2370,60.0912
B_same_group,3,29,2.7901,17.0957,19.8858
B_same_group,3,30,2.6737,20.8918,23.5655
B_same_group,3,31,1.6605,61.6047,63.2652
B_same_group,3,32,3.0638,56.6333,59.6971
B_same_group,3,33,2.2317,53.0971,55.3288
B_same_group,3,34,2.7591,57.7627,60.5218
B_same_group,3,35,1.4698,18.6735,20.1433
B_same_group,3,36,2.5304,16.8837,19.4141
B_same_group,3,37,2.9430,60.2610,63.2040
B_same_group,3,38,1.8833,57.6731,59.5564
B_same_group,3,39,2.5616,17.3624,19.9240
B_same_group,3,40,1.6845,22.0645,23.7490
B_same_group,3,41,1.5116,58.6049,60.1165
B_same_group,3,42,2.1728,17.5463,19.7191
B_same_group,3,43,1.8125,21.9993,23.8118
B_same_group,3,44,1.4769,58.5965,60.0734
B_same_group,3,45,3.0220,16.8404,19.8624
B_same_group,3,46,2.7906,20.6593,23.4499
B_same_group,3,47,1.7626,58.4440,60.2066
B_same_group,3,48,1.5846,18.4263,20.0109
B_same_group,3,49,1.7132,21.8554,23.5686
B_same_group,3,50,1.5727,58.5255,60.0982
B_same_group,3,51,2.9742,17.5155,20.4897
B_same_group,3,52,3.4360,19.6510,23.0870
B_same_group,3,53,2.0713,58.3990,60.4703
B_same_group,3,54,1.4214,18.6308,20.0522
B_same_group,3,55,1.7870,21.4843,23.2713
B_same_group,3,56,1.6888,58.8904,60.5792
B_same_group,3,57,2.9597,59.9594,62.9191
B_same_group,3,58,2.1330,52.6367,54.7697
B_same_group,3,59,2.1502,59.3167,61.4669
B_same_group,3,60,1.5918,19.2069,20.7987
B_same_group,3,61,2.1536,17.8282,19.9818
B_same_group,3,62,1.9934,60.1362,62.1296
B_same_group,3,63,2.0571,57.5143,59.5714
B_same_group,3,64,2.9636,17.2950,20.2586
B_same_group,3,65,1.6013,21.6525,23.2538
B_same_group,3,66,1.5009,59.2370,60.7379
B_same_group,3,67,2.4141,16.7989,19.2130
B_same_group,3,68,2.0089,21.6110,23.6199
B_same_group,3,69,2.4656,57.6787,60.1443
B_same_group,3,70,1.6703,18.3380,20.0083
B_same_group,3,71,2.4460,21.0353,23.4813
B_same_group,3,72,1.7384,58.6678,60.4062
B_same_group,3,73,2.8672,16.7819,19.6491
B_same_group,3,74,2.8209,20.6852,23.5061
B_same_group,3,75,3.8259,56.8844,60.7103
B_same_group,3,76,2.5729,16.6777,19.2506
B_same_group,3,77,3.6662,20.0506,23.7168
B_same_group,3,78,3.4980,56.3929,59.8909
B_same_group,3,79,3.1108,17.5629,20.6737
B_same_group,3,80,2.4733,20.5837,23.0570
B_same_group,3,81,3.6759,56.4136,60.0895
B_same_group,3,82,2.1089,18.7656,20.8745
B_same_group,3,83,2.8736,19.6486,22.5222
B_same_group,3,84,3.0472,60.0178,63.0650
B_same_group,3,85,3.5829,53.0836,56.6665
B_same_group,3,86,1.7358,54.2679,56.0037
B_same_group,3,87,2.4364,59.3972,61.8336
B_same_group,3,88,1.7690,18.1793,19.9483
B_same_group,3,89,1.8134,19.1238,20.9372
B_same_group,3,90,3.3229,57.4768,60.7997
B_same_group,3,91,1.5131,58.4818,59.9949
B_same_group,3,92,2.8220,17.0653,19.8873
B_same_group,3,93,2.0028,21.5352,23.5380
B_same_group,3,94,3.4568,56.4059,59.8627
B_same_group,3,95,1.8173,17.9203,19.7376
B_same_group,3,96,1.6708,22.0696,23.7404
B_same_group,3,97,3.6118,56.7386,60.3504
B_same_group,3,98,2.9595,16.6172,19.5767
B_same_group,3,99,3.5956,20.2782,23.8738
B_same_group,3,100,3.7896,56.0903,59.8799
B_same_group,3,101,3.0789,17.8910,20.9699
B_same_group,3,102,3.3921,18.8989,22.2910
B_same_group,3,103,3.2649,56.7898,60.0547
B_same_group,3,104,3.2147,16.6540,19.8687
B_same_group,3,105,3.6392,19.8501,23.4893
B_same_group,3,106,3.2631,57.4938,60.7569
B_same_group,3,107,3.7113,16.1306,19.8419
B_same_group,3,108,3.0915,20.1765,23.2680
B_same_group,3,109,2.5516,57.7080,60.2596
B_same_group,3,110,3.6784,61.1046,64.7830
B_same_group,3,111,2.6450,51.3324,53.9774
B_same_group,3,112,2.6250,56.7937,59.4187
B_same_group,3,113,3.1855,17.8652,21.0507
B_same_group,3,114,2.0736,18.3899,20.4635
B_same_group,3,115,1.9365,59.0387,60.9752
B_same_group,3,116,1.8833,58.1935,60.0768
B_same_group,3,117,2.4101,17.8536,20.2637
B_same_group,3,118,2.2360,20.4682,22.7042
B_same_group,3,119,1.7536,58.6150,60.3686
B_same_group,3,120,2.3268,18.2110,20.5378
B_same_group,3,121,1.5220,21.1261,22.6481
B_same_group,3,122,1.8505,58.4689,60.3194
B_same_group,3,123,2.4152,18.1873,20.6025
B_same_group,3,124,1.7683,21.5306,23.2989
B_same_group,3,125,2.2975,57.4653,59.7628
B_same_group,3,126,2.6186,17.1045,19.7231
B_same_group,3,127,3.3502,20.3819,23.7321
B_same_group,3,128,2.7179,57.1132,59.8311
B_same_group,3,129,3.5325,16.1707,19.7032
B_same_group,3,130,3.3127,20.4988,23.8115
B_same_group,3,131,3.7607,56.1900,59.9507
B_same_group,3,132,3.4476,17.2937,20.7413
B_same_group,3,133,2.4973,19.9756,22.4729
B_same_group,3,134,3.1476,57.1309,60.2785
B_same_group,3,135,3.3806,17.3166,20.6972
B_same_group,3,136,2.6834,19.8290,22.5124
B_same_group,3,137,3.0853,60.3007,63.3860
B_same_group,3,138,3.2160,53.4291,56.6451
B_same_group,3,139,3.0344,52.6143,55.6487
B_same_group,3,140,3.6285,56.5379,60.1664
B_same_group,3,141,3.5443,57.0602,60.6045
B_same_group,3,142,2.4626,17.6617,20.1243
B_same_group,3,143,3.1936,18.3249,21.5185
B_same_group,3,144,2.8635,57.0907,59.9542
B_same_group,3,145,2.2036,18.4541,20.6577
B_same_group,3,146,2.6904,20.0671,22.7575
B_same_group,3,147,2.4362,57.6643,60.1005
B_same_group,3,148,3.3022,16.4283,19.7305
B_same_group,3,149,2.4857,21.1589,23.6446
B_same_group,3,150,2.8031,57.1942,59.9973
B_same_group,3,151,2.8888,16.9386,19.8274
B_same_group,3,152,4.1073,19.5950,23.7023
B_same_group,3,153,2.6207,57.4443,60.0650
B_same_group,3,154,3.3244,16.5144,19.8388
B_same_group,3,155,3.5155,20.2394,23.7549
B_same_group,3,156,2.8619,57.0737,59.9356
B_same_group,3,157,2.3885,17.6454,20.0339
B_same_group,3,158,3.0925,20.6527,23.7452
B_same_group,3,159,1.6255,58.2667,59.8922
B_same_group,3,160,3.0760,17.7476,20.8236
B_same_group,3,161,3.2328,19.4968,22.7296
B_same_group,3,162,3.3874,57.3945,60.7819
B_same_group,3,163,3.8027,60.9628,64.7655
B_same_group,3,164,1.4952,52.7204,54.2156
B_same_group,3,165,1.7096,58.5680,60.2776
B_same_group,3,166,1.4960,19.0172,20.5132
B_same_group,3,167,2.1625,17.9805,20.1430
B_same_group,3,168,1.9331,59.8974,61.8305
B_same_group,3,169,2.6674,57.5336,60.2010
B_same_group,3,170,2.6473,16.6996,19.3469
B_same_group,3,171,1.6362,22.0679,23.7041
B_same_group,3,172,1.6554,58.7096,60.3650
B_same_group,3,173,3.4008,17.5885,20.9893
B_same_group,3,174,2.6642,19.6199,22.2841
B_same_group,3,175,1.5503,58.8864,60.4367
B_same_group,3,176,1.7617,18.6582,20.4199
B_same_group,3,177,1.7482,20.9756,22.7238
B_same_group,3,178,1.6250,58.5608,60.1858
B_same_group,3,179,1.7917,18.0753,19.8670
B_same_group,3,180,3.1470,20.3926,23.5396
B_same_group,3,181,2.2997,57.8810,60.1807
B_same_group,3,182,1.7464,18.1032,19.8496
B_same_group,3,183,2.2585,21.6916,23.9501
B_same_group,3,184,1.6893,58.4683,60.1576
B_same_group,3,185,2.3632,17.1748,19.5380
B_same_group,3,186,2.4167,21.1905,23.6072
B_same_group,3,187,2.0046,58.2359,60.2405
B_same_group,3,188,2.3270,17.8802,20.2072
B_same_group,3,189,2.8253,20.3018,23.1271
B_same_group,3,190,1.6316,61.9529,63.5845
B_same_group,3,191,3.0548,55.3818,58.4366
B_same_group,3,192,2.2040,53.0874,55.2914
B_same_group,3,193,2.4511,58.3832,60.8343
B_same_group,3,194,2.4617,17.1388,19.6005
B_same_group,3,195,1.7504,19.1399,20.8903
B_same_group,3,196,1.7271,60.4158,62.1429
B_same_group,3,197,1.9543,58.2475,60.2018
B_same_group,3,198,3.6690,15.7777,19.4467
B_same_group,3,199,2.0454,21.5747,23.6201
B_same_group,4,0,1.6339,58.2251,59.8590
B_same_group,4,1,3.5673,15.9334,19.5007
B_same_group,4,2,1.9051,21.6498,23.5549
B_same_group,4,3,2.1278,58.1767,60.3045
B_same_group,4,4,1.7833,17.9041,19.6874
B_same_group,4,5,1.5190,22.0811,23.6001
B_same_group,4,6,2.3744,57.8069,60.1813
B_same_group,4,7,3.0851,16.7325,19.8176
B_same_group,4,8,1.5673,22.2583,23.8256
B_same_group,4,9,2.5258,57.7537,60.2795
B_same_group,4,10,3.5359,16.0103,19.5462
B_same_group,4,11,2.7140,21.0689,23.7829
B_same_group,4,12,1.6573,58.7669,60.4242
B_same_group,4,13,2.9997,16.7805,19.7802
B_same_group,4,14,2.0256,21.1024,23.1280
B_same_group,4,15,2.1618,58.6311,60.7929
B_same_group,4,16,1.7211,60.6962,62.4173
B_same_group,4,17,2.0617,17.8417,19.9034
B_same_group,4,18,3.0362,16.7703,19.8065
B_same_group,4,19,1.9805,60.8188,62.7993
B_same_group,4,20,2.0436,58.0485,60.0921
B_same_group,4,21,1.7889,17.7722,19.5611
B_same_group,4,22,2.4489,21.4280,23.8769
B_same_group,4,23,2.9587,57.3018,60.2605
B_same_group,4,24,2.9965,56.6357,59.6322
B_same_group,4,25,1.7715,17.7648,19.5363
B_same_group,4,26,1.8178,18.1192,19.9370
B_same_group,4,27,1.8831,61.0155,62.8986
B_same_group,4,28,1.5797,58.1652,59.7449
B_same_group,4,29,3.1679,16.8406,20.0085
B_same_group,4,30,3.3419,19.9079,23.2498
B_same_group,4,31,1.6748,58.6449,60.3197
B_same_group,4,32,3.1316,16.5888,19.7204
B_same_group,4,33,1.7244,22.1128,23.8372
B_same_group,4,34,2.1707,58.0073,60.1780
B_same_group,4,35,3.1692,16.4236,19.5928
B_same_group,4,36,1.5599,22.0422,23.6021
B_same_group,4,37,1.4653,58.9026,60.3679
B_same_group,4,38,2.7193,16.8048,19.5241
B_same_group,4,39,1.6048,22.0307,23.6355
B_same_group,4,40,1.5691,58.7786,60.3477
B_same_group,4,41,1.6034,18.1510,19.7544
B_same_group,4,42,1.9019,21.8424,23.7443
B_same_group,4,43,1.4721,61.9171,63.3892
B_same_group,4,44,2.0923,54.7743,56.8666
B_same_group,4,45,1.5233,55.1954,56.7187
B_same_group,4,46,1.7924,58.3840,60.1764
B_same_group,4,47,1.5446,18.8987,20.4433
B_same_group,4,48,2.2888,17.7508,20.0396
B_same_group,4,49,2.0215,59.7680,61.7895
B_same_group,4,50,1.6031,58.2806,59.8837
B_same_group,4,51,1.9134,18.5207,20.4341
B_same_group,4,52,3.0178,20.2220,23.2398
B_same_group,4,53,1.6789,58.4599,60.1388
B_same_group,4,54,2.3641,17.3547,19.7188
B_same_group,4,55,2.3569,21.0701,23.4270
B_same_group,4,56,1.5443,58.8955,60.4398
B_same_group,4,57,2.2607,17.4871,19.7478
B_same_group,4,58,1.5769,21.8699,23.4468
B_same_group,4,59,2.3296,57.9011,60.2307
B_same_group,4,60,2.8798,17.0571,19.9369
B_same_group,4,61,1.9376,21.7954,23.7330
B_same_group,4,62,1.5863,58.5389,60.1252
B_same_group,4,63,1.4885,19.3739,20.8624
B_same_group,4,64,2.3224,20.6030,22.9254
B_same_group,4,65,2.2285,57.2747,59.5032
B_same_group,4,66,3.1785,18.1770,21.3555
B_same_group,4,67,3.2925,18.7741,22.0666
B_same_group,4,68,2.6321,57.6973,60.3294
B_same_group,4,69,2.8331,59.7773,62.6104
B_same_group,4,70,1.6310,52.9563,54.5873
B_same_group,4,71,1.6630,57.7609,59.4239
B_same_group,4,72,1.5064,18.4747,19.9811
B_same_group,4,73,2.8035,18.7190,21.5225
B_same_group,4,74,1.8295,59.0005,60.8300
B_same_group,4,75,2.0520,57.8009,59.8529
B_same_group,4,76,2.4346,17.4658,19.9004
B_same_group,4,77,1.6774,21.9307,23.6081
B_same_group,4,78,1.6259,58.6295,60.2554
B_same_group,4,79,1.8373,18.0950,19.9323
B_same_group,4,80,1.4228,22.5936,24.0164
B_same_group,4,81,3.0338,56.5467,59.5805
B_same_group,4,82,2.0888,17.7076,19.7964
B_same_group,4,83,2.0999,21.8468,23.9467
B_same_group,4,84,1.9766,57.5161,59.4927
B_same_group,4,85,2.9061,16.7725,19.6786
B_same_group,4,86,1.6586,22.0381,23.6967
B_same_group,4,87,2.4930,57.7384,60.2314
B_same_group,4,88,1.7729,18.1345,19.9074
B_same_group,4,89,2.1327,21.4270,23.5597
B_same_group,4,90,3.3752,56.9076,60.2828
B_same_group,4,91,1.7371,18.0389,19.7760
B_same_group,4,92,2.1364,21.9957,24.1321
B_same_group,4,93,2.0465,57.8389,59.8854
B_same_group,4,94,1.7726,17.7589,19.5315
B_same_group,4,95,1.6910,22.4331,24.1241
B_same_group,4,96,2.7766,60.0739,62.8505
B_same_group,4,97,3.6686,53.5995,57.2681
B_same_group,4,98,2.5339,51.9215,54.4554
B_same_group,4,99,1.6083,58.6981,60.3064
B_same_group,4,100,2.7723,57.7347,60.5070
B_same_group,4,101,2.5874,16.8689,19.4563
B_same_group,4,102,2.4677,19.2471,21.7148
B_same_group,4,103,1.5331,58.7368,60.2699
B_same_group,4,104,2.5853,17.0894,19.6747
B_same_group,4,105,1.6768,22.4317,24.1085
B_same_group,4,106,2.7673,57.0373,59.8046
B_same_group,4,107,2.1535,18.5350,20.6885
B_same_group,4,108,2.3843,20.3643,22.7486
B_same_group,4,109,1.8203,57.9568,59.7771
B_same_group,4,110,1.5112,19.1349,20.6461
B_same_group,4,111,2.9407,19.7859,22.7266
B_same_group,4,112,1.4739,58.7530,60.2269
B_same_group,4,113,3.9548,16.2911,20.2459
B_same_group,4,114,2.0891,21.2083,23.2974
B_same_group,4,115,1.6274,58.5342,60.1616
B_same_group,4,116,1.4819,18.3036,19.7855
B_same_group,4,117,1.4348,22.1498,23.5846
B_same_group,4,118,1.7515,58.5561,60.3076
B_same_group,4,119,2.5115,17.2604,19.7719
B_same_group,4,120,3.2227,20.5785,23.8012
B_same_group,4,121,2.3316,58.0428,60.3744
B_same_group,4,122,1.8286,63.1383,64.9669
B_same_group,4,123,1.5484,53.3091,54.8575
B_same_group,4,124,2.0049,57.5384,59.5433
B_same_group,4,125,1.7038,18.3964,20.1002
B_same_group,4,126,1.4976,19.6023,21.0999
B_same_group,4,127,2.1033,59.9238,62.0271
B_same_group,4,128,1.5437,58.1992,59.7429
B_same_group,4,129,1.9683,17.4760,19.4443
B_same_group,4,130,1.5894,22.1474,23.7368
B_same_group,4,131,2.0762,58.0476,60.1238
B_same_group,4,132,1.5415,18.1988,19.7403
B_same_group,4,133,1.7140,22.0341,23.7481
B_same_group,4,134,1.5806,58.5525,60.1331
B_same_group,4,135,1.4434,18.4256,19.8690
B_same_group,4,136,3.0177,20.9778,23.9955
B_same_group,4,137,2.0633,58.2311,60.2944
B_same_group,4,138,2.7901,16.6637,19.4538
B_same_group,4,139,1.4845,22.1291,23.6136
B_same_group,4,140,2.9458,57.1836,60.1294
B_same_group,4,141,2.1461,17.5951,19.7412
B_same_group,4,142,1.6708,22.1531,23.8239
B_same_group,4,143,1.6849,58.3363,60.0212
B_same_group,4,144,2.2115,17.8605,20.0720
B_same_group,4,145,2.2076,21.2451,23.4527
B_same_group,4,146,2.5374,57.9178,60.4552
B_same_group,4,147,1.8590,17.7641,19.6231
B_same_group,4,148,2.7928,20.6282,23.4210
B_same_group,4,149,1.7991,61.4324,63.2315
B_same_group,4,150,1.5763,57.8913,59.4676
B_same_group,4,151,2.7518,51.3591,54.1109
B_same_group,4,152,1.5385,58.9120,60.4505
B_same_group,4,153,2.4866,17.8898,20.3764
B_same_group,4,154,2.2019,17.7788,19.9807
B_same_group,4,155,2.4255,59.5470,61.9725
B_same_group,4,156,3.0046,56.5472,59.5518
B_same_group,4,157,2.3333,17.6065,19.9398
B_same_group,4,158,1.8078,21.7976,23.6054
B_same_group,4,159,1.7733,58.8619,60.6352
B_same_group,4,160,1.6013,18.6776,20.2789
B_same_group,4,161,2.6234,19.8621,22.4855
B_same_group,4,162,1.5590,59.2193,60.7783
B_same_group,4,163,2.9650,17.4911,20.4561
B_same_group,4,164,1.7310,20.8768,22.6078
B_same_group,4,165,2.1488,57.8228,59.9716
B_same_group,4,166,2.2737,17.5908,19.8645
B_same_group,4,167,2.9239,20.9997,23.9236
B_same_group,4,168,2.5326,57.2613,59.7939
B_same_group,4,169,1.5652,18.4048,19.9700
B_same_group,4,170,3.2668,20.3552,23.6220
B_same_group,4,171,1.7812,58.6055,60.3867
B_same_group,4,172,2.9417,16.6778,19.6195
B_same_group,4,173,3.3374,20.3373,23.6747
B_same_group,4,174,3.5921,56.6879,60.2800
B_same_group,4,175,2.4420,59.5667,62.0087
B_same_group,4,176,1.5653,53.2283,54.7936
B_same_group,4,177,3.3027,58.1057,61.4084
B_same_group,4,178,2.2613,17.5788,19.8401
B_same_group,4,179,2.2618,18.0303,20.2921
B_same_group,4,180,1.5796,61.3633,62.9429
B_same_group,4,181,2.6764,56.9350,59.6114
B_same_group,4,182,1.5662,18.2035,19.7697
B_same_group,4,183,1.8459,21.9658,23.8117
B_same_group,4,184,1.5497,58.3457,59.8954
B_same_group,4,185,1.5976,18.1490,19.7466
B_same_group,4,186,1.8558,22.1702,24.0260
B_same_group,4,187,1.5510,59.2499,60.8009
B_same_group,4,188,2.5402,16.1930,18.7332
B_same_group,4,189,1.4699,22.2795,23.7494
B_same_group,4,190,1.9993,58.2973,60.2966
B_same_group,4,191,1.7956,18.2433,20.0389
B_same_group,4,192,1.6570,21.6482,23.3052
B_same_group,4,193,1.6985,58.4255,60.1240
B_same_group,4,194,2.8218,17.2858,20.1076
B_same_group,4,195,2.8160,20.6664,23.4824
B_same_group,4,196,1.6090,58.3339,59.9429
B_same_group,4,197,1.5032,18.5322,20.0354
B_same_group,4,198,2.3335,21.6376,23.9711
B_same_group,4,199,2.8353,57.1316,59.9669
B_same_group,5,0,2.2848,16.9568,19.2416
B_same_group,5,1,2.3022,21.4311,23.7333
B_same_group,5,2,2.1363,60.9872,63.1235
B_same_group,5,3,1.8753,55.1508,57.0261
B_same_group,5,4,2.0455,53.1771,55.2226
B_same_group,5,5,2.6704,59.5214,62.1918
B_same_group,5,6,2.6882,17.6014,20.2896
B_same_group,5,7,1.6901,18.0116,19.7017
B_same_group,5,8,1.5818,60.3935,61.9753
B_same_group,5,9,2.1658,57.8476,60.0134
B_same_group,5,10,2.9799,16.9674,19.9473
B_same_group,5,11,2.8551,20.3858,23.2409
B_same_group,5,12,1.4766,58.9820,60.4586
B_same_group,5,13,2.8057,17.8787,20.6844
B_same_group,5,14,1.4737,21.2539,22.7276
B_same_group,5,15,4.0626,56.0381,60.1007
B_same_group,5,16,1.9308,17.8532,19.7840
B_same_group,5,17,1.7972,21.9411,23.7383
B_same_group,5,18,2.3709,57.5284,59.8993
B_same_group,5,19,2.1401,17.7813,19.9214
B_same_group,5,20,1.9430,21.6970,23.6400
B_same_group,5,21,1.6359,58.5548,60.1907
B_same_group,5,22,1.5147,19.5672,21.0819
B_same_group,5,23,2.7186,19.6792,22.3978
B_same_group,5,24,2.4507,57.5487,59.9994
B_same_group,5,25,2.6106,17.3060,19.9166
B_same_group,5,26,1.9820,21.7100,23.6920
B_same_group,5,27,1.7736,58.5860,60.3596
B_same_group,5,28,1.5449,63.2831,64.8280
B_same_group,5,29,3.0050,51.7074,54.7124
B_same_group,5,30,1.9775,59.0005,60.9780
B_same_group,5,31,1.8463,16.7952,18.6415
B_same_group,5,32,1.5685,18.6243,20.1928
B_same_group,5,33,2.1635,60.3740,62.5375
B_same_group,5,34,1.7910,58.1370,59.9280
B_same_group,5,35,1.9132,18.3220,20.2352
B_same_group,5,36,4.0441,19.3768,23.4209
B_same_group,5,37,2.3196,58.0615,60.3811
B_same_group,5,38,2.4123,17.9269,20.3392
B_same_group,5,39,1.7239,20.8983,22.6222
B_same_group,5,40,1.7481,58.3541,60.1022
B_same_group,5,41,2.3622,17.6670,20.0292
B_same_group,5,42,2.4223,20.9972,23.4195
B_same_group,5,43,1.6742,58.4307,60.1049
B_same_group,5,44,1.7571,18.2507,20.0078
B_same_group,5,45,2.3621,21.2533,23.6154
B_same_group,5,46,2.7110,57.3701,60.0811
B_same_group,5,47,2.7116,18.4912,21.2028
B_same_group,5,48,2.3513,19.9675,22.3188
B_same_group,5,49,1.6038,58.8412,60.4450
B_same_group,5,50,2.6521,17.9973,20.6494
B_same_group,5,51,1.5583,20.9410,22.4993
B_same_group,5,52,1.8397,58.3855,60.2252
B_same_group,5,53,1.6593,18.9561,20.6154
B_same_group,5,54,2.0072,20.7410,22.7482
B_same_group,5,55,2.6998,60.5762,63.2760
B_same_group,5,56,1.5678,55.3138,56.8816
B_same_group,5,57,1.9206,53.2053,55.1259
B_same_group,5,58,2.4964,57.6576,60.1540
B_same_group,5,59,2.2962,57.9556,60.2518
B_same_group,5,60,1.6490,18.2096,19.8586
B_same_group,5,61,1.7331,20.1866,21.9197
B_same_group,5,62,2.2439,57.7825,60.0264
B_same_group,5,63,1.4946,18.1580,19.6526
B_same_group,5,64,1.5565,22.0353,23.5918
B_same_group,5,65,2.6311,58.8213,61.4524
B_same_group,5,66,2.1644,17.8728,20.0372
B_same_group,5,67,2.9390,19.3595,22.2985
B_same_group,5,68,2.4845,57.5011,59.9856
B_same_group,5,69,1.6105,18.1526,19.7631
B_same_group,5,70,1.8143,21.9112,23.7255
B_same_group,5,71,2.7352,57.3674,60.1026
B_same_group,5,72,1.5555,18.2997,19.8552
B_same_group,5,73,1.7358,21.9377,23.6735
B_same_group,5,74,3.5306,56.8767,60.4073
B_same_group,5,75,3.0674,16.7158,19.7832
B_same_group,5,76,1.6111,22.0846,23.6957
B_same_group,5,77,1.7730,58.0303,59.8033
B_same_group,5,78,3.4279,16.4514,19.8793
B_same_group,5,79,1.8452,21.9131,23.7583
B_same_group,5,80,1.5148,58.9986,60.5134
B_same_group,5,81,3.7139,61.0901,64.8040
B_same_group,5,82,1.9454,52.5966,54.5420
B_same_group,5,83,4.2713,54.9991,59.2704
B_same_group,5,84,2.4034,16.8730,19.2764
B_same_group,5,85,3.1261,17.4037,20.5298
B_same_group,5,86,3.7938,58.3929,62.1867
B_same_group,5,87,2.7600,57.1306,59.8906
B_same_group,5,88,2.4898,17.7024,20.1922
B_same_group,5,89,1.8347,21.3942,23.2289
B_same_group,5,90,3.4008,56.6681,60.0689
B_same_group,5,91,1.8167,19.1823,20.9990
B_same_group,5,92,1.8216,20.9947,22.8163
B_same_group,5,93,2.1009,57.7330,59.8339
B_same_group,5,94,2.7023,18.1007,20.8030
B_same_group,5,95,2.3591,19.9987,22.3578
B_same_group,5,96,2.6692,57.6334,60.3026
B_same_group,5,97,2.9648,17.7578,20.7226
B_same_group,5,98,2.6379,20.1293,22.7672
B_same_group,5,99,1.4986,58.5405,60.0391
B_same_group,5,100,2.1624,17.6211,19.7835
B_same_group,5,101,2.2019,21.7300,23.9319
B_same_group,5,102,2.4805,57.6725,60.1530
B_same_group,5,103,3.3283,16.3488,19.6771
B_same_group,5,104,2.5434,20.7886,23.3320
B_same_group,5,105,3.0752,57.1648,60.2400
B_same_group,5,106,2.0237,18.7360,20.7597
B_same_group,5,107,1.4987,21.2986,22.7973
B_same_group,5,108,2.7616,59.6216,62.3832
B_same_group,5,109,1.5048,58.2263,59.7311
B_same_group,5,110,2.4560,17.2616,19.7176
B_same_group,5,111,1.9013,18.4518,20.3531
B_same_group,5,112,1.9120,60.5987,62.5107
B_same_group,5,113,1.9714,57.7653,59.7367
B_same_group,5,114,2.2472,18.4787,20.7259
B_same_group,5,115,2.6731,20.3690,23.0421
B_same_group,5,116,1.9760,58.0198,59.9958
B_same_group,5,117,1.9968,17.5933,19.5901
B_same_group,5,118,2.4999,21.6514,24.1513
B_same_group,5,119,2.0951,57.6276,59.7227
B_same_group,5,120,1.5826,18.1647,19.7473
B_same_group,5,121,1.7664,21.8646,23.6310
B_same_group,5,122,1.5424,58.8573,60.3997
B_same_group,5,123,2.1780,17.6508,19.8288
B_same_group,5,124,1.9673,21.8016,23.7689
B_same_group,5,125,2.9882,56.7997,59.7879
B_same_group,5,126,2.0922,17.8256,19.9178
B_same_group,5,127,2.3914,21.2012,23.5926
B_same_group,5,128,1.7639,58.7238,60.4877
B_same_group,5,129,3.2740,16.4111,19.6851
B_same_group,5,130,4.5307,18.8604,23.3911
B_same_group,5,131,3.8590,55.9140,59.7730
B_same_group,5,132,3.5927,16.2014,19.7941
B_same_group,5,133,3.5726,20.0615,23.6341
B_same_group,5,134,3.1107,56.8067,59.9174
B_same_group,5,135,3.5071,16.5451,20.0522
B_same_group,5,136,7.1328,15.6018,22.7346
B_same_group,5,137,3.6609,56.6427,60.3036
B_same_group,5,138,3.7727,59.0250,62.7977
B_same_group,5,139,3.5208,50.6474,54.1682
B_same_group,5,140,3.1096,55.9577,59.0673
B_same_group,5,141,3.0171,17.7519,20.7690
B_same_group,5,142,3.4505,17.1389,20.5894
B_same_group,5,143,2.3591,58.3190,60.6781
B_same_group,5,144,2.9938,56.7377,59.7315
B_same_group,5,145,3.2648,17.4378,20.7026
B_same_group,5,146,3.3942,19.3210,22.7152
B_same_group,5,147,2.5775,57.4067,59.9842
B_same_group,5,148,3.4322,17.6911,21.1233
B_same_group,5,149,3.3717,18.8519,22.2236
B_same_group,5,150,3.2569,56.8434,60.1003
B_same_group,5,151,3.1184,17.6233,20.7417
B_same_group,5,152,2.3693,20.5273,22.8966
B_same_group,5,153,4.2990,55.4110,59.7100
B_same_group,5,154,2.5536,17.3319,19.8855
B_same_group,5,155,3.3859,20.5261,23.9120
B_same_group,5,156,3.1029,56.5886,59.6915
B_same_group,5,157,1.8531,18.0271,19.8802
B_same_group,5,158,3.2066,20.3459,23.5525
B_same_group,5,159,1.8017,58.6112,60.4129
B_same_group,5,160,1.9364,18.2702,20.2066
B_same_group,5,161,2.7285,19.8864,22.6149
B_same_group,5,162,1.6215,58.8108,60.4323
B_same_group,5,163,3.0953,17.5699,20.6652
B_same_group,5,164,1.8999,20.7937,22.6936
B_same_group,5,165,3.1706,59.0542,62.2248
B_same_group,5,166,2.6734,58.2103,60.8837
B_same_group,5,167,2.0821,17.8745,19.9566
B_same_group,5,168,2.0512,18.7821,20.8333
B_same_group,5,169,2.0730,58.6267,60.6997
B_same_group,5,170,1.5880,58.6841,60.2721
B_same_group,5,171,2.6752,17.3537,20.0289
B_same_group,5,172,2.6798,20.4179,23.0977
B_same_group,5,173,1.5879,58.6679,60.2558
B_same_group,5,174,5.0887,15.4855,20.5742
B_same_group,5,175,4.0299,19.1223,23.1522
B_same_group,5,176,3.9276,55.6148,59.5424
B_same_group,5,177,3.8092,16.0091,19.8183
B_same_group,5,178,4.1704,19.3421,23.5125
B_same_group,5,179,3.6645,56.4158,60.0803
B_same_group,5,180,3.5959,16.1898,19.7857
B_same_group,5,181,4.1779,19.4961,23.6740
B_same_group,5,182,3.4947,56.3170,59.8117
B_same_group,5,183,3.4215,16.4616,19.8831
B_same_group,5,184,3.8280,19.7319,23.5599
B_same_group,5,185,4.2218,55.7914,60.0132
B_same_group,5,186,3.4728,16.2848,19.7576
B_same_group,5,187,3.7252,19.9877,23.7129
B_same_group,5,188,3.2137,51.5860,54.7997
B_same_group,5,189,2.8905,57.2793,60.1698
B_same_group,5,190,3.6564,17.3205,20.9769
B_same_group,5,191,4.0574,15.6085,19.6659
B_same_group,5,192,3.5404,58.1585,61.6989
B_same_group,5,193,3.4254,58.3546,61.7800
B_same_group,5,194,3.2621,57.5418,60.8039
B_same_group,5,195,3.0180,17.1505,20.1685
B_same_group,5,196,2.6361,17.8994,20.5355
B_same_group,5,197,4.1771,56.7721,60.9492
B_same_group,5,198,2.3311,57.4597,59.7908
B_same_group,5,199,2.1515,18.9221,21.0736
C_cross_group,1,0,3.1262,18.6110,21.7372
C_cross_group,1,1,2.0688,58.0792,60.1480
C_cross_group,1,2,2.4648,101.4329,103.8977
C_cross_group,1,3,2.3992,101.7111,104.1103
C_cross_group,1,4,2.8830,100.8726,103.7556
C_cross_group,1,5,2.3321,101.7957,104.1278
C_cross_group,1,6,3.3831,100.6441,104.0272
C_cross_group,1,7,2.3563,41.4947,43.8510
C_cross_group,1,8,2.0647,102.2828,104.3475
C_cross_group,1,9,3.3098,174.6345,177.9443
C_cross_group,1,10,4.9840,96.4518,101.4358
C_cross_group,1,11,2.6822,138.2903,140.9725
C_cross_group,1,12,2.9338,101.5463,104.4801
C_cross_group,1,13,3.9261,79.3055,83.2316
C_cross_group,1,14,2.9339,100.9584,103.8923
C_cross_group,1,15,2.1302,101.8933,104.0235
C_cross_group,1,16,2.9945,100.9952,103.9897
C_cross_group,1,17,2.1182,102.0082,104.1264
C_cross_group,1,18,1.9037,104.0470,105.9507
C_cross_group,1,19,2.1910,78.5570,80.7480
C_cross_group,1,20,1.5450,140.4761,142.0211
C_cross_group,1,21,1.7882,102.1443,103.9325
C_cross_group,1,22,2.5941,101.5521,104.1462
C_cross_group,1,23,4.7629,98.9884,103.7513
C_cross_group,1,24,3.4798,100.4623,103.9421
C_cross_group,1,25,3.5441,100.3776,103.9217
C_cross_group,1,26,3.6503,100.1453,103.7956
C_cross_group,1,27,3.2774,40.4771,43.7545
C_cross_group,1,28,2.8700,101.2156,104.0856
C_cross_group,1,29,3.8282,174.2362,178.0644
C_cross_group,1,30,2.8899,97.8689,100.7588
C_cross_group,1,31,2.8790,139.0072,141.8862
C_cross_group,1,32,3.5000,100.3861,103.8861
C_cross_group,1,33,2.6248,81.2251,83.8499
C_cross_group,1,34,1.8588,102.2534,104.1122
C_cross_group,1,35,2.4325,101.3993,103.8318
C_cross_group,1,36,1.9877,102.2734,104.2611
C_cross_group,1,37,2.7991,101.0743,103.8734
C_cross_group,1,38,4.2572,102.9889,107.2461
C_cross_group,1,39,3.5346,110.3231,113.8577
C_cross_group,1,40,3.5399,96.8956,100.4355
C_cross_group,1,41,2.7390,139.9980,142.7370
C_cross_group,1,42,2.5167,101.4637,103.9804
C_cross_group,1,43,3.4158,101.6205,105.0363
C_cross_group,1,44,3.4984,99.4864,102.9848
C_cross_group,1,45,2.4552,101.6195,104.0747
C_cross_group,1,46,3.0067,81.0797,84.0864
C_cross_group,1,47,2.2932,101.8776,104.1708
C_cross_group,1,48,1.8204,140.5825,142.4029
C_cross_group,1,49,2.0495,137.2346,139.2841
C_cross_group,1,50,1.9145,101.2774,103.1919
C_cross_group,1,51,1.8200,101.4760,103.2960
C_cross_group,1,52,2.2142,101.8154,104.0296
C_cross_group,1,53,3.5446,76.6367,80.1813
C_cross_group,1,54,3.4953,100.3047,103.8000
C_cross_group,1,55,3.2604,100.7634,104.0238
C_cross_group,1,56,3.4254,99.8875,103.3129
C_cross_group,1,57,2.6470,141.2503,143.8973
C_cross_group,1,58,3.0979,134.1296,137.2275
C_cross_group,1,59,2.6797,80.2024,82.8821
C_cross_group,1,60,3.5491,100.0106,103.5597
C_cross_group,1,61,2.3920,101.8453,104.2373
C_cross_group,1,62,2.0413,101.8382,103.8795
C_cross_group,1,63,1.8553,102.1257,103.9810
C_cross_group,1,64,1.9233,73.6342,75.5575
C_cross_group,1,65,1.5362,14.2812,15.8174
C_cross_group,1,66,1.8146,55.8469,57.6615
C_cross_group,1,67,1.7067,55.7174,57.4241
C_cross_group,1,68,1.5843,49.9275,51.5118
C_cross_group,1,69,1.7023,56.9822,58.6845
C_cross_group,1,70,2.0098,50.5588,52.5686
C_cross_group,1,71,4.2329,55.0977,59.3306
C_cross_group,1,72,6.0949,9.0580,15.1529
C_cross_group,1,73,10.3951,3.2277,13.6228
C_cross_group,1,74,3.5779,11.2090,14.7869
C_cross_group,1,75,5.2193,50.4435,55.6628
C_cross_group,1,76,5.4876,10.0124,15.5000
C_cross_group,1,77,3.7384,11.9490,15.6874
C_cross_group,1,78,3.6929,12.2333,15.9262
C_cross_group,1,79,3.6444,51.1653,54.8097
C_cross_group,1,80,3.3026,12.3184,15.6210
C_cross_group,1,81,2.3609,13.5002,15.8611
C_cross_group,1,82,3.7980,12.0295,15.8275
C_cross_group,1,83,2.8208,51.8773,54.6981
C_cross_group,1,84,3.7002,13.0530,16.7532
C_cross_group,1,85,3.7999,11.8970,15.6969
C_cross_group,1,86,2.3395,13.6830,16.0225
C_cross_group,1,87,2.4347,52.4260,54.8607
C_cross_group,1,88,2.4308,14.6132,17.0440
C_cross_group,1,89,3.1618,12.2155,15.3773
C_cross_group,1,90,2.8764,13.3843,16.2607
C_cross_group,1,91,3.0816,52.3547,55.4363
C_cross_group,1,92,3.5309,12.2491,15.7800
C_cross_group,1,93,3.3528,12.2040,15.5568
C_cross_group,1,94,3.3137,12.5148,15.8285
C_cross_group,1,95,3.9013,51.8131,55.7144
C_cross_group,1,96,3.1302,12.8051,15.9353
C_cross_group,1,97,3.5341,12.1440,15.6781
C_cross_group,1,98,3.5366,12.5161,16.0527
C_cross_group,1,99,3.2855,52.1865,55.4720
C_cross_group,1,100,3.1194,12.6257,15.7451
C_cross_group,1,101,3.6872,12.1201,15.8073
C_cross_group,1,102,3.4271,12.4156,15.8427
C_cross_group,1,103,3.5729,51.1994,54.7723
C_cross_group,1,104,3.0989,13.8416,16.9405
C_cross_group,1,105,3.3345,12.3662,15.7007
C_cross_group,1,106,3.4432,12.4282,15.8714
C_cross_group,1,107,3.2050,52.5333,55.7383
C_cross_group,1,108,2.5813,13.4960,16.0773
C_cross_group,1,109,3.9986,11.4306,15.4292
C_cross_group,1,110,2.2983,13.6873,15.9856
C_cross_group,1,111,2.7199,53.1071,55.8270
C_cross_group,1,112,1.6859,14.3886,16.0745
C_cross_group,1,113,1.7925,14.1657,15.9582
C_cross_group,1,114,2.4225,12.8367,15.2592
C_cross_group,1,115,1.7449,54.5460,56.2909
C_cross_group,1,116,3.8051,11.5614,15.3665
C_cross_group,1,117,3.5628,12.2609,15.8237
C_cross_group,1,118,1.7967,14.6312,16.4279
C_cross_group,1,119,3.4834,51.8592,55.3426
C_cross_group,1,120,3.3378,12.7681,16.1059
C_cross_group,1,121,3.4807,12.0134,15.4941
C_cross_group,1,122,3.2608,12.3702,15.6310
C_cross_group,1,123,1.7457,54.0868,55.8325
C_cross_group,1,124,1.9340,14.0229,15.9569
C_cross_group,1,125,2.2295,13.4053,15.6348
C_cross_group,1,126,2.0511,13.8592,15.9103
C_cross_group,1,127,2.5348,53.5367,56.0715
C_cross_group,1,128,2.5092,13.2097,15.7189
C_cross_group,1,129,2.2242,13.4823,15.7065
C_cross_group,1,130,2.0493,14.0051,16.0544
C_cross_group,1,131,2.3111,53.4433,55.7544
C_cross_group,1,132,3.0494,12.5217,15.5711
C_cross_group,1,133,1.6510,14.2797,15.9307
C_cross_group,1,134,2.0639,13.9571,16.0210
C_cross_group,1,135,1.4453,54.1991,55.6444
C_cross_group,1,136,1.5046,14.3119,15.8165
C_cross_group,1,137,1.5471,14.3589,15.9060
C_cross_group,1,138,1.9507,14.1691,16.1198
C_cross_group,1,139,1.4149,54.4303,55.8452
C_cross_group,1,140,2.0951,13.8057,15.9008
C_cross_group,1,141,2.9392,12.0304,14.9696
C_cross_group,1,142,2.2678,13.8662,16.1340
C_cross_group,1,143,2.3926,53.3419,55.7345
C_cross_group,1,144,1.6324,55.8166,57.4490
C_cross_group,1,145,2.2446,52.7071,54.9517
C_cross_group,1,146,2.8057,12.2392,15.0449
C_cross_group,1,147,3.5690,12.0494,15.6184
C_cross_group,1,148,3.5410,55.2113,58.7523
C_cross_group,1,149,3.1035,49.7852,52.8887
C_cross_group,1,150,1.9056,56.3509,58.2565
C_cross_group,1,151,3.0859,12.4057,15.4916
C_cross_group,1,152,1.6669,14.0897,15.7566
C_cross_group,1,153,2.0984,57.2522,59.3506
C_cross_group,1,154,1.9364,47.5596,49.4960
C_cross_group,1,155,1.5471,54.6524,56.1995
C_cross_group,1,156,2.0063,55.6198,57.6261
C_cross_group,1,157,2.2871,52.9483,55.2354
C_cross_group,1,158,3.7226,12.0144,15.7370
C_cross_group,1,159,2.3924,13.1824,15.5748
C_cross_group,1,160,2.0626,14.9181,16.9807
C_cross_group,1,161,2.9642,51.8858,54.8500
C_cross_group,1,162,2.0893,14.3496,16.4389
C_cross_group,1,163,1.6750,13.6734,15.3484
C_cross_group,1,164,2.0319,14.7074,16.7393
C_cross_group,1,165,2.3953,52.7835,55.1788
C_cross_group,1,166,1.8221,13.9051,15.7272
C_cross_group,1,167,1.8449,13.6202,15.4651
C_cross_group,1,168,1.9734,15.1158,17.0892
C_cross_group,1,169,2.2458,52.6697,54.9155
C_cross_group,1,170,2.9438,12.7099,15.6537
C_cross_group,1,171,1.5234,14.4179,15.9413
C_cross_group,1,172,2.3105,14.6095,16.9200
C_cross_group,1,173,1.6157,53.8647,55.4804
C_cross_group,1,174,1.6085,56.1465,57.7550
C_cross_group,1,175,1.9721,47.6938,49.6659
C_cross_group,1,176,2.2685,54.9388,57.2073
C_cross_group,1,177,2.1212,13.5627,15.6839
C_cross_group,1,178,1.5134,13.8766,15.3900
C_cross_group,1,179,1.5103,55.8867,57.3970
C_cross_group,1,180,3.1453,54.3327,57.4780
C_cross_group,1,181,2.6545,12.7487,15.4032
C_cross_group,1,182,2.8404,13.0965,15.9369
C_cross_group,1,183,2.4015,13.5397,15.9412
C_cross_group,1,184,1.7531,53.1121,54.8652
C_cross_group,1,185,1.5919,14.1015,15.6934
C_cross_group,1,186,1.9755,13.9533,15.9288
C_cross_group,1,187,1.5541,14.3239,15.8780
C_cross_group,1,188,1.4837,54.6462,56.1299
C_cross_group,1,189,1.9149,53.0446,54.9595
C_cross_group,1,190,1.9003,13.6373,15.5376
C_cross_group,1,191,3.2887,12.4876,15.7763
C_cross_group,1,192,2.4431,14.9323,17.3754
C_cross_group,1,193,2.2859,52.0190,54.3049
C_cross_group,1,194,2.2145,13.6166,15.8311
C_cross_group,1,195,1.6280,14.5777,16.2057
C_cross_group,1,196,1.4751,15.1924,16.6675
C_cross_group,1,197,2.0387,52.6878,54.7265
C_cross_group,1,198,1.5873,14.2763,15.8636
C_cross_group,1,199,2.6412,13.2547,15.8959
C_cross_group,2,0,1.9082,14.7059,16.6141
C_cross_group,2,1,1.4866,53.1743,54.6609
C_cross_group,2,2,1.5766,14.2463,15.8229
C_cross_group,2,3,2.1634,13.7066,15.8700
C_cross_group,2,4,1.5712,15.3390,16.9102
C_cross_group,2,5,2.8796,51.8261,54.7057
C_cross_group,2,6,2.8840,13.0457,15.9297
C_cross_group,2,7,2.4517,13.2663,15.7180
C_cross_group,2,8,1.7544,15.2031,16.9575
C_cross_group,2,9,2.3123,52.5905,54.9028
C_cross_group,2,10,1.6027,14.4364,16.0391
C_cross_group,2,11,1.7824,13.7085,15.4909
C_cross_group,2,12,2.9050,14.3962,17.3012
C_cross_group,2,13,3.3898,51.1145,54.5043
C_cross_group,2,14,1.4851,14.5658,16.0509
C_cross_group,2,15,1.9845,13.6820,15.6665
C_cross_group,2,16,2.3348,14.6610,16.9958
C_cross_group,2,17,2.3626,52.3636,54.7262
C_cross_group,2,18,2.1446,13.6264,15.7710
C_cross_group,2,19,2.4962,13.3988,15.8950
C_cross_group,2,20,2.2092,14.7417,16.9509
C_cross_group,2,21,2.4628,52.3211,54.7839
C_cross_group,2,22,2.9128,13.0127,15.9255
C_cross_group,2,23,2.6036,13.1660,15.7696
C_cross_group,2,24,1.8977,14.9759,16.8736
C_cross_group,2,25,1.6932,53.3025,54.9957
C_cross_group,2,26,1.4010,14.4939,15.8949
C_cross_group,2,27,1.6316,14.1741,15.8057
C_cross_group,2,28,1.4637,15.5567,17.0204
C_cross_group,2,29,1.6820,53.0676,54.7496
C_cross_group,2,30,1.8745,13.9342,15.8087
C_cross_group,2,31,2.1768,13.6579,15.8347
C_cross_group,2,32,3.2320,13.6839,16.9159
C_cross_group,2,33,2.7117,52.0270,54.7387
C_cross_group,2,34,2.2682,13.4897,15.7579
C_cross_group,2,35,2.7565,13.0317,15.7882
C_cross_group,2,36,2.3930,14.6096,17.0026
C_cross_group,2,37,1.6143,53.3070,54.9213
C_cross_group,2,38,2.1670,13.6167,15.7837
C_cross_group,2,39,1.6734,14.0432,15.7166
C_cross_group,2,40,3.6378,13.4523,17.0901
C_cross_group,2,41,2.8235,51.9368,54.7603
C_cross_group,2,42,1.5011,14.3592,15.8603
C_cross_group,2,43,1.4367,14.2312,15.6679
C_cross_group,2,44,1.5275,15.5525,17.0800
C_cross_group,2,45,1.7533,53.6007,55.3540
C_cross_group,2,46,2.0265,55.4945,57.5210
C_cross_group,2,47,3.0633,52.4538,55.5171
C_cross_group,2,48,2.0942,13.7855,15.8797
C_cross_group,2,49,1.5776,14.2888,15.8664
C_cross_group,2,50,2.1204,14.1589,16.2793
C_cross_group,2,51,1.7506,89.7119,91.4625
C_cross_group,2,52,2.5328,54.7500,57.2828
C_cross_group,2,53,1.6530,55.9229,57.5759
C_cross_group,2,54,2.1100,13.5842,15.6942
C_cross_group,2,55,2.4668,13.3264,15.7932
C_cross_group,2,56,1.6060,14.4067,16.0127
C_cross_group,2,57,1.6052,54.1327,55.7379
C_cross_group,2,58,1.9156,13.8736,15.7892
C_cross_group,2,59,1.4204,14.2994,15.7198
C_cross_group,2,60,2.9276,12.7772,15.7048
C_cross_group,2,61,1.9917,54.2168,56.2085
C_cross_group,2,62,2.7733,12.6641,15.4374
C_cross_group,2,63,1.4209,14.3118,15.7327
C_cross_group,2,64,1.8418,14.3786,16.2204
C_cross_group,2,65,1.7841,53.8105,55.5946
C_cross_group,2,66,2.7397,13.1645,15.9042
C_cross_group,2,67,3.2199,13.4362,16.6561
C_cross_group,2,68,3.2749,11.6518,14.9267
C_cross_group,2,69,1.6912,54.1870,55.8782
C_cross_group,2,70,1.6402,53.2632,54.9034
C_cross_group,2,71,2.1097,13.6548,15.7645
C_cross_group,2,72,2.7306,12.9270,15.6576
C_cross_group,2,73,2.8646,13.8635,16.7281
C_cross_group,2,74,2.5643,52.7663,55.3306
C_cross_group,2,75,1.9849,13.5334,15.5183
C_cross_group,2,76,1.7680,13.8509,15.6189
C_cross_group,2,77,2.4342,14.4318,16.8660
C_cross_group,2,78,2.3587,53.5000,55.8587
C_cross_group,2,79,2.8038,54.4570,57.2608
C_cross_group,2,80,1.9399,53.7972,55.7371
C_cross_group,2,81,1.9345,14.0575,15.9920
C_cross_group,2,82,1.8681,13.9793,15.8474
C_cross_group,2,83,2.7077,13.7298,16.4375
C_cross_group,2,84,2.3443,88.7928,91.1371
C_cross_group,2,85,1.5289,55.6342,57.1631
C_cross_group,2,86,2.5709,55.1729,57.7438
C_cross_group,2,87,1.7226,52.7379,54.4605
C_cross_group,2,88,3.2553,12.5006,15.7559
C_cross_group,2,89,3.4109,12.0876,15.4985
C_cross_group,2,90,2.5852,14.8560,17.4412
C_cross_group,2,91,2.1242,52.3157,54.4399
C_cross_group,2,92,1.5539,14.2845,15.8384
C_cross_group,2,93,2.0813,14.0879,16.1692
C_cross_group,2,94,3.8170,12.7020,16.5190
C_cross_group,2,95,1.7738,53.0475,54.8213
C_cross_group,2,96,1.6616,14.3552,16.0168
C_cross_group,2,97,2.1477,13.6351,15.7828
C_cross_group,2,98,1.8809,15.3371,17.2180
C_cross_group,2,99,2.1207,51.9074,54.0281
C_cross_group,2,100,2.3978,13.5106,15.9084
C_cross_group,2,101,1.7347,14.3897,16.1244
C_cross_group,2,102,1.4332,15.3733,16.8065
C_cross_group,2,103,3.1052,51.6383,54.7435
C_cross_group,2,104,1.8124,14.0538,15.8662
C_cross_group,2,105,1.4933,14.6488,16.1421
C_cross_group,2,106,2.5643,14.0762,16.6405
C_cross_group,2,107,1.9268,52.7722,54.6990
C_cross_group,2,108,1.9823,14.0593,16.0416
C_cross_group,2,109,2.2586,13.3618,15.6204
C_cross_group,2,110,2.2872,14.9741,17.2613
C_cross_group,2,111,3.2641,51.9107,55.1748
C_cross_group,2,112,2.0439,55.3135,57.3574
C_cross_group,2,113,1.4180,54.2131,55.6311
C_cross_group,2,114,2.4476,13.2805,15.7281
C_cross_group,2,115,2.3009,13.5328,15.8337
C_cross_group,2,116,3.9611,55.1105,59.0716
C_cross_group,2,117,1.5869,47.1703,48.7572
C_cross_group,2,118,1.6794,55.6461,57.3255
C_cross_group,2,119,2.0537,55.3539,57.4076
C_cross_group,2,120,1.4557,53.4282,54.8839
C_cross_group,2,121,1.5143,14.5583,16.0726
C_cross_group,2,122,2.3730,13.4823,15.8553
C_cross_group,2,123,2.8015,13.8687,16.6702
C_cross_group,2,124,2.6075,52.3243,54.9318
C_cross_group,2,125,2.4649,13.2686,15.7335
C_cross_group,2,126,1.7582,14.4276,16.1858
C_cross_group,2,127,1.6464,15.3247,16.9711
C_cross_group,2,128,1.8610,52.7497,54.6107
C_cross_group,2,129,1.9570,13.7298,15.6868
C_cross_group,2,130,1.6606,14.3301,15.9907
C_cross_group,2,131,1.5655,15.4163,16.9818
C_cross_group,2,132,1.7000,53.4040,55.1040
C_cross_group,2,133,1.4257,14.1919,15.6176
C_cross_group,2,134,1.6158,13.9746,15.5904
C_cross_group,2,135,1.4428,15.5499,16.9927
C_cross_group,2,136,1.4361,53.6211,55.0572
C_cross_group,2,137,1.8185,14.2904,16.1089
C_cross_group,2,138,3.5375,11.8595,15.3970
C_cross_group,2,139,3.0421,14.2381,17.2802
C_cross_group,2,140,2.3280,52.2556,54.5836
C_cross_group,2,141,1.7326,13.7441,15.4767
C_cross_group,2,142,1.4439,15.0665,16.5104
C_cross_group,2,143,2.0199,14.3691,16.3890
C_cross_group,2,144,1.4377,54.1689,55.6066
C_cross_group,2,145,2.8221,53.8891,56.7112
C_cross_group,2,146,1.9193,50.1751,52.0944
C_cross_group,2,147,2.7202,52.4073,55.1275
C_cross_group,2,148,2.3420,13.5295,15.8715
C_cross_group,2,149,2.0053,13.6640,15.6693
C_cross_group,2,150,1.7154,56.0533,57.7687
C_cross_group,2,151,1.4942,56.9722,58.4664
C_cross_group,2,152,1.5709,52.9323,54.5032
C_cross_group,2,153,1.9942,13.6762,15.6704
C_cross_group,2,154,2.1040,14.0642,16.1682
C_cross_group,2,155,1.4783,57.1879,58.6662
C_cross_group,2,156,1.9381,47.8406,49.7787
C_cross_group,2,157,1.5502,56.3315,57.8817
C_cross_group,2,158,2.0855,54.8954,56.9809
C_cross_group,2,159,2.9249,12.6378,15.5627
C_cross_group,2,160,2.9432,12.9045,15.8477
C_cross_group,2,161,2.5075,13.2171,15.7246
C_cross_group,2,162,2.2356,53.7404,55.9760
C_cross_group,2,163,1.4654,14.8772,16.3426
C_cross_group,2,164,3.2299,11.6472,14.8771
C_cross_group,2,165,1.8672,14.0024,15.8696
C_cross_group,2,166,1.7142,54.8131,56.5273
C_cross_group,2,167,2.5062,12.4897,14.9959
C_cross_group,2,168,1.4111,14.5397,15.9508
C_cross_group,2,169,1.4720,14.4450,15.9170
C_cross_group,2,170,2.8531,53.1694,56.0225
C_cross_group,2,171,1.5167,14.0981,15.6148
C_cross_group,2,172,1.6904,14.3228,16.0132
C_cross_group,2,173,1.8018,13.9777,15.7795
C_cross_group,2,174,2.1962,54.0685,56.2647
C_cross_group,2,175,1.7750,54.5319,56.3069
C_cross_group,2,176,1.9332,54.4409,56.3741
C_cross_group,2,177,2.5499,12.9839,15.5338
C_cross_group,2,178,2.9949,12.9219,15.9168
C_cross_group,2,179,2.9536,52.8011,55.7547
C_cross_group,2,180,3.3417,54.5461,57.8878
C_cross_group,2,181,1.7445,14.1184,15.8629
C_cross_group,2,182,2.3240,13.6504,15.9744
C_cross_group,2,183,2.1569,14.2137,16.3706
C_cross_group,2,184,3.0499,52.0850,55.1349
C_cross_group,2,185,2.6505,13.5619,16.2124
C_cross_group,2,186,1.9432,13.9889,15.9321
C_cross_group,2,187,2.4815,13.2371,15.7186
C_cross_group,2,188,2.2109,53.2181,55.4290
C_cross_group,2,189,2.0841,13.6025,15.6866
C_cross_group,2,190,3.3093,12.6404,15.9497
C_cross_group,2,191,1.7560,14.0679,15.8239
C_cross_group,2,192,1.5861,53.9394,55.5255
C_cross_group,2,193,3.0271,51.2315,54.2586
C_cross_group,2,194,3.4942,12.2477,15.7419
C_cross_group,2,195,3.2161,12.5689,15.7850
C_cross_group,2,196,2.7451,14.4231,17.1682
C_cross_group,2,197,2.3126,52.3589,54.6715
C_cross_group,2,198,2.1748,13.5198,15.6946
C_cross_group,2,199,3.1247,12.7519,15.8766
C_cross_group,3,0,2.4934,13.9754,16.4688
C_cross_group,3,1,2.0071,52.7273,54.7344
C_cross_group,3,2,3.0834,12.9259,16.0093
C_cross_group,3,3,2.7404,12.8852,15.6256
C_cross_group,3,4,3.1921,14.2708,17.4629
C_cross_group,3,5,2.7705,51.7175,54.4880
C_cross_group,3,6,1.9540,13.6472,15.6012
C_cross_group,3,7,3.9609,11.6199,15.5808
C_cross_group,3,8,2.4117,14.8745,17.2862
C_cross_group,3,9,3.4075,51.8786,55.2861
C_cross_group,3,10,2.7055,54.8109,57.5164
C_cross_group,3,11,3.2423,52.3002,55.5425
C_cross_group,3,12,2.3921,12.9926,15.3847
C_cross_group,3,13,2.0976,13.7516,15.8492
C_cross_group,3,14,2.6975,13.4413,16.1388
C_cross_group,3,15,3.1819,88.3213,91.5032
C_cross_group,3,16,2.0080,55.0982,57.1062
C_cross_group,3,17,2.7371,54.7876,57.5247
C_cross_group,3,18,2.7408,52.0553,54.7961
C_cross_group,3,19,1.7193,14.0792,15.7985
C_cross_group,3,20,1.6069,14.1377,15.7446
C_cross_group,3,21,2.2052,14.7855,16.9907
C_cross_group,3,22,3.6635,51.1350,54.7985
C_cross_group,3,23,3.6700,12.1501,15.8201
C_cross_group,3,24,3.2406,12.6427,15.8833
C_cross_group,3,25,2.3656,14.1284,16.4940
C_cross_group,3,26,2.6611,52.5762,55.2373
C_cross_group,3,27,2.5322,13.2906,15.8228
C_cross_group,3,28,3.0727,12.6500,15.7227
C_cross_group,3,29,1.6797,14.9255,16.6052
C_cross_group,3,30,1.7843,53.3443,55.1286
C_cross_group,3,31,2.3349,13.4994,15.8343
C_cross_group,3,32,2.5496,12.9806,15.5302
C_cross_group,3,33,1.9796,14.9359,16.9155
C_cross_group,3,34,2.8082,52.0145,54.8227
C_cross_group,3,35,2.2311,13.3922,15.6233
C_cross_group,3,36,1.6422,14.3907,16.0329
C_cross_group,3,37,1.5644,15.4076,16.9720
C_cross_group,3,38,1.5355,53.3679,54.9034
C_cross_group,3,39,1.5949,14.1072,15.7021
C_cross_group,3,40,2.5115,13.7157,16.2272
C_cross_group,3,41,2.6686,13.8916,16.5602
C_cross_group,3,42,3.0418,52.5818,55.6236
C_cross_group,3,43,3.4368,53.4754,56.9122
C_cross_group,3,44,2.1822,49.7718,51.9540
C_cross_group,3,45,2.4898,52.3406,54.8304
C_cross_group,3,46,1.4898,14.3855,15.8753
C_cross_group,3,47,1.5728,14.3101,15.8829
C_cross_group,3,48,2.0098,56.6868,58.6966
C_cross_group,3,49,1.8602,50.9265,52.7867
C_cross_group,3,50,2.0264,55.1793,57.2057
C_cross_group,3,51,1.4694,14.2857,15.7551
C_cross_group,3,52,1.8250,14.1807,16.0057
C_cross_group,3,53,2.0513,13.8790,15.9303
C_cross_group,3,54,2.1004,53.8138,55.9142
C_cross_group,3,55,1.6282,14.0439,15.6721
C_cross_group,3,56,1.4460,14.4703,15.9163
C_cross_group,3,57,2.1163,13.9617,16.0780
C_cross_group,3,58,2.0349,53.0120,55.0469
C_cross_group,3,59,2.8400,12.6837,15.5237
C_cross_group,3,60,2.1431,13.7863,15.9294
C_cross_group,3,61,1.9606,13.9466,15.9072
C_cross_group,3,62,1.7466,53.0960,54.8426
C_cross_group,3,63,1.7997,13.9510,15.7507
C_cross_group,3,64,1.8587,14.4033,16.2620
C_cross_group,3,65,2.2643,14.1350,16.3993
C_cross_group,3,66,1.4019,53.7168,55.1187
C_cross_group,3,67,3.2182,12.4451,15.6633
C_cross_group,3,68,1.7507,14.0182,15.7689
C_cross_group,3,69,1.5512,15.3874,16.9386
C_cross_group,3,70,1.4883,53.2885,54.7768
C_cross_group,3,71,1.7738,14.0870,15.8608
C_cross_group,3,72,1.5976,14.2148,15.8124
C_cross_group,3,73,1.6168,15.5510,17.1678
C_cross_group,3,74,2.0853,52.8159,54.9012
C_cross_group,3,75,2.2977,13.1088,15.4065
C_cross_group,3,76,2.5558,13.6003,16.1561
C_cross_group,3,77,1.7657,14.8880,16.6537
C_cross_group,3,78,2.2619,52.7326,54.9945
C_cross_group,3,79,2.4615,13.2998,15.7613
C_cross_group,3,80,1.9999,14.0376,16.0375
C_cross_group,3,81,2.7090,13.6683,16.3773
C_cross_group,3,82,2.2205,53.0482,55.2687
C_cross_group,3,83,1.7320,14.1342,15.8662
C_cross_group,3,84,1.6176,14.0731,15.6907
C_cross_group,3,85,1.4819,15.1999,16.6818
C_cross_group,3,86,1.9401,53.7503,55.6904
C_cross_group,3,87,1.5642,14.0310,15.5952
C_cross_group,3,88,2.5308,12.9387,15.4695
C_cross_group,3,89,3.0365,13.6322,16.6687
C_cross_group,3,90,2.5448,52.8474,55.3922
C_cross_group,3,91,2.4720,13.5654,16.0374
C_cross_group,3,92,1.6663,14.2963,15.9626
C_cross_group,3,93,2.1441,13.9680,16.1121
C_cross_group,3,94,1.3648,54.8302,56.1950
C_cross_group,3,95,1.9530,13.5867,15.5397
C_cross_group,3,96,1.5654,14.6312,16.1966
C_cross_group,3,97,1.7770,14.1767,15.9537
C_cross_group,3,98,2.5222,53.5273,56.0495
C_cross_group,3,99,1.8991,13.1856,15.0847
C_cross_group,3,100,1.8762,14.0907,15.9669
C_cross_group,3,101,1.5739,14.6121,16.1860
C_cross_group,3,102,1.6011,53.0451,54.6462
C_cross_group,3,103,2.3302,13.2942,15.6244
C_cross_group,3,104,3.9081,12.0758,15.9839
C_cross_group,3,105,2.8467,13.5082,16.3549
C_cross_group,3,106,1.7182,53.5534,55.2716
C_cross_group,3,107,1.8753,13.7601,15.6354
C_cross_group,3,108,2.9873,13.1982,16.1855
C_cross_group,3,109,2.4831,14.0377,16.5208
C_cross_group,3,110,1.7201,53.6212,55.3413
C_cross_group,3,111,2.3026,13.9179,16.2205
C_cross_group,3,112,3.4722,11.6272,15.0994
C_cross_group,3,113,2.8089,14.1034,16.9123
C_cross_group,3,114,2.1308,53.3123,55.4431
C_cross_group,3,115,1.8691,54.9049,56.7740
C_cross_group,3,116,1.8449,48.5076,50.3525
C_cross_group,3,117,1.8588,55.1526,57.0114
C_cross_group,3,118,2.2720,13.5183,15.7903
C_cross_group,3,119,2.4423,13.4003,15.8426
C_cross_group,3,120,2.5676,53.2425,55.8101
C_cross_group,3,121,1.7419,56.0519,57.7938
C_cross_group,3,122,1.5318,14.2980,15.8298
C_cross_group,3,123,1.9024,14.0220,15.9244
C_cross_group,3,124,1.6265,14.7902,16.4167
C_cross_group,3,125,1.5264,53.7434,55.2698
C_cross_group,3,126,1.8453,14.3046,16.1499
C_cross_group,3,127,2.1742,12.9415,15.1157
C_cross_group,3,128,1.8326,14.0243,15.8569
C_cross_group,3,129,1.8507,53.9048,55.7555
C_cross_group,3,130,1.5895,14.3717,15.9612
C_cross_group,3,131,1.5963,14.0921,15.6884
C_cross_group,3,132,1.7936,14.6885,16.4821
C_cross_group,3,133,2.0991,53.3099,55.4090
C_cross_group,3,134,1.9900,13.7840,15.7740
C_cross_group,3,135,1.4675,14.3977,15.8652
C_cross_group,3,136,1.9383,14.1100,16.0483
C_cross_group,3,137,1.4206,54.4131,55.8337
C_cross_group,3,138,1.4938,14.6036,16.0974
C_cross_group,3,139,2.1897,13.3931,15.5828
C_cross_group,3,140,1.6095,14.3525,15.9620
C_cross_group,3,141,1.3661,54.3609,55.7270
C_cross_group,3,142,2.7264,13.1154,15.8418
C_cross_group,3,143,2.2520,13.8810,16.1330
C_cross_group,3,144,2.2420,13.6671,15.9091
C_cross_group,3,145,3.5770,51.9508,55.5278
C_cross_group,3,146,1.8406,14.0527,15.8933
C_cross_group,3,147,2.3056,13.4202,15.7258
C_cross_group,3,148,1.6292,14.5600,16.1892
C_cross_group,3,149,2.6504,53.3234,55.9738
C_cross_group,3,150,2.1997,51.7877,53.9874
C_cross_group,3,151,1.5240,53.5375,55.0615
C_cross_group,3,152,1.8585,53.4546,55.3131
C_cross_group,3,153,1.4007,14.2654,15.6661
C_cross_group,3,154,1.5805,14.3411,15.9216
C_cross_group,3,155,1.9324,57.1283,59.0607
C_cross_group,3,156,1.6944,47.0324,48.7268
C_cross_group,3,157,1.5503,56.0066,57.5569
C_cross_group,3,158,2.7384,54.5425,57.2809
C_cross_group,3,159,2.5589,52.2548,54.8137
C_cross_group,3,160,2.0331,14.1356,16.1687
C_cross_group,3,161,2.1451,13.2631,15.4082
C_cross_group,3,162,2.2793,15.1024,17.3817
C_cross_group,3,163,2.4186,51.9092,54.3278
C_cross_group,3,164,2.7016,13.1078,15.8094
C_cross_group,3,165,2.0484,13.8013,15.8497
C_cross_group,3,166,2.0701,14.9011,16.9712
C_cross_group,3,167,2.0359,53.0661,55.1020
C_cross_group,3,168,3.1357,12.1884,15.3241
C_cross_group,3,169,1.6916,14.2106,15.9022
C_cross_group,3,170,1.3175,15.6382,16.9557
C_cross_group,3,171,1.6080,53.1377,54.7457
C_cross_group,3,172,1.7452,14.0820,15.8272
C_cross_group,3,173,1.7697,14.0127,15.7824
C_cross_group,3,174,1.7281,15.4057,17.1338
C_cross_group,3,175,1.4518,53.7763,55.2281
C_cross_group,3,176,1.5115,13.9106,15.4221
C_cross_group,3,177,2.0799,13.7359,15.8158
C_cross_group,3,178,2.0748,14.8084,16.8832
C_cross_group,3,179,3.3011,51.3972,54.6983
C_cross_group,3,180,1.6038,14.8147,16.4185
C_cross_group,3,181,2.0842,13.5210,15.6052
C_cross_group,3,182,2.2384,14.4884,16.7268
C_cross_group,3,183,1.4681,53.2413,54.7094
C_cross_group,3,184,1.6813,14.4592,16.1405
C_cross_group,3,185,1.5410,14.3423,15.8833
C_cross_group,3,186,1.6456,15.1425,16.7881
C_cross_group,3,187,1.6575,53.3603,55.0178
C_cross_group,3,188,2.1824,13.2795,15.4619
C_cross_group,3,189,1.6523,14.1245,15.7768
C_cross_group,3,190,1.5177,15.4049,16.9226
C_cross_group,3,191,1.5758,53.2929,54.8687
C_cross_group,3,192,2.9973,13.1238,16.1211
C_cross_group,3,193,3.2008,12.5776,15.7784
C_cross_group,3,194,2.3936,15.3145,17.7081
C_cross_group,3,195,2.6618,51.0772,53.7390
C_cross_group,3,196,2.5152,13.2846,15.7998
C_cross_group,3,197,2.4739,13.4052,15.8791
C_cross_group,3,198,1.9459,15.0234,16.9693
C_cross_group,3,199,1.4970,53.4137,54.9107
C_cross_group,4,0,2.3143,13.6445,15.9588
C_cross_group,4,1,1.8622,13.8160,15.6782
C_cross_group,4,2,3.3965,13.4607,16.8572
C_cross_group,4,3,2.7016,51.9870,54.6886
C_cross_group,4,4,1.4793,14.1900,15.6693
C_cross_group,4,5,1.7670,14.3276,16.0946
C_cross_group,4,6,3.4712,13.3232,16.7944
C_cross_group,4,7,2.5987,52.0817,54.6804
C_cross_group,4,8,1.8072,14.0183,15.8255
C_cross_group,4,9,2.9690,12.8822,15.8512
C_cross_group,4,10,1.7996,15.2180,17.0176
C_cross_group,4,11,2.3359,52.4352,54.7711
C_cross_group,4,12,1.6022,14.1306,15.7328
C_cross_group,4,13,1.5131,14.3702,15.8833
C_cross_group,4,14,1.7544,15.2650,17.0194
C_cross_group,4,15,2.2155,52.7375,54.9530
C_cross_group,4,16,2.2053,13.5125,15.7178
C_cross_group,4,17,1.7992,13.9342,15.7334
C_cross_group,4,18,1.7231,15.2927,17.0158
C_cross_group,4,19,1.6246,53.8855,55.5101
C_cross_group,4,20,2.5493,54.8070,57.3563
C_cross_group,4,21,2.4238,13.2022,15.6260
C_cross_group,4,22,1.5321,14.5795,16.1116
C_cross_group,4,23,1.4345,54.7545,56.1890
C_cross_group,4,24,1.4991,55.9410,57.4401
C_cross_group,4,25,3.0745,12.6265,15.7010
C_cross_group,4,26,1.8732,14.2001,16.0733
C_cross_group,4,27,2.2758,13.3761,15.6519
C_cross_group,4,28,1.7597,54.1612,55.9209
C_cross_group,4,29,1.5014,14.1624,15.6638
C_cross_group,4,30,1.5251,14.8406,16.3657
C_cross_group,4,31,2.0764,13.4205,15.4969
C_cross_group,4,32,3.5876,52.3395,55.9271
C_cross_group,4,33,1.5094,14.2485,15.7579
C_cross_group,4,34,2.1125,13.7102,15.8227
C_cross_group,4,35,2.0896,13.8748,15.9644
C_cross_group,4,36,1.4092,54.6393,56.0485
C_cross_group,4,37,1.6860,14.0292,15.7152
C_cross_group,4,38,1.7934,13.9145,15.7079
C_cross_group,4,39,1.9238,13.9306,15.8544
C_cross_group,4,40,1.5309,53.2780,54.8089
C_cross_group,4,41,1.6707,14.1827,15.8534
C_cross_group,4,42,1.4649,14.4395,15.9044
C_cross_group,4,43,1.7705,14.1414,15.9119
C_cross_group,4,44,1.5509,54.3672,55.9181
C_cross_group,4,45,1.7691,52.9328,54.7019
C_cross_group,4,46,1.5681,14.3256,15.8937
C_cross_group,4,47,1.4659,14.3649,15.8308
C_cross_group,4,48,1.8049,15.2760,17.0809
C_cross_group,4,49,2.6065,52.0622,54.6687
C_cross_group,4,50,1.8302,14.0787,15.9089
C_cross_group,4,51,1.5380,14.4399,15.9779
C_cross_group,4,52,2.4853,14.2899,16.7752
C_cross_group,4,53,1.6929,53.1609,54.8538
C_cross_group,4,54,5.0068,10.8665,15.8733
C_cross_group,4,55,2.2917,13.6374,15.9291
C_cross_group,4,56,2.0186,15.0654,17.0840
C_cross_group,4,57,2.9322,51.8755,54.8077
C_cross_group,4,58,3.0149,12.5356,15.5505
C_cross_group,4,59,1.7493,13.9905,15.7398
C_cross_group,4,60,1.4929,15.5439,17.0368
C_cross_group,4,61,2.4701,52.3944,54.8645
C_cross_group,4,62,1.5584,14.5076,16.0660
C_cross_group,4,63,1.4137,14.1351,15.5488
C_cross_group,4,64,1.4684,15.7130,17.1814
C_cross_group,4,65,3.4805,51.1399,54.6204
C_cross_group,4,66,2.1506,13.5666,15.7172
C_cross_group,4,67,2.4104,13.3393,15.7497
C_cross_group,4,68,1.4107,15.6916,17.1023
C_cross_group,4,69,1.5186,53.2002,54.7188
C_cross_group,4,70,1.7050,14.1172,15.8222
C_cross_group,4,71,2.3402,13.3149,15.6551
C_cross_group,4,72,1.3581,15.9063,17.2644
C_cross_group,4,73,1.5264,53.2286,54.7550
C_cross_group,4,74,2.4759,13.2264,15.7023
C_cross_group,4,75,1.5429,14.3421,15.8850
C_cross_group,4,76,1.4616,15.6362,17.0978
C_cross_group,4,77,1.5389,53.1370,54.6759
C_cross_group,4,78,1.5167,14.3005,15.8172
C_cross_group,4,79,1.6085,14.2004,15.8089
C_cross_group,4,80,1.3290,15.7809,17.1099
C_cross_group,4,81,1.4930,53.3164,54.8094
C_cross_group,4,82,1.8956,13.9851,15.8807
C_cross_group,4,83,1.9882,13.8475,15.8357
C_cross_group,4,84,1.6266,15.3328,16.9594
C_cross_group,4,85,1.5323,53.4174,54.9497
C_cross_group,4,86,3.4048,12.2733,15.6781
C_cross_group,4,87,3.0677,12.6945,15.7622
C_cross_group,4,88,1.9729,15.1015,17.0744
C_cross_group,4,89,2.4760,52.1982,54.6742
C_cross_group,4,90,2.7043,13.1741,15.8784
C_cross_group,4,91,1.8420,14.0568,15.8988
C_cross_group,4,92,3.3108,13.6029,16.9137
C_cross_group,4,93,2.7196,53.0004,55.7200
C_cross_group,4,94,3.0181,53.8782,56.8963
C_cross_group,4,95,2.0008,13.8914,15.8922
C_cross_group,4,96,2.2195,14.3181,16.5376
C_cross_group,4,97,2.1454,54.3128,56.4582
C_cross_group,4,98,1.5136,56.5203,58.0339
C_cross_group,4,99,1.6248,53.0122,54.6370
C_cross_group,4,100,1.9705,13.5328,15.5033
C_cross_group,4,101,2.5026,13.1902,15.6928
C_cross_group,4,102,2.2920,57.0789,59.3709
C_cross_group,4,103,1.5138,47.7405,49.2543
C_cross_group,4,104,2.3182,55.5925,57.9107
C_cross_group,4,105,2.7309,54.3424,57.0733
C_cross_group,4,106,1.4490,53.7611,55.2101
C_cross_group,4,107,2.4667,12.9967,15.4634
C_cross_group,4,108,1.7057,14.0125,15.7182
C_cross_group,4,109,1.7232,15.1531,16.8763
C_cross_group,4,110,1.3604,53.4773,54.8377
C_cross_group,4,111,1.3403,14.4823,15.8226
C_cross_group,4,112,2.1316,13.9163,16.0479
C_cross_group,4,113,2.0318,14.7413,16.7731
C_cross_group,4,114,1.8416,53.0683,54.9099
C_cross_group,4,115,1.8293,13.8847,15.7140
C_cross_group,4,116,2.6072,13.6070,16.2142
C_cross_group,4,117,3.6612,12.6233,16.2845
C_cross_group,4,118,3.1297,51.7127,54.8424
C_cross_group,4,119,1.6230,14.1966,15.8196
C_cross_group,4,120,1.4523,14.4269,15.8792
C_cross_group,4,121,1.5963,15.6491,17.2454
C_cross_group,4,122,1.9190,52.5957,54.5147
C_cross_group,4,123,2.3520,13.3067,15.6587
C_cross_group,4,124,1.5158,14.5391,16.0549
C_cross_group,4,125,1.4208,15.7295,17.1503
C_cross_group,4,126,2.0415,52.7274,54.7689
C_cross_group,4,127,1.6962,13.6791,15.3753
C_cross_group,4,128,2.1155,13.9875,16.1030
C_cross_group,4,129,2.1370,14.4434,16.5804
C_cross_group,4,130,3.1916,52.1319,55.3235
C_cross_group,4,131,1.8282,13.7748,15.6030
C_cross_group,4,132,2.5952,12.9062,15.5014
C_cross_group,4,133,1.6003,15.3500,16.9503
C_cross_group,4,134,2.5080,52.3773,54.8853
C_cross_group,4,135,1.6039,14.0664,15.6703
C_cross_group,4,136,2.0593,13.8694,15.9287
C_cross_group,4,137,1.7406,15.3082,17.0488
C_cross_group,4,138,2.3891,52.2692,54.6583
C_cross_group,4,139,1.9263,13.4866,15.4129
C_cross_group,4,140,1.4329,14.4930,15.9259
C_cross_group,4,141,1.3955,15.4907,16.8862
C_cross_group,4,142,1.5082,53.8556,55.3638
C_cross_group,4,143,1.6156,13.7136,15.3292
C_cross_group,4,144,2.4646,13.3441,15.8087
C_cross_group,4,145,1.7096,15.4094,17.1190
C_cross_group,4,146,3.3436,51.5311,54.8747
C_cross_group,4,147,1.6637,14.2528,15.9165
C_cross_group,4,148,1.4622,14.1637,15.6259
C_cross_group,4,149,1.6211,15.1496,16.7707
C_cross_group,4,150,1.4498,53.5267,54.9765
C_cross_group,4,151,3.0080,12.6469,15.6549
C_cross_group,4,152,1.8696,14.1436,16.0132
C_cross_group,4,153,1.3349,15.7246,17.0595
C_cross_group,4,154,1.9413,53.3070,55.2483
C_cross_group,4,155,3.2597,11.9731,15.2328
C_cross_group,4,156,2.5728,13.3184,15.8912
C_cross_group,4,157,1.9478,14.9629,16.9107
C_cross_group,4,158,1.9973,52.8774,54.8747
C_cross_group,4,159,2.1300,13.7668,15.8968
C_cross_group,4,160,3.2407,12.5354,15.7761
C_cross_group,4,161,1.7449,15.1307,16.8756
C_cross_group,4,162,1.7907,53.4851,55.2758
C_cross_group,4,163,1.7104,55.8878,57.5982
C_cross_group,4,164,2.3073,47.7694,50.0767
C_cross_group,4,165,2.3224,53.8615,56.1839
C_cross_group,4,166,2.0331,13.0611,15.0942
C_cross_group,4,167,1.9293,13.9686,15.8979
C_cross_group,4,168,2.1038,56.3849,58.4887
C_cross_group,4,169,1.5979,56.0042,57.6021
C_cross_group,4,170,2.8200,12.3137,15.1337
C_cross_group,4,171,2.2082,13.6423,15.8505
C_cross_group,4,172,2.1150,13.8047,15.9197
C_cross_group,4,173,2.2150,53.0447,55.2597
C_cross_group,4,174,2.3190,13.1080,15.4270
C_cross_group,4,175,1.4388,14.3145,15.7533
C_cross_group,4,176,1.4876,14.6324,16.1200
C_cross_group,4,177,1.6364,54.2394,55.8758
C_cross_group,4,178,2.1923,13.5800,15.7723
C_cross_group,4,179,1.4864,14.6127,16.0991
C_cross_group,4,180,2.1164,13.5218,15.6382
C_cross_group,4,181,1.5186,54.4839,56.0025
C_cross_group,4,182,1.9092,13.7296,15.6388
C_cross_group,4,183,1.4462,14.4894,15.9356
C_cross_group,4,184,1.4091,14.5220,15.9311
C_cross_group,4,185,1.4502,54.4026,55.8528
C_cross_group,4,186,1.7081,14.2713,15.9794
C_cross_group,4,187,3.3343,12.3750,15.7093
C_cross_group,4,188,2.7320,13.3075,16.0395
C_cross_group,4,189,2.3389,53.8947,56.2336
C_cross_group,4,190,2.2624,52.4465,54.7089
C_cross_group,4,191,1.7872,13.8460,15.6332
C_cross_group,4,192,2.0273,13.9399,15.9672
C_cross_group,4,193,1.8581,15.0884,16.9465
C_cross_group,4,194,1.7690,53.0463,54.8153
C_cross_group,4,195,2.5163,13.0078,15.5241
C_cross_group,4,196,1.5950,14.7564,16.3514
C_cross_group,4,197,1.5279,15.0886,16.6165
C_cross_group,4,198,1.7239,53.0213,54.7452
C_cross_group,4,199,2.6462,13.4091,16.0553
C_cross_group,5,0,3.8792,11.5580,15.4372
C_cross_group,5,1,2.2960,14.1499,16.4459
C_cross_group,5,2,2.6570,52.1612,54.8182
C_cross_group,5,3,2.7351,12.9274,15.6625
C_cross_group,5,4,2.5063,13.5892,16.0955
C_cross_group,5,5,1.9442,15.2653,17.2095
C_cross_group,5,6,2.9114,51.4841,54.3955
C_cross_group,5,7,1.4660,14.7079,16.1739
C_cross_group,5,8,2.1257,13.9048,16.0305
C_cross_group,5,9,2.4894,13.9553,16.4447
C_cross_group,5,10,1.6493,53.0534,54.7027
C_cross_group,5,11,1.4919,14.3513,15.8432
C_cross_group,5,12,1.8200,14.2053,16.0253
C_cross_group,5,13,1.6999,14.9716,16.6715
C_cross_group,5,14,2.3808,52.5743,54.9551
C_cross_group,5,15,2.2718,13.5333,15.8051
C_cross_group,5,16,2.6444,13.0979,15.7423
C_cross_group,5,17,2.1485,14.8025,16.9510
C_cross_group,5,18,2.7456,52.1416,54.8872
C_cross_group,5,19,2.3503,13.5199,15.8702
C_cross_group,5,20,1.4337,14.3410,15.7747
C_cross_group,5,21,1.6051,15.3258,16.9309
C_cross_group,5,22,1.5204,53.3656,54.8860
C_cross_group,5,23,1.5644,14.1963,15.7607
C_cross_group,5,24,1.8880,13.9766,15.8646
C_cross_group,5,25,1.5982,15.5132,17.1114
C_cross_group,5,26,3.2765,51.3736,54.6501
C_cross_group,5,27,1.6636,14.1380,15.8016
C_cross_group,5,28,1.7836,14.1417,15.9253
C_cross_group,5,29,2.2657,14.9817,17.2474
C_cross_group,5,30,1.8123,52.6547,54.4670
C_cross_group,5,31,1.9314,13.8427,15.7741
C_cross_group,5,32,2.3151,13.5400,15.8551
C_cross_group,5,33,3.4820,13.1826,16.6646
C_cross_group,5,34,2.7302,53.4900,56.2202
C_cross_group,5,35,3.1279,53.2159,56.3438
C_cross_group,5,36,2.1023,49.5824,51.6847
C_cross_group,5,37,2.2683,52.9098,55.1781
C_cross_group,5,38,2.4487,13.5098,15.9585
C_cross_group,5,39,3.0026,12.6228,15.6254
C_cross_group,5,40,2.4473,55.5976,58.0449
C_cross_group,5,41,1.6380,56.7326,58.3706
C_cross_group,5,42,2.1105,52.6476,54.7581
C_cross_group,5,43,2.3769,12.9452,15.3221
C_cross_group,5,44,1.7345,14.2677,16.0022
C_cross_group,5,45,1.6939,57.3728,59.0667
C_cross_group,5,46,2.4856,47.9843,50.4699
C_cross_group,5,47,2.4284,54.2436,56.6720
C_cross_group,5,48,1.7511,55.5481,57.2992
C_cross_group,5,49,1.5169,14.4386,15.9555
C_cross_group,5,50,2.4641,13.1096,15.5737
C_cross_group,5,51,1.9052,13.9280,15.8332
C_cross_group,5,52,1.7105,54.2315,55.9420
C_cross_group,5,53,1.9400,13.8420,15.7820
C_cross_group,5,54,2.4572,13.7433,16.2005
C_cross_group,5,55,2.9103,12.6326,15.5429
C_cross_group,5,56,2.7913,53.2081,55.9994
C_cross_group,5,57,3.3322,12.3145,15.6467
C_cross_group,5,58,1.6536,14.3676,16.0212
C_cross_group,5,59,1.6983,14.5021,16.2004
C_cross_group,5,60,1.6649,54.0456,55.7105
C_cross_group,5,61,2.1393,13.8608,16.0001
C_cross_group,5,62,2.4868,13.0329,15.5197
C_cross_group,5,63,1.7658,13.9897,15.7555
C_cross_group,5,64,2.2200,54.3215,56.5415
C_cross_group,5,65,1.6773,52.2448,53.9221
C_cross_group,5,66,2.8204,53.3519,56.1723
C_cross_group,5,67,1.6027,14.1806,15.7833
C_cross_group,5,68,1.5020,14.3407,15.8427
C_cross_group,5,69,1.8857,54.2414,56.1271
C_cross_group,5,70,1.6032,56.1493,57.7525
C_cross_group,5,71,2.2922,13.4743,15.7665
C_cross_group,5,72,3.1446,12.8634,16.0080
C_cross_group,5,73,2.6919,13.6636,16.3555
C_cross_group,5,74,2.7120,52.7430,55.4550
C_cross_group,5,75,1.7584,13.7306,15.4890
C_cross_group,5,76,1.8691,14.0691,15.9382
C_cross_group,5,77,2.7681,13.1037,15.8718
C_cross_group,5,78,1.8899,53.3158,55.2057
C_cross_group,5,79,4.0363,11.1513,15.1876
C_cross_group,5,80,2.0682,14.0073,16.0755
C_cross_group,5,81,1.5010,14.3696,15.8706
C_cross_group,5,82,2.2201,54.1967,56.4168
C_cross_group,5,83,1.7930,53.5107,55.3037
C_cross_group,5,84,1.5090,14.2019,15.7109
C_cross_group,5,85,1.7622,14.0718,15.8340
C_cross_group,5,86,2.0851,57.2928,59.3779
C_cross_group,5,87,2.3712,47.1429,49.5141
C_cross_group,5,88,2.1930,55.6561,57.8491
C_cross_group,5,89,1.5487,55.9273,57.4760
C_cross_group,5,90,2.7946,12.4259,15.2205
C_cross_group,5,91,3.7451,11.8798,15.6249
C_cross_group,5,92,3.0003,13.2878,16.2881
C_cross_group,5,93,2.7700,52.2984,55.0684
C_cross_group,5,94,1.7707,53.7995,55.5702
C_cross_group,5,95,2.9390,54.6922,57.6312
C_cross_group,5,96,1.8665,53.5168,55.3833
C_cross_group,5,97,1.9251,13.9201,15.8452
C_cross_group,5,98,1.5712,14.5196,16.0908
C_cross_group,5,99,2.0183,56.8765,58.8948
C_cross_group,5,100,2.6713,45.5654,48.2367
C_cross_group,5,101,2.8435,55.5643,58.4078
C_cross_group,5,102,3.4807,53.1066,56.5873
C_cross_group,5,103,1.8877,52.9930,54.8807
C_cross_group,5,104,2.1362,13.5988,15.7350
C_cross_group,5,105,2.0998,13.8906,15.9904
C_cross_group,5,106,2.0495,14.8686,16.9181
C_cross_group,5,107,1.7796,53.1686,54.9482
C_cross_group,5,108,1.9615,13.7529,15.7144
C_cross_group,5,109,2.4378,13.6762,16.1140
C_cross_group,5,110,2.0858,14.7862,16.8720
C_cross_group,5,111,1.9856,52.3567,54.3423
C_cross_group,5,112,1.5554,14.2913,15.8467
C_cross_group,5,113,2.3343,13.9578,16.2921
C_cross_group,5,114,2.0392,14.1722,16.2114
C_cross_group,5,115,3.4858,51.2691,54.7549
C_cross_group,5,116,1.6379,14.5121,16.1500
C_cross_group,5,117,1.6078,13.9470,15.5548
C_cross_group,5,118,1.4038,15.6744,17.0782
C_cross_group,5,119,1.6561,52.9437,54.5998
C_cross_group,5,120,2.0454,13.7722,15.8176
C_cross_group,5,121,2.3530,13.4192,15.7722
C_cross_group,5,122,2.4088,14.6340,17.0428
C_cross_group,5,123,1.7327,53.1051,54.8378
C_cross_group,5,124,1.9517,13.8125,15.7642
C_cross_group,5,125,1.6942,14.1087,15.8029
C_cross_group,5,126,2.4967,14.6500,17.1467
C_cross_group,5,127,1.5618,53.8583,55.4201
C_cross_group,5,128,2.2661,55.6535,57.9196
C_cross_group,5,129,1.9218,52.3325,54.2543
C_cross_group,5,130,1.9337,13.8133,15.7470
C_cross_group,5,131,1.3812,14.6148,15.9960
C_cross_group,5,132,2.3437,56.8463,59.1900
C_cross_group,5,133,2.1210,47.4183,49.5393
C_cross_group,5,134,1.4473,56.2141,57.6614
C_cross_group,5,135,1.5749,55.6542,57.2291
C_cross_group,5,136,1.6549,53.1860,54.8409
C_cross_group,5,137,2.1702,13.5396,15.7098
C_cross_group,5,138,1.5121,14.4314,15.9435
C_cross_group,5,139,1.4343,15.4225,16.8568
C_cross_group,5,140,1.8502,53.0787,54.9289
C_cross_group,5,141,1.5332,14.2272,15.7604
C_cross_group,5,142,1.5631,14.4505,16.0136
C_cross_group,5,143,1.5085,15.3758,16.8843
C_cross_group,5,144,1.5301,53.3658,54.8959
C_cross_group,5,145,4.2342,11.3457,15.5799
C_cross_group,5,146,3.0175,12.9249,15.9424
C_cross_group,5,147,2.5741,14.4238,16.9979
C_cross_group,5,148,2.9421,51.8397,54.7818
C_cross_group,5,149,1.8114,14.2047,16.0161
C_cross_group,5,150,1.4542,14.2028,15.6570
C_cross_group,5,151,2.2087,14.6090,16.8177
C_cross_group,5,152,2.0090,53.0532,55.0622
C_cross_group,5,153,2.0765,13.4736,15.5501
C_cross_group,5,154,2.1693,13.7554,15.9247
C_cross_group,5,155,2.0271,15.2063,17.2334
C_cross_group,5,156,2.4614,52.1905,54.6519
C_cross_group,5,157,2.2345,13.4514,15.6859
C_cross_group,5,158,1.5538,14.4624,16.0162
C_cross_group,5,159,2.4075,14.9590,17.3665
C_cross_group,5,160,2.7784,52.6561,55.4345
C_cross_group,5,161,2.9894,53.9168,56.9062
C_cross_group,5,162,3.4308,48.1453,51.5761
C_cross_group,5,163,1.4920,53.6219,55.1139
C_cross_group,5,164,2.4408,13.6191,16.0599
C_cross_group,5,165,2.7724,12.8480,15.6204
C_cross_group,5,166,1.7772,57.0963,58.8735
C_cross_group,5,167,3.1430,49.5135,52.6565
C_cross_group,5,168,2.4838,54.8250,57.3088
C_cross_group,5,169,2.3202,13.1728,15.4930
C_cross_group,5,170,3.8633,12.0225,15.8858
C_cross_group,5,171,1.9533,14.0353,15.9886
C_cross_group,5,172,2.1337,53.6126,55.7463
C_cross_group,5,173,2.8391,13.0032,15.8423
C_cross_group,5,174,1.6423,14.2376,15.8799
C_cross_group,5,175,1.5585,14.0343,15.5928
C_cross_group,5,176,1.7842,54.1742,55.9584
C_cross_group,5,177,2.1304,13.7311,15.8615
C_cross_group,5,178,2.1832,13.5459,15.7291
C_cross_group,5,179,2.2951,13.6172,15.9123
C_cross_group,5,180,3.3996,52.4545,55.8541
C_cross_group,5,181,1.9052,13.8297,15.7349
C_cross_group,5,182,2.2823,13.7691,16.0514
C_cross_group,5,183,1.7601,14.4455,16.2056
C_cross_group,5,184,1.7601,53.8091,55.5692
C_cross_group,5,185,2.2200,13.3925,15.6125
C_cross_group,5,186,1.8814,14.1201,16.0015
C_cross_group,5,187,2.7366,13.0630,15.7996
C_cross_group,5,188,2.2175,54.0657,56.2832
C_cross_group,5,189,2.2405,13.3797,15.6202
C_cross_group,5,190,1.7072,13.7549,15.4621
C_cross_group,5,191,2.3362,13.5723,15.9085
C_cross_group,5,192,1.6015,53.5164,55.1179
C_cross_group,5,193,1.4438,14.3803,15.8241
C_cross_group,5,194,1.6129,14.4507,16.0636
C_cross_group,5,195,1.6256,13.9680,15.5936
C_cross_group,5,196,2.1911,53.5089,55.7000
C_cross_group,5,197,2.0933,13.9572,16.0505
C_cross_group,5,198,3.9077,11.6795,15.5872
C_cross_group,5,199,2.6059,13.2397,15.8456
D_baseline,1,0,2.0813,0.0000,2.0821
D_baseline,1,1,2.9649,0.0000,2.9658
D_baseline,1,2,2.7423,0.0000,2.7472
D_baseline,1,3,1.9399,0.0000,1.9407
D_baseline,1,4,1.3475,0.0000,1.3480
D_baseline,1,5,1.8623,0.0000,1.8626
D_baseline,1,6,1.4569,0.0000,1.4571
D_baseline,1,7,1.3668,0.0000,1.3671
D_baseline,1,8,1.2971,0.0000,1.2975
D_baseline,1,9,1.5065,0.0000,1.5069
D_baseline,1,10,1.3803,0.0000,1.3805
D_baseline,1,11,1.4104,0.0000,1.4109
D_baseline,1,12,1.3436,0.0000,1.3440
D_baseline,1,13,2.2207,0.0000,2.2213
D_baseline,1,14,2.3709,0.0000,2.3716
D_baseline,1,15,2.6593,0.0000,2.6601
D_baseline,1,16,1.4471,0.0000,1.4477
D_baseline,1,17,1.4447,0.0000,1.4450
D_baseline,1,18,1.3785,0.0000,1.3788
D_baseline,1,19,1.4242,0.0000,1.4245
D_baseline,1,20,1.5646,0.0000,1.5649
D_baseline,1,21,2.1422,0.0000,2.1426
D_baseline,1,22,2.0302,0.0000,2.0307
D_baseline,1,23,2.2279,0.0000,2.2286
D_baseline,1,24,1.5969,0.0000,1.5975
D_baseline,1,25,2.8062,0.0000,2.8070
D_baseline,1,26,1.7487,0.0000,1.7490
D_baseline,1,27,1.8997,0.0000,1.9000
D_baseline,1,28,1.6931,0.0000,1.6934
D_baseline,1,29,1.5932,0.0000,1.5934
D_baseline,1,30,3.0166,0.0000,3.0174
D_baseline,1,31,2.4972,0.0000,2.4977
D_baseline,1,32,1.7840,0.0000,1.7845
D_baseline,1,33,2.3595,0.0000,2.3600
D_baseline,1,34,2.6032,0.0000,2.6038
D_baseline,1,35,1.8113,0.0000,1.8119
D_baseline,1,36,1.6602,0.0000,1.6606
D_baseline,1,37,1.6280,0.0000,1.6284
D_baseline,1,38,1.7306,0.0000,1.7310
D_baseline,1,39,1.3832,0.0000,1.3835
D_baseline,1,40,1.3704,0.0000,1.3707
D_baseline,1,41,1.7507,0.0000,1.7511
D_baseline,1,42,2.1168,0.0000,2.1172
D_baseline,1,43,2.1795,0.0000,2.1798
D_baseline,1,44,3.2284,0.0000,3.2292
D_baseline,1,45,1.6896,0.0000,1.6901
D_baseline,1,46,2.0483,0.0000,2.0488
D_baseline,1,47,1.7295,0.0000,1.7303
D_baseline,1,48,1.3238,0.0000,1.3242
D_baseline,1,49,1.5203,0.0000,1.5209
D_baseline,1,50,3.0729,0.0000,3.0735
D_baseline,1,51,2.5690,0.0000,2.5697
D_baseline,1,52,2.1741,0.0000,2.1750
D_baseline,1,53,2.5535,0.0000,2.5544
D_baseline,1,54,2.4180,0.0000,2.4185
D_baseline,1,55,1.3673,0.0000,1.3677
D_baseline,1,56,1.3762,0.0000,1.3767
D_baseline,1,57,1.4279,0.0000,1.4283
D_baseline,1,58,1.3689,0.0000,1.3693
D_baseline,1,59,1.2820,0.0000,1.2822
D_baseline,1,60,1.4446,0.0000,1.4448
D_baseline,1,61,2.7645,0.0000,2.7653
D_baseline,1,62,3.0987,0.0000,3.1002
D_baseline,1,63,2.2612,0.0000,2.2617
D_baseline,1,64,2.0372,0.0000,2.0377
D_baseline,1,65,1.9132,0.0000,1.9137
D_baseline,1,66,1.7657,0.0000,1.7663
D_baseline,1,67,2.0182,0.0000,2.0188
D_baseline,1,68,1.7040,0.0000,1.7047
D_baseline,1,69,1.6170,0.0000,1.6174
D_baseline,1,70,1.3706,0.0000,1.3709
D_baseline,1,71,1.9680,0.0000,1.9683
D_baseline,1,72,1.9037,0.0000,1.9041
D_baseline,1,73,2.3250,0.0000,2.3257
D_baseline,1,74,1.9584,0.0000,1.9588
D_baseline,1,75,1.4173,0.0000,1.4178
D_baseline,1,76,1.4266,0.0000,1.4270
D_baseline,1,77,1.4221,0.0000,1.4224
D_baseline,1,78,1.8993,0.0000,1.8997
D_baseline,1,79,2.2061,0.0000,2.2066
D_baseline,1,80,1.5366,0.0000,1.5370
D_baseline,1,81,1.5980,0.0000,1.5982
D_baseline,1,82,1.4544,0.0000,1.4547
D_baseline,1,83,1.6677,0.0000,1.6681
D_baseline,1,84,1.4501,0.0000,1.4505
D_baseline,1,85,1.3284,0.0000,1.3286
D_baseline,1,86,1.4042,0.0000,1.4045
D_baseline,1,87,2.6874,0.0000,2.6880
D_baseline,1,88,2.7853,0.0000,2.7859
D_baseline,1,89,1.6302,0.0000,1.6305
D_baseline,1,90,1.3828,0.0000,1.3832
D_baseline,1,91,1.4375,0.0000,1.4378
D_baseline,1,92,1.3409,0.0000,1.3412
D_baseline,1,93,1.3381,0.0000,1.3384
D_baseline,1,94,1.3467,0.0000,1.3470
D_baseline,1,95,1.3439,0.0000,1.3443
D_baseline,1,96,1.3391,0.0000,1.3394
D_baseline,1,97,1.7074,0.0000,1.7079
D_baseline,1,98,1.3563,0.0000,1.3565
D_baseline,1,99,1.2358,0.0000,1.2360
D_baseline,1,100,1.2865,0.0000,1.2869
D_baseline,1,101,1.8972,0.0000,1.8975
D_baseline,1,102,1.2723,0.0000,1.2726
D_baseline,1,103,1.2600,0.0000,1.2603
D_baseline,1,104,1.3332,0.0000,1.3335
D_baseline,1,105,1.3781,0.0000,1.3784
D_baseline,1,106,1.4977,0.0000,1.4980
D_baseline,1,107,1.3797,0.0000,1.3800
D_baseline,1,108,1.5390,0.0000,1.5392
D_baseline,1,109,1.4419,0.0000,1.4422
D_baseline,1,110,1.2606,0.0000,1.2609
D_baseline,1,111,1.3282,0.0000,1.3285
D_baseline,1,112,1.7128,0.0000,1.7133
D_baseline,1,113,1.3766,0.0000,1.3769
D_baseline,1,114,2.1941,0.0000,2.1948
D_baseline,1,115,2.2792,0.0000,2.2800
D_baseline,1,116,2.1430,0.0000,2.1437
D_baseline,1,117,1.8804,0.0000,1.8810
D_baseline,1,118,1.6053,0.0000,1.6058
D_baseline,1,119,1.9038,0.0000,1.9044
D_baseline,1,120,2.3029,0.0000,2.3037
D_baseline,1,121,1.5943,0.0000,1.5946
D_baseline,1,122,1.6730,0.0000,1.6733
D_baseline,1,123,1.5313,0.0000,1.5317
D_baseline,1,124,1.4285,0.0000,1.4288
D_baseline,1,125,3.1464,0.0000,3.1468
D_baseline,1,126,1.3331,0.0000,1.3337
D_baseline,1,127,1.3666,0.0000,1.3669
D_baseline,1,128,1.3870,0.0000,1.3874
D_baseline,1,129,1.4671,0.0000,1.4675
D_baseline,1,130,2.3666,0.0000,2.3676
D_baseline,1,131,2.3295,0.0000,2.3301
D_baseline,1,132,2.5580,0.0000,2.5586
D_baseline,1,133,2.3821,0.0000,2.3826
D_baseline,1,134,2.2232,0.0000,2.2239
D_baseline,1,135,2.3838,0.0000,2.3843
D_baseline,1,136,3.5074,0.0000,3.5081
D_baseline,1,137,2.3734,0.0000,2.3742
D_baseline,1,138,3.3130,0.0000,3.3138
D_baseline,1,139,2.9196,0.0000,2.9207
D_baseline,1,140,2.7231,0.0000,2.7238
D_baseline,1,141,3.1438,0.0000,3.1450
D_baseline,1,142,3.0192,0.0000,3.0200
D_baseline,1,143,2.4234,0.0000,2.4242
D_baseline,1,144,2.3478,0.0000,2.3486
D_baseline,1,145,2.5615,0.0000,2.5621
D_baseline,1,146,1.9550,0.0000,1.9557
D_baseline,1,147,1.8262,0.0000,1.8272
D_baseline,1,148,3.6255,0.0000,3.6262
D_baseline,1,149,2.1113,0.0000,2.1119
D_baseline,1,150,1.4481,0.0000,1.4485
D_baseline,1,151,1.5382,0.0000,1.5388
D_baseline,1,152,2.0922,0.0000,2.0926
D_baseline,1,153,2.1128,0.0000,2.1132
D_baseline,1,154,2.3205,0.0000,2.3213
D_baseline,1,155,3.0004,0.0000,3.0013
D_baseline,1,156,2.6016,0.0000,2.6022
D_baseline,1,157,1.4601,0.0000,1.4606
D_baseline,1,158,1.4294,0.0000,1.4298
D_baseline,1,159,1.6097,0.0000,1.6100
D_baseline,1,160,1.4163,0.0000,1.4167
D_baseline,1,161,1.4078,0.0000,1.4081
D_baseline,1,162,1.4735,0.0000,1.4737
D_baseline,1,163,1.3048,0.0000,1.3051
D_baseline,1,164,1.4256,0.0000,1.4259
D_baseline,1,165,1.6859,0.0000,1.6868
D_baseline,1,166,1.7760,0.0000,1.7765
D_baseline,1,167,2.2841,0.0000,2.2846
D_baseline,1,168,2.7359,0.0000,2.7367
D_baseline,1,169,2.0421,0.0000,2.0428
D_baseline,1,170,1.8826,0.0000,1.8832
D_baseline,1,171,1.3695,0.0000,1.3700
D_baseline,1,172,2.1803,0.0000,2.1806
D_baseline,1,173,1.4118,0.0000,1.4121
D_baseline,1,174,1.8112,0.0000,1.8115
D_baseline,1,175,1.2545,0.0000,1.2550
D_baseline,1,176,1.6223,0.0000,1.6227
D_baseline,1,177,1.4462,0.0000,1.4466
D_baseline,1,178,1.3344,0.0000,1.3348
D_baseline,1,179,2.2053,0.0000,2.2057
D_baseline,1,180,2.0558,0.0000,2.0563
D_baseline,1,181,2.0918,0.0000,2.0923
D_baseline,1,182,1.2529,0.0000,1.2532
D_baseline,1,183,1.3929,0.0000,1.3933
D_baseline,1,184,1.8315,0.0000,1.8319
D_baseline,1,185,1.4083,0.0000,1.4086
D_baseline,1,186,1.4429,0.0000,1.4434
D_baseline,1,187,1.7960,0.0000,1.7964
D_baseline,1,188,2.4516,0.0000,2.4523
D_baseline,1,189,1.9808,0.0000,1.9813
D_baseline,1,190,2.4305,0.0000,2.4310
D_baseline,1,191,1.5594,0.0000,1.5598
D_baseline,1,192,1.7165,0.0000,1.7172
D_baseline,1,193,1.4328,0.0000,1.4333
D_baseline,1,194,1.3935,0.0000,1.3938
D_baseline,1,195,2.0501,0.0000,2.0506
D_baseline,1,196,2.5223,0.0000,2.5229
D_baseline,1,197,2.3624,0.0000,2.3630
D_baseline,1,198,2.2001,0.0000,2.2007
D_baseline,1,199,2.1603,0.0000,2.1610
D_baseline,2,0,2.5580,0.0000,2.5586
D_baseline,2,1,2.2049,0.0000,2.2055
D_baseline,2,2,1.6317,0.0000,1.6320
D_baseline,2,3,1.4051,0.0000,1.4056
D_baseline,2,4,1.2699,0.0000,1.2701
D_baseline,2,5,1.3331,0.0000,1.3334
D_baseline,2,6,1.4389,0.0000,1.4393
D_baseline,2,7,1.3916,0.0000,1.3919
D_baseline,2,8,1.5156,0.0000,1.5160
D_baseline,2,9,1.5872,0.0000,1.5876
D_baseline,2,10,1.8921,0.0000,1.8925
D_baseline,2,11,1.5506,0.0000,1.5511
D_baseline,2,12,2.0940,0.0000,2.0947
D_baseline,2,13,2.3573,0.0000,2.3581
D_baseline,2,14,3.9353,0.0000,3.9363
D_baseline,2,15,1.4669,0.0000,1.4674
D_baseline,2,16,1.4338,0.0000,1.4342
D_baseline,2,17,1.5085,0.0000,1.5089
D_baseline,2,18,1.8715,0.0000,1.8720
D_baseline,2,19,1.7381,0.0000,1.7385
D_baseline,2,20,4.0174,0.0000,4.0181
D_baseline,2,21,2.1540,0.0000,2.1547
D_baseline,2,22,2.0849,0.0000,2.0853
D_baseline,2,23,2.4835,0.0000,2.4844
D_baseline,2,24,2.1989,0.0000,2.1994
D_baseline,2,25,2.4951,0.0000,2.4966
D_baseline,2,26,2.2442,0.0000,2.2450
D_baseline,2,27,2.3569,0.0000,2.3576
D_baseline,2,28,2.4096,0.0000,2.4113
D_baseline,2,29,3.8390,0.0000,3.8399
D_baseline,2,30,2.8378,0.0000,2.8389
D_baseline,2,31,2.6604,0.0000,2.6615
D_baseline,2,32,2.6793,0.0000,2.6800
D_baseline,2,33,2.2084,0.0000,2.2090
D_baseline,2,34,3.1936,0.0000,3.1940
D_baseline,2,35,2.1523,0.0000,2.1525
D_baseline,2,36,1.4348,0.0000,1.4353
D_baseline,2,37,1.7661,0.0000,1.7669
D_baseline,2,38,2.3853,0.0000,2.3858
D_baseline,2,39,1.6470,0.0000,1.6475
D_baseline,2,40,1.3275,0.0000,1.3278
D_baseline,2,41,1.4370,0.0000,1.4375
D_baseline,2,42,1.3126,0.0000,1.3129
D_baseline,2,43,2.0151,0.0000,2.0155
D_baseline,2,44,2.9710,0.0000,2.9720
D_baseline,2,45,2.6344,0.0000,2.6358
D_baseline,2,46,2.2389,0.0000,2.2394
D_baseline,2,47,2.6105,0.0000,2.6110
D_baseline,2,48,2.9124,0.0000,2.9134
D_baseline,2,49,2.6921,0.0000,2.6938
D_baseline,2,50,3.6557,0.0000,3.6565
D_baseline,2,51,3.2981,0.0000,3.2990
D_baseline,2,52,2.2509,0.0000,2.2516
D_baseline,2,53,1.8733,0.0000,1.8739
D_baseline,2,54,1.8488,0.0000,1.8492
D_baseline,2,55,1.5971,0.0000,1.5974
D_baseline,2,56,2.3773,0.0000,2.3779
D_baseline,2,57,2.5858,0.0000,2.5870
D_baseline,2,58,2.1744,0.0000,2.1753
D_baseline,2,59,2.5835,0.0000,2.5844
D_baseline,2,60,2.6574,0.0000,2.6580
D_baseline,2,61,2.4205,0.0000,2.4212
D_baseline,2,62,2.9649,0.0000,2.9655
D_baseline,2,63,3.1422,0.0000,3.1430
D_baseline,2,64,2.4623,0.0000,2.4630
D_baseline,2,65,2.5690,0.0000,2.5696
D_baseline,2,66,2.4901,0.0000,2.4906
D_baseline,2,67,2.3532,0.0000,2.3535
D_baseline,2,68,2.3758,0.0000,2.3765
D_baseline,2,69,1.8053,0.0000,1.8058
D_baseline,2,70,1.6955,0.0000,1.6958
D_baseline,2,71,2.2455,0.0000,2.2458
D_baseline,2,72,2.4749,0.0000,2.4756
D_baseline,2,73,2.8760,0.0000,2.8769
D_baseline,2,74,1.9353,0.0000,1.9361
D_baseline,2,75,1.2743,0.0000,1.2746
D_baseline,2,76,1.3713,0.0000,1.3716
D_baseline,2,77,1.2915,0.0000,1.2920
D_baseline,2,78,1.6925,0.0000,1.6929
D_baseline,2,79,2.5434,0.0000,2.5442
D_baseline,2,80,2.8362,0.0000,2.8370
D_baseline,2,81,2.7503,0.0000,2.7512
D_baseline,2,82,3.5538,0.0000,3.5548
D_baseline,2,83,2.5480,0.0000,2.5494
D_baseline,2,84,3.1388,0.0000,3.1397
D_baseline,2,85,3.4974,0.0000,3.4985
D_baseline,2,86,2.3395,0.0000,2.3401
D_baseline,2,87,1.6317,0.0000,1.6322
D_baseline,2,88,1.7236,0.0000,1.7241
D_baseline,2,89,2.1679,0.0000,2.1687
D_baseline,2,90,1.7155,0.0000,1.7160
D_baseline,2,91,1.6061,0.0000,1.6064
D_baseline,2,92,1.4559,0.0000,1.4562
D_baseline,2,93,1.4391,0.0000,1.4394
D_baseline,2,94,1.4267,0.0000,1.4271
D_baseline,2,95,1.7369,0.0000,1.7374
D_baseline,2,96,1.5008,0.0000,1.5011
D_baseline,2,97,1.4068,0.0000,1.4070
D_baseline,2,98,1.3584,0.0000,1.3591
D_baseline,2,99,1.2681,0.0000,1.2686
D_baseline,2,100,1.6298,0.0000,1.6301
D_baseline,2,101,1.4467,0.0000,1.4469
D_baseline,2,102,1.8527,0.0000,1.8530
D_baseline,2,103,2.0745,0.0000,2.0749
D_baseline,2,104,2.4663,0.0000,2.4680
D_baseline,2,105,1.8734,0.0000,1.8742
D_baseline,2,106,1.3253,0.0000,1.3257
D_baseline,2,107,1.3339,0.0000,1.3342
D_baseline,2,108,1.3771,0.0000,1.3775
D_baseline,2,109,1.4138,0.0000,1.4142
D_baseline,2,110,1.4776,0.0000,1.4781
D_baseline,2,111,2.1537,0.0000,2.1542
D_baseline,2,112,1.5897,0.0000,1.5903
D_baseline,2,113,1.9300,0.0000,1.9303
D_baseline,2,114,1.5549,0.0000,1.5556
D_baseline,2,115,3.3348,0.0000,3.3352
D_baseline,2,116,1.3951,0.0000,1.3957
D_baseline,2,117,1.5402,0.0000,1.5407
D_baseline,2,118,1.6792,0.0000,1.6795
D_baseline,2,119,1.3860,0.0000,1.3863
D_baseline,2,120,2.0215,0.0000,2.0220
D_baseline,2,121,2.6968,0.0000,2.6974
D_baseline,2,122,2.7673,0.0000,2.7686
D_baseline,2,123,2.9307,0.0000,2.9318
D_baseline,2,124,2.4727,0.0000,2.4733
D_baseline,2,125,2.1394,0.0000,2.1397
D_baseline,2,126,1.8526,0.0000,1.8531
D_baseline,2,127,1.7489,0.0000,1.7495
D_baseline,2,128,1.9462,0.0000,1.9468
D_baseline,2,129,2.8286,0.0000,2.8292
D_baseline,2,130,2.1876,0.0000,2.1882
D_baseline,2,131,3.1448,0.0000,3.1462
D_baseline,2,132,3.4886,0.0000,3.4901
D_baseline,2,133,2.3472,0.0000,2.3481
D_baseline,2,134,2.1763,0.0000,2.1767
D_baseline,2,135,1.4928,0.0000,1.4931
D_baseline,2,136,1.8541,0.0000,1.8544
D_baseline,2,137,1.6008,0.0000,1.6013
D_baseline,2,138,1.6039,0.0000,1.6043
D_baseline,2,139,1.3728,0.0000,1.3732
D_baseline,2,140,2.4542,0.0000,2.4547
D_baseline,2,141,2.0808,0.0000,2.0815
D_baseline,2,142,1.5310,0.0000,1.5314
D_baseline,2,143,1.3991,0.0000,1.3994
D_baseline,2,144,1.4936,0.0000,1.4939
D_baseline,2,145,1.7914,0.0000,1.7919
D_baseline,2,146,1.5645,0.0000,1.5648
D_baseline,2,147,1.7083,0.0000,1.7089
D_baseline,2,148,1.4515,0.0000,1.4519
D_baseline,2,149,3.5996,0.0000,3.6005
D_baseline,2,150,1.5479,0.0000,1.5485
D_baseline,2,151,1.3562,0.0000,1.3568
D_baseline,2,152,1.4380,0.0000,1.4386
D_baseline,2,153,1.5113,0.0000,1.5115
D_baseline,2,154,1.9331,0.0000,1.9336
D_baseline,2,155,1.5930,0.0000,1.5935
D_baseline,2,156,1.4685,0.0000,1.4687
D_baseline,2,157,1.5153,0.0000,1.5156
D_baseline,2,158,2.5571,0.0000,2.5576
D_baseline,2,159,2.4388,0.0000,2.4395
D_baseline,2,160,2.4143,0.0000,2.4154
D_baseline,2,161,1.8864,0.0000,1.8868
D_baseline,2,162,1.9552,0.0000,1.9558
D_baseline,2,163,1.8795,0.0000,1.8803
D_baseline,2,164,1.6503,0.0000,1.6507
D_baseline,2,165,1.7589,0.0000,1.7594
D_baseline,2,166,1.4351,0.0000,1.4354
D_baseline,2,167,1.5199,0.0000,1.5202
D_baseline,2,168,1.3552,0.0000,1.3555
D_baseline,2,169,1.3847,0.0000,1.3850
D_baseline,2,170,3.4921,0.0000,3.4929
D_baseline,2,171,2.4590,0.0000,2.4601
D_baseline,2,172,2.1041,0.0000,2.1046
D_baseline,2,173,1.4549,0.0000,1.4554
D_baseline,2,174,1.4425,0.0000,1.4428
D_baseline,2,175,1.4682,0.0000,1.4685
D_baseline,2,176,1.4338,0.0000,1.4342
D_baseline,2,177,1.5205,0.0000,1.5207
D_baseline,2,178,2.5208,0.0000,2.5220
D_baseline,2,179,2.2484,0.0000,2.2492
D_baseline,2,180,2.0619,0.0000,2.0624
D_baseline,2,181,1.4335,0.0000,1.4338
D_baseline,2,182,1.4042,0.0000,1.4046
D_baseline,2,183,1.3873,0.0000,1.3876
D_baseline,2,184,1.4083,0.0000,1.4087
D_baseline,2,185,1.4209,0.0000,1.4212
D_baseline,2,186,1.5650,0.0000,1.5654
D_baseline,2,187,1.9408,0.0000,1.9414
D_baseline,2,188,2.5032,0.0000,2.5039
D_baseline,2,189,3.1460,0.0000,3.1469
D_baseline,2,190,2.4912,0.0000,2.4920
D_baseline,2,191,2.7361,0.0000,2.7370
D_baseline,2,192,2.6487,0.0000,2.6494
D_baseline,2,193,1.6218,0.0000,1.6222
D_baseline,2,194,1.5015,0.0000,1.5022
D_baseline,2,195,1.4917,0.0000,1.4928
D_baseline,2,196,1.5930,0.0000,1.5935
D_baseline,2,197,2.3099,0.0000,2.3106
D_baseline,2,198,1.7535,0.0000,1.7538
D_baseline,2,199,1.4368,0.0000,1.4372
D_baseline,3,0,1.5189,0.0000,1.5192
D_baseline,3,1,2.6961,0.0000,2.6969
D_baseline,3,2,1.3799,0.0000,1.3803
D_baseline,3,3,3.2529,0.0000,3.2536
D_baseline,3,4,3.2529,0.0000,3.2539
D_baseline,3,5,1.6506,0.0000,1.6509
D_baseline,3,6,1.5006,0.0000,1.5009
D_baseline,3,7,1.5336,0.0000,1.5341
D_baseline,3,8,2.8300,0.0000,2.8311
D_baseline,3,9,2.6790,0.0000,2.6796
D_baseline,3,10,2.3373,0.0000,2.3381
D_baseline,3,11,2.9867,0.0000,2.9880
D_baseline,3,12,2.6343,0.0000,2.6352
D_baseline,3,13,2.5336,0.0000,2.5344
D_baseline,3,14,3.4497,0.0000,3.4505
D_baseline,3,15,2.4871,0.0000,2.4879
D_baseline,3,16,1.7910,0.0000,1.7916
D_baseline,3,17,1.5351,0.0000,1.5355
D_baseline,3,18,1.8562,0.0000,1.8566
D_baseline,3,19,1.7150,0.0000,1.7155
D_baseline,3,20,1.7274,0.0000,1.7281
D_baseline,3,21,2.2488,0.0000,2.2496
D_baseline,3,22,2.4286,0.0000,2.4295
D_baseline,3,23,3.5689,0.0000,3.5700
D_baseline,3,24,2.0043,0.0000,2.0050
D_baseline,3,25,1.4833,0.0000,1.4837
D_baseline,3,26,1.7602,0.0000,1.7605
D_baseline,3,27,1.4017,0.0000,1.4021
D_baseline,3,28,1.7250,0.0000,1.7253
D_baseline,3,29,2.7575,0.0000,2.7581
D_baseline,3,30,2.1565,0.0000,2.1579
D_baseline,3,31,2.7235,0.0000,2.7242
D_baseline,3,32,2.9875,0.0000,2.9882
D_baseline,3,33,3.0276,0.0000,3.0290
D_baseline,3,34,2.4168,0.0000,2.4176
D_baseline,3,35,1.9707,0.0000,1.9713
D_baseline,3,36,1.6512,0.0000,1.6517
D_baseline,3,37,2.3412,0.0000,2.3421
D_baseline,3,38,2.9771,0.0000,2.9777
D_baseline,3,39,3.0168,0.0000,3.0176
D_baseline,3,40,2.6197,0.0000,2.6202
D_baseline,3,41,1.4864,0.0000,1.4868
D_baseline,3,42,1.6833,0.0000,1.6837
D_baseline,3,43,1.6343,0.0000,1.6349
D_baseline,3,44,1.8439,0.0000,1.8443
D_baseline,3,45,3.2251,0.0000,3.2261
D_baseline,3,46,2.5887,0.0000,2.5894
D_baseline,3,47,2.5514,0.0000,2.5529
D_baseline,3,48,2.4986,0.0000,2.4993
D_baseline,3,49,2.3163,0.0000,2.3167
D_baseline,3,50,1.6870,0.0000,1.6874
D_baseline,3,51,1.5429,0.0000,1.5434
D_baseline,3,52,1.9786,0.0000,1.9795
D_baseline,3,53,2.1444,0.0000,2.1454
D_baseline,3,54,2.5773,0.0000,2.5782
D_baseline,3,55,2.4237,0.0000,2.4244
D_baseline,3,56,2.7014,0.0000,2.7023
D_baseline,3,57,2.0675,0.0000,2.0684
D_baseline,3,58,1.5850,0.0000,1.5854
D_baseline,3,59,1.5134,0.0000,1.5138
D_baseline,3,60,1.6053,0.0000,1.6056
D_baseline,3,61,1.5028,0.0000,1.5030
D_baseline,3,62,1.5885,0.0000,1.5889
D_baseline,3,63,1.7125,0.0000,1.7128
D_baseline,3,64,1.5272,0.0000,1.5276
D_baseline,3,65,2.2496,0.0000,2.2505
D_baseline,3,66,2.6626,0.0000,2.6632
D_baseline,3,67,2.5976,0.0000,2.5985
D_baseline,3,68,2.1553,0.0000,2.1556
D_baseline,3,69,1.3849,0.0000,1.3852
D_baseline,3,70,2.0368,0.0000,2.0395
D_baseline,3,71,2.0022,0.0000,2.0026
D_baseline,3,72,1.3933,0.0000,1.3936
D_baseline,3,73,1.8030,0.0000,1.8034
D_baseline,3,74,2.3900,0.0000,2.3904
D_baseline,3,75,1.6077,0.0000,1.6080
D_baseline,3,76,1.2875,0.0000,1.2879
D_baseline,3,77,2.5945,0.0000,2.5948
D_baseline,3,78,1.2252,0.0000,1.2256
D_baseline,3,79,1.4109,0.0000,1.4112
D_baseline,3,80,1.6869,0.0000,1.6872
D_baseline,3,81,1.3960,0.0000,1.3963
D_baseline,3,82,1.4717,0.0000,1.4724
D_baseline,3,83,1.5550,0.0000,1.5553
D_baseline,3,84,1.6997,0.0000,1.7002
D_baseline,3,85,3.2942,0.0000,3.2947
D_baseline,3,86,2.5471,0.0000,2.5478
D_baseline,3,87,3.2626,0.0000,3.2641
D_baseline,3,88,1.9568,0.0000,1.9575
D_baseline,3,89,1.6855,0.0000,1.6859
D_baseline,3,90,1.3762,0.0000,1.3766
D_baseline,3,91,1.4609,0.0000,1.4613
D_baseline,3,92,1.3862,0.0000,1.3865
D_baseline,3,93,1.2339,0.0000,1.2342
D_baseline,3,94,2.0262,0.0000,2.0265
D_baseline,3,95,2.2953,0.0000,2.2962
D_baseline,3,96,1.8137,0.0000,1.8141
D_baseline,3,97,3.9853,0.0000,3.9860
D_baseline,3,98,2.3220,0.0000,2.3226
D_baseline,3,99,1.2956,0.0000,1.2960
D_baseline,3,100,1.3077,0.0000,1.3081
D_baseline,3,101,1.4701,0.0000,1.4704
D_baseline,3,102,1.3305,0.0000,1.3308
D_baseline,3,103,1.5324,0.0000,1.5327
D_baseline,3,104,1.2710,0.0000,1.2714
D_baseline,3,105,1.2934,0.0000,1.2937
D_baseline,3,106,2.6638,0.0000,2.6647
D_baseline,3,107,2.5994,0.0000,2.6000
D_baseline,3,108,1.3698,0.0000,1.3704
D_baseline,3,109,1.2856,0.0000,1.2861
D_baseline,3,110,1.3910,0.0000,1.3913
D_baseline,3,111,1.3282,0.0000,1.3285
D_baseline,3,112,1.3333,0.0000,1.3337
D_baseline,3,113,1.3297,0.0000,1.3299
D_baseline,3,114,1.2714,0.0000,1.2716
D_baseline,3,115,2.3115,0.0000,2.3122
D_baseline,3,116,2.9579,0.0000,2.9590
D_baseline,3,117,1.3237,0.0000,1.3241
D_baseline,3,118,1.8509,0.0000,1.8514
D_baseline,3,119,1.2694,0.0000,1.2696
D_baseline,3,120,1.3516,0.0000,1.3519
D_baseline,3,121,1.2408,0.0000,1.2411
D_baseline,3,122,2.6449,0.0000,2.6454
D_baseline,3,123,1.8402,0.0000,1.8407
D_baseline,3,124,2.0329,0.0000,2.0334
D_baseline,3,125,1.5690,0.0000,1.5695
D_baseline,3,126,1.7042,0.0000,1.7044
D_baseline,3,127,1.5252,0.0000,1.5256
D_baseline,3,128,2.8378,0.0000,2.8383
D_baseline,3,129,2.5262,0.0000,2.5270
D_baseline,3,130,1.8613,0.0000,1.8618
D_baseline,3,131,1.4656,0.0000,1.4660
D_baseline,3,132,1.7943,0.0000,1.7949
D_baseline,3,133,1.5576,0.0000,1.5580
D_baseline,3,134,1.6575,0.0000,1.6579
D_baseline,3,135,1.3047,0.0000,1.3051
D_baseline,3,136,1.6213,0.0000,1.6218
D_baseline,3,137,1.3137,0.0000,1.3142
D_baseline,3,138,1.5096,0.0000,1.5101
D_baseline,3,139,1.3635,0.0000,1.3640
D_baseline,3,140,1.4536,0.0000,1.4541
D_baseline,3,141,2.4836,0.0000,2.4843
D_baseline,3,142,2.2512,0.0000,2.2517
D_baseline,3,143,2.3634,0.0000,2.3637
D_baseline,3,144,1.8559,0.0000,1.8562
D_baseline,3,145,2.0463,0.0000,2.0470
D_baseline,3,146,2.3241,0.0000,2.3247
D_baseline,3,147,2.5816,0.0000,2.5823
D_baseline,3,148,2.3805,0.0000,2.3814
D_baseline,3,149,2.8535,0.0000,2.8540
D_baseline,3,150,1.7844,0.0000,1.7849
D_baseline,3,151,1.8917,0.0000,1.8923
D_baseline,3,152,1.5573,0.0000,1.5577
D_baseline,3,153,2.1098,0.0000,2.1103
D_baseline,3,154,2.2835,0.0000,2.2842
D_baseline,3,155,2.1836,0.0000,2.1841
D_baseline,3,156,2.7983,0.0000,2.7996
D_baseline,3,157,4.2615,0.0000,4.2625
D_baseline,3,158,2.4329,0.0000,2.4338
D_baseline,3,159,1.9386,0.0000,1.9390
D_baseline,3,160,1.7002,0.0000,1.7005
D_baseline,3,161,1.3073,0.0000,1.3077
D_baseline,3,162,2.4387,0.0000,2.4410
D_baseline,3,163,2.5758,0.0000,2.5764
D_baseline,3,164,2.8228,0.0000,2.8236
D_baseline,3,165,2.7267,0.0000,2.7275
D_baseline,3,166,2.8328,0.0000,2.8338
D_baseline,3,167,1.5935,0.0000,1.5939
D_baseline,3,168,1.3271,0.0000,1.3273
D_baseline,3,169,1.8011,0.0000,1.8014
D_baseline,3,170,1.3910,0.0000,1.3914
D_baseline,3,171,1.7449,0.0000,1.7455
D_baseline,3,172,1.7407,0.0000,1.7413
D_baseline,3,173,1.5262,0.0000,1.5265
D_baseline,3,174,3.3407,0.0000,3.3416
D_baseline,3,175,2.6279,0.0000,2.6286
D_baseline,3,176,1.3364,0.0000,1.3368
D_baseline,3,177,1.6023,0.0000,1.6026
D_baseline,3,178,1.5932,0.0000,1.5935
D_baseline,3,179,1.3998,0.0000,1.4001
D_baseline,3,180,1.8625,0.0000,1.8643
D_baseline,3,181,1.4695,0.0000,1.4699
D_baseline,3,182,1.4200,0.0000,1.4203
D_baseline,3,183,1.9324,0.0000,1.9328
D_baseline,3,184,2.3018,0.0000,2.3024
D_baseline,3,185,2.4071,0.0000,2.4078
D_baseline,3,186,2.3963,0.0000,2.3969
D_baseline,3,187,1.7629,0.0000,1.7634
D_baseline,3,188,1.3291,0.0000,1.3295
D_baseline,3,189,1.9374,0.0000,1.9378
D_baseline,3,190,1.4710,0.0000,1.4713
D_baseline,3,191,1.4765,0.0000,1.4767
D_baseline,3,192,1.6252,0.0000,1.6259
D_baseline,3,193,1.5760,0.0000,1.5765
D_baseline,3,194,1.4622,0.0000,1.4628
D_baseline,3,195,1.3819,0.0000,1.3823
D_baseline,3,196,2.0781,0.0000,2.0789
D_baseline,3,197,1.5551,0.0000,1.5557
D_baseline,3,198,1.6307,0.0000,1.6311
D_baseline,3,199,1.6125,0.0000,1.6128
D_baseline,4,0,1.4452,0.0000,1.4455
D_baseline,4,1,1.4883,0.0000,1.4888
D_baseline,4,2,2.7015,0.0000,2.7023
D_baseline,4,3,2.8882,0.0000,2.8888
D_baseline,4,4,3.0659,0.0000,3.0676
D_baseline,4,5,2.1651,0.0000,2.1656
D_baseline,4,6,1.9404,0.0000,1.9411
D_baseline,4,7,1.4384,0.0000,1.4389
D_baseline,4,8,1.3359,0.0000,1.3363
D_baseline,4,9,1.4308,0.0000,1.4311
D_baseline,4,10,1.6269,0.0000,1.6278
D_baseline,4,11,2.2427,0.0000,2.2436
D_baseline,4,12,2.5021,0.0000,2.5028
D_baseline,4,13,2.1449,0.0000,2.1455
D_baseline,4,14,3.3404,0.0000,3.3413
D_baseline,4,15,1.5411,0.0000,1.5417
D_baseline,4,16,1.5077,0.0000,1.5080
D_baseline,4,17,1.3566,0.0000,1.3568
D_baseline,4,18,1.4759,0.0000,1.4764
D_baseline,4,19,1.4639,0.0000,1.4642
D_baseline,4,20,3.1272,0.0000,3.1277
D_baseline,4,21,2.6382,0.0000,2.6387
D_baseline,4,22,2.7895,0.0000,2.7906
D_baseline,4,23,2.4007,0.0000,2.4017
D_baseline,4,24,2.3404,0.0000,2.3410
D_baseline,4,25,2.0292,0.0000,2.0299
D_baseline,4,26,1.9019,0.0000,1.9024
D_baseline,4,27,2.1457,0.0000,2.1462
D_baseline,4,28,1.7751,0.0000,1.7755
D_baseline,4,29,3.9265,0.0000,3.9270
D_baseline,4,30,2.2397,0.0000,2.2404
D_baseline,4,31,1.7315,0.0000,1.7321
D_baseline,4,32,1.6587,0.0000,1.6592
D_baseline,4,33,1.4306,0.0000,1.4311
D_baseline,4,34,1.2731,0.0000,1.2734
D_baseline,4,35,1.4567,0.0000,1.4571
D_baseline,4,36,1.4211,0.0000,1.4214
D_baseline,4,37,1.4092,0.0000,1.4095
D_baseline,4,38,1.4313,0.0000,1.4316
D_baseline,4,39,1.8138,0.0000,1.8142
D_baseline,4,40,2.5702,0.0000,2.5709
D_baseline,4,41,2.6677,0.0000,2.6686
D_baseline,4,42,2.6474,0.0000,2.6477
D_baseline,4,43,2.1033,0.0000,2.1039
D_baseline,4,44,2.0407,0.0000,2.0412
D_baseline,4,45,2.2946,0.0000,2.2951
D_baseline,4,46,1.7328,0.0000,1.7331
D_baseline,4,47,1.4985,0.0000,1.4990
D_baseline,4,48,1.4829,0.0000,1.4832
D_baseline,4,49,1.7445,0.0000,1.7449
D_baseline,4,50,1.3951,0.0000,1.3955
D_baseline,4,51,2.4474,0.0000,2.4483
D_baseline,4,52,1.6068,0.0000,1.6072
D_baseline,4,53,1.5102,0.0000,1.5108
D_baseline,4,54,1.3550,0.0000,1.3553
D_baseline,4,55,1.3682,0.0000,1.3686
D_baseline,4,56,1.8300,0.0000,1.8303
D_baseline,4,57,2.9462,0.0000,2.9469
D_baseline,4,58,2.0492,0.0000,2.0498
D_baseline,4,59,2.9282,0.0000,2.9296
D_baseline,4,60,2.4323,0.0000,2.4332
D_baseline,4,61,1.4707,0.0000,1.4712
D_baseline,4,62,1.4180,0.0000,1.4184
D_baseline,4,63,1.5462,0.0000,1.5467
D_baseline,4,64,1.6266,0.0000,1.6274
D_baseline,4,65,1.6041,0.0000,1.6047
D_baseline,4,66,1.3952,0.0000,1.3955
D_baseline,4,67,1.5989,0.0000,1.5996
D_baseline,4,68,2.7034,0.0000,2.7041
D_baseline,4,69,2.6226,0.0000,2.6231
D_baseline,4,70,3.3970,0.0000,3.3979
D_baseline,4,71,2.3079,0.0000,2.3086
D_baseline,4,72,2.4175,0.0000,2.4182
D_baseline,4,73,1.8402,0.0000,1.8409
D_baseline,4,74,1.4156,0.0000,1.4160
D_baseline,4,75,2.4755,0.0000,2.4760
D_baseline,4,76,2.9128,0.0000,2.9138
D_baseline,4,77,2.6053,0.0000,2.6063
D_baseline,4,78,2.8087,0.0000,2.8096
D_baseline,4,79,2.0412,0.0000,2.0418
D_baseline,4,80,1.3706,0.0000,1.3710
D_baseline,4,81,1.3737,0.0000,1.3739
D_baseline,4,82,1.2604,0.0000,1.2607
D_baseline,4,83,1.3270,0.0000,1.3273
D_baseline,4,84,1.3827,0.0000,1.3829
D_baseline,4,85,1.3613,0.0000,1.3626
D_baseline,4,86,1.4312,0.0000,1.4315
D_baseline,4,87,3.1547,0.0000,3.1559
D_baseline,4,88,2.1857,0.0000,2.1862
D_baseline,4,89,1.4895,0.0000,1.4897
D_baseline,4,90,1.3108,0.0000,1.3113
D_baseline,4,91,1.3150,0.0000,1.3155
D_baseline,4,92,1.3516,0.0000,1.3520
D_baseline,4,93,1.3530,0.0000,1.3534
D_baseline,4,94,1.3621,0.0000,1.3624
D_baseline,4,95,1.3792,0.0000,1.3795
D_baseline,4,96,1.3409,0.0000,1.3412
D_baseline,4,97,1.4073,0.0000,1.4075
D_baseline,4,98,1.5269,0.0000,1.5274
D_baseline,4,99,1.5442,0.0000,1.5446
D_baseline,4,100,1.9416,0.0000,1.9420
D_baseline,4,101,2.6472,0.0000,2.6485
D_baseline,4,102,2.0736,0.0000,2.0741
D_baseline,4,103,2.2179,0.0000,2.2184
D_baseline,4,104,2.2860,0.0000,2.2865
D_baseline,4,105,2.2425,0.0000,2.2432
D_baseline,4,106,2.3331,0.0000,2.3337
D_baseline,4,107,2.2761,0.0000,2.2767
D_baseline,4,108,2.2382,0.0000,2.2387
D_baseline,4,109,3.0238,0.0000,3.0251
D_baseline,4,110,3.8735,0.0000,3.8746
D_baseline,4,111,3.3530,0.0000,3.3541
D_baseline,4,112,3.0157,0.0000,3.0171
D_baseline,4,113,2.9938,0.0000,2.9947
D_baseline,4,114,2.3864,0.0000,2.3871
D_baseline,4,115,2.9753,0.0000,2.9766
D_baseline,4,116,2.1318,0.0000,2.1327
D_baseline,4,117,2.9876,0.0000,2.9887
D_baseline,4,118,3.3361,0.0000,3.3368
D_baseline,4,119,2.0454,0.0000,2.0467
D_baseline,4,120,2.6265,0.0000,2.6275
D_baseline,4,121,2.2928,0.0000,2.2936
D_baseline,4,122,2.9328,0.0000,2.9333
D_baseline,4,123,4.4775,0.0000,4.4788
D_baseline,4,124,2.7453,0.0000,2.7461
D_baseline,4,125,2.7150,0.0000,2.7157
D_baseline,4,126,2.7957,0.0000,2.7965
D_baseline,4,127,2.6478,0.0000,2.6485
D_baseline,4,128,2.4578,0.0000,2.4584
D_baseline,4,129,3.5975,0.0000,3.5984
D_baseline,4,130,2.1295,0.0000,2.1303
D_baseline,4,131,1.6606,0.0000,1.6611
D_baseline,4,132,1.4298,0.0000,1.4302
D_baseline,4,133,1.7885,0.0000,1.7889
D_baseline,4,134,1.5770,0.0000,1.5774
D_baseline,4,135,2.3492,0.0000,2.3503
D_baseline,4,136,2.5367,0.0000,2.5371
D_baseline,4,137,3.3871,0.0000,3.3876
D_baseline,4,138,3.5848,0.0000,3.5858
D_baseline,4,139,3.6916,0.0000,3.6929
D_baseline,4,140,3.1163,0.0000,3.1172
D_baseline,4,141,3.2611,0.0000,3.2620
D_baseline,4,142,2.2412,0.0000,2.2418
D_baseline,4,143,2.7208,0.0000,2.7221
D_baseline,4,144,2.8283,0.0000,2.8295
D_baseline,4,145,2.5075,0.0000,2.5084
D_baseline,4,146,2.8614,0.0000,2.8620
D_baseline,4,147,2.8208,0.0000,2.8216
D_baseline,4,148,2.6594,0.0000,2.6607
D_baseline,4,149,2.0744,0.0000,2.0751
D_baseline,4,150,1.8531,0.0000,1.8534
D_baseline,4,151,1.4752,0.0000,1.4756
D_baseline,4,152,1.6076,0.0000,1.6080
D_baseline,4,153,1.4357,0.0000,1.4361
D_baseline,4,154,1.5141,0.0000,1.5144
D_baseline,4,155,1.7994,0.0000,1.8000
D_baseline,4,156,2.2206,0.0000,2.2212
D_baseline,4,157,3.5082,0.0000,3.5095
D_baseline,4,158,2.6126,0.0000,2.6133
D_baseline,4,159,2.7077,0.0000,2.7088
D_baseline,4,160,2.7296,0.0000,2.7302
D_baseline,4,161,1.4729,0.0000,1.4734
D_baseline,4,162,2.1646,0.0000,2.1650
D_baseline,4,163,1.5630,0.0000,1.5633
D_baseline,4,164,1.8668,0.0000,1.8675
D_baseline,4,165,1.5063,0.0000,1.5066
D_baseline,4,166,1.4654,0.0000,1.4658
D_baseline,4,167,3.2737,0.0000,3.2747
D_baseline,4,168,2.4766,0.0000,2.4772
D_baseline,4,169,2.6225,0.0000,2.6238
D_baseline,4,170,2.5358,0.0000,2.5367
D_baseline,4,171,2.7005,0.0000,2.7013
D_baseline,4,172,1.8180,0.0000,1.8185
D_baseline,4,173,1.7046,0.0000,1.7052
D_baseline,4,174,1.9476,0.0000,1.9479
D_baseline,4,175,1.4999,0.0000,1.5002
D_baseline,4,176,2.6401,0.0000,2.6408
D_baseline,4,177,2.0426,0.0000,2.0431
D_baseline,4,178,1.7821,0.0000,1.7827
D_baseline,4,179,1.9338,0.0000,1.9345
D_baseline,4,180,2.4226,0.0000,2.4231
D_baseline,4,181,1.7096,0.0000,1.7106
D_baseline,4,182,3.4064,0.0000,3.4076
D_baseline,4,183,2.5796,0.0000,2.5803
D_baseline,4,184,2.3388,0.0000,2.3396
D_baseline,4,185,2.1030,0.0000,2.1036
D_baseline,4,186,2.7042,0.0000,2.7049
D_baseline,4,187,2.2526,0.0000,2.2532
D_baseline,4,188,1.4962,0.0000,1.4967
D_baseline,4,189,1.4352,0.0000,1.4355
D_baseline,4,190,1.5570,0.0000,1.5573
D_baseline,4,191,2.2097,0.0000,2.2100
D_baseline,4,192,2.7383,0.0000,2.7391
D_baseline,4,193,2.9486,0.0000,2.9499
D_baseline,4,194,2.0769,0.0000,2.0776
D_baseline,4,195,1.7830,0.0000,1.7835
D_baseline,4,196,1.4414,0.0000,1.4419
D_baseline,4,197,1.5054,0.0000,1.5058
D_baseline,4,198,1.4289,0.0000,1.4292
D_baseline,4,199,2.7957,0.0000,2.7964
D_baseline,5,0,2.5724,0.0000,2.5734
D_baseline,5,1,2.5222,0.0000,2.5230
D_baseline,5,2,2.1841,0.0000,2.1846
D_baseline,5,3,1.4535,0.0000,1.4538
D_baseline,5,4,1.4333,0.0000,1.4336
D_baseline,5,5,1.5222,0.0000,1.5225
D_baseline,5,6,1.4106,0.0000,1.4108
D_baseline,5,7,1.4355,0.0000,1.4358
D_baseline,5,8,1.6309,0.0000,1.6312
D_baseline,5,9,1.6656,0.0000,1.6659
D_baseline,5,10,2.5934,0.0000,2.5941
D_baseline,5,11,2.0148,0.0000,2.0155
D_baseline,5,12,1.5753,0.0000,1.5756
D_baseline,5,13,1.4173,0.0000,1.4176
D_baseline,5,14,1.4136,0.0000,1.4139
D_baseline,5,15,1.3921,0.0000,1.3924
D_baseline,5,16,1.4089,0.0000,1.4091
D_baseline,5,17,1.5508,0.0000,1.5511
D_baseline,5,18,1.9788,0.0000,1.9792
D_baseline,5,19,1.3902,0.0000,1.3905
D_baseline,5,20,1.4002,0.0000,1.4005
D_baseline,5,21,2.1034,0.0000,2.1037
D_baseline,5,22,2.3541,0.0000,2.3547
D_baseline,5,23,2.4641,0.0000,2.4645
D_baseline,5,24,1.7111,0.0000,1.7118
D_baseline,5,25,1.8349,0.0000,1.8355
D_baseline,5,26,2.1501,0.0000,2.1506
D_baseline,5,27,1.9099,0.0000,1.9104
D_baseline,5,28,2.3351,0.0000,2.3358
D_baseline,5,29,1.7701,0.0000,1.7709
D_baseline,5,30,1.3554,0.0000,1.3556
D_baseline,5,31,1.7263,0.0000,1.7266
D_baseline,5,32,2.1846,0.0000,2.1853
D_baseline,5,33,1.9181,0.0000,1.9187
D_baseline,5,34,1.5101,0.0000,1.5105
D_baseline,5,35,1.9017,0.0000,1.9023
D_baseline,5,36,1.3642,0.0000,1.3644
D_baseline,5,37,1.4528,0.0000,1.4530
D_baseline,5,38,2.2877,0.0000,2.2884
D_baseline,5,39,3.3276,0.0000,3.3283
D_baseline,5,40,1.6151,0.0000,1.6154
D_baseline,5,41,3.2651,0.0000,3.2663
D_baseline,5,42,3.2269,0.0000,3.2279
D_baseline,5,43,2.1387,0.0000,2.1394
D_baseline,5,44,1.4662,0.0000,1.4667
D_baseline,5,45,1.3901,0.0000,1.3903
D_baseline,5,46,1.3985,0.0000,1.3988
D_baseline,5,47,1.3933,0.0000,1.3936
D_baseline,5,48,1.4051,0.0000,1.4053
D_baseline,5,49,2.5050,0.0000,2.5059
D_baseline,5,50,2.3589,0.0000,2.3597
D_baseline,5,51,2.4106,0.0000,2.4111
D_baseline,5,52,2.2633,0.0000,2.2640
D_baseline,5,53,1.9183,0.0000,1.9187
D_baseline,5,54,2.4084,0.0000,2.4092
D_baseline,5,55,1.4852,0.0000,1.4858
D_baseline,5,56,1.7021,0.0000,1.7025
D_baseline,5,57,1.3824,0.0000,1.3827
D_baseline,5,58,1.3723,0.0000,1.3727
D_baseline,5,59,1.4761,0.0000,1.4763
D_baseline,5,60,1.7807,0.0000,1.7810
D_baseline,5,61,1.2741,0.0000,1.2744
D_baseline,5,62,1.2628,0.0000,1.2630
D_baseline,5,63,1.9669,0.0000,1.9673
D_baseline,5,64,1.9020,0.0000,1.9025
D_baseline,5,65,1.4402,0.0000,1.4406
D_baseline,5,66,2.2945,0.0000,2.2950
D_baseline,5,67,3.1250,0.0000,3.1256
D_baseline,5,68,3.0283,0.0000,3.0297
D_baseline,5,69,1.7095,0.0000,1.7099
D_baseline,5,70,2.6629,0.0000,2.6638
D_baseline,5,71,2.1656,0.0000,2.1665
D_baseline,5,72,2.1230,0.0000,2.1234
D_baseline,5,73,1.4285,0.0000,1.4290
D_baseline,5,74,1.4719,0.0000,1.4722
D_baseline,5,75,1.4501,0.0000,1.4507
D_baseline,5,76,1.7138,0.0000,1.7144
D_baseline,5,77,2.4075,0.0000,2.4084
D_baseline,5,78,2.3859,0.0000,2.3866
D_baseline,5,79,2.2820,0.0000,2.2827
D_baseline,5,80,2.8723,0.0000,2.8729
D_baseline,5,81,1.4128,0.0000,1.4131
D_baseline,5,82,1.3869,0.0000,1.3874
D_baseline,5,83,1.4205,0.0000,1.4208
D_baseline,5,84,1.3912,0.0000,1.3916
D_baseline,5,85,2.0865,0.0000,2.0870
D_baseline,5,86,2.4114,0.0000,2.4118
D_baseline,5,87,2.3421,0.0000,2.3427
D_baseline,5,88,2.5401,0.0000,2.5411
D_baseline,5,89,2.2696,0.0000,2.2703
D_baseline,5,90,2.7128,0.0000,2.7134
D_baseline,5,91,1.9210,0.0000,1.9216
D_baseline,5,92,1.7597,0.0000,1.7601
D_baseline,5,93,1.4793,0.0000,1.4798
D_baseline,5,94,1.4147,0.0000,1.4150
D_baseline,5,95,1.5483,0.0000,1.5492
D_baseline,5,96,1.4549,0.0000,1.4554
D_baseline,5,97,1.4308,0.0000,1.4311
D_baseline,5,98,2.3263,0.0000,2.3274
D_baseline,5,99,2.1294,0.0000,2.1300
D_baseline,5,100,1.4981,0.0000,1.4984
D_baseline,5,101,1.5926,0.0000,1.5930
D_baseline,5,102,1.6020,0.0000,1.6023
D_baseline,5,103,2.2066,0.0000,2.2072
D_baseline,5,104,2.1937,0.0000,2.1946
D_baseline,5,105,2.0211,0.0000,2.0218
D_baseline,5,106,2.9043,0.0000,2.9052
D_baseline,5,107,2.5879,0.0000,2.5888
D_baseline,5,108,2.4122,0.0000,2.4132
D_baseline,5,109,1.8621,0.0000,1.8625
D_baseline,5,110,1.5987,0.0000,1.5990
D_baseline,5,111,1.4841,0.0000,1.4843
D_baseline,5,112,1.4972,0.0000,1.4976
D_baseline,5,113,1.3769,0.0000,1.3772
D_baseline,5,114,1.5979,0.0000,1.5983
D_baseline,5,115,1.5068,0.0000,1.5071
D_baseline,5,116,1.4293,0.0000,1.4296
D_baseline,5,117,1.2106,0.0000,1.2108
D_baseline,5,118,1.4415,0.0000,1.4419
D_baseline,5,119,3.1329,0.0000,3.1331
D_baseline,5,120,1.2034,0.0000,1.2039
D_baseline,5,121,1.3603,0.0000,1.3609
D_baseline,5,122,1.4645,0.0000,1.4650
D_baseline,5,123,1.2735,0.0000,1.2738
D_baseline,5,124,1.3114,0.0000,1.3119
D_baseline,5,125,2.1524,0.0000,2.1529
D_baseline,5,126,1.9168,0.0000,1.9174
D_baseline,5,127,2.4642,0.0000,2.4648
D_baseline,5,128,2.5403,0.0000,2.5409
D_baseline,5,129,1.4506,0.0000,1.4509
D_baseline,5,130,1.3706,0.0000,1.3708
D_baseline,5,131,1.3973,0.0000,1.3976
D_baseline,5,132,1.3837,0.0000,1.3839
D_baseline,5,133,1.4159,0.0000,1.4162
D_baseline,5,134,1.4095,0.0000,1.4098
D_baseline,5,135,1.3664,0.0000,1.3667
D_baseline,5,136,2.2274,0.0000,2.2279
D_baseline,5,137,2.3113,0.0000,2.3120
D_baseline,5,138,2.8271,0.0000,2.8279
D_baseline,5,139,2.1560,0.0000,2.1566
D_baseline,5,140,1.2839,0.0000,1.2844
D_baseline,5,141,1.2088,0.0000,1.2092
D_baseline,5,142,1.4064,0.0000,1.4069
D_baseline,5,143,1.3390,0.0000,1.3392
D_baseline,5,144,1.3283,0.0000,1.3286
D_baseline,5,145,2.2308,0.0000,2.2314
D_baseline,5,146,2.7929,0.0000,2.7935
D_baseline,5,147,1.7187,0.0000,1.7192
D_baseline,5,148,3.0854,0.0000,3.0862
D_baseline,5,149,2.7544,0.0000,2.7551
D_baseline,5,150,2.0764,0.0000,2.0828
D_baseline,5,151,1.7431,0.0000,1.7438
D_baseline,5,152,1.8604,0.0000,1.8611
D_baseline,5,153,1.6779,0.0000,1.6783
D_baseline,5,154,2.0667,0.0000,2.0671
D_baseline,5,155,2.9624,0.0000,2.9630
D_baseline,5,156,2.8474,0.0000,2.8481
D_baseline,5,157,1.4138,0.0000,1.4142
D_baseline,5,158,1.3687,0.0000,1.3690
D_baseline,5,159,1.4367,0.0000,1.4369
D_baseline,5,160,1.3512,0.0000,1.3516
D_baseline,5,161,1.2633,0.0000,1.2636
D_baseline,5,162,1.5038,0.0000,1.5041
D_baseline,5,163,1.7888,0.0000,1.7891
D_baseline,5,164,1.5399,0.0000,1.5403
D_baseline,5,165,1.3763,0.0000,1.3766
D_baseline,5,166,1.3637,0.0000,1.3640
D_baseline,5,167,2.0997,0.0000,2.1000
D_baseline,5,168,2.1298,0.0000,2.1304
D_baseline,5,169,2.2306,0.0000,2.2311
D_baseline,5,170,1.9005,0.0000,1.9010
D_baseline,5,171,1.8958,0.0000,1.8962
D_baseline,5,172,1.7845,0.0000,1.7848
D_baseline,5,173,1.4062,0.0000,1.4065
D_baseline,5,174,1.3134,0.0000,1.3137
D_baseline,5,175,1.2904,0.0000,1.2907
D_baseline,5,176,1.2987,0.0000,1.2991
D_baseline,5,177,1.3987,0.0000,1.3990
D_baseline,5,178,1.2297,0.0000,1.2299
D_baseline,5,179,1.7789,0.0000,1.7793
D_baseline,5,180,2.8608,0.0000,2.8615
D_baseline,5,181,2.4540,0.0000,2.4562
D_baseline,5,182,2.4629,0.0000,2.4634
D_baseline,5,183,1.5311,0.0000,1.5315
D_baseline,5,184,1.3504,0.0000,1.3508
D_baseline,5,185,1.3416,0.0000,1.3419
D_baseline,5,186,1.2205,0.0000,1.2208
D_baseline,5,187,1.4394,0.0000,1.4399
D_baseline,5,188,1.3528,0.0000,1.3532
D_baseline,5,189,2.2808,0.0000,2.2816
D_baseline,5,190,2.4028,0.0000,2.4036
D_baseline,5,191,2.1997,0.0000,2.2002
D_baseline,5,192,1.1568,0.0000,1.1572
D_baseline,5,193,1.2451,0.0000,1.2455
D_baseline,5,194,1.7588,0.0000,1.7591
D_baseline,5,195,1.3514,0.0000,1.3517
D_baseline,5,196,1.4138,0.0000,1.4141
D_baseline,5,197,1.2604,0.0000,1.2608
D_baseline,5,198,3.7256,0.0000,3.7261
D_baseline,5,199,2.7786,0.0000,2.7803
