frame,t_s,x_px_filt,y_px_filt,x_mm_abs,y_mm_abs,angle_deg_raw,mm_per_px,x_mm,y_mm,angle_deg_unwrapped,vx_mm_s,vy_mm_s,speed_mm_s,angular_vel_dps
2729,22.62533369999983,277.49804919658345,236.00000476837158,56.13028722385438,47.73636460087516,0.0,0.20227272727272727,0.0,-0.0,0.0,,,,
2730,22.62937620000048,277.5008169256107,235.9999897480011,56.130847059953076,47.73636156266386,0.0,0.20227272727272727,0.0005598360986951434,3.03821130387405e-06,0.0,,,,
2731,22.641850399999385,277.50290503706674,235.99997454881668,56.131269427952134,47.73635848828337,0.0,0.20227272727272727,0.0009822040977525148,6.112591790952138e-06,0.0,,,,
2732,22.64650690000053,277.5044112568253,235.99997074902058,56.13157409513057,47.73635771968825,0.0,0.20227272727272727,0.0012868712761857637,6.88118691272166e-06,0.0,0.05747149976831561,0.00023826846865951284,0.05747199367937968,0.0
2733,22.657888699999603,277.50545156908913,235.99996979907155,56.13178452192939,47.736357527539475,0.0,0.20227272727272727,0.0014972980750087572,7.0733356878349696e-06,0.0,0.03073766013819685,8.813238986502541e-05,0.03073778648649637,0.0
2734,22.662111699999514,277.50610074627616,235.9999695615843,56.131915832769494,47.736357479502274,0.0,0.20227272727272727,0.001628608915112295,7.1213728887187244e-06,0.0,0.02467802633141971,3.9023654802756744e-05,0.024678057185683777,0.0
2735,22.675650499999392,277.5064232578581,235.99996950221248,56.13198106806675,47.73635746749298,0.0,0.20227272727272727,0.0016938442123688446,7.133382183610593e-06,0.0,0.011165585976642262,6.024831589060324e-06,0.011165587602109707,0.0
2736,22.678930100000798,277.50648099757,235.99996948736953,56.13199274723575,47.73635746449065,0.0,0.20227272727272727,0.0017055233813678683,7.136384510886273e-06,0.0,0.004063101748247983,2.6595910538050213e-06,0.004063102618694289,0.0
2737,22.690579599999182,277.5063581033964,235.9999694836588,56.13196788909609,47.73635746374007,0.0,0.20227272727272727,0.001680665241707402,7.1371350927051935e-06,0.0,-0.003447658354695627,3.8537769902420946e-07,0.0034476583762343,0.0
2738,22.693935999999667,277.5060756098335,235.9999694827311,56.13191074835268,47.73635746355243,0.0,0.20227272727272727,0.001623524498299389,7.137322732830853e-06,0.0,-0.0077268190893273105,2.0841349334221705e-07,0.007726819092138052,0.0
2739,22.705464700000448,277.505707440056,235.99996948249918,56.13183627764769,47.73635746350551,0.0,0.20227272727272727,0.0015490537933118276,7.137369649967695e-06,0.0,-0.009996877707889451,2.536781731833685e-08,0.009996877707921637,0.0
2740,22.710776899999473,277.50527207485777,235.9999694824412,56.131748215141684,47.73635746349379,0.0,0.20227272727272727,0.0014609912873027042,7.137381373922835e-06,0.0,-0.014335107213066658,1.2515308682431247e-08,0.01433510721307212,0.0
2741,22.723707699999068,277.50477413443707,235.9999694824267,56.13164749537477,47.736357463490855,0.0,0.20227272727272727,0.0013602715203901994,7.137384308464334e-06,0.0,-0.012878150909514191,1.3378708893977652e-09,0.01287815090951426,0.0
2742,22.72806800000035,277.5042605502108,235.99996948242307,56.13154361129264,47.73635746349012,0.0,0.20227272727272727,0.001256387438260731,7.137385040323352e-06,0.0,-0.01564164357844753,5.259876311800614e-10,0.015641643578447537,0.0
2743,22.73833999999988,277.50376594321676,235.99996948242216,56.13144356578702,47.73635746348994,0.0,0.20227272727272727,0.0011563419326421354,7.137385225064463e-06,0.0,-0.0140215839921373,8.471813847599097e-11,0.0140215839921373,0.0
2744,22.743226599999616,277.5032760805308,235.99996948242193,56.131344479925545,47.73635746348989,0.0,0.20227272727272727,0.0010572560711636925,7.137385274802455e-06,0.0,-0.015983392179104376,3.932974025188652e-11,0.015983392179104376,0.0
2745,22.754340800000136,277.5028102921053,235.99996948242188,56.13125026363039,47.73635746348988,0.0,0.20227272727272727,0.0009630397760105325,7.137385281907882e-06,0.0,-0.012623664757517517,5.760535489924364e-12,0.012623664757517517,0.0
2746,22.75936229999934,277.5023734104287,235.99996948242188,56.13116189438216,47.73635746348988,0.0,0.20227272727272727,0.0008746705277786759,7.137385281907882e-06,0.0,-0.014519281308264513,2.163551235523055e-12,0.014519281308264513,0.0
2747,22.771072199999253,277.5019666436228,235.99996948242188,56.13107961655097,47.73635746348988,0.0,0.20227272727272727,0.0007923926965887063,7.137385281907882e-06,0.0,-0.01159112139895424,1.2786214675403402e-13,0.01159112139895424,0.0
2748,22.77479250000033,277.5016131819018,235.99996948242188,56.13100812088468,47.73635746348988,0.0,0.20227272727272727,0.0007208970302983175,7.137385281907882e-06,0.0,-0.012420426391641298,-0.00011010405509135935,0.012420914404870812,0.0
2749,22.786177800000587,277.5012959346356,235.99996948242188,56.13094395041493,47.73635746348988,0.0,0.20227272727272727,0.0006567265605497141,7.137385281907882e-06,0.0,-0.009649002203688155,-0.00015750097524303976,0.009650287564833568,0.0
2750,22.790382600000157,277.5010335173503,235.99998092651367,56.13089087055495,47.736359778317535,0.0,0.20227272727272727,0.0006036467005685608,4.822557627903734e-06,0.0,-0.010400571977251697,-0.00032467908091760825,0.010405638565680568,0.0
2751,22.802592399999412,277.50080769574384,235.99999523162842,56.130845193002735,47.73636267185211,0.0,0.20227272727272727,0.0005579691483532656,1.929023049740408e-06,0.0,-0.007152600032944395,-0.0003734056811746135,0.007162340332182606,0.0
2752,22.806227099999887,277.50061391124063,236.0000102519989,56.13080599568276,47.73636571006342,0.0,0.20227272727272727,0.0005187718283821141,-1.1091882541336417e-06,0.0,-0.006408302676494935,-0.0003839504875813932,0.006419794480393133,0.0
2753,22.81884600000012,277.5004281360133,236.00002545118332,56.13076841842087,47.7363687844439,0.0,0.20227272727272727,0.0004811945664897621,-4.183568734106302e-06,0.0,-0.004738420955274996,-0.000281717995228097,0.00474678819605684,0.0
2754,22.833423699999912,277.5002901394721,236.00002925097942,56.13074050548413,47.73636955303902,0.0,0.20227272727272727,0.0004532816297455611,-4.952163855875824e-06,0.0,-0.004361257766317414,-0.00023477360073337908,0.004367572317416768,0.0
2755,22.838305799999944,277.500186975786,236.00003020092845,56.130719638283985,47.7363697451878,0.0,0.20227272727272727,0.0004324144296035115,-5.144312638094561e-06,0.0,-0.0023975716184390455,-6.760776590696653e-05,0.00239852464560099,0.0
2758,22.86617110000043,277.49993139592294,236.00003051263047,56.13066794144805,47.73636980823662,0.0,0.20227272727272727,0.0003807175936714202,-5.207361454040438e-06,0.0,-0.0018279813776754539,-1.8881897967909067e-05,0.0018280788941397253,0.0
2760,22.881463100000474,277.49985838314365,236.0000305172689,56.130653172954055,47.736369809174846,0.0,0.20227272727272727,0.0003659490996739123,-5.208299683090445e-06,0.0,-0.0014466568181174843,-8.337137504270836e-06,0.0014466808415360898,0.0
2762,22.89747829999942,277.49984809779903,236.0000305175588,56.130651092509346,47.73636980923349,0.0,0.20227272727272727,0.00036386865496496057,-5.208358324182427e-06,0.0,-0.0005919110908729765,-4.655775508922336e-07,0.0005919112739768462,0.0
2764,22.913438899999164,277.499847454965,236.00003051757693,56.13065096248155,47.736369809237154,0.0,0.20227272727272727,0.00036373862717198335,-5.208361990582944e-06,0.0,-0.00022086785352192634,-1.3052024040795095e-08,0.00022086785390757624,0.0
2766,22.92976920000001,277.49984741478784,236.00003051757807,56.13065095435481,47.73636980923738,0.0,0.20227272727272727,0.00036373050043181365,-5.208362217956619e-06,0.0,3.051404955147398e-05,-7.811758848402195e-10,3.0514049561473238e-05,0.0
2769,22.951613400000497,277.4998474121512,236.00003051757812,56.130650953821494,47.736369809237395,0.0,0.20227272727272727,0.00036372996711264705,-5.208362232167474e-06,0.0,0.00019745595103758058,6.188528151554355e-05,0.000206926655287359,0.0
2771,22.967515000000276,277.4998703002956,236.00003051757812,56.13065558346888,47.736369809237395,0.0,0.20227272727272727,0.00036835961449810384,-5.208362232167474e-06,0.0,0.00022481036511826221,0.0001446955041968194,0.0002673508728232959,0.0
2773,22.98434730000008,277.4999289512636,236.00000476837158,56.13066744696014,47.73636460087516,0.0,0.20227272727272727,0.00038022310575769325,-0.0,0.0,0.00022633613283387362,0.00015624124433775125,0.00027502612868307943,0.0
2775,22.99911020000036,277.499938338995,235.99997454881668,56.130669345842165,47.73635848828337,0.0,0.20227272727272727,0.0003821219877835347,6.112591790952138e-06,0.0,0.00022644046955524227,0.00015704634614418852,0.00027557002937481946,0.0
2777,23.01575260000027,277.4999389257282,235.99996979907155,56.13066946452229,47.736357527539475,0.0,0.20227272727272727,0.00038224066791059386,7.0733356878349696e-06,0.0,0.0001682180310226994,0.00015709702474950754,0.0002301668550124045,0.0
2779,23.030669100000523,277.499938962399,235.99996950221248,56.130669471939804,47.73635746749298,0.0,0.20227272727272727,0.00038224808542253186,7.133382183610593e-06,0.0,2.7258387406577408e-05,9.522287273403821e-05,9.90475399781837e-05,0.0
2780,23.042517600000792,277.49993896423257,235.99996948736953,56.13066947231068,47.73635746449065,0.0,0.20227272727272727,0.0003822484562974182,7.136384510886273e-06,0.0,4.983243962142543e-05,1.2413307771019934e-05,5.135525531472972e-05,0.0
2782,23.05930400000034,277.49993896480555,235.9999694827311,56.130669472426575,47.73635746355243,0.0,0.20227272727272727,0.00038224857219404385,7.137322732830853e-06,0.0,0.00019621301545704215,8.676160943221329e-07,0.0001962149336631455,0.0
2784,23.07847480000055,277.49996185302496,235.9999694824412,56.13067410208914,47.73635746349379,0.0,0.20227272727272727,0.0003868782347566935,7.137381373922835e-06,0.0,0.0002940100504664476,6.25174045723491e-08,0.0002940100571132031,0.0
2786,23.094527499999458,277.5000205039977,235.99996948242307,56.13068596558135,47.73635746349012,0.0,0.20227272727272727,0.00039874172696841015,7.137385040323352e-06,0.0,0.00030038407913835424,1.1838917220969149e-08,0.00030038407937165546,0.0
2788,23.110229699999763,277.50005850195885,235.99996948242193,56.13069365153258,47.73635746348989,0.0,0.20227272727272727,0.0004064276782003162,7.137385274802455e-06,0.0,0.00030193704852623425,6.605592096614547e-10,0.0003019370485269568,0.0
2789,23.122276100000818,277.5000604018569,235.99996948242188,56.130694035830146,47.73635746348988,0.0,0.20227272727272727,0.0004068119757647537,7.137385281907882e-06,0.0,0.00025372510934825837,4.878409353029648e-11,0.0002537251093482631,0.0
2791,23.137728600000628,277.50006099557504,235.99996948242188,56.13069415592313,47.73635746348988,0.0,0.20227272727272727,0.0004069320687491995,7.137385281907882e-06,0.0,0.00010592347768204527,-8.67617399661197e-05,0.0001369210818179849,0.0
2793,23.154950199999803,277.5000610326824,235.99996948242188,56.13069416342894,47.73635746348988,0.0,0.20227272727272727,0.0004069395745602833,7.137385281907882e-06,0.0,8.027081469466384e-06,-0.0001352351990796609,0.00013547321915062389,0.0
2796,23.173959899999318,277.5000610351176,236.0000102519989,56.13069416392151,47.73636571006342,0.0,0.20227272727272727,0.000406940067129824,-1.1091882541336417e-06,0.0,1.646798063160014e-06,-0.00013816645916359701,0.00013817627286067153,0.0
2798,23.189815899999303,277.50006103515386,236.00002925097942,56.13069416392885,47.73636955303902,0.0,0.20227272727272727,0.00040694007446973046,-4.952163855875824e-06,0.0,9.244820569693836e-08,-0.00013836186956139008,0.00013836190044659642,0.0
2800,23.206203800000367,277.50006103515614,236.0000304384157,56.130694163929306,47.736369793224995,0.0,0.20227272727272727,0.0004069400749244778,-5.192349831872889e-06,0.0,5.280798671643931e-09,-0.00013837350088453216,0.0001383735009852987,0.0
2802,23.221567999999024,277.50006103515625,236.00003051263047,56.130694163929334,47.73636980823662,0.0,0.20227272727272727,0.0004069400749528995,-5.207361454040438e-06,0.0,-5.8682615075111826e-05,-5.1612501112918745e-05,7.815049317301062e-05,0.0
2804,23.23770080000031,277.50006103515625,236.0000305172689,56.130694163929334,47.736369809174846,0.0,0.20227272727272727,0.0004069400749528995,-5.208299683090445e-06,0.0,-0.0001514457558415437,-3.139091910897628e-06,0.00015147828511189823,0.0
2806,23.253479400000288,277.50003814697266,236.0000305175588,56.13068953427401,47.73636980923349,0.0,0.20227272727272727,0.00040231041963068037,-5.208358324182427e-06,0.0,-0.0003124199344772669,-2.078441077516854e-07,0.0003124200036136497,0.0
2807,23.265956499999447,277.50000953674316,236.0000305175733,56.13068374720487,47.736369809236415,0.0,0.20227272727272727,0.0003965233504885646,-5.2083612516184985e-06,0.0,-0.0003317532293550899,-1.2434281895931459e-08,0.00033175322958811155,0.0
2809,23.281145499999184,277.49994909763336,236.00003051757784,56.130671522021295,47.73636980923734,0.0,0.20227272727272727,0.0003842981669137657,-5.208362175324055e-06,0.0,-0.00033319876561830404,-8.029587538581114e-10,0.00033319876561927153,0.0
2811,23.301022999999986,277.4999395981431,236.00003051757812,56.13066960053349,47.736369809237395,0.0,0.20227272727272727,0.0003823766791057892,-5.208362232167474e-06,0.0,-0.0002745996552345721,-5.965970346871973e-11,0.0002745996552345786,0.0
2813,23.317638700000316,277.49993900442496,236.00003051757812,56.1306694804405,47.736369809237395,0.0,0.20227272727272727,0.0003822565861213434,-5.208362232167474e-06,0.0,-0.00018184303138448092,7.132640800453906e-05,0.0001953313711156692,0.0
2815,23.335594500000298,277.4999389673176,236.00003051757812,56.13066947293469,47.736369809237395,0.0,0.20227272727272727,0.0003822490803102596,-5.208362232167474e-06,0.0,-2.0869227527879997e-05,0.0001483107186420329,0.00014977180616433344,0.0
2817,23.350198800000726,277.49993896499836,236.00000476837158,56.13066947246558,47.73636460087516,0.0,0.20227272727272727,0.0003822486111957346,-0.0,0.0,-1.5359556650688945e-06,0.0001601327132077058,0.00016014007930267304,0.0
2819,23.366078900000502,277.4999389648534,235.99997454881668,56.13066947243626,47.73635848828337,0.0,0.20227272727272727,0.00038224858187874133,6.112591790952138e-06,0.0,-9.042086345391474e-08,0.0001609046927118472,0.00016090471811797976,0.0
2821,23.38233240000045,277.4999389648443,235.99996979907155,56.13066947243442,47.736357527539475,0.0,0.20227272727272727,0.00038224858003843565,7.0733356878349696e-06,0.0,-6.817670237436742e-09,0.00016095113701995454,0.00016095113716434816,0.0
2823,23.39788889999909,277.49993896484375,235.99996950221248,56.130669472434306,47.73635746749298,0.0,0.20227272727272727,0.0003822485799247488,7.133382183610593e-06,0.0,-3.933359661635627e-10,8.962772307810854e-05,8.962772307897163e-05,0.0
2825,23.414049799999702,277.49993896484375,235.9999694836588,56.130669472434306,47.73635746374007,0.0,0.20227272727272727,0.0003822485799247488,7.1371350927051935e-06,0.0,7.335790071987962e-05,1.264361037213089e-05,7.443952230683625e-05,0.0
2827,23.429651599999488,277.49993896484375,235.99996948249918,56.130669472434306,47.73635746350551,0.0,0.20227272727272727,0.0003822485799247488,7.137369649967695e-06,0.0,0.00022355817468537186,8.216627976359841e-07,0.0002235596846446341,0.0
2828,23.44227370000044,277.49996185302734,235.9999694824412,56.13067410208962,47.73635746349379,0.0,0.20227272727272727,0.00038687823523986253,7.137381373922835e-06,0.0,0.0003219931602350047,4.9686296499158396e-08,0.00032199316406851476,0.0
2830,23.4580705999997,277.5000205039978,235.99996948242307,56.13068596558137,47.73635746349012,0.0,0.20227272727272727,0.00039874172698972643,7.137385040323352e-06,0.0,0.0003279298713970638,3.242076204765672e-09,0.00032792987141309015,0.0
2832,23.473686900000757,277.50005850195885,235.99996948242193,56.13069365153258,47.73635746348989,0.0,0.20227272727272727,0.0004064276782003162,7.137385274802455e-06,0.0,0.0003283084604975981,2.352787518437263e-10,0.0003283084604976824,0.0
2834,23.489869999999428,277.5000608768314,235.99996948242188,56.130694131904534,47.73635746348988,0.0,0.20227272727272727,0.00040690805015231035,7.137385281907882e-06,0.0,0.0002549669841525881,-2.0291127808153786e-05,0.00025577312774330486,0.0
2836,23.50573059999988,277.50006102526095,235.99996948242188,56.130694161927785,47.73635746348988,0.0,0.20227272727272727,0.0004069380734037509,7.137385281907882e-06,0.0,0.000104768382560688,-0.00010373405633749028,0.0001474353025181292,0.0
2838,23.528546699999424,277.5000610345378,235.99998092651367,56.130694163804236,47.736359778317535,0.0,0.20227272727272727,0.00040693994985474546,4.822557627903734e-06,0.0,6.3335093020787026e-06,-0.00016178943512415244,0.0001619133554030422,0.0
2840,23.54276419999951,277.5000610351176,236.0000102519989,56.13069416392151,47.73636571006342,0.0,0.20227272727272727,0.000406940067129824,-1.1091882541336417e-06,0.0,3.9682283690295946e-07,-0.00017473258205611756,0.00017473303265370789,0.0
2841,23.55335539999942,277.5000610351466,236.00002545118332,56.13069416392738,47.7363687844439,0.0,0.20227272727272727,0.000406940072998907,-4.183568734106302e-06,0.0,1.823490055852159e-08,-0.00017534024341655673,0.00017534024436474633,0.0
2843,23.568201000000045,277.5000610351557,236.00003020092845,56.13069416392921,47.7363697451878,0.0,0.20227272727272727,0.00040694007483210726,-5.144312638094561e-06,0.0,1.7864190509530372e-09,-0.0001550600188489974,0.0001550600188592879,0.0
2846,23.58895230000053,277.50006103515625,236.00003051263047,56.130694163929334,47.73636980823662,0.0,0.20227272727272727,0.0004069400749528995,-5.207361454040438e-06,0.0,-6.358005615326522e-05,-7.161794207141067e-05,9.576822629137647e-05,0.0
2848,23.60608460000003,277.50006103515625,236.0000305172689,56.130694163929334,47.736369809174846,0.0,0.20227272727272727,0.0004069400749528995,-5.208299683090445e-06,0.0,-0.00021594872036317163,-1.3562613377105435e-05,0.000216374199728406,0.0
2850,23.62064780000037,277.50003814697266,236.0000305175588,56.13068953427401,47.73636980923349,0.0,0.20227272727272727,0.00040231041963068037,-5.208358324182427e-06,0.0,-0.0003033551511586697,-6.194691186990153e-07,0.000303355783654257,0.0
2852,23.63621989999956,277.4999794960022,236.00003051757693,56.13067767078226,47.736369809237154,0.0,0.20227272727272727,0.0003904469278808165,-5.208361990582944e-06,0.0,-0.00030936712881902967,-1.1807936112287884e-08,0.0003093671290443725,0.0
2854,23.65380659999937,277.49994149804115,236.00003051757807,56.13066998483105,47.73636980923738,0.0,0.20227272727272727,0.0003827609766702267,-5.208362217956619e-06,0.0,-0.0003097463562277344,-8.551854596107784e-10,0.0003097463562289149,0.0
2856,23.669787099999667,277.4999391231686,236.00003051757812,56.1306695044591,47.736369809237395,0.0,0.20227272727272727,0.00038228060471823255,-5.208362232167474e-06,0.0,-0.2224599832754982,0.6897670857677235,0.7247531143551112,0.0
2858,23.685621000000538,277.49993897473905,236.00003051757812,56.130669474435855,47.736369809237395,0.0,0.20227272727272727,0.00038225058147389745,-5.208362232167474e-06,0.0,-1.0010922856302031,2.7219320032926837,2.900189579130514,-2.199678594256162
2860,23.701721699999325,277.41149902405596,235.72550678253174,56.11278048441132,47.68084114464846,0.0,0.20227272727272727,-0.017506739443064134,0.05552345622670174,0.0,-3.275247461268893,8.539051972648767,9.145635818473483,-2.7557878579540587
2863,23.729495199999292,276.8768353462316,234.33035250008106,56.00463260412412,47.39863948297094,0.0,0.20227272727272727,-0.1256546197302626,0.33772511790422044,-0.30546386718750007,-4.036264324542827,10.825178770615157,11.553178139081654,-14.419895710642198
2864,23.73388949999935,276.62979996204615,233.69847862794995,55.95466408323206,47.2708286315626,0.0,0.20227272727272727,-0.17562314062232076,0.4655359693125618,-0.31768242187500007,-4.854771664032523,13.464114327133174,14.31262318808142,-23.26805369835065
2865,23.745665000000372,276.4082815945154,233.03303335327655,55.909856958890614,47.13622720100366,-1.5273193359375001,0.20227272727272727,-0.22043026496376683,0.6001373998714996,-1.0044359320312501,-5.627346921352843,16.44547439464522,17.38161849305728,-31.886244576566806
2867,23.765647800000806,276.00397409684956,231.72951304801973,55.828076578680935,46.87256059380399,-0.06109277343750002,0.20227272727272727,-0.30221064517344587,0.8638040070711739,-1.8884907892343752,-5.702922312360606,19.730146373855767,20.537818745781994,-40.31899176870344
2870,23.793867500000488,275.31004344139365,229.16866096666217,55.687713332463716,46.35457005916576,-3.4337675507812504,0.20227272727272727,-0.4425738913906656,1.3817945417094037,-3.1045045948506256,-4.164912602015512,19.276526056182764,19.7213324544038,-57.888579727572846
2872,23.80966090000038,274.9765024251701,227.0929750109779,55.62024708145486,45.934715399947805,-4.420274286015625,0.20227272727272727,-0.510040142399518,1.8016492009273577,-3.9441153619190255,-4.138250555396459,22.493551493156826,22.87105105662039,-57.69891349932682
2874,23.825955199999953,274.6799622182235,224.93266221076914,55.56026508504976,45.49774303808739,-6.080069028081251,0.20227272727272727,-0.5700221388046245,2.2386215627877704,-5.420843103148638,-4.200690888767083,26.015783985239956,26.35273838350843,-61.5558387464381
2876,23.84223109999948,274.38451004403447,222.71860308708665,55.500503167997884,45.04989926079707,-5.725373171279501,0.20227272727272727,-0.6297840558564971,2.686465340078094,-6.3546274252978225,-4.3065123191384425,29.009510201964098,29.327422841305886,-61.62853513427502
2878,23.85793399999966,274.04255986237126,220.3270744055894,55.431335972161456,44.566158232039676,-7.444731479585555,0.20227272727272727,-0.6989512516929253,3.170206368835487,-7.352160682949415,-4.759141751453333,30.279606754222698,30.6513297493077,-62.70141771261653
2880,23.873490899999524,273.6193172484783,217.76408781837912,55.34572553435129,44.04773594508123,-8.102689161527174,0.20227272727272727,-0.7845616895030929,3.6886286557939343,-8.028177003489853,-5.2540403729690235,30.58337210152208,31.031396831933744,-53.820299173734185
2882,23.889574200000425,273.09970433730723,215.14535547186404,55.2406220136826,43.51803781135432,-9.407940574273589,0.20227272727272727,-0.8896652101717848,4.2183267895208445,-8.969476933655221,-5.51136131905686,29.92827341729039,30.431507575690148,-50.40454185992965
2884,23.90614640000058,272.5953714594362,212.82376100178155,55.13860922702232,43.04844256626945,-9.460150630783444,0.20227272727272727,-0.9916779968320597,4.687922034605712,-9.73549196797121,-5.226397877712847,27.222451137991918,27.719615450733055,-45.02703024328924
2886,23.921721799999432,272.2135641708046,210.95721244908594,55.061380025458206,42.67089069992875,-10.431872822106339,0.20227272727272727,-1.0689071983961753,5.065473900946415,-10.363078125984474,-4.508189639137645,22.750008379599574,23.19238355784672,-43.552431938788374
2888,23.937351700000363,271.9833012976626,209.62221515184717,55.014804126118115,42.40085715571454,-11.274806651165504,0.20227272727272727,-1.1154830977362664,5.335507445160623,-10.935724184193496,-3.5825579063488595,19.026593065009187,19.36093915113103,-48.806950178796725
2890,23.953459199999998,271.83104289421425,208.74927853793284,54.98400640360243,42.224285886081866,-11.240619951593496,0.20227272727272727,-1.1462808202519525,5.512078714793297,-11.516906056421318,-2.3734250463137783,14.115462775904378,14.313610160557388,-41.14484401207677
2891,23.958389499999612,271.78456583829967,208.40029418282305,54.97460536274698,42.153695868798295,-12.2711708653187,0.20227272727272727,-1.1556818611074036,5.582668732076868,-11.93499122193543,-1.3340655438001636,9.682144309896607,9.773620072052017,-36.99653464173231
2894,23.990080199999284,271.7673328654239,207.80796424855362,54.97111960232438,42.033883677548346,-12.366059991922551,0.20227272727272727,-1.1591676215300026,5.702480923326817,-12.185739530899745,-0.5819192946705074,6.09666087939044,6.124369677264726,-30.328766824806845
2896,24.005724399999963,271.7857703463253,207.64758181094476,54.974849001870346,42.001442684486555,-12.522298649676902,0.20227272727272727,-1.155438221984035,5.734921916388608,-12.491612969117693,-0.1254501903288,3.6330261120719274,3.6351913954082247,-23.529167849360135
2898,24.02192830000058,271.8483202413719,207.69970791012008,54.98750113973204,42.011986372728835,-12.528548195987076,0.20227272727272727,-1.142786084122342,5.724378228146328,-12.54506994319542,0.4645784584751347,0.02013079821428465,0.4650144009768694,-6.585558245019108
2900,24.037558699999863,271.87693740400175,207.80450063476337,54.99328961126399,42.03318308294077,-12.769987142683235,0.20227272727272727,-1.1369976125903918,5.703181517934389,-12.57763509898804,0.6223890264510319,-1.3716696268061086,1.506268789210303,-5.003457574569441
2902,24.053623399999196,271.9598016450011,208.10208201751695,55.010050787284314,42.093375680815925,-12.53845573570733,0.20227272727272727,-1.1202364365700674,5.6429889200592385,-12.578937705219747,0.7185027256401507,-2.480552745014486,2.582515844588611,-0.4868283996476065
2905,24.081647999999404,272.05388440146606,208.54243494203092,55.02908116302382,42.18244706781989,-12.52888577088566,0.20227272727272727,-1.1012060608305632,5.5539175330552695,-12.578989809469014,0.6851517340022493,-2.9528736697912916,3.031319153166321,0.3717874469116318
2907,24.09756070000003,272.1104444199891,208.8154764331445,55.04052171222507,42.23767591488605,-12.528811680835426,0.20227272727272727,-1.0897655116293095,5.498688685989116,-12.530754100670235,0.6753315060044663,-3.1497371004359147,3.22132215788249,0.82340257336777
2909,24.113474300000235,272.15875443030205,209.05246549942262,55.050293509765645,42.28561233965594,-12.528808717233417,0.20227272727272727,-1.0799937140887366,5.450752261219222,-12.514935023849173,0.5160122379380778,-2.76765088579644,2.8153436833451937,0.8407043810211648
2911,24.129470600000786,272.1841584495013,209.23755395791068,55.05543205001276,42.32305068694102,-12.528808598689338,0.20227272727272727,-1.0748551738416197,5.4133139139341395,-12.512141658736121,0.41252909837302704,-2.287216581843722,2.3241213284304547,0.8411532838915828
2914,24.150070499999856,272.2092888374678,209.4245825615372,55.06051524212417,42.36088147267457,-12.459360351602015,0.20227272727272727,-1.069771981730213,5.375483128200592,-12.5120299241316,0.3020829648254643,-1.7478345624149365,1.7737473820163783,0.23491000475237828
2915,24.161670800000138,272.21855908680834,209.46909501172217,55.06239036074078,42.36988512737108,-12.514918945320403,0.20227272727272727,-1.067896863113603,5.366479473504086,-12.51202545474742,0.1974000834681216,-1.2314516566650522,1.2471727930228125,-0.13831797414714686
2917,24.17791699999907,272.231950271905,209.5312477213747,55.065099032271696,42.382456925459884,-12.528253007812816,0.20227272727272727,-1.0651881915826849,5.353907675415279,-12.512024564822052,0.1378054224782109,-0.7870540192387679,0.7990271357496547,0.18388785513670838
2919,24.193843999999444,272.23908719350777,209.56513581339647,55.06654263686862,42.389311562255195,-12.528786370312513,0.20227272727272727,-1.063744586985763,5.347053038619968,-12.525914177694148,0.10349903789142041,-0.3825468624630639,0.3963005839319241,0.1963690441441502
2920,24.20928780000031,272.24086310697066,209.5741796137495,55.066901855728155,42.39114087641751,-12.528804149062504,0.20227272727272727,-1.0633853681262266,5.345223724457654,-12.498336881348393,0.07807168886468345,-0.24045027619059123,0.2528072861337575,0.36548561666252355
2922,24.22555040000043,272.2469112439903,209.55921882168454,55.06812522889804,42.38811471620437,-12.528808415962501,0.20227272727272727,-1.062161994956341,5.348249884670793,-12.497233789494562,0.00485183132623291,-0.05740762997910415,0.05761229249939592,0.3724932811840013
2924,24.242021199999726,272.2497211220609,209.56456657857697,55.068693590598684,42.3891964215758,-12.377032463591627,0.20227272727272727,-1.061593633255697,5.347168179299366,-12.483300017382911,-0.036954254162918046,-0.0038342159367031198,0.037152632646783104,0.5471911290523762
2926,24.25788300000022,272.23408672662293,209.55347960976945,55.06553117879418,42.386953830157914,-12.522737548543667,0.20227272727272727,-1.0647560450602,5.349410770717249,-12.482743377648443,-0.06595634472471673,0.04415384839416413,0.07937129038550714,-0.015271014966740964
2928,24.273678999999902,272.22484122058484,209.56617053957544,55.06366106507284,42.38952085914139,-12.459117509754247,0.20227272727272727,-1.0666261587815384,5.346843741733771,-12.482721112059064,-0.10393742772712107,0.032549928853075644,0.10891504373074824,0.09212060941145313
2930,24.28971619999902,272.2151882116625,209.55653815506136,55.06170852463173,42.38757249045559,-12.526020950390171,0.20227272727272727,-1.0685786992226483,5.3487921104195735,-12.499185797607364,-0.11538391531012661,0.027819474694272282,0.11869023163074426,-0.07208037110523564
2932,24.306000000000495,272.20595605339,209.54622868016253,55.05984111079935,42.38548716485106,-12.528697088015608,0.20227272727272727,-1.0704461130550342,5.350877436024106,-12.489337549091797,-0.08652019524859969,0.029716049555626883,0.09148107884720362,-0.0789021036703554
2934,24.321780399999625,272.2041831359052,209.55319752004922,55.059482497944465,42.386896771100865,-12.459355891333125,0.20227272727272727,-1.070804725909916,5.349467829774298,-12.488943619151172,-0.08744124649509025,0.1379389961515465,0.16331913007333676,0.5887813722981304
2936,24.337786699999924,272.1998265705058,209.54125914828677,55.058601283579584,42.384481964085275,-12.473496305965826,0.20227272727272727,-1.0716859402747971,5.351882636789888,-12.488927861953549,-0.06934597887540792,0.12697662543023727,0.14467870676723407,1.003175036031949
2938,24.353516499999387,272.1902616826293,209.51181693987095,55.05666656762274,42.37852660829208,-12.457147860051133,0.20227272727272727,-1.0736206562316397,5.357837992583086,-12.436393051978143,-0.015663377784921127,0.09677244591061585,0.09803187079290199,0.8199832280559552
2940,24.369669699999577,272.1877641578987,209.50649207589282,55.05616138648406,42.37744953353287,-12.525942164402046,0.20227272727272727,-1.0741258373703246,5.358915067342295,-12.419507910963167,-0.006831893655269663,0.1309670507403417,0.1311451224809377,0.737905367786003
2942,24.38544019999972,272.1997502439995,209.5082821509225,55.058585844808995,42.377811616891144,-12.266023038138583,0.20227272727272727,-1.0717013790453862,5.358552983984019,-12.42441523222033,0.022377123553010574,0.09935747472675038,0.10184617539497269,0.9830668258740781
2945,24.40623509999932,272.20195360946434,209.4998883674247,55.05903152555074,42.3761137834109,-12.374930186258236,0.20227272727272727,-1.0712556983036379,5.360250817464262,-12.432430128586242,0.07385540368497087,0.019754161033203436,0.07645160254432698,-0.2534346164939148
2946,24.41729569999916,272.2069291372294,209.50028108233468,55.0600379391214,42.37619321892679,-12.498032912251649,0.20227272727272727,-1.0702492847329808,5.360171381948376,-12.41886107600338,0.08096339051003792,-0.03213409671213769,0.08710723721015332,-0.7084753358019554
2948,24.43344959999922,272.21766215127707,209.50183145619573,55.06220893514468,42.37650681727595,-12.497222341880692,0.20227272727272727,-1.0680782887096996,5.35985778359921,-12.46478144866569,0.0563650102751114,-0.044744172727996676,0.071965654144364,-0.3819870162323976
2950,24.453320599999643,272.2180811946355,209.52076819068265,55.06229369618763,42.38033720220626,-12.458096901487728,0.20227272727272727,-1.0679935276667507,5.3560273986689,-12.489220615703768,0.025175898940548544,-0.06001303236509862,0.06507987354873308,-0.08119608283969118
2952,24.471828199999436,272.2208940211979,209.5286379472204,55.06286265428776,42.38192903932413,-12.495624901450135,0.20227272727272727,-1.0674245695666187,5.3544355615510355,-12.464767066815654,-0.005808612337829998,-0.055583456036684076,0.0558861392679185,-0.48967942101176665
2954,24.485589100000652,272.2117428880436,209.52827722216514,55.061011629627004,42.3818560744834,-12.497126021448631,0.20227272727272727,-1.0692755942273777,5.354508526391761,-12.449375106500755,-0.045143542788829386,-0.13447035568982935,0.14184574725692728,-0.0051089499151793505
2956,24.501863699999376,272.20659902754863,209.52707307437117,55.05997116693597,42.381612508225075,-12.375765167811071,0.20227272727272727,-1.0703160569184078,5.354752092650088,-12.462649076525658,-0.0648195621227199,-0.03519828842696218,0.07375971218740461,0.052200471324610725
2958,24.517589200000657,272.2017571200079,209.55924726581765,55.05899178109251,42.38812046967675,-12.420262540306194,0.20227272727272727,-1.0712954427618726,5.348244131198413,-12.469251080248528,-0.05284180957605618,0.042619365097660074,0.06788716462336476,-0.5986026050461457
2960,24.533648900000117,272.19428477727587,209.53514273530257,55.05748032994898,42.38324478054984,-12.524466751612248,0.20227272727272727,-1.0728068939054012,5.353119820325325,-12.484400902584945,-0.013672341905954755,0.11285578286440473,0.1136809599674941,-0.9197980758930108
2962,24.54966819999936,272.20146240917546,209.51113997869567,55.058932169128674,42.3783896775089,-12.52863492006449,0.20227272727272727,-1.0713550547257071,5.357974923366264,-12.515362120087776,0.005777316592928644,0.15913823752182754,0.15924307215250694,-0.7605540755385636
2964,24.565715799999452,272.20632843060275,209.4828577705801,55.05991643255374,42.37266895814007,-12.572875133130704,0.20227272727272727,-1.0703707913006397,5.363695642735095,-12.523184502597557,0.026922346284222548,0.23226725849345148,0.23382235157809741,-0.6766779362908517
2966,24.581840299999385,272.2089843178062,209.46321732220912,55.060453646101706,42.368696231083206,-12.53057125532523,0.20227272727272727,-1.069833577752675,5.367668369791957,-12.523497397897948,0.046021932298306,0.19458072554925623,0.19994918606422193,-0.38837576718120653
2969,24.60982680000052,272.2149953833227,209.4698866392203,55.06166952071754,42.370045252024106,-12.459374452855103,0.20227272727272727,-1.0686177031368445,5.366319348851057,-12.523509913709963,-0.028855395197432857,0.26743759144745616,0.2689897751796832,-6.037975745968189
2971,24.62752720000026,272.215116441194,209.4598088176612,55.061694007423334,42.36800678357238,-12.526031228114205,0.20227272727272727,-1.0685932164310472,5.36835781730278,-12.514692162048805,-0.0338595546494841,0.22064945632741118,0.22323228265339118,-36.17867847827889
2973,24.641851000000315,272.1950224600697,209.41255000178742,55.057629543059555,42.35844761399791,-12.528697499124569,0.20227272727272727,-1.0726576807948263,5.377916986877253,-12.946995111761604,-0.08566130864541799,0.8170136793548561,0.8214920645093324,-41.45512315586551
2974,24.64624999999978,272.19581219460724,209.4098849369703,55.057789284818284,42.35790854406899,-12.528786374824914,0.20227272727272727,-1.0724979390360971,5.378456056806172,-13.612084155315447,-0.17335784248140387,3.105414616790305,3.1102496497427157,-55.86572363946726
2977,24.677586199999496,272.1608478422131,208.90977054100733,55.050716949902196,42.25674904124921,-14.692086003889225,0.20227272727272727,-1.0795702739521857,5.479615559625955,-14.43941086158885,-0.35290757295606767,6.119280317429881,6.129448209939822,-70.60174138286011
2979,24.69378350000079,272.1292145959733,207.99739429681344,55.04431840691278,42.072200210037266,-15.78481967062432,0.20227272727272727,-1.0859688169416017,5.664164390837897,-15.606482201324162,-0.5504747453282204,9.65842163279549,9.674095868973806,-74.03150884051014
2981,24.70991680000043,272.0577203824632,206.78627703918073,55.02985707736187,41.82722421928883,-16.662664759481224,0.20227272727272727,-1.1004301464925135,5.909140381586333,-16.787148102129088,-0.7603677550214709,13.189113461654728,13.211013323257166,-55.48733401062804
2983,24.72573249999914,271.9582946424342,205.35046906665778,55.009745961765105,41.536799424846684,-18.364054197801124,0.20227272727272727,-1.1205412620892758,6.199565176028479,-17.53569857056954,-0.7115930894846537,15.973126870034358,15.988969533125514,-59.75474557145864
2985,24.741762499999822,271.87800292748125,203.94173082423447,54.99350513760416,41.251850098538334,-18.432115878849544,0.20227272727272727,-1.1367820862502214,6.484514502336829,-18.472974085400907,-0.6830250930314739,18.19700567884113,18.209819849561583,-58.224724262237046
2987,24.758059499999945,271.8794677732996,202.5601046288462,54.99380143596287,40.972384799925706,-18.43483834609148,0.20227272727272727,-1.136485787891509,6.763979800949457,-19.25097145365041,-0.5748272321613817,19.486571037912462,19.49504750346721,-50.34670134819411
2989,24.773947699999553,271.8596580505285,200.79172898955923,54.98979446931144,40.61469063652448,-20.47119724478116,0.20227272727272727,-1.1404927545429402,7.121673964350684,-20.274224649161642,-0.6510886077777517,20.817374322499425,20.82755362634403,-49.48053993237061
2991,24.790669699999853,271.83027892112676,199.00337290864923,54.98385187268246,40.252954974704046,-20.552651600728748,0.20227272727272727,-1.1464353511719239,7.483409626171117,-20.839291251591465,-0.7519711302014086,21.76461709535494,21.77760358460207,-41.04846442684981
2993,24.806227400000353,271.7031470865011,197.07919697469828,54.958136569769536,39.86374666079124,-23.480320175357278,0.20227272727272727,-1.1721506540848452,7.87261794008392,-21.50825329068866,-0.8903238640711915,22.683043871456125,22.70051003518066,-35.89553667840402
2995,24.822528599999714,271.5808462595567,195.2649328736628,54.93339844795579,39.49677051308179,-21.257448890998667,0.20227272727272727,-1.1968887758985929,8.239594087793371,-21.774121147252547,-0.611752194824347,23.321065424560672,23.329087707934736,-21.460042244191136
2997,24.839852200000678,271.52315744444496,193.40298141556585,54.92172957399001,39.12014851360309,-21.779648541577448,0.20227272727272727,-1.2085576498643746,8.616216087272072,-22.1547907550077,-0.5035702817506112,22.160201728292108,22.165922576497078,-17.412313668669686
2999,24.853615300000456,271.6007706129829,191.65406970028926,54.93742860126245,38.76639137119487,-21.8005365276006,0.20227272727272727,-1.1928586225919346,8.969973229680292,-22.047794638927282,-0.13649472488289172,21.830764454495824,21.83119116030088,-10.948275976772862
3000,24.865616499999305,271.61177865178087,190.7149662470938,54.939655227292036,38.57643635452579,-22.455999639504498,0.20227272727272727,-1.1906319965623453,9.159928246349374,-22.21044887631532,0.14345863789275037,20.79381856950789,20.794313431378235,-9.994570633451321
3002,24.881373000000167,271.625993276332,188.89451411053614,54.942530458167155,38.20820853599481,-22.945339594955183,0.20227272727272727,-1.1877567656872259,9.528156064880356,-22.378706022373336,0.12750684255596975,20.351785944061778,20.352185364422393,-6.266518638706699
3004,24.9013259000003,271.61437329803243,187.18526923823174,54.94018005346565,37.86247491409687,-22.070720077938834,0.20227272727272727,-1.1901071703887283,9.873889686778291,-22.608986112903157,-0.09938973986342209,18.521993092020296,18.522259754717773,-5.902451355697629
3006,24.91750839999986,271.5541034397696,185.62278442840267,54.92798910486249,37.54642685029054,-22.620934271867554,0.20227272727272727,-1.2022981189918909,10.189937750584626,-22.66293512810988,-0.180077515179421,18.328866055840948,18.329750647633798,-3.116494752592869
3008,24.933375599999636,271.55458805373075,184.32418613462428,54.928087129050084,37.283755831776276,-22.951936980249705,0.20227272727272727,-1.2022000948042972,10.452608769098887,-22.510697825046275,-0.05433337850968856,16.4140401674117,16.414130093715748,-2.3031084390340415
3010,24.94954770000004,271.537166102113,183.13591085674165,54.92456314338195,37.043400150568196,-22.725744715538116,0.20227272727272727,-1.2057240804724287,10.692964450306967,-22.504607112220604,0.3104297108496028,14.85046319693614,14.853707408217415,1.4589649721827778
3012,24.965620099999796,271.6016232659035,182.0397120036196,54.937601069694125,36.821669018913965,-22.184153079637152,0.20227272727272727,-1.1926861541602563,10.914695581961197,-22.610872272770077,0.686315455593333,12.121725567904118,12.141139141290108,2.5830933995307785
3014,24.9816052999995,271.73644636378697,181.28818756663247,54.964872105402364,36.669656121432475,-22.040266513810487,0.20227272727272727,-1.1654151184520174,11.066708479442688,-22.49467292802018,0.8821339826825189,9.197692063736739,9.239897167324381,-3.251467816869805
3016,24.997942100000728,271.8273961533519,180.81275335346874,54.98326876738255,36.573488746497084,-23.152260074614922,0.20227272727272727,-1.1470184564718338,11.162875854378079,-22.457313040167687,0.9344727414277966,6.251372356943982,6.320830297487422,-6.120379785381941
3018,25.014278200000263,271.9069692938863,180.6565443074922,54.999364243536085,36.54189191674274,-22.370940256500223,0.20227272727272727,-1.1309229803182959,11.194472684132421,-22.777146769653587,0.8202163774409155,3.005209553925335,3.1151307145650264,-3.6464000246694503
3020,25.031198599999698,271.9106322666589,180.64560536168653,55.000105163028735,36.53967926634114,-22.538945276275637,0.20227272727272727,-1.1301820608256463,11.196685334534024,-23.013489923520524,0.6472525925088309,0.1953964499448917,0.6761033139694476,-6.873617853046223
3022,25.04563749999943,271.9277584039953,180.81942691133833,55.003569313535415,36.57483862524798,-23.783321727066653,0.20227272727272727,-1.1267179103189662,11.161525975627185,-22.930347214128325,0.6666684623548036,-2.0267940962689996,2.133621603604863,-6.16362706419655
3024,25.06180040000072,271.99497563816476,181.18215938764712,55.0171655268106,36.648209512501346,-23.22198228314517,0.20227272727272727,-1.1131216970437805,11.088155088373817,-23.073662130752638,0.6598204311384167,-3.4187035705797264,3.4817950980553487,0.9968674738623378
3026,25.07825860000048,272.0945002779224,181.60725021136173,55.03729664712522,36.73419379275271,-22.736546527653935,0.20227272727272727,-1.0929905767291643,11.00217080812245,-22.977598766738637,0.832274811906753,-4.064632076322386,4.148965567271348,8.434372461621376
3028,25.09451430000081,272.1709300710811,182.0111157892721,55.05275630983231,36.81588478464822,-23.087514839621786,0.20227272727272727,-1.07753091402207,10.920479816226944,-22.713864142334323,0.886961413777236,-4.159613909474168,4.253126899755131,9.209572434894653
3029,25.106521800000337,272.2247164655242,182.19507402178093,55.06363583052648,36.85309451804205,-22.05862845620561,0.20227272727272727,-1.066651393327902,10.883270082833114,-22.43505499173315,0.8493967528911737,-3.7172622334048144,3.81307138088442,14.207286681797356
3031,25.125912600000447,272.27392865971046,182.47403561696188,55.07359011525961,36.90952084070366,-22.464648605045102,0.20227272727272727,-1.0566971085947685,10.826843760171506,-22.248239295630977,0.7237315712661156,-3.0655482130144276,3.149821143106902,13.686505831561526
3033,25.141867099999217,272.325464428561,182.65763606852838,55.08401439577712,36.946658204770515,-21.827936530139304,0.20227272727272727,-1.0462728280772637,10.789706396104648,-21.991026189271267,0.6166002067927976,-2.352472635585594,2.431938180998019,12.126176891494193
3035,25.157779299999675,272.37225879363075,182.8122824071761,55.093479619620766,36.97793894145153,-21.802468047143073,0.20227272727272727,-1.0368076042336156,10.758425659423636,-21.93958356799932,0.45477056131759874,-1.8288814444167423,1.8845751779042919,7.5690150880428915
3037,25.17352860000028,272.4046004794115,182.92596029266042,55.10002146060823,37.000932877379036,-21.801449307823226,0.20227272727272727,-1.030265763246149,10.735431723496127,-21.806935286976568,0.3581086488644501,-1.3246825917561291,1.372233862464142,5.644853081881746
3038,25.185760599999412,272.4104610329388,182.95504277702253,55.10120689075354,37.00681547080683,-21.801415349845897,0.20227272727272727,-1.0290803331008433,10.729549130068335,-21.80162935573566,0.21400494897688707,-0.8733968201274914,0.899233075234343,2.420626495700257
3040,25.201559299999644,272.41280744004695,182.98542278617379,55.10168150491859,37.01296051811242,-21.801407199931337,0.20227272727272727,-1.0286057189357933,10.723404082762741,-21.80141711848602,0.0720331056086192,-0.4570787508978419,0.4627199507541834,0.1472056313502943
3042,25.21751089999998,272.4075124248418,182.99104372760266,55.10061046775209,37.01409748126508,-21.801406873934756,0.20227272727272727,-1.0296767561022904,10.72226711961008,-21.801408628996036,-0.0379284851412651,-0.1217601477477054,0.12753079457391542,-1.6033873320554495
3044,25.233609799999613,272.3983580916161,182.98183063672272,55.098758795804166,37.01223392424619,-21.801406860894893,0.20227272727272727,-1.0315284280502155,10.724130676628974,-21.93236030023797,-0.16513890067137685,0.10335707214471615,0.1948166853153983,-1.835296279351739
3046,25.249459799999386,272.38782386388027,182.96485829602076,55.09662800883033,37.0088008826042,-21.801406860373298,0.20227272727272727,-1.033659215024052,10.727563718270964,-21.937598367087645,-0.22516382835236326,0.3082780745118718,0.38175138614422827,-2.7452683649372434
3048,25.265607999999702,272.3447822806771,182.91339202240755,55.08792187040969,36.99839065907789,-22.45617370605556,0.20227272727272727,-1.0423653534446942,10.737973941797271,-21.949318247964758,-0.20050962259022986,0.32297792689860066,0.3801563494340115,-2.8874309337251614
3050,25.2814987999991,272.32356419710777,182.86345487554598,55.083630030778615,36.988289736189984,-21.827597534179723,0.20227272727272727,-1.0466571930757667,10.74807486468518,-22.021405695543592,-0.22309894458227839,0.37646729004870516,0.43760799758498753,0.37575484928311087
3053,25.30179709999902,272.329196716123,182.86323174923035,55.084769335761244,36.98824460382159,-21.860006278320313,0.20227272727272727,-1.045517888093137,10.748119997053571,-22.035823185076744,-0.19682190227825905,0.343907156937921,0.3962461278164828,0.5318583863336401
3055,25.317732199999227,272.3112375602606,182.83304286567454,55.081136688325444,36.98213821601144,-22.161844098789064,0.20227272727272727,-1.0491505355289377,10.75422638486372,-21.905446515517447,-0.09529053766515017,0.2711685065413401,0.28742415609752464,0.09804401442044908
3056,25.32932020000044,272.3110628690691,182.82996100328387,55.0811013530617,36.9815148393006,-21.873494308039064,0.20227272727272727,-1.0491858707926838,10.754849761574562,-21.900231448735077,-0.008042741897895313,0.09203095499521624,0.09238172099808316,1.7518770004066382
3058,25.345442300000286,272.3085535203813,182.80756599837417,55.08059378025894,36.97698494058023,-21.804290358259063,0.20227272727272727,-1.0496934435954444,10.759379660294933,-21.94690238043878,-0.007557981045934003,0.03718543610056325,0.03794574726474326,2.0550233757479917
3060,25.36412879999989,272.323903430473,182.8315893604941,55.08369864843659,36.98184421155449,-21.801522200267865,0.20227272727272727,-1.0465885754177933,10.754520389320675,-21.877150565363177,0.0538957859935766,-0.059961305818996426,0.08062328412676217,0.42604843636853407
3062,25.381912700000612,272.32905133745146,182.85550407441076,55.084739929620866,36.986681505960355,-22.09336093683884,0.20227272727272727,-1.045547294233515,10.749683094914808,-21.862826501130154,0.06848025924694666,-0.07746371752510223,0.1033932949438108,0.1557227368595827
3064,25.397459399999207,272.3351466259491,182.86338454725322,55.08597284024879,36.9882755106944,-21.813085023411055,0.20227272727272727,-1.0443143836055881,10.748089090180763,-21.862253538560836,0.04905695599968879,-0.04814640740841475,0.0687361729971378,0.7332175596004831
3066,25.4133211999997,272.34062592437573,182.86602856606368,55.08708115288509,36.98881032359015,-21.801873986873943,0.20227272727272727,-1.0432060709692905,10.747554277285012,-21.87655435052681,0.011545479812016389,-0.041716528083658055,0.043284718082070364,-0.8511900363448972
3068,25.428748799999084,272.33081747110356,182.83341793833307,55.0850971702914,36.98221408298101,-21.80142554541246,0.20227272727272727,-1.0451900535629832,10.754150517894153,-21.876668018847074,0.009105535815018502,-0.008092586558756408,0.012181984226288817,-1.032564826246943
3070,25.44584550000036,272.3290085351813,182.85268008995683,55.08473127188894,36.98611029092309,-21.873026260097753,0.20227272727272727,-1.04555595196544,10.750254309952076,-21.948291217923636,-0.004017265812410083,-0.016960317770085206,0.017429595619802164,-1.948687756825777
3073,25.47409289999996,272.3354816206364,182.8671875577868,55.08604060053782,36.98904475600688,-22.093929278440157,0.20227272727272727,-1.0442466233165604,10.747319844868287,-21.9511561458867,-0.009617342975208156,-0.008333244452771877,0.012725417439614266,-2.662289629775289
3075,25.489538800000446,272.3365269884968,182.8784027135726,55.08625204994595,36.99131327615446,-22.17120101879386,0.20227272727272727,-1.0440351739084335,10.745051324720706,-22.021338614098973,0.02567658901212993,-0.11631662600470428,0.11911693711817846,-2.113991549996327
3077,25.50619039999947,272.3399740531141,182.87762737296742,55.08694929710717,36.99115644589568,-21.816198626689257,0.20227272727272727,-1.0433379267472134,10.74520815497948,-22.09576456517121,0.018658388703226284,-0.10432078823446553,0.10597623472675788,-0.3932586839859713
3079,25.522018699999535,272.34371999697197,182.88641947509268,55.087706999387514,36.99293484837102,-22.152337886473823,0.20227272727272727,-1.0425802244668674,10.743429752504142,-22.05248805330998,0.006749038578060753,-0.08148468630663926,0.08176370603280869,-1.2639919902671601
3081,25.538082900000518,272.3392334305969,182.89975489303558,55.08679948937073,36.99563223972765,-22.245156015458953,0.20227272727272727,-1.043487734483648,10.740732361147515,-21.981574815972813,0.017713119612291228,0.005723983759255168,0.018615009977852634,-0.5573429481201132
3083,25.553521899999396,272.33822632036936,182.89896901766775,55.086595778438344,36.995473278573705,-21.877546719133985,0.20227272727272727,-1.0436914454160373,10.740891322301458,-22.05035693882308,0.013637723616580551,0.009491665950969758,0.01661563203633968,0.9603424233563693
3084,25.55777920000037,272.3396682744283,182.89288266579388,55.086887446418444,36.994242175581036,-21.81663483210805,0.20227272727272727,-1.043399777435937,10.742122425294127,-22.05465900498709,-0.006280713454491931,0.04901786871407545,0.04941860798087875,0.2750090898214502
3086,25.58527999999933,272.3425908088998,182.88904090727374,55.087478595436544,36.99346509260764,-22.160109240940574,0.20227272727272727,-1.0428086284178377,10.74289950826752,-21.96888870482115,0.007700120821437488,0.10332458308795031,0.10361110621436045,-0.7604250512919348
3088,25.601281699999163,272.3384990990181,182.8822948311797,55.08665095411958,36.99210054539771,-22.173848217293873,0.20227272727272727,-1.0436362697348045,10.744264055477451,-21.97997058812701,-0.04475242689947795,0.1349157463149925,0.14214442766821545,-0.9213266846907496
3090,25.617446399999608,272.339570881799,182.87401397138234,55.0868677465457,36.99042555330234,-21.81630451462926,0.20227272727272727,-1.0434194773086816,10.745939047572826,-21.992301118446957,-0.09713941243840718,0.0390755018248874,0.10470415603855347,0.1537720355633152
3092,25.63380099999995,272.3172990010353,182.86041009867526,55.08236275248213,36.987673860868405,-21.932956135663296,0.20227272727272727,-1.047924471372248,10.748690740006758,-22.078319730284758,-0.15129350362652366,0.1117193420338145,0.18807162365454647,-3.7726797899111912
3094,25.6494203000002,272.30236292584596,182.87508376715354,55.07934159181884,36.9906419438106,-21.878287483707783,0.20227272727272727,-1.0509456320355426,10.745722657064562,-22.010141822414518,-0.10572022870192042,0.10251646678321301,0.14726300526099545,-6.552263760591732
3096,25.665500099999917,272.2825466696818,182.84396313644808,55.07533330364018,36.98434708896336,-22.590202300129565,0.20227272727272727,-1.0549539202142029,10.752017511911802,-22.27567447172471,-0.21015558027108994,0.1512833658756375,0.2589440571045038,-7.797571675719221
3098,25.681549700000687,272.29652307371543,182.84084793864275,55.07816034900153,36.98371696940728,-21.832958677942685,0.20227272727272727,-1.0521268748528527,10.75264763146788,-22.509845582384617,-0.2571982762857229,0.21173943806411155,0.333143427004125,-8.151201533742222
3100,25.697484199999963,272.25644391647245,182.81347638178528,55.0700534285592,36.97818044995202,-23.14396776118021,0.20227272727272727,-1.0602337952951828,10.758184150923142,-22.621217309623514,-0.21362068266012052,0.3214724945495056,0.38597715063466886,-10.434310962395264
3102,25.713929100000314,272.2149260602092,182.77522181335132,55.06165549854232,36.970442594064245,-23.103811688962836,0.20227272727272727,-1.0686317253120592,10.765922006810918,-22.73678790136932,-0.24423826435275114,0.4166068143697866,0.4829219062678625,-7.185462580987539
3104,25.729235400000107,272.21677722385584,182.74808305431347,55.06202993846175,36.96495316325886,-22.435146119902264,0.20227272727272727,-1.068257285392633,10.771411437616301,-22.844706020991833,-0.273666875160527,0.3605477476527245,0.4526458183807514,-2.276417991939892
3106,25.745271499999944,272.184878074782,182.6793359480357,55.0555776105809,36.95104749857995,-23.168055258858594,0.20227272727272727,-1.074709613273484,10.78531710229521,-22.849022745776733,-0.1821243807660189,0.32173622257433365,0.3697072990702334,-2.2244812821304514
3109,25.76595660000021,272.18784384000514,182.7039849664427,55.05617750400104,36.956033322757726,-22.372549276055246,0.20227272727272727,-1.0741097198533396,10.780331278117437,-22.6431075610446,0.034199738488009154,0.0914512015438953,0.09763679827027498,3.0756587287122574
3111,25.782400599999164,272.1836934412943,182.6915143573387,55.05533799153452,36.953510858643504,-23.165551385104713,0.20227272727272727,-1.0749492323198595,10.782853742231659,-22.75377012357719,0.07366418780600531,-0.04517062170875939,0.0864106337823897,0.9669473348385456
3112,25.793653299999278,272.2154561362025,182.72939332932492,55.061762718459136,36.96117274161345,-22.074235765302195,0.20227272727272727,-1.0685245053952457,10.77519185926171,-22.534646821390997,0.17010436191615028,-0.27371785211092037,0.32226845409862304,-2.9096622302770476
3114,25.81280390000029,272.23645413717475,182.76011325953544,55.06601004138307,36.96738654567876,-22.988458932565216,0.20227272727272727,-1.064277182471308,10.768978055196406,-22.87158488436649,0.10412693875598886,-0.03190767824561638,0.10890601133876511,-16.367694200559697
3116,25.830321400000685,272.24336839517014,182.78398016221706,55.06740860720487,36.97221416917572,-22.07243874792761,0.20227272727272727,-1.0628786166495132,10.764150431699441,-23.21584292446364,-0.06104366154105767,0.39314254318915565,0.39785347538959154,-23.962836813348787
3118,25.84575229999973,272.2204145347079,182.7101325263129,55.06276566724774,36.957276806458744,-24.05723959093273,0.20227272727272727,-1.0675215566066427,10.77908779441642,-24.100579761900427,-0.6460831263278208,1.2381556454229439,1.39658612638757,-39.01044366338466
3120,25.86174100000062,272.15109928793584,182.5300161793179,55.04874508324156,36.92084418172566,-24.886841585590435,0.20227272727272727,-1.081542140612818,10.8155204191495,-24.815360592819776,-0.8835339890210467,1.950317745780663,2.1411145740623994,-41.810531891453856
3122,25.877851699999155,271.9635872296659,182.24772848160532,55.01081650781879,36.8637450792338,-26.49791995248612,0.20227272727272727,-1.1194707160355932,10.872619521641361,-25.713775081564478,-0.7884948179326163,2.572493513372599,2.6906220385350834,-49.10299659971693
3124,25.89372650000041,271.8878151442369,181.99373353364038,54.995489881447924,36.81236882839544,-26.56236308716195,0.20227272727272727,-1.1347973424064577,10.92399577247972,-26.21533251072364,-0.6008773222658185,3.2855664166439635,3.34005991482069,-48.03885550637335
3125,25.905646699999124,271.92052403752405,181.8266461214472,55.00210599849918,36.77857160183818,-26.564511191651142,0.20227272727272727,-1.128181225355199,10.957792999036982,-26.88422928054626,-0.3773267490646777,3.9310312095244777,3.9490988650343,-55.818138195019046
3127,25.92164799999955,271.97093149502103,181.4680214693214,55.01230205240198,36.70603161538546,-26.565026736728548,0.20227272727272727,-1.1179851714524034,11.0303329854897,-27.71653202633916,0.09514016045513343,4.562160557215472,4.563152484844663,-62.590413833434006
3129,25.937787999999273,271.99014946599743,181.0286819982657,55.01618932380403,36.61716522237647,-28.231325434703518,0.20227272727272727,-1.1140979000503535,11.119199378498692,-29.065864893422095,0.30885717914396915,5.693498212017651,5.701869399359912,-70.60151138977403
3131,25.953518500000428,271.99077838459357,180.5076453241714,55.0163165368837,36.511773713298304,-30.659433681450643,0.20227272727272727,-1.1139706869706814,11.22459088757686,-30.47573390824493,0.24217121930846375,6.699359666612328,6.703735290276116,-95.5441074861599
3134,25.976305800000773,272.0023950701267,179.50578952883836,55.01866627554835,36.30912560924231,-33.309027422576605,0.20227272727272727,-1.111620948306033,11.427238991632855,-32.108445197158154,0.14094465730491468,7.504066856223476,7.505390381525433,-100.16946095026113
3135,25.985529800000222,272.0125006230004,179.14714974427014,55.02071035328871,36.23658256190919,-33.61385626576532,0.20227272727272727,-1.1095768705656681,11.499782038965975,-33.77639842410531,0.053563754767516056,8.205521633232602,8.205696457295566,-96.20348957721338
3137,26.00190079999993,272.02310871203326,178.4545932823567,55.02285608038854,36.09649727756761,-34.728583181294674,0.20227272727272727,-1.1074311434658384,11.639867323307556,-35.00653931055369,-0.15884604503576033,9.524775999396011,9.526100456361657,-139.72523125953703
3139,26.017551599999933,272.00793881659683,177.7571956876302,55.01978762426618,35.95543276408883,-36.57109156943929,0.20227272727272727,-1.110499599588202,11.78093183678633,-36.0046210588776,-0.1878353679172039,8.629604208135861,8.63164821540572,-140.39322426332808
3140,26.022142499999973,271.9840174800281,177.45541983255208,55.01494899027841,35.894391738857124,-36.810138113692545,0.20227272727272727,-1.1153382335759687,11.84197286201804,-37.41510698937404,-0.3469992433188061,8.572921084699567,8.579940815608825,-124.98051628335354
3142,26.04918700000053,271.978424615451,176.8648303929769,55.01381770630713,35.77493160221578,-38.299436164196145,0.20227272727272727,-1.1164695175472517,11.961432998659383,-39.443174574646804,-0.6965901941864617,9.151914041467302,9.17838594312982,-126.28302557477225
3144,26.065423199999714,271.93233302650276,176.25629761184132,55.00449463490624,35.65184201694063,-40.66628591824754,0.20227272727272727,-1.1257925889481442,12.084522583934536,-41.12790762962021,-0.6528135899840622,8.881097615027294,8.90505813742456,-133.5178702111712
3147,26.085482599999523,271.77198633604644,175.12061374671214,54.97206087251848,35.42212414422132,-44.86892110765848,0.20227272727272727,-1.1582263513358981,12.314240456653842,-42.76583806163616,-0.25637592878674886,7.288777952625445,7.293285450298791,-93.4580605779355
3149,26.10184870000012,271.77383317615426,174.50090269327595,54.97243443790393,35.29677349932172,-44.99475684430634,0.20227272727272727,-1.1578527859504533,12.43959110155344,-44.40156682676836,0.10683442759771616,7.050081625033739,7.050891044014118,-80.96067083855728
3151,26.1175475,271.84587472060434,174.0868817891183,54.987006477576784,35.21302836188984,-44.999790273772255,0.20227272727272727,-1.143280746277597,12.523336238985323,-46.08033557698302,-0.0068561041692482005,6.548398879872269,6.548402469005457,-69.33512906181957
3153,26.133499999999913,271.9858009774108,173.83264149182477,55.01530974315809,35.161602483573645,-46.47807998985714,0.20227272727272727,-1.1149774806962895,12.574762117301518,-46.27979081565745,0.365839991303718,4.8363231870758625,4.850140293752824,-63.575350738740326
3155,26.149721300000238,271.8941645172649,173.42582988053152,54.99677418644677,35.07931558947115,-49.06012966932085,0.20227272727272727,-1.1335130374076101,12.657049011404013,-47.020070783016926,0.3868244410984906,3.8025954967204756,3.822219991040547,-41.71392846593841
3157,26.165834800000084,271.9138087900195,173.19548624711086,55.00074768707213,35.032723354529246,-45.866197301030645,0.20227272727272727,-1.1295395367822536,12.703641246345917,-47.871751720116,0.09514471436762918,2.9807020265826463,2.9822201608777967,-18.97211074470629
3159,26.181649899999684,271.92379700933714,173.00075949353283,55.0027680314341,34.99333544301005,-48.69615668110373,0.20227272727272727,-1.12751919242028,12.743029157865116,-47.723707256930965,0.10834804707496293,1.98719296025584,1.9901445074655577,-23.146697634922752
3160,26.193272500000603,271.89333328553744,172.93036946933046,54.996606050938254,34.97909746084184,-49.25819495926763,0.20227272727272727,-1.133681172916127,12.75726714003332,-47.644987744281885,0.2462949215206731,0.9287508036400556,0.9608533934107345,-14.73446092257857
3163,26.213704399999187,272.07921874289536,173.10651938761282,55.03420560935838,35.01472778522168,-45.737857673931956,0.20227272727272727,-1.0960816144960006,12.721636815653483,-48.32692294815093,0.022715204903572345,0.3514927242995802,0.3522259442025132,4.531931722538635
3164,26.22546770000008,272.0528781110168,173.1192812140907,55.02887761791022,35.01730915466835,-48.66653210607546,0.20227272727272727,-1.1014096059441627,12.719055446206816,-48.368978009588965,-0.23753214452216165,-0.2659631761868835,0.3565921069916051,-8.239950912061923
3166,26.241461999999956,271.98398153293954,173.11886903156915,55.01494171916277,35.01722578138558,-49.27587332037584,0.20227272727272727,-1.1153455046916108,12.719138819489586,-47.673596297267196,0.1682776245719708,-0.923567560268175,0.9387728145357077,2.2350805689606332
3167,26.245553599999766,271.9602440404615,173.13094024983565,55.01014027182062,35.01966745962584,-48.90643198829392,0.20227272727272727,-1.120146952033764,12.71669714124932,-47.896582182568324,-0.1221857560736509,-0.795900610249769,0.805224900498764,17.83048009248627
3168,26.257700800000748,272.05025693296693,173.25483055196088,55.0283474250774,35.04472708891936,-45.78128639765878,0.20227272727272727,-1.1019397987769821,12.691637511955804,-47.178098058156735,0.4044324019208423,-1.332923007049437,1.3929283220773332,25.261889286496142
3170,26.27686139999969,272.08700336299796,173.35955293183642,55.035780225697316,35.065909570303276,-46.8527871004376,0.20227272727272727,-1.0945069981570654,12.670455030571887,-46.3235162859537,0.9323867997785871,-1.8171463153565743,2.042392194416961,15.61497198225534
3172,26.293466099999932,272.26597390403504,173.59798971265872,55.07198108513436,35.11413882824233,-45.07411148401751,0.20227272727272727,-1.0583061387200203,12.62222577263283,-45.765898271356846,1.2340342777520839,-1.8280291455065176,2.2055682160133694,31.80476422178228
3174,26.309490100000403,272.4060715348958,173.78937707310564,55.10031901501301,35.152851271605456,-45.0029644593607,0.20227272727272727,-1.0299682088413746,12.583513329269707,-45.84213631113194,1.0439063725450657,-1.610698506219185,1.9193983933975018,20.139498895151608
3175,26.321741600000678,272.42634698528644,173.8288178095362,55.10442018566021,35.16082905692891,-46.11834191530964,0.20227272727272727,-1.0258670381941712,12.575535543946252,-45.518077954905785,1.2136193859112996,-1.7842025644649673,2.157834749211136,0.1122242149325654
3177,26.33751470000061,272.4690981636312,173.90495243450715,55.11306758309813,35.176229015161674,-46.16247659653426,0.20227272727272727,-1.0172196407562524,12.560135585713489,-45.505115620656746,0.8802008494718638,-1.363741052768782,1.6231275964685885,-4.055305260927119
3178,26.341530699999566,272.49364783192345,173.94412598704474,55.118033311457246,35.18415275647041,-45.23249531930685,0.20227272727272727,-1.012253912397135,12.552211844404752,-45.72814571127116,0.5338148625781568,-0.9008910440282907,1.0471690315893227,-0.12374810304426198
3180,26.358379299999797,272.53638430053036,174.01095031803794,55.12667773351637,35.197669496148585,-45.00929981277228,0.20227272727272727,-1.0036094903380146,12.538695104726578,-45.5134222475087,0.48676116417161813,-0.8174744242958394,0.9514204461348952,-4.838065600375353
3182,26.37386289999995,272.5391812148281,174.01873172764104,55.12724347299932,35.19924346309103,-46.118114912432766,0.20227272727272727,-1.0030437508550634,12.537121137784133,-45.28271591206173,0.3874265464904375,-0.6507975567461025,0.7573881361575474,-4.970756385232888
3184,26.38989020000008,272.5470636177969,174.03727970361965,55.128837868145276,35.20299521277761,-45.04472459649731,0.20227272727272727,-1.0014493557091058,12.533369388097555,-45.23657464497234,0.15030742612640405,-0.3062656154492584,0.34116117826513825,16.496163716920883
3185,26.401545999999144,272.550034947418,174.04551758825843,55.12943888709137,35.20466151217045,-45.008944919299466,0.20227272727272727,-1.0008483367630134,12.53170308870471,-45.234728994288766,0.04168490850579798,-0.1546940171704379,0.16021195506411026,14.062356826558478
3186,26.405863100000715,272.55112110257716,174.05086151376383,55.129658586657655,35.205742442556776,-45.001788983859896,0.20227272727272727,-1.0006286371967263,12.530622158318387,-45.011106584277044,0.01931215360617162,-0.12632463734084207,0.1277923052308066,11.104310771097813
3188,26.42141249999986,272.5488112188134,174.05427385346033,55.129191360169074,35.206432665813566,-45.000071559354396,0.20227272727272727,-1.0010958636853076,12.529931935061597,-45.00216168787659,-0.020111045923601946,-0.062175819770740076,0.06534743095412994,10.533024630421064
3190,26.437703400000828,272.5427445335733,174.05103673101462,55.127964235200054,35.205777884227956,-45.000002862374174,0.20227272727272727,-1.0023229886543277,12.530586716647207,-45.00037270859649,-0.04498581465895858,-0.018769830799201262,0.048744538860890016,10.501614149170981
3192,26.453615099999297,272.5350640351794,174.04421972580315,55.126410679843104,35.204398989992,-45.000000114494966,0.20227272727272727,-1.003876544011277,12.531965610883162,-45.00001491274047,-0.09102793908279073,0.06995876842887822,0.11480555288724352,0.14179628633299704
3193,26.46467759999905,272.53108198779876,174.04016870098204,55.125605220259295,35.20357957815318,-45.000000022898995,0.20227272727272727,-1.0046820035950859,12.532785022721981,-45.000000601052776,-0.0982135579838878,0.0937611292790518,0.13578310769583068,-3.89117297896847
3194,26.469079399999828,272.52717967663716,174.03596304316542,55.12481588913797,35.202728888276646,-45.0000000045798,0.20227272727272727,-1.005471334716411,12.533635712598517,-45.00000002858527,-0.0969019707516882,0.1021256461926712,0.14078224158547728,-4.36673077516071
3195,26.480491000000256,272.52345751681554,174.03175305937535,55.124062997719506,35.20187732337365,-45.00000000091596,0.20227272727272727,-1.0062242261348757,12.534487277501512,-45.22354858967095,-0.12188256085769955,0.1410556145916794,0.18641900399118977,-4.39204140030376
3197,26.50020450000011,272.5167554014416,174.02375981187745,55.122707342564325,35.20026050740248,-45.000000000036636,0.20227272727272727,-1.0075798812900558,12.53610409347268,-45.26825830188808,-0.12076217479711548,0.1436532191762045,0.18766925758209765,-4.398770255668948
3199,26.517389500000718,272.49784858893287,173.99985992720718,55.118883010034146,35.195426212548725,-46.11774291992334,0.20227272727272727,-1.011404213820235,12.540938388326438,-45.270046689644,-0.08547743542977104,0.10657838705000376,0.13662117168957047,-4.398832405060526
3200,26.528445800000554,272.49417497682305,173.9951012427881,55.118139938493755,35.19446366047305,-45.223548583984666,0.20227272727272727,-1.0121472853606264,12.541900940402115,-45.270404367195184,-0.06693391342138358,0.08667795578854189,0.10951354612823792,11.097384718333553
3202,26.54428150000058,272.4939482224284,173.99448390488374,55.11809407226393,35.194338789851486,-45.00894194335939,0.20227272727272727,-1.012193151590452,12.542025811023677,-45.270407228609734,-0.0506336957638604,0.06791932374650653,0.08471602968086937,11.873227872726599
3203,26.548142999999982,272.4944587352946,173.99495886684593,55.118197335093676,35.19443486170293,-45.001788388671876,0.20227272727272727,-1.0120898887607055,12.541929739172232,-45.046859216909446,-9.436458539557879e-05,0.006037451290617845,0.006038188698737392,11.993878653255626
3206,26.575891599999522,272.4962055319968,173.99657455069962,55.11855066442662,35.19476167048242,-45.000014307109375,0.20227272727272727,-1.01173655942776,12.541602930392742,-45.00214952300389,0.015741299549686207,-0.013584616519526232,0.02079255437639965,12.004722102729254
3207,26.579474199999822,272.49673967645623,173.99707225705967,55.11865870728319,35.19486234290525,-45.000002861421876,0.20227272727272727,-1.011628516571193,12.54150225796991,-45.00036113524766,0.018361870394466077,-0.016942633938349386,0.02498421760135943,12.004793391505267
3209,26.595831399999952,272.49770768302557,173.9979659342181,55.11885450861199,35.195043109421384,-45.000000114456874,0.20227272727272727,-1.0114327152423925,12.541321491453779,-45.00000345754991,-0.2216968180385433,0.22288374825951432,0.3143670535641824,0.4265013796674835
3211,26.61211259999982,272.49852921554066,173.99868268534175,55.11902068223436,35.19518808862595,-45.000000004578276,0.20227272727272727,-1.0112665416200244,12.541176512249216,-45.000000596129496,-0.4197966421402498,0.4208076839202708,0.5943974491857881,0.10425336763215369
3213,26.628043500000786,272.4061008555123,173.9061991390863,55.10032494577408,35.176481189497004,-45.000000000183135,0.20227272727272727,-1.0299622780803048,12.55988341137816,-45.00000002384518,-0.3261051653535919,0.3268716226828619,0.4617246328555807,0.004415956677214757
3215,26.64477149999948,272.32523939673126,173.8253313701431,55.08396887797519,35.1601238453244,-45.000000000007326,0.20227272727272727,-1.0463183458791931,12.576240755550764,-45.000000000953804,-0.21035245962898835,0.21100249351544048,0.29794329920590373,4.2620647076386195e-05
3217,26.660126099999616,272.3630894557039,173.86311809222573,55.09162491263102,35.16776706865475,-45.00000000000029,0.20227272727272727,-1.0386623112233622,12.568597532220416,-45.000000000038156,-0.1480404772793303,0.14843452293502607,0.20963966826924885,7.470676601128022e-06
3219,26.676238100000774,272.4101442628565,173.9101460526391,55.10114281680506,35.177279542465634,-45.000000000000014,0.20227272727272727,-1.0291444070493228,12.55908505840953,-45.00000000000153,0.16767429543261197,-0.16739002634324796,0.23692633932937066,2.8609506869283537e-07
3220,26.688675199999125,272.4299286438391,173.92992909128478,55.10514465750382,35.181281111646236,-45.0,0.20227272727272727,-1.02514256635056,12.555083489228927,-45.000000000000064,0.393517444736801,-0.3931844442640908,0.5562822903198008,1.2405713311587058e-08
3222,26.704482299999654,272.46158008919014,173.9615686730637,55.11154688167709,35.187680936142435,-45.0,0.20227272727272727,-1.0187403421772885,12.548683664732728,-45.0,0.40018568833496143,-0.39995122551995416,0.5657822619551095,4.790203094060662e-10
3223,26.720773799999733,272.4737782010085,173.9737410147015,55.11401422702217,35.1901430688828,-45.0,0.20227272727272727,-1.016272996832214,12.546221531992366,-45.0,0.31978149713857806,-0.31960921542220233,0.45211752509163605,2.4347046920950682e-11
3224,26.724587799999426,272.4838086249591,173.98376499610703,55.116043108230365,35.19217064693983,-45.0,0.20227272727272727,-1.0142441156240167,12.544193953935334,-45.0,0.27665486702548614,-0.2765499507387951,0.391174885061042,8.091154761628335e-13
3226,26.740170999999464,272.4983471699193,173.99830152777184,55.11898385937005,35.19511099084476,-45.0,0.20227272727272727,-1.011303364484334,12.541253610030402,-45.0,0.20435669375390905,-0.20425615334067707,0.2889329238068226,0.0
3228,26.756624899999224,272.50698059094225,174.00696057217033,55.12073016498604,35.196862479370814,-45.0,0.20227272727272727,-1.0095570588683387,12.539502121504349,-45.0,0.18117561142821142,-0.18114009238098253,0.25619589232494955,0.0
3229,26.768883099999584,272.5096186828918,174.00959079001524,55.12126377903948,35.197394500707624,-45.0,0.20227272727272727,-1.0090234448149005,12.538970100167539,-45.0,0.07585130536832889,-0.07584917426740165,0.10726843787026145,0.0
3231,26.784613199999512,272.51238286018565,174.01235536767427,55.12182289671937,35.19795369937048,-45.0,0.20227272727272727,-1.0084643271350089,12.538410901504683,-45.0,0.03460523951249255,-0.03468885176098066,0.04899835750524977,0.0
3233,26.801143700000466,272.5128188353778,174.01277706277455,55.12191108261051,35.19803899678849,-45.0,0.20227272727272727,-1.0083761412438719,12.538325604086673,-45.0,0.009743811239581943,-0.009741782375007052,0.013778395455008594,0.0
3234,26.805384900000718,272.51245153501634,174.01241820368193,55.12183678776467,35.19796640938112,-45.0,0.20227272727272727,-1.00845043608971,12.538398191494046,-45.0,-0.002326342655706691,0.0022295680075812884,0.0032222420225970698,0.0
3236,26.82111900000018,272.5110378492344,174.01099571170474,55.12155083768605,35.197678678049364,-45.0,0.20227272727272727,-1.00873638616833,12.538685922825799,-45.0,-0.014197240612900165,0.014052200627959735,0.019975634746085387,-0.5288115737237661
3237,26.83231859999978,272.5101065692422,174.01008459076797,55.12136246514218,35.197494383132614,-45.0,0.20227272727272727,-1.0089247587122046,12.538870217742549,-45.0,-0.024520967210788433,0.024439045113725015,0.034620005185199615,-0.6120703464358309
3239,26.849228200000653,272.5081160966128,174.00811472295817,55.12095984681486,35.19709593259836,-45.0,0.20227272727272727,-1.0093273770395186,12.539268668276804,-45.0447099609375,-0.06397677962499645,0.04999318790346328,0.08119327045966525,-0.6167143912493875
3240,26.85352419999981,272.5071330890946,174.00712130158917,55.12076101120323,35.19689499054872,-45.0,0.20227272727272727,-1.0095262126511528,12.539469610326442,-45.04649835937501,-0.05575560014418008,0.04489974572247327,0.07158682918931701,-0.6176020880887578
3242,26.86892799999987,272.4907755605001,173.99608774339765,55.11745232928297,35.1946632026418,-45.2235498046875,0.20227272727272727,-1.0128348945714123,12.541701398233364,-45.046856039062504,-0.04805919726240234,0.03969629339140095,0.06233363578777258,-0.6176504305309205
3244,26.885045200000604,272.4926027938203,173.9966598571313,55.11782192875002,35.194778925647014,-45.0089419921875,0.20227272727272727,-1.012465295104363,12.541585675228148,-45.046927575000005,-0.031825048466973385,0.029881832365831727,0.04365498385596854,2.0899812530315143
3245,26.89688340000066,272.4938706081231,173.99721946867737,55.11807837300671,35.19489211980065,-45.0017883984375,0.20227272727272727,-1.0122088508476708,12.541472481074514,-45.0469304364375,-0.01744255688664726,0.018254430225431953,0.025248109109378653,2.1962246470014017
3246,26.900987400000304,272.4950344244917,173.99773702659317,55.11831378131763,35.1949968076518,-45.0003576796875,0.20227272727272727,-1.0119734425367497,12.541367793223365,-45.0022210477875,0.02812818307224492,-0.0119101878032358,0.03054582224223261,2.2067836985300175
3248,26.9165481,272.49700601200436,173.99861115815622,55.11871257970088,35.19517362062705,-45.0000143071875,0.20227272727272727,-1.011574644153498,12.54119098024811,-45.0004327638075,0.030168761779877984,-0.01346568335767214,0.03303753646415112,2.2112608891642784
3249,26.92864129999907,272.4977866592511,173.99896614403124,55.11887048334852,35.19524542458814,-45.0000028614375,0.20227272727272727,-1.011416740505858,12.541119176287026,-45.0000751070115,0.027713282494382444,-0.012387100276271018,0.030355663060915635,2.211357305410064
3250,26.93262709999908,272.4984395847347,173.99926088415233,55.11900255236679,35.19530504247627,-45.000000572287504,0.20227272727272727,-1.0112846714875943,12.541059558398892,-45.00000357198966,0.017779819842614782,-0.008013969262381349,0.019502453614205353,0.03254266249765032
3251,26.944531299999653,272.4989919152266,173.99950623055958,55.119114273761745,35.195354669363184,-45.0000001144575,0.20227272727272727,-1.0111729500926359,12.54100993151198,-45.00000071058879,0.01398567712993513,-0.00632117192170331,0.015347846078408554,0.009559525826882428
3253,26.9654675999991,272.4997882215083,173.9998833087215,55.11927534480509,35.1954309419914,-45.0000000045783,0.20227272727272727,-1.011011879049292,12.540933658883766,-45.00000013830275,0.012001045134743489,-0.005441913440261644,0.013177234391838474,0.0036448038193829585
3255,26.98088699999971,272.5002957543228,174.00010428669012,55.119378004851654,35.195475639807775,-45.000000000183135,0.20227272727272727,-1.010909219002727,12.540888961067388,-45.000000023845544,0.005626827107833409,-0.0025764186174981104,0.0061886279734719675,-0.7762603564900639
3257,26.996967700000823,272.50054491286784,174.00022681668523,55.11942840283008,35.195500424284056,-45.000000000007326,0.20227272727272727,-1.0108588210243,12.540864176591107,-45.00000000095406,0.003879568927177765,-0.0018074411851103725,0.004279941436323215,-0.7987582608390876
3258,27.008486200000334,272.5006168800724,174.00026269782364,55.11944295983283,35.195507682059784,-45.000000000001464,0.20227272727272727,-1.01084426402155,12.54085691881538,-45.0447099609759,-0.05224297713183642,0.003681939257219739,0.05237256281958559,-0.8032530176973003
3260,27.02441859999999,272.5006679800533,174.00028821579417,55.11945329596533,35.195512843649276,-45.00000000000006,0.20227272727272727,-1.0108339278890526,12.540851757225887,-45.04649835937677,-0.041159020683748646,0.0032412824806340237,0.041286449299552434,-0.8034308751096496
3262,27.04035339999973,272.47916772531585,173.99841297961262,55.11510438080252,35.19513353451255,-45.22354980468751,0.20227272727272727,-1.0151828430518606,12.541231066362613,-45.0468560390628,-0.012280249637222539,0.001137518338280997,0.012332821215051724,-0.8034606979983276
3264,27.056577199999083,272.4841468201125,173.99882220557393,55.116111515886395,35.195216309763815,-45.0089419921875,0.20227272727272727,-1.0141757079679863,12.541148291111348,-45.04687034625002,0.0007656369225841481,0.00020516908394707504,0.0007926501436521706,0.5819933907011525
3265,27.060452100000475,272.486972984325,173.99905323816105,55.11668317182938,35.195263041355304,-45.0017883984375,0.20227272727272727,-1.013604052025002,12.54110155951986,-45.04687091853751,0.009275918641628246,-0.0004125973529785624,0.009285090372300709,0.6252474493349793
3267,27.075131800000236,272.4917986502654,173.999437287346,55.11765927244005,35.195340724031354,-45.0000715359375,0.20227272727272727,-1.0126279514143306,12.54102387684381,-45.0021610720575,0.0685720992831614,-0.005551879232468253,0.06879648365368433,0.6356640809147643
3269,27.092324400000507,272.4954705394209,173.99972736555435,55.118401995473775,35.195399398941674,-45.0000028614375,0.20227272727272727,-1.0118852283806063,12.540965201933489,-45.0003726781983,0.06121976132465963,-0.004898588214993591,0.061415432451040884,0.6360106324591173
3270,27.104393199999322,272.4968763628826,173.9998402886542,55.11868635521943,35.195422240205055,-45.000000572287504,0.20227272727272727,-1.0116008686349502,12.540942360670108,-45.00001499869394,0.035150248601462195,-0.0027131685522884747,0.03525480478371313,0.6360475579310707
3272,27.12120750000031,272.49898079807076,173.99999287906383,55.11911202506431,35.19545310508337,-45.0000000228915,0.20227272727272727,-1.0111751987900703,12.540911495791796,-45.00000069151376,0.023772475564942514,-0.0017846424877823641,0.023839369607751522,0.02691057074235098
3274,27.136701299999913,272.50029678877104,174.00007966358407,55.11937821409232,35.19547065922496,-45.00000000091566,0.20227272727272727,-1.0109090097620594,12.540893941650204,-45.00000011922773,0.017475316864016502,-0.001154578695993039,0.017513416327576425,0.006106587705027286
3276,27.15265360000012,272.5010542396058,174.00013086398377,55.11953142573845,35.19548101566944,-45.00000000003663,0.20227272727272727,-1.0107557981159303,12.54088358520572,-45.00000000477028,0.013055272278350918,-0.0007782219226459535,0.013078446529414905,0.00017924734829411016
3277,27.156390199999805,272.50127063997957,174.0001357128221,55.11957519763223,35.1954819964572,-45.000000000007326,0.20227272727272727,-1.0107120262221514,12.540882604417966,-45.00000000019199,0.007852706544904144,-0.0004113317086769521,0.007863472124637023,9.068719609678503e-06
3279,27.184759199999462,272.5014755941979,174.0001372280841,55.11961665428095,35.19548230295337,-45.00000000000029,0.20227272727272727,-1.0106705695734348,12.54088229792179,-45.00000000000885,0.0039398325604103265,-0.0001314293170785005,0.003942024133545749,1.6814437593132376e-06
3281,27.200971199999913,272.5014197392858,174.00013732278796,55.119605356355535,35.195482322109385,-45.000000000000014,0.20227272727272727,-1.010681867498846,12.540882278765778,-45.00000000000153,0.0014157618291401404,4.682370625916223e-05,0.001416535921294649,2.464483703095984e-07
3284,27.22050759999911,272.5011894807896,174.00011157979637,55.11955878134153,35.195477115004266,-45.0,0.20227272727272727,-1.0107284425128498,12.540887485870897,-45.000000000000064,-0.0015235192430665446,0.00013022391693287246,0.0015290746065955698,1.397267825942978e-09
3286,27.236197399999583,272.5009555376177,174.00009280442575,55.11951146101813,35.195473317258845,-45.0,0.20227272727272727,-1.0107757628362535,12.540891283616318,-45.0,-0.0022834075140169136,0.00020376237011132979,0.002292480965797162,1.0617342912233802e-10
3288,27.25271430000066,272.50071203433356,174.00008018687328,55.11946220694474,35.195470765072095,-45.0,0.20227272727272727,-1.0108250169096422,12.540893835803068,-45.0,-0.0025693532983761293,0.00021642545783179173,0.002578452316928509,1.5799686148207733e-11
3290,27.269376599999305,272.5005194319554,174.00005078804676,55.11942324873643,35.195464818491274,-45.0,0.20227272727272727,-1.0108639751179496,12.540899782383889,-45.0,-0.0024321886596454846,0.000163919901244112,0.0024377061779738713,8.151645810205482e-13
3292,27.284672100000535,272.50035862111343,174.00004608959716,55.119390721088855,35.19546386812306,-45.0,0.20227272727272727,-1.010896502765526,12.5409007327521,-45.0,-0.0019999823300960416,0.00011555390143410551,0.002003317754334802,0.0
3294,27.299500400000397,272.5002341295178,174.00004579594406,55.119365539834284,35.19546380872505,-45.0,0.20227272727272727,-1.0109216840200972,12.540900792150111,-45.0,-0.0015648696483447377,8.465295923051962e-05,0.0015671576627184218,0.0
3296,27.31623260000015,272.5001634062882,174.00004577759074,55.11935123445375,35.19546380501267,-45.0,0.20227272727272727,-1.010935989400629,12.540900795862491,-45.0,-0.0012444364781319312,1.327546113250631e-05,0.0012445072864285228,0.0
3298,27.33169269999962,272.5001017656274,174.00004577644364,55.11933876622918,35.195463804780644,-45.0,0.20227272727272727,-1.0109484576252044,12.540900796094519,-45.0,-0.0009601212440435735,2.7286653556521404e-05,0.0009605089092382709,0.0
3300,27.348478600000817,272.50004069262707,174.00004577637196,55.11932641282684,35.19546380476615,-45.0,0.20227272727272727,-1.0109608110275445,12.540900796109014,-45.0,-0.0006453985798208472,0.00010309830824059498,0.0006535813553008065,-2.8873077777069813
3302,27.365990000000238,272.49997965510556,174.00003433227567,55.1193140666009,35.19546148993758,-45.0,0.20227272727272727,-1.0109731572534812,12.540903110937585,-45.0,-0.00047605004646721825,0.0001554457932513321,0.0005007864229199675,-3.039692167547152
3304,27.381475000000137,272.4999701182146,174.00000500679016,55.11931213754795,35.19545555819165,-45.0,0.20227272727272727,-1.0109750863064306,12.540909042683516,-45.2235498046875,-0.03926920641177651,0.0035333416522176455,0.039427846446921315,-3.04323279689327
3305,27.393211099999462,272.49996964137006,173.99998980760574,55.119312041095306,35.19545248381116,-45.0,0.20227272727272727,-1.0109751827590756,12.540912117064003,-45.232491796875,-0.03875947466387763,0.0035255001978014558,0.03891948134115446,-3.043401921580734
3307,27.413415400000304,272.4805145363015,173.99830277636647,55.11537680393371,35.1951112434014,-46.117749023437504,0.20227272727272727,-1.0149104199206747,12.541253357473764,-45.23284947656251,-0.023112973311675673,0.0021361910890756114,0.023211480945326993,-3.04340944791631
3309,27.430334500000754,272.4806661612044,173.9983060557861,55.11540747351634,35.195111906738546,-45.0447099609375,0.20227272727272727,-1.0148797503380393,12.541252694136617,-45.232863783750005,-0.01056567431845036,0.0009430482590865959,0.01060767711718865,2.6411027717455884
3311,27.44554210000024,272.48649495843955,173.99881838385772,55.11658648022982,35.19521553673486,-45.0017883984375,0.20227272727272727,-1.013700743624561,12.541149064140306,-45.23286435603751,-0.0009393340540041189,2.5099550897626343e-05,0.000939669331449673,2.9071784614597855
3313,27.461525900000197,272.4914426170314,173.99925953064394,55.117587256626805,35.195304768698435,-45.0000715359375,0.20227272727272727,-1.0126999672275758,12.541059832176728,-45.0093145742415,0.044454255015459465,-0.003924828491443372,0.044627178576140666,2.9150650319843954
3315,27.47725619999983,272.49518507323245,173.9995960927966,55.11834425344929,35.19537284604295,-45.0000028614375,0.20227272727272727,-1.0119429704050944,12.540991754832213,-45.00037258296967,0.04860338604217953,-0.00429524750465732,0.048792809776558234,2.915413703462785
3317,27.49371659999997,272.49780506988463,173.99982884362936,55.118874207317575,35.195419925188666,-45.0000001144575,0.20227272727272727,-1.0114130165368067,12.540944675686497,-45.00001490331879,0.03575472400873565,-0.0031778020419500064,0.03589566428914054,2.9154283149313587
3319,27.509653600000092,272.49958243661877,173.99997785863502,55.11923372013425,35.19545006686027,-45.0000000045783,0.20227272727272727,-1.0110535037201345,12.540914534014895,-45.00000059613276,0.024648303334818315,-0.0021628208869069283,0.0247430121746334,0.11822415703756084
3321,27.52580820000003,272.5006433816588,174.00007586378433,55.11944832038098,35.195469890629106,-45.000000000183135,0.20227272727272727,-1.0108389034733989,12.540894710246057,-45.00000002384531,0.015612318428427979,-0.0013477172286376962,0.01567038060925767,0.004532868760287184
3323,27.541925499999707,272.50120750871696,174.00011632138154,55.11956242789957,35.19547807409763,-45.000000000007326,0.20227272727272727,-1.0107247959548147,12.540886526777534,-45.00000000095382,0.009180494220228659,-0.0007787720044394429,0.00921346622952244,0.0001869280354861075
3325,27.557717199999388,272.50143731621864,174.00013601611906,55.11960891168968,35.1954820578059,-45.00000000000029,0.20227272727272727,-1.0106783121646998,12.540882543069266,-45.000000000038156,0.0043366486371025185,-0.00040070615362280585,0.004355121906816653,7.38126285017258e-06
3327,27.57386410000072,272.5014402350957,174.00013724704016,55.119609502098896,35.19548230678767,-45.000000000000014,0.20227272727272727,-1.010677721755485,12.540882294087496,-45.00000000000153,0.001160240032819903,-9.11216096176961e-05,0.0011638127347203455,2.9613063996948356e-07
3329,27.589870100000553,272.5013088104698,174.00013732397272,55.1195829184814,35.19548232234903,-45.0,0.20227272727272727,-1.0107043053729825,12.540882278526134,-45.000000000000064,-0.0006414535527266389,6.0498342656516214e-05,0.0006443001705492651,-3.6842593396237118
3331,27.606102899999314,272.5011003248243,174.00011157957448,55.11954074752128,35.19547711495938,-45.0,0.20227272727272727,-1.0107464763331038,12.540887485915782,-45.0,-0.0018753177600674983,0.000153946646771849,0.00188162596476475,-3.802038796928317
3332,27.618238299999575,272.50098461489745,174.0000965594444,55.1195173425588,35.19547407679671,-45.0,0.20227272727272727,-1.0107698812955803,12.540890524078456,-45.2235498046875,-0.033640507972005,0.01276739445534496,0.0359818028702413,-3.89371842190768
3334,27.633422599999903,272.50074246189297,174.00008042156196,55.11946836161017,35.19547081254321,-45.0,0.20227272727272727,-1.0108188622442142,12.54089378833195,-45.232491796875,-0.03352570370064101,0.012697215508420462,0.035849575873229615,-3.9154167220689864
3336,27.653085699999792,272.4853064136339,173.99395110178708,55.116346070030495,35.194231018316025,-46.117749023437504,0.20227272727272727,-1.013941153823886,12.542133582559138,-45.241505325000006,-0.054549620115714514,0.008091461101238347,0.055146466772782635,-3.915519330714368
3338,27.66970179999953,272.4852171336402,173.99398000660582,55.11632801112268,35.19423686497254,-45.0447099609375,0.20227272727272727,-1.0139592127316988,12.542127735902625,-45.24330803062501,-0.009081620529700053,0.0022023153017467437,0.009344839438630143,9.711994900775853
3341,27.697811800000636,272.4702475524116,173.99713575213264,55.113300073101435,35.19487518622683,-45.045067640625,0.20227272727272727,-1.0169871507529464,12.541489414648332,-45.24332245227001,0.01028971563613253,8.442519137040081e-05,0.010290061976752531,9.895346688332618
3342,27.702308300000368,272.475258421306,173.99778476200777,55.11431363521872,35.195006463224296,-45.009013528125,0.20227272727272727,-1.01597358863566,12.541358137650867,-45.0197732244483,0.05674519842617179,-0.013987512104492023,0.05844371685047863,10.099993307180009
3345,27.729581899999175,272.4878832187411,173.99918361238548,55.116867287427176,35.19528941250525,-45.000072108225,0.20227272727272727,-1.013419936427205,12.541075188369916,-45.01083125533544,0.0670685638543107,-0.014852191380501338,0.06869337556331608,10.14416740966156
3347,27.745539699999426,272.493680872558,173.99976014825944,55.11803999467651,35.19540602998884,-45.000002884329,0.20227272727272727,-1.0122472291778735,12.540958570886325,-45.00181773182536,0.1019049622491482,-0.01141419889340589,0.10254221212446389,10.144929866293877
3349,27.76158100000066,272.4976881691589,174.0001309214366,55.118850561488955,35.19548102729058,-45.00000011537316,0.20227272727272727,-1.0114366623654263,12.54088357358458,-45.00001502638496,0.06196508735798481,-0.005907368099404059,0.062246036413128716,0.20168234213277472
3350,27.765952199999447,272.499124495903,174.0002501681033,55.11914109121675,35.195505147639075,-45.000000023074634,0.20227272727272727,-1.0111461326376343,12.540859453236088,-45.00000060474734,0.045836344981042484,-0.003971737364580029,0.04600809949252783,0.13611028053179502
3352,27.78163719999975,272.5011183004031,174.000378985421,55.11954438349063,35.19553120386925,-45.00000000092299,0.20227272727272727,-1.0107428403637542,12.540833397005912,-45.0000000278816,0.03183239358172294,-0.0024649689556883523,0.03192768944183439,0.023143320052223703
3354,27.79810449999968,272.5021756066658,174.0004356738935,55.11975824771194,35.19554267040118,-45.00000000003692,0.20227272727272727,-1.0105289761424388,12.540821930473982,-45.000000004806964,0.0213056469351666,-0.0013795511637370583,0.021350263528568968,0.0006675200221572528
3357,27.82537769999908,272.5026432467838,174.00040520485027,55.119852838553996,35.19553650734471,-45.0000000000003,0.20227272727272727,-1.0104343853003854,12.54082809353045,-45.000000000192045,0.006459505508077103,0.00012082116049669418,0.006460635352788625,-2.093988577924357
3359,27.841370899999674,272.50247690946696,174.00034575987345,55.11981919305127,35.195524483247134,-45.000000000000014,0.20227272727272727,-1.0104680308031107,12.54084011762803,-45.00000000000745,0.0007497822463450297,0.0005487069584677119,0.0009291139559844563,-2.107088737324499
3360,27.84564119999959,272.5023129529527,174.0003038777125,55.11978602911998,35.19551601162821,-45.0,0.20227272727272727,-1.0105011947344025,12.540848589246956,-45.04470996093757,-0.05546011788574526,0.005373303666435617,0.05571980858000583,-2.1079555054265224
3362,27.872960000000603,272.50192983787986,174.0002392911241,55.119708535389336,35.19550294752283,-45.0,0.20227272727272727,-1.0105786884650456,12.54086165335233,-45.04649835937501,-0.04439939561681569,0.004351734041802475,0.044612149918033486,-2.1079909787575843
3364,27.889471700000286,272.48004767785574,173.99832695215522,55.11528237120264,35.19511613350412,-45.2235498046875,0.20227272727272727,-1.0150048526517423,12.541248467371041,-45.04656989531251,-0.030685237830475567,0.0031253931001142344,0.030843992976641182,-2.1079924236955057
3366,27.905619999999544,272.4847396894607,173.99871669305463,55.116231437186364,35.195194967458775,-45.0089419921875,0.20227272727272727,-1.0140557866680169,12.541169633416388,-45.04657275675,-0.01927764454733487,0.0018780054663004471,0.01936890507552877,0.523703014565747
3368,27.921487899999192,272.48995389965864,173.99913873405077,55.11728612970368,35.19528033484209,-45.0003576796875,0.20227272727272727,-1.0130010941507024,12.541084266033074,-45.0465728712075,-0.011166788130555817,0.0011566766668243843,0.01122653366201243,0.5593741719386227
3370,27.93811800000003,272.49400483967594,173.9994884072063,55.118105524388994,35.195351064184905,-45.0000143071875,0.20227272727272727,-1.012181699465387,12.541013536690258,-45.0018629148483,0.04773431100710643,-0.003992758787253234,0.04790100802755982,0.561160741982123
3372,27.95395970000027,272.49695882909106,173.99973342156855,55.11870303588433,35.195400623908185,-45.000000572287504,0.20227272727272727,-1.0115841879700511,12.540963976966978,-45.00007451732647,0.04328974306976094,-0.003561572096892595,0.04343600638695136,0.5613371875337517
3374,27.969509599999583,272.49899167425474,173.9999118132743,55.11911422501971,35.19543670768503,-45.0000000228915,0.20227272727272727,-1.0111729988346738,12.54092789319013,-45.000002981396285,-0.10252996364513695,0.13173764501437604,0.1669347194534644,0.5613394475938024
3375,27.973568199999136,272.4997250303801,173.9999665092268,55.11926256296324,35.19544777118451,-45.0000000045783,0.20227272727272727,-1.0110246608911382,12.540916829690651,-45.000000119960255,-0.5537770887375748,0.5758096480273949,0.7988903646759649,0.023640487600808825
3378,28.00157240000044,272.4079852055528,173.90705199364393,55.100706098395904,35.17665369871434,-45.00000000003663,0.20227272727272727,-1.0295811254584777,12.559710902160823,-45.000000005502805,-0.7271972449809062,0.7426530978246517,1.0393986034319902,0.0010621450525786628
3379,28.005583000000115,272.3642262208218,173.8631117227762,55.091854849211686,35.167765780288825,-45.000000000007326,0.20227272727272727,-1.0384323746426958,12.568598820586338,-45.000000000924516,-0.844418132910057,0.8550281143369174,1.2017133849191541,6.7314687873616315
3381,28.022140499999296,272.29633515320563,173.79508103357682,55.0781223378075,35.15400502724622,-45.00000000000029,0.20227272727272727,-1.0521648860468815,12.582359573628942,-45.00000000000885,-0.8048311900347327,1.2653298516994163,1.4996042404762633,15.901678855543913
3383,28.038144300000567,272.25205480632826,173.7508091264882,55.069165631280036,35.14505002785784,-45.000000000000014,0.20227272727272727,-1.0611215925743451,12.591314573017321,-44.461365966798404,-0.4442988642813365,2.2414478313589354,2.28505795583074,36.37019325495566
3385,28.0538030000007,272.27020708445315,173.59220507327416,55.072837342082565,35.11296875345773,-45.0,0.20227272727272727,-1.0574498817718165,12.623395847417434,-43.743387084961,1.2289246182450166,5.94984782274469,6.075437830407648,124.48384261582328
3386,28.065619900000456,272.3368083629102,173.26787090943182,55.08630896431592,35.047364797589616,-42.306829833984374,0.20227272727272727,-1.0439782595384628,12.688999803285547,-42.53401509765626,1.9422765830548294,7.588593245598048,7.8332104383974945,139.8442532416845
3387,28.069940100000167,272.46835736416506,172.82451319854937,55.11291773956975,34.95768562425203,-41.410105590820315,0.20227272727272727,-1.0173694842846288,12.778678976623134,-40.630672153007815,3.314697415944459,11.957761487466993,12.40867755848373,149.60049163806693
3389,28.09721499999978,272.8374712640933,171.60758714387907,55.18757941478251,34.71153467228463,-38.95314006347657,0.20227272727272727,-0.9427078090718695,13.024829928590535,-38.53590383263282,3.9592041165116973,14.34965846298368,14.885832030507476,187.06523600874561
3392,28.117714199999682,273.4761883060369,169.33692665840655,55.316774452812005,34.25224198317769,-35.48328527675782,0.20227272727272727,-0.813512771042376,13.484122617697473,-36.84599435801094,5.7606005540568415,21.31641480278389,22.081079203420835,280.3290866126664
3393,28.129593300000124,273.67921248178266,168.5142472285665,55.3578407065424,34.085836371232766,-34.526158398125006,0.20227272727272727,-0.7724465173119839,13.650528229642397,-34.076079546408884,5.531919766553379,22.155395823044643,22.83557970315989,215.75881295536004
3394,28.133785199999693,273.8894991653675,167.67729837940726,55.40037596754025,33.916544444925556,-33.857282460875005,0.20227272727272727,-0.7299112563141321,13.819820155949607,-31.69230602523386,6.599398149424346,24.544140731325015,25.41587889831302,225.85621874380266
3396,28.14985929999966,274.2880880520835,165.6943458810738,55.48099962871689,33.51544723503538,-27.560531532810003,0.20227272727272727,-0.6492875951374941,14.220917365839782,-29.800113129905107,6.609480183000509,22.844592693799513,23.7815189513848,247.2098341422073
3398,28.165873300000385,274.9273702035726,164.03425946394162,55.61030897299536,33.179657027933644,-27.034272457601464,0.20227272727272727,-0.5199782508590189,14.55670757294152,-27.76170576863414,7.256462440462245,23.636730446130933,24.72551866661026,212.43038337274692
3399,28.176900000000387,275.27368977989704,163.27609721461823,55.68035997820645,33.02630148204778,-26.022320800114045,0.20227272727272727,-0.4499272456479346,14.710063118827385,-25.6753890424737,7.03904033954015,22.39495704584509,23.475139828910926,166.8721664763478
3401,28.1927682000005,275.79866841641933,161.86644106584282,55.78654883877573,32.74116648831821,-24.334121591770188,0.20227272727272727,-0.34373838507865173,14.995198112556956,-24.734750338271034,6.74548458152298,20.26680991547565,21.359895748565496,161.16155877604086
3402,28.196714300000167,275.9754163106478,161.1996958987849,55.82230011738103,32.60630212498149,-23.42569883007279,0.20227272727272727,-0.30798710647334815,15.130062475893673,-23.38964029303261,5.443806831278764,19.221454380268103,19.977470843652984,151.3818402118007
3404,28.213009499999316,276.26124275525535,160.04669119875217,55.88011501185847,32.3730807197476,-22.85733801179666,0.20227272727272727,-0.2501722119959098,15.363283881127565,-21.936697668673578,4.276506055550172,19.275144938284722,19.74385262391918,130.85983693309447
3406,28.229436199999327,276.3884494831166,158.7682923835768,55.9058454636304,32.11449550485985,-20.30872223140937,0.20227272727272727,-0.2244417602239821,15.62186909601531,-20.64900061799609,3.009027111086738,18.146876370635304,18.394655913236782,140.4366558581863
3408,28.244879100000617,276.42787115604926,157.6859901520253,55.91381939292815,31.895575280750574,-18.757607678318877,0.20227272727272727,-0.21646783092623423,15.840789320124589,-19.311709006841696,1.1750877676663771,13.088189626980839,13.140834789827014,96.05928612680614
3410,28.260776400000395,276.4557351723507,156.71712117252648,55.919455523498215,31.6995995098974,-17.895636338382754,0.20227272727272727,-0.2108317003561666,16.036765090977763,-17.608117488879895,0.4943253788437393,12.215467812900513,12.225465695349909,92.17900527481534
3413,28.28821389999939,276.4408419275892,155.51215177849832,55.91644302626236,31.455867064287162,-16.739240774300814,0.20227272727272727,-0.21384419759202444,16.280497536588,-14.343496843461901,0.44089273876339896,11.899384702359724,11.90754981941486,115.81028659027656
3415,28.30506989999958,276.4528551259675,154.68309915443007,55.91887296866161,31.288172328964265,-14.33938042198766,0.20227272727272727,-0.21141425519277135,16.448192271910898,-13.167581207098307,0.4403568863630607,11.272408081591841,11.281006078595315,116.86115175097562
3416,28.321215199999642,276.5565578977028,153.55274805520907,55.93984921112625,31.059533129349106,-3.985619004319407,0.20227272727272727,-0.19043801272813,16.676831471526057,-9.994272608987513,0.4362469765205864,12.471636159937784,12.479263597279731,112.29148211223739
3418,28.337707799999407,276.5984407218779,152.6524857488119,55.94832096419803,30.877434617373314,-12.878029496500902,0.20227272727272727,-0.18196625965634894,16.85892998350185,-8.479423802472482,0.3972620415338468,12.699136967002122,12.705349142637658,98.50542370176487
3420,28.35360209999999,276.62468472590353,151.21263151744284,55.95362941046685,30.58619137511912,-2.0290933478287863,0.20227272727272727,-0.1766578133875285,17.150173225756042,-7.13931227208688,0.5575216326157518,13.2225762005536,13.234324756113589,113.67777316893391
3422,28.368306599999414,276.6025327093094,150.4841633025428,55.94914866165576,30.438842122559794,-9.164996741725652,0.20227272727272727,-0.181138562198619,17.29752247831537,-6.403299053383476,0.6714081662802194,13.776045553278488,13.792397181481968,76.02002026366497
3424,28.384410799999387,276.67780645717363,149.4837161313967,55.9643744879283,30.23647894475979,-7.638822770059652,0.20227272727272727,-0.16591273592607791,17.499885656115374,-4.058138065650965,0.5236609147273158,13.855088400273452,13.864980899121536,81.13300377437473
3426,28.400932399999874,276.83043739698155,148.10098344839784,55.99524756438945,29.95678983388047,-0.3055529108023861,0.20227272727272727,-0.13503965946492968,17.779574766994692,-3.9217005226260393,0.3582677865709942,11.653089208277322,11.658595280005386,82.21422925479423
3428,28.41645190000054,276.81316904568536,147.22351555945798,55.991754647877265,29.779302010890365,-1.1522245578383454,0.20227272727272727,-0.13853257597711632,17.957062589984798,-2.0994764193425417,0.4925811051765153,12.332807090346465,12.342640190529616,72.96641234053943
3430,28.43345600000066,276.77172646196175,146.6086829335257,55.983371943442265,29.65493813882679,-1.3469056327041589,0.20227272727272727,-0.14691528041211654,18.081426462048373,-0.573866914342938,-0.1876123107996402,13.656922736315352,13.658211339880884,48.720559411765876
3432,28.44947200000024,276.80077349225155,145.54614128564026,55.98924736547816,29.440014941868142,-0.05387622530816636,0.20227272727272727,-0.14103985837622446,18.29634965900702,-0.5127735725745595,-0.7541963364535135,11.317915523272209,11.343016525856159,47.96147606172577
3433,28.453559100000348,276.75115772853167,145.15846220129288,55.97921144963481,29.361598036170605,-0.010775245061633272,0.20227272727272727,-0.15107577421957075,18.374766564704558,-0.4130690967163243,-1.1412849769946367,9.535301831228308,9.603359433622153,15.854190746612298
3436,28.481208799999877,276.61934658834866,144.44304656477544,55.95254965082507,29.21688896423867,-8.62019604930662e-05,0.20227272727272727,-0.1777375730293116,18.519475636636493,-0.2896763766663699,-1.6137445629092637,8.230782937688744,8.387488258213383,-3.8390733806379824
3438,28.49741560000075,276.4462389927044,144.24086523024476,55.91753470534248,29.175993194299508,-0.6537021785471698,0.20227272727272727,-0.21275251851189836,18.560371406575655,-0.9885346131768719,-2.422349314081097,6.080662138891004,6.545397485773624,-4.672569788561987
3440,28.513396399999692,276.2206542192706,144.17835840580875,55.871905057988826,29.163349768447677,-0.7299420324543869,0.20227272727272727,-0.2583821658655552,18.573014832427486,-1.1283062604789722,-3.1390557964118617,4.115700978778644,5.176163235419301,-3.870885459053202
3442,28.529431599999953,275.9292247723714,143.9667986836272,55.81295682895694,29.120557006460952,-3.5481674078606757,0.20227272727272727,-0.3173303948974393,18.61580759441421,-1.1339660879394506,-3.1442815916379154,3.6624217875923035,4.826990789067643,-4.651262975273979
3443,28.53402660000029,275.79203672287804,143.75413176929547,55.78520742803669,29.0775402896984,-0.7096334815721352,0.20227272727272727,-0.3450797958176892,18.65882431117676,-1.00345273494412,-2.8388395169635414,4.202006008593398,5.071081176566671,12.626230360165476
3445,28.5612000000001,275.65898601405195,143.3555085941625,55.75829489829687,28.99690969291014,-0.028385339262885414,0.20227272727272727,-0.37199232555751394,18.739454907965023,-0.9882131578555566,-2.2358515205844762,4.516295931781806,5.039440540926027,16.150082609585617
3447,28.577480699999796,275.6080124925775,142.93525277254776,55.747984345089534,28.911903401719886,-0.0011354135705154166,0.20227272727272727,-0.3823028787648468,18.824461199155277,-0.2838096294595139,-1.7192551371154972,4.875283226454517,5.169547829805504,16.292517692172115
3449,28.593452400000388,275.620619494165,142.74869797296685,55.750534397683374,28.87416845362284,-0.6537441470115706,0.20227272727272727,-0.37975282617100703,18.862196147252323,-0.14209213127213055,-0.6927424168302253,3.5159344254961784,3.5835299552905826,10.614625208689601
3451,28.609233299999687,275.53533069531403,142.40045611415516,55.73328279973397,28.803728623090475,-0.026149765880462823,0.20227272727272727,-0.3970044241204107,18.932635977784688,-0.1364234313446352,-0.5982735956976425,3.637418472661734,3.686291421004287,12.163690408953983
3453,28.62557100000049,275.46211379284676,142.1932881278012,55.71847301718946,28.76182418948706,-0.001045990635218513,0.20227272727272727,-0.4118142066649213,18.9745404113881,-0.1361966833475354,-0.5142091480845793,3.064425937846255,3.107268475127112,3.578992538867086
3455,28.641312199999447,275.42179783776095,141.9151004130779,55.71031819900165,28.70555440173621,-4.183962540874053e-05,0.20227272727272727,-0.41996902485273324,19.03081019913895,-0.0054478673339014155,-0.54680875753477,3.2446709577763317,3.2904238999791344,1.8069236323773918
3457,28.65657409999949,275.40572828588057,141.73731042925976,55.70706776691675,28.66959233682754,-1.6735850163496215e-06,0.20227272727272727,-0.4232194569376304,19.06677226404762,-0.00021791469335605672,-0.3050658777839609,2.8040629639195593,2.8206088518994337,1.7351872780213167
3459,28.673055100000056,275.405456360763,141.47137582425304,55.707012763881615,28.61580101899664,-6.694340065398486e-08,0.20227272727272727,-0.4232744599727667,19.120563581878525,-8.716587734242269e-06,-0.0908121754983375,2.4968927179613862,2.498543595022376,1.7324155436053958
3461,28.688815600000453,275.41445730977915,141.29523857690646,55.70883341038714,28.580173257601533,-2.677736026159395e-09,0.20227272727272727,-0.4214538134672381,19.15619134327363,-3.4866350936969084e-07,0.0473656590000756,1.8318290652813463,1.8324413305920717,0.07118509220583952
3463,28.705428600000232,275.4279917471444,141.21072173631302,55.711571057945115,28.563077805754222,-1.0710944104637582e-10,0.20227272727272727,-0.41871616590926664,19.17328679512094,-1.3946540374787634e-08,0.12820107499609576,1.3134349144045911,1.3196767748229679,0.002649037089291673
3465,28.72282549999909,275.44285666193093,141.1892746541128,55.71457782479967,28.558739645945543,-4.284377641855033e-12,0.20227272727272727,-0.4157093990547125,19.17762495492962,-5.578616149915055e-10,0.16098890465933538,0.5610106930441516,0.5836526579510214,0.00011037944611742925
3467,28.737888600000588,275.4570951978648,141.20682268498604,55.717457892295386,28.562289134008537,-1.7137510567420134e-13,0.20227272727272727,-0.4128293315589957,19.174075466866626,-2.2314683959795485e-11,0.19269404967575784,-0.12656213935306546,0.23054060791554315,4.190926392696278e-06
3469,28.753559799999493,275.46953791702964,141.2454274477799,55.71997471503554,28.57009782466457,-6.8550042269680545e-15,0.20227272727272727,-0.4103125088188406,19.166266776210595,-8.928067185270823e-13,0.17295811792750967,-0.40258205134099556,0.4381630046215111,1.6134776761751158e-07
3470,28.757532899999205,275.47492079517536,141.2685521439274,55.72106352447865,28.574775320021676,-1.371000845393611e-15,0.20227272727272727,-0.40922369937572967,19.161589280853487,-3.593162887634629e-14,0.15489877969074392,-0.5632441127667097,0.584155426676873,7.427502095287514e-09
3472,28.78529929999968,275.4839958278967,141.3167427380604,55.722899156097284,28.584522962925856,-5.484003381574445e-17,0.20227272727272727,-0.4073880677570969,19.151841637949307,-1.656625290316829e-15,0.12960531900442726,-0.6222158212854594,0.6355706624539699,3.167923385579949e-10
3474,28.802044500000193,275.4908286577006,141.36260132988122,55.72428125121671,28.593798905362338,-2.1936013526297782e-18,0.20227272727272727,-0.40600597263767213,19.142565695512825,-2.8562514687565096e-16,0.10543886049111323,-0.6028272529973187,0.6119787988631287,4.340080692658588e-11
3476,28.817325199999686,275.49571890536413,141.40267795634756,55.72527041494865,28.601905313897575,-8.774405410519115e-20,0.20227272727272727,-0.405016808905728,19.134459286977588,-1.142500587502604e-17,0.055839081209759,-0.43373971595341854,0.43731927031140794,-5.633128005769407
3478,28.833867800000007,275.49897139948075,141.43550100569456,55.72592830580406,28.6085445216064,-3.509762164207647e-21,0.20227272727272727,-0.4043589180503204,19.127820079268762,-4.570002350010417e-19,0.04532506373595456,-0.4089792174624775,0.41148312446428326,-12.317646468830572
3480,28.84935509999923,275.5009656807293,141.46090983763617,55.72633169451115,28.613684035340043,-1.4039048656830588e-22,0.20227272727272727,-0.40395552934322865,19.12268056553512,-0.43620971679687504,-0.08525826047072844,-0.6773248711494726,0.6826697239926084,-20.55308052304792
3482,28.86592019999989,275.5020745152018,141.47952097618037,55.726555981484,28.617448561091027,-5.615619462732236e-24,0.20227272727272727,-0.4037312423703838,19.118916039784136,-0.98985830078125,-0.3494087698063866,-1.3545299637915857,1.3988702267282862,-28.33171824161497
3484,28.88144739999916,275.4582900575907,141.6250399462652,55.71769957983085,28.646883080040006,-2.181048583984375,0.20227272727272727,-0.41258764402353165,19.089481520835157,-1.6292244589843752,-0.5245666759935115,-1.9034407538694005,1.974400390258722,-37.34584226113691
3486,28.897352599999067,275.35952615472246,141.93300592223972,55.69772233584159,28.709176197907578,-2.768242919921875,0.20227272727272727,-0.43256488801279147,19.027188402967585,-2.2478284021875004,-0.6450345429358788,-2.429830404443832,2.5139899275733333,-34.960527808948356
3488,28.913580599999477,275.29245367629613,142.18539569484702,55.68415540270535,28.7602277655486,-3.196830791015625,0.20227272727272727,-0.4461318211490308,18.976136835326564,-2.9792344251500005,-0.6998133680738589,-2.933566381271722,3.0158830321255072,-30.002387873076277
3490,28.929397800000515,275.247389072542,142.41715726114035,55.675040062400534,28.807106809639752,-3.0930197160156254,0.20227272727272727,-0.4552471614538476,18.92925779123541,-3.2360910078653755,-0.6039281814946431,-2.809968127376652,2.8741346741717018,-21.362661952711154
3492,28.945371600000726,275.2268284704762,142.63400823427781,55.67088121334633,28.85096984738801,-3.6570301148125,0.20227272727272727,-0.4594060105080544,18.88539475348715,-3.3739751344552404,-0.3642359570714495,-2.1716501977919678,2.20198374517017,-13.391395761418632
3494,28.961820000000444,275.2194322878276,142.73790680278933,55.66938516731058,28.871985694200568,-3.4653314975612504,0.20227272727272727,-0.46090205654380156,18.864378906674595,-3.340725362800085,-0.2090471424889068,-1.5826934763674005,1.596439584800723,-3.95378989481309
3496,28.977741599999717,275.2149016517783,142.79496904394875,55.668468743200606,28.883527829344178,-3.4576635528712005,0.20227272727272727,-0.4618184806537755,18.852836771530985,-3.3253905953440546,-0.09153604448033774,-1.0100418578189587,1.0141811485062617,0.16858363248302988
3498,28.99347189999935,275.2102296778211,142.8106089508669,55.66752373028653,28.886691355970807,-3.0305819327398487,0.20227272727272727,-0.4627634935678486,18.849673244904356,-3.292083112848938,-0.04170900012024322,-0.49154861982007125,0.4933149970739258,2.419258002909665
3499,29.009172100000796,275.2111038672092,142.8184130409394,55.66770055495822,28.88826991055365,-3.01634587873547,0.20227272727272727,-0.46258666889615796,18.848094690321513,-3.2234292803460085,-0.0341109517702353,-0.22683197934248955,0.22938244022396947,1.6293277212842259
3501,29.025704899999255,275.2101868658461,142.83095695214368,55.66751507059159,28.890807201683607,-3.490492702336919,0.20227272727272727,-0.4627721532627902,18.845557399191556,-3.180088888764641,0.019342598856170658,-0.04825509780997188,0.05198740804426286,0.8673699499451928
3503,29.041439399999945,275.206066900673,142.8273864696652,55.66668171399977,28.89008499045501,-3.122062335046602,0.20227272727272727,-0.46360550985460947,18.846279610420154,-3.2104280270076364,0.04977674160443735,0.07831447680790338,0.09279483435219096,0.4878136548412906
3505,29.057389699999476,275.2226036075616,142.81414279906843,55.670026638802234,28.887406157084296,-3.2409615949643644,0.20227272727272727,-0.46026058505214706,18.848958443790867,-3.2558328925646807,0.050391117082596484,0.1413588969694484,0.1500719908352357,-1.3746315541376708
3507,29.073458999999275,275.2299199581386,142.77984396217323,55.67150653698713,28.88046843780322,-3.1822776239548247,0.20227272727272727,-0.45878068686725015,18.855896163071943,-3.2523036282025877,0.07161310887194984,0.21215166966069632,0.22391241212163063,-2.3048517540747815
3509,29.08911629999966,275.2310295432821,142.76322636976718,55.67173097580024,28.877107152066543,-3.2433702065206935,0.20227272727272727,-0.4585562480541441,18.85925744880862,-3.3296417056749794,0.0903985920083011,0.2465517096626832,0.26260169644287396,-1.8688641200279694
3511,29.1053523999999,275.2386462708936,142.747133067483,55.67327163206711,28.873851915922696,-3.472846380526453,0.20227272727272727,-0.45701559178726825,18.862512684952467,-3.3625948479144996,0.0470876781574464,0.22814213198789463,0.23295081416951774,-1.9189401557637147
3513,29.12134999999944,275.2418860645383,142.72989951392228,55.673926953963424,28.870366038043368,-3.5087527224085586,0.20227272727272727,-0.4563602698909577,18.865998562831795,-3.358567514619706,0.027132166003416943,0.21052690119074025,0.21226806296994533,-1.5714722096654072
3515,29.137685300000157,275.2413332415825,142.7237698502964,55.673815132956456,28.8691261742645,-3.4057273061619675,0.20227272727272727,-0.4564720908979254,18.867238426610662,-3.4091583744129137,0.015722669543101926,0.18314767652814454,0.18382130930667276,0.6987884793781661
3517,29.153810600000725,275.240720763512,142.69637296763327,55.673691245346745,28.863584532089455,-3.162140957480854,0.20227272727272727,-0.4565959785076359,18.87278006878571,-3.377601686539017,0.0032420147587277496,0.1555750576923848,0.15560883405412648,1.8522696150009748
3519,29.16965419999906,275.23737514110326,142.69028043633156,55.673014517177705,28.862352179167065,-3.4963245054867347,0.20227272727272727,-0.45727270667667597,18.8740124217081,-3.2760144678521863,0.0023460613784305447,0.18877921618891058,0.18879379351263326,0.9955593367367097
3521,29.185880499999257,275.2399812862848,142.68525621287864,55.67354166927124,28.861335915786817,-3.3150629411569694,0.20227272727272727,-0.4567455545831436,18.875028685088346,-3.215364065042213,-0.0011009811982214159,0.13812363494816443,0.13812802282988282,1.4631955197154063
3523,29.201725499999156,275.2428392539768,142.65518183819506,55.67411975819076,28.855252689998547,-3.000816628974404,0.20227272727272727,-0.45616746566361854,18.881111910876616,-3.2792480199961513,-0.001520403853958205,-0.045242150883640905,0.045267690955661306,1.6297756606034244
3525,29.217816599999423,275.2409236081587,142.6692924470405,55.673732275286646,28.858106881333192,-3.1024752921121017,0.20227272727272727,-0.45655494856773515,18.87825771954197,-3.2914586829544517,0.001617133933475694,-0.08154791514166748,0.08156394783304324,-1.5259987516945275
3526,29.221880499999315,275.24072711786,142.68080806659412,55.673692530658045,28.86043617710654,-3.4815607322505455,0.20227272727272727,-0.4565946931963367,18.875928423768624,-3.280120937597783,-0.03711788479172837,-0.08347720357822357,0.09135743477491146,-2.4059752893025674
3527,29.23389710000083,275.2391215988009,142.68697142582823,55.673367777939276,28.861682856587983,-3.5573778202782345,0.20227272727272727,-0.4569194459151049,18.87468174428718,-3.3926803672366415,-0.05733171981530302,-0.17414803872687284,0.18334248140951082,-0.5050970528442802
3529,29.253828000000794,275.22323901472,142.68175064026173,55.67015516434109,28.86062683405294,-3.25837421437363,0.20227272727272727,-0.46013205951329184,18.875737766822223,-3.4058765920784464,-0.00563302351381046,-0.0909421571645861,0.09111644694376214,-0.13892200449530487
3531,29.269821899999442,275.21813220221395,142.68724080081958,55.66912219544782,28.861737343802144,-3.5636137771686958,0.20227272727272727,-0.4611650284065618,18.87462725707302,-3.3183486007186818,0.021913148986883683,0.07668582516659005,0.07975526239692386,-0.46788464104224087
3533,29.28615130000071,275.2370562667887,142.6679744845605,55.67295001760045,28.857840293467916,-3.1684564163211233,0.20227272727272727,-0.45733720625393204,18.878524307407247,-3.300843002446729,0.031056925670055073,0.006177775017044168,0.03166539966961637,7.537437936108454
3534,29.297843500000454,275.24445236015424,142.65265798881592,55.67444604557665,28.8547421841014,-3.043920775451725,0.20227272727272727,-0.45584117827772985,18.881622416773762,-3.2874547902346007,0.07858249208293495,0.004671582503663733,0.07872122804589034,7.213811928847768
3535,29.30200049999985,275.2448365397456,142.66203534681335,55.674523754630364,28.856638967878155,-3.4698498289184703,0.20227272727272727,-0.4557634692240171,18.87972563299701,-3.160002757839866,0.09382481101225527,0.035319175822023305,0.10025237823728879,5.691247473786549
3537,29.317822999999407,275.2508159708679,142.65847983216167,55.67573323047101,28.855919784232704,-3.191433153312989,0.20227272727272727,-0.4545539933833709,18.88044481664246,-3.196081678497201,0.04494401013029779,-0.022232842524354667,0.05014243046866659,5.851577991676687
3539,29.333682500000577,275.2517275576275,142.65190900257164,55.67591761961101,28.854590684611082,-2.9263536151950196,0.20227272727272727,-0.45436960424336803,18.88177391626408,-3.2300247575505434,0.011289246006105263,-0.07533764952277316,0.0761787930529394,4.313300408927186
3541,29.351411699999517,275.2508518383185,142.65621329154257,55.67574048547806,28.855461324880203,-3.348851019607801,0.20227272727272727,-0.4545467383763224,18.88090327599496,-3.196805873320097,0.0070055628896317345,-0.03097549678980794,0.03175782285950955,-3.242067206893866
3542,29.36150540000017,275.248839668564,142.65624082288565,55.67533347841408,28.855466893720052,-3.2136361707184355,0.20227272727272727,-0.45495374544029943,18.88089770715511,-3.2628825937337735,-0.03943303771663037,-0.1564893208032042,0.16138113888868597,-4.647956345946366
3544,29.37717530000009,275.2486285748663,142.6744054780661,55.67529077991614,28.85914110806337,-3.3037554077662374,0.20227272727272727,-0.4549964439382421,18.877223492811794,-3.3744087191909453,-0.04993084654141085,-0.17546752385196226,0.18243338883844937,-4.95201746089379
3545,29.381665499999144,275.24517105973223,142.68732771839348,55.674591418900384,28.86175492485686,-3.521816755381373,0.20227272727272727,-0.4556958049539972,18.874609676018302,-3.4162110197342455,-0.07618604271888671,-0.18776526822059034,0.20263294168302018,-4.695800008929204
3547,29.39797550000003,275.2418761544901,142.6882216542746,55.673924949430955,28.861935743705544,-3.4839842424808802,0.20227272727272727,-0.4563622744234266,18.87442885716962,-3.475914459206653,-0.0629507337896342,-0.2233102420425874,0.23201348901685082,-3.296461253910059
3548,29.409439200000634,275.23386991752875,142.69448964818778,55.67230550604559,28.863203587928894,-3.5578625223243012,0.20227272727272727,-0.45798171780879215,18.87316101294627,-3.4397491299886744,-0.07465152885460664,-0.16537239948788668,0.18144112343322655,-1.636036133150769
3550,29.42549979999967,275.2359227170135,142.70864493711818,55.67272073139592,28.866066816826176,-3.5121533680804724,0.20227272727272727,-0.4575664924584615,18.870297784048987,-3.4325160641450787,-0.05670843019891382,-0.03366428694406791,0.06594793606381948,-1.0658942451552873
3552,29.441313699999228,275.23113577955456,142.70432830295465,55.671752464500806,28.86519367946128,-3.122928761676344,0.20227272727272727,-0.4585347593535758,18.87117092141388,-3.4137780851954385,-0.07786624656140487,-0.028700322123449556,0.08298711251484331,0.010451739326628573
3553,29.445580199999313,275.22974286822847,142.70271629204726,55.671470716528034,28.86486761361865,-3.485651426163394,0.20227272727272727,-0.4588165073263468,18.871496987256513,-3.4413352597311895,-0.06776121787299816,0.002858384857748349,0.06782147898436697,-1.5158252875388976
3554,29.457078100000217,275.2214066643227,142.70193563429112,55.66978452982892,28.86470970784525,-3.390294347732679,0.20227272727272727,-0.4605026940254646,18.871654893029913,-3.4215452127282444,-0.08549934404378265,0.032248823640338486,0.09137901541438694,-1.606529848886824
3556,29.47704309999972,275.21245012965494,142.69727712033168,55.66797286713475,28.863767417521636,-3.695648395003057,0.20227272727272727,-0.46231435671963084,18.872597183353527,-3.5109208471762514,-0.07250534370738779,-0.0012915086918577796,0.07251684535904455,-0.8140975135105357
3558,29.49300949999997,275.2074900929423,142.69974971137816,55.66696958698151,28.86426755525604,-3.4132031330657475,0.20227272727272727,-0.46331763687287264,18.872097045619125,-3.5109713318680287,-0.03414704660292808,-0.004281573915983359,0.034414425273431075,0.8355962140384826
3560,29.508114099999148,275.2077694613753,142.7081497164582,55.66702609559636,28.86596664719268,-3.5698069339163805,0.20227272727272727,-0.4632611282580186,18.870397953682485,-3.4332269392122217,0.04175518343949011,0.019154475050709316,0.045938973198513214,0.8585343056070946
3562,29.524018699999942,275.2176574510772,142.70331602079182,55.66902616624061,28.864988922387436,-3.4859038496222805,0.20227272727272727,-0.46126105761376834,18.871375678487727,-3.4047656010059892,0.08295568564648262,-0.004190494958066025,0.08306145934831399,1.99402706490945
3564,29.540903299999627,275.2370952593935,142.6923880755793,55.67295790474096,28.86277849710581,-3.0015723844536413,0.20227272727272727,-0.4573293191134198,18.87358610376935,-3.3737675283371154,0.10278001551190344,-0.01887497915595495,0.10449878672388903,3.136989611848417
3566,29.5569531000001,275.2462408780285,142.69790491573445,55.67480781396486,28.863894403409923,-3.553341703971896,0.20227272727272727,-0.45547940988952007,18.87247019746524,-3.3544941581647345,0.09999539948872736,0.03862458387621441,0.10719579468673619,1.3941746216360773
3568,29.572994500000277,275.24911846369025,142.70621194511182,55.67538987106462,28.865574688897617,-3.2582127697213763,0.20227272727272727,-0.4548973527897644,18.870789911977546,-3.2628712829981663,0.08257636245491248,0.04689311776138363,0.09496220369003698,1.6836286342377722
3570,29.589655499999935,275.2482797886242,142.691796594653,55.67522022997171,28.86265885664572,-3.4734400830544803,0.20227272727272727,-0.45506699388267435,18.873705744229444,-3.3223011975590158,-0.005791950299581433,0.009423349466870377,0.011061021808476271,3.475535779119842
3573,29.616778199999317,275.2534635696953,142.67800988712958,55.676268767506556,28.859870181714847,-3.0277894737894364,0.20227272727272727,-0.4540184563478249,18.876494419160316,-3.2345111578133245,-0.048915547793274554,-0.0093974630463548,0.049810070544255715,3.2445128013725153
3574,29.62075460000051,275.2493552723066,142.67911932358902,55.67543777098929,28.860094590453233,-3.2987219572578876,0.20227272727272727,-0.4548494528650906,18.87627001042193,-3.191584273020372,-0.06263950116258685,0.04546418336705767,0.07739960642749524,1.3544816464892961
3576,29.63675499999954,275.2414166899928,142.69206310652802,55.67383201229399,28.862712764729533,-3.1143915052434408,0.20227272727272727,-0.4564552115603888,18.87365183614563,-3.1908525250053654,-0.08409728974766875,0.005992727377392505,0.08431053863143742,2.5324856134267293
3578,29.653496400000222,275.23874042911086,142.67802910590117,55.67329067770652,28.85987406914819,-3.043578345756613,0.20227272727272727,-0.4569965461478631,18.876490531726972,-3.253440332163189,-0.09283251364500028,-0.005593938680023331,0.09300090182146098,2.053516036024059
3579,29.665479199999027,275.2317813597191,142.67935301011786,55.67188304776136,28.86014185886475,-3.4697813429794477,0.20227272727272727,-0.4584041760930191,18.876222742010413,-3.225604141835115,-0.024239797412310627,-0.009293648245333325,0.025960348154403633,-1.0810847505533132
3581,29.68187190000026,275.2313747627168,142.67571552168948,55.67180080427681,28.85940609415992,-3.340728509578553,0.20227272727272727,-0.45848641957756797,18.876958506715244,-3.2118027059407415,0.008583611701988425,0.003073266437276293,0.009117201130007035,-1.1879397699303753
3583,29.701469100000395,275.2443555607313,142.6829754757208,55.67442646569338,28.86087458486171,-3.1595410056175175,0.20227272727272727,-0.4558607581610019,18.875490016013455,-3.307389808661217,0.026046404593828516,-0.0390625934104124,0.046949988245074195,-0.7829928108346844
3585,29.71822020000036,275.2496357784539,142.6914057548302,55.67549450973272,28.862579800408838,-3.0453843257715763,0.20227272727272727,-0.454792714121659,18.873784800466325,-3.3155734243776993,0.043526354142938345,-0.021477411041456236,0.048536817881069956,-2.341280322941873
3587,29.734886500000357,275.254165773751,142.69479367022376,55.676410804236,28.86326508329526,-3.5215138593589885,0.20227272727272727,-0.453876419618382,18.873099517579902,-3.3441356322876086,0.055927293435761985,-0.00181804851094243,0.05595683560958362,-3.042399519316317
3589,29.749994300000253,275.25191975417,142.68989562794854,55.675956495729835,28.862274342925954,-3.51069942156186,0.20227272727272727,-0.4543307281245461,18.87409025794921,-3.42675150927588,0.028713541627515778,-0.007909980489980236,0.029783137244873133,-1.9464166966459906
3591,29.76598770000055,275.2564256792157,142.67857456195185,55.676867921477715,28.85998440003117,-3.4835395491281,0.20227272727272727,-0.45341930237666617,18.876380200843993,-3.4693526531032948,0.017248199523653543,0.013020721101909579,0.021611098186382748,-0.42490460012751985
3593,29.78194810000059,275.256260979951,142.6868906617089,55.676834607308265,28.8616665202093,-3.5726203905588743,0.20227272727272727,-0.4534526165461159,18.874698080665862,-3.4597393160438914,0.01739547023396993,0.03404112796491494,0.03822827196963849,0.3754502085126774
3594,29.79334799999924,275.256623533562,142.6867296844702,55.67690794201595,28.8616339589042,-3.25839004490865,0.20227272727272727,-0.4533792818384299,18.874730641970963,-3.3785832171314985,0.043389923193965146,-0.017009919509335458,0.046604965363062606,6.1998614013839575
3596,29.80944350000027,275.2610569762187,142.68163825664658,55.677804706553324,28.860604101912603,-3.4734471740619712,0.20227272727272727,-0.45248251730105693,18.87576049896256,-3.3417566509093777,0.046711693746153755,-0.05541433017897759,0.07247572229249741,6.935921741095431
3597,29.813692399999127,275.26315547940624,142.68562257685696,55.67822917651626,28.861410021227883,-3.1049189269998947,0.20227272727272727,-0.45205804733812016,18.87495457964728,-3.241254739955803,0.016516156032979228,0.006328936632260619,0.017687251030074926,8.29133106297827
3599,29.83001030000014,275.2690927100166,142.68956276054087,55.679430116344264,28.862207012927584,-3.299406718017496,0.20227272727272727,-0.4508571075101173,18.87415758794758,-3.2246654496916505,0.011096108285637934,0.0007907307437861992,0.01112424712939134,5.729484906197632
3600,29.84161370000038,275.26031211793384,142.67789911298678,55.677654042036615,28.85984777512687,-3.0701108357909996,0.20227272727272727,-0.4526331818177667,18.876516825748293,-3.1390396570602723,-0.014521039737862548,-0.08404538522752943,0.08529060542118577,7.482608371291479
3602,29.857436399999642,275.25869542594995,142.67984180094595,55.67732702933988,28.86024072791861,-3.1754435935878904,0.20227272727272727,-0.4529601945145032,18.87612387295655,-3.229074179066284,-0.05984899937943524,-0.08466590112157353,0.10368325582970331,1.722374628502742
3603,29.862229899999875,275.2569803750422,142.68837780863493,55.67698012131535,28.86196732947388,-3.0453182109050783,0.20227272727272727,-0.4533071025390285,18.874397271401282,-3.176088645884024,-0.03157241588964837,-0.07528710766777738,0.0816392431743976,0.5708049683645899
3605,29.877687800000786,275.2472948702419,142.70311024481458,55.67502100784438,28.86494729951931,-3.5550915370299534,0.20227272727272727,-0.4552662160100027,18.87141730135585,-3.255658775575697,-0.011848156155655105,-0.11928022541280145,0.11986722228706859,-2.005746481906001
3607,29.893684299999222,275.26429626142135,142.70326426792542,55.67845992560568,28.864978454194006,-3.0344790521061986,0.20227272727272727,-0.45182729824870194,18.871386146681157,-3.3315016509937188,-0.008135876451191688,-0.11619183043557751,0.11647632354087697,-0.8185294522997284
3608,29.90562839999984,275.2610813895741,142.70424700570206,55.677809644709306,28.86517723524428,-3.467961484249365,0.20227272727272727,-0.452477579145075,18.871187365630885,-3.397234647578127,-0.019461847131174735,-0.04966961117637389,0.0533463566531903,-4.3577856820026275
3609,29.92127000000073,275.26091854075287,142.7049733420017,55.6777767048341,28.865324153268524,-3.554657970677998,0.20227272727272727,-0.4525105190202794,18.87104044760664,-3.3933888026908465,-0.031711354388267825,-0.07109336473472773,0.07784520862868402,-3.4939162088079394
3611,29.937535600000047,275.2505450796955,142.70719159406798,55.67567843657477,28.86577284516375,-3.37398319382712,0.20227272727272727,-0.45460878727961074,18.870591755711413,-3.501435652489105,-0.06569783705339445,-0.08364975269677258,0.10636487634424055,-1.4148450691071794
3612,29.941915900000822,275.24647416054887,142.7136860210756,55.67485500065648,28.867086490626654,-3.535862312593549,0.20227272727272727,-0.4554322231979029,18.86927811024851,-3.5050633765011368,-0.035533247909047494,-0.044072593155661366,0.05661276511909904,-0.7924878818356722
3614,29.95773469999949,275.24999707277846,142.71874821384165,55.6755675897211,28.868110434163423,-3.5747133010974923,0.20227272727272727,-0.45471963413328353,18.86825416671174,-3.415621684975419,-0.01356965405385242,0.007738046709971587,0.01562091156197152,-0.9618231937515441
3616,29.973087899999882,275.25731259170686,142.7049912290023,55.67704731968616,28.86532777132092,-3.486100104309525,0.20227272727272727,-0.45323990416822113,18.871036829554242,-3.45234040403314,0.0034498148006724457,-0.0002504507812557226,0.00345889400716042,1.0182881632158243
3617,29.985311099999308,275.26382155612987,142.6899044234615,55.67836390567172,28.86227612201835,-3.1074495130494055,0.20227272727272727,-0.45192331818265785,18.874088478856812,-3.4596841478446843,0.04909396647386559,0.03308525747930206,0.05920178888014071,3.751236439400337
3619,30.001063600000634,275.2604024977708,142.695163322731,55.677672323412736,28.86333985391604,-3.5575767891157266,0.20227272727272727,-0.4526149004416453,18.87302474695912,-3.4083641280658963,0.027092508494355665,0.07344906470302817,0.07828645554798322,2.608378166473555
3620,30.00476080000044,275.2611379169232,142.6975983563175,55.677821078650375,28.86383239480059,-3.5725810316512705,0.20227272727272727,-0.4524661452040064,18.872532206074574,-3.3609048331341196,-0.020889516506755954,0.03184303934676351,0.03808347482472626,3.3211309868609202
3622,30.021203199999945,275.2558574052081,142.6864545878216,55.67675297514436,28.861578314354823,-3.318113202203551,0.20227272727272727,-0.4535342487100209,18.87478628652034,-3.3618938849520688,-0.04290121412009647,-0.028479502676311684,0.05149365247939215,3.442761940915259
3624,30.036554199999955,275.2449644764974,142.68848751818416,55.674549632746064,28.861989520723615,-3.2488036296506424,0.20227272727272727,-0.455737591108317,18.874375080151548,-3.343899999759161,-0.04035046728773838,-0.02280979136195478,0.046351340782276755,3.281209394170849
3626,30.05282199999965,275.24477576440023,142.6926657848279,55.6745114614355,28.862834670112917,-3.112394772139151,0.20227272727272727,-0.45577576241888096,18.873529930762245,-3.343780414052867,-0.051090434061952794,-0.01649277412999213,0.053686535100914125,0.918609413755961
3628,30.068616000000475,275.2423435444791,142.6957250069375,55.674019489678734,28.863453467312358,-3.4676073631511914,0.20227272727272727,-0.4562677341756469,18.872911133562805,-3.305082996174449,-0.03333631607594665,-0.04246048835473553,0.05398335892511738,-0.7060744881946899
3630,30.087746799999877,275.24107000973794,142.7053375568911,55.67376188833335,28.865397824007516,-3.571983103119798,0.20227272727272727,-0.4565253355210288,18.870966776867647,-3.2855016521936866,-0.009336926309608716,0.0017452922235704563,0.009498644000946606,0.5525416112752388
3631,30.097005600000557,275.24215989745403,142.7050056538712,55.673982342894114,28.865330689078494,-3.12462611281146,0.20227272727272727,-0.45630488096026767,18.87103391179667,-3.3612717089213553,-0.02791793415209448,-0.05746431330792996,0.06388707499387196,2.3014451563033935
3633,30.11276689999977,275.2403261099239,142.6898701196023,55.67361141768915,28.86226918328319,-3.150896909746834,0.20227272727272727,-0.4566758061652294,18.874095417591974,-3.2436097553190915,0.006961508935865345,0.0167055933093032,0.018098051123808023,0.5765249578583462
3634,30.11714159999974,275.2382660367583,142.69739657653145,55.67319472107157,28.86379158025295,-3.491245055777492,0.20227272727272727,-0.4570925027828139,18.872573020622212,-3.205322954909376,0.02167542663637232,0.021165481286161702,0.030295242496861118,-0.6778729426465686
3635,30.128598699999202,275.2463798636818,142.67861016097856,55.674835926972,28.859991600743392,-2.8792975951398736,0.20227272727272727,-0.45545129688238006,18.87637300013177,-3.2760644396087786,0.023102530544609916,-0.0006717947299473802,0.023112295985553213,1.1189768971027614
3637,30.144661199999973,275.25115275454164,142.68491019774427,55.675801352623196,28.86126592636191,-3.38054910107122,0.20227272727272727,-0.454485871231185,18.875098674513254,-3.36036748766863,0.0055609415170828486,-0.05560641534384539,0.05588378564439474,-1.3804304672425034
3639,30.16538650000075,275.25432352726136,142.69535472366272,55.676442713468774,28.863378569104505,-3.478333536308474,0.20227272727272727,-0.4538445103856077,18.872986031770658,-3.3437732131666253,-0.01208578442451707,-0.01551463368099587,0.01966647002925006,-2.2939560199449516
3641,30.18021670000053,275.24616751354466,142.70125176159854,55.67479297433062,28.864571379050613,-3.5724121500460893,0.20227272727272727,-0.4554942495237597,18.87179322182455,-3.4183957039172905,-0.0935322919404305,-0.04922151518199912,0.1056931747675397,-0.4475071107984654
3643,30.197336999999607,275.23063739220396,142.71373961968243,55.671651654332166,28.867097332163038,-3.4082736832674687,0.20227272727272727,-0.4586355695222153,18.869267268712125,-3.346760242219192,-0.08436887003839943,0.019822990032375684,0.08666635544073605,1.0714833744062668
3645,30.213123600000472,275.2100344201426,142.7010074994235,55.66748423498339,28.864521971474296,-3.252410048893199,0.20227272727272727,-0.46280298887099036,18.871842629400867,-3.2984883296106435,-0.11696721680014052,0.04547362549604711,0.12549573865962868,1.769171090262399
3647,30.22825720000037,275.2179592282853,142.68111441372128,55.66908720753952,28.86049814277544,-3.0223717925807283,0.20227272727272727,-0.4612000163148622,18.875866458099722,-3.2629771308406768,-0.07666403519345023,0.04866210874136985,0.09080404792353411,2.586942823479202
3649,30.244739699999627,275.207199264512,142.6789698736359,55.66691076032174,28.860064360803626,-3.2369739732657297,0.20227272727272727,-0.46337646353264006,18.876300240071537,-3.1922817805461277,-0.009067246035311609,0.1366366265371088,0.13693714858323225,0.8450737173480406
3651,30.259951599999113,275.2139883146277,142.6838197418581,55.66828400000424,28.86104535687584,-3.3948561561962545,0.20227272727272727,-0.4620032238501395,18.87531924399932,-3.2066255973937206,0.13400663033640167,0.07538528294623349,0.15375538318706336,0.13576622076364936
3653,30.27656869999919,275.2266806966662,142.65980416355364,55.670851322734755,28.856187660355168,-3.0547969317947254,0.20227272727272727,-0.45943590111962607,18.880176940519995,-3.281819711395749,0.12651679692423973,-0.01822594776834436,0.12782286601396378,0.10677762628828535
3655,30.29202439999972,275.2611710988395,142.67074005666984,55.67782779044708,28.858399693280944,-3.3241291331311644,0.20227272727272727,-0.45245943340729866,18.87796490759422,-3.2893738367883736,0.14259681299450372,-0.015233001959719149,0.14340814281237405,-1.1578994200483312
3657,30.308500600000116,275.2667485324226,142.68720781360045,55.678955953149114,28.861730671387363,-3.398342362590872,0.20227272727272727,-0.4513312707052677,18.8746339294878,-3.253100318210328,0.08165254334230532,0.005372385275941642,0.08182909236830263,-1.1478519130386693
3660,30.336133599999812,275.2596930579712,142.68156811029246,55.67752882308963,28.86058991321825,-3.274744600228852,0.20227272727272727,-0.4527584007647505,18.875774687656914,-3.3093132868836252,-0.01292663657056766,-0.06476946819314587,0.06604681629761174,-1.8291382483090466
3662,30.352865499999098,275.24195408272476,142.67838024871457,55.67394071218751,28.859945095762722,-3.2134885633060293,0.20227272727272727,-0.45634651166687235,18.87641950511244,-3.3242497939118065,-0.12159454363201665,-0.04667087633512054,0.130243632239609,-1.5827888971068296
3663,30.35717459999978,275.2351711378687,142.67962390128997,55.67256870743253,28.860196652760926,-3.335861775161206,0.20227272727272727,-0.45771851642184913,18.876167948114237,-3.358427576458559,-0.16543338620377418,-0.027372276963058884,0.16768257755947547,-2.246344200727753
3665,30.38566399999945,275.22221963471543,142.68703635406013,55.669948971567436,28.861695989798527,-3.3988116682720735,0.20227272727272727,-0.46033825228694525,18.874668611076636,-3.337260324890808,-0.14808677067021675,-0.030897758855838807,0.15127578507430373,-1.2256033374073139
3667,30.401517300000705,275.21040667150567,142.69531880807847,55.667559531281825,28.863371304361326,-3.5692312753246336,0.20227272727272727,-0.46272769257255675,18.872993296513837,-3.3549558711562235,-0.07515158589640095,-0.08127790886120376,0.11069715141589812,-0.4795207490240657
3670,30.42181469999923,275.2139275578555,142.69294510207325,55.66827171056623,28.862891168373906,-3.1689083423900977,0.20227272727272727,-0.4620155132881507,18.873473432501257,-3.2926543246060467,0.012849239795301469,-0.08053349460042568,0.08155211043175983,2.2628127207591486
3672,30.437686499999472,275.225715595657,142.70968709011981,55.67065610912153,28.866277615956054,-3.3019662946331043,0.20227272727272727,-0.4596311147328507,18.87008698491911,-3.247614655322165,0.07310624754808061,-0.06351717683633341,0.09684500598285536,2.331421230874151
3674,30.45359769999959,275.23528146484085,142.71398644746597,55.67259102357008,28.86714725869198,-3.024354042410325,0.20227272727272727,-0.45769620028430325,18.869217342183184,-3.155645832222685,0.1038330413906154,-0.01713187398479245,0.10523688322378262,2.427543891602555
3676,30.46970119999969,275.2519468365477,142.71140271741973,55.67596197375624,28.86662464056899,-3.173613321852663,0.20227272727272727,-0.45432525009814384,18.869739960306173,-3.138156956637889,0.07963097567737155,-0.01891360156616084,0.0818462987039342,1.9871509536135596
3678,30.4864065999991,275.2521873358536,142.70097588395006,55.676010620206746,28.864515576526262,-3.109387159827232,0.20227272727272727,-0.4542766036476351,18.8718490243489,-3.1487747844269967,0.01843796934002935,0.01722934450779589,0.0252350753030812,0.8952251852937432
3681,30.51365430000078,275.2406128285509,142.69898942840828,55.6736694130478,28.864113770746222,-3.0814639644661184,0.20227272727272727,-0.45661781080658415,18.87225083012894,-3.1251382182416867,-0.04108261236924127,0.06501899569117303,0.07691066791915224,-0.05689515243183407
3683,30.529521399999794,275.2283962271995,142.70155045621888,55.67119832777444,28.864631796826092,-3.355055433578645,0.20227272727272727,-0.4590888960799404,18.87173280404907,-3.1667403630161486,-0.14150573647973883,0.04214719110702947,0.1476491082766359,-0.1704239002015887
3685,30.54557720000048,275.2144262076814,142.68692189283252,55.66837257382647,28.86167283741385,-2.906171211483771,0.20227272727272727,-0.4619146500279143,18.874691763461314,-3.1503710015415023,-0.13220801093285983,0.04915513565351852,0.14105029427810137,0.48247627281205585
3687,30.56153429999904,275.191328655192,142.69338332478395,55.663700568891116,28.862979808876755,-3.381624045724976,0.20227272727272727,-0.46658665496326535,18.873384791998408,-3.142099068577285,-0.09506665032414227,0.100772874936142,0.1385382269510768,-1.0629221242776352
3689,30.576990800000203,275.19510356402077,142.68105847317986,55.66446412999511,28.860486827529563,-3.0275403524539994,0.20227272727272727,-0.4658230938592709,18.8758777733456,-3.101465347206733,-0.06494683900330822,0.13173524430262365,0.14687500293785044,-0.5956290800845749
3691,30.593406399999367,275.2032015868871,142.65891632852393,55.666102139165794,28.85600807554234,-3.0401042996450354,0.20227272727272727,-0.4641850846885873,18.88035652533282,-3.214068513976911,-0.00014087215610072978,0.06509937356548917,0.06509952598585857,-1.0247071273087587
3692,30.609185600000274,275.2028008239679,142.64938636972863,55.66602107575714,28.85408042478602,-3.1518868267258826,0.20227272727272727,-0.4642661480972379,18.882284176089144,-3.218572640647718,0.08094819067480208,0.019823279482433995,0.08334009828985567,-1.3428322529278094
3694,30.62536309999996,275.21464038352923,142.6612941600099,55.668415895759324,28.856489046002004,-3.4691870453346607,0.20227272727272727,-0.46187132809505727,18.87987555487316,-3.2367862529801754,0.10815013055685026,-0.050300492052339905,0.11927527086605699,-2.722141927673896
3696,30.641495800000484,275.2236258241415,142.68588216216125,55.67023340533771,28.861462528255345,-3.4041446790790117,0.20227272727272727,-0.4600538185166698,18.87490207261982,-3.2540843775515986,0.1547198258142277,-0.020940906091010708,0.15613054168834964,-0.8154069572196515
3698,30.657570999999734,275.23836092187014,142.70092866266194,55.67321391374191,28.864506024947527,-3.1186084141162858,0.20227272727272727,-0.4570733101124702,18.871858575927636,-3.3226875450239395,0.15712319976838274,-0.023634824960624492,0.1588908583159348,-0.2770440443298907
3700,30.673524600000746,275.2645961965329,142.66783147891636,55.6785205942987,28.857811367326264,-3.126594922502152,0.20227272727272727,-0.4517666295556779,18.8785532335489,-3.2800251775822082,0.11906955161038471,-0.048741006125539416,0.12865941006715342,-1.065029664918384
3702,30.68943330000002,275.2651372683868,142.6592826879523,55.67863003837824,28.85608218006308,-3.4949026640875864,0.20227272727272727,-0.45165718547614375,18.880282420812083,-3.241742999290789,0.09397904532522632,0.038763995906537514,0.10165976755276887,-0.6835123936501037
3704,30.705604499999026,275.2617607460222,142.68122172378315,55.677947059990856,28.86051984867432,-3.255875208126004,0.20227272727272727,-0.45234016386352494,18.875844752200845,-3.3236628840341322,-0.0006067082444254079,0.059843518371814244,0.05984659377117066,0.21894526947886395
3706,30.721517399999357,275.26075434899457,142.67105440796837,55.677743493319355,28.85846327797542,-3.2127337876219153,0.20227272727272727,-0.4525437305350266,18.877901322899742,-3.310370099345741,-0.07687252087484321,-0.003823572837769622,0.07696755274074221,-0.5271975199524159
3708,30.737526900000375,275.23799781514714,142.67769739311277,55.67314046715476,28.859806972697807,-3.528207837833002,0.20227272727272727,-0.4571467566996219,18.876557628177355,-3.306453403079845,-0.12612807945103374,-0.06319542154684414,0.1410742844408208,-1.58967819701608
3710,30.753630999999586,275.23412077409125,142.6696325076628,55.67235624748664,28.858175666322705,-3.0601309990601955,0.20227272727272727,-0.4579309763677415,18.87818893455246,-3.323468366088584,-0.13279990405138503,-0.003098805696860004,0.13283605351260616,0.7069532548386761
3713,30.773640600000363,275.21043857074994,142.68824649715953,55.66756598362897,28.86194076874363,-3.475319182758107,0.20227272727272727,-0.46272124022541306,18.874423832131534,-3.3816169821870585,-0.13012783864688704,-0.04260797567074637,0.13692587038857623,0.32878833740976277
3715,30.790394800000286,275.2041771909453,142.68608753436837,55.66629947725939,28.861504069451783,-3.3409500231696994,0.20227272727272727,-0.463987746594988,18.87486053142338,-3.2740991084856548,-0.0437494998039864,0.01699312359357342,0.04693383622255342,0.3902959762783494
3717,30.805905999999595,275.2042207301958,142.69132560029254,55.66630828406233,28.862563587331902,-3.5034768681142885,0.20227272727272727,-0.4639789397920495,18.87380101354326,-3.29047084080603,0.061535575354648,-0.025664027610138754,0.0666728531518003,-1.296315133037651
3718,30.817613600000186,275.21257709417006,142.67893491569814,55.66799854859349,28.860057289766214,-2.9906184693259825,0.20227272727272727,-0.46228867526089346,18.87630731110895,-3.2840060627114678,0.09807100629560069,-0.019952323429076543,0.10008005538592706,-0.5941024351371851
3719,30.821754299999157,275.2223566148511,142.68122741178587,55.66997667891306,28.86052099920214,-3.141989660662072,0.20227272727272727,-0.46031054494132206,18.875843601673022,-3.3232997176814356,0.13662346211769988,-0.04594333820809984,0.14414146081794238,-2.9061117240135252
3722,30.85368770000059,275.213401881006,142.7064249323985,55.66816538047622,28.86561777041697,-3.4429952922852967,0.20227272727272727,-0.46212184337816353,18.87074683045819,-3.3039791298958594,0.17038180796322389,-0.04123840180571642,0.17530135843257638,-3.5880488043159686
3724,30.869672900000296,275.22266150061955,142.71463514744727,55.67003834898895,28.86727847300638,-3.537418298019537,0.20227272727272727,-0.4602488748654281,18.869086127868783,-3.386185866917279,0.15266411194371365,-0.08763895848775269,0.17603101465474988,-2.8747649964433304
3726,30.88597309999932,275.2363093796774,142.7182439127189,55.672798942707466,28.868008427799957,-3.406873929186407,0.20227272727272727,-0.4574882811469152,18.868356173075206,-3.4589689254578295,0.07063287376562473,-0.06024324322598196,0.09283453673485692,0.11064393835610131
3728,30.902074899999207,275.24075009489684,142.71967109018703,55.67369717828595,28.868297106878742,-3.4016521544330818,0.20227272727272727,-0.45659004556843286,18.86806749399642,-3.392651963572863,0.10361261468227302,-0.03692253878884144,0.10999476256581801,0.5602455983872318
3730,30.917910300000585,275.24604015180506,142.7177146573701,55.6747672125242,28.86790137387713,-3.5059049533648237,0.20227272727272727,-0.4555200113301794,18.86846322699803,-3.3065481132224646,0.07474173952659077,-0.004933529714142956,0.0749043880083208,1.1918357550547165
3731,30.92958340000041,275.2522830482052,142.72019633402027,55.676029980205136,28.868403349381374,-3.111410482860465,0.20227272727272727,-0.4542572436492449,18.86796125149379,-3.2732443400678237,0.03188979218576471,0.012340593880107269,0.034194284653506074,3.0438116133406727
3733,30.945636399999785,275.2501255243751,142.71574763006817,55.675593571975874,28.867503497900152,-3.106899046267544,0.20227272727272727,-0.4546936518785074,18.86886110297501,-3.3051051667357934,0.017147333303973566,0.020648098179859492,0.02683980249336194,1.3430017671041279
3735,30.961529899999732,275.246597505918,142.71247981708922,55.67487995006068,28.86684250845668,-3.240355063413202,0.20227272727272727,-0.4554072737937034,18.86952209241848,-3.2289003517556374,-0.02723764547390033,-0.012428817069905687,0.029939352443215304,0.10342851024152833
3738,30.981909300000552,275.24479127267546,142.71010114605252,55.67451459833663,28.866361368178804,-3.560956287772931,0.20227272727272727,-0.45577262551775277,18.87000323269636,-3.3182730639300066,-0.039424560752859904,-0.02674703345289419,0.04764136636460149,-0.31301417174007695
3740,30.99804310000036,275.2324797066174,142.72129935141345,55.67202430429307,28.86862645971772,-3.1248808784640425,0.20227272727272727,-0.4582629195613137,18.867738141157442,-3.3305418200732317,-0.015460758452783059,0.006513107042814756,0.016776638974671475,0.1711610623122416
3742,31.014347899999848,275.23628787045755,142.73053653172897,55.672794591978914,28.870494889372452,-3.558274043732312,0.20227272727272727,-0.45749263187546774,18.86586971150271,-3.317973713829313,0.005213902319956887,0.011999378528226079,0.01308319007221499,-0.6687074831677657
3744,31.03001100000074,275.2434610003264,142.71331829275454,55.67424552052057,28.867012109216258,-3.168242826983668,0.20227272727272727,-0.4560417033338098,18.869352491658905,-3.3111422697979007,0.006968986817356478,0.008507500501708148,0.010997469802052323,1.2455000385421477
3745,31.041750399999728,275.24685462996445,142.70931254438005,55.674931959242805,28.866201855567784,-3.1775145321936087,0.20227272727272727,-0.45535526461157616,18.87016274530738,-3.304152947583519,0.047966246178914325,0.050117151654033305,0.0693721101193382,1.3169549582109896
3747,31.057515799999237,275.24614130499776,142.7088332242093,55.674787673056365,28.866104902169607,-3.52679906761587,0.20227272727272727,-0.45549955079801663,18.870259698705556,-3.2223999860230688,0.04809111096694424,0.06531763095536332,0.08111194651625604,1.5452937411667365
3749,31.07747609999933,275.2511378446239,142.7021571103876,55.675798336753466,28.864754506419306,-3.089934267392135,0.20227272727272727,-0.45448888710091495,18.871610094455857,-3.230447250373151,0.01670134704760228,0.012561443201530477,0.020897962783719606,2.9040505038790494
3751,31.093883800000185,275.2550206849911,142.70528752173078,55.67658372946411,28.86538770325918,-3.149509235930061,0.20227272727272727,-0.45370349439026825,18.870976897615982,-3.1990672552493016,-0.025640055224190904,0.082155516346203,0.08606358868889204,1.7142018323392332
3753,31.10985679999976,275.24994185982854,142.7085587721101,55.67555642164714,28.866049387994998,-3.208479148734078,0.20227272727272727,-0.45473080220724427,18.870315212880165,-3.083583539819348,-0.00305462889639729,0.10906918991262174,0.10911195601715815,0.18540464593046163
3755,31.125835499999084,275.23783701870514,142.67561827439215,55.673107942419904,28.859386423683866,-3.0206145565743636,0.20227272727272727,-0.4571792814344775,18.876978177191297,-3.1691314275302744,-0.012773840373281393,0.05567610708200145,0.05712267411184954,-0.4747608736350493
3757,31.1415477999999,275.2458981388644,142.66468746111923,55.67473848717939,28.857175418271844,-2.9493804904660994,0.20227272727272727,-0.4555487366749915,18.87918918260332,-3.2077584211637116,-0.029466889051665307,0.05627161203961683,0.06352001158627336,-2.1671904908381148
3759,31.157480100000612,275.24605863612044,142.6803865026969,55.674770951397086,28.86035090622733,-3.5176737059467693,0.20227272727272727,-0.4555162724572952,18.876013694647835,-3.266771518487174,-0.027480311965994115,0.05440866018312432,0.060954654036185434,-4.950147584766946
3761,31.17400500000076,275.2431504237907,142.68329602226328,55.674182699357665,28.86093942268507,-3.342644204097246,0.20227272727272727,-0.4561045244967161,18.875425178190092,-3.375003527351982,0.01650864298585325,-0.06408134127267262,0.06617366237816294,-3.5833885656442876
3763,31.190047300000515,275.2388373433814,142.68732022105698,55.67331028082033,28.86175340835016,-3.5035446353513904,0.20227272727272727,-0.45697694303405,18.874611192525002,-3.4822439405190746,0.009006371080476661,-0.12910110027305843,0.1294148709065289,-2.8227293122264676
3764,31.20148270000027,275.242608810943,142.69723975375058,55.67407314584984,28.863759859281366,-3.5617746008984033,0.20227272727272727,-0.4562140780045425,18.872604741593797,-3.4653204087635534,-0.018845161058232113,-0.10524718236695596,0.10692104325853724,-2.0730332735124852
3766,31.21816299999955,275.24807320693395,142.71244459581547,55.67517844412982,28.866835384153582,-3.4855825563015617,0.20227272727272727,-0.45510877972456143,18.86952921672158,-3.442887003190245,-0.021966155566011593,-0.030031780268913844,0.03720779241597847,0.5078768337497521
3769,31.238332799999625,275.2343901933884,142.72042602754385,55.672410743662645,28.868449810116825,-3.433056047169163,0.20227272727272727,-0.4578764801917359,18.867914790758338,-3.441989666967313,0.00017585284584812483,-0.0410235978640368,0.041023974770048766,1.8827025566714184
3770,31.249951300000248,275.2314491108471,142.70086990410277,55.671815842875894,28.864494139693516,-3.230477176230708,0.20227272727272727,-0.4584713809784873,18.871870461181647,-3.368155042452776,-0.0019635202584257494,-0.011404254964849118,0.011572054403109851,2.238042240819084
3772,31.265554899999188,275.2357943047795,142.7090236759522,55.67269475710313,28.86614342536306,-3.499057954236729,0.20227272727272727,-0.457592466751251,18.870221175512103,-3.3652016574721944,-0.031106179995968687,0.06205877212481433,0.06941819380811658,1.768622172470929
3774,31.282032799999797,275.2403574138241,142.7112527614853,55.673617749614415,28.866594308573163,-3.1926014783257193,0.20227272727272727,-0.4566694742399662,18.869770292302,-3.3115393461364264,0.01823662333185615,0.09656458348476753,0.09827152799328318,2.4498718974268496
3776,31.301599799999167,275.2326717982029,142.6935564622657,55.672063159181945,28.863014829867378,-3.4708156313986542,0.20227272727272727,-0.4582240646724358,18.873349771007785,-3.3311493179860827,0.015864438242503852,0.01070174197694914,0.01913655355834519,1.5066564301947007
3778,31.31968659999984,275.24246251961426,142.6852864420996,55.67404355510379,28.86134203033378,-3.1647444904903215,0.20227272727272727,-0.45624366875058797,18.875022570541383,-3.2687365149267533,-0.014015900322148615,0.05883732996547954,0.060483690853875,1.70267827986762
3780,31.333874599999035,275.23803903931184,142.69151871897645,55.673148805678984,28.862602649974782,-3.328527035478988,0.20227272727272727,-0.457138418175397,18.87376195090038,-3.2454846317106303,-0.02648825115092936,0.04404276778290081,0.05139448261256491,0.9994827833727512
3783,31.36164699999972,275.22525981103905,142.67298588055775,55.67056391632381,28.858853962203725,-3.1869939389400823,0.20227272727272727,-0.4597233075305738,18.87751063867144,-3.213008000420704,-0.07117236251111968,-0.01613197901018712,0.07297770846086736,-2.0808535456865647
3785,31.377248799999506,275.2247701902163,142.68080215708562,55.67046487938466,28.860434981774137,-3.0763420622451036,0.20227272727272727,-0.45982234446972114,18.875929619101026,-3.2170543941534815,-0.06139072224030642,-0.04333970046035578,0.07514752433167587,-3.518902297591027
3786,31.38162469999952,275.21821799921423,142.68335361544328,55.66913954984106,28.860951072214664,-3.308432474949021,0.20227272727272727,-0.46114767401331846,18.8754135286605,-3.2888361229496677,-0.05001441593187074,-0.053693554749132455,0.07337874094452868,-5.087277845133324
3788,31.397313600000416,275.23050416450167,142.68673158888024,55.671624706001474,28.86163434411441,-3.1849764591542113,0.20227272727272727,-0.45866251785290757,18.874730256760753,-3.347504859201912,-0.029220018326347942,-0.10772674467082949,0.11161926799780672,-4.9488893165793195
3790,31.41281539999909,275.23003036587215,142.69750846997152,55.6715288694605,28.86381421324424,-3.687435679459919,0.20227272727272727,-0.45875835439387913,18.872550387630923,-3.443663086326569,-0.024329137726365302,-0.1450294173587095,0.14705590379823313,-6.964190420785263
3793,31.4412427999996,275.23156196357195,142.71650765301897,55.671838669904325,28.8676572298152,-3.480337620201305,0.20227272727272727,-0.45844855395005624,18.868707371059962,-3.390750377500229,0.05833879067454395,-0.09854342898038516,0.11451734319560715,-3.2464939708524407
3794,31.445890599999984,275.23197801530705,142.7231218168192,55.67192282582347,28.8689950947657,-3.5571331978683864,0.20227272727272727,-0.4583643980309091,18.867369506109462,-3.4387893867253005,0.003677929530587324,-0.113107755805834,0.11316753769992585,-3.1362401213055815
3797,31.474201200000607,275.2474396017101,142.7070974138706,55.675050283073176,28.865753795078373,-3.0438689308173226,0.20227272727272727,-0.45523694078120513,18.87061080579679,-3.3769419235444995,-0.04105511647573294,-0.04120746289773376,0.05816852746377635,-1.046635321921562
3799,31.489668399999573,275.2386533753754,142.71599610911886,55.673273069110024,28.867553758435406,-3.425171505279568,0.20227272727272727,-0.4570141547443569,18.868810842439757,-3.42625501959335,-0.058538640571276605,-0.016626794527830897,0.060854110265485095,-2.8519826302312743
3800,31.49386190000041,275.2338881973595,142.7114582863129,55.6723092035568,28.866635880640565,-3.3781983635559136,0.20227272727272727,-0.45797802029758117,18.869728720234598,-3.408453663416987,-0.041208841026585695,0.09123285912684698,0.1001079575419133,-0.36698766100912855
3801,31.50608640000064,275.2292636753164,142.71220066166612,55.671373788870824,28.86678604292792,-3.7269031004455577,0.20227272727272727,-0.4589134349835575,18.869578557947243,-3.49604720304254,-0.05913526289483097,0.03532052712942285,0.06888046859844282,-0.8388987697134976
3803,31.522343900000124,275.2376833193069,142.69199064499182,55.673076853223435,28.862698107736982,-3.4681264169865726,0.20227272727272727,-0.4572103706309463,18.87366649313818,-3.4620834153306874,-0.04644494080184655,0.08124885770000637,0.09358690829193426,1.385596396626897
3805,31.542227100000673,275.23973161126526,142.70821695223827,55.67349116682411,28.865980247157285,-3.4818366289450884,0.20227272727272727,-0.4567960570302745,18.870384353717878,-3.465562002606392,0.004033857449081139,0.046498344254966226,0.04667299030888055,0.043569025548488405
3807,31.558415600000444,275.23561387145605,142.69915171259106,55.6726582603627,28.864146596410464,-3.255352566720304,0.20227272727272727,-0.45762896349167903,18.8722180044647,-3.3371185738542564,0.03037118096157147,0.04230152445108794,0.05207521103064789,2.242753721566812
3809,31.57371450000028,275.2373191744611,142.69573841727865,55.67300319665236,28.863456179858634,-3.3955912999344373,0.20227272727272727,-0.45728402720202155,18.87290842101653,-3.3748326433447957,-0.012267976660724518,0.004338003760787874,0.013012360584332546,1.7109410813704715
3811,31.589882399999624,275.24172873441455,142.69839755336264,55.67389513037021,28.863994050566532,-3.084685956684878,0.20227272727272727,-0.456392093484169,18.87237055030863,-3.3129012647181675,0.007986451580016762,0.051590220398625625,0.05220473397708985,2.4902960304788446
3813,31.606285500000013,275.2329348891626,142.69339960294454,55.67211637530789,28.86298310150469,-3.6566967644392703,0.20227272727272727,-0.45817084854649437,18.873381499370474,-3.3222501814481022,0.027023888758984486,0.03040413926308076,0.04067803151563233,0.8474421192424731
3815,31.621886599999925,275.24235307778946,142.68790877950534,55.67402141800741,28.86187245767267,-3.1721797358119463,0.20227272727272727,-0.45626580584696796,18.87449214320249,-3.264185638229932,0.02250970340237616,-0.035278774608496793,0.04184828174656712,1.8282640617675847
3817,31.63757590000023,275.2457455170689,142.68733958222737,55.67470761595257,28.8617573245869,-3.302097150369978,0.20227272727272727,-0.45557960790181085,18.874607276288263,-3.26857912095433,0.019498040894725392,-0.03369182809748215,0.03892701991268624,0.08527837561361618
3820,31.665637199999765,275.2457421250836,142.7266398636963,55.67470692984646,28.869706699702206,-3.105268583843585,0.20227272727272727,-0.4555802940079232,18.866657901172957,-3.200138715378751,0.004984276048387484,-0.05251920537576778,0.052755188759292714,-0.569927895824361
3822,31.68175700000029,275.24893851843785,142.7286587430069,55.67535347304766,28.87011506392639,-3.106653370306869,0.20227272727272727,-0.45493375080672394,18.86624953694877,-3.278874487827603,-0.04772085490150034,-0.06566973859826927,0.0811775496063725,-1.2689057973554871
3823,31.685931599999094,275.2452027692579,142.72932960274392,55.67459783287262,28.87025076055502,-3.314494736561374,0.20227272727272727,-0.4556893909817603,18.866113840320143,-3.294929913932372,-0.08322807689509518,-0.04250035917694478,0.09345155597326986,-1.5072234294679967
3825,31.702292500000112,275.2337642752515,142.72888979420225,55.672284137494046,28.870161799281817,-3.5658585980562054,0.20227272727272727,-0.4580030863603355,18.866202801593346,-3.2912170668369076,-0.07703240343833623,-0.04130858460644519,0.08740932639984383,-0.35821892790914744
3828,31.729996899999605,275.2154383601053,142.7120176605112,55.66857730465766,28.86674902678522,-3.382374280893825,0.20227272727272727,-0.46170991919672133,18.86961557408994,-3.3319873792101844,-0.08662366751217855,-0.04307669589743112,0.09674327626610656,1.3637400926042758
3829,31.73381320000044,275.21602237078804,142.71725002059657,55.66869543409122,28.86780739052976,-3.0867043483662653,0.20227272727272727,-0.46159178976316184,18.868557210345404,-3.300754844402171,-0.04490267054448321,-0.04787860618783669,0.06564000877906975,2.181356292582654
3830,31.746568299999126,275.2155275043181,142.71940497341086,55.66859533610071,28.86824327871265,-3.310504932173253,0.20227272727272727,-0.4616918877536733,18.868121322162512,-3.2532372324629755,-0.02552637501065423,-0.016076850003966345,0.0301672161001738,2.1446876853325514
3832,31.766028000000006,275.21818238308236,142.72484199937577,55.669132345668935,28.869343040782827,-3.1583320625213056,0.20227272727272727,-0.46115487818544665,18.867021560092336,-3.2485260103186198,-0.0003910177460714301,-0.022906743892740458,0.022910080982950387,2.1632289882596067
3834,31.7820372999995,275.21465759340066,142.71182655837163,55.66841937684695,28.86671037203426,-3.3282705383602273,0.20227272727272727,-0.4618678470074329,18.869654228840904,-3.247828146944243,0.0041480216526305035,0.08445847974207377,0.0845602795878359,0.2961390613177549
3835,31.793379700000514,275.21420211807674,142.7068338978937,55.66832724661098,28.86570049298304,-3.3588181701720456,0.20227272727272727,-0.4619599772434029,18.87066410789212,-3.263468320214672,0.04155317875214494,0.07116285403518852,0.08240642243685413,7.98063871626029
3837,31.809584299999187,275.2185000896552,142.68604475625264,55.669196609043894,28.86149541660565,-3.0832150314943823,0.20227272727272727,-0.4610906148104874,18.874869184269514,-3.2821273744111146,0.05975659580938355,0.04590881375075213,0.07535562303323677,16.22252613402503
3839,31.825377600000138,275.2324901789433,142.69390356936051,55.672026422558986,28.863085040166105,-3.3887057985254003,0.20227272727272727,-0.4582608012953955,18.873279560709058,-2.616473266739069,0.06866352892961602,0.013019571264812985,0.06988697619004389,16.21380790931316
3841,31.841583600000376,275.24199340473865,142.70854822570954,55.6739486659585,28.86604725474579,-3.2516273335035164,0.20227272727272727,-0.45633855789588296,18.870317346129372,-1.9447096327046598,0.07028805700060212,-0.004787578035639166,0.07045091809456586,16.489590341056577
