frame,t_s,x_px_filt,y_px_filt,x_mm_abs,y_mm_abs,angle_deg_raw,mm_per_px,x_mm,y_mm,angle_deg_unwrapped,vx_mm_s,vy_mm_s,speed_mm_s,angular_vel_dps
1111,9.209194200000184,208.99772902180683,189.76120588661286,49.440902490922205,44.89027378771625,5.768206807914367,0.23656191252567887,0.0,-0.0,3.3887539358237007,,,,
1112,9.213237500000105,209.0119749800611,189.7429366645243,49.444272542052595,44.88595198559862,5.505906910288928,0.23656191252567887,0.003370051130389129,0.004321802117623008,4.5292350900317935,,,,
1113,9.22670939999989,209.01792828481018,189.73946799181468,49.44568086720989,44.88513142974851,5.6696559609152075,0.23656191252567887,0.004778376287681851,0.0051423579677347675,5.70231377326599,,,,
1114,9.231838199999856,209.02137355069473,189.73974523281694,49.446495885896695,44.88519701441024,5.702405771040463,0.23656191252567887,0.0055933949744897404,0.00507677330600842,5.744729035781128,0.13543035001659604,0.13782904635148285,0.1932310164641715,79.20162168656411
1115,9.242163800000071,209.0177602272733,189.7447126143566,49.445641111197546,44.8863721076875,5.865393416170984,0.23656191252567887,0.004738620275340111,0.0039016800287470232,5.844199865994116,-0.06506576685822504,-0.1059273290531784,0.12431473387008167,23.492839483261555
1116,9.24787490000017,209.00962423040232,189.75229448659695,49.44371644421744,44.888165689885206,5.980283120490056,0.23656191252567887,0.0028139532952380364,0.0021080978310408227,5.8953815686578075,-0.12921275673192134,-0.16391713691445958,0.20872173886899364,6.416948733096453
1117,9.259661399999914,209.0012044279619,189.75976322736213,49.44172463964905,44.88993250948477,6.003261061353871,0.23656191252567887,0.0008221487268471606,0.00034127823147400704,5.93690544581164,-0.17845619626966264,-0.21491580191926146,0.27934819831464025,4.488476317503048
1118,9.264556699999957,208.99673055034987,189.76450287959443,49.440666290604746,44.891053730681556,5.925564474233665,0.23656191252567887,-0.00023620031745963388,-0.0007799429653090328,5.945210373830297,-0.08984353212584739,-0.24904197583186855,0.26475227287237624,-2.1202371954234396
1119,9.275339299999814,208.99275105799762,189.7767084530529,49.43972489428302,44.89394110448236,5.910025156809624,0.23656191252567887,-0.0011775966391880388,-0.0036673167661120942,5.930412924375435,-0.02552672532777348,-0.19304271584606517,0.1947231466651673,-5.561236062803934
1120,9.27935239999988,208.9988629659154,189.78153368064602,49.44117073890923,44.89508256955016,5.906918056264269,0.23656191252567887,0.0002682479870230736,-0.004808781833915532,5.836465656774501,0.14714149711590455,0.048408797887973504,0.15490007064707367,-7.086997765343555
1121,9.290673099999822,208.99812501271907,189.7831634189408,49.44099616728975,44.895468103558095,5.906295873215745,0.23656191252567887,9.367636754120667e-05,-0.005194315841848152,5.743146860602948,0.24491174875844543,0.17809357810727466,0.3028185714961549,-7.233206476199719
1122,9.29521879999993,209.01146744092392,189.76284560327036,49.444152477623625,44.89066168222475,5.533524723349204,0.23656191252567887,0.003249986701419516,-0.00038789450850629237,5.724483101368637,0.24259972726170057,0.24314078230728678,0.34347062128870776,-8.59713625424036
1123,9.308399500000178,209.0266591270767,189.73947849066133,49.44774625195441,44.88513391337575,5.458970493375896,0.23656191252567887,0.006843761032207851,0.005139874340493122,5.737208631992479,0.1302235175552316,0.2693823989178752,0.29920735514222735,-3.1522952151515153
1124,9.311908099999982,209.02519276638833,189.73862633653252,49.44739936686552,44.88493232616528,5.8167063606380704,0.23656191252567887,0.00649687594331283,0.005341461550969484,5.708466201496153,0.1331714610460845,0.2545723628200815,0.28730075869887295,2.588333576790726
1125,9.321738399999958,209.0168153119584,189.74499365078353,49.44541758022348,44.88643859020215,5.970545709383474,0.23656191252567887,0.0045150893012717574,0.003835197514099775,5.74595952142716,0.0014609001638487993,0.04011214653788275,0.04013874100124856,3.6880632412614993
1126,9.325747599999886,209.01680377305797,189.746825805274,49.445414850559125,44.88687200817245,5.762583720734117,0.23656191252567887,0.004512359636919427,0.003401779543793282,5.82798752806473,-0.1006379976586324,-0.09322339986832882,0.1371809347385752,3.6564303804387066
1127,9.337526100000105,209.01858616665317,189.74756994619156,49.445836496996876,44.8870480435711,5.720991323004245,0.23656191252567887,0.004934006074670094,0.0032257441451477575,5.844393129392243,-0.10042863530876427,-0.1227510299669376,0.15859926275971395,6.087508642112227
1128,9.341590399999859,209.01449990470041,189.75181863400883,49.444869843054256,44.88805312128688,5.86911052656374,0.23656191252567887,0.003967352132050905,0.002220666429366247,5.847674249657746,-0.057825066867107686,-0.113284066029014,0.12718890664775556,5.835268510257335
1129,9.35380269999996,209.0094500188997,189.75647425078736,49.4436752324112,44.889154462895995,5.898734367275639,0.23656191252567887,0.002772741488996644,0.001119324820251677,5.896076445390534,-0.13199090268475808,-0.15874376479273505,0.20644897977977142,-1.352615496548687
1130,9.369850600000063,209.0102245957894,189.76365774726716,49.443858467801626,44.89085380456188,5.986951310710987,0.23656191252567887,0.0029559768794200636,-0.0005800168456318033,5.937044421158186,-0.1576793954685303,-0.16879590263926714,0.23098668468794067,-2.4012004487431833
1131,9.374135999999908,209.0034945644747,189.76973371171914,49.44226639872246,44.89229114633308,6.004594699398057,0.23656191252567887,0.0013639078002540828,-0.0020173586168326096,5.870708673660349,0.0330917274852138,0.1053101827674219,0.11038703285469476,-5.430566574970419
1132,9.385708400000112,208.9989624777886,189.77292354023447,49.44119427962827,44.89304573826729,5.925831201842502,0.23656191252567887,0.00029178870606472174,-0.0027719505510432896,5.826153987539687,0.0728972361162524,0.14229334470991936,0.15987933882188965,-6.690954195177048
1133,9.389659500000107,209.0109214971327,189.75416304448245,49.44402332811624,44.888607719512265,5.537431789074556,0.23656191252567887,0.003120837194032333,0.0016660682039812968,5.769497078635868,0.11278953475798253,0.1794154384957124,0.21192304905680012,-9.35089098114332
1134,9.401542900000095,209.01600552076755,189.74940425599365,49.44522601447063,44.88748197140605,5.6759609366723325,0.23656191252567887,0.004323523548421804,0.0027918163102000904,5.74170726179651,0.17293319611634875,0.23316784799615056,0.2902983562787973,-5.197803630341495
1135,9.404971399999795,209.01906180499657,189.74824889114686,49.44594901491306,44.88720865608823,5.703666766191889,0.23656191252567887,0.005046523990856144,0.0030651316280199126,5.704861761807545,0.2044581996665879,0.23843694154143014,0.3140944611140631,-3.702808273144363
1136,9.417676800000208,209.01525968342688,189.7518281529625,49.44504957776288,44.88805537310876,5.865645615201269,0.23656191252567887,0.004147086840674774,0.00221841460748351,5.772022004461119,0.04545309393844656,-0.00035745637927073193,0.0454544994872931,-1.4965670862708458
1137,9.421382300000005,209.0162775368235,189.75243686612149,49.44529036310906,44.88819937145784,5.7416037018976755,0.23656191252567887,0.0043878721868537696,0.0020744162584094283,5.785454052991835,0.04052033947766725,-0.022828807920072865,0.04650862696787533,-3.1596079888448143
1138,9.433640899999773,209.01218324528986,189.75610238059286,49.444321809673426,44.88906649257157,5.873233002342427,0.23656191252567887,0.003419318751220146,0.0012072951446739921,5.744898656667704,0.2776008672017474,-0.04114989739048749,0.2806342023460609,-0.40683913995008103
1139,9.437339000000065,209.01337982621504,189.7563778900701,49.44460487514558,44.889131667620426,5.743121179325907,0.23656191252567887,0.003702384223373656,0.001142120095821042,5.705500040781783,0.4575568644408127,0.09074910810963774,0.4664693825103669,-2.787578611697334
1140,9.450552799999969,209.0913729106553,189.75704186021284,49.46305506836454,44.88928873766725,5.500889784571236,0.23656191252567887,0.02215257744233412,0.0009850500489960723,5.745366289284288,0.38851193969111725,0.08293262399763462,0.39726483283281866,-3.5905794433420812
1141,9.454075799999828,209.10371862439234,189.7482127965962,49.46597559401767,44.88720011749229,5.668652535771669,0.23656191252567887,0.0250731030954654,0.003073670223955105,5.722052002363693,0.25445777573334705,-0.027318277441812394,0.2559200029570768,-0.4774137757638295
1142,9.466028499999993,209.0895588064887,189.75215100798692,49.462625920413366,44.88813174831081,5.940934944410193,0.23656191252567887,0.021723429491160573,0.0021420394054345593,5.717389144979576,0.20573589059832226,-0.027634148675826066,0.20758348405719199,1.7893516190114453
1143,9.469480199999907,209.078625968712,189.761226533735,49.46003962739958,44.89027867203895,5.75666156773946,0.23656191252567887,0.019137136477375805,-4.884322706288913e-06,5.759698379533025,-0.16900622246319946,-0.013733728653337038,0.16956331718270895,0.41888796127079886
1144,9.481922599999962,209.0698388347073,189.76223656507437,49.45796092617381,44.890517606984304,5.719806892405314,0.23656191252567887,0.017058435251605886,-0.00024381926805716603,5.768160226443715,-0.36149404563445753,-0.12721376621469663,0.3832248521999777,1.6947637553433
1145,9.485772600000018,209.06206877850104,189.76129888736233,49.45612282681722,44.89029578815141,5.712435957338485,0.23656191252567887,0.015220335895016035,-2.2000435166091847e-05,5.75339431335515,-0.4865069339478233,-0.16996464024057717,0.515341610692772,1.7435178957911113
1146,9.498162299999876,209.05507941996706,189.75996583512182,49.4544694107951,44.8899804387639,5.7109617703251185,0.23656191252567887,0.01356691987289338,0.00029334895234711666,5.750441130737437,-0.3637308637687986,-0.043733933272975846,0.3663506492112733,-0.7100191502404507
1147,9.502198399999997,209.03963350245272,189.76494263065547,49.45081549500719,44.89115775903359,5.867105378967368,0.23656191252567887,0.009913004084985744,-0.0008839713173429686,5.749850494213894,-0.3719706315082734,0.09386812914542628,0.38363182398482815,-0.8473670162165536
1148,9.513803499999995,209.03299110876748,189.76449310395293,49.44924415765326,44.8910514181371,5.741895654650896,0.23656191252567887,0.008341666731055852,-0.0007776304208562124,5.7497323669091855,-0.2867303744413868,0.09312772471919768,0.3014748426298164,-0.5799337651573517
1149,9.517340599999898,209.02987711068795,189.75449302696478,49.44850750431197,44.888685780799385,5.716853709787601,0.23656191252567887,0.007605013389763826,0.0015880069168616728,5.749708817742189,-0.1753707134133022,0.08968125254215172,0.19697109986142577,-0.8989843156415838
1150,9.529866899999888,209.0271645596544,189.75163824087207,49.447865818051646,44.88801044714144,5.711845320814942,0.23656191252567887,0.0069633271294406995,0.002263340574806705,5.718416418699805,0.00615711557583683,0.18159085388987373,0.18169520711528878,-0.8903665015170581
1151,9.533280099999956,209.03327276833159,189.75151963712233,49.449310787578426,44.88798239001157,5.710844024490137,0.23656191252567887,0.00840829665622067,0.002291397704674125,5.712157938891329,0.020736611980334864,0.2839681114253127,0.2847242444592342,-0.899844364848043
1152,9.545402400000057,209.03339219720985,189.74291836142902,49.449339039902284,44.8859476557834,5.710643383755449,0.23656191252567887,0.00843654898007884,0.004326131932849364,5.710906319223579,0.09077873659573468,0.181821568188971,0.20322367400628896,-0.8993623806513846
1153,9.549750700000004,209.03224331297434,189.73334082692952,49.44906725765026,44.88368197590492,5.710603255608511,0.23656191252567887,0.00816476672805777,0.006591811811325954,5.710655995290029,0.08894004740518469,0.1581073139845277,0.18140632504915183,3.3419273399699865
1154,9.561554599999909,209.03932608703263,189.72545327924215,49.45074277222748,44.881816082538855,5.710595611448851,0.23656191252567887,0.009840281305272924,0.008457705177391972,5.710605854209373,-0.0053028373471403,0.14516763190894033,0.14526445345637665,3.9128779605694124
1155,9.565016999999898,209.03844175125033,189.7263996357285,49.4505335720635,44.8820399544392,5.710593701147192,0.23656191252567887,0.009631081141293407,0.008233833277046188,5.775381516300858,-0.03483206707880379,0.10715854990801059,0.1126775386462177,3.9558682150498763
1156,9.57770389999996,209.0358746284864,189.72942858324853,49.44992628859278,44.882756488057474,5.71059331908686,0.23656191252567887,0.009023797670572264,0.007517299658772458,5.788336648719156,-0.04301862748522865,-0.014031040848884685,0.045249004608012545,6.289000346393564
1157,9.600899800000207,209.02162582264896,189.73160488751137,49.44655556383266,44.88327131875613,6.034521694212881,0.23656191252567887,0.005653072910455137,0.007002468960116914,5.790927675202815,-0.03167570966166508,-0.06709361181692074,0.07419503574505337,7.468613040318888
1158,9.609622500000114,209.01781185117005,189.73473532832315,49.44565332344529,44.88401186182161,5.775378917699998,0.23656191252567887,0.004750832523086501,0.006261925894634146,5.892181583014197,-0.07403135741778719,-0.09764920420688142,0.1225398260295704,2.227461901625044
1159,9.618367000000035,209.02515532485307,189.73869939604563,49.447390509624334,44.88494960926342,5.723550743867149,0.23656191252567887,0.006488018702128784,0.005324178452823958,5.943720053785458,-0.05708196236197187,-0.14720272489686775,0.15788284467970706,0.18763207829051565
1160,9.625633199999811,209.0167945074828,189.7453781265993,49.44541265867694,44.886529542536444,6.216863240204094,0.23656191252567887,0.004510167754737893,0.003744245179802874,5.889242133926038,0.05888469123312072,-0.17445378494220276,0.1841236811012649,-2.0973559867083194
1161,9.631531800000175,209.0177140992828,189.75296440469668,49.4456301990719,44.88832416699211,5.968285672943163,0.23656191252567887,0.004727708149694365,0.001949620724133183,5.83510474392388,0.6269329464315271,-0.17288766838692335,0.6503345794293756,-7.762834490486096
1162,9.636311100000057,209.02649273380507,189.7561656006859,49.44770688964385,44.88908144803769,5.762132094915781,0.23656191252567887,0.0068043987216412916,0.0011923396785533669,5.78103538359923,1.3957386016794504,-0.16689614113196816,1.4056815308393467,-11.104401021117091
1163,9.642983000000186,209.10368052598056,189.75833919069882,49.465966581384514,44.889595636648195,5.504691967689212,0.23656191252567887,0.025064090462308286,0.000678151068051136,5.6694858853135965,1.5035034749855267,-0.08637572655600351,1.5059825581432316,-10.73769824380926
1164,9.647939299999962,209.18838045864356,189.75995833283096,49.48600335944607,44.88997866400763,5.453203942243897,0.23656191252567887,0.04510086852386763,0.00029512370861795034,5.615888372741431,1.3956663485142013,-0.019540385364846636,1.3958031319047721,-9.421918554186048
1165,9.657466499999828,209.19911843009058,189.75250102729953,49.488543554508226,44.88821454954882,5.659115748775928,0.23656191252567887,0.04764106358602049,0.0020592381674262583,5.561926987902778,1.5205231587482508,0.006687621434761751,1.5205378655496262,-6.477190153085489
1166,9.661618799999815,209.19030161069648,189.75197565965692,49.486457830849965,44.888090267574505,5.7002981100823344,0.23656191252567887,0.045555339927759064,0.002183520141741724,5.551134710935048,1.8198074412043093,-0.11151827229021316,1.8232211736696045,-2.649031591025537
1167,9.673665299999811,209.24421923201982,189.75336638195523,49.49921268646904,44.88841925950119,5.492325170722522,0.23656191252567887,0.05831019554683792,0.0018545282150554954,5.5922181378657205,0.9707465027166077,-0.07307282195657977,0.9734928915226977,0.5532913366313585
1168,9.67705849999993,209.30493984828814,189.7629494446099,49.51357687158322,44.890686247130624,5.450730582850559,0.23656191252567887,0.07267438066101306,-0.00041245941437750844,5.6004347469579105,0.6671518687975633,-0.00040060644832386194,0.6671519890741595,4.8168457875107755
1169,9.689839199999824,209.29399314078296,189.7567392532423,49.51098729751993,44.88921715238356,5.65862107689726,0.23656191252567887,0.07008480659772687,0.0010566353326879607,5.666863682790019,0.6120231021390271,2.0564154141694893e-05,0.6120231024845079,6.2214231297089
1170,9.693450299999768,209.27489141263715,189.7483660266895,49.50646855617721,44.887236365896214,5.700198794236874,0.23656191252567887,0.06556606525500541,0.0030374218200321934,5.723391275986715,0.0691671190526909,-0.022444103743778053,0.07271745423837793,6.203198569550871
1171,9.705780799999957,209.23434174964365,189.74669615144776,49.4968760503472,44.886841337015355,6.032442789242883,0.23656191252567887,0.05597355942499149,0.0034324507008918204,5.7779386769502725,-0.8752006399474473,0.10454964841604264,0.8814231612275341,5.753943809223962
1172,9.709067499999946,209.21134117471559,189.74863616554748,49.49143499035303,44.88730027046111,5.774963136705998,0.23656191252567887,0.0505324994308225,0.002973517255135505,5.788848157142984,-1.1205537379913315,0.06306757004882296,1.1223271350716817,1.4846085004828966
1173,9.721519900000203,209.18562109079804,189.75038001917008,49.48535059811117,44.887712799809236,5.723467587668348,0.23656191252567887,0.04444810718896264,0.0025609879070103148,5.791030053181527,-0.9192776369916726,-0.05485488672367073,0.9209128256629181,-1.8506511625288224
1174,9.725504600000022,209.16154428026786,189.7519375035718,49.479654941764636,44.88808124129804,5.713168477860818,0.23656191252567887,0.03875245084243062,0.0021925464182075416,5.726680818375564,-0.9786064137902503,-0.07687374409238135,0.9816211517903409,-5.120841572991928
1175,9.738091799999893,209.14850984936385,189.75412359708434,49.4765714918613,44.888598387760325,5.711108274429585,0.23656191252567887,0.03566900093909453,0.001675399955921364,5.713810971414371,-0.7402685804580177,-0.016996522429468905,0.7404636743203707,-5.934831189153355
1176,9.741933100000097,209.1310605678097,189.7553910982457,49.472443656444646,44.88889823025918,5.710696615213066,0.23656191252567887,0.031541165522440906,0.001375557457066634,5.667995119697914,0.020969015125565038,-0.009633458102626072,0.02307602891208163,-6.068172337439436
1177,9.754139799999848,209.10712885044853,189.74714779287197,49.46678232361567,44.88694817817444,5.710613901900035,0.23656191252567887,0.02587983269346239,0.003325609541803942,5.658831949354623,0.29574529430755964,0.0032926072829831225,0.2957636224551373,-3.5459174595767786
1178,9.757868400000007,209.15941923653793,189.74708968259299,49.47915223735568,44.8869344314957,5.494388329086062,0.23656191252567887,0.0382497464334719,0.003339356220543266,5.65699939157991,0.17830744116834904,-0.09484701088647439,0.20196410337013665,-3.7336058869950426
1179,9.7701947999999,209.15652732500362,189.74853999877325,49.47846812123227,44.88727752106508,5.667352626144361,0.23656191252567887,0.03756563031006266,0.0029962666511664793,5.613390997700749,0.5919608838986303,-0.12193792404477893,0.6043893988037827,-0.6594666581415337
1180,9.77464259999988,209.1408812514169,189.75853850311128,49.47476685614108,44.88964278637368,5.7019454855560205,0.23656191252567887,0.03386436521887504,0.0006310013425689931,5.604669318924916,0.6994037142233659,-0.277830130960105,0.752565702871682,-2.2046596293600387
1181,9.786693500000183,209.19150083043235,189.7694152043911,49.486741520564216,44.8922157996304,5.492654645817259,0.23656191252567887,0.04583902964201059,-0.0019420119141528858,5.646166865493968,-0.028588485152864808,-0.24798062803383175,0.2496231026235136,-2.925166374323556
1182,9.790815700000167,209.19278029794012,189.78021390851964,49.487044193844866,44.89477036173185,5.667005508020874,0.23656191252567887,0.046141702922660954,-0.004496574015604438,5.61122449248356,0.12533068329671807,-0.23386442780738234,0.2653306442333727,-1.7936551381968981
1183,9.803084900000158,209.1760599121315,189.77228202327248,49.483088787399815,44.89289397978784,5.701876061931324,0.23656191252567887,0.04218629647760963,-0.00262019207159625,5.5609941355572605,0.9202021950998728,-0.1102739186259134,0.9267860686241128,1.1475678587165128
1184,9.818745099999887,209.2233324523981,189.76945218916774,49.49427166993523,44.8922245488199,5.49264076109232,0.23656191252567887,0.05336917901302485,-0.0019507611036502226,5.594189870202273,0.6960923300538266,-0.06464301835160209,0.6990874421568243,0.6400023929681387
1185,9.823012199999994,209.28001142730852,189.76789786784857,49.50767975664004,44.891856855595954,5.450793700924519,0.23656191252567887,0.06677726571783182,-0.0015830678797073006,5.648574988810964,0.25320238483237334,0.009558035758608419,0.25338272185049265,2.4394792249905577
1186,9.835021700000198,209.27357036170994,189.76715452067307,49.50615604584333,44.89168100796645,5.658633319042326,0.23656191252567887,0.06525355492112794,-0.0014072202502006803,5.659451936238756,0.2132381892593067,-0.021462941407218723,0.21431561588563164,3.2660867928620365
1187,9.83919909999986,209.2357624329568,189.77154632059796,49.49721212990885,44.89271994055611,5.938931101064325,0.23656191252567887,0.056309638986647315,-0.002446152839866045,5.661627325724314,0.516991170547721,-0.10505945731877649,0.5275579209872776,2.846373995654214
1188,9.850350000000162,209.21114702913763,189.77164863459285,49.4913890629038,44.89274414415042,5.7562607990702865,0.23656191252567887,0.0504865719815939,-0.002470356434173482,5.662062403621426,0.075869919324701,-0.11958614551120524,0.14162305905665148,-0.46398180709668013
1189,9.85445690000006,209.2499112384856,189.7781630131404,49.5005591984047,44.89428519799854,5.503517708520112,0.23656191252567887,0.059656707482496074,-0.004011410282295458,5.662149419200848,-0.015272657068553366,-0.10464975087535336,0.10575833022607323,-1.0253342544687105
1190,9.866995400000178,209.29955361528545,189.7774455689589,49.51230269400279,44.89411547803084,5.452969090410077,0.23656191252567887,0.07140020308058581,-0.0038416903145943593,5.614420850637044,0.3053403571573246,-0.046243781848357174,0.3088223131002697,-0.3961988442492972
1191,9.872016599999824,209.2871877507452,189.77554959414402,49.50937740143712,44.89366696260253,5.659068396939437,0.23656191252567887,0.06847491051491517,-0.0033931748862841005,5.60487521321823,0.025401477654847127,-0.1050829486705514,0.1081094869488679,1.9362263798390362
1192,9.883289899999909,209.2615514237703,189.77348487168052,49.503312822897804,44.89317852790773,5.700288258245309,0.23656191252567887,0.062410331975598865,-0.0029047401914823467,5.646207968058685,-0.5588826836935233,0.011742369966046488,0.5590060262509648,2.113361108115511
1193,9.887691899999936,209.22578824656756,189.7789997274416,49.49485261730073,44.894483132733875,5.70853261197621,0.23656191252567887,0.05395012637852403,-0.004209345017628152,5.697716401350995,-1.1039846440425334,0.05974893485607578,1.1056003027758967,2.9786723985442123
1194,9.8990517000002,209.1927233067591,189.7689686818604,49.48703071190209,44.89211016940656,5.7101814827223905,0.23656191252567887,0.04612822097988101,-0.001836381690310418,5.708018164303402,-1.0871099102457562,0.08494310519358989,1.0904234443895937,2.640897499249654
1195,9.903014099999837,209.16275907376007,189.76472141851198,49.47994231563648,44.89110542866585,5.7105112568716265,0.23656191252567887,0.0390398247142727,-0.0008316409496060828,5.710078593187829,-1.2084171138321682,0.1982390787549268,1.2245695788104771,-0.47836209305006916
1196,9.914944600000126,209.13763267005135,189.75386346009674,49.473998365520245,44.888536849257015,5.710577211701474,0.23656191252567887,0.03309587459803964,0.0017369384592313963,5.667248796640495,-0.8650723716873534,0.2693119636816999,0.9060238087593923,-3.6951014838852587
1197,9.919287300000178,209.11662252298157,189.74266889847144,49.46902816494698,44.88588864234905,5.710590402667443,0.23656191252567887,0.028125674024771286,0.004385145367194809,5.615440955006811,-0.8576432385201035,0.24096213027084404,0.8908505333690463,-4.28667022416045
1198,9.931518400000186,209.1060141512532,189.7396184880456,49.46651862824213,44.88516703142473,5.494383629239543,0.23656191252567887,0.02561613731992196,0.005106756291517911,5.561837504355855,-0.485524172365284,0.1865807510095897,0.5201404604511136,-4.436348503150724
1199,9.936745500000143,209.09162042013753,189.73813490765593,49.463113619681025,44.88481607281036,5.4511422745539635,0.23656191252567887,0.022211128758819143,0.005457714905887201,5.551116814225663,-0.45629411904808703,0.1270695777624104,0.4736570496367462,-3.733789827949653
1200,9.946133299999929,209.09446501104026,189.738862645371,49.463786541545325,44.884988227836054,5.442494003616847,0.23656191252567887,0.02288405062311938,0.005285559880192636,5.548972676199624,-0.2718543177914816,-0.04124670527428592,0.2749655629308072,-1.349417108604747
1201,9.951691799999935,209.08619254670538,189.7407955258447,49.46182959156097,44.8854454737376,5.656973761050518,0.23656191252567887,0.02092710063876524,0.004828313978649135,5.548543848594417,-0.17132640618708755,-0.0426259254950112,0.17654944627862518,0.9055845965502078
1202,9.96240540000008,209.07612501045566,189.7512923262854,49.45944799593131,44.88792861692525,5.699869712537252,0.23656191252567887,0.0185455050091079,0.00234517079099561,5.548458083073376,0.013465100378338112,-0.03816334151796158,0.0404691186463863,1.4852199167113111
1203,9.968676699999833,209.08401080583656,189.74991109426668,49.4613134747684,44.88760187003726,5.492239491213505,0.23656191252567887,0.02041098384619744,0.0026719176789882226,5.5916827359994405,0.029245577609961954,-0.11568616601881979,0.11932557486923849,1.5919919206357755
1204,9.978880799999843,209.09576695316812,189.74605245008036,49.46409453146509,44.886689061788786,5.450713446948756,0.23656191252567887,0.023192040542888037,0.003584725927460397,5.600327590290709,0.1129201322884191,-0.08075367199777936,0.13882403184304581,2.3127907464020496
1205,9.984540699999798,209.09936974732523,189.75576512668025,49.464946815341335,44.888986711141,5.658617268247173,0.23656191252567887,0.024044324419129737,0.001287076575245294,5.602056484855018,0.2043636510935436,-0.04786687926023478,0.20989459263734622,2.996887459224646
1206,9.996899499999927,209.102833922427,189.750937741631,49.46576630722873,44.88784473570125,5.700198032506856,0.23656191252567887,0.024863816306528008,0.0024290520149961026,5.645644069798153,0.15125515118437194,-0.10267515573390942,0.1828122215957942,1.6504137183566383
1207,9.999454100000094,209.10537080360479,189.75166494688236,49.466366436692,44.88801676476631,5.708514185358793,0.23656191252567887,0.025463945769793384,0.0022570229499336847,5.65436158678678,0.7574121242126287,-0.2348317058531602,0.792981119559723,-2.31989737460618
1208,10.010345600000164,209.1068404426004,189.76188321670105,49.46671409730352,44.89043401821733,5.710177415929181,0.23656191252567887,0.02581160638131763,-0.00016023050108060488,5.65610516647845,0.7311568197279069,-0.15806678105492208,0.7480477272926451,-2.6601732437383743
1209,10.014672899999823,209.16726644609932,189.7723342074956,49.48100858825752,44.89290632458747,5.494301031891891,0.23656191252567887,0.04010609733531112,-0.0026325368712249997,5.5738675939646365,0.7252407645180843,-0.14106489222277588,0.7388325049269278,-3.4086594426399106
1210,10.026455499999884,209.16822804951312,189.773436335077,49.481236067000175,44.89316704599597,5.667335166705527,0.23656191252567887,0.040333576077969724,-0.0028932582797267514,5.557420079461873,0.6289434475387872,-0.10422894178335695,0.6375213976857981,-2.1864740968912892
1211,10.041713999999956,209.17059705144078,189.76199311697238,49.481796482626955,44.890460016435696,5.289010169937785,0.23656191252567887,0.040893991704749055,-0.00018622871944984354,5.55413057656132,0.6002025963444928,-0.0599146832038629,0.6031856479742281,-2.0864893251659438
1212,10.046185499999865,209.16593646378794,189.75978462567863,49.48069396509831,44.88993757151145,5.626276612844979,0.23656191252567887,0.03979147417610562,0.00033621620479351577,5.596714482011483,-0.1359243913108286,-0.042317280590695706,0.14235937759702003,8.614580559618101
1213,10.059089400000175,209.15983891331027,189.75980470744506,49.47925151689559,44.88994232209252,5.693729901426417,0.23656191252567887,0.038349025973381856,0.00033146562372365906,5.60523118680757,-0.16064557304492832,-0.009031694214882861,0.16089925928768148,9.432345168233063
1214,10.063410300000214,209.15294724663812,189.76863312266204,49.477621211047136,44.892030788880824,5.707220559142705,0.23656191252567887,0.036718720124930826,-0.001757001164577332,5.754306506526553,-0.3216658028607666,-0.0217861288467913,0.32240273593781826,7.31647401886471
1215,10.074481999999989,209.14806576063415,189.76187950258935,49.47646643738207,44.890433139599956,5.709918690685963,0.23656191252567887,0.03556394645986671,-0.0001593518837097463,5.78412157047035,-0.29755714338283756,-0.04478012880870538,0.30090781564173236,5.221819341004199
1216,10.079187899999852,209.1327806003148,189.75961889298134,49.47285055062366,44.88989836546761,6.034386768532701,0.23656191252567887,0.03194805970145609,0.0003754222486378467,5.7333216590647735,0.38949848354727107,0.04685751090675433,0.3923068888179258,4.984710746315725
1217,10.089884099999836,209.12708247918027,189.75953439243477,49.47150259219028,44.8898783758567,5.775351932563962,0.23656191252567887,0.030600101268071,0.00039541185954306,5.723161676783659,0.48761963109812656,0.17701542043490176,0.5187555914918104,-3.658754818203356
1218,10.09375050000017,209.1814021200392,189.75205171944657,49.48435255031957,44.88810826042381,5.439730344398535,0.23656191252567887,0.04345005939736524,0.0021655272924334668,5.721129756621381,0.32309257022559346,0.15635589547105813,0.35893728558556925,-5.342482377342676
1219,10.10619080000015,209.1873602651172,189.74324593157064,49.48576202051433,44.88602514640259,5.656420647737129,0.23656191252567887,0.04485952959212369,0.004248641313658652,5.612695876251035,0.43675747223246936,0.16520587466303344,0.46695831781227987,-2.3002533655073756
1220,10.109978399999818,209.17251908239257,189.74258943699422,49.482251161944845,44.88586984479003,5.699759089874575,0.23656191252567887,0.041348671022639394,0.0044039429262170415,5.591009100176965,0.3677398015324923,0.14762306763255661,0.39626396723447266,-3.713052872719334
1221,10.121849600000132,209.16248020394775,189.73466621911183,49.47987634566033,44.88399551321441,5.49221736668097,0.23656191252567887,0.0389738547381242,0.006278274501838155,5.643434745450433,-0.35389631983076936,0.0779325346088837,0.36237561333556517,-3.19630619475696
1222,10.125937100000101,209.1543399911725,189.7361529744557,49.47795068135785,44.884347222902015,5.6669180521936156,0.23656191252567887,0.037048190435641004,0.005926564814231483,5.6106780684748525,0.2756772701354195,0.01615816764490838,0.27615040041788463,1.0946255787813448
1223,10.137955499999862,209.13987665428726,189.7305966237409,49.47452920672277,44.88303280195026,5.7018585707658715,0.23656191252567887,0.03362671580056542,0.007240985765989194,5.635414345994776,0.4464921692386197,-0.06025940465683757,0.4505401791638618,2.404596639744631
1224,10.141738499999974,209.19202787939213,189.73285820134538,49.486866200274136,44.883567805073696,5.49263726285923,0.23656191252567887,0.045963709351930504,0.006705982642550623,5.683603407529034,0.3582483248384907,-0.05906196557339843,0.3630842574761099,1.641243965362485
1225,10.153433099999802,209.18842597619567,189.74971998246525,49.48601412716525,44.887556660264,5.82344047747419,0.23656191252567887,0.0451116362430426,0.002717127452243062,5.693241219835885,0.35419436578068536,-0.04333933067053518,0.35683602163143774,3.9218611396639114
1226,10.156648700000005,209.17970918569932,189.74749240406356,49.48395206653435,44.887029700057,5.7331626743522595,0.23656191252567887,0.04304957561214451,0.003244087659247441,5.695168782297256,0.14292867736850595,-0.08893699207412871,0.16834011813440103,-0.23833439966226866
1227,10.169521100000111,209.1529709670791,189.7478968131741,49.47762682240002,44.887125367849634,5.715107113727874,0.23656191252567887,0.03672433147781362,0.0031484198666120733,5.738796177113748,-0.5734605853845811,-0.09881176201557032,0.5819113397264639,-2.499384500130573
1228,10.173032000000148,209.13306848639868,189.74965730876227,49.472918653506255,44.88754183405296,5.711496383072723,0.23656191252567887,0.03201616258404982,0.0027319536632859354,5.672992160837789,-0.5308024569840015,-0.006058852524728389,0.5308370352887685,-2.4590265715134674
1229,10.185680999999931,209.1159163525567,189.75985924296205,49.468861111920695,44.889955223118726,5.710774236941694,0.23656191252567887,0.02795862099848989,0.00031856459752077626,5.691119046791582,-0.426652142205418,-0.05668143672349121,0.4304007849870994,-3.2463266579549677
1230,10.189214800000173,209.11801412231887,189.7580266393538,49.46935736434767,44.889521698904254,5.494420396094394,0.23656191252567887,0.028454873425467042,0.0007520888119927349,5.694744423982341,-0.3421182498688954,0.02247246129370556,0.34285552118925117,-4.356706452569007
1231,10.20195560000002,209.11152333648792,189.7628327706783,49.46782189163771,44.890658646522226,5.823797104121223,0.23656191252567887,0.02691940071550647,-0.0003848588059796043,5.6522276170962735,0.161138559663355,0.04844056194848748,0.16826206777603167,0.9021177545770508
1232,10.20588749999979,209.11038129188566,189.7563782060973,49.467551727382414,44.88913174238043,5.733233999681667,0.23656191252567887,0.02664923646020867,0.001142045335818409,5.6437241794251145,0.3086835290689719,0.15860990702837727,0.3470484457911104,0.03955809747626071
1233,10.21771149999995,209.16912440622337,189.75581742139738,49.481448110857855,44.8889990820793,5.4989123486423885,0.23656191252567887,0.04054561993564931,0.0012747056369448728,5.733011269600844,0.19469615175370547,0.14774516115520567,0.24440790525774653,-0.21190871743693573
1234,10.222375199999988,209.17734427294255,189.7487192174099,49.48339261824965,44.88731991736852,5.668257048585899,0.23656191252567887,0.04249012732744717,0.002953870347724319,5.719581074720951,0.008776344691834859,0.258074223947124,0.25822340965152674,0.42753961826281855
1235,10.233982000000196,209.15627073010086,189.74536538174505,49.47840742065133,44.886526527589346,5.940855846973039,0.23656191252567887,0.037504929729124115,0.003747260126900187,5.716895035744972,-0.0044931544494670045,0.17453934059045953,0.17459716449776383,2.4884303081249124
1236,10.237824199999977,209.13921492983968,189.73785501731126,49.47437266792189,44.88474986141513,5.756646129721757,0.23656191252567887,0.033470176999685464,0.005523926301115978,5.716357827949777,-0.19918980532120242,0.19414624715043158,0.2781534537382108,-2.4983691828294927
1237,10.25018369999998,209.13215862137594,189.7393877655583,49.47270341409633,44.885112451271866,5.719803804801773,0.23656191252567887,0.03180092317412431,0.005161336444380993,5.816986088905385,-0.3812153893803112,0.10431100770972442,0.3952289961905635,-2.1345662629115694
1238,10.254260300000169,209.13563593830298,189.73750502244425,49.47352601483905,44.884667065960016,5.49622630966641,0.23656191252567887,0.032623523916846864,0.005606721756230115,5.746123963386546,-0.13597552946896557,0.10327428750839455,0.17074812758777785,-2.1237438046238895
1239,10.267621500000132,209.1077805971246,189.74253894482004,49.46693650205584,44.88585790026474,6.171398353363946,0.23656191252567887,0.026034011133631907,0.004415887451507672,5.731951538282778,0.06910223834436739,0.08629021021360922,0.11054917332531541,3.0866652795547704
1240,10.283607800000027,209.16161922154677,189.7382699290761,49.4796726700169,44.88484801373575,5.586545219378844,0.23656191252567887,0.03877017909469771,0.00542577398049815,5.729117053262025,0.007014455646171272,0.12298182452210163,0.12318170217527075,0.8913695116992455
1241,10.287754899999982,209.1611857502109,189.73165229061863,49.47957012720866,44.88328253252585,5.685784004202917,0.23656191252567887,0.038667636286454865,0.00699125519039967,5.836577652595764,-0.2079237431609994,0.07726174726749349,0.22181447328997106,8.503856859950371
1242,10.2988663000001,209.14026057939844,189.7244131642074,49.47462002878134,44.881570030936984,5.705631379698005,0.23656191252567887,0.03371753785913256,0.00870375677926205,5.805080117921497,-0.1639145083275142,0.08377285673125079,0.18408111680768724,8.300349923569495
1243,10.303785499999776,209.12210890705666,189.7268949170284,49.470326034456626,44.88215711913074,6.033529306335109,0.23656191252567887,0.02942354353442056,0.00811666858550808,5.906808107324535,-0.6159347628451082,-0.034243397411459514,0.6168859232851231,6.47535916687367
1244,10.314802599999894,209.10938846333642,189.7295295153899,49.46731686196199,44.88278036475788,6.013910679992608,0.23656191252567887,0.026414371039784612,0.007493422958368967,5.883911822880923,-0.6281148333192333,-0.12665239992689176,0.6407566419810953,-0.7354913664029095
1245,10.31994339999983,209.0775866788224,189.74097994354474,49.459793770995624,44.885489099941424,6.09518516639403,0.23656191252567887,0.01889128007341867,0.004784687774822771,5.836090759961928,-0.5020092201770647,-0.0973774547710422,0.5113664301070916,-3.2677433226609747
1246,10.331537900000058,209.07338989480326,189.7451242888647,49.4588009717416,44.886469494196476,5.571302581984861,0.23656191252567887,0.017898480819397378,0.0038042935197708516,5.718499051040238,-0.06144994840852902,-0.08219962201956635,0.10262979109191665,-10.21787062316151
1247,10.336136800000077,209.07698700006802,189.73928247602475,49.45965190984259,44.88508754377844,5.466526065103027,0.23656191252567887,0.018749418920386063,0.005186243937806978,5.647234661282267,0.13786172574168984,-0.11697126947291628,0.18079859874064982,-9.28756697004219
1248,10.347623300000123,209.141561203142,189.7413925794554,49.474927706821596,44.88558671388162,5.44557076172666,0.23656191252567887,0.03402521589939056,0.0046870738346243,5.485609804570907,0.6840391318468086,-0.035234414833324325,0.6849459817287655,-5.431192021055891
1249,10.351865699999962,209.15453474048277,189.74552499422907,49.47799675162715,44.88656428582383,5.657588731202754,0.23656191252567887,0.037094260704947146,0.003709501892416256,5.496526639258907,0.7432972352218756,-0.057764477674005235,0.7455384059654036,2.2108021984266797
1250,10.362909299999956,209.21370540142928,189.75104418190688,49.49199427634606,44.88786991541648,5.28706088283723,0.23656191252567887,0.05109178542385706,0.002403872299765908,5.606737502534399,0.5908277927565059,-0.12227669205143235,0.6033482163001441,6.570427979169938
1251,10.367543400000159,209.21783217311122,189.75490734674625,49.4929705133477,44.888783793079284,5.625886755424868,0.23656191252567887,0.052068022425494576,0.0014899946369624217,5.736807171527388,-0.02275170900457879,-0.11640298270075487,0.11860562652868231,13.632769806303195
1252,10.37924729999986,209.189269444645,189.75599902296585,49.486213659674775,44.88904204209366,6.017580381480482,0.23656191252567887,0.04531116875256913,0.001231745622590097,5.810567077005673,-0.28129678556536175,-0.06264758625623845,0.28818848282528214,13.968752671286268
1253,10.38382989999991,209.15560135774328,189.75627194202076,49.47824907264623,44.88910660434725,6.095919106691604,0.23656191252567887,0.037346581724023054,0.001167183368998792,5.907905422847424,-0.6892752665044821,0.03473181419343802,0.690149760509987,9.75605563681779
1254,10.39576339999985,209.1268825171702,189.75433745572002,49.47145528879474,44.88864897856819,6.026388258594181,0.23656191252567887,0.03055279787253795,0.001624809148054851,5.958660781224758,-0.8144968329592102,0.056436834993058925,0.8164497579426534,3.599076627669369
1255,10.400692600000184,209.11078785951716,189.74665550040461,49.46764790579889,44.88683172052684,5.7737526120459846,0.23656191252567887,0.026745414876685913,0.0034420671894039856,5.904026162592608,-0.7209605616297855,0.031855369174007026,0.7216639771879625,2.1153690799736014
1256,10.410985999999866,209.09271085037733,189.75051427793318,49.46337157394403,44.88774456031901,5.879663547311541,0.23656191252567887,0.022469083021825043,0.0025292273972397084,5.876059520238249,-0.43615961135227016,0.04007488803200692,0.437996807323685,-2.1534835534599877
1257,10.415996199999881,209.09038886371738,189.75358468520596,49.46282228033889,44.888470901735694,5.74440728831973,0.23656191252567887,0.021919789416685376,0.0018028859805525599,5.870466268061321,-0.38480139639646815,0.04406660865541583,0.38731638316376626,-2.338005235822913
1258,10.426814099999774,209.07602968052896,189.7523495709597,49.459425444501534,44.888178720747405,5.956085894919806,0.23656191252567887,0.018522953579328316,0.0020950669688417634,5.869347617625936,-0.24905708759807707,-0.033657540331006326,0.251321035538153,-0.06340704363936638
1259,10.431688499999836,209.06959030587444,189.75114815323798,49.45790213371779,44.88789451107341,5.998421997709547,0.23656191252567887,0.016999642795582304,0.002379276642834327,5.885582170009563,-0.25738986905939676,-0.0020710019477228406,0.25739820073862385,-1.1781403022965353
1260,10.442919099999926,209.0651423274452,189.7520952048134,49.45684991143369,44.888118547405355,5.768159359869058,0.23656191252567887,0.015947420511487564,0.0021552403108913154,5.8888291567802336,-0.24506818300434113,0.06006167080651939,0.2523208644189377,-0.13603567249925752
1261,10.44859980000001,209.05416552570895,189.75043224846897,49.45425321822155,44.88772515527207,5.960836309229672,0.23656191252567887,0.013350727299346943,0.002548632444174359,5.841732658748626,-0.18502359901896678,0.05200137178367689,0.19219228616496448,0.18843337360248008
1262,10.459241900000052,209.05200497395654,189.7429783929278,49.45374211396689,44.885961856949564,5.760642222173083,0.23656191252567887,0.01283962304468389,0.004311930766682792,5.885303013683319,-0.20316468840583085,0.017139156025987562,0.20388634403589045,-1.3965779843808213
1263,10.464978800000154,209.05167082967077,189.7433007505757,49.45366306815559,44.88603811449127,5.720603404761765,0.23656191252567887,0.012760577233386527,0.004235673224975756,5.894017008376313,-0.11688129394144973,-0.01132854156287532,0.1174290114382701,-0.5840880224987524
1264,10.474991500000215,209.03460426137278,189.74821074672596,49.449625768118764,44.88719963257107,6.216273772383017,0.23656191252567887,0.008723277196558854,0.003074155145178281,5.848013835635223,-0.043789932055531125,-0.03012656918699563,0.05315231246528101,1.1547167585833933
1265,10.480067099999815,209.04185037564594,189.7516927318475,49.451339922769606,44.888023337630806,5.811729333334025,0.23656191252567887,0.010437431847400092,0.0022504500854410026,5.870100661414154,-0.06983241214560207,-0.07577297262638322,0.10304420976800129,-0.3165138703831498
1266,10.491017199999987,209.03760797965367,189.752837886331,49.45033633345999,44.88829423756556,5.730820445524227,0.23656191252567887,0.009433842537781345,0.0019795501506862934,5.874518026569941,-0.047237270652889116,-0.08738156405574224,0.09933225798078932,0.19272943908092666
1267,10.506990899999892,209.0255724966224,189.75706094253002,49.44748919657594,44.8892932518167,5.871076351067737,0.23656191252567887,0.006586705653731428,0.0009805358995436109,5.822411768766137,0.019039238002889973,-0.09255830641033747,0.09449620452314796,2.382407759190516
1268,10.512123900000006,209.02772491126498,189.75860880252702,49.44799837590033,44.88965941653792,5.742690230540696,0.23656191252567887,0.007095884978127742,0.0006143711783295203,5.843278206414361,-0.05650779477184753,-0.10976445874026135,0.12345593251245472,0.7625548004659042
1269,10.522976899999776,209.02442924417366,189.76511835663763,49.44721874659016,44.89119932910801,5.9557424833639985,0.23656191252567887,0.006316255667954351,-0.0009255413917657052,5.912237184251623,-0.05874672933240743,-0.10099643399258419,0.11683945346702694,1.1603616689567866
1270,10.527645300000131,209.02363965967623,189.7700187554192,49.44703196097135,44.892358576815916,5.916061521575144,0.23656191252567887,0.00612947004914588,-0.0020847890996691376,5.894741443197981,0.12380604226772754,-0.084738754952671,0.1500286395756729,1.33329935308516
1271,10.539260399999876,209.01858996863,189.76908092176495,49.445837396399796,44.89213672109304,6.0756153347105375,0.23656191252567887,0.004934905477590235,-0.0018629333767918865,5.922529907902291,0.11702031117804171,-0.08126114699029795,0.14246798671415456,0.7675415269250323
1272,10.543807399999878,209.03270840524345,189.76872057834163,49.44917728076694,44.89205147756365,5.78359764579953,0.23656191252567887,0.008274789844733732,-0.0017776898474011205,5.911629318372451,0.13730046199621973,-0.08227754246593638,0.16006564546650648,-1.1035740954783544
1273,10.555355899999995,209.0358946916429,189.77135418633344,49.44993103477145,44.89267448890703,5.88163255406225,0.23656191252567887,0.009028543849247228,-0.002400701190786947,5.925907482937186,0.1322422954585331,-0.05267883093860824,0.14234845955331035,0.7905697756718583
1274,10.560081300000093,209.0364852695904,189.77428996259897,49.450070743020206,44.89336898175516,5.901239535714794,0.23656191252567887,0.009168252098000096,-0.0030951940389130073,5.911723397222204,0.03405942970131365,-0.0005018379652995189,0.034063126587589435,0.8659186866730665
1275,10.570905800000219,209.03349723292496,189.7788805656009,49.44936388735193,44.89445494358094,5.987452344398818,0.23656191252567887,0.008461396429723322,-0.004181155864692698,5.973672270386825,-0.13801477563181674,0.013230563514985947,0.1386474886307891,0.8514941786705132
1276,10.575379899999916,209.02226743567263,189.77358519266977,49.44670734503664,44.893202260032815,6.004694906135623,0.23656191252567887,0.005804854114437319,-0.0029284723165687865,5.986061892431857,-0.23392418873035575,-0.06163422634558556,0.24190763512211427,-1.586343761494052
1277,10.587046399999963,209.01606109109588,189.769274441478,49.445239160293774,44.89218250048646,6.093342011622633,0.23656191252567887,0.004336669371568291,-0.0019087127702164253,5.957252203925826,-0.20903271723895014,-0.029476881908633443,0.21110083714508193,-2.0364689945543106
1278,10.591931699999805,209.00750572077203,189.77811878126795,49.4432152855276,44.894274734422204,5.943580664287418,0.23656191252567887,0.0023127946053946857,-0.004000946705957631,5.9037443708388775,-0.11094878758997737,0.013796494189463443,0.11180329476185312,-4.185521952791438
1279,10.603059699999903,209.0147510334645,189.7774688432662,49.44492925055498,44.89412098384549,5.757191093184632,0.23656191252567887,0.004026759632772325,-0.0038471961292430024,5.8452968325418,0.014882373638468165,-0.02662437371521302,0.030501513418882974,-3.6686152544305415
1280,10.608780099999876,209.0250309895673,189.7746627735607,49.44736109663134,44.89345717462927,5.719913178964076,0.23656191252567887,0.0064586057091347016,-0.0031833869130224457,5.816567606254455,0.042227940182291035,0.016092655009228927,0.045190402490852086,0.1241138477172048
1281,10.62067879999995,209.02681133625902,189.7707454663394,49.447782258849685,44.892530488941055,5.712457214650237,0.23656191252567887,0.006879767927479463,-0.0022567012248089213,5.88026992689054,0.03790856008442209,0.10654147169647984,0.11308467676447616,3.5370050901451675
1282,10.625379000000066,209.027027541096,189.76476507141882,49.44783340467942,44.89111575528098,5.949695880185907,0.23656191252567887,0.006930913757216217,-0.0008419675647317604,5.95779600503143,-0.0533035248745344,0.13337810337191192,0.14363489904315918,5.166395124025675
1283,10.63572830000021,209.00795851491267,189.76371629226878,49.44332239937549,44.89086765407943,6.262092267467845,0.23656191252567887,0.002419908453283881,-0.0005938663631823715,6.02104711604535,-0.17262314473342866,0.09727652909595862,0.19814508121731192,7.127907527684872
1284,10.640098500000022,209.00237872784925,189.76098217365313,49.44200243427628,44.89022086575064,6.144821483889078,0.23656191252567887,0.0010999433540774817,5.2921965604468824e-05,6.033697338248132,-0.16619548008797871,0.0977836418760582,0.19282784607057907,6.568807370802641
1285,10.651700599999913,208.9939685528119,189.76414385884297,49.44001290718477,44.890968800045954,6.036168734033675,0.23656191252567887,-0.000889583737432531,-0.0006950123297073674,6.089217113523651,-0.2321218940529951,0.03618584158875589,0.23492549633923607,2.146124112786484
1286,10.656041100000039,208.99520768385727,189.76266834996466,49.44030603839473,44.89061975084375,5.775708325664157,0.23656191252567887,-0.0005964525274748667,-0.00034596312750068137,6.100321068578754,-0.3202609805975335,0.02377059994678026,0.32114192674754194,-1.7186744580934268
1287,10.667175200000202,208.9802052717944,189.76299756234468,49.43675703910464,44.890697629954,6.227294756563495,0.23656191252567887,-0.004145451817564094,-0.0004238422377511597,6.0377562455761025,-0.2134633283553679,-0.0015883443339264874,0.21346923757364838,-2.5029257823567077
1288,10.671735999999783,208.96330540730406,189.76373217867211,49.43275917483938,44.890871412197384,6.317612042743363,0.23656191252567887,-0.008143316082822594,-0.0005976244811378706,5.9774973092958845,-0.08590607808136845,0.03420878943835179,0.09246672658940437,-8.1020234939134
1289,10.683475499999986,208.97481606740217,189.76267987083992,49.435482158606625,44.89062247624403,5.831997368875822,0.23656191252567887,-0.005420332315580367,-0.0003486885277865781,5.9654455220398415,-0.06930043885560164,0.026743647796003932,0.07428171728639348,-10.65789731530594
1290,10.687919500000135,208.9835759956103,189.76052851873538,49.437554423977126,44.89011354827567,5.734874052632586,0.23656191252567887,-0.0033480669450796086,0.00016023944057508288,5.86229953836793,0.15912985369155494,0.1257849022237078,0.20284021288522502,-10.600062749686161
1291,10.69979340000009,208.99113325671507,189.75836561967407,49.43934218411753,44.889601888737126,5.715449389383939,0.23656191252567887,-0.001560306804677225,0.0006718989791210106,5.7409346391188985,0.36265355911933284,0.14350665666232604,0.390015082334412,-7.231196722337246
1292,10.704347400000188,209.00698436398346,189.74896716785798,49.44309195236859,44.88737857300073,5.711564838203937,0.23656191252567887,0.002189461446384655,0.0028952147155152375,5.716661659269093,0.35448246566236297,0.16227453323636842,0.38986002949667664,-5.715636448218726
1293,10.716156800000135,209.01402560149393,189.74644589352698,49.44475764098061,44.88678213552299,5.710787546498209,0.23656191252567887,0.003855150058406309,0.0034916521932544242,5.759553034978819,0.21321505880373123,0.18706494086347578,0.28364406110640544,2.4475932266388227
1294,10.732842899999923,209.02750466087153,189.73833113890907,49.44794627304602,44.8848624936509,5.71063246962679,0.23656191252567887,0.007043782123815845,0.0054112940653467945,5.8688670126354126,0.10820670225061543,0.16491196689897084,0.19724261009842828,4.737822967755564
1295,10.736796600000162,209.02349298650694,189.73434551055735,49.44699726368591,44.8839196457854,5.949330931181217,0.23656191252567887,0.006094772763702849,0.006354141930849266,5.938475779846419,0.019683904631789123,-0.03113110173920973,0.036832072939903836,7.998840786067262
1296,10.748115100000177,209.00557570024,189.73758341743425,49.44275871617933,44.88468561122878,6.262019277666908,0.23656191252567887,0.00185622525712148,0.005588176487464125,5.95239753328862,0.009238288749019018,-0.052952859954177735,0.0537526869685322,7.460888950010048
1297,10.752719199999774,209.01298679005023,189.7471590684699,49.44451189775874,44.88695084555145,6.059608674258968,0.23656191252567887,0.003609406836531548,0.003322942164793119,6.002927779362803,-0.0931601261816492,-0.14209515195947606,0.16991127484827895,1.964461236045902
1298,10.763445099999899,209.0170139399442,189.74981619534014,49.44546456803968,44.8875794205657,5.780396313709216,0.23656191252567887,0.004562077117476804,0.002694367150546384,6.013033828577639,-0.03916386392005323,-0.18580406832378846,0.18988670317539216,-1.8870645780883086
1299,10.768161299999974,209.01061640002513,189.75640851660847,49.44395115376096,44.88913891269292,5.963283699997703,0.23656191252567887,0.0030486628387578207,0.0011348750233253213,5.914319335905959,0.061175680082991804,-0.16757525223909964,0.1783926259591871,1.7699561584558947
1300,10.780114799999865,209.0121298080141,189.75540156762867,49.444309168449266,44.88890070691644,5.999861177255401,0.23656191252567887,0.0034066775270602534,0.0013730807998086902,5.894576361077676,0.0002003486595938478,-0.05679471497066849,0.05679506834387012,1.0873292585441852
1301,10.785074400000212,209.01479697837073,189.754909504456,49.44494011936987,44.88878430351124,5.768446814308502,0.23656191252567887,0.0040376284476622,0.0014894842050097168,5.991363468626669,-0.16463185109077955,-0.06407733082693555,0.17666225040874226,-0.3823318932753541
1302,10.79464169999983,209.0178670302372,189.75240611756908,49.44566637671095,44.88819209752147,5.96089380011756,0.23656191252567887,0.004763885788747757,0.0020816901947782185,6.0637106209714275,-0.18760061743497708,-0.011347456873928064,0.1879434926766295,5.640735987322349
1303,10.799836199999845,209.00172017552805,189.7544925206032,49.44184664587968,44.888685661013525,6.264331851454176,0.23656191252567887,0.0009441549574731312,0.0015881267027211265,6.030434156054637,-0.11950615391210793,0.03851728776128762,0.12555995491935423,6.551692379978174
1304,10.810079700000188,208.982851918882,189.7573944924555,49.43738313500147,44.889372157024994,6.325019461721499,0.23656191252567887,-0.003519355920737155,0.0009016306912528194,6.124514565585928,-0.1571765017744425,0.023531529681930063,0.15892824040812534,0.7469520652341628
1305,10.816561000000092,208.99300072996465,189.75001756842636,49.43978395716104,44.88762705776811,5.8334788526714485,0.23656191252567887,-0.001118533761164997,0.0026467299481396367,6.143330647492185,-0.21282632405657864,0.036647119873409115,0.21595845805721953,-3.0661805102303927
1306,10.8267593999999,208.99036520324313,189.75223599000697,49.43916049191928,44.888151851820005,6.238848861964954,0.23656191252567887,-0.001741999002923933,0.0021219358962412116,6.046358161358789,-0.04760880184513812,0.05699991154172623,0.07426700430806565,-1.9776499672403776
1307,10.831570400000146,208.98625020584007,189.749643470158,49.43818704026358,44.887538560366266,6.054974209648851,0.23656191252567887,-0.0027154506586271054,0.002735227349980107,5.991013651925079,0.07177726774681878,0.07064318968467459,0.10070966395546867,-11.425785693414104
1308,10.843059299999823,208.99065740009283,189.74931577476605,49.43922961456488,44.88746104011762,5.779469420787192,0.23656191252567887,-0.0016728763573254923,0.002812747598625265,5.979944750038337,0.06650826281394003,0.010963665282294432,0.06740586754096639,-13.789601501270571
1309,10.847934599999917,208.9939793524646,189.74929107137706,49.44001546197127,44.88745519623668,6.048296914552947,0.23656191252567887,-0.0008870289509346208,0.0028185914795670897,5.794408978694191,0.4055698381244643,0.272189416132446,0.4884403462561483,-11.255767311243932
1310,10.857451599999877,209.0078217729306,189.75046363698488,49.443290051430694,44.887732580599426,5.778134343237738,0.23656191252567887,0.0023875605084882068,0.0025412071168204875,5.70955592903962,0.5100737033726441,0.25433373389291924,0.5699656402522861,-10.034696035343547
1311,10.861981500000184,209.0391144092971,189.7264380833185,49.450692697337516,44.88204904967462,5.311170005244227,0.23656191252567887,0.009790206415310365,0.008224738041626267,5.723873008317691,0.5406073762570203,0.1727785630456768,0.5675462686967719,-10.420233181573474
1312,10.873451999999816,209.05463944216802,189.72458590022416,49.45436532880549,44.881610893699474,5.630708961375994,0.23656191252567887,0.013462837883281509,0.008662894016772782,5.661950810159632,0.5365501458946741,0.1848911250607886,0.5675128079487196,-1.5630392376686593
1313,10.877735600000051,209.05904712860843,189.73184761641346,49.45540801953965,44.883328739169436,5.851054817177543,0.23656191252567887,0.014505528617441144,0.006945048546810995,5.649566370528021,0.5395434366578682,0.24305043141562277,0.5917606207343501,0.8943726633238784
1314,10.890594899999996,209.06670651481812,189.7284903159686,49.457219938590185,44.882534529755276,5.738685923762658,0.23656191252567887,0.016317447667979934,0.007739257960970747,5.729675847347792,0.23704564414729806,-0.023482790185580436,0.23820595887615292,-1.9506455281390036
1315,10.89534760000015,209.0739199758725,189.7232335714238,49.45892636873314,44.8812909842121,5.71621214507968,0.23656191252567887,0.01802387781093273,0.008982803504146375,5.745697742711746,0.22444200561092445,-0.10009412485543367,0.24574996991501216,-2.1553587992159553
1316,10.90534979999984,209.07906501594078,189.72653135428175,49.46014348925171,44.882071114032065,5.711717389343085,0.23656191252567887,0.019240998329507875,0.00820267368418115,5.63502822041735,0.26874946952545553,-0.0033829975907325067,0.2687707611383959,-0.08015475752730472
1317,10.908796400000028,209.0828117556942,189.73155578168567,49.46102982517351,44.883259702188084,5.710818438195766,0.23656191252567887,0.020127334251306195,0.007014085528162184,5.612894315958471,0.29594963208631464,-0.05767114508430607,0.30151641034504256,-0.32465335176899623
1318,10.921663499999795,209.10810146797627,189.7270669544546,49.46701240787819,44.88219781663331,5.29770720570556,0.23656191252567887,0.026109916955981305,0.008075971082938338,5.709203161287398,0.11426365843409017,-0.13647305169758683,0.17799179048033265,-0.14152772170554706
1319,10.925510300000042,209.11260428545108,189.7304766079984,49.468077602991784,44.88300441079668,5.628016401468261,0.23656191252567887,0.027175112069578233,0.007269376919566639,5.728464854059237,-0.11608828375119126,-0.18079992880423779,0.21486066154583663,11.605326868636201
1320,10.937546999999995,209.08465055256394,189.73721128456796,49.461464814477765,44.88459757876622,6.197756371724316,0.23656191252567887,0.020562323555559203,0.005676208950028183,5.780063087999348,-0.20060160593571175,-0.11537939841019182,0.231416096850423,13.34168743988567
1321,10.940854999999829,209.0702463478578,189.74140120981386,49.45805732826407,44.885588755495725,5.808025853202285,0.23656191252567887,0.017154837341863072,0.004685032220521634,5.937754637253191,-0.3572571846307734,-0.13554963968243192,0.3821078392134132,10.988968920731544
1322,10.954810900000211,209.06048837529454,189.74244869112533,49.45574896361213,44.8858365496781,5.968809607896317,0.23656191252567887,0.014846472689924894,0.004437238038143221,5.969292870810013,-0.30466440443626686,-0.14514086945001936,0.33747040065050554,11.03836069170959
1323,10.969567799999822,209.04063097443887,189.74359175652157,49.451051458887925,44.88610695541438,6.086164951974771,0.23656191252567887,0.01014896796571918,0.004166832301869761,5.906152504215714,-0.19967945510943033,-0.17768315707623422,0.26728858767515074,9.476828062554032
1324,10.973119199999928,209.04873577705698,189.74745952360306,49.452968746495905,44.88702192179238,5.785707569252376,0.23656191252567887,0.012066255573699891,0.0032518659238647274,5.924812120105839,0.07146706292251762,-0.2087479124383913,0.2206427701742284,-3.2541863921022425
1325,10.985619900000074,209.04744319109042,189.76305201468983,49.452662969887555,44.89071051130491,5.882054538752819,0.23656191252567887,0.011760478965349819,-0.0004367235886633125,5.880798147898123,0.12212915268686432,-0.21118377419696127,0.24395515247701685,-3.9413162784313873
1326,10.990223400000104,209.05378050602457,189.77190542920957,49.45416213722866,44.89280489197608,5.901323932652908,0.23656191252567887,0.0132596463064516,-0.0025311042598303857,5.807209739442906,0.23759807601146182,-0.11024344020176217,0.2619283524780544,-4.6925619334663775
1327,11.002740500000073,209.05843185135967,189.77348935779068,49.455262468376944,44.89317958915053,5.74873974685773,0.23656191252567887,0.01435997745473827,-0.0029058014342808747,5.792492134045808,0.14416774813508473,-0.04969308099027254,0.15249177650170848,-7.949941096119716
1328,11.007000799999787,209.0630965797833,189.76473006649846,49.456365965454246,44.891107474450074,5.718222909698695,0.23656191252567887,0.015463474532040777,-0.0008336867338272214,5.758260923757404,0.3129461354633414,0.12062807153715407,0.3353899452044035,-11.189106378074257
1329,11.017942800000128,209.06646002751418,189.76264324050157,49.45716162908215,44.890613810901144,5.712119542266888,0.23656191252567887,0.016259138159945508,-0.00034002318489712025,5.6375407040385905,0.31796191696377696,0.25498632576162805,0.40757552301959316,-8.209534377853181
1330,11.0213604999999,209.0782986616637,189.7546027656918,49.45996219901825,44.88871174080253,5.710898487310799,0.23656191252567887,0.019059708096044403,0.001562046913718973,5.570154777770609,1.0326759315441627,0.3472364478227588,1.0894919597166248,-8.092005345837254
1331,11.033753799999886,209.09667351185146,189.7432428239913,49.464308988721044,44.88602441126768,5.297722834058839,0.23656191252567887,0.02340649779883819,0.004249376448569819,5.556677592517013,1.0112819216203122,0.279000931497701,1.0490627458701678,-6.970874034808074
1332,11.038336799999797,209.1676086245449,189.7348867863201,49.48108953464502,44.884047691015034,5.411810115517823,0.23656191252567887,0.040187043722816895,0.006226096701212214,5.553982079172347,0.9935768025291777,0.2338517678306767,1.0207259729435894,-2.8718802663566434
1333,11.050615199999811,209.17550048377294,189.72735038920698,49.48295644795739,44.88226486650041,5.650836983430713,0.23656191252567887,0.04205395703518633,0.008008921215839848,5.524154493837399,1.0727445453630442,0.1357580804421509,1.0813006593965908,1.8595288973495137
1334,11.054142800000136,209.17526473886315,189.73004392664745,49.482900679690665,44.88290205486879,5.698641975543564,0.23656191252567887,0.041998188768459954,0.007371732847460066,5.557533459192284,1.830786947019214,0.046478942479087515,1.8313768420152934,2.6272399274356504
1335,11.066811300000154,209.24034557314351,189.72650588522632,49.4982963263168,44.882065089023605,5.561760560636056,0.23656191252567887,0.057393835394591974,0.008208698692641292,5.607451134587481,1.0525071328280609,-0.057541129060789606,1.0540788614650878,1.4097992469712508
1336,11.070440200000121,209.3038684367429,189.73002735021282,49.51332341641898,44.88289813351571,5.464617660833266,0.23656191252567887,0.07242092549677182,0.007375654200536985,5.617434593372575,0.777452319424868,-0.04828003478531227,0.7789499796122842,2.5882945644931685
1337,11.082512899999983,209.2921345591369,189.73455838174266,49.51054762789116,44.883970003000115,5.661398492493802,0.23656191252567887,0.06964513696895125,0.006303784716131133,5.536844996677445,0.7453471596847328,0.04616345356126195,0.7467753697697864,1.2033478379753157
1338,11.086315900000045,209.27246982752837,189.73147971384387,49.50589570137254,44.883241707433946,5.700754277356182,0.23656191252567887,0.06499321045033213,0.007032080282300512,5.550015560004434,0.29163680264671055,0.08044237890038673,0.3025276863051542,-0.4350401205086004
1339,11.104395100000147,209.25899346396216,189.70919515429105,49.50270770703342,44.87797002940634,5.295693992067916,0.23656191252567887,0.061805216111217476,0.012303758309904822,5.595891478700106,-0.7002236967678118,0.14317042973773297,0.7147104291015122,-3.9125534538841453
1340,11.112407699999949,209.22331770192804,189.7011520905747,49.49426818053582,44.87606734687104,5.627613377271005,0.23656191252567887,0.053365689613613654,0.014206440845207169,5.561824780115021,-0.14014428931903267,0.07622382246266826,0.15953210629699938,0.23211320081972042
1341,11.118515699999989,209.20218791547225,189.69898110736048,49.48926967784058,44.87555377492982,5.693997254311623,0.23656191252567887,0.0483671869183766,0.01472001278642665,5.4724252282398025,0.15255486772265897,0.11833971890870824,0.19307324189869,-0.18153353339348233
1342,11.123121799999808,209.25223765269618,189.70722742405692,49.50110953939968,44.877504539378826,5.49106499956838,0.23656191252567887,0.060207048477472824,0.012769248337420436,5.5371316063169065,-0.028137388098605692,-0.019316921535090056,0.03412998779086191,-0.5479221206223879
1343,11.132398899999771,209.261660182217,189.6914591082115,49.50333855100396,44.873774356425116,5.253756517980083,0.23656191252567887,0.062436060081751066,0.016499431291130406,5.550072881932327,0.09376991303029224,-0.07694245956055723,0.12129690298163658,1.9700525339837023
1344,11.136067299999922,209.24491562538824,189.69761071821497,49.49937742661615,44.87522959305265,5.6192258824534385,0.23656191252567887,0.05847493569394402,0.015044194663595079,5.552661137055411,0.03237651815430945,-0.20102936948119982,0.20361985738577926,9.565464677811413
1345,11.147041499999887,209.22433010263612,189.69996115123342,49.49450767598356,44.875785615982764,5.69231975534811,0.23656191252567887,0.053605185061357474,0.014488171733482602,5.644166565789989,-0.6280365273808712,-0.14493806945496357,0.6445439656857829,5.647483099650428
1346,11.151363899999978,209.2037685302977,189.70976125338453,49.489643591106656,44.878103946890576,5.706938529927044,0.23656191252567887,0.04874110018445066,0.01216984082567052,5.745053939989053,-0.9044170583212199,-0.22695570032336207,0.9324586346276582,3.2795472457913273
1347,11.162625099999786,209.168942163092,189.7165714778969,49.48140499907415,44.87971498662595,5.948592143241268,0.23656191252567887,0.04050250815194545,0.01055880109029772,5.682645126376717,-0.4871259425000174,-0.12216377215076224,0.5022107835188663,3.798858585836298
1348,11.167960199999925,209.14319531860502,189.71675196981602,49.475314276300814,44.879757684139534,5.7581933889754024,0.23656191252567887,0.034411785378608784,0.01051610357671251,5.626921557623977,-0.207258104772779,-0.11027789353204293,0.234770389521057,1.1143115841881188
1349,11.179044399999839,209.19036273345984,189.71078894460243,49.48647229016776,44.878347059490565,5.30718181439176,0.23656191252567887,0.04556979924555549,0.011926728225681416,5.663522815553116,-0.3034566419445077,-0.043593511428594085,0.3065718965901998,-4.351004637408497
1350,11.195499800000107,209.256834457779,189.7101793833674,49.502196968401584,44.87820286051901,5.413701911584407,0.23656191252567887,0.061294477479378884,0.012070927197235903,5.579855289428983,0.051547970965581696,-0.058032306710759735,0.0776204994369409,-2.799527653702385
1351,11.199697900000047,209.22832833490372,189.71378065516802,49.495453505455515,44.87905478426369,5.889944819572741,0.23656191252567887,0.05455101453330968,0.011219003452559662,5.563121707910211,0.18675625568784865,-0.06547591556330186,0.19790147689544343,-2.102075049970365
1352,11.209843300000102,209.27307787230015,189.7230122719463,49.506039541606654,44.88123863318446,5.530254512620603,0.23656191252567887,0.06513705068444864,0.00903515453178727,5.58559835586427,0.15455489993458277,-0.08922011386961189,0.17845852687023783,-5.38193986119353
1353,11.214852199999768,209.2632195718348,189.72396977330885,49.503707443194315,44.88146514153803,5.674525481381543,0.23656191252567887,0.06280495227210992,0.008808646178216861,5.550749203033206,0.3849141885825432,-0.17229154538681585,0.42171472488393724,-3.7127503421505805
1354,11.225335499999801,209.30069487708957,189.72359116769246,49.51257267307787,44.88137557786933,5.419565054162051,0.23656191252567887,0.07167018215566401,0.008898209846918803,5.413447188629103,0.6894599477053156,-0.058635814715704324,0.6919488263283571,-2.859919382123115
1355,11.230174299999817,209.34380088602043,189.73190792375905,49.522769912991905,44.88334300559045,5.23945614742909,0.23656191252567887,0.0818674220696991,0.00693078212579934,5.429228668072501,0.0017087033627236625,-0.05283176395832819,0.05285938847669625,-0.32512833055697143
1356,11.241521399999783,209.33979162165159,189.71438338352766,49.521821473744986,44.879197366837175,5.203434747552224,0.23656191252567887,0.0809189828227801,0.011076420879071236,5.4323850402551255,-0.07158711946195473,-0.03993729324794026,0.0819737949885947,1.8999811222979088
1357,11.245376100000158,209.30076058851836,189.71741801995418,49.512588217899136,44.879915246234056,5.609161909837594,0.23656191252567887,0.07168572697693065,0.01035854148219073,5.489779238885987,-0.6308302376342825,-0.02994267913031115,0.6315404601030927,11.865664180971153
1358,11.257569500000045,209.25787218448312,189.71642573301588,49.502442455015384,44.87968050893816,5.690307342294668,0.23656191252567887,0.06153996409317841,0.010593278778088688,5.540602561034033,-0.8925154536829869,0.02058139413723715,0.8927527254775425,11.683880692315988
1359,11.261394499999824,209.2263332804958,189.7154795716817,49.49498155156918,44.87945668320339,5.706536047316355,0.23656191252567887,0.054079060646976984,0.010817104512859999,5.681099409301534,-1.301763915140345,-0.23607179905425685,1.3229962906487052,11.948536104963772
1360,11.273338800000147,209.26667395733097,189.72325389560598,49.50452461923389,44.881295792139504,5.493572758169326,0.23656191252567887,0.06362212831168534,0.008977995576742615,5.709198702661087,-0.9149762427193975,-0.19967972957514182,0.9365113555873775,7.771842875562569
1361,11.276847999999973,209.23507974421557,189.73687045021984,49.49705063175457,44.88451695034097,5.9059189888897246,0.23656191252567887,0.05614814083236297,0.005756837375272994,5.7148184850390535,-1.019732505140091,-0.16877318757765458,1.0336047459664686,8.307739653113432
1362,11.290438500000164,209.20857309767499,189.73711601953738,49.490780168754284,44.88457504268838,5.749658376635367,0.23656191252567887,0.04987767783207886,0.0056987450278640495,5.633356229356444,-0.6514588071173583,-0.1589356683727943,0.6705662711856885,-1.1219491088438507
1363,11.294374099999914,209.18601626025858,189.73422483618316,49.48544408015453,44.88389109882465,5.7184062541844956,0.23656191252567887,0.044541589232323986,0.00638268889159832,5.660305584250196,-1.0401827561587522,-0.07052786978078113,1.04257102713716,-8.946730768234644
1364,11.306367900000168,209.18048004773067,189.7287641863407,49.484134423130776,44.882599317054286,5.299224768903306,0.23656191252567887,0.043231932208570356,0.007674470661960697,5.535363271391056,-0.6140550543920729,0.15993130921959328,0.634540490034438,-9.609788453550639
1365,11.309293400000115,209.16632438815338,189.72520175825508,49.48078573322811,44.88175658225312,5.628319532638083,0.23656191252567887,0.03988324230590479,0.008517205463128619,5.427788596661024,-0.466567166532928,0.353924983913005,0.5856174648389388,-8.677754156812215
1366,11.321847000000162,209.16636747399147,189.71276406261063,49.48079592569637,44.87881429718405,5.281207424594023,0.23656191252567887,0.039893434774164405,0.011459490532196526,5.4062736617150176,-0.22169526224030575,0.2853042809803837,0.3613133294600846,-10.055873958713605
1367,11.325072900000123,209.17013190756037,189.69959528201008,49.48168644730101,44.87569906525955,5.211785002985211,0.23656191252567887,0.040783956378803055,0.014574722456693223,5.401970674725817,-0.18077264599955276,0.3093297943554417,0.3582787618847362,-7.977129339632062
1368,11.345080200000211,209.1590109431987,189.71391554413532,49.47905565070248,44.87908669385577,5.610831579454464,0.23656191252567887,0.038153159780272006,0.011187093860478114,5.401110077327976,-0.009811726118979701,0.2620559410033357,0.26223955877132193,1.9188069367290637
1369,11.352401900000132,209.1619641920985,189.70686404838733,49.479754276910384,44.87741857853546,5.277709833957299,0.23656191252567887,0.03885178598817873,0.012855209180784755,5.400937881554464,0.49376828503427944,0.2561076006011948,0.5562357615178968,-0.16291404816482924
1370,11.358897799999795,209.15400499455782,189.70544449720427,49.47787143391799,44.87708276679267,5.624016545648882,0.23656191252567887,0.03696894299578446,0.013191020923578378,5.483489730851909,0.37620534377066633,0.06986624762375555,0.3826378878765525,-0.31699085567559715
1371,11.364348499999778,209.21203945664726,189.7007294104339,49.491600177262264,44.87596735684854,5.280346445726456,0.23656191252567887,0.05069768634005811,0.014306430867705444,5.417413888553194,0.3961630450995976,0.11753264321326908,0.41323005762321235,-5.083404050940639
1372,11.370628699999997,209.20376288540206,189.69981385285263,49.48964225573935,44.87575077079609,5.62454424947244,0.23656191252567887,0.04873976481714237,0.014523016920158227,5.404198643799506,0.353411193800144,0.11013406234965564,0.3701742611161408,-3.071588538298494
1373,11.374198500000148,209.2032844713505,189.69877243293973,49.48952908119633,44.875504410509755,5.280452367960894,0.23656191252567887,0.04862659027412519,0.014769377206491185,5.318969382690566,0.4192545503301439,0.12033565752648802,0.43618235687022394,-4.384778904584555
1374,11.385487000000012,209.19763737149975,189.6896657950025,49.48819319245541,44.87335012682264,5.2116336101888585,0.23656191252567887,0.047290701533206914,0.0169236608936032,5.432255790600614,-0.19310217662419976,0.05305424848710211,0.20025784354060847,-0.5608755782386612
1375,11.389175700000123,209.19825120078508,189.68806433693422,49.488338401085116,44.87297128283918,5.197870240104178,0.23656191252567887,0.04743591016291049,0.017302504877065417,5.454913072182623,-0.18530720532541556,0.020845978163933784,0.18647604444305152,0.02510634431705583
1376,11.401626299999862,209.16966854360447,189.69499963525894,49.48157683303741,44.87461191027481,5.846778485276696,0.23656191252567887,0.04067434211520293,0.01566187744143832,5.542030740657228,-0.2611687069578106,-0.07273761304949367,0.2711085646860914,4.8975889357112425
1377,11.42272950000006,209.14533385343043,189.7062892764905,49.47582017218912,44.87728260939628,5.737830657382488,0.23656191252567887,0.034917681266911416,0.012991178319964547,5.559454350646095,-0.1899148709920956,-0.11602758490846017,0.22255349622873655,1.366350494261876
1378,11.429880099999991,209.13291015403144,189.71834706887847,49.47288119809864,44.880135023824415,5.716040710333919,0.23656191252567887,0.03197870717643525,0.010138763891831104,5.562939072643868,-0.09677008430290995,-0.04726598258609402,0.1076964359940534,-0.23146735010597524
1379,11.436053999999785,209.13911971990433,189.71901547815713,49.47435014487749,44.880293144001726,5.29875166013319,0.23656191252567887,0.03344765395528526,0.009980643714520454,5.515890045363735,-0.008119323905721922,-0.0569595888882126,0.0575353646638328,-3.499502752848999
1380,11.441149400000086,209.14999904618702,189.70939788199047,49.47692377910992,44.87801798705864,5.215293850093045,0.23656191252567887,0.036021288187711775,0.012255800657605675,5.506480163613762,-0.043453738320936616,-0.2552004684294978,0.2588735337200378,-0.2475033496944259
1381,11.450190099999872,209.1461843013417,189.71628608548787,49.476021355773504,44.87964747365185,5.611533348876031,0.23656191252567887,0.03511886485129878,0.01062631406439607,5.42201189881162,0.04069842858680839,-0.17305902981343305,0.177780172936698,0.56778442456801
1382,11.454035000000204,209.13887914418308,189.7344532962743,49.47429323382477,44.88394514378074,5.690781248632628,0.23656191252567887,0.0333907429025615,0.006328643935503919,5.487704458009395,-0.04960075076092499,-0.14162212905566185,0.15005686226996065,0.4125827678935299
1383,11.465534899999966,209.1393531173446,189.73387958993771,49.47440535782234,44.88380942671253,5.293699386323205,0.23656191252567887,0.03350286690013604,0.006464361003715169,5.540187375976879,-0.17152876895763605,-0.2449970558017485,0.2990746995846475,-0.6677293228540524
1384,11.469434699999965,209.13583238944358,189.73171055910552,49.47357248769659,44.88329631663054,5.627214456122063,0.23656191252567887,0.032669996774387755,0.0069774710857046784,5.5074421535401035,0.6300828901978975,-0.19611093125419343,0.6598969206455829,0.2728638013214749
1385,11.481732100000045,209.13039745893315,189.73536828308693,49.4722867901406,44.884161594811076,5.477708439930468,0.23656191252567887,0.03138429921839503,0.0061121929051708435,5.418306896894545,0.7965687228447066,0.046663717935545725,0.7979343536820652,-3.2042867450574306
1386,11.485573999999815,209.19386950633486,189.734325774385,49.487301859065866,44.88391497695873,5.447807236692149,0.23656191252567887,0.046399368143660524,0.00635881075751854,5.400479921859378,1.6390490116220797,0.051270923317264815,1.6398507157900446,-1.5975667315407396
1387,11.497453999999834,209.21310208117356,189.7294989545826,49.491851553752504,44.88277313523485,5.2451049654048365,0.23656191252567887,0.05094906283029843,0.007500652481397196,5.3969145268523455,1.665317016445788,0.003021089072318281,1.6653197567563667,-0.39770386626390375
1388,11.50082999999995,209.2733568496391,189.72900178332338,49.50610553701951,44.882655523450914,5.204564511147374,0.23656191252567887,0.06520304609730232,0.007618264265332186,5.439443253881212,1.402470288828236,-0.08233027300118495,1.4048847585828546,5.806422894627849
1389,11.513693800000055,209.2688854770582,189.73496574734452,49.50504778057015,44.88406637018599,5.609387481086896,0.23656191252567887,0.06414528964794641,0.0062074175302555545,5.408604516865109,0.5687732376493362,-0.048739326001194,0.5708577036049868,8.276560566257084
1390,11.51690839999992,209.24960586023136,189.74172102057636,49.50048695754083,44.88566441054135,5.690352075074801,0.23656191252567887,0.05958446661862382,0.004609377174894291,5.485023057914037,0.11290184468988845,0.019267857445892114,0.11453417334985622,9.506472230630362
1391,11.529601400000047,209.23564212667893,189.7292649414234,49.49718367002567,44.88271777663435,5.29361355161164,0.23656191252567887,0.05628117910346475,0.0075560110818955195,5.582892978282027,-0.7826278538957826,0.021338098348227384,0.7829186880734403,6.093004524496705
1392,11.532947700000022,209.208816690117,189.72309534912537,49.49083779344824,44.88125828608083,5.627197670649476,0.23656191252567887,0.04993530252603762,0.009015501635417422,5.602466962355624,-0.8804092131364577,0.0607506744575749,0.8825027065242389,8.663032384799294
1393,11.550547700000152,209.18980793229488,189.71973334045518,49.48634104534311,44.88046296287988,5.693914112987317,0.23656191252567887,0.04543855442090461,0.009810824836364418,5.523795547012141,-0.5889496326776699,0.23458316234704843,0.6339486807998767,4.275459099238992
1394,11.556943300000057,209.17436696110107,189.71737077407863,49.48268829966624,44.879904069659375,5.707257401454886,0.23656191252567887,0.04178580874403792,0.01036971805687159,5.590647552395593,-0.6347209645771716,0.13292863142319086,0.6484911132203877,2.8436394415324253
1395,11.564231700000164,209.17555356278504,189.70590824527747,49.48296900443001,44.87719247192379,5.296994998357384,0.23656191252567887,0.042066513507805325,0.013081315792454973,5.604017877178338,-0.3095182863598903,0.04194527043424364,0.3123475232861066,0.4490181138813947
1396,11.56908089999979,209.16552764240524,189.71156846146584,49.480597253530135,44.878531463490624,5.627873578528899,0.23656191252567887,0.03969476260792959,0.01174232422562227,5.606691942134887,-0.3921637220480113,0.03786170426740622,0.39398717433513286,5.682067512375546
1397,11.578262999999879,209.15503318623607,189.71229687000513,49.47811466490784,44.878703777207775,5.694049294563202,0.23656191252567887,0.03721217398563681,0.011570010508471285,5.550463830931861,-0.0507997559146362,0.0465485096084573,0.06890122602505168,2.49384932774216
1398,11.581551299999774,209.1457376666762,189.7119525439173,49.47591569902284,44.87862232276991,5.7072844377700624,0.23656191252567887,0.03501320810063646,0.011651464946339729,5.621804420849458,-0.031575693843737235,-0.011594341419544192,0.033637080650175094,4.1270986062997
1399,11.593999300000178,209.2054979847843,189.705068671868,49.49005271416763,44.87699386083234,5.426116845439755,0.23656191252567887,0.049150223245426616,0.01327992688390367,5.553486326674776,0.01756486776359347,0.08598309889800977,0.08775886209185631,4.13140040693936
1400,11.597407300000214,209.20743757603006,189.70389702026193,49.490511547582244,44.876716692687594,5.653697947945373,0.23656191252567887,0.049609056660038675,0.0135570950286521,5.5875687558134715,-0.19015997169708257,0.03133830639673263,0.19272494463263112,8.324866038132221
1401,11.609304399999928,209.19519664376338,189.69324720428423,49.48761580923414,44.87419735185187,5.286283107655481,0.23656191252567887,0.04671331831193726,0.01607643586437746,5.594385241641211,-0.09238282810793347,-0.0011076943265445859,0.09238946864194555,4.11013102597383
1402,11.613220300000194,209.173528317435,189.69808063041677,49.48248990851667,44.87534075638183,5.864461440256683,0.23656191252567887,0.041587417594463716,0.014933031334415148,5.652511539295039,-0.37392629122142135,-0.03344034435667158,0.37541860355781514,6.262710533895693
1403,11.631922300000042,209.1593107292611,189.70894780042647,49.47912656866675,44.87791151490307,5.741366866908758,0.23656191252567887,0.038224077744544616,0.01236227281317781,5.664136798825805,-0.4529554808117895,-0.0976814205066919,0.4633684576119145,3.5784132039376115
1404,11.64802039999995,209.1407989042391,189.71104661197185,49.4747473759352,44.87840801377627,5.7167483337089005,0.23656191252567887,0.03384488501299643,0.011865773939973678,5.749048139184107,-0.4992178267047187,-0.14420006135374494,0.5196268817086028,3.289157421325565
1405,11.657013600000028,209.13089522166524,189.72016582779764,49.47240454184449,44.880565272912754,5.711824245599201,0.23656191252567887,0.03150205092228475,0.009708514803492108,5.71828443557608,-0.3634754508377592,-0.07238517934907777,0.3706130293865968,0.27102073991345466
1406,11.664058700000169,209.11675777148076,189.72078623844357,49.46906015959061,44.88071203844171,5.710839809446989,0.23656191252567887,0.02815766866840619,0.009561749274539011,5.712131771148419,-0.41973921737106856,-0.030219760850628496,0.42082567001686855,0.13819793742315456
1407,11.669040499999937,209.1034844868155,189.71937350052886,49.465920205984695,44.880377838458706,5.710642922216547,0.23656191252567887,0.025017715062489287,0.009895949257540337,5.710901161968942,-0.37531895244816965,-0.013448332820592435,0.3755598137746434,-0.9190988830190688
1408,11.674828600000183,209.09220107775855,189.71757836048377,49.463250981158374,44.87995317669639,5.710603544770458,0.23656191252567887,0.022348490236169027,0.01032061101985704,5.710655116426992,-0.3500541905941782,0.04097954958623639,0.3524446904648104,-0.23512275800390342
1409,11.678975899999841,209.0913257210998,189.71664892361704,49.46304390511304,44.87973330733362,5.710595287811513,0.23656191252567887,0.02214141419083404,0.01054048038262323,5.710605907318602,-0.3311056580051098,-0.027513425144011047,0.3322468138690751,-0.06054973570563669
1410,11.68999389999999,209.08507584555815,189.7151462702109,49.46156542260186,44.879377836770004,5.710594017889451,0.23656191252567887,0.020662931679652274,0.010895950946242294,5.710596065496924,-0.2275769635988117,-0.03947543533503104,0.23097528949163604,-1.492652777180204
1411,11.694436499999938,209.07794010396765,189.7219689405996,49.459877377923924,44.88099182072568,5.710593763905039,0.23656191252567887,0.018974887001718344,0.009281966990563717,5.710594020838644,-0.08257218692684543,-0.15977165996218917,0.17984757263014506,-7.636024909757223
1412,11.70558549999987,209.0726313882966,189.72162611576513,49.458621537991725,44.880910721427185,5.710593713108157,0.23656191252567887,0.017719047069519434,0.009363066289061805,5.628007399748784,0.00822173399998656,-0.10463626865453722,0.10495878061368198,-7.950113724591644
1413,11.708807399999841,209.0762251688515,189.72881885193934,49.45947168959299,44.882612248852844,5.710593321479053,0.23656191252567887,0.018569198670782328,0.007661538863402484,5.528903787078663,0.36020766192382064,0.1812577312422971,0.403241769716048,-8.180677785171516
1414,11.72133389999999,209.0976199823984,189.71141384994772,49.464532887603774,44.8784948882942,5.297662182362217,0.23656191252567887,0.0236303966815683,0.011778899422047573,5.509082988250695,0.45236032539019666,0.23938780555042208,0.5117972112403225,-8.189319434789718
1415,11.724769899999956,209.12123345629297,189.69018256404942,49.470118936149646,44.87347237469672,5.21507595453885,0.23656191252567887,0.0292164452274406,0.016801413019528866,5.5051188284851005,0.4372133534688443,0.2247126048892593,0.49158038126799664,-5.637570218101712
1416,11.742925600000035,209.12743437115333,189.6957580738737,49.471585836428424,44.87479132796405,5.611489769765192,0.23656191252567887,0.030683345506218984,0.015482459752199418,5.504325996531981,0.3864355155700882,0.3164142211618638,0.4994500646184649,3.1162655913792014
1417,11.750248400000146,209.12160316065942,189.69780426456217,49.47020639412165,44.87527537874671,5.690772914280187,0.23656191252567887,0.029303903199441095,0.014998408969539412,5.543511836269286,0.9014707937369468,0.2278194622169996,0.9298125076194468,2.507968981713507
1418,11.75719879999997,209.12189630408088,189.69984932053507,49.47027574069007,44.87575916109888,5.706629161713459,0.23656191252567887,0.029373249767864706,0.014514626617369686,5.633935216374951,0.6288912131116834,-0.12428234414311648,0.6410540219004891,2.6145463991951057
1419,11.762639600000057,209.19041670297335,189.70247774151073,49.48648505729909,44.87638094539181,5.493591381048747,0.23656191252567887,0.04558256637688629,0.013892842324437993,5.60877808636581,0.7235172400580769,-0.13559514562010302,0.7361136054828723,-1.238875574929092
1420,11.770743999999922,209.1994214975207,189.71271355158862,49.488615248719114,44.87880234820008,5.667192855067171,0.23656191252567887,0.047712757796908534,0.01147143951616414,5.603746660363983,0.6948151181969916,-0.12136553575438924,0.7053351272579932,-1.7980957982206642
1421,11.775072800000089,209.20955767540556,189.71507795454755,49.49101308234526,44.879361675886024,5.48570411971949,0.23656191252567887,0.050110591423056405,0.01091211183022267,5.520154163005415,0.7351129601679276,0.016231009526754034,0.7352921255372661,-4.111160109648823
1422,11.785453299999972,209.19499424673225,189.7148565247697,49.48756792980537,44.879309294034286,5.665615784271047,0.23656191252567887,0.0466654388831671,0.010964493681960619,5.546677469563974,0.1060872829056845,0.011247390601400991,0.10668184189285083,-1.6725655596407594
1423,11.789125700000113,209.19827706510102,189.70525679476663,49.48834451959716,44.87703836354503,5.288666674920616,0.23656191252567887,0.047442028674957726,0.013235424171213594,5.551982207169632,-0.17173868095078337,-0.03981962610243643,0.17629457495241538,2.6133452784121607
1424,11.801286700000219,209.18974794669518,189.71241267891628,49.48632685503492,44.87873117318529,5.6262079138415455,0.23656191252567887,0.04542436411271211,0.011542614530959838,5.64403100869467,-0.35565490075249234,-0.040466080345898145,0.3579495943395185,8.10014748332185
1425,11.805284800000209,209.17071274350974,189.7217776387232,49.481823850964055,44.88094656598794,5.693716543095458,0.23656191252567887,0.04092136004184965,0.009327221728305801,5.727226383013349,-0.7491025230619868,-0.10844260662738683,0.7569110839391748,4.365182728182596
1426,11.81749979999995,209.15183193343603,189.72861640675112,49.477357370422986,44.88256435803194,5.945948127344678,0.23656191252567887,0.036454879500780635,0.007709429684304325,5.826451670035288,-0.825607035664555,-0.2286621245901286,0.8566874252379832,2.57044409477595
1427,11.821391999999832,209.11400397334924,189.73412553723466,49.46840871583791,44.88386760847548,6.081592655864444,0.23656191252567887,0.027506224915704536,0.006406179240769916,5.763710515281473,-0.8074492758518672,0.2042308905376831,0.8328772957185949,-7.89589977234834
1428,11.834027400000195,209.10486741789785,189.73320255740435,49.46624735480643,44.8836492666016,5.784793110030311,0.23656191252567887,0.025344863884221525,0.006624521114645177,5.6685759958785615,-0.5799341702185896,0.41175334631299126,0.7112414920314127,-13.64126077617098
1429,11.837364099999832,209.10380779685727,189.70463624115774,49.465996688826515,44.87689156419649,5.312502140072469,0.23656191252567887,0.025094197904309112,0.013382223519755598,5.519216831866143,-0.48916161056597146,0.7309425918044331,0.879520411227208,-21.254622262498867
1430,11.849318699999912,209.1043783102983,189.68020263939098,49.46613165057725,44.87111150463265,5.2180439460809005,0.23656191252567887,0.025229159655047795,0.019162283083595355,5.424559385049988,-0.05359067413898071,0.7982643570205944,0.8000612126857378,-17.03495309209163
1431,11.852708999999777,209.10564245965466,189.65922836370515,49.46643070016671,44.866149789862575,5.199152307282587,0.23656191252567887,0.025528209244505717,0.024123997853671142,5.323041683528553,0.011778187399959773,0.8169199135192995,0.8170048168785838,-14.21323470110311
1432,11.865218999999797,209.09922937101717,189.6591346360923,49.46491360765343,44.866127617479215,5.608305421783666,0.23656191252567887,0.02401111673122358,0.024146170237031583,5.385324355382469,0.04831772887119089,0.39006872411856236,0.3930498854582622,-4.653677803968338
1433,11.889511299999867,209.1152271120414,189.64778155331018,49.468698063866206,44.86344191050322,5.27720460242314,0.23656191252567887,0.027795572944000924,0.026831877213027155,5.545152792219072,-0.019312259430295187,0.18242539868963525,0.1834447858386152,-2.879798890509763
1434,11.900042799999937,209.12001618963143,189.65263371230216,49.46983097722014,44.86458974651424,5.62391549934205,0.23656191252567887,0.028928486297935763,0.025684041202005403,5.577118479586394,-0.05123671051820182,-0.15903293408976887,0.16708283762830575,8.046159650768113
1435,11.906763099999807,209.110730670943,189.66839219272399,49.467634377160415,44.868317602781325,6.0171861302639185,0.23656191252567887,0.026731886238209768,0.021956184934921907,5.583511617059857,-0.09880305289231787,-0.3014769993545995,0.3172545104497261,8.279512083275513
1436,11.912784699999975,209.10891283130996,189.67459774300522,49.467204345540154,44.86978559962413,5.35898074411919,0.23656191252567887,0.026301854617948095,0.02048818809211639,5.73216214702037,-0.24338523768571174,-0.49614506075573894,0.5526267232369841,7.254857284629046
1437,11.917622500000107,209.10156902813998,189.6891267306732,49.46546708141705,44.873222604733925,5.640271109150987,0.23656191252567887,0.024564590494847494,0.017051182982321222,5.761892329306418,-0.30154822155333527,-0.544660713277049,0.6225645528854363,9.524762208169903
1438,11.921706000000086,209.09177943354865,189.7040199639183,49.463151236197675,44.87674577647408,6.020457252225706,0.23656191252567887,0.02224874527546916,0.013528011242165405,5.7678383657636285,-0.3385122375031491,-0.5899486032995982,0.6801690153737783,6.143456359352578
1439,11.93084910000016,209.08469717772311,189.71760807935848,49.46147584421459,44.87996020705023,5.77256641077229,0.23656191252567887,0.02057335329238441,0.010313580666014843,5.89935975689296,-0.4102216128539795,-0.5656665707651604,0.6987563530542935,-1.507585689423245
1440,11.934376600000178,209.07706723876672,189.72925629840407,49.45967089126261,44.88271573202517,6.046916312549966,0.23656191252567887,0.018768400340405833,0.007558055691077925,5.843077746666678,-0.06792776077641699,-0.18058918032657392,0.19294204501642964,-4.66603826241196
1441,11.946067100000164,209.0558192388909,189.7353040343178,49.454644423774646,44.88414639599937,6.016587699765853,0.23656191252567887,0.013741932852440186,0.006127391716873376,5.684449442155602,0.14495925043435576,0.09608729964935452,0.17391363787925063,-6.067084544262317
1442,11.949355799999921,209.07461994033795,189.71841386868687,49.459091953665784,44.88015082611484,5.358861058019577,0.23656191252567887,0.018189462743578133,0.010122961601403802,5.652723781253386,0.20196708195934096,0.11284991613755439,0.23135644742998673,-16.783432515977786
1443,11.962174199999936,209.10156743015284,189.6902045108729,49.465466703394156,44.873477566479245,5.227315729670321,0.23656191252567887,0.024564212471950952,0.01679622123700142,5.581592958765327,0.2573159184068118,0.2308080130264636,0.3456643180063068,-11.985321416749928
1444,11.965862200000174,209.10315446129798,189.69437882547214,49.46584213451709,44.87446505032433,5.613938106261213,0.23656191252567887,0.024939643594883876,0.015808737391914462,5.437034534135878,0.4869468630173611,0.5357859712141836,0.7240054242561824,-8.152990684086962
1445,11.978484000000208,209.0906193953538,189.70458912165122,49.4628768153437,44.876880417515906,5.691262200109664,0.23656191252567887,0.021974324421492497,0.013393370200340371,5.538455033047879,0.21231199585764107,0.2752779510942255,0.3476410993304586,-5.3623771226007735
1446,11.982110899999952,209.10163052632868,189.68308621473898,49.46548162954619,44.87179364873189,5.293795576618613,0.23656191252567887,0.02457913862398442,0.01848013898435852,5.558739056536335,0.25995269619493805,0.33644619556430716,0.4251722554079861,-3.712220330097482
1447,11.994140700000116,209.10057242650404,189.68754096286443,49.46523132342803,44.872847472468266,5.865963552579582,0.23656191252567887,0.024328832505823073,0.017426315247980995,5.610541756619767,0.1978107265379391,0.36484722128647834,0.4150211782715815,6.30681316803165
1448,11.99797559999979,209.11249585931157,189.67414354149736,49.46805195349685,44.86967815284676,5.328735847112596,0.23656191252567887,0.027149462574641348,0.0205956348694869,5.620902372930399,0.17634647441680062,0.34617207773188907,0.38850120519819287,5.959778564450136
1449,12.010124800000085,209.1017666955408,189.68060177282553,49.46551384199543,44.87120592440128,5.872951606678379,0.23656191252567887,0.024611351073225762,0.019067863314965905,5.753306756324362,-0.023663375338025615,0.024058178215828417,0.033745388891711414,4.937072229355041
1450,12.014328000000205,209.09568550933443,189.6856610022884,49.46407526495603,44.87240274539893,5.743065281662824,0.23656191252567887,0.02317277403382434,0.017871042317317176,5.779787633003155,-0.212210202543042,-0.2086583450377507,0.297609601688608,4.1360703675017705
1451,12.025381899999957,209.0825151273336,189.69538299349202,49.460959654201226,44.87470259823161,5.955817493588425,0.23656191252567887,0.020057163279020074,0.015571189484639092,5.785083884632859,-0.33873405327446604,-0.2945526320082913,0.44888975469569437,2.260808716640784
1452,12.028898800000206,209.06819042734122,189.7139839930019,49.457570975774665,44.87910288625056,5.998367935973545,0.23656191252567887,0.016668484852459642,0.011170901465689553,5.786143134958799,-0.3925490353044264,-0.3064228610109855,0.49798565729204847,-3.1643575108525432
1453,12.041240200000175,209.0735585321283,189.6932741354575,49.45884086490973,44.87420372274172,5.355217105261115,0.23656191252567887,0.01793837398752629,0.01607006497452801,5.703768696571839,-0.3003027455195646,-0.22042869600848963,0.37251919278151496,-5.428595428501824
1454,12.04519769999979,209.0655621794188,189.69637074944055,49.45694923241955,44.874936263667905,5.878247858308082,0.23656191252567887,0.016046741497341088,0.015337524048341322,5.639547837214758,-0.3290865340584929,-0.2741971121748944,0.428347993136052,-6.091280386071266
1455,12.057264999999916,209.0716311759582,189.68896237730155,49.45838492584802,44.873183724986,5.331193089728023,0.23656191252567887,0.01748243492581736,0.01709006273024727,5.578957693663655,-0.1673060893511008,-0.004007086998415874,0.16735406860955426,-8.275323130443688
1456,12.061540499999865,209.06393593119657,189.69758162826093,49.45656452402986,44.87522271147749,5.634713196803027,0.23656191252567887,0.015662033107652462,0.015051076238755456,5.566839664953434,-0.10183023101572398,0.01731646024558378,0.10329208945583684,-8.216310502470588
1457,12.074042199999894,209.05576364588507,189.6923092254246,49.45463127258686,44.87397546177892,5.695417218218028,0.23656191252567887,0.013728781664653411,0.016298325937327718,5.434083799079556,0.07086391657525792,0.11844675589827619,0.13802655054449103,-3.940129455864351
1458,12.078204100000221,209.06333361166656,189.6834494682214,49.45642203816988,44.87187958067042,5.294626961710012,0.23656191252567887,0.015519547247677679,0.018394207045830058,5.4075326259047785,0.08234208768377636,0.13698715010122756,0.15983021834740438,-2.7880190566340803
1459,12.089745400000083,209.08214047078775,189.66781060924285,49.46087102473219,44.86818002228073,5.214468528938682,0.23656191252567887,0.019968533809986866,0.022093765435514,5.467008081577441,0.039470044793706416,0.10592116821939593,0.11303618143310912,-2.099800130686611
1460,12.105829999999969,209.09413207204264,189.65163282809198,49.463707780859295,44.86435297543126,5.1984372238541425,0.23656191252567887,0.022805289937089412,0.025920812284986994,5.478903172711973,0.022437756703181738,0.022376617881385716,0.03168857765316594,2.2314937482931607
1461,12.109750600000098,209.08352294720987,189.6621109352945,49.46119806599863,44.86683169651074,5.932090475166337,0.23656191252567887,0.020295575076424655,0.023442091205509996,5.481282190938879,0.012988542990049826,0.04197796781003993,0.04394146140566015,4.913301449424827
1462,12.12160189999986,209.07150939891184,189.6780399408549,49.45835611803703,44.870599892530734,5.754892673890689,0.23656191252567887,0.017453627114825565,0.019673895185512436,5.612090254716096,-0.09189240343615987,-0.05654549296459384,0.1078962769695178,2.916123677345042
1463,12.125323599999774,209.07753540026508,189.66857538438364,49.45978164044204,44.868360938950694,5.306522052844544,0.23656191252567887,0.01887914951983305,0.02191284876555244,5.638251791177595,0.07634629182036384,0.0341887289244429,0.08365181086019115,-2.6922939282798932
1464,12.137646799999857,209.07029861447057,189.67753889614474,49.45806969255395,44.87048136443585,5.868508847824769,0.23656191252567887,0.017167201631743012,0.019792423280399873,5.578698484456223,0.21160860936999754,0.11565902457319985,0.24115392081558254,-1.0538318308241175
1465,12.141107899999952,209.0851863479536,189.66742015494438,49.461591563259866,44.868087655665136,5.329244906161634,0.23656191252567887,0.020689072337660264,0.022186132051110974,5.484201610953746,0.3715790939314345,0.4167920251062566,0.5583785590789462,-4.699746064267821
1466,12.153772000000117,209.08712300300402,189.6794587985017,49.462049702082496,44.870935540209274,5.634323941559476,0.23656191252567887,0.02114721116029017,0.01933824750697255,5.595634420091141,0.2284226188704906,0.26913158608271653,0.35299957994175013,-4.067999562079983
1467,12.157311899999968,209.0955035901065,189.66168598868794,49.46403222979554,44.86673117032877,5.282408306378302,0.23656191252567887,0.02312973887333669,0.023542617387477094,5.570175010238932,0.30734331385244446,0.06250981082492532,0.3136357585148258,-6.59308442608611
1468,12.169604600000184,209.0782124453782,189.66878987485754,49.459941803528864,44.868411679227414,5.86368609853152,0.23656191252567887,0.019039312606658143,0.021862108488832632,5.695415388400327,0.03835977999227057,-0.12407774470574377,0.12987208881171938,-1.3189558606937095
1469,12.17290039999989,209.08177463844416,189.68558049483744,49.46078448273333,44.87238370040235,5.741211798563726,0.23656191252567887,0.019881991811125488,0.0178900873138943,5.637877175580456,0.32205697566986086,0.16607353039741718,0.3623549545352998,-10.706227837441833
1470,12.185248899999806,209.06468651849775,189.69817811321133,49.45674208439734,44.87536381709815,5.955446796968605,0.23656191252567887,0.015839593475135416,0.014909970618099067,5.6263694567225375,0.28410570447682054,-0.010023118212104082,0.28428245498968857,-11.00605880384638
1471,12.188726700000188,209.08607214231975,189.68015594798055,49.461801108469224,44.8711004592233,5.346632877460127,0.23656191252567887,0.020898617547018716,0.01917332849294695,5.493735729113062,0.6624890866317457,0.18824681603764037,0.6887152195606496,-16.73423506562348
1472,12.201281000000108,209.10572366302134,189.6638515480303,49.466449909790434,44.86724345918849,5.224869712088705,0.23656191252567887,0.025547418868228533,0.02303032852775999,5.384622771432964,0.6452946312229972,0.5078643367408516,0.8211768053339361,-12.12998850513431
1473,12.205051100000219,209.1305721511069,189.65023107548413,49.47232811565532,44.86402137415346,5.200517460484147,0.23656191252567887,0.031425624733117274,0.02625241356278707,5.315054284511202,0.6425514738669408,0.38548745869576084,0.7493150054418327,-11.229378564549076
1474,12.217395199999828,209.13942785833336,189.62972848420307,49.47442303869359,44.85917124194828,5.195647010163236,0.23656191252567887,0.03352054777138136,0.031102545767964784,5.383726875578999,0.32190214005793905,0.09386543170138222,0.3353083760396806,-3.557595560243665
1475,12.221241199999895,209.13388269090171,189.6436000287656,49.47311126328068,44.86245272105968,5.607604362359796,0.23656191252567887,0.03220877235847297,0.027821066656564142,5.397461470086503,0.45012569254554746,0.19797648080772273,0.4917395916972919,-1.7900801074787667
1476,12.233633400000144,209.12609915172933,189.65576542467187,49.47126997436784,44.8653305903819,5.689995832799108,0.23656191252567887,0.030367483445637333,0.024943197334344802,5.400208388988004,0.15519936762870312,0.09955025004595838,0.1843830143927639,0.5512155346334675
1477,12.237388699999883,209.14215482333273,189.64262482784767,49.47506813474923,44.86222202566544,5.293542684626228,0.23656191252567887,0.03416564382702347,0.028051762050807838,5.400757772768305,0.12508252484537646,0.14247926192495813,0.18959424595798008,0.9914443590827978
1478,12.249614299999848,209.14652350807927,189.6238901547158,49.47610159916809,44.85779011555882,5.214252054991652,0.23656191252567887,0.03519910824588379,0.03248367215742576,5.318281284778271,0.21976057551318715,0.33879852010504496,0.40383059291645523,1.771545577139243
1479,12.25363920000018,209.14684892511553,189.6135531050852,49.476178580444554,44.85534476332833,5.198393929064737,0.23656191252567887,0.035276089522348286,0.0349290243879139,5.34953195885995,0.1443332033754165,0.15301119443722433,0.21034376439465804,2.6588017557038848
1480,12.265528999999788,209.153499188066,189.6071007396502,49.47775177936692,44.853818379420716,5.195221922409627,0.23656191252567887,0.03684928844471358,0.036455408295530844,5.438368305834491,-0.13629548942121072,-0.10448667147883521,0.1717379543178892,4.021271499911185
1481,12.269343399999798,209.14502228847158,189.6258237994145,49.47574646778657,44.858247542246886,5.8462492032075115,0.23656191252567887,0.0348439768643658,0.032026245469360504,5.456135575229399,0.5751626194159787,-0.30999398387090815,0.6533822072949391,10.218574587323829
1482,12.281722199999876,209.1245238521472,189.6498794117677,49.470897318485896,44.86393818391214,5.7377244194989245,0.23656191252567887,0.029994827563690762,0.02633560380410671,5.542275241266584,0.5359473629681843,-0.5062578522436951,0.7372493396612504,6.835217381692679
1483,12.285839900000155,209.18791502065397,189.66145514346925,49.48589325454509,44.86667656114234,5.303088401966192,0.23656191252567887,0.044990763622884344,0.02359722657390506,5.642089539220114,0.32479107265560814,-0.7517286760487251,0.818892693379755,4.289300851712094
1484,12.297898899999836,209.17889480130606,189.68050813401186,49.48375941420475,44.871183773024434,5.62909225925066,0.23656191252567887,0.042856923282542425,0.019090014691812485,5.531720138678985,0.39981145395444756,-0.45176773455681984,0.6032771209815357,5.574606443957551
1485,12.302097100000083,209.16250629309997,189.70001137188189,49.479882517360075,44.87579749627541,5.694293412177281,0.23656191252567887,0.03898002643786924,0.014476291440836064,5.509646258570759,0.4288347085039579,-0.38126909289875527,0.5738164588241733,3.652816218401441
1486,12.313456899999892,209.1552734848961,189.68374994380054,49.478171510418434,44.87195066174809,5.294402200501863,0.23656191252567887,0.03726901949622885,0.018323125968159104,5.635563666387005,-0.5171909350174517,-0.324821137381614,0.6107333579837533,-3.8864437880030778
1487,12.33511580000004,209.13269425623378,189.69356627012982,49.47283012490272,44.87427283067852,5.627355018957794,0.23656191252567887,0.03192763398051568,0.016000957037725527,5.5781609357920505,-0.5257639195003909,-0.15484546414573463,0.5480919784259951,-2.691690751857045
1488,12.342106499999772,209.10053348837485,189.70487807876293,49.46522211214972,44.87694877376289,5.932675441047419,0.23656191252567887,0.0243196212275123,0.013325013953355835,5.4840941012209115,-0.3342753078607834,0.16216589133507386,0.37153432917823426,-1.8187758605265885
1489,12.348025100000086,209.09503388478902,189.69296604068683,49.46392111540732,44.87413083925353,5.342078606275891,0.23656191252567887,0.02301862448511116,0.016142948462714912,5.465280734306683,-0.28971034297003434,0.16726064623907225,0.3345268398860202,-6.754172405087656
1490,12.352236900000207,209.09563881177343,189.68431176163654,49.46406421809169,44.87208356644986,5.223959239321585,0.23656191252567887,0.02316172716948728,0.01819022126638714,5.461518060923837,-0.19282552264164116,0.14180140515137132,0.23935187629288687,0.23955432098614615
1491,12.361880800000108,209.09858240191795,189.66946813816304,49.464760559405974,44.86857213049216,5.200335365930723,0.23656191252567887,0.02385806848376859,0.021701657224085125,5.330433266115432,0.06788626994718512,0.2585502640357885,0.26731401886230743,5.461195281092408
1492,12.36562959999992,209.10235098378027,189.67318444787082,49.46565206233883,44.869451267824175,5.6085416520435665,0.23656191252567887,0.024749571416627703,0.02082251989207151,5.451588209619572,0.027479464860276442,0.0034871376588525294,0.02769983967569046,15.543471685337435
1493,12.377845900000011,209.11346692685328,189.6628067626025,49.46828167109171,44.866996302749506,5.277251467005393,0.23656191252567887,0.027379180169504025,0.023277484966740758,5.60615138215829,-0.040759512887873946,-0.14786800727563115,0.15338280694563805,14.947540660143236
1494,12.381620499999826,209.10673587233833,189.675558868385,49.46668935996234,44.87001296528214,5.947853323796587,0.23656191252567887,0.025786869040132387,0.02026082243410343,5.7844359191318535,-0.3404276863001605,-0.4376864182601986,0.5544911273673565,22.268254753677578
1495,12.393737500000043,209.090999763983,189.6894242324771,49.46296679607409,44.87329298232964,5.996775102015177,0.23656191252567887,0.022064305151886288,0.016980805386609177,5.737506538074418,-0.34919421369602555,-0.3206184061881743,0.47405987097141083,15.008849856003673
1496,12.396918599999935,209.07182220662077,189.7040142307267,49.45843011642691,44.87674442021931,6.091758050798544,0.23656191252567887,0.017527625504705213,0.013529367496936118,5.810707026609025,-0.3933445435105483,-0.3626366475357616,0.5350002505097524,9.629046864915068
1497,12.409522099999776,209.08215690663565,189.6853228631016,49.460874912827805,44.8723227545462,5.373894746756388,0.23656191252567887,0.019972421905599447,0.017951033170049868,5.760561510302274,-0.32032475325134385,-0.2505523459063676,0.4066748401176527,-1.0434848365300917
1498,12.413577400000122,209.0820626641589,189.68547942793361,49.460852618647266,44.87235979182229,5.643253909678426,0.23656191252567887,0.01995012772506044,0.017913995893955814,5.7027864353612365,-0.18339138031132157,-0.4123008758744182,0.4512476156383591,3.86817810351487
1499,12.426031099999818,209.07907508376434,189.69804984965918,49.460145870915305,44.875333474826945,5.697125742262834,0.23656191252567887,0.019243379993099552,0.01494031288930131,5.626445730065412,0.131839186258644,-0.21683071948448643,0.25376589988708387,-1.8975009449845996
1500,12.429285499999878,209.08426767230827,189.71289976099877,49.46137423959222,44.878846398254275,5.7078997273099885,0.23656191252567887,0.02047174867001189,0.011427389461971416,5.693763953752341,0.08282282138603048,-0.3064234585938136,0.3174192113261844,-5.804961990345476
1501,12.441167699999824,209.09180284947354,189.7183059644196,49.46315677551365,44.880125300075015,5.710054524319419,0.23656191252567887,0.022254284591447515,0.01014848764123144,5.624641233743633,0.1330356305951502,-0.2685494059890271,0.299695282687113,-4.67207516071185
1502,12.445267499999773,209.09091717355003,189.71998939393694,49.46294725832331,44.880523535381236,5.710485865191033,0.23656191252567887,0.022044767401105503,0.009750252335010146,5.528230324995798,0.3071289988282496,-0.018548890799605144,0.3076886141395853,-2.171679204138843
1503,12.457136999999875,209.10323847917851,189.71094598740024,49.4658620099476,44.87838420983516,5.297640309634886,0.23656191252567887,0.024959519025394172,0.011889577881085245,5.426361854794082,0.28494679786654564,0.24279293426317078,0.37435689728188315,-5.393330539662009
1504,12.461432699999932,209.11801466740206,189.69258329860787,49.4693574932936,44.87404029705533,5.215071198523657,0.23656191252567887,0.028455002371394755,0.01623349066091606,5.453734132433426,0.03881331151774828,0.20864753821825044,0.21222692655624556,-3.769983444122266
1505,12.473060400000122,209.13111575791498,189.68141227362656,49.47245671232151,44.871397658020875,5.198557376301411,0.23656191252567887,0.03155422139930408,0.018876129695371446,5.506954559640983,0.01023137513204641,0.1845433196710163,0.18482672391267332,2.4122597003387174
1506,12.477689499999997,209.10996933864868,189.68685926347501,49.4674542749368,44.87268620835694,5.846915912516142,0.23656191252567887,0.026551784014593238,0.01758757935930788,5.517598721376439,0.18791456362403974,0.30544997972811727,0.3586245576336352,11.401993912004357
1507,12.489144900000156,209.100574304877,189.69739917255822,49.46523176777953,44.875179549407505,5.976588001228815,0.23656191252567887,0.024329276857322668,0.015094238308741126,5.602313842175678,-0.013304695432285046,0.10415536319101715,0.10500168856736808,8.441997163972143
1508,12.492742100000214,209.11781783159034,189.6854658209716,49.469310929437526,44.87235657293333,5.350861118312169,0.23656191252567887,0.02840843851532071,0.01791721478291919,5.7331306914087685,-0.34471522480617905,-0.12375159151932974,0.36625543356616785,3.8774655811846057
1509,12.505102000000079,209.10776637806362,189.68521762101437,49.46693313836758,44.87229785827677,5.6386468025198555,0.23656191252567887,0.0260306474453742,0.0179759294394799,5.628961877417496,-0.06466748303629073,0.0046565140593341214,0.06483491717765764,4.5449251570007005
1510,12.508860699999786,209.08567267361747,189.6997124557907,49.46170660938902,44.87572678411319,5.852641622466862,0.23656191252567887,0.020804118466813293,0.014547003603055941,5.56038206664561,0.060273118705244544,-0.05645945731809282,0.08258643447388951,3.76309567261161
1511,12.521078899999793,209.1021791242149,189.6809286327465,49.46561140691136,44.87128324700931,5.326071842559779,0.23656191252567887,0.024708915989151592,0.01899054070693751,5.629252392943381,-0.1782064693898246,-0.23212182014084962,0.29263985565518486,-2.926074430153636
1512,12.525030100000095,209.10937275346583,189.68966804075498,49.46731314560496,44.873350658082146,5.633688947369378,0.23656191252567887,0.026410654682756274,0.01692312963410103,5.6430265344968795,-0.2088636729525658,-0.37245053039922194,0.42701689834700696,3.2057849214539313
1513,12.537443600000188,209.10630742176488,189.69457658660477,49.46658800487526,44.87451183307609,5.6952127498010245,0.23656191252567887,0.025685513953057182,0.01576195464015484,5.679279516494104,0.001250543528958023,-0.2346541404588945,0.23465747269929504,7.159177404668737
1514,12.541484599999876,209.10040269162286,189.70648106071368,49.46519117061992,44.87732797823891,5.707517510287354,0.23656191252567887,0.024288679697711757,0.012945809477336923,5.769116325051751,-0.09181678907826651,-0.31085614239784887,0.3241324791240683,6.063021172739648
1515,12.553294800000003,209.0834312087944,189.7176282607839,49.461176364183615,44.879964981206825,6.0339065324529795,0.23656191252567887,0.020273873261409392,0.010308806509421231,5.78708368676328,-0.14902687324318095,-0.21168905781101743,0.25888465799570937,3.2101756842778686
1516,12.57634139999982,209.069231978224,189.71931642798893,49.45781736704349,44.880364337269505,5.775255885348018,0.23656191252567887,0.01691487612128384,0.00990945044674163,5.79067708281164,-0.0690486948623552,-0.2694704824819156,0.27817631673316656,-0.37836182783693184
1517,12.583937100000185,209.07387614030796,189.72019623346208,49.458915998908154,44.880572465734886,5.723525755927025,0.23656191252567887,0.01801350798594825,0.009701321981360422,5.708809397275219,0.6473874549726416,-0.08881822714491505,0.6534517536353543,-5.473807299633133
1518,12.589339699999982,209.08167475407112,189.72893058912723,49.46076085389501,44.88263868161572,5.713179730042826,0.23656191252567887,0.019858362972804855,0.007635106100529754,5.627650246154262,0.7547863993067447,-0.08073738895247409,0.7590922437710083,-5.863288609316554
1519,12.594340399999965,209.15009169266818,189.7245681575357,49.476945695738685,44.881606696455165,5.298179082605245,0.23656191252567887,0.0360432048164796,0.008667091261081339,5.611418492224018,0.6748917732213755,-0.17215324620925662,0.6965024377145262,-5.929601888558574
1520,12.601959799999804,209.15643848102837,189.73045844563393,49.47844710413157,44.883000114273,5.628110776848198,0.23656191252567887,0.037544613209362865,0.007273673443243922,5.608172141437969,0.6366577022347081,-0.16393880897885724,0.6574260132548638,-1.5481729174505023
1521,12.605655800000022,209.14792004506177,189.73787050130107,49.47643196662758,44.88475352433737,5.694097115696788,0.23656191252567887,0.035529475705374125,0.0055202633788766775,5.6075229475747035,0.4388571615166441,-0.039530575917455235,0.4406339463169078,5.769880527793546
1522,12.61735520000002,209.14561877469316,189.73719437093075,49.47588757370794,44.88459357764385,5.70729400199678,0.23656191252567887,0.034985082785738086,0.005680210072398495,5.737725368933887,-0.3127279582420527,-0.08262387085698883,0.3234586216220483,8.253926023630685
1523,12.620776300000216,209.13625439460102,189.73372943990066,49.47367231804373,44.8837739069326,5.709933760726504,0.23656191252567887,0.03276982712152687,0.006499880783643164,5.811511748591465,-0.60222646691654,-0.07155489497707698,0.6064625466176448,11.994975331614977
1524,12.63336500000014,209.10850741578892,189.73421360997517,49.46710843966913,44.88388844313142,5.94919118940116,0.23656191252567887,0.026205948746927277,0.00638534458482809,5.927004650743684,-0.5996299934729333,-0.008574777534286378,0.599691300488937,13.08192423558254
1525,12.637240699999893,209.0880208663984,189.73630303628286,49.46226210236426,44.884382721814845,5.9970426751360915,0.23656191252567887,0.02135961144205112,0.00589106590140176,5.997849279147761,-0.6713497225961063,-0.053988118633688936,0.6735170131358778,8.981647409222086
1526,12.649013600000217,209.06153310966602,189.74424116434415,49.45599610797313,44.8862605805709,6.271561626457882,0.23656191252567887,0.015093617050922603,0.004013207145348474,6.059764100214318,-0.5787012000971142,-0.10558090042952377,0.5882536914710772,3.786041994683831
1527,12.652786699999979,209.05507138776807,189.7476447637423,49.45446751068274,44.88706574255399,6.061517144017163,0.23656191252567887,0.01356501976053437,0.00320804516225337,6.024401092747942,-0.36216251842232483,-0.04265703510885074,0.36466602857173097,-1.818547418993508
1528,12.665217199999915,209.04538787257678,189.7486101045098,49.45217675980912,44.887294105412195,6.019507866059293,0.23656191252567887,0.01127426888691474,0.002979682304051323,5.969582595868925,-0.03858916892504796,-0.0006949783165938889,0.038595426583812015,-5.673361446370866
1529,12.668610199999875,209.05343833777312,189.74422802661573,49.454081193252684,44.88625747268473,5.77237615206928,0.23656191252567887,0.013178702330478131,0.004016315031513784,5.905629241952106,0.12435907259405415,0.025689928886541796,0.12698484705920154,-9.47193771078251
1530,12.681466600000022,209.07340673410147,189.73975650006213,49.45880495527819,44.88519967981131,5.722950190741004,0.23656191252567887,0.017902464355984193,0.005074107904938785,5.892838571168742,0.20779632861147643,0.06281628119717793,0.21708339265787152,-6.970724301393167
1531,12.685129399999823,209.07778085222654,189.74018357081633,49.45983970502747,44.8853007084857,5.9517948568737875,0.23656191252567887,0.01893721410526439,0.004973079230545352,5.842534465332381,0.35248909635721315,0.11994639045137608,0.37233815226624123,-3.8994471671086477
1532,12.69715529999985,209.07839372990233,189.7415949649697,49.459984688542605,44.88563459058595,5.997563790100344,0.23656191252567887,0.0190821976203992,0.004639197130295258,5.880219615844798,0.21076653066702364,0.060165381742194594,0.21918577419531,-0.749254915958454
1533,12.700702099999944,209.08647770493653,189.73758761453342,49.4618970491375,44.88468660410259,5.767987336877491,0.23656191252567887,0.020994558215292614,0.005587183613656066,5.9190442588623196,0.13591754151048305,-0.06890825401758392,0.15238741930358213,-8.653646416706076
1534,12.713608999999906,209.07843934200562,189.73722664606498,49.45999547862899,44.88460121271133,5.960801904631358,0.23656191252567887,0.01909298770678447,0.005672575004915359,5.8790631394921915,0.10709024527937903,-0.08388925752150088,0.13603576059810984,-7.696186398336413
1535,12.717023100000006,209.07834091460296,189.74535326185804,49.45997219445437,44.8865236604857,5.917073405828615,0.23656191252567887,0.019069703532167637,0.0037501272305462408,5.7407345791923845,1.1604831460098048,0.07060990847746877,1.162629300915821,-18.228510612277294
1536,12.729346600000099,209.0855489737679,189.75069225833562,49.46167734671603,44.8877866637034,5.751889260023145,0.23656191252567887,0.020774855793824543,0.002487124012844788,5.630482578680275,1.1347045953196362,0.1045733291144373,1.1395130976875938,-21.346468420846268
1537,12.732423299999937,209.1542073728365,189.74100634705462,49.47791930891065,44.885495346006216,5.305920988601309,0.23656191252567887,0.03701681798844447,0.004778441710030279,5.4780999184460155,1.3114329318248874,0.5550531781931876,1.4240577113646686,-21.441036638127844
1538,12.745724800000062,209.17727712397084,189.7164291075156,49.48337673336048,44.879681307216266,5.216727334316941,0.23656191252567887,0.042474242438274246,0.010592480499980184,5.4163356971901795,1.3061394224229783,0.6615934741722125,1.4641400601973464,-12.457178370790555
1539,12.749184499999956,209.18804562986966,189.6833911819082,49.48592415171095,44.8718657923487,5.198888603460068,0.23656191252567887,0.04502166078874126,0.018407995367546448,5.403982852939012,1.2397149901709865,0.6665308940686027,1.4075356796907637,-6.022191953028073
1540,12.767382500000167,209.1854849182096,189.68572892951025,49.48531838486321,44.87241881439244,5.608252299549435,0.23656191252567887,0.04441589394100731,0.017854973323807144,5.484098572540927,0.1319304493545466,0.49821984697516225,0.515391753316685,9.883528159515052
1541,12.77368320000005,209.1803243240348,189.68780109834435,49.48409758483546,44.87290901061491,5.690125038767309,0.23656191252567887,0.04319509391325482,0.017364777101334994,5.630454052887091,0.003957150613283854,0.38581561190351205,0.3858359047956238,11.902152739409106
1542,12.779003199999806,209.17447942695597,189.68997853386344,49.48271490480397,44.873424108925704,5.706499586610883,0.23656191252567887,0.0418124138817646,0.016849678790542555,5.790057485382106,-0.3562229177853441,-0.18570269268482104,0.40172161657782013,8.620516312181731
1543,12.79362170000013,209.16029237260813,189.69769833829986,49.479358788094345,44.87525032062751,5.948504736047763,0.23656191252567887,0.038456297172139386,0.015023467088738585,5.869724219854742,-0.4008685916514876,-0.20883821220826965,0.45200556042043705,8.276373488849249
1544,12.796957900000052,209.14527862904072,189.70613997764139,49.47580710820186,44.87724729097499,5.996905765935139,0.23656191252567887,0.03490461727965766,0.013026496741254334,5.803071354591067,-0.22521383326746616,-0.0856612345156323,0.24095459695504504,-3.431221268660384
1545,12.809791199999836,209.13136283963323,189.71406398610958,49.472515162445326,44.8791218095731,6.006585971912615,0.23656191252567887,0.03161267152312064,0.011151978143146835,5.837486829511964,-0.20344419040585995,-0.08275963173694234,0.2196330923497871,-9.827215425630222
1546,12.813287399999808,209.14147947333603,189.7061115165469,49.474908372662384,44.877240558164054,5.356860712448929,0.23656191252567887,0.03400588174017827,0.013033229552192438,5.714037664364308,0.006821730089675321,0.24774961778562588,0.24784351739422214,-16.18723065598233
1547,12.825761300000067,209.13351439958402,189.71045198191993,49.4730241395822,44.87826734695395,5.878576961215373,0.23656191252567887,0.03212164865999512,0.012006440762299064,5.689347755040831,0.15258505400458627,0.35957463442028753,0.3906099287320612,-12.519532064497408
1548,12.829401699999835,209.1461601245542,189.6869437449917,49.47601563646642,44.8727061934661,5.331258910309481,0.23656191252567887,0.03511314554421574,0.017567594250145646,5.593421919172229,0.347190984028775,0.5439483460200853,0.6453072001216597,-17.825742842153954
1549,12.841098700000202,209.12955760926354,189.6888944445487,49.47208811369652,44.87316765468407,5.873456219317756,0.23656191252567887,0.031185622774316357,0.017106133032179116,5.574236675704564,0.2440996176192942,0.5297957234622427,0.5833250653973021,-11.073433293563518
1550,12.845074700000168,209.14160037033346,189.67585520293406,49.47493697228732,44.87008306674982,5.526956792569607,0.23656191252567887,0.034034481365111446,0.0201907209664256,5.479411773007125,0.4735696453590188,0.7334951450083721,0.8730883900020202,-17.892483266838443
1551,12.857326199999989,209.15035599468297,189.6516527045421,49.47700821952879,44.86435767744232,5.260934495110601,0.23656191252567887,0.036105728606585785,0.025916110273925597,5.460446716173691,0.33606987724121146,0.5048402146497271,0.6064706132340671,-13.696374932894942
1552,12.861044199999924,209.16601459681527,189.6369389024539,49.48071244839669,44.86087695227981,5.4044524477281755,0.23656191252567887,0.039809957474481905,0.029396835436436675,5.326321444675168,0.44734542609565753,0.6544287574296884,0.7927136486775482,-7.951028275242121
1553,12.873366700000133,209.17300770804172,189.6169182888459,49.48236675216292,44.85614083763476,5.236433626142315,0.23656191252567887,0.04146426124071212,0.03413295008148509,5.260151907953588,0.3119914593779266,0.5276652203478387,0.6130002083927065,-16.922348245337275
1554,12.877082200000132,209.17647259961785,189.60579054633257,49.483186413540864,44.85350843758371,5.202829861825142,0.23656191252567887,0.04228392261865821,0.03676535013253357,5.360791978270406,0.03970059086078723,0.16149569098275618,0.16630392394857524,-64.89582491211308
1555,12.889458499999819,209.17855189624237,189.59836230943472,49.483678295927064,44.85175119965647,5.196109108961708,0.23656191252567887,0.042775805004858114,0.03852258805977726,4.510466882592557,0.0511800787524494,0.7117800145757383,0.713617677479016,-61.03554349591812
1556,12.893605599999773,209.15764838055475,189.622265900845,49.47873332027749,44.85740587895672,5.764134846694686,0.23656191252567887,0.037830829355286255,0.03286790875952761,3.5092932361376525,0.7495032163569708,3.047021526384507,3.1378488258008885,-61.87148475473655
1557,12.90554340000017,209.21082170207228,189.43617560607063,49.491312102911024,44.813384002922426,1.1528269693389372,0.23656191252567887,0.05040961198881888,0.07688978479382058,3.3090585068466716,0.7294619453354464,3.007210401819246,3.094419029559902,-72.97482950821302
1558,12.90973699999995,209.27509846140674,189.2223747425821,49.50651753603014,44.762806861755934,0.23056539386778746,0.23656191252567887,0.0656150451079327,0.12746692596031295,3.269011637282421,0.5433106404594554,2.743146077641158,2.7964328805309333,-14.407209394525353
1559,12.92179249999981,209.28123417956067,189.19641323520608,49.50796901325135,44.75666535791901,4.201656215370237,0.23656191252567887,0.06706652232914223,0.13360842979723486,2.926271657290469,0.9219466617289714,3.1667454911901296,3.2982211346491326,51.39103814138012
1560,12.926012699999774,209.2653387572925,189.21743445504177,49.50420876175919,44.761638177886965,4.995874761140454,0.23656191252567887,0.06330627083698204,0.12863560982928135,3.8721542795782113,0.67315213330482,5.7351019385247435,5.774472100533788,29.42099817038973
1561,12.937663000000157,209.29985138243836,189.18027795580144,49.51237313436997,44.75284836536392,4.050434946734927,0.23656191252567887,0.07147064344776766,0.13742542235232946,4.8924395076490415,0.229807939812104,7.489004437679679,7.492529556617485,32.38469305332493
1562,12.942615099999784,209.29586814956468,188.83425787396013,49.51143085318334,44.670993193031244,5.88224008077765,0.23656191252567887,0.07052836226113612,0.21928059468500294,4.265387925943871,2.1513497298343798,30.419151364792032,30.495131995356036,71.92625777759143
1563,12.953606200000195,209.3613396265025,187.86645478831426,49.52691891098363,44.4420478441426,5.331991534221936,0.23656191252567887,0.0860164200614264,0.44822594357364665,4.323299524275688,2.3803078413809904,35.66853400973707,35.74786964035074,29.78029600353257
1564,12.956804099999772,209.49284650330532,186.30969231035982,49.55802842927039,44.073777135009486,1.0663983068443874,0.23656191252567887,0.11712593834818108,0.8164966527067605,4.864632515328771,-11.812748487272799,54.73813455493506,55.99825355649711,27.011689182025975
1565,12.969859400000132,209.50685191513298,184.92621610737513,49.561341576278046,43.746499358497665,5.285432752799542,0.23656191252567887,0.1204390853558408,1.1437744292185812,5.039604479573309,-13.394840698444797,54.94318920413118,56.55241636975091,71.28626032950666
1566,12.973724999999831,208.35867709011137,183.3558292343633,49.2897271437571,43.375005636412766,6.757099902000339,0.23656191252567887,-0.1511753471651076,1.5152681513034807,5.32462615312899,-16.633336059810485,60.171148693391764,62.42783837008017,86.42910898303118
1567,12.985737099999824,207.9473391028501,182.46444177514357,49.1924202427961,43.16413731425834,6.757099902000339,0.23656191252567887,-0.24848224812610198,1.726136473457906,6.46276647216018,-19.293679873386587,39.81996728685363,44.24789122413424,52.57357934641635
1568,12.98937160000014,207.72021032502892,181.74280416937182,49.13869022472511,42.993425342086525,6.757099902000339,0.23656191252567887,-0.3022122661970954,1.8968484456297219,6.7570999020003395,-19.847303088426468,36.789065999690386,41.801325541344234,49.893105297720254
1569,13.001358299999993,207.53913384956778,181.06360402696208,49.095854427376615,42.83275245741036,6.757099902000339,0.23656191252567887,-0.34504806354559037,2.057521330305889,6.7570999020003395,-8.407742250023665,28.009348673803437,29.24403773204937,35.14653692138171
1570,13.017311699999937,207.36957044969662,180.39501325039288,49.055742185208736,42.67458934460812,6.757099902000339,0.23656191252567887,-0.3851603057134696,2.215684443108124,6.7570999020003395,-7.397191781603043,26.94199743600433,27.939034917038192,16.19663941750001
1571,13.02032939999981,207.202885318723,179.72907481528375,49.01631083183602,42.51705367477435,6.757099902000339,0.23656191252567887,-0.42459165908618246,2.373220112941894,6.7570999020003395,-6.761769355700072,26.8605393621456,27.698557717777614,0.0
1572,13.033210399999916,207.03691975497372,179.0637994655397,48.97704970066209,42.359674865682706,6.757099902000339,0.23656191252567887,-0.4638527902601126,2.5305989220335405,6.7570999020003395,-6.675122903514698,26.69996748892438,27.521728319396026,0.0
1573,13.036589499999991,206.87113408303054,178.39868988713687,48.93783112503785,42.20233527177658,6.757099902000339,0.23656191252567887,-0.5030713658843524,2.6879385159396634,6.7570999020003395,-8.706614951032954,34.8873168042125,35.957336076286836,0.0
1574,13.04907460000004,206.70539338403887,177.7336217515694,48.898623188301045,42.045005481666855,6.757099902000339,0.23656191252567887,-0.5422793026211608,2.845268306049391,6.7570999020003395,-6.685983869197763,26.825052160190904,27.64571944616626,0.0
1575,13.05216849999988,206.5396639282851,177.06856397671072,48.859417911286094,41.88767814250622,6.757099902000339,0.23656191252567887,-0.5814845796361112,3.002595645210029,6.7570999020003395,-8.688274768748672,34.86292213417275,35.92922846639859,0.0
1576,13.065397500000017,206.3739372833408,176.40350879202924,48.820213299201605,41.73035141608285,6.757099902000339,0.23656191252567887,-0.6206891917206008,3.1599223716333995,6.7570999020003395,-6.965914305281351,27.953715099078693,28.808577714788065,0.0
1577,13.068399499999941,206.2082113410989,175.73845425489208,48.78100885334974,41.5730248428438,6.757099902000339,0.23656191252567887,-0.6598936375724662,3.3172489448724463,6.7570999020003395,-8.948071608493446,35.908252043079955,37.00635824152496,0.0
1578,13.081491999999798,206.04248557453252,175.073399879641,48.74180444905601,41.41569830790083,6.757099902000339,0.23656191252567887,-0.6990980418661934,3.474575479815414,6.7570999020003395,-7.018307442787161,28.164319872630916,29.02560168625888,0.0
1579,13.084495900000093,205.87675985188508,174.40834554486142,48.702600055151834,41.25837178253188,6.757099902000339,0.23656191252567887,-0.7383024357703718,3.631902005184365,6.7570999020003395,-8.807470412937892,35.34420939690635,36.42505556573853,0.0
1580,13.097464699999819,205.71103414021735,173.74329122019972,48.66339566384504,41.101045259556436,6.757099902000339,0.23656191252567887,-0.7775068270771683,3.7892285281598106,6.7570999020003395,-6.8237316058194555,27.383512224787523,28.22091520120046,0.0
1581,13.10075659999984,205.5453084312946,173.0782368980675,48.62419127318759,40.94371873717937,6.757099902000339,0.23656191252567887,-0.8167112177346141,3.9465550505368796,6.7570999020003395,-8.642037337422384,34.680341466030825,35.740885461078044,0.0
1582,13.1132391000001,205.37958272305804,172.41318257656766,48.58498688269248,40.7863922149519,6.757099902000339,0.23656191252567887,-0.8559156082297221,4.103881572764344,6.7570999020003395,-6.636362584732851,26.631605037000526,27.44601419519479,0.0
1583,13.116482899999937,205.21385701499304,171.7481282552259,48.545782492237954,40.62906569276183,6.757099902000339,0.23656191252567887,-0.8951199986842511,4.261208094954419,6.7570999020003395,-8.606345332959751,34.53711084014189,35.59327471832852,0.0
1584,13.129452499999843,205.0481313069709,171.08307393392366,48.506578101793565,40.4717391705811,6.757099902000339,0.23656191252567887,-0.9343243891286406,4.418534617135144,6.7570999020003395,-6.81771714049673,27.35937772835933,28.196042571447283,0.0
1585,13.132497999999941,204.8824055989595,170.4180196126313,48.46737371135172,40.314412648402715,6.757099902000339,0.23656191252567887,-0.9735287795704863,4.575861139313531,6.7570999020003395,-8.52455202397414,34.208875787963024,35.255002054825134,0.0
1586,13.14571500000011,204.71667989095081,169.7529652913414,48.42816932091051,40.15708612622491,6.757099902000339,0.23656191252567887,-1.0127331700116926,4.7331876614913355,6.7570999020003395,-6.712336245922751,26.936486076300103,27.760218659388073,0.0
1587,13.149073000000044,204.55095418294277,169.08791097005215,48.388964930469456,39.999759604047256,6.757099902000339,0.23656191252567887,-1.0519375604527497,4.890514183668991,6.7570999020003395,-8.611011476487068,34.55583603725261,35.612572539507426,0.0
1588,13.162033699999938,204.3852284749349,168.42285664876303,48.34976054002844,39.842433081869636,6.757099902000339,0.23656191252567887,-1.091141950893764,5.04784070584661,6.7570999020003395,-6.646946106636162,26.67407660965957,27.489784566680644,0.0
1589,13.165165999999772,204.2195027669271,167.75780232747397,48.31055614958744,39.685106559692024,6.757099902000339,0.23656191252567887,-1.1303463413347643,5.205167228024223,6.7570999020003395,-8.090930905477848,32.468761947807195,33.46167457466211,0.0
1590,13.178009100000054,204.05377705891928,167.0927480061849,48.27135175914644,39.52778003751442,6.757099902000339,0.23656191252567887,-1.1695507317757645,5.362493750201828,6.7570999020003395,-6.424108110474279,25.77983169091425,26.568193145694497,0.0
1591,13.181857900000068,203.88805135091147,166.42769368489584,48.23214736870544,39.370453515336806,6.757099902000339,0.23656191252567887,-1.2087551222167647,5.519820272379441,6.7570999020003395,-8.264289620950617,33.164447392425835,34.17863446341783,0.0
1592,13.193592900000112,203.72232564290366,165.76263936360678,48.19294297826444,39.2131269931592,6.757099902000339,0.23656191252567887,-1.247959512657765,5.677146794557046,6.7570999020003395,-6.363764849490158,25.537675256885205,26.31863143451295,0.0
1593,13.19679959999985,203.55659993489584,165.09758504231772,48.15373858782344,39.055800470981595,6.757099902000339,0.23656191252567887,-1.2871639030987652,5.834473316734652,6.7570999020003395,-8.066400052559782,32.37032007097126,33.36022229100192,0.0
1594,13.20980899999995,203.39087422688803,164.43253072102866,48.11453419738244,38.89847394880398,6.757099902000339,0.23656191252567887,-1.3263682935397654,5.991799838912264,6.7570999020003395,-6.4690814674637025,25.960308973336076,26.75418952283466,0.0
1595,13.213198699999793,203.22514851888022,163.7674763997396,48.07532980694144,38.74114742662638,6.757099902000339,0.23656191252567887,-1.3655726839807656,6.14912636108987,6.7570999020003395,-7.084121817665732,28.428454969428298,29.297812783147144,0.0
1596,13.23102259999996,203.0594228108724,163.10242207845053,48.03612541650044,38.58382090444877,6.757099902000339,0.23656191252567887,-1.4047770744217658,6.306452883267475,6.7570999020003395,-5.805781655756086,23.29849861579316,24.01097953821188,0.0
1597,13.237133000000085,202.8936971028646,162.43736775716147,47.99692102605944,38.42649438227116,6.757099902000339,0.23656191252567887,-1.443981464862766,6.463779405445088,6.7570999020003395,-5.742599039157046,23.04494789813638,23.74967509993237,0.0
1598,13.243852900000093,202.72797139485678,161.7723134358724,47.95771663561844,38.26916786009355,6.757099902000339,0.23656191252567887,-1.4831858553037662,6.621105927622693,6.7570999020003395,-5.526054531875455,22.17595863841224,22.8541116699344,0.0
1599,13.258385799999814,202.56224568684897,161.10725911458334,47.91851224517744,38.11184133791595,6.757099902000339,0.23656191252567887,-1.5223902457447664,6.778432449800299,6.7570999020003395,-5.7657929530330305,23.138024662365172,23.845598202885668,0.0
1600,13.262125600000218,202.39651997884116,160.44220479329428,47.87930785473644,37.954514815738335,6.757099902000339,0.23656191252567887,-1.5615946361857667,6.935758971977911,6.7570999020003395,-6.668506131213331,26.760596605186763,27.57895039133221,0.0
1601,13.273662300000069,202.23079427083334,159.77715047200522,47.84010346429544,37.79718829356073,6.757099902000339,0.23656191252567887,-1.6007990266267669,7.093085494155517,6.7570999020003395,-6.1543908496614,24.69746111614899,25.4527230824933,0.0
1602,13.277249299999767,202.06506856282553,159.11209615071616,47.80089907385444,37.639861771383124,6.757099902000339,0.23656191252567887,-1.640003417067767,7.250412016333122,6.7570999020003395,-7.751169215946703,31.105304325295855,32.056521666948036,0.0
1603,13.289262299999791,201.89934285481772,158.4470418294271,47.76169468341344,37.48253524920551,6.757099902000339,0.23656191252567887,-1.6792078075087673,7.407738538510735,6.7570999020003395,-6.283693062117038,25.21634859703241,25.987478428388474,0.0
1604,13.292932599999858,201.7336171468099,157.78198750813803,47.72249029297244,37.325208727027906,6.757099902000339,0.23656191252567887,-1.7184121979497675,7.56506506068834,6.7570999020003395,-7.758193102051202,31.133491055418737,32.08557036280567,0.0
1605,13.30539570000019,201.5678914388021,157.11693318684897,47.68328590253144,37.1678822048503,6.757099902000339,0.23656191252567887,-1.7576165883907677,7.722391582865946,6.7570999020003395,-6.190258588014106,24.8413977127886,25.601061339550377,0.0
1606,13.309035599999788,201.40216573079428,156.4518788655599,47.64408151209044,37.01055568267269,6.757099902000339,0.23656191252567887,-1.796820978831768,7.879718105043558,6.7570999020003395,-7.697997297114686,30.891926359888004,31.836618485811716,0.0
1607,13.32172350000019,201.23644002278647,155.78682454427084,47.60487712164944,36.85322916049508,6.757099902000339,0.23656191252567887,-1.8360253692727682,8.037044627221164,6.7570999020003395,-6.220119897156108,24.961230615739904,25.72455879868785,0.0
1608,13.325352800000019,201.07071431477866,155.12177022298178,47.56567273120844,36.69590263831748,6.757099902000339,0.23656191252567887,-1.8752297597137684,8.19437114939877,6.7570999020003395,-7.875430914861102,31.603964314908602,32.570430953746474,0.0
1609,13.337261300000137,200.90498860677084,154.45671590169272,47.52646834076744,36.538576116139865,6.757099902000339,0.23656191252567887,-1.9144341501547686,8.351697671576382,6.7570999020003395,-6.186494119084098,24.826290965866797,25.585492619985672,0.0
1610,13.340693600000122,200.73926289876303,153.79166158040366,47.48726395032644,36.38124959396226,6.757099902000339,0.23656191252567887,-1.9536385405957688,8.509024193753987,6.7570999020003395,-6.988216429253928,28.043588349970612,28.901176730449954,0.0
1611,13.357548099999804,200.57353719075522,153.1266072591146,47.448059559885436,36.22392307178465,6.757099902000339,0.23656191252567887,-1.992842931036769,8.6663507159316,6.7570999020003395,-5.935372112257267,23.818542814909488,24.546926975420725,0.0
1612,13.363071000000218,200.4078114827474,152.46155293782553,47.408855169444436,36.06659654960704,6.757099902000339,0.23656191252567887,-2.0320473214777692,8.823677238109205,6.7570999020003395,-7.555938875398942,30.321848437921382,31.24910726694509,0.0
1613,13.370150199999898,200.2420857747396,151.79649861653647,47.369650779003436,35.909270027429436,6.757099902000339,0.23656191252567887,-2.0712517119187694,8.98100376028681,6.7570999020003395,-5.920859263745494,23.760303011725398,24.48690616697193,0.0
1614,13.373590700000022,200.07636006673178,151.1314442952474,47.330446388562436,35.75194350525182,6.757099902000339,0.23656191252567887,-2.1104561023597697,9.138330282464423,6.7570999020003395,-7.692959909907188,30.871711414538726,31.815785356297585,0.0
1615,13.38566549999996,199.91063435872397,150.46638997395834,47.291241998121436,35.59461698307422,6.757099902000339,0.23656191252567887,-2.14966049280077,9.295656804642029,6.7570999020003395,-6.92822982387344,27.80286316854119,28.653090040360983,0.0
1616,13.389170099999774,199.74490865071616,149.80133565266928,47.252037607680435,35.43729046089661,6.757099902000339,0.23656191252567887,-2.18886488324177,9.452983326819634,6.7570999020003395,-8.450832281380796,33.913039773868256,34.95011921227162,0.0
1617,13.401141400000142,199.57918294270834,149.13628133138022,47.212833217239435,35.279963938719,6.757099902000339,0.23656191252567887,-2.2280692736827703,9.610309848997247,6.7570999020003395,-6.773372712450269,27.1814243322109,28.012647262075618,0.0
1618,13.404122500000085,199.41345723470053,148.47122701009116,47.173628826798435,35.122637416541394,6.757099902000339,0.23656191252567887,-2.2672736641237705,9.767636371174852,6.7570999020003395,-8.377139762396354,33.61731300469995,34.64534895559129,0.0
1619,13.417157299999872,199.24773152669272,147.8061726888021,47.134424436357435,34.96531089436379,6.757099902000339,0.23656191252567887,-2.3064780545647707,9.924962893352458,6.7570999020003395,-6.775593399900407,27.190335911487086,28.021831362355286,0.0
1620,13.42063730000018,199.0820058186849,147.14111836751303,47.095220045916435,34.807984372186176,6.757099902000339,0.23656191252567887,-2.345682445005771,10.08228941553007,6.7570999020003395,-8.252626312719709,33.11764274375181,34.13039850280349,0.0
1621,13.432970299999852,198.9162801106771,146.47606404622397,47.056015655475434,34.65065785000857,6.757099902000339,0.23656191252567887,-2.384886835446771,10.239615937707676,6.7570999020003395,-6.248213432527761,25.0739694739637,25.840745273302083,0.0
1622,13.436647999999877,198.75055440266928,145.8110097249349,47.016811265034434,34.493331327830965,6.757099902000339,0.23656191252567887,-2.4240912258877714,10.396942459885281,6.7570999020003395,-7.973142177060069,31.996077873783214,32.974535561260204,0.0
1623,13.449177699999836,198.58482869466147,145.14595540364584,46.97760687459343,34.33600480565335,6.757099902000339,0.23656191252567887,-2.4632956163287787,10.554268982062894,6.7570999020003395,-6.349325498751644,25.479730398958033,26.258914590909576,0.0
1624,13.452548000000206,198.41910298665366,144.48090108235678,46.93840248415243,34.17867828347575,6.757099902000339,0.23656191252567887,-2.502500006769779,10.711595504240499,6.7570999020003395,-6.195513505379357,24.862485602794692,25.622794108849863,0.0
1625,13.465007499999956,198.25337727864584,143.81584676106772,46.899198093711426,34.02135176129814,6.757099902000339,0.23656191252567887,-2.541704397210779,10.868922026418105,6.7570999020003395,-6.324821009718667,25.38139431991362,26.157571340396306,0.0
1626,13.481276500000149,198.08765157063803,143.15079243977866,46.859993703270426,33.86402523912053,6.757099902000339,0.23656191252567887,-2.5809087876517793,11.026248548595717,6.7570999020003395,-6.306933028710702,25.30961016999847,26.083591991632055,0.0
1627,13.484743900000012,197.92192586263022,142.4857381184896,46.820789312829426,33.706698716942924,6.757099902000339,0.23656191252567887,-2.6201131780927795,11.183575070773323,6.7570999020003395,-6.487785914434591,26.035369586652607,26.831545531056,0.0
1628,13.497642299999825,197.7562001546224,141.82068379720053,46.781584922388426,33.54937219476532,6.757099902000339,0.23656191252567887,-2.6593175685337798,11.340901592950928,6.7570999020003395,-6.4938801162308355,26.059825510166956,26.856749330183774,0.0
1629,13.500769499999933,197.5904744466146,141.15562947591147,46.742380531947425,33.392045672587706,6.757099902000339,0.23656191252567887,-2.69852195897478,11.49822811512854,6.7570999020003395,-8.464271622196986,33.966971609746864,35.00570031340151,0.0
1630,13.513109500000155,197.42474873860678,140.4905751546224,46.703176141506425,33.2347191504101,6.757099902000339,0.23656191252567887,-2.73772634941578,11.655554637306146,6.7570999020003395,-6.629967804871942,26.60594298640546,27.419567379692488,0.0
1631,13.516306800000166,197.25902303059897,139.82552083333334,46.663971751065425,33.07739262823249,6.757099902000339,0.23656191252567887,-2.7769307398567804,11.812881159483759,6.7570999020003395,-7.216909284798051,28.961328715397187,29.846982101818835,0.0
1632,13.534669099999974,197.09329732259116,139.16046651204428,46.624767360624425,32.92006610605488,6.757099902000339,0.23656191252567887,-2.8161351302977806,11.970207681661364,6.7570999020003395,-6.019112801704665,24.154592713590084,24.893253465127135,0.0
1633,13.541231400000015,196.92757161458334,138.49541219075522,46.585562970183425,32.76273958387728,6.757099902000339,0.23656191252567887,-2.855339520738781,12.12753420383897,6.7570999020003395,-7.114014607514085,28.548414203895128,29.421440437087455,0.0
1634,13.547219000000041,196.76184590657553,137.83035786946616,46.546358579742424,32.605413061699664,6.757099902000339,0.23656191252567887,-2.894543911179781,12.284860726016582,6.7570999020003395,-5.4637740832191,21.92602830467766,22.59653832891186,0.0
1635,13.551750499999798,196.59612019856772,137.1653035481771,46.507154189301424,32.44808653952206,6.757099902000339,0.23656191252567887,-2.9337483016207813,12.442187248194188,6.7570999020003395,-7.075050370017244,28.39205141121483,29.260295984069387,0.0
1636,13.561525900000106,196.4303944905599,136.50024922688803,46.467949798860424,32.290760017344454,6.757099902000339,0.23656191252567887,-2.9729526920617815,12.599513770371793,6.7570999020003395,-6.524323340461006,26.18199362802651,26.982653416387816,0.0
1637,13.565372699999898,196.2646687825521,135.83519490559897,46.428745408419424,32.13343349516684,6.757099902000339,0.23656191252567887,-3.0121570825027817,12.756840292549406,6.7570999020003395,-7.364285341320713,29.55274621134936,30.456485470599116,0.0
1638,13.577545900000132,196.09894307454428,135.1701405843099,46.389541017978424,31.976106972989236,6.757099902000339,0.23656191252567887,-3.051361472943782,12.914166814727011,6.7570999020003395,-6.271512086303492,25.167466557549062,25.93710154920941,0.0
1639,13.581193699999858,195.93321736653647,134.50508626302084,46.35033662753742,31.818780450811627,6.757099902000339,0.23656191252567887,-3.090565863384782,13.07149333690462,6.7570999020003395,-8.019868688877018,32.18359053537512,33.16778246334109,0.0
1640,13.593492500000139,195.76749165852866,133.84003194173178,46.31113223709642,31.66145392863402,6.757099902000339,0.23656191252567887,-3.1297702538257823,13.228819859082225,6.7570999020003395,-6.59419449276307,26.462385320604,27.27161964138736,0.0
1641,13.596566799999891,195.60176595052084,133.17497762044272,46.27192784665542,31.504127406456412,6.757099902000339,0.23656191252567887,-3.1689746442667825,13.386146381259834,6.7570999020003395,-8.277376225165144,33.216963702589396,34.232756751276554,0.0
1642,13.60936589999983,195.43604024251303,132.50992329915366,46.23272345621442,31.346800884278803,6.757099902000339,0.23656191252567887,-3.2081790347077828,13.543472903437443,6.7570999020003395,-6.71828242530243,26.9603479888414,27.784810282338658,0.0
1643,13.612735000000157,195.27031453450522,131.8448689778646,46.19351906577342,31.189474362101198,6.757099902000339,0.23656191252567887,-3.247383425148783,13.700799425615049,6.7570999020003395,-8.471116322003056,33.99443926843795,35.03400794822686,0.0
1644,13.626015899999857,195.1045888264974,131.17981465657553,46.15431467533242,31.03214783992359,6.757099902000339,0.23656191252567887,-3.286587815589783,13.858125947792658,6.7570999020003395,-6.55528351767903,26.30623626903978,27.110695465806447,0.0
1645,13.62929609999992,194.9388631184896,130.51476033528647,46.11511028489142,30.87482131774598,6.757099902000339,0.23656191252567887,-3.3257922060307834,14.015452469970267,6.7570999020003395,-8.130233734380921,32.62648350179464,33.624219340655976,0.0
1646,13.64165120000007,194.77313741048178,129.8497060139974,46.07590589445042,30.71749479556837,6.757099902000339,0.23656191252567887,-3.3649965964717836,14.172778992147876,6.7570999020003395,-6.4487177393223565,25.878589694168635,26.669971223092496,0.0
1647,13.645235500000126,194.60741170247397,129.18465169270834,46.03670150400942,30.560168273390765,6.757099902000339,0.23656191252567887,-3.404200986912784,14.330105514325481,6.7570999020003395,-8.126446495073946,32.61120706603265,33.60848046164773,0.0
1648,13.657377300000007,194.44168599446616,128.51959737141928,45.99749711356842,30.402841751213156,6.757099902000339,0.23656191252567887,-3.443405377353784,14.48743203650309,6.7570999020003395,-6.361185520603772,25.527219165268708,26.307861934015108,0.0
1649,13.660834299999806,194.27596028645834,127.85454877217612,45.95829272312742,30.24551658265367,6.757099902000339,0.23656191252567887,-3.4826097677947843,14.644757205062575,6.7570999020003395,-7.6821824852735,30.828267887443204,31.771024986251305,0.0
1650,13.673377600000094,194.11023457845053,127.18950160344443,45.91908833268642,30.088191752498712,6.757099902000339,0.23656191252567887,-3.5218141582357845,14.802082035217534,6.7570999020003395,-6.149281868481544,24.6767349314651,25.43137657256928,0.0
1651,13.67738700000018,193.94450887044272,126.5244547923406,45.87988394224542,29.93086700694489,6.757099902000339,0.23656191252567887,-3.5610185486767847,14.959406780771356,6.7570999020003395,-5.980410521962629,23.99903528527352,24.73295381944916,0.0
1652,13.689363999999841,193.7787831624349,125.85940807064375,45.84067955180442,29.77354228254135,6.757099902000339,0.23656191252567887,-3.600222939117785,15.116731505174897,6.7570999020003395,-5.480129100714835,21.991411778864258,22.66393626420775,0.0
1653,13.705805200000214,193.6130574544271,125.19436137129864,45.80147516136342,29.61621756342538,6.757099902000339,0.23656191252567887,-3.639427329558785,15.274056224290867,6.7570999020003395,-5.554721532578706,22.290744651840555,22.972423216501387,0.0
1654,13.710240500000054,193.44733174641928,124.52931467754146,45.76227077092242,29.4588928456313,6.757099902000339,0.23656191252567887,-3.6786317199997853,15.431380942084946,6.7570999020003395,-5.523097944537672,22.163839805453797,22.84163754696179,0.0
1655,13.721446600000036,193.28160603841147,123.86426798518127,45.72306638048142,29.3015681281677,6.757099902000339,0.23656191252567887,-3.7178361104407855,15.588705659548548,6.7570999020003395,-5.298670258651458,21.263225704236387,21.913481554951886,0.0
1656,13.725521899999876,193.11588033040366,123.19922129317032,45.68386199004042,29.144243410786714,6.757099902000339,0.23656191252567887,-3.7570405008817858,15.746030376929532,6.7570999020003395,-6.01136397489251,24.12322009178926,24.860938124607053,0.0
1657,13.743746600000122,192.95015462239584,122.53417460124669,45.64465759959942,28.986918693426382,6.757099902000339,0.23656191252567887,-3.796244891322786,15.903355094289864,6.7570999020003395,-5.40878315123906,21.705101675051743,22.368870644300788,0.0
1658,13.750337800000125,192.78442891438803,121.86912790934488,45.60545320915842,28.829593976071216,6.757099902000339,0.23656191252567887,-3.835449281763786,16.06067981164503,6.7570999020003395,-6.418157305213873,25.75565574858227,26.543295692772386,0.0
1659,13.757066699999996,192.61870320638022,121.20408121744853,45.56624881871742,28.67226925871734,6.757099902000339,0.23656191252567887,-3.8746536722047864,16.218004528998907,6.7570999020003395,-5.429264790007862,21.787293181261774,22.453575669061596,0.0
1660,13.761654500000077,192.4529774983724,120.53903452555355,45.52704442827642,28.514944541363782,6.757099902000339,0.23656191252567887,-3.9138580626457866,16.375329246352464,6.7570999020003395,-7.022379180056655,28.180359577750636,29.04214997688386,0.0
1661,13.770039500000166,192.2872517903646,119.8739878336589,45.48784003783542,28.35761982401031,6.757099902000339,0.23656191252567887,-3.953062453086787,16.532653963705936,6.7570999020003395,-6.270391268866297,25.162680071642257,25.93218608317658,0.0
1662,13.773914700000205,192.12152608235678,119.20894114176434,45.44863564739442,28.200295106656856,6.757099902000339,0.23656191252567887,-3.992266843527787,16.68997868105939,6.7570999020003395,-6.397497322985295,25.67274855664462,26.457853096014848,0.0
1663,13.791832200000044,191.95580037434897,118.5438944498698,45.40943125695342,28.04297038930341,6.757099902000339,0.23656191252567887,-4.031471233968787,16.847303398412837,6.7570999020003395,-6.127858605775918,24.590705589121896,25.34271991052367,0.0
1664,13.797899300000154,191.79007466634116,117.87884775797527,45.37022686651242,27.885645671949963,6.757099902000339,0.23656191252567887,-4.0706756244097875,17.004628115766284,6.7570999020003395,-6.995873379217814,28.073993490150546,28.932531082210275,0.0
1665,13.803346499999861,191.62434895833334,117.21380106608073,45.33102247607142,27.728320954596516,6.757099902000339,0.23656191252567887,-4.109880014850788,17.16195283311973,6.7570999020003395,-5.755829904561701,23.09777814891551,23.804136894808128,0.0
1666,13.807694999999967,191.45862325032553,116.5487543741862,45.29181808563042,27.57099623724307,6.757099902000339,0.23656191252567887,-4.149084405291788,17.319277550473178,6.7570999020003395,-7.185273403503644,28.834043702698196,29.715824574327502,0.0
1667,13.817704999999933,191.29289754231772,115.88370768229167,45.25261369518942,27.413671519889622,6.757099902000339,0.23656191252567887,-4.188288795732788,17.476602267826625,6.7570999020003395,-6.572218293739027,26.373892663978353,27.18043906105288,0.0
1668,13.821904599999925,191.1271718343099,115.21866099039714,45.21340930474842,27.25634680253618,6.757099902000339,0.23656191252567887,-4.227493186173788,17.633926985180068,6.7570999020003395,-7.162628683091183,28.743171884558347,29.62217378311568,0.0
1669,13.83344709999983,190.9614461263021,114.55361429850261,45.17420491430742,27.09902208518273,6.757099902000339,0.23656191252567887,-4.2666975766147885,17.791251702533515,6.7570999020003395,-6.027833112360369,24.18930966629874,24.929048801800718,0.0
1670,13.837309900000037,190.79572041829428,113.88856760660808,45.13500052386642,26.941697367829285,6.757099902000339,0.23656191252567887,-4.305901967055789,17.94857641988696,6.7570999020003395,-7.21030143820766,28.93447960901964,29.81933193541721,0.0
1671,13.849041999999827,190.62999471028647,113.22352091471355,45.09579613342542,26.784372650475838,6.757099902000339,0.23656191252567887,-4.345106357496789,18.10590113724041,6.7570999020003395,-5.9295869762995865,23.79505419100734,24.52273650436422,0.0
1672,13.85303070000009,190.46426900227866,112.55847422281902,45.056591742984416,26.62704793312239,6.757099902000339,0.23656191252567887,-4.384310747937789,18.263225854593856,6.7570999020003395,-7.336620661645294,29.441390592715322,30.341744886636082,-57.53477645266807
1673,13.866403300000002,190.29854329427084,111.89342753092448,45.017387352543416,26.469723215768948,6.757099902000339,0.23656191252567887,-4.423515138378789,18.4205505719473,6.7570999020003395,-6.00122592821282,24.08253673402017,24.81901062062879,-80.51566675579824
1674,13.870161499999995,190.13281758626303,111.22838083902995,44.978182962102416,26.3123984984155,6.757099902000339,0.23656191252567887,-4.46271952881979,18.577875289300746,5.675963917680285,33.584923697350135,-1024.5080145158202,1025.0583490255103,-163.91537564931588
1675,13.881452300000092,189.96709187825522,110.56333414713542,44.938978571661416,26.155073781062054,6.757099902000339,0.23656191252567887,-4.50192391926079,18.735200006654193,4.37860073649622,53.4817221953832,-1100.4288393265226,1101.7277000377642,-177.8282533815104
1676,13.884667199999967,192.61157735188803,181.63334528605142,45.56456311295037,42.96753153930533,1.3514199804000677,0.23656191252567887,-3.8763393779718385,1.9227422484109198,3.037992115939353,89.73877480507946,-1168.4545470644598,1171.8955056911552,-210.81890684329574
1677,13.897479400000066,197.46730168660483,200.056502978007,46.713242548268454,47.3257489576765,0.2702839960800136,0.23656191252567887,-2.7276599426537516,-2.435475169960256,2.1467192555303862,97.76031798624672,-1183.2496165273722,1187.2812366010614,-155.16118260831934
1678,13.901151300000038,200.23569520314535,205.153346935908,47.36813901316497,48.53146811220252,0.05405679921600272,0.23656191252567887,-2.072763477757235,-3.6411943244862712,1.541027353303343,101.74735754477808,-1188.5772206889756,1192.924278530735,-132.49224332673964
1679,13.914058599999862,201.85487945874533,206.90553186337152,47.75117633740117,48.94596832974196,2.3007355999555053,0.23656191252567887,-1.6897261535210362,-4.055694542025712,1.4198889728579345,71.11093877665881,-151.49150992706797,167.35125692291842,-49.339812390800176
1680,13.929591600000094,202.93586113055548,207.73970388869444,48.00689542908978,49.14330165942776,3.7286403908651247,0.23656191252567887,-1.4340070618324248,-4.253027871711517,1.3956612967688526,54.88959151916006,-85.91078471645565,101.94866447255421,-42.5012603734012
1681,13.93351070000017,203.6218475153049,208.47054380054274,48.16917368023268,49.3161905467247,0.745728078173025,0.23656191252567887,-1.271728810689524,-4.425916759008452,1.3908157615510364,23.70820632654072,-27.570587638504335,36.362292968874684,-54.217620117915146
1682,13.94648589999997,204.09071883683404,209.14287780194232,48.28009077678205,49.47523916395183,0.14914561563460502,0.23656191252567887,-1.1608117141401522,-4.58496537623558,0.931861806485012,18.266318934526605,-23.11480038149286,29.46103195908296,-53.87936490759355
1683,13.94982089999985,204.40716686130813,209.65974288798557,48.35495032666662,49.59750975722397,0.029829123126921004,0.23656191252567887,-1.0859521642555876,-4.707235969507721,0.18637236129700244,15.56206097245084,-24.640233145740655,29.14307518411079,-54.19730959494696
1684,13.96919939999998,204.60922274560048,210.46537364924248,48.40274905309188,49.78809131089642,0.005965824625384201,0.23656191252567887,-1.0381534378303243,-4.897817523180173,0.03727447225940049,6.90531685881844,-22.620585770226523,23.651095143964408,-54.14803351520618
1685,13.978667500000029,204.7269593118884,211.2791089152403,48.43060104038717,49.98059008171045,0.0011931649250768402,0.23656191252567887,-1.0103014505350387,-5.090316293994206,0.0074548944518800985,4.432813971249985,-27.526290815694978,27.880934808107185,-24.927463428151263
1686,13.984691600000133,204.67916872201508,212.14533875224757,48.419295607045996,50.1855070686397,0.00023863298501536806,0.23656191252567887,-1.0216068838762098,-5.295233280923455,0.0014909788903760197,-1.066515113650667,-29.215152494208315,29.234612871517413,51.074937615350564
1687,13.990584300000137,204.58415985628503,213.0616795366947,48.396820128062004,50.4022783971338,4.7726597003073615e-05,0.23656191252567887,-1.0440823628602018,-5.512004609417552,0.65399684995288,-2.8813886517150364,-39.42532326610316,39.53047577754368,94.69231320045525
1688,13.995595899999898,204.47717476021384,214.0172814564393,48.37151152912366,50.628337414881784,9.545319400614724e-06,0.23656191252567887,-1.0693909617985469,-5.738063627165538,1.4381966783401854,-3.93312366055338,-39.06849347059177,39.26597310383224,98.38162449579869
1689,13.999448399999892,204.36956453355933,215.00882552158052,48.34605504809895,50.862898975285084,3.268495179937904,0.23656191252567887,-1.0948474428232586,-5.972625187568838,2.2487352981924515,-4.898762895521659,-41.18839600095836,41.47869143353371,100.45278376988657
1690,14.010045699999864,204.2657691241125,215.83968501809045,48.321501007528816,51.05944868681959,3.9221923068616045,0.23656191252567887,-1.1194014833933892,-6.169174899103346,2.4108430221629047,-4.47718997157312,-35.27484774849377,35.557841803475235,81.2596681751534
1691,14.01350739999998,204.16765382887968,216.49256361902457,48.29829066564052,51.21389489730366,4.0529317322463445,0.23656191252567887,-1.1426118252816835,-6.323621109587414,2.4432645669569952,-4.448615497980125,-29.01907392591462,29.358079490432726,58.92820817227426
1692,14.025961599999846,204.0778250172785,216.8726030324417,48.27704059016824,51.303797747776756,0.810586346449269,0.23656191252567887,-1.1638619007539646,-6.413523960060509,2.6271588490603444,-3.327475630122728,-18.026193519772356,18.330732306193976,20.389205979828567
1693,14.029938399999992,203.99533210881182,217.10506787236824,48.257525909971555,51.35879007490475,0.16211726928985382,0.23656191252567887,-1.1833765809506502,-6.468516287188507,2.805397590124569,-3.4622453762929633,-17.71738206146423,18.05250038519752,71.43091345950745
1694,14.04197699999986,203.94433626206623,217.40639392121705,48.24546223493455,51.43007234131423,4.18796659045465,0.23656191252567887,-1.1954402559876556,-6.539798553597983,3.0184553114819455,-2.2074548961462535,-9.442371918261092,9.696970896176069,86.25153920563336
1695,14.045352399999956,203.90166100033102,217.64900372322418,48.235366893400936,51.487464580074516,4.813386012182727,0.23656191252567887,-1.2055355975212692,-6.597190792358269,3.9315199654946316,-2.3176527527958095,-9.35192137899617,9.634829929037027,95.60907914830614
1696,14.057497299999795,203.87953664900854,217.8153766937455,48.2301331145387,51.52682208817362,5.1182203390332255,0.23656191252567887,-1.210769376383503,-6.63654830045737,4.94524159991045,-1.4271804928911436,-6.714983550015453,6.864972559032348,87.81201453193977
1697,14.060791100000188,203.84810758144158,217.90958987045786,48.22269819420616,51.54910933744181,5.3759096165127005,0.23656191252567887,-1.2182042967160456,-6.658835549725566,5.147986003087559,-1.3024645064911826,-5.1923265855857945,5.353192427145727,87.33057264320622
1698,14.073902999999973,203.8229010713858,217.94526245784886,48.21673529397926,51.55754811293976,5.230725441368946,0.23656191252567887,-1.2241671969429433,-6.6672743252235165,5.224484972223958,-0.8019160762269645,-1.5991149731097913,1.7889209290897068,32.77583740698838
1699,14.077476699999806,203.81718309255348,217.91969955611262,48.21538263797091,51.551500904015334,5.201688606340196,0.23656191252567887,-1.2255198529512938,-6.661227116299088,5.279129248473112,-1.049243479913335,-0.019905673439475913,1.04943228270133,-27.291890486025544
1700,14.09000530000003,203.79133190595087,217.86869976085433,48.20926723182714,51.539436294910615,5.195880857864719,0.23656191252567887,-1.2316352590950643,-6.649162507194369,5.250713621301068,-0.7018352925826759,1.7084497049851133,1.8469903011056474,-42.40360763593663
1701,14.093863799999781,203.76413241496428,217.7927669812292,48.20283286821963,51.5214734913391,5.391441720278999,0.23656191252567887,-1.2380696227025751,-6.631199703622855,4.413921792253378,-1.1990436369578314,5.2184482551234055,5.3544288056458065,-45.34192829869985
1702,14.10581349999984,203.73785469797934,217.6980353427194,48.196616561232865,51.49906359375654,5.233831480652479,0.23656191252567887,-1.2442859296893403,-6.608789806040292,4.246563350149895,-1.2181997435911898,5.426125975890788,5.561191753709126,-48.51519656114996
1703,14.109592499999962,203.69087618059837,217.42796113670525,48.1855032333136,51.43517432305797,1.0467662961304958,0.23656191252567887,-1.2553992576086088,-6.544900535341725,4.213091661729198,-1.3074818906733063,6.481035782615061,6.611605985687249,-51.708104780108606
1704,14.121221299999888,203.66756157444647,217.2937349741177,48.17998788549252,51.403421525325285,4.364896395822779,0.23656191252567887,-1.260914605429683,-6.513147737609039,4.206397324045058,-1.0105134994510983,5.91282071898735,5.998548690096546,4.618632352144189
1705,14.125075099999776,203.65233732354326,217.1921204195548,48.176386407582086,51.37938339195744,5.028522415761236,0.23656191252567887,-1.2645160833401192,-6.489109604241193,4.136132522670341,-1.0517968873321226,6.61770456825329,6.700767899642696,16.615580242392276
1706,14.137690999999904,203.64259177717489,217.09536286856058,48.17408098249458,51.356494240642945,5.357970031858303,0.23656191252567887,-1.2668215084276255,-6.466220452926699,4.953188189714733,-0.4317427870445462,3.5439853510115222,3.5701868301741935,18.91623290688877
1707,14.141244999999799,203.6316753185613,217.01423912412258,48.17149856416694,51.33730345250744,4.882507473778888,0.23656191252567887,-1.2694039267552668,-6.447029664791195,5.11659932312361,-0.34469223741758004,3.221389220974645,3.239777963309765,18.629016666934817
1708,14.15359669999998,203.64000119658368,216.93394537063025,48.17346814979537,51.31830900861743,5.132044631352457,0.23656191252567887,-1.2674343411268367,-6.428035220901187,5.149281626099332,-0.10546025090023378,3.1019875181119803,3.103779700146656,26.501769954549662
1709,14.169904899999892,203.63731047980997,216.85690324329232,48.172831628689316,51.300083775629325,5.181952062867171,0.23656191252567887,-1.2680708622328893,-6.4098099879130785,5.116473604272602,-0.07937944294503992,2.9774951221883432,2.978553054524569,13.745255621518048
1710,14.172856199999842,203.64057456819467,216.786533397493,48.17360378768025,51.2834369503229,5.19193393063984,0.23656191252567887,-1.2672987032419556,-6.393163162606655,5.178838010039092,0.12578030936047266,2.715221868117993,2.7181336389752766,7.121065236277687
1711,14.18556559999979,203.63776281319124,216.72250081153146,48.17293863353909,51.268289279323874,5.193929922724648,0.23656191252567887,-1.2679638573831156,-6.378015491607627,5.191310891192388,0.08644513097765828,2.5963496299242,2.597788321144984,6.726330740309894
1712,14.18881939999983,203.64187783708687,216.66626668237507,48.17391209146193,51.254986426181425,5.194329502611336,0.23656191252567887,-1.2669903994602763,-6.364712638465178,5.233150026138869,-0.15379884788263343,3.146928588052476,3.150684627809006,7.2332278112724975
1713,14.20126590000018,203.6399196851018,216.61662846868947,48.17344886728333,51.2432439154176,5.194409037118946,0.23656191252567887,-1.267453623638879,-6.352970127701354,5.2415178531281645,-0.1932372737083311,2.1563915336454045,2.1650323531826974,3.012301280584785
1714,14.204467600000044,203.6231337603868,216.56424470262158,48.169477956829226,51.23085191153128,5.391147737599571,0.23656191252567887,-1.2714245340929793,-6.340578123815035,5.243191494819969,-0.0764905606091245,2.2965762555717553,2.2978497129965403,2.819803163286243
1715,14.217083699999876,203.62657048843653,216.52756248791127,48.170290955789504,51.22217429666373,5.233773065586321,0.23656191252567887,-1.2706115351327014,-6.331900508947484,5.24352622315833,-0.10465830989652639,1.562364955833602,1.5658664109838139,-0.37192763550299257
1716,14.220629899999949,203.63453645145484,216.49918874819852,48.172175399236224,51.21546215053178,5.202298131183671,0.23656191252567887,-1.2687270916859816,-6.325188362815531,5.243593245119948,0.02847524167825674,1.648327318463582,1.6485732583606887,-56.430593079521394
1717,14.233316899999863,203.64302818635002,216.47680600662972,48.17418422028369,51.210167246378695,5.196003144303141,0.23656191252567887,-1.2667182706385134,-6.319893458662449,5.204262167090397,0.30289535373636717,0.9225731182625913,0.9710235598871122,-58.530239804785154
1718,14.236317299999882,203.65099905098202,216.45938857441132,48.17606982326552,51.20604694530182,5.194744146927035,0.23656191252567887,-1.264832667656684,-6.315773157585575,4.365287247871205,1.105602327997236,3.158851497084987,3.3467445806797045,-60.02742634563619
1719,14.249193900000137,203.65817594072402,216.44623370976495,48.17776760202887,51.202935005362065,5.194492347451813,0.23656191252567887,-1.2631348888933331,-6.312661217645818,4.236836746449242,0.9600797271600974,2.8890034513336116,3.04435445116388,-60.11340882885049
1720,14.252637900000082,203.7175453889896,216.27343510590805,48.191812152256176,51.16205743715191,1.0388984694903627,0.23656191252567887,-1.2490903386660293,-6.271783649435662,4.211146569870904,0.7799883373528307,2.6606299158929083,2.7726040748276226,-61.68148658279911
1721,14.26513900000009,203.70717641682748,216.24471223106684,48.18935924837058,51.15526269894624,4.5600456240738545,0.23656191252567887,-1.2515432425516266,-6.264988911229992,4.206008458261291,0.6171665355541512,2.3095514703069235,2.390590413810945,7.808006397080609
1722,14.26851889999989,203.69657330952913,216.25506386098937,48.186850957029364,51.15771150031846,5.067552261411451,0.23656191252567887,-1.2540515338928415,-6.2674377126022165,4.169030671144446,0.6421503760852075,1.8287240103965188,1.9381920987629426,17.513975220582914
1723,14.281243400000221,203.68658686986277,216.2756189925911,48.18448854576257,51.16257406156239,5.1690535888789695,0.23656191252567887,-1.2564139451596361,-6.272300273846142,5.032088223462289,-0.14722449075436356,-0.6067841581882829,0.6243893539340215,18.863374999913184
1724,14.284700000000157,203.69033873406727,216.30721651572588,48.18537609393432,51.17004883206623,5.009603411867591,0.23656191252567887,-1.2555263969878823,-6.279775044349982,5.165355175210037,-0.18677181628379474,-0.955866647190497,0.9739428928685447,18.852443652725935
1725,14.297749899999872,203.69757095060666,216.32422539357992,48.187086960910676,51.174072484741295,5.354186231079574,0.23656191252567887,-1.2538155300115292,-6.283798697025048,5.156058400764664,-0.050891068980602805,-0.8965134818482097,0.8979567495361838,22.349236845522494
1726,14.301742600000125,203.6909218209036,216.34451078565084,48.185514030071495,51.17887123588592,5.226380382812595,0.23656191252567887,-1.2553884608507104,-6.288597448169675,5.154199122169535,-0.022083497595946522,-1.052818077476243,1.0530496593830903,7.542080517994591
1727,14.313192600000093,203.68788624746225,216.3652147630631,48.184795929012594,51.18376900837946,5.02106838918459,0.23656191252567887,-1.2561065619096112,-6.29349522066321,5.229121837373361,-0.03849048953675074,-0.6888664107180732,0.6899409029767548,-0.821028487482324
1728,14.317115700000159,203.68719601865268,216.38451276669352,48.18463264716532,51.18833418102619,5.159757195903325,0.23656191252567887,-1.2562698437568827,-6.298060393309946,5.204761974286197,-0.04967114731664901,-0.8497613237110655,0.8512118009936978,0.9996441430990933
1729,14.32963319999999,203.6964419489991,216.4026467463609,48.186819882131154,51.19262398993801,5.38421698788672,0.23656191252567887,-1.2540826087910517,-6.302350202221767,5.163939913167786,-0.010580352832802457,-0.6876862522227035,0.6877676390774535,1.1839314215811583
1730,14.332944599999792,203.69749458148806,216.4182237898617,48.187068894885925,51.19630892514006,5.232386915643751,0.23656191252567887,-1.25383359603628,-6.306035137423812,5.191725742032972,-0.03170124344817967,-0.7626259897289575,0.7632845924334073,-0.06374482714655515
1731,14.345137599999816,203.68726350743256,216.43840299336387,48.184648612440164,51.201082556113775,5.022270077220547,0.23656191252567887,-1.2562538784820418,-6.3108087683975285,5.197282907806009,-0.025927804878986327,-0.5644801916420978,0.5650753381825668,1.8140034590099123
1732,14.348780599999827,203.6846714066433,216.4507605688976,48.18403542012,51.204005887816216,5.159997533510516,0.23656191252567887,-1.2568670708022083,-6.313732100099969,5.198394340960617,-0.14710096821542806,-0.5277188304628518,0.5478374383656127,5.031285454786
1733,14.361225300000115,203.68400049326237,216.4598581109744,48.183876707567464,51.20615801976919,5.18754302476851,0.23656191252567887,-1.2570257833547416,-6.3158842320529445,5.2379610337194675,-0.18268820361329857,-0.31694917127808375,0.36583022963297895,3.4585863174517946
1734,14.364645399999972,203.6777673962648,216.4621553846772,48.182402194220764,51.20670146722992,5.389774153659757,0.23656191252567887,-1.2585002967014418,-6.316427679513673,5.28182453706616,-0.14377981986223598,-0.2556384552342684,0.29329789701629316,3.394719508702438
1735,14.381277200000113,203.67054429657597,216.46630025974352,48.18069348394401,51.20768198680278,5.430220379438007,0.23656191252567887,-1.2602090069781937,-6.317408199086536,5.290597237735498,-0.09098455628071303,-0.1457324837905608,0.1718026376787164,1.2026144949457782
1736,14.394137299999784,203.67032925041352,216.47091847924253,48.18064261221254,51.208774481639935,5.241587593954008,0.23656191252567887,-1.2602598787096682,-6.3185006939236885,5.292351777869365,-0.08369150328798812,-0.11903719555513702,0.14551330402487347,0.04513487308564246
1737,14.397796799999924,203.67180899717368,216.47483106024032,48.18099266393617,51.20970004928368,5.203861036857208,0.23656191252567887,-1.259909826986032,-6.319426261567436,5.253358203474264,-0.03363631633560803,-0.09653343649614005,0.1022257606397888,-6.1276571201683545
1738,14.415873200000078,203.67362088943014,216.47784625382963,48.18142128863366,51.2104133292458,5.196315725437848,0.23656191252567887,-1.2594812022885478,-6.3201395415295565,5.206215006173368,-0.06650281845023852,-0.09005770412968594,0.1119509487897956,-7.136084774518517
1739,14.423453800000061,203.66782538837316,216.47933247410194,48.18005029381957,51.210764912355856,5.194806281684249,0.23656191252567887,-1.2608521971026363,-6.320491124639609,5.069470464003228,0.1942301931172278,0.29280243881231416,0.35136681131375314,-7.402357557923846
1740,14.429511599999842,203.66098634587257,216.48001301964854,48.17843243684579,51.21092590351192,5.1945043929335295,0.23656191252567887,-1.2624700540764167,-6.320652115795674,5.042121479275256,0.16847308897407312,0.36294861650850224,0.40014357415045637,-5.290870802543836
1741,14.434089100000165,203.6861358686947,216.4446149187305,48.184381856063695,51.202552061058974,4.557864883103308,0.23656191252567887,-1.2565206348585107,-6.312278273342727,5.03665168232966,0.36216570048888486,0.4939155541969853,0.6124676067257107,-4.780264308398416
1742,14.445251499999813,203.68457260242758,216.43999970746583,48.18401204680576,51.201460277855496,5.067116113217342,0.23656191252567887,-1.2568904441164435,-6.311186490139249,5.035557722940542,0.37165562169455807,0.4896325321059801,0.6147096205800606,2.506935886876093
1743,14.44923209999979,203.70126781491354,216.42964485484498,48.18796149820146,51.19901071411558,5.168966740709875,0.23656191252567887,-1.2529409927207453,-6.308736926399334,5.035338931062718,0.31890557107996376,0.4354985490812335,0.5397775000106038,4.96449185961137
1744,14.45828870000014,203.69616045958776,216.43224031527376,48.186753292457645,51.1996247011985,5.1893364847386545,0.23656191252567887,-1.2541491984645603,-6.309350913482255,5.201955481525044,0.0242313567586383,0.04780827620967318,0.05359841345137754,5.31640782057846
1745,14.462575699999888,203.6865408778364,216.43762703438483,48.18447766580085,51.200898993773656,5.19341043354441,0.23656191252567887,-1.256424825121357,-6.310625206057409,5.235278791617509,-0.05650179932989098,-0.02299862831866169,0.06100319853954558,5.392215759301395
1746,14.47437889999992,203.67787606418565,216.4430706990259,48.18242790091195,51.20218675749229,5.390947635414937,0.23656191252567887,-1.258474590010259,-6.311912969776046,5.241943453636003,-0.2562403291621589,-0.16981788546858406,0.30740400211147656,5.4082782995091545
1747,14.47912210000004,203.66911806389797,216.44820816547912,48.180356091613994,51.203402086382006,5.2337326636796675,0.23656191252567887,-1.260546399308211,-6.3131282986657595,5.243276462333646,-0.20700470460220816,-0.12997273469701756,0.24442557045462485,0.18236099460302668
1748,14.48963969999977,203.66882828306433,216.45348652012956,48.18028754050577,51.2046507440531,5.20229005080234,0.23656191252567887,-1.2606149504164321,-6.314376956336851,5.243543064073175,-0.12468240980267059,-0.08147201178687473,0.14894090109436608,-1.5191649009491222
1749,14.494721099999879,203.67125064986766,216.4506633475617,48.18086058022961,51.20398288895105,5.1960015282268746,0.23656191252567887,-1.2600419106925926,-6.3137091012348066,5.204251978293151,-0.07838614177163584,-0.1035707349656719,0.12988950828751508,-1.7041053000196653
1750,14.505419399999937,203.66585953746693,216.45313901193924,48.17958524836945,51.20456853685098,5.194743442242054,0.23656191252567887,-1.2613172425527566,-6.314294749134731,5.196393837431091,0.0188355647945755,-0.06789018606220285,0.07045463692824748,-1.7655580626133054
1751,14.509784599999875,203.6669264627359,216.4571911555727,48.1798376422516,51.20552711969874,5.194492206514817,0.23656191252567887,-1.2610648486706069,-6.315253331982497,5.194822132964734,-0.036538196672994384,-0.07589758856069087,0.08423469454709462,-1.7736818475886236
1752,14.521769500000119,203.6694247919535,216.46113387898106,48.180428651789434,51.20645981788878,5.19444195936937,0.23656191252567887,-1.2604738391327714,-6.316186030172531,5.194507792071462,-0.05280684949468664,-0.11352480264730765,0.1252056075807495,0.4472746752477095
1753,14.52588139999989,203.66449898973642,216.46389339406167,48.17926339459624,51.20711261405389,5.194431528470553,0.23656191252567887,-1.2616390963259647,-6.316838826337644,5.194445000186754,0.004169038251138828,-0.13001871053939365,0.1300855332858581,0.9719576739398486
1754,14.537544100000105,203.6660484534888,216.46668898572244,48.17962993870489,51.207773944563804,5.194429823760517,0.23656191252567887,-1.2612725522173136,-6.317500156847558,5.233776847937742,0.02929364722872891,-0.0634751253630429,0.06990857821337255,-12.926094890375957
1755,14.54170860000022,203.668964963714,216.46910449740716,48.18031987394166,51.208345362627675,5.19442948281851,0.23656191252567887,-1.2605826169805425,-6.3180715749114285,5.241643141193994,-0.02042634485108729,-0.047119958180248826,0.05135684981464438,-54.17354503083547
1756,14.553584499999943,203.67817416329177,216.46342556893188,48.18249841980661,51.20700194444646,5.391151445269757,0.23656191252567887,-1.2584040711155922,-6.316728156730214,4.412107772525909,0.25742037847058963,0.6464342291326111,0.6958034663942216,-57.624735085802676
1757,14.558418199999778,203.67410210405535,216.46334479555327,48.18153512568573,51.206982836541535,5.2337734256506305,0.23656191252567887,-1.2593673652364785,-6.316709048825288,3.41509199517901,0.004898952635710246,2.6327760980763264,2.6327806559489404,-60.135856836560734
1758,14.569963599999937,203.72807295033024,216.3018484669547,48.19430257230115,51.168778956182386,1.0467546851301262,0.23656191252567887,-1.2465999186210581,-6.27850516846614,3.215688839709631,-0.05520910993789753,2.6723794182009817,2.672949644240301,-60.6477081790919
1759,14.574306399999841,203.70547099637162,216.12056328251015,48.188955810845876,51.12589378623761,0.20935093702602525,0.23656191252567887,-1.2519466800763297,-6.235619998521365,3.1758082086157544,-0.18818451239724582,2.2489861098819164,2.2568455714000426,-11.840913974521321
1760,14.586204600000201,203.69868754279406,216.11750501740488,48.18735110409404,51.1251703171953,4.197413705471612,0.23656191252567887,-1.253551386828164,-6.234896529479052,3.1678320823969788,-0.193981024631715,2.0392287264276208,2.048434142608638,48.197534107134075
1761,14.590760500000215,203.68941569063014,216.15609668281803,48.18515773701349,51.13429963537298,5.191748289800377,0.23656191252567887,-1.255744753908715,-6.2440258476567365,3.961395395971584,-0.44568504729026726,1.2438526230482654,1.3212889575116329,54.58940297687264
1762,14.601298500000212,203.6792470806165,216.20264035112444,48.182752231180935,51.14531009456351,5.193892794556755,0.23656191252567887,-1.2581502597412708,-6.255036306847266,4.95121668600584,-0.3053795722845509,-1.2617443467728569,1.2981739019799923,56.8606629857679
1763,14.617455000000064,203.66881994886506,216.24825377674597,48.18028556895166,51.156100493765386,5.014571253003148,0.23656191252567887,-1.260616921970545,-6.26582670604914,5.188525350140622,-0.2512570842667112,-1.395154579611793,1.4175988231534224,57.68139740804137
1764,14.621190299999853,203.6604567877534,216.2901441936982,48.17830716356432,51.16601017091611,5.158457387197309,0.23656191252567887,-1.2625953273578858,-6.275736383199863,5.196642676839648,-0.11363172677037395,-1.3805228779052212,1.3851915339578607,25.036180991975474
1765,14.63312279999991,203.66730383316883,216.32072406722338,48.179926913722944,51.173244204282014,5.3839570261455165,0.23656191252567887,-1.260975577199261,-6.282970416565767,5.237610624601329,-0.08305669310292119,-1.2842483269467821,1.286931303347153,6.394592540651094
1766,14.63715140000022,203.67082376102658,216.3536032580168,48.18075959458893,51.1810221685384,5.23233492329551,0.23656191252567887,-1.260142896333278,-6.290748380822151,5.281754302654642,-0.13184619530558997,-1.4722281791886729,1.4781201679206448,-0.50141196605564
1767,14.649399699999776,203.66692011261992,216.38277718779523,48.17983614005602,51.187923609162674,5.398732533365157,0.23656191252567887,-1.2610663508661872,-6.297649821446427,5.29058311455925,-0.02062903261774346,-1.0174870299445118,1.0176961300368828,-0.5767739837471109
1768,14.653114799999912,203.6606913623835,216.40802645026912,48.178362654987446,51.19389662298337,5.235289643269711,0.23656191252567887,-1.26253983593476,-6.30362283526712,5.217054229723375,0.12932073299862112,-0.9581464193443798,0.9668342220286561,-47.46544716651629
1769,14.66683090000015,203.66222407960953,216.4300171716493,48.1787252375058,51.19909879009088,5.202601446720349,0.23656191252567887,-1.2621772534164037,-6.308825002374633,5.241692858884129,0.0808744518804097,-0.6233536490054745,0.6285781166214721,-53.875587735332466
1770,14.670577599999888,203.67624861633794,216.43491975922092,48.18204290873656,51.20025855558315,5.01631260196614,0.23656191252567887,-1.258859582185643,-6.309984767866901,4.376167474975069,-0.25238807109382405,1.2568401881656475,1.2819309642171537,-56.425805844537884
1771,14.682052000000112,203.67452480056886,216.44737206016657,48.18163511958139,51.203204295710194,5.355528069099283,0.23656191252567887,-1.259267371340819,-6.312930507993947,4.134136464355366,-0.14093287914759445,1.553878853546373,1.560256891644264,-52.03669963031067
1772,14.686075699999947,203.64489996845276,216.29705419668227,48.17462701263775,51.16764481443757,1.0711056138198567,0.23656191252567887,-1.2662754782844559,-6.277371026721326,4.085730262231426,-0.08122727133802908,1.347943732822053,1.3503888982301624,-53.97299729651402
1773,14.69827320000013,203.65318361027727,216.303374266944,48.17658660679043,51.16913990234598,4.025134590171199,0.23656191252567887,-1.2643158841317756,-6.278866114629736,4.111999186601559,-0.2695159510733187,1.2929524378503403,1.3207440533373958,-11.65025706967328
1774,14.702596600000106,203.6591226237607,216.32912420638445,48.177991551178586,51.175231357267435,4.960570436100646,0.23656191252567887,-1.2629109397436196,-6.284957569551189,4.077908489053711,-0.32099172292442835,0.991067517143581,1.0417535743750224,-55.28154298309629
1775,14.713640999999825,203.6565103922683,216.35641282649846,48.17737359670078,51.181686805431795,5.147657223816809,0.23656191252567887,-1.2635288942214231,-6.2914130177155485,3.8636873662897395,0.027349701333131797,-0.7764340994822203,0.7769156434271213,-52.87548874814163
1776,14.717005800000152,203.65234399821355,216.38153408431015,48.17638798655486,51.187629538224776,5.185074581360041,0.23656191252567887,-1.264514504367348,-6.29735575050853,3.0586604482555,-0.00478137721002312,-0.7519194381436323,0.7519346401292204,-53.30621511616356
