frame,t_s,x_px_filt,y_px_filt,x_mm_abs,y_mm_abs,angle_deg_raw,mm_per_px,x_mm,y_mm,angle_deg_unwrapped,vx_mm_s,vy_mm_s,speed_mm_s,angular_vel_dps
660,5.458698799999638,110.28532456993715,215.0405612661259,25.450459516139343,49.62474490756752,-4.468800529050031,0.23076923076923078,0.0,-0.0,-2.6566092108919093,,,,
661,5.4750324999999975,110.28230297475967,215.03593529944163,25.449762224944543,49.62367737679423,-4.412729832372507,0.23076923076923078,-0.0006972911948004423,0.0010675307732910255,-3.536463783925891,,,,
662,5.47942329999978,110.27941325284519,215.03150579751667,25.4490953660412,49.62265518404231,-4.401515693037002,0.23076923076923078,-0.001364150098144279,0.0020897235252093083,-4.474618536423312,,,,
663,5.490712999999687,110.27687121177087,215.0275946195452,25.448508741177893,49.621752604510434,-4.399272865169901,0.23076923076923078,-0.0019507749614504633,0.0029923030570842,-4.530673219003415,-0.013563592062883267,0.01811594169360028,0.022630916311414236,
664,5.494883599999866,110.27907955831381,215.03116012949567,25.449018359610882,49.622575414499,-4.6907737624871055,0.23076923076923078,-0.0014411565284611072,0.0021694930685143277,-4.541884155519435,-0.023935995632087495,0.034294987068949526,0.04182198016544323,-2.609926970917784
665,5.507581699999719,110.28218939946615,215.03612560366298,25.44973601526142,49.623721293153,-4.749073941950547,0.23076923076923078,-0.000723500877924721,0.0010236144145210346,-4.544126342822638,-0.0010248611106313506,-0.000603664984642786,0.0011894333565897251,-1.000997860502616
666,5.510823499999788,110.2808611468636,215.0340710737673,25.449429495430063,49.623247170869384,-4.46878451495261,0.23076923076923078,-0.001030020709279711,0.0014977366981341333,-4.544574780283276,-0.012709808307377602,-0.05853533037261709,0.059899283209748966,-0.924643767213629
667,5.524269699999877,110.27868658493367,215.03067353016058,25.44892767344623,49.622463122344755,-4.412726629553022,0.23076923076923078,-0.0015318426931116846,0.002281785222763233,-4.577639321291029,-0.023159917598484722,-0.042774372035691885,0.048641840900775765,-1.514605391471117
668,5.5276670999996895,110.27706147777639,215.03376091183702,25.44855264871763,49.623175595039314,-4.401515052473105,0.23076923076923078,-0.0019068674217130877,0.0015693125282041365,-4.584252229492581,-0.010820760808712072,-0.05843430197826381,0.059427741940665094,-2.6584302477304584
669,5.544394199999715,110.28213119891187,215.0423490719534,25.449722584364277,49.625157478143095,-4.856096467525871,0.23076923076923078,-0.0007369317750658411,-0.00041257057557686494,-4.643964703711014,0.02856704705700496,-0.1143861224083884,0.11789936885829351,-5.188778011438734
670,5.551392399999713,110.28571605778461,215.04746013175787,25.450549859488756,49.626336953482586,-4.7821384829583,0.23076923076923078,9.034334941304678e-05,-0.0015920459150677857,-4.714297091132828,0.05527147013301603,-0.15004466749397502,0.15990102455594962,-5.25899230529865
671,5.557913399999961,110.28860926652135,215.0512327087207,25.45121752304339,49.62720754816632,-4.767346886044786,0.23076923076923078,0.0007580069040464821,-0.002462640598800192,-4.7283635686171905,0.06349463801962553,-0.08176174329368757,0.1035207791878816,-2.3350367115009734
672,5.563711399999647,110.29102629429147,215.05424723357666,25.451775298682648,49.62790320774846,-4.764388566662083,0.23076923076923078,0.0013157825433047776,-0.0031583001809423195,-4.698202010598438,0.06230552255426013,-0.07050773727159693,0.09409207807206703,1.2720093480968846
673,5.571534700000029,110.2886779755504,215.04978235893128,25.45123337897317,49.62687285206107,-4.471847439894917,0.23076923076923078,0.0007738628338280762,-0.0021279444935515812,-4.692169698994687,0.04576415867670585,-0.045526912891622154,0.06455275375092888,-0.6220897470009732
674,5.575587099999666,110.28980178758877,215.0508748499867,25.451492720212794,49.627124965381554,-4.705288677432109,0.23076923076923078,0.0010332040734510883,-0.002380057814036718,-4.723938090189564,0.08413974311766678,-0.10273725926860304,0.13279473187567012,1.9345650343774778
675,5.58689669999967,110.29154186230247,215.05301335971347,25.451894275915954,49.62761846762619,-4.751976924939547,0.23076923076923078,0.0014347597766111164,-0.0028735600586742294,-4.5783606160847885,0.040449186563957004,-0.08153026568320228,0.0910127513926447,4.644211929359736
676,5.590168100000028,110.29571337695256,215.0589610425651,25.4528569331429,49.62899100982272,-4.92618884201916,0.23076923076923078,0.002397417003557223,-0.0042461022552018335,-4.549245121263834,0.013510418335930363,-0.05565334654615844,0.057269768511830466,7.380960373945471
677,5.605870399999731,110.28739498852525,215.05991009096354,25.450937305044288,49.629210020991586,-4.036501196138207,0.23076923076923078,0.0004777889049449868,-0.004465113424068079,-4.543422022299644,0.00287025408421316,-0.004668368853677551,0.005480148379554059,1.0792825908909527
678,5.611143099999936,110.28273474871823,215.05394465530924,25.449861865088824,49.62783338199444,-4.326269965790142,0.23076923076923078,-0.0005976510505192323,-0.0030884744269243924,-4.57523225602243,0.03947628090078007,-0.035252101359933355,0.05292530022634079,-0.8421741737322879
679,5.619630299999699,110.28313180729674,215.046857135507,25.449953493991558,49.626197800501615,-4.676173182611154,0.23076923076923078,-0.0005060221477855009,-0.0014528929340968944,-4.548619449251363,-0.006487899632067501,0.0369101258997923,0.03747599545808356,-0.6011947810593337
680,5.624496499999623,110.28774004410934,215.05100185101543,25.451016933256003,49.627154273311255,-4.911028093553481,0.23076923076923078,0.0005574171166600195,-0.0024093657437376237,-4.543296887897149,-0.07532900519864702,0.03487736174453289,0.08301138106595261,4.789792117682726
681,5.633826499999941,110.2903455029707,215.05337698863275,25.451618192993237,49.62770238199217,-4.793124808163822,0.23076923076923078,0.0011586768538940362,-0.0029574744246545492,-4.448691115860681,-0.07240511071430414,-0.016995282346869242,0.0743729768101321,10.123220037548812
682,5.637866599999597,110.28217919495654,215.05379911166014,25.449733660374587,49.627799794998495,-4.0098883893671395,0.23076923076923078,-0.0007258557647560338,-0.00305488743097726,-4.371380068875263,-0.11934593643889288,0.0842940692196383,0.14611277374029086,11.11426735898819
683,5.649776599999768,110.27240713394421,215.05371009285645,25.447478569371743,49.62777925219765,-3.853241105607803,0.23076923076923078,-0.002980946767600301,-0.0030343446301301924,-4.322943005962554,-0.15270758859994452,0.12527990356849655,0.19752129468526097,8.53252691451867
684,5.653821899999912,110.26848210880344,215.04145410402467,25.446572794339257,49.62495094708262,-4.289617947684061,0.23076923076923078,-0.0038867218000859793,-0.00020603951509912122,-4.313255593380012,-0.11114184315732127,0.02896421570363164,0.11485397290356614,-1.9392025701225628
685,5.666037099999812,110.27122018235222,215.0410108038382,25.4472046574659,49.624848647039585,-4.668842778989937,0.23076923076923078,-0.0032548586734435503,-0.00010373947206687717,-4.463249263207252,-0.0019863109605757663,0.020015924052970008,0.020114239904266,
686,5.669987899999796,110.27588152263884,215.05026124588142,25.448280351378195,49.626983364434174,-4.744687745251113,0.23076923076923078,-0.0021791647611486553,-0.0022384568666566906,-4.586789256938326,0.027379074738169147,0.07915113321935602,0.08375270517079729,
687,5.682034799999656,110.28002232157768,215.05385559467348,25.44923592036408,49.627812829540034,-4.759856738503348,0.23076923076923078,-0.0012235957752615434,-0.003067921972515819,-4.669887148262665,0.08221289532195626,-0.06264158280131481,0.10335825101593446,
688,5.685857499999656,110.27931801935927,215.04892913914688,25.44907338908291,49.62667595518774,-4.47094107426317,0.23076923076923078,-0.001386127056434816,-0.0019310476202250015,-4.686506726527534,0.08097254086248626,-0.06915928023766489,0.10648736270900351,-3.839138492169513
689,5.69808009999997,110.28198007857029,215.04944847131014,25.4496877104393,49.62679580107157,-4.7051074043057595,0.23076923076923078,-0.0007718057000438705,-0.0020508935040552956,-4.689830642180507,0.06795321637112794,0.013913218118260115,0.06936293861701372,-1.5537330862035694
690,5.714041699999598,110.28512896129297,215.05112325674355,25.450414375682993,49.62718229001774,-4.751940670314277,0.23076923076923078,-4.5140456350623026e-05,-0.0024373824502248453,-4.6904954253111,0.06141688537028191,0.02189924101877145,0.0652043753576751,
691,5.7173086999996485,110.28806194918555,215.05289235593392,25.45109121904282,49.62759054367706,-4.761307323515981,0.23076923076923078,0.000631702903476139,-0.0028456361095408056,-4.81794283506222,0.17522594332236174,-0.17124882996694865,0.2450108017583315,
692,5.7299684999998135,110.29062052880029,215.0544790399112,25.451681660492376,49.627956701517974,-4.763180654156321,0.23076923076923078,0.0012221443530329168,-0.003211793950455899,-4.843432317012444,0.17405864514730965,-0.177071296279772,0.24829550120112096,
693,5.733223199999884,110.29804652013952,215.06390509933328,25.45339535080143,49.63013194599999,-5.108178123018765,0.23076923076923078,0.002935834662086023,-0.005387038432473901,-4.848530213402488,0.1787674883084476,-0.17496935799783114,0.2501441406754996,-1.2201841532907851
694,5.745839400000023,110.30047522256417,215.06603273235285,25.453955820591734,49.63062293823528,-4.832554814056879,0.23076923076923078,0.003496304452390575,-0.005878030667759049,-4.849549792680497,0.13666875299643247,-0.12378374079444039,0.18439295683584303,5.558372959555172
695,5.749015099999724,110.30142572092424,215.06622131785383,25.454175166367133,49.63066645796627,-4.777430152264501,0.23076923076923078,0.0037156502277895243,-0.005921550398753084,-4.791363815957975,0.0619013523159512,0.007538830412803052,0.06235873140576644,8.158392853832336
696,5.761938599999667,110.30123991411779,215.0588870250201,25.454132287873335,49.6289739288508,-4.766405219906026,0.23076923076923078,0.003672771733992164,-0.0042290212832796215,-4.7108020600665945,-0.04743447403212974,0.16877440267362484,0.17531351438079054,9.943074211989376
697,5.764994099999967,110.29690765003824,215.05057609585464,25.45313253462421,49.62705602212031,-4.472250770543705,0.23076923076923078,0.002673018484866674,-0.0023111145527892063,-4.6946897088883155,-0.06169819474762739,0.2746854244842263,0.28152930515169416,3.076186917956367
698,5.778052499999831,110.29576736355936,215.04277631766485,25.452869391590625,49.62525607330728,-4.705369343561866,0.23076923076923078,0.0024098754512813514,-0.0005111657397591785,-4.724442092168285,-0.0626709271648721,0.23280828915455565,0.24109613147202485,6.40713080841338
699,5.781284199999845,110.29539073920527,215.03590541364474,25.45278247827814,49.623670480071866,-4.751993058165499,0.23076923076923078,0.0023229621387983457,0.0010744274956522304,-4.672002676246155,-0.10626751720186206,0.1511697249286436,0.18478384925974947,3.3839667166945886
700,5.793902399999752,110.29890147203277,215.0481037032647,25.453592647392178,49.62648546998417,-4.92619206866435,0.23076923076923078,0.0031331312528344313,-0.0017405624166499933,-4.719904685639854,-0.042125235857306986,0.018228965459837695,0.045900225247483245,3.1290577813684193
701,5.797050599999693,110.2958824419828,215.0518856975447,25.452895948149877,49.62735823789493,-4.50420814029537,0.23076923076923078,0.0024364320105334514,-0.002613330327413621,-4.729485087518595,-0.03454735310385304,-0.030221114933359047,0.04590027662550196,-2.330482597586483
702,5.809652399999777,110.2955282276832,215.0539069407436,25.452814206388435,49.62782467863314,-4.711760817512199,0.23076923076923078,0.002354690249092073,-0.003079771065621628,-4.731401167894346,-0.030028160954365113,-0.10770655536353148,0.11181409803141432,2.3667931686975283
703,5.812817999999879,110.29577155277042,215.05533922297886,25.452870358331637,49.62815520530282,-4.753271352955565,0.23076923076923078,0.002410842192293927,-0.003410297735300105,-4.698809530453872,-0.046772003582766605,0.014351486208982175,0.04892428308675496,3.5480915611155144
704,5.825834899999791,110.2955291156096,215.04951748396738,25.452814411294522,49.626811727069395,-4.7615734600442385,0.23076923076923078,0.0023548951551788377,-0.0020668195018771485,-4.692291202965777,-0.02052526732860814,0.11949937859435605,0.12124928075394126,3.704753003217513
705,5.829935299999761,110.29518240402447,215.0426375497028,25.452734400928726,49.62522404993142,-4.763233881461973,0.23076923076923078,0.0022748847893829804,-0.0004791423639005643,-4.690987537468158,-0.029275628107330143,0.2023947718440091,0.20450111508465474,1.9209109226965515
706,5.84179819999963,110.29055242168482,215.02986257346086,25.45166594346573,49.62227597849097,-4.471616502854895,0.23076923076923078,0.001206427326387427,0.0024689290765493865,-4.632336911790509,-0.04716300449529482,0.2593496091395996,0.2636030514881918,2.757183462828574
707,5.845695799999703,110.28970391657843,215.02348737188083,25.451470134595024,49.62080477812635,-4.705242490024104,0.23076923076923078,0.001010618455680401,0.003940129441168949,-4.62060678665498,-0.04845137019444578,0.2826429760707799,0.28676573574237685,2.7093652156161148
708,5.859141499999623,110.28552641249422,215.01297862397607,25.450506095190974,49.618379682456016,-4.460018224567321,0.23076923076923078,4.657905163085729e-05,0.006365225111501616,-4.618260761627876,-0.041312866614582694,0.21211313383210542,0.21609889979356897,-3.7676651226839555
709,5.863139599999613,110.28534034335793,215.0091726955448,25.450463156159525,49.617501391279575,-4.702922834366589,0.23076923076923078,3.640020182160697e-06,0.007243516287942953,-4.676181449200581,-0.002427825939650352,0.07968375132062219,0.0797207285674184,-0.5827943285951518
710,5.874309999999696,110.28612352272913,215.00750023565377,25.45064388986057,49.617115438997025,-4.751503756326443,0.23076923076923078,0.00018437372122548368,0.007629468570492293,-4.53583443437137,-0.022899259786289358,-0.018521356684731885,0.029451939701877556,2.065495008030156
711,5.877767099999801,110.28768688654165,215.0136968057396,25.451004666124998,49.618545416709146,-4.761219940718414,0.23076923076923078,0.0005451499856548025,0.006199490858371348,-4.507765031405526,-0.06944542233421792,0.027594178720871568,0.07472687188995197,7.041252103528797
712,5.890519599999607,110.2792543327194,215.0199723581732,25.449058692166016,49.61999362111689,-4.003507415878058,0.23076923076923078,-0.001400823973327192,0.00475128645062739,-4.502151150812358,-0.06108202919203636,-0.035191696978802006,0.07049446663720922,2.960852330999057
713,5.8939957999996295,110.27466854838981,215.0137821520433,25.448000434243806,49.618565112009996,-4.319671209738112,0.23076923076923078,-0.0024590818955374516,0.006179795557521572,-4.501028374693725,-0.029961991423680008,-0.04563997417752135,0.05459604539705683,1.8256879933617696
714,5.906430300000011,110.27634307093534,215.0188607296612,25.44838686252354,49.61973709146028,-4.674853431400748,0.23076923076923078,-0.0020726536158015563,0.0050078161072377725,-4.442413926891871,-0.054380103738981216,0.03896400531024658,0.06689835119402632,
715,5.9097061999996185,110.27878158377388,215.01911184989578,25.448949596255513,49.61979504228364,-4.745889875733275,0.23076923076923078,-0.0015099198838299799,0.00494986528387642,-4.582622189675249,-0.01780725008176094,0.06450939191294695,0.06692204270980198,
716,5.927016599999661,110.27745143842394,215.01840787580403,25.448642639636294,49.61963258672401,-4.468147701709155,0.23076923076923078,-0.0018168765030495138,0.005112320843508655,-4.669053734810051,0.06400463112265489,-0.011333543553687903,0.06500032318866164,
717,5.940884299999652,110.27927039134427,215.01755668086508,25.449062398002525,49.61943615712271,-4.704548729794956,0.23076923076923078,-0.0013971181368184205,0.005308750444804389,-4.534408891493259,0.024349219659494124,-0.01631433605763378,0.02930941928847627,3.267663918715943
718,5.946178199999849,110.28167062517981,215.01682889799946,25.44961629811842,49.61926820723065,-4.751828935412116,0.23076923076923078,-0.0008432180209219098,0.005476700336870977,-4.5074799228299005,0.00046124433021605717,-0.0158617924939368,0.015868497328129918,5.113992463439557
719,5.956043299999692,110.27452303349222,215.0219226786014,25.44796685388282,49.620443695061866,-4.0016292148167985,0.23076923076923078,-0.0024926622565217826,0.0043012125056520745,-4.50209412909723,-0.0003470507697004646,-0.014681415441395344,0.014685516797157372,1.9639809349960426
720,5.960198899999796,110.27546555146387,215.0222004877656,25.448184358030126,49.620507804868986,-4.611245032416485,0.23076923076923078,-0.002275158109217301,0.004237102698532169,-4.501016970350697,0.03285588367003778,-0.09579970669070213,0.10127730690418073,4.72090264650464
721,5.971589199999926,110.27439083244604,215.02144596544724,25.44793634594909,49.62033368433398,-4.4412187330457975,0.23076923076923078,-0.002523170190254831,0.004411223233539374,-4.34887038625764,-0.013477767495147282,-0.1244722558390531,0.12519981106341949,7.405095948669527
722,5.975128099999893,110.2774008849914,215.02744858852978,25.448630973459554,49.621718905045334,-4.699162936062285,0.23076923076923078,-0.001828542679788825,0.0030260025221835463,-4.318441069439029,-0.08065472669189805,-0.16421095172273603,0.18294923231167579,9.172292275051294
723,5.986722799999825,110.27101800689238,215.03305767325548,25.447158001590548,49.62301330921281,-3.991096014946832,0.23076923076923078,-0.003301514548795126,0.0017315983547092628,-4.253965313497181,-0.0952073551038206,-0.1801563827140274,0.2037664415414572,
724,5.990299999999934,110.26321958961373,215.03798472471036,25.44535836683394,49.62415032108701,-3.8494826307237417,0.23076923076923078,-0.005101149305403396,0.0005945864805099177,-4.36838461543381,0.019086888735732277,-0.3288179153330563,0.32937141765123945,
725,6.0025016999998115,110.26213973627063,215.04301592605063,25.44510916990861,49.62531136755015,-4.2888662527072485,0.23076923076923078,-0.005350346230734715,-0.0005664599826289418,-4.391268475821136,0.0037032175948261,-0.2710558716792675,0.27108116753541206,
726,6.006611399999656,110.2719291296243,215.05598103229391,25.44736826068253,49.628303315144755,-5.01331524272895,0.23076923076923078,-0.003091255456812547,-0.0035584075772376877,-4.547776400242352,0.07586806413181064,-0.20096429348342174,0.21480831085039376,
727,6.018378599999778,110.27801569915412,215.06121358082737,25.448772853650954,49.62951082634478,-4.813582237998915,0.23076923076923078,-0.0016866624883888903,-0.004765918777259515,-4.6726192448922195,0.172327751288424,-0.08798008409270747,0.19348733566072174,
728,6.022433599999658,110.28212370628268,215.05701710980645,25.449720855296004,49.62854240995534,-4.773635637052909,0.23076923076923078,-0.0007386608433392894,-0.0037975023878189518,-4.755977706400318,0.20192739986495134,0.013475124368741626,0.20237651492446698,-4.5507173457704395
729,6.034091799999715,110.28107360540368,215.04453534434614,25.449478524323926,49.62566200254142,-4.473696853973082,0.23076923076923078,-0.0009809918154175534,-0.0009170949739001344,-4.551793685811315,0.07303798877476,0.17203405941638414,0.1868964028641053,2.510414913315471
730,6.037953799999741,110.28320861741537,215.0376383526881,25.449971219403547,49.62407038908187,-4.705658560247742,0.23076923076923078,-0.0004882967357957568,0.0006745184856455921,-4.510956881693515,0.06270194331052015,0.13555162659391173,0.1493511873644497,9.516706725447483
731,6.05563519999987,110.27594894390462,215.03267542679507,25.448295910131836,49.62292509849117,-3.9923951397839237,0.23076923076923078,-0.0021636060075067576,0.001819809076344825,-4.502789520869953,0.04108650980403562,0.05203392201229599,0.06629954998232504,3.74724496864359
732,6.063571899999715,110.2782767867574,215.0424782439058,25.448833104636325,49.62518728705519,-4.60939821740991,0.23076923076923078,-0.0016264115030182325,-0.0004423794876728948,-4.5011560487052416,0.03276086012038249,0.09693701696664828,0.10232330728734057,-3.1856232010866092
733,6.070280999999795,110.28193148611805,215.04767553021475,25.449676496796474,49.62638666081879,-4.732798832935107,0.23076923076923078,-0.0007830193428688403,-0.0016417532512704724,-4.569753914819174,0.0531568539246128,-0.03978843017179605,0.06639857148085727,-10.873174607990327
734,6.075026900000012,110.28064789533323,215.03797707957517,25.44938028353844,49.62414855682504,-4.465529493149521,0.23076923076923078,-0.0010792326009045894,0.000596350742476659,-4.677014747807585,0.060121377081913445,0.04627426575225102,0.0758675665428619,-11.849207803255625
735,6.082907099999829,110.28848663508819,215.04724832873168,25.45118922348189,49.62628807586116,-5.048647890817405,0.23076923076923078,0.0007297073425469591,-0.0015431682936437596,-4.698466914405268,0.05448167777420494,0.09770752119186488,0.11187051850488144,
736,6.0870169999998325,110.28741935774666,215.03843103970246,25.45094292871077,49.624253316854414,-4.528699304725981,0.23076923076923078,0.00048341257142681116,0.0004915907131035624,-4.550826195381054,-0.09003384255033607,0.10073287142288813,0.135104419577891,
737,6.097763999999643,110.2892582513019,215.039728609535,25.45136728876198,49.62455275604654,-4.716659050398322,0.23076923076923078,0.0009077726226358607,0.0001921515209772906,-4.579687944154336,-0.07676362922369968,0.019155204979676373,0.07911748636936754,
738,6.100787500000024,110.28143817427568,215.04187261258883,25.44956265560208,49.62504752598204,-3.9945952378140395,0.23076923076923078,-0.0008968605372636773,-0.0003026184145227262,-4.516535733362118,-0.0926891726144887,0.14122890062137658,0.16892863904821212,4.881038061783634
739,6.1136468999998215,110.28165753246051,215.0383230725808,25.44961327672166,49.6242284013648,-4.609838237015933,0.23076923076923078,-0.0008462394176831367,0.000516506202714595,-4.5622951837817975,-0.07398371641746841,0.035486770744271305,0.0820542576152929,1.1626805160253797
740,6.116690599999856,110.2836349794286,215.03385368684638,25.45006961063737,49.62319700465686,-4.732886836856312,0.23076923076923078,-0.00038990550197226526,0.0015479029106586495,-4.604421927381359,-0.04949290572599818,-0.009347272481745265,0.0503678391441457,-6.715530807801744
741,6.135569999999916,110.28638382725461,215.03660444344013,25.45070396013568,49.62383179464003,-4.757496556824388,0.23076923076923078,0.00024444399633694047,0.0009131129274848604,-4.656293321023147,0.02321513208366649,0.09504545677428847,0.09783956873931537,-6.0021228946045735
742,6.142884999999751,110.2915170688742,215.04459346315497,25.451888554355588,49.625675414574225,-4.927292768396128,0.23076923076923078,0.0014290382162442938,-0.0009305070067071597,-4.6666675997515075,0.022916829955696567,0.09912141857297373,0.10173611313165533,-5.796480600965657
743,6.148254100000031,110.28608841944023,215.0362567031911,25.450635789101593,49.623751546890254,-4.2539522060229755,0.23076923076923078,0.00017627296224986821,0.0009933606772634107,-4.737667016044052,0.09038259349970859,-0.11722094237472935,0.14801946675675193,-5.207437691345299
744,6.162738099999842,110.28624187719893,215.0309796115888,25.450671202430524,49.6225337565205,-4.661709630657721,0.23076923076923078,0.00021168629118051285,0.002211151047021076,-4.751866899302562,0.09406733284107059,-0.13123029658387825,0.16146223660449338,3.9228121058657726
745,6.166146499999741,110.29343852105754,215.04195129327806,25.452331966397896,49.62506568306417,-5.0878839183190445,0.23076923076923078,0.0018724502585527603,-0.00032077549665388005,-4.6633421298605136,0.019415971724440373,-0.03498682023215997,0.04001321716585341,7.447154807138711
746,6.178366099999948,110.29619326368723,215.04744079573163,25.452967676235517,49.626332491322685,-4.828495973116935,0.23076923076923078,0.002508160096173384,-0.0015875837551675431,-4.695732390815854,0.051192705580693554,-0.08855607317642948,0.10228817723031683,13.154697289594369
747,6.1815819999997075,110.29324845019914,215.04424697871806,25.452288103892112,49.625595456627245,-4.484668921185888,0.23076923076923078,0.0018285877527688399,-0.0008505490597272569,-4.643820550428797,-0.006745784455534823,-0.034827284698881716,0.03547457353397636,8.190375461260269
748,6.194009999999707,110.28923923657322,215.039374427785,25.451362900747668,49.62447102179654,-4.415903510799678,0.23076923076923078,0.000903384608324842,0.0002738857709800868,-4.506123729226385,-0.11674346933128715,0.12910837735964292,0.174063237749805,8.497011798674855
749,6.19715049999968,110.28533013385034,215.0345742893193,25.45046080011931,49.62336329753523,-4.402150428722436,0.23076923076923078,1.2839799659047912e-06,0.0013816100322898706,-4.51155921850153,-0.072259590764818,0.04870148695118966,0.08713944737462975,1.5817580609956408
750,6.21007039999995,110.2818179918366,215.0302729058259,25.449650305808447,49.622370670575215,-4.399399812306988,0.23076923076923078,-0.000809210330896093,0.0023742369923027695,-4.571036208934681,-0.023068159167085708,-0.0105926865221907,0.025383951132859534,-9.40568885333443
751,6.213282299999719,110.28563775601579,215.03731142103655,25.450531789849798,49.62399494331613,-4.855673419492648,0.23076923076923078,7.227371045459563e-05,0.0007499642513906224,-4.641321499599439,0.005897300389731217,-0.056587579376266864,0.05689404442955367,-10.218394495542482
752,6.230660299999727,110.28824636832523,215.0423783923685,25.451133777305824,49.625164244392735,-4.782053873351655,0.23076923076923078,0.0006742611664805054,-0.0004193368252174423,-4.713768450310514,0.07574364429571952,-0.15177834190216374,0.16962831344373674,-9.389236076799268
753,6.237507699999696,110.29033475492311,215.04651760224252,25.451615712674563,49.62611944667135,-4.767329964123457,0.23076923076923078,0.0011561965352200332,-0.0013745391038355592,-4.728257840452729,0.05663791042218591,-0.07013226773486511,0.09014648010114625,-0.5582422561147162
754,6.244031699999596,110.29208709144073,215.05000144035554,25.452020098024786,49.62692340931282,-4.764385182277817,0.23076923076923078,0.0015605818854425024,-0.002178501745305539,-4.698180864965545,0.004641637366401905,0.027322403852236495,0.027713869266233575,-3.4108334703856666
755,6.248974799999814,110.2886971268641,215.0396114135557,25.4512377985071,49.62452571082055,-4.471846763018064,0.23076923076923078,0.0007782823677580097,0.00021919674696846414,-4.7610900304149855,0.07230372872023993,-0.08437808691214894,0.11111926357659238,-1.1836942745254708
756,6.259008600000016,110.28932592356173,215.0404128021194,25.451382905437324,49.62471064664294,-4.7052885420567385,0.23076923076923078,0.0009233892979807479,3.426092457914365e-05,-4.715281970926748,0.04946567148231515,-0.046843920488448196,0.06812639387142388,2.6991260757221243
757,6.263163399999939,110.29604058733574,215.0516795860279,25.452932443231326,49.627310673698744,-5.096599700598849,0.23076923076923078,0.0024729270919827684,-0.00256576613122661,-4.647730466450976,-0.01020672667719092,0.03997861106092526,0.041260957475846544,5.677289733609329
758,6.274998200000027,110.29379392979291,215.04920911159485,25.452413983798365,49.626740564214195,-4.53828966668227,0.23076923076923078,0.0019544676590221854,-0.001995656646677446,-4.692610058133947,0.022466290232008072,-0.06271024873212558,0.0666131330357151,3.4044820388555572
759,6.278982099999666,110.28971320717967,215.04384219489089,25.451472278579924,49.62550204497482,-4.426627659898954,0.23076923076923078,0.0010127624405811275,-0.0007571374073052084,-4.7015859764705406,0.03681628607658903,-0.09834941365732261,0.10501450417543473,1.7715356969367
760,6.290031499999714,110.28995759866991,215.04520127137897,25.451528676616135,49.62581567801053,-4.696244721432916,0.23076923076923078,0.0010691604767920637,-0.0010707704430146237,-4.576066707012859,-0.048923734289087334,0.041847324656496813,0.06437958028517635,
761,6.293197099999816,110.29114021753857,215.04789852341116,25.451801588662747,49.62643812078719,-4.750168133739709,0.23076923076923078,0.0013420725234034592,-0.0016932132196743055,-4.678277306246322,0.046318204344927234,-0.10928556565828804,0.11869587572864704,
762,6.306019099999958,110.28804269903796,215.04372054149732,25.451086776701068,49.62547397111477,-4.469003353310442,0.23076923076923078,0.0006272605617247962,-0.0007290635472543272,-4.698719426093013,0.08552727219751753,-0.16029319318537558,0.1816833015747798,
763,6.309157400000004,110.2939230587927,215.05334193957356,25.452443782798316,49.627694293747744,-5.049342662849589,0.23076923076923078,0.0019842666589724445,-0.002949386180226554,-4.672451404749851,0.080748257675628,-0.40612271874948974,0.41407238956748466,3.850362359866393
764,6.322485199999846,110.29159371025482,215.05011679592855,25.451906240828034,49.626950029829665,-4.528838259132418,0.23076923076923078,0.0014467246886908924,-0.0022051222621470856,-4.608807907903094,0.051378355011811726,-0.35630848116438074,0.3599937070469255,-0.350326336990725
765,6.325701599999775,110.29133180769065,215.06764394507587,25.451845801774766,49.63099475655597,-4.564904614717109,0.23076923076923078,0.0013862856354229791,-0.006249848988453266,-4.654469101111867,0.06997229358841178,-0.36317743663139296,0.3698566916363314,-1.6361307555268008
766,6.338951299999735,110.28785027064825,215.06463284906192,25.451042370149597,49.63029988824506,-4.4319506495059215,0.23076923076923078,0.0005828540102541524,-0.005554980677544563,-4.594676779206748,-0.011455904308044138,-0.22128901406228269,0.22158534583354605,-8.135804146454037
767,6.3421048000000155,110.28835889944918,215.064074624619,25.451159746026736,49.63017106721977,-4.69730931935431,0.23076923076923078,0.0007002298873928225,-0.005426159652252238,-4.6411082074038505,0.026324414567322145,-0.3336633233925114,0.3347001466681004,-2.9018628006048584
768,6.35455759999968,110.28972201856347,215.06396940078366,25.451474311976185,49.63014678479623,-4.750381053323988,0.23076923076923078,0.0010147958368413867,-0.0054018772287136585,-4.622361045777647,0.020637269726025913,-0.06242632722003254,0.065749093012203,-4.006115568266699
769,6.357682199999999,110.29173363574438,215.07082099399474,25.451938531325627,49.631727921691095,-4.760995400117923,0.23076923076923078,0.0014790151862840162,-0.006983014123576936,-4.618611613452405,0.021050970529632042,-0.04629582074690311,0.05085711728823038,2.2521810778064477
770,6.372280599999613,110.28874609204156,215.0645802484987,25.45124909816344,49.63028774965355,-4.471168806586085,0.23076923076923078,0.0007895820240975127,-0.005542842086029509,-4.559471834409233,-0.02807251144846718,0.04273241834507596,0.05112851921034781,2.012729600852553
771,6.3873077999996895,110.2849321895143,215.05591328111882,25.45036896681099,49.62828768025819,-4.413203487879717,0.23076923076923078,-9.054932835184104e-05,-0.003542772690671825,-4.5476438786005975,-0.030729674805082048,0.07137911092959029,0.07771287146107039,1.8100738191089008
772,6.391303699999753,110.2813236845856,215.04749806515275,25.44953623490437,49.62634570734294,-4.401610424138443,0.23076923076923078,-0.0009232812349715402,-0.0016007997754243775,-4.545278287438871,-0.040955785243393106,0.25379682453522956,0.25708015187693706,-2.053087241799163
773,6.403360899999825,110.28194934460831,215.03991254119052,25.449680617986534,49.6245952018132,-4.691241274280814,0.23076923076923078,-0.0007788981528094041,0.00014970575431760835,-4.636169915300275,-0.013582795946043967,0.2143043823149147,0.21473439553338675,-9.155628445261828
774,6.407092199999624,110.2835248269968,215.03334697074683,25.450044190845414,49.62308007017235,-4.749167444309288,0.23076923076923078,-0.00041532529392895867,0.001664837395168206,-4.712738133450682,0.025729908138895696,0.1477776369866846,0.150000860551546,-11.353064700214553
775,6.41937549999966,110.28829606270622,215.03860636548944,25.4511452452399,49.62429377665141,-4.925626945893107,0.23076923076923078,0.0006857291005566424,0.0004511309161046029,-4.786441669658889,0.07531488900674162,0.03694563115812281,0.08388868915276877,-5.403791165652468
776,6.423609399999805,110.29082783037381,215.04226725299344,25.451729499317036,49.62513859684464,-4.796044578631747,0.23076923076923078,0.0012699831776927795,-0.00039368927712502,-4.742792484322404,0.04296270340928508,0.050338817389264615,0.06617998504369675,1.7177295097987697
777,6.4339522999998735,110.29259945942451,215.04532252003548,25.452138336790274,49.62584365846973,-4.770128105179475,0.23076923076923078,0.0016788206509303905,-0.0010987509022086783,-4.734062647255108,0.02590625152475725,-0.03702048318516867,0.04518462175704632,6.249351739650914
778,6.438524099999995,110.28963202733172,215.04111960095614,25.45145354476886,49.624873754066805,-4.4729953475983955,0.23076923076923078,0.0009940286295169187,-0.00012884649928679437,-4.699341826326023,0.02127263639285244,-0.0444190763949048,0.049250171643141494,4.715942127418637
779,6.449967699999888,110.29023485009465,215.0426437918406,25.45159265771415,49.625225490424754,-4.705518258972805,0.23076923076923078,0.0011331415748081497,-0.00048058285723584504,-4.63400776956208,-0.017799804434222976,0.01124354519932173,0.021053511501547068,5.386473047474058
780,6.4545435,110.29155285314866,215.0453365461047,25.451896812265076,49.62584689525493,-4.752022841247687,0.23076923076923078,0.0014372961257329564,-0.0011019876874129864,-4.6209409582092915,-0.021503848555073528,0.014189239233497004,0.025763346302546734,1.3321142147809808
781,6.466752399999677,110.28851779092389,215.0411688838406,25.45119641329013,49.624885127040145,-4.469374294812038,0.23076923076923078,0.0007368971507872857,-0.00014021947262676804,-4.676717488516859,0.012377450242084927,-0.008372685957319524,0.014943331109066137,-1.0973000619834283
782,6.473817099999906,110.28916092661281,215.04280488575506,25.451344829218343,49.62526266594348,-4.704794048415533,0.23076923076923078,0.0008853130789994168,-0.0005177583759632398,-4.687872794578372,0.022931676674778613,-0.021109228314112268,0.031168274176378526,-0.10543466360426201
783,6.483447799999794,110.28997974581335,215.03865913769852,25.45153378749539,49.624305954853504,-4.751877999136232,0.23076923076923078,0.001074271356046097,0.0004389527140133964,-4.63171396321255,-0.0029030808246547322,0.02136022735068799,0.021556604341768613,2.1981841451756923
784,6.488242899999932,110.29132885979318,215.04062105273516,25.451845121490734,49.62475870447735,-4.761294789280372,0.23076923076923078,0.0013856053513912059,-1.379690983327464e-05,-4.620482196939386,-0.02830495788518751,0.050758208481562324,0.05811683378454115,4.53183704133071
785,6.49942639999972,110.28829013120806,215.03691154980487,25.45114387643263,49.623902665339585,-4.471228684418575,0.23076923076923078,0.000684360293288222,0.0008422422279323882,-4.5598459511066265,-0.0469632966702912,0.07896413104045319,0.09187429033802463,3.45411531237119
786,6.504094199999599,110.28456070724049,215.03234495288092,25.45028324013242,49.622848835280216,-4.413215463446216,0.23076923076923078,-0.00017627600692193823,0.0018960722873018199,-4.547718701940076,-0.03863486604033601,0.028648480589368152,0.04809769551687599,2.7456567532491767
787,6.515273099999831,110.2810591526402,215.02810195477298,25.449475189070817,49.62186968187069,-4.401612819251744,0.23076923076923078,-0.0009843270685259142,0.002875225696826078,-4.545293252106767,-0.044902033455635676,0.05633401899851514,0.07203967174395015,-2.9889762370315776
788,6.520187799999803,110.28236386347743,215.0313441837616,25.4497762761871,49.62261788856037,-4.6912417533034745,0.23076923076923078,-0.000683239952241621,0.0021270190071476236,-4.603198054718231,-0.009170256962961483,0.002412449235374127,0.009482274204008274,-4.181250730543194
789,6.532020099999954,110.28408622038596,215.0290877244072,25.45017374316599,49.62209716717089,-4.74916754011382,0.23076923076923078,-0.0002857729733527492,0.0026477403966254087,-4.614779015240523,0.018458905789143002,-0.033958122805188846,0.03865081250613943,-8.726662328671196
790,6.536543899999742,110.28635930839239,215.0328723644514,25.450698301936708,49.62297054564264,-4.76075269747589,0.23076923076923078,0.00023878579736447136,0.001774361924880452,-4.675485099923106,0.04669186263647622,-0.0879709359218541,0.09959425487160653,-3.3777974257793497
791,6.547388599999977,110.28418672040864,215.03080872831987,25.450196935478917,49.62249432191997,-4.471120266057678,0.23076923076923078,-0.00026258066042572636,0.002250585647544767,-4.629236424281498,0.025120595457288918,-0.04866931630216281,0.05476994308422034,1.6703432112791514
792,6.552163500000006,110.28561195720177,215.03458435371084,25.450525836277333,49.62336562008712,-4.705143242664661,0.23076923076923078,6.632013798935077e-05,0.0013792874803968402,-4.561596796575049,-0.007905830280689505,-0.027669988838642516,0.028777255511213514,8.286388566396187
793,6.563350199999604,110.28335329142446,215.03243835527343,25.45000460571334,49.62287038967849,-4.459998375095433,0.23076923076923078,-0.00045491042600431797,0.001874517889028482,-4.4896789784556335,-0.042367024316785296,0.024110004437269145,0.04874686721651161,7.824515900373111
794,6.5683461999997235,110.28050552866667,215.02921249409178,25.44934742969231,49.622125960175026,-4.410969401581587,0.23076923076923078,-0.0011120864470335334,0.0026189473924915774,-4.475295414831751,-0.056020948333744935,0.042215333114924286,0.07014614032301524,3.190361804737417
795,6.5792758999996295,110.27783664827994,215.0260943222534,25.44873153421845,49.62140638205848,-4.401163606878818,0.23076923076923078,-0.0017279819208937397,0.0033385255090365717,-4.472418702106976,-0.059918922132868764,0.059850093525415676,0.08468949713255944,1.0884056301385099
796,6.583953500000007,110.27551575691862,215.02336928368834,25.4481959439043,49.620777527005,-4.399202447938264,0.23076923076923078,-0.0022635722350443643,0.003967380562514222,-4.471843359562022,-0.061380022030818035,0.06143891072846798,0.08684611019501313,-1.5946495451451357
797,6.595224899999721,110.27792816408316,215.02797519445724,25.44875265324996,49.621840429490135,-4.690759679040778,0.23076923076923078,-0.0017068628893817106,0.0029044780773830325,-4.530118183631158,-0.024319115592153644,0.012563397200327155,0.027372583590112912,-2.5322112625923814
798,6.599796399999832,110.27686042847196,215.02694085061626,25.4485062527243,49.6216017347576,-4.457121662370656,0.23076923076923078,-0.001953263415042983,0.0031431728099207135,-4.541773148444984,-0.016177324343083613,0.003130077380493549,0.016477354378334013,-2.6407590814667947
799,6.6112992999997005,110.27954034820687,215.03169477686305,25.449124695740046,49.62269879466071,-4.702343521927257,0.23076923076923078,-0.0013348203992968877,0.002046112906811004,-4.5441041414077485,-0.011746025076607939,0.0022592815259131933,0.011961331786788425,0.29974368368175763
800,6.627162899999803,110.27846510414156,215.03041133459664,25.448876562494206,49.62240261567615,-4.459438430947952,0.23076923076923078,-0.001582953645137053,0.002342291891366699,-4.486180447422177,-0.02851128036625252,0.031117848656724786,0.04220442646388984,2.0179667497714044
801,6.631609699999899,110.27668567300805,215.02790465249683,25.44846592454032,49.621824150576195,-4.41085741275209,0.23076923076923078,-0.001993591599024569,0.0029207569913225484,-4.4745957086250625,-0.033541380210744196,0.04408246156682,0.05539212583239485,3.828566717528167
802,6.64321899999959,110.27495335489752,215.02538970682537,25.448066158822506,49.62124377849816,-4.401141209112918,0.23076923076923078,-0.002393357316837097,0.003501129069356068,-4.413888868287515,-0.04911670339679917,0.07039534612506054,0.0858367946083509,3.5267958364362006
803,6.6476404,110.27343880869509,215.02314735346414,25.447716648160405,49.62072631233788,-4.399197968385084,0.23076923076923078,-0.0027428679789380794,0.004018595229638322,-4.401747500220006,-0.05724481739200891,0.08405154559275149,0.1016938121754457,2.7252289899968867
804,6.659752399999888,110.27217325503022,215.0212478063836,25.44742459731467,49.62028795531929,-4.398809320239517,0.23076923076923078,-0.0030349188246745484,0.004456952248226287,-4.3993192266065035,-0.04203967008313025,0.06321803111438937,0.07592004556557075,1.0206614681361157
805,6.66395889999967,110.2711473329226,215.01966284270918,25.447187846059062,49.61992219447135,-4.398731590610404,0.23076923076923078,-0.003271670080280842,0.0048227130961677744,-4.398833571883802,-0.04146238778478202,0.06349863859148189,0.07583671079224939,0.10813408237539442
806,6.675434799999948,110.27033581394355,215.01837396263042,25.447000572448513,49.619624760607024,-4.398716044684581,0.23076923076923078,-0.0034589436908305515,0.005120146960493344,-4.398736440939261,-0.027411675393347358,0.043081114552404313,0.051062534004371815,0.04271920927769422
807,6.680016099999648,110.2697095028023,215.01735365301113,25.446856039108223,49.61938930454103,-4.398712935499416,0.23076923076923078,-0.0036034770311204056,0.005355603026487188,-4.39871701475035,-0.02605176389745273,0.04202481385808596,0.04944471035384265,0.004342092802214285
808,6.692080199999964,110.26924965658436,215.01657214738364,25.44674992075024,49.61920895708854,-4.398712313662384,0.23076923076923078,-0.0037095953891039812,0.005535950478979146,-4.3987131295125685,-0.015673819185776004,0.026366936003206654,0.030673831225746732,0.0015813352370535744
809,6.696358299999702,110.26892870137753,215.01599911594747,25.44667585416405,49.6190767190648,-4.398712189294977,0.23076923076923078,-0.00378366197529445,0.005668188502717442,-4.398712352465013,-0.013775024779416797,0.024469697843703418,0.02808055234919161,0.00017267814469040576
810,6.707187399999839,110.26872257756607,215.0155926439771,25.446628287130633,49.618982917840874,-4.398712164421496,0.23076923076923078,-0.0038312290087105794,0.005761989726643435,-4.398712197055502,-0.007566724280769687,0.014690958633391473,0.01652511972450454,6.814583348164424e-05
811,6.710864599999695,110.26861382615421,215.01533080869936,25.446603190650972,49.61892249431524,-4.3987121594467995,0.23076923076923078,-0.003856325488371226,0.0058224132522752825,-4.398712165973601,-0.005428705494320718,0.012083029939380562,0.013246526180853415,7.76869195477515e-06
812,6.723238599999604,110.26858663830124,215.01519668532913,25.446596916531057,49.61889154276826,-4.39871215845186,0.23076923076923078,-0.003862599608286388,0.005853364799257577,-4.3987121597572205,-0.0016543940711073858,0.005716857935869916,0.00595142708948317,-4.8029032214977265
813,6.7272909999996955,110.2686198956593,215.01516315448657,25.446604591305995,49.61888380488152,-4.398712158252872,0.23076923076923078,-0.00385492483334815,0.005861102685997821,-4.457102051092069,0.04737952436042892,-0.0711193645998427,0.08545632422299614,-5.120806505536363
814,6.739535899999737,110.26870259659549,215.01521199223492,25.44662367613742,49.61889507513114,-4.398712158213074,0.23076923076923078,-0.003835840001922719,0.0058498324363753795,-4.4687800293590385,0.05143743779664264,-0.07832361109138988,0.09370377826682749,-5.301965924755439
815,6.743833399999858,110.27318646763032,215.02220509766812,25.447658415607,49.620508868692646,-4.690661621095741,0.23076923076923078,-0.0028011005323449467,0.004236038874871895,-4.471115625012432,0.04898601694962683,-0.0741729911092834,0.08888904581942007,-0.5125259827971861
816,6.755396099999871,110.27386111580896,215.02318661987601,25.447814103648223,49.620735373817546,-4.457102050781648,0.23076923076923078,-0.002645412491119714,0.0040095337499721495,-4.47158274414311,0.04677569905771048,-0.07140060999850363,0.08535814624566254,-0.20138639325512567
817,6.76000219999969,110.27360634645711,215.02272246673658,25.447755310720876,49.6206282615546,-4.41039013671883,0.23076923076923078,-0.002704205418467609,0.004116646012917613,-4.471676167969247,0.04078559079390396,-0.061370730449755315,0.07368738679274973,1.6850225295078771
818,6.771412299999611,110.27315355499806,215.0219426711275,25.44765082038417,49.620448308721734,-4.4010477539062665,0.23076923076923078,-0.002808695755174284,0.004296598845783706,-4.41330496015635,-0.009069231474981624,0.016565995801465602,0.018886057726295695,2.7342381363313883
819,6.775169399999868,110.2726913123335,215.02114118536,25.44754414900004,49.620263350467695,-4.3991792773437535,0.23076923076923078,-0.00291536713930185,0.004481557099822453,-4.401630718593769,-0.016771997959850626,0.028983470563493735,0.03348643727645778,2.8067262490115135
820,6.787010499999724,110.27225531709705,215.02041438569546,25.447443534714704,49.62009562746819,-4.398805582031251,0.23076923076923078,-0.0030159814246388805,0.004649280099329189,-4.399295870281254,-0.015487270912195261,0.026456909651135622,0.03065654299812819,-4.3611464156954
821,6.790544999999838,110.27187166008481,215.01976347801565,25.447354998481114,49.61994541800362,-4.39873084296875,0.23076923076923078,-0.003104517658229611,0.0047994895639007495,-4.457218793196877,0.036549762401155386,-0.05562517644489237,0.0665585861185942,-5.712436802484924
822,6.802782799999932,110.27153541990401,215.01920020788282,25.447277404593233,49.61981543258835,-4.398715895156251,0.23076923076923078,-0.0031821115461099225,0.004929474979171289,-4.468803377780002,0.04330983025394987,-0.06707993276120855,0.07984647002763623,-5.983991456495166
823,6.8065349999997125,110.27561700927288,215.02561685494922,25.448219309832204,49.621296197295976,-4.690662368484375,0.23076923076923078,-0.0022402063071389477,0.0034487102715416995,-4.471120294696627,0.03822224651004403,-0.05898689935582014,0.07028793939139365,-0.53369409520833
824,6.819066699999894,110.275910706786,215.02605371935255,25.448287086181384,49.62139701215828,-4.457102200259375,0.23076923076923078,-0.0021724299579588546,0.0033478954092345248,-4.471583678079953,0.040137673287900445,-0.06254786555324053,0.0743186941639349,-4.936924776195214
825,6.823197899999741,110.27530320770236,215.02507574673268,25.448146894085163,49.62117132616908,-4.410390166614375,0.23076923076923078,-0.00231262205418048,0.0035735813984345555,-4.530066247334744,0.0525186531029849,-0.08220874931451462,0.09755248529693322,0.4441007469252476
826,6.834680499999649,110.27453335197441,215.02384706168317,25.44796923507102,49.62088778346535,-4.401047759885375,0.23076923076923078,-0.0024902810683222754,0.003857124102168541,-4.351792058060701,-0.09295655966129737,-0.0004582995599681067,0.09295768942132225,1.2485343192258314
827,6.849684699999671,110.27814604856489,215.02954803861417,25.448802934284206,49.62220339352635,-4.691128741430201,0.23076923076923078,-0.0016565818551370626,0.0025415140411695347,-4.316137220205893,-0.10205782509274443,0.007387601046910032,0.10232485676456879,6.5328653466819695
828,6.85388759999978,110.26947051787853,215.02929100135276,25.4468008887412,49.622144077235255,-3.7992914221141656,0.23076923076923078,-0.0036586273981420447,0.0026008303322626602,-4.30900625263493,-0.09940545527177316,0.018034759294852834,0.10102819943269194,1.3978747791590935
829,6.865711199999623,110.2674160761249,215.0276932337366,25.446326786798057,49.62177536163153,-4.278828010985333,0.23076923076923078,-0.004132729341286279,0.00296954593598997,-4.307580059120736,-0.0958619658880057,0.01936436197040653,0.09779823627465936,5.729650702186415
830,6.869528299999729,110.26707412706345,215.02590905672517,25.446247875476182,49.621363628475045,-4.3747353287595665,0.23076923076923078,-0.004211640663161376,0.0033812790924727665,-4.248904927839771,-0.10435023747553139,0.051848549748257054,0.11652143224401802,1.9384765527703083
831,6.88191310000002,110.26719463345043,215.02422705055824,25.44627568464241,49.62097547320575,-4.393916792314414,0.23076923076923078,-0.004183831496934687,0.0037694343617644677,-4.368750712130454,-0.005834612156996509,0.02837903466730039,0.028972613062518346,0.18200605643910572
832,6.88656839999976,110.26745936392902,215.0227193602958,25.446336776291314,49.62062754468365,-4.397753085025383,0.23076923076923078,-0.0041227398480288,0.00411736288386777,-4.39271986898859,0.006546268694190071,0.02606989272490059,0.02687922879296126,-5.081597290115589
833,6.898005199999716,110.26826369046955,215.0278356017927,25.44652239010836,49.62180821579832,-4.398520343567577,0.23076923076923078,-0.0039371260309835066,0.002936691769200195,-4.397513700360219,0.01363055567293108,-0.01430733587808047,0.019760868095331296,-6.721783235737196
834,6.902070899999671,110.26864787757344,215.02748960113178,25.446611048670796,49.621728369491954,-4.398673795276015,0.23076923076923078,-0.0038484674685470566,0.0030165380755633464,-4.456862359212669,0.05595858508432256,-0.010470015913601017,0.05692964498282442,-5.335832362467659
835,6.914049199999681,110.26941340371954,215.03236983680637,25.446787708550666,49.622854577724546,-4.398704485617703,0.23076923076923078,-0.003671807588677467,0.001890329842971994,-4.468732090983161,0.055890639565328686,-0.016800238922631217,0.058361045388846296,-5.375516944147057
836,6.918459999999868,110.2735014985129,215.0314040741918,25.44773111504144,49.62263170942888,-4.690660086576666,0.23076923076923078,-0.0027284010979045092,0.0021131981386375287,-4.4711060373372575,0.050095263750139694,0.030216512651106524,0.05850276136209761,-0.5234434229655088
837,6.929989099999602,110.27414014513604,215.02925147020812,25.447878495031397,49.622134954663416,-4.457101743877834,0.23076923076923078,-0.0025810211079466683,0.002609952904101931,-4.471580826608077,0.04417971348370754,0.03405765313038423,0.05578324856309518,-0.20115196817635334
838,6.933935499999734,110.27392215176252,215.02699670544266,25.447828188868275,49.62161462433292,-4.410390075338067,0.23076923076923078,-0.0026313272710680735,0.0031302832345971865,-4.4716757844622395,0.04184566328182235,0.002748169140720083,0.041935807719914744,1.5571540781483024
839,6.946258599999965,110.27350716452754,215.0249223941341,25.447732422583282,49.62113593710787,-4.401047741630114,0.23076923076923078,-0.0027270935560608223,0.0036089704596449224,-4.4133048834549475,-0.0023880959476532244,-0.004212742743358067,0.004842541035129573,2.4900285263790316
840,6.950492299999951,110.27356363500395,215.02951932534017,25.447745454231683,49.6221967673862,-4.399179274888523,0.23076923076923078,-0.0027140619076604366,0.0025481401813181037,-4.401630703253487,-0.011276613929047018,0.01539743458236156,0.01908515164788797,2.5656156952481526
841,6.96201099999962,110.27320009759376,215.028734506628,25.447661560983175,49.6220156553757,-4.398805581540205,0.23076923076923078,-0.002797955156168541,0.002729252191819853,-4.399295867213197,-0.01022185553248605,-0.0037914166015311683,0.0109023470121521,1.0358940415827336
842,6.965175999999701,110.2727658904873,215.02679879999684,25.447561359343226,49.621568953845426,-4.398730842870541,0.23076923076923078,-0.0028981567961174903,0.0031759537220921175,-4.398828900005139,-0.013647340021163825,0.012318200974528033,0.01838444899642421,0.11916146142478126
843,6.978068899999926,110.27234834823219,215.02479280913008,25.447465003438197,49.62110603287618,-4.3987158951366085,0.23076923076923078,-0.00299451270114659,0.003638874691340277,-4.398735506563527,-0.015502400208703956,0.06826093475639733,0.0699991401807762,0.05336721279543763
844,6.981581999999889,110.27196930446527,215.02297524085674,25.44737753179968,49.62068659404387,-4.3987129055898215,0.23076923076923078,-0.003081984339662114,0.00405831352365027,-4.398716827875208,-0.018239874520266142,0.08440159361149147,0.08634999725926117,0.004286682370774386
845,6.994059799999832,110.27163421759582,215.02139932779232,25.447300204060575,49.620322921798234,-4.398712307680465,0.23076923076923078,-0.003159312078768295,0.004421985769283765,-4.398713092137544,-0.012796931772579498,0.06017918681047899,0.06152475914591282,-6.101884453099002
846,6.997248499999841,110.2713444522261,215.02006693399886,25.447233335129102,49.620015446307434,-4.398712188098593,0.23076923076923078,-0.0032261810102411914,0.004729461260083667,-4.457102237568137,0.05055496590351902,-0.03612587567644247,0.06213600784485392,-6.410785373404068
847,7.009922699999606,110.27110034950672,215.0189670814001,25.44717700373232,49.61976163416926,-4.398712164182219,0.23076923076923078,-0.0032825124070221534,0.004983273398259769,-4.468780066654254,0.056785449591905374,-0.06047442398055644,0.08295627306680868,-6.661592650755493
848,7.013027999999849,110.27526219369992,215.0249634805551,25.448137429315366,49.62114541858964,-4.69066162228957,0.23076923076923078,-0.002322086823976832,0.0035994889778763195,-4.471115632471478,0.05205143515082686,-0.053218333515728404,0.0744415403081642,-0.5693881675500952
849,7.0265064999998685,110.2756274533322,215.02510073342003,25.44822171999974,49.621177092327706,-4.4571020510204145,0.23076923076923078,-0.0022377961396031765,0.003567815239811978,-4.471582745634921,0.051382142133425145,-0.04124366497570975,0.06588751346687846,-0.2697494654592583
850,7.030664199999592,110.27508934319145,215.02392197290578,25.44809754073649,49.62090507067057,-4.410390136766583,0.23076923076923078,-0.002361975402852323,0.003839836896950999,-4.471676168267609,0.035110335495436906,0.0702505345338339,0.07853580878103647,1.675013071379313
851,7.042149699999754,110.27387907102735,215.01614284674207,25.44781824716016,49.61910988770971,-4.401047753915817,0.23076923076923078,-0.0026412689791825983,0.005635019857805901,-4.413304960216022,-0.029071201494920727,0.16390258311951433,0.16646078069505618,2.83657809222169
852,7.045533499999692,110.27262092132129,215.0076749328769,25.4475279049203,49.617155753740825,-4.399179277345664,0.23076923076923078,-0.002931611219043617,0.007589153826693007,-4.401630718605703,-0.03167970259873036,0.16270381143799836,0.1657592646375934,2.903647653100611
853,7.058596399999715,110.27196306114087,215.0063933731118,25.44737609103251,49.616860009179646,-4.398805582031633,0.23076923076923078,-0.0030834251068334595,0.00788489838787143,-4.399295870283638,-0.029869666964161195,0.13721605277955623,0.14042949172076308,1.219628156794971
854,7.074106899999606,110.27150677175494,215.00695417823889,25.447270793481913,49.61698942574744,-4.398730842968827,0.23076923076923078,-0.0031887226574305316,0.007755481820076682,-4.398828900619227,-0.026057400470270945,0.10170588711561324,0.10499083575837435,-4.8765925135813575
855,7.078035600000021,110.27115237348073,215.0080099068644,25.447189009264786,49.61723305543025,-4.398715895156266,0.23076923076923078,-0.0032705068745570998,0.007511852137270125,-4.457125399264471,0.0327342928728698,-0.0947691365922454,0.10026326934788472,-5.242581363821509
856,7.090719399999671,110.27086350230573,215.00917792227273,25.44712234668594,49.617502597447555,-4.3987129055937535,0.23076923076923078,-0.0033371694534025664,0.007242310119963236,-4.468784698993518,0.03655042056173761,-0.10749254397132182,0.1135366912177136,-5.422001013467986
857,7.095308299999942,110.27500271029322,215.01722902036312,25.448077548529206,49.619360543160724,-4.690661770571876,0.23076923076923078,-0.0023819676101375364,0.005384364406793907,-4.471116558939327,0.03160110742225015,-0.1102895889300455,0.11472760529476335,-0.48999213964755534
858,7.106256899999607,110.27535658882819,215.01917313033493,25.448159212806505,49.61980918392345,-4.457102080676876,0.23076923076923078,-0.0023003033328379274,0.004935723644067025,-4.47158293092849,0.03305825398946206,-0.09781555764181006,0.10325081827089823,-5.10814943240948
859,7.1102154999998675,110.2748156334131,215.0195561610017,25.448034376941486,49.61989757561578,-4.410390142697875,0.23076923076923078,-0.002425139197857362,0.004847331951737033,-4.530066097904447,0.08482805081755232,-0.18686682031824015,0.20521941121968626,-3.648718121322933
860,7.122280499999761,110.27410818996948,215.01953747775042,25.44787112076219,49.619893264096255,-4.401047755102075,0.23076923076923078,-0.002588395377152608,0.0048516434712624346,-4.483372838721512,0.042850489581350217,-0.10835843509279354,0.11652345220220929,
861,7.125623899999937,110.27778226599823,215.02629626518956,25.44871898446113,49.62145298427452,-4.69112874047354,0.23076923076923078,-0.0017405316782124203,0.0032919232929984332,-4.342453376338052,-0.09265524020353055,-0.08813936213349365,0.1278809629869633,
862,7.13817919999974,110.27768798288139,215.02696743787942,25.448697226818783,49.62160787027987,-4.457195474657208,0.23076923076923078,-0.0017622893205597734,0.0031370372876509123,-4.314269483861359,-0.09389749637251352,-0.0795831356057598,0.12308621083562099,
863,7.14144479999959,110.26820587023207,215.02611670688196,25.446509046976633,49.62141154774199,-3.752504768759567,0.23076923076923078,-0.003950469162710135,0.003333359825525406,-4.367022597944146,-0.03357772089120806,-0.1595680414707944,0.16306263581542227,-4.9072414262140205
864,7.154433100000006,110.26608139004337,215.02496560860527,25.4460187823177,49.62114590967814,-4.269470680314414,0.23076923076923078,-0.00444073382164234,0.003598997889376676,-4.377573220760703,-0.0655937459646292,-0.09032786715633756,0.11163181936475493,-11.747415672494622
865,7.157743499999924,110.27021373740342,215.03069742632124,25.446972400939252,49.622468636843365,-4.6648133255160085,0.23076923076923078,-0.00348711520009104,0.002276270724152596,-4.438073237902142,0.0034311835288840936,-0.17324812732855882,0.17328210133554306,-11.641978517282933
866,7.170502199999646,110.275383863428,215.0373488866096,25.448165506944925,49.6240035892176,-4.743881854556327,0.23076923076923078,-0.002294009194418578,0.000741318349916753,-4.640143944455428,0.15352239135970192,-0.20470198422753666,0.25587502221884056,
867,7.173801099999764,110.28029272794197,215.0434520592989,25.449298321832764,49.62541201368436,-4.759695560364391,0.23076923076923078,-0.0011611943065794605,-0.0006671061168432857,-4.7389479783442106,0.21269369165646523,-0.2695961790278494,0.34339584478684615,
868,7.186260199999651,110.2846327370392,215.0486971823052,25.450299862393663,49.62662242668582,-4.762858301526004,0.23076923076923078,-0.00015965374567983304,-0.001877519118302473,-4.606777632778217,0.1299986231566437,-0.1978243636412521,0.23671527384748414,
869,7.189583599999878,110.2883498804268,215.05307547965833,25.451157664713875,49.62763280299808,-4.763490849758326,0.23076923076923078,0.0006981485745320981,-0.002887895430561116,-4.580343563665017,0.1300290944326396,-0.21107824348376608,0.24791448176975128,6.325557698757393
870,7.202340999999706,110.28141707520923,215.0553259072681,25.449557786586748,49.62815213244649,-4.0039615976860405,0.23076923076923078,-0.0009017295525950431,-0.003407224878969828,-4.5750567498423775,0.07209848951975956,-0.1338826969429619,0.15206172671567247,8.819434576035556
871,7.205627199999981,110.2827508905064,215.05798278296936,25.449865590116865,49.628765257608315,-4.611711508990334,0.23076923076923078,-0.0005939260224785414,-0.004020350040796927,-4.5156094944997225,0.03735619621737973,-0.043837878510646355,0.05759552923748131,6.476942074271129
872,7.2184605999996165,110.28573937362758,215.06026061883804,25.450555240067903,49.62929091203955,-4.733261491251192,0.23076923076923078,9.572392855972112e-05,-0.004546004472032905,-4.503720043431193,-0.006437456820523503,0.015307076995038069,0.016605645318629694,
873,7.221805899999708,110.28438650356314,215.05514236418216,25.4502430392838,49.62810977634973,-4.465622024812738,0.23076923076923078,-0.00021647685554171403,-0.003364868782213648,-4.653273305561237,0.04858791762507869,0.006270240466985322,0.04899083235315821,
874,7.234284499999831,110.28650304373747,215.05559085837953,25.450731471631723,49.628213275010665,-4.704043594415673,0.23076923076923078,0.00027195549238001604,-0.003468367443147713,-4.683183957987249,0.038651774284224796,0.038191452197617076,0.05433734145393508,
875,7.238336899999922,110.28913216962577,215.0570991611281,25.451338192990566,49.62856134487571,-4.75172790833626,0.23076923076923078,0.0008786768512223375,-0.003816437308195475,-4.7221409419880755,0.07963694505815877,-0.011234832937745028,0.08042552138056203,-0.760739722872418
876,7.251061899999968,110.29155756328046,215.05858631371953,25.45189789921857,49.62890453393528,-4.761264771120377,0.23076923076923078,0.0014383830792255026,-0.004159626367759017,-4.598351528241367,0.06892306131483959,-0.053740906363720024,0.08739836038395263,2.059066239988673
877,7.255145699999957,110.29613501154765,215.06368451177948,25.452954233434074,49.630081041179885,-4.928046411255325,0.23076923076923078,0.0024947172947307195,-0.005336133612367178,-4.573593645492024,0.058299141441018665,-0.04550088390612911,0.07395350112739044,5.357182174374799
878,7.272764699999698,110.28491975447383,215.05295420899955,25.450366097186272,49.62760481746144,-3.84667495607919,0.23076923076923078,-9.341895307102277e-05,-0.002859909893921042,-4.568642068942157,0.03853784104470629,-0.033797413226793346,0.05125846596621552,8.316524342793658
879,7.280983599999672,110.28442192470244,215.05178225342178,25.45025121339287,49.62733436617426,-4.580254180668963,0.23076923076923078,-0.0002083027464720999,-0.002589458606742312,-4.415720601288431,-0.03098411469700997,-0.029171467674139934,0.04255572687454487,8.725056048518175
880,7.289704599999823,110.28634595969123,215.05281677917577,25.45069522146721,49.62757310288672,-4.726970025586918,0.23076923076923078,0.00023570532786720833,-0.0028281953192035303,-4.352161454242063,-0.07528368925111738,0.018619287731997437,0.07755199380354909,
881,7.295618999999988,110.27856433416109,215.0529151933291,25.448899461729482,49.62759581384518,-3.996657432851759,0.23076923076923078,-0.001560054409861067,-0.002850906277664933,-4.529420327957788,-0.036291994786866434,-0.013846129978720945,0.0388435863560199,
882,7.301055399999768,110.27943989640649,215.05407276195533,25.449101514555345,49.62786294506662,-4.610250676023477,0.23076923076923078,-0.0013580015839984583,-0.0031180374990995574,-4.564872102700935,-0.002941398386193346,-0.03198536112893453,0.032120323021642486,
883,7.314304499999707,110.28219937534674,215.05532345782282,25.44973831738771,49.62815156718988,-4.732969324657821,0.23076923076923078,-0.0007211987516342333,-0.0034066596223638612,-4.5135725650714384,-0.020002154569531586,-0.0019742086522512095,0.02009934544272666,
884,7.318751999999677,110.28514373116579,215.05643721821548,25.450417784115185,49.62840858881896,-4.75751305438469,0.23076923076923078,-4.173202415813648e-05,-0.0036636812514387884,-4.65524380988929,0.06303554110844364,-0.0003788439905011114,0.0630366795255225,
885,7.329938899999888,110.28347656084321,215.05049007237614,25.45003305250228,49.627036170548344,-4.470472337439438,0.23076923076923078,-0.0004264636370621133,-0.0022912629808260476,-4.531646906509107,0.02636093044688096,0.009645003905046575,0.02806999740565822,
886,7.3337164999998095,110.28530281025475,215.0504223532991,25.450454494674172,49.62702054306902,-4.705013656941013,0.23076923076923078,-5.0214651707847224e-06,-0.0022756355015047802,-4.448537633254947,-0.028648310115264163,0.09118376706017566,0.09557826660776352,13.091316843409452
887,7.345766499999627,110.27766839970724,215.05037109125448,25.448692707624748,49.62700871336642,-3.9922661591225777,0.23076923076923078,-0.0017668085145956525,-0.0022638057989041727,-4.373525886025988,-0.06801839771815814,0.14836544138242114,0.16321399028498196,5.096638800380109
888,7.349120599999878,110.27436933991704,215.04476211485462,25.447931386134705,49.62571433419722,-4.317422958387016,0.23076923076923078,-0.0025281300046380295,-0.0009694266297017862,-4.416913429158323,-0.021003641207059838,0.11887962198709895,0.12072082449913288,1.477233810313384
889,7.36197729999958,110.27191379188844,215.03205310805936,25.447364721205027,49.62278148647524,-4.382454318239903,0.23076923076923078,-0.003094794934316525,0.0019634210922774287,-4.2736597854410405,-0.058065464247641994,0.1130662697812418,0.127104600626959,-7.059757360556787
890,7.365324599999894,110.27482468515473,215.03241208072578,25.44803646580494,49.622864326321334,-4.687410053101106,0.23076923076923078,-0.002423050334403598,0.0018805812461835103,-4.338550316463211,-0.038473161922517686,0.12983627650699334,0.13541655321827054,-3.982815979341479
891,7.384587999999894,110.26866878725548,215.03449309586503,25.446615873982037,49.62334456058424,-3.9887454383545964,0.23076923076923078,-0.0038436421573067037,0.001400346983274403,-4.4099183152457675,0.029713322111822496,0.03493839605607188,0.04586472533322159,-10.480169335322714
892,7.393290499999694,110.26684943253164,215.03129401981587,25.446196022891918,49.622606312265205,-4.316718814233419,0.23076923076923078,-0.004263493247425032,0.0021385953023127513,-4.482581807580404,0.077004717000413,-0.04420597479438858,0.08879129826641692,-2.1111169352246195
893,7.400956199999655,110.27063462986143,215.03423646882115,25.447069529968026,49.62328533895873,-4.674262952299809,0.23076923076923078,-0.0033899861713173607,0.001459568608787265,-4.438724613469205,0.03863323251183081,-0.012224755154544038,0.040521244957450804,-9.258815830204819
894,7.406648899999709,110.27538036767044,215.03837097633615,25.44816470023164,49.624239456077575,-4.745771779913087,0.23076923076923078,-0.002294815907703196,0.0005054514899427431,-4.581884326990714,0.08781944884081666,-0.03497240235614646,0.09452684550573458,-8.447633620978294
895,7.411488499999905,110.27556544409046,215.03553650018756,25.448207410174724,49.62358534619713,-4.468124082545118,0.23076923076923078,-0.002252105964618778,0.0011595613703860863,-4.610516269695015,0.09544894215792547,-0.038213869916728364,0.10281439788803726,-10.758712283463227
896,7.4162131999996745,110.27909071710172,215.03837554960745,25.449020934715783,49.62424051144787,-4.704544005962149,0.23076923076923078,-0.0014385814235602368,0.0005043961196449231,-4.616242658235876,0.11103219237404023,-0.0566459368791328,0.124647141596992,-2.4135000908650026
897,7.426410699999906,110.2786445207061,215.03534309394485,25.44891796631679,49.623540713987275,-4.45987852775493,0.23076923076923078,-0.0015415498225515023,0.0012041935802429293,-4.617387935944048,0.08024117876738408,-0.015237589060012083,0.08167515466983268,4.077141050713406
898,7.430089299999963,110.28170298503493,215.0382242012206,25.449623765777293,49.62420558489706,-4.702894895004111,0.23076923076923078,-0.0008357503620501916,0.0005393226704555332,-4.567521776641936,0.04900709071678235,-0.016330760872688234,0.05165644868943141,4.66986335080329
899,7.447704999999587,110.28463625651264,215.03521370411374,25.450300674579843,49.623510854795484,-4.7514981684539475,0.23076923076923078,-0.00015884155950018908,0.0012340527720340333,-4.557548544781514,0.024418446850615644,0.039601729611597886,0.04652480558612201,2.0140400095473456
900,7.4546847999999954,110.28017967875218,215.0312910664093,25.449272233558197,49.62260563070984,-4.21879328603454,0.23076923076923078,-0.0011872825811458654,0.002139276857676009,-4.613943790987556,0.05558818413676596,-0.009305340318630208,0.0563616498522579,-3.1133573936083327
901,7.460860199999843,110.2814974038189,215.02751804858474,25.44957632395821,49.62173493428879,-4.654677846660033,0.23076923076923078,-0.000883192181134973,0.0030099732787292055,-4.625222840228763,0.032653037137227656,0.0016152584894740044,0.03269296398727081,-8.247423910529932
902,7.465657999999621,110.28452764074964,215.03117531903095,25.450275609403764,49.62257891977637,-4.7418547587851325,0.23076923076923078,-0.00018390673557888704,0.00216598779114463,-4.696403210623882,0.12349318324203717,-0.1657580340147628,0.206703391717917,-4.496992331308076
903,7.4748680999996395,110.28760835061709,215.03620950968937,25.4509865424501,49.62374065608216,-4.759290141210152,0.23076923076923078,0.0005270263107561846,0.001004251485355212,-4.667193239781029,0.12267508570424486,-0.185514833701409,0.2224071270796088,1.8230001131625864
904,7.478616999999758,110.29561119409959,215.04916391917038,25.45283335248452,49.62673013519317,-5.107400020429531,0.23076923076923078,0.002373836345178404,-0.0019852276256528967,-4.602961353034332,0.05394419656621541,-0.14798550615172254,0.1575109087465246,8.857731306945738
905,7.489981799999896,110.2881533631001,215.04764177935314,25.451112314561563,49.62637887215842,-4.072743431820282,0.23076923076923078,0.0006527984222195471,-0.0016339645909013711,-4.531725083106868,0.013371660355354125,-0.09445048630575173,0.09539232497455936,
906,7.493286599999919,110.28393714448596,215.04293537769962,25.45013934103522,49.62529277946915,-4.333518412926557,0.23076923076923078,-0.0003201751041217449,-0.0005478719016309697,-4.365546676777624,-0.12117299012130255,-0.08312395469038028,0.14694381708090232,
907,7.505915499999901,110.28081170921719,215.0379135624425,25.44941808674243,49.624133899025196,-4.385673409147811,0.23076923076923078,-0.0010414293969134292,0.000611008542321656,-4.204996542386774,-0.23153832789679799,0.11074660641349218,0.2566608815486888,
908,7.5091184999996585,110.27254591436484,215.0388782624368,25.447510595622656,49.624356522100804,-3.9283981095639375,0.23076923076923078,-0.002948920516686826,0.0003883854667137143,-4.266427775274229,-0.20525493259602606,0.11852148165347962,0.23701672719100503,-2.4665786149851323
909,7.522281799999746,110.26916911714102,215.02907152483772,25.446731334724852,49.622093428808704,-4.304649348475287,0.23076923076923078,-0.0037281814144911607,0.0026514787588141076,-4.278714021851721,-0.16242874530993723,0.18284378301389786,0.24457094326553558,-7.982572017669468
910,7.538147799999933,110.2677927675665,215.0242738016196,25.44641371559227,49.620986261912215,-4.379899596257558,0.23076923076923078,-0.004045800547071821,0.003758645655302928,-4.339561163745344,-0.13883008663536173,0.17598320409019436,0.2241514690494645,
911,7.5415382999999565,110.2666132614717,215.01472018380332,25.446141521878086,49.618781580877695,-4.394949645814012,0.23076923076923078,-0.004317994261256786,0.005963326689823134,-4.47330529915532,0.014894395299701196,0.15996446106572215,0.1606563780725518,
912,7.55430159999969,110.26998049432301,215.01154213701528,25.446918575613005,49.61804818546507,-4.689909118615928,0.23076923076923078,-0.0035409405263386873,0.006696722102446984,-4.558444018815442,0.04225076939552482,0.10108409663619812,0.10955876097907485,
913,7.557559999999739,110.2724244753874,215.0136544246347,25.447482571243246,49.61853563645416,-4.597118786613811,0.23076923076923078,-0.0029769448960976774,0.006209271113355896,-4.633861655325591,0.10453401410696754,-0.011229222749635268,0.10513541529321418,-11.837622075016451
914,7.570457599999827,110.27676052253338,215.02049963521142,25.448483197507706,49.620115300433405,-4.730342946775887,0.23076923076923078,-0.001976318631637497,0.004629607134113201,-4.707335075205745,0.13515147114990397,-0.16658942384404166,0.2145179626294103,-5.3929451164838555
915,7.573908099999699,110.28111754457377,215.02785287511145,25.44948866413241,49.6218122019488,-4.756987778808303,0.23076923076923078,-0.0009708520069331428,0.0029327056187185008,-4.663639866603653,0.10885223596600009,-0.16524713371318706,0.197877296512818,1.7425597780212074
916,7.586338399999931,110.2850392128036,215.0346693650181,25.450393664493138,49.6233852380811,-4.762316745214786,0.23076923076923078,-6.585164620531714e-05,0.0013596694864190795,-4.685257270195733,0.08054950460531718,-0.12592328521454058,0.14948209408281832,3.1871989329524366
917,7.589510999999675,110.28406841220969,215.03378712274866,25.450169633586853,49.623181643711234,-4.471433075605457,0.23076923076923078,-0.0002898825524901838,0.00156326385628347,-4.689580750914148,0.10437842084442576,-0.16201873852840198,0.19273019060933538,0.46164968261087336
918,7.602331999999933,110.28582270607977,215.03117474699576,25.450574470633793,49.622578787768255,-4.705205804574216,0.23076923076923078,0.00011495449444964834,0.0021661197992628445,-4.632055554479707,0.040706669206584556,-0.04452326727480571,0.06032706065040865,8.385179301509876
919,7.6055044999998245,110.28852720972307,215.035339615704,25.45119858685917,49.623539911316314,-4.751960350367969,0.23076923076923078,0.0007390707198275948,0.0012049962512037382,-4.5621606226146945,0.013007075011122082,-0.0018862074329527127,0.013143126676140749,9.078576078666458
920,7.624989199999618,110.28625075995029,215.02725989171898,25.450673252296223,49.62167535962746,-4.469361796636094,0.23076923076923078,0.00021373615687991787,0.0030695479400577597,-4.548181636241691,0.009971391926141559,0.03297125817507057,0.03444608138223968,9.703615178734523
921,7.634606699999949,110.2835129921116,215.02364923196296,25.45004145971806,49.62084213045299,-4.412842085889719,0.23076923076923078,-0.0004180564212816762,0.0039027771145256906,-4.486995946388966,-0.015476523484543103,0.08194322011844822,0.08339193068006083,5.16832655511748
922,7.642989099999795,110.28039668064508,215.01498747278566,25.4493223109181,49.61884326295054,-4.401538143740444,0.23076923076923078,-0.0011372052212443862,0.005901644616976398,-4.416368915840295,-0.07054555556414227,0.15380921158875804,0.16921568774616857,5.600458540053568
923,7.650003299999753,110.27748900170424,215.00611579519835,25.448651308085594,49.61679595273809,-4.3992773553105895,0.23076923076923078,-0.0018082080537489276,0.007948954829430477,-4.402243509730559,-0.07514624836927586,0.07480996390930228,0.10603532120990629,0.43390553167412627
924,7.656084099999589,110.27541740118289,215.00463029767656,25.448173246426823,49.61645314561767,-4.398825197624618,0.23076923076923078,-0.00228626971252055,0.00829176194984882,-4.457808321086737,-0.0372575833425287,-0.012536413250278315,0.039310166289488344,-6.72495693761665
925,7.661409599999843,110.27426435395783,215.01153736567892,25.447907158605656,49.61804708438745,-4.398734766087424,0.23076923076923078,-0.0025523575336876547,0.006697823180068951,-4.527311175936099,0.02415032559568836,-0.15825667280764535,0.16008876511024714,-11.588953856668851
926,7.667156900000009,110.27734637718575,215.0202564727674,25.448618394735174,49.62005918602325,-4.69066614267061,0.23076923076923078,-0.0018411214041691437,0.0046857215442699385,-4.599601639484094,0.05565505365134851,-0.21858786061006255,0.22556182700762695,-14.729546022334903
927,7.671081999999842,110.2811095129976,215.02859317092623,25.449486810691756,49.621983039444515,-4.749052417987247,0.23076923076923078,-0.0009727054475874297,0.0027618681230023867,-4.672449624771818,0.09759895851062723,-0.21534654028822747,0.23643115090120487,-12.568468115982293
928,7.6821907999997165,110.28408734529042,215.02906372852257,25.45017400275933,49.62209162965906,-4.760729673050575,0.23076923076923078,-0.00028551338001392423,0.0026532779084575964,-4.745409114407489,0.1163872505722009,-0.14835550867664607,0.18856126073629942,-9.483082164807072
929,7.686583299999711,110.28658274940854,215.02768219189628,25.450749865248124,49.621772813514525,-4.763065124063241,0.23076923076923078,0.0002903491087806742,0.002972094052992702,-4.760001012334621,0.1160372666174445,-0.13381537626002354,0.17711917504228492,-3.3846051686775365
930,7.697633899999801,110.28868861032576,215.02597496081586,25.4512358331521,49.62137883711136,-4.763532214265774,0.23076923076923078,0.0007763170127574881,0.0033660704561597754,-4.7629193919200485,0.07566902649272869,-0.034087187972807756,0.08299239696653427,3.17872434201486
931,7.702039099999638,110.29101752001309,215.03127019894418,25.451773273849174,49.62260081514097,-4.76362563230628,0.23076923076923078,0.0013137577098305542,0.0021440924265476724,-4.705113175259009,0.04629142176138615,-0.020063508513564872,0.0504523547771997,3.2125086937870133
932,7.719850199999655,110.29251527477867,215.03061418059542,25.45211890956431,49.622449426291254,-4.763644315914382,0.23076923076923078,0.0016593934249655717,0.0022954812762634447,-4.762476492473677,0.06352457211487504,-0.12518915227523478,0.14038409849327624,2.7783403317689555
933,7.727173499999935,110.2898169748226,215.0286992299633,25.45149622495906,49.62200751460692,-4.471698589745377,0.23076923076923078,0.0010367088197185126,0.0027373929605971625,-4.77394915591661,0.07413579112311879,-0.19147160106602312,0.20532289093093592,5.9954713417922125
934,7.733744099999967,110.2960031328658,215.04159863561583,25.452923799892112,49.624984300526734,-5.049881710136576,0.23076923076923078,0.0024642837527686368,-0.00023939295921593384,-4.624312536261447,-0.003347904278349516,-0.15578474538222956,0.1558207154291851,12.611954438948064
935,7.7390551999997115,110.29823631788442,215.04840548776139,25.45343915028102,49.626555112560325,-4.82089553148044,0.23076923076923078,0.0029796341416776784,-0.0018102049928074848,-4.535995319752288,-0.022206697987796616,-0.14700115789715554,0.14866902118002145,13.885351557030384
936,7.746893099999852,110.28922163135098,215.0517665941083,25.451358838004076,49.627330752486536,-4.015442534030463,0.23076923076923078,0.0008993218647326273,-0.002585844919018143,-4.518331876450458,-0.04261175395376046,-0.1774945688615892,0.1825378962034384,7.143406637544528
937,7.762389600000006,110.28419276745689,215.04824667172045,25.45019833095159,49.62651846270472,-4.322058233368593,0.23076923076923078,-0.000261185187753199,-0.0017735551372055625,-4.478849480758843,-0.07020833131460485,-0.1137245523129274,0.13365060263521855,2.2750748953684403
938,7.766291399999773,110.28103011019918,215.0498042826762,25.449468486969042,49.62687791138682,-4.383381373236219,0.23076923076923078,-0.0009910291703008056,-0.0021330038193028145,-4.470953001620519,-0.04939876217866204,-0.10221647138199827,0.11352728626445223,1.569368028374278
939,7.777863599999819,110.28500591011816,215.0565337122706,25.450385979258037,49.62843085667784,-4.852469731678494,0.23076923076923078,-7.353688130606884e-05,-0.0036859491103200526,-4.469373705792855,-0.0262342966831629,-0.06450827102546354,0.06963874893444648,0.754009876697716
940,7.780967799999871,110.28771075182154,215.0597381338782,25.451010173497277,49.62917033858728,-4.781413135788824,0.23076923076923078,0.0005506573579339147,-0.004425431019761561,-4.4690578466273205,-0.07905058574930807,0.1276588545451669,0.15015251663256526,0.08106187689875462
941,7.793703599999844,110.27945484859991,215.05479430519807,25.44910496506152,49.62802945504571,-4.00754605489214,0.23076923076923078,-0.0013545510778243397,-0.0032845474781950657,-4.468994674794212,-0.05024866406775572,0.17072568578960054,0.177966817212995,
942,7.796635799999876,110.27514783080233,215.04191970667063,25.44811103787746,49.62505839384707,-4.320478937540928,0.23076923076923078,-0.0023484782618830025,-0.0003134862795519666,-4.377617294333841,-0.09184735842403562,0.2734306905789211,0.28844458705258963,
943,7.809801899999911,110.2726920632914,215.03489017447038,25.447544322298018,49.62343619410855,-4.383065514070686,0.23076923076923078,-0.0029151938413249923,0.0013087134589682137,-4.359341818241767,-0.12126069146702367,0.3110541635339678,0.3338545311162889,
944,7.812862199999927,110.27098521064707,215.0298597811664,25.44715043322625,49.62227533411533,-4.395582829376638,0.23076923076923078,-0.0033090829130948407,0.002469573452188456,-4.507617875367104,-0.04163350830678897,0.33005524987907664,0.33267073358904176,
945,7.826098399999864,110.27408327775942,215.0327334999791,25.447865371790638,49.62293849999518,-4.690035755328453,0.23076923076923078,-0.0025941443487056404,0.0018064075723387418,-4.5372730867921724,0.02569535864995364,0.11614849281344422,0.1189568150169819,
946,7.829234899999847,110.2774613254213,215.03022469579554,25.44864492125107,49.62235954518359,-4.748926340518816,0.23076923076923078,-0.001814594888273291,0.0023853623839258375,-4.601594021655313,0.06932936655400687,0.1257068854686415,0.14355759165229123,-7.91952587724891
947,7.841960599999766,110.27733308953404,215.03332826867546,25.44861532835401,49.623075754309724,-4.468754994666264,0.23076923076923078,-0.0018441877853341282,0.0016691532577937096,-4.614458208627941,0.09134007601002031,0.06181283175367314,0.11028978037390495,-7.440708896793283
948,7.845160599999872,110.27976151029856,215.03095703665127,25.44917573314582,49.622528546919526,-4.704670188386379,0.23076923076923078,-0.0012837829935214984,0.0022163606479921327,-4.617031046022466,0.12234402068475264,0.012325727095522196,0.1229633398446239,-0.6186632832713868
949,7.857681799999682,110.27874927650042,215.02770919934835,25.448942140730868,49.62177904600347,-4.459903764239776,0.23076923076923078,-0.0015173754084756297,0.0029658615640499875,-4.61754561350137,0.08398389205958884,-0.042421544955854186,0.09408975290603237,
950,7.860655699999825,110.28144307168859,215.03154354129217,25.44956378577429,49.622663894144345,-4.70289994230108,0.23076923076923078,-0.0008957303650518611,0.002081013423172351,-4.7090132730909,0.1646045867009612,-0.15801844311832927,0.22817646313442347,
951,7.873890399999709,110.28469716318583,215.0366563321004,25.45031472996596,49.623843768946244,-4.751499177913342,0.23076923076923078,-0.0001447861733829825,0.0009011386212733896,-4.727306805008805,0.13808893568912492,-0.18469779838249856,0.23061186198263386,
952,7.877086899999995,110.29024854006403,215.0454418540212,25.451595816937854,49.625871197081814,-4.926093292613919,0.23076923076923078,0.001136300798510348,-0.0011262895142962748,-4.8223302574861355,0.20732830315831485,-0.29141318016128714,0.35764041558836845,-10.859901276107605
953,7.890014199999769,110.2926320202699,215.04333525598577,25.452145850831517,49.62538505907364,-4.796137847975909,0.23076923076923078,0.0016863346921738298,-0.0006401515061256191,-4.841334947981601,0.17209416854541704,-0.2451805308355435,0.29954948764459155,-10.80355274263639
954,7.89314719999993,110.29707882721104,215.0497666142894,25.453172037048702,49.626869218682174,-4.935021026626432,0.23076923076923078,0.0027125209093590286,-0.0021243111146560523,-4.845135886080694,0.16567424544495077,-0.17508720145497614,0.24104664220247746,2.6938438195129843
955,7.9062174999999115,110.29894011695902,215.05352594312313,25.453601565452082,49.62773675610534,-4.797923394778412,0.23076923076923078,0.0031420493127392035,-0.0029918485378246373,-4.704436112763013,0.05910005873002695,-0.027216234907104418,0.06506566209923115,5.673000072248013
956,7.9099858999998105,110.29934249689111,215.04925871356397,25.45369442235949,49.62675201082246,-4.770503868408808,0.23076923076923078,0.0032349062201468826,-0.0020071032549395795,-4.676296158099477,0.04402512985697839,-0.05087885678306117,0.06728201934005147,7.11344639225585
957,7.922405799999979,110.29223331404211,215.04360282536365,25.452053841702025,49.62544680585315,-4.222594426025512,0.23076923076923078,0.0015943255626815755,-0.0007018982856337175,-4.637693313651145,-0.018212741728670812,0.03368060397272395,0.038289516127038424,9.025156857476627
958,7.926412499999969,110.29166337001443,215.0450040998956,25.451922316157177,49.62577017689899,-4.655438074658228,0.23076923076923078,0.0014628000178333878,-0.0010252693314711792,-4.571582852183353,-0.058207042767733315,0.08889651216318381,0.10625746892592455,6.8834493879081045
959,7.939098899999863,110.29256229636103,215.0478034541731,25.4521297606987,49.62641618173226,-4.742006804384771,0.23076923076923078,0.001670244559356604,-0.0016712741647424423,-4.558360759889795,-0.06107743415631379,0.029656276386409754,0.06789659558642076,-2.0031171866398374
960,7.943592899999658,110.28930802404143,215.04371966237142,25.451378774778792,49.62547376823956,-4.467371087439455,0.23076923076923078,0.0009192586394490831,-0.0007288606720408097,-4.664201448852958,-0.017602812470389785,-0.028197516553445726,0.03324092277072879,-8.151315776996398
961,7.954478399999971,110.28979336038047,215.04536518780964,25.45149077547242,49.62585350487915,-4.7043934069410165,0.23076923076923078,0.0010312593330752406,-0.001108597311635151,-4.68536958664559,-0.006182822523642322,-0.02203882043445842,0.02288966798582192,-3.2519393862909727
962,7.957918999999947,110.29106482569082,215.04811116389578,25.45178419054404,49.62648719166826,-4.751797870841329,0.23076923076923078,0.001324674404695969,-0.0017422841007430634,-4.6312133216259905,-0.01714250298177152,0.01098553220755957,0.020360435318611782,4.888966573938167
963,7.970352099999673,110.29237260595883,215.05080037398176,25.4520859859905,49.627107778611176,-4.761278763621391,0.23076923076923078,0.0016264698511569975,-0.002362871043658288,-4.620382068622073,-0.0030373986531139034,0.0008619976396903768,0.0031573454845439286,5.569825602985593
964,7.992465899999843,110.28868839685103,215.0398569233294,25.451235783888702,49.624582366922176,-4.471225479286779,0.23076923076923078,0.0007762677493587944,0.00016254064534138024,-4.618215818021287,-0.0003201137241195468,-0.005139364764195969,0.0051493245164612395,2.398633882507486
965,8.001912699999593,110.28473466024792,215.03334451037335,25.450323383134137,49.62307950239386,-4.413214822419856,0.23076923076923078,-0.0001361330052063181,0.0016654051736608722,-4.559392675323007,-0.03685930863590702,0.05462174320745294,0.06589494262944601,5.305167675901004
966,8.009227499999724,110.28549145009616,215.03540140469295,25.45049802694527,49.62355417031376,-4.693562153937097,0.23076923076923078,3.8510805925540126e-05,0.0011907372537578453,-4.489238154205226,-0.06470366385038352,0.04110089107802288,0.07665407597167243,6.032614076700345
967,8.015380599999844,110.28289401120568,215.03234507163222,25.449898617970543,49.622848862684364,-4.45768215734992,0.23076923076923078,-0.0005608981687998948,0.001896044883153536,-4.475207249981669,-0.08588951485404503,0.047091432492570647,0.0979520891868344,4.139394322267108
968,8.020509599999968,110.28033921019889,215.03495699544712,25.449309048507438,49.62345161433395,-4.410506158032485,0.23076923076923078,-0.0011504676319056273,0.001293293233565862,-4.472401069136959,-0.08053129361376923,0.0629624064979635,0.1022230594490397,0.9852093913175806
969,8.024887099999887,110.27760051910246,215.03222252522897,25.4486770428698,49.62282058274515,-4.401070958168997,0.23076923076923078,-0.0017824732695430612,0.001924324822368817,-4.471839832968017,-0.05312302982110435,0.03696783267776961,0.06471998879994892,-1.7776615433930318
970,8.034586599999784,110.27466708229026,215.02220052876817,25.44800009591314,49.62050781433112,-4.3991839181963,0.23076923076923078,-0.002459420226202269,0.004237093236397982,-4.530117478312353,-0.025238398964576664,8.383879062009991e-05,0.02523853821515733,-9.166354129877451
971,8.03782659999979,110.2769263530921,215.02493642369595,25.448521466098178,49.62113917469907,-4.690755973092386,0.23076923076923078,-0.0019380500411649848,0.003605732868450673,-4.600162899959345,0.021553261829957038,-0.017522569622248782,0.027777392636409177,-9.4684791393208
972,8.055829299999914,110.28020342054842,215.0303811396154,25.449277712434252,49.622395647603554,-4.749070384071603,0.23076923076923078,-0.0011818037050908003,0.0023492599639638456,-4.614171984288746,0.037916163896498836,0.007041876640583006,0.03856453696399518,-10.71264121615729
973,8.062111299999742,110.28344311282754,215.0359766325601,25.450025333729435,49.62368691520618,-4.7607332662674455,0.23076923076923078,-0.0004341824099078906,0.0010579923613391884,-4.67536369373275,0.07299578369659163,-0.07119749858850093,0.10196797655508902,-1.3335846683209849
974,8.06919169999992,110.28152362000375,215.02778535687048,25.449582373847022,49.62179662081627,-4.47111637981599,0.23076923076923078,-0.0008771422923210537,0.0029482867512484745,-4.629212143043424,0.03276012972060077,-0.023676095876766615,0.040420089253692094,-0.36534456358463374
975,8.07353219999959,110.28350994858005,215.03065849742075,25.45004075736463,49.62245965325094,-4.705142465416324,0.23076923076923078,-0.0004187587747139787,0.002285254316575447,-4.619981832905561,0.05095444610399319,-0.0661954368894774,0.08353556992535295,2.9449289300800205
976,8.083247299999584,110.28181498714501,215.028859082363,25.44964961241808,49.62204440362223,-4.459998219645765,0.23076923076923078,-0.0008099037212616622,0.002700503945284538,-4.618135770877989,0.03820847921733888,-0.046931732734809134,0.06051838911928648,0.8074068879865085
977,8.08674209999981,110.28382883833899,215.03313563851066,25.450114347309,49.62303130119477,-4.702918833382278,0.23076923076923078,-0.00034516883034285684,0.0017136063727463124,-4.617766558472471,0.029013179623677963,-0.07727384399874904,0.08254096896825724,1.8606842211968226
978,8.097801399999753,110.2864780683494,215.03837042696165,25.450725708080633,49.624239329298845,-4.751502956129581,0.23076923076923078,0.0002661919412894065,0.0005055782686724797,-4.559302823413243,-0.002521543680862548,-0.033544425271331405,0.03363906433476465,-2.160678261319748
979,8.101734099999703,110.28462839770259,215.03640611382048,25.450298861008292,49.623786026266266,-4.469270317788417,0.23076923076923078,-0.0001606551310509019,0.0009588813012513242,-4.605999968979523,0.02404021165708736,-0.07889669829161393,0.0824780017812963,-2.456621548005496
980,8.11367429999973,110.28193438214049,215.032996792127,25.449677165109346,49.62299925972162,-4.412823790120184,0.23076923076923078,-0.0007823510299971304,0.0017456478459010327,-4.615339398092777,0.007537384188777417,-0.0407427144591751,0.04143405533991462,-4.361686266981321
981,8.118030299999646,110.283681303665,215.03647032840286,25.450080300845773,49.62380084501605,-4.693483947477162,0.23076923076923078,-0.000379215293570212,0.0009440625514685053,-4.617207283915429,0.02595711125495148,-0.07144908142616449,0.07601804299865009,-0.4142552744929465
982,8.129787399999714,110.28625235716625,215.04113815094837,25.45067362088452,49.62487803483424,-4.749615978948558,0.23076923076923078,0.0002141047451758027,-0.0001331272667215444,-4.617580861079959,0.042529336104192864,-0.08736940157329798,0.09717076083235948,-5.138487406079161
983,8.133696799999598,110.28874906341265,215.04558956093047,25.45124978386446,49.62590528329165,-4.760842385242837,0.23076923076923078,0.0007902677251152568,-0.0011603757241331891,-4.67604546909099,0.060396409338331854,-0.11411395574360934,0.12911127431954875,-4.1925192405237475
984,8.153080399999908,110.28659232566761,215.0425939844709,25.450752075154067,49.62521399641636,-4.471138203611067,0.23076923076923078,0.0002925590147242474,-0.00046908884884544477,-4.629348498115074,0.026376219938906466,-0.05455734772489486,0.060598755507358874,-3.809267193178296
985,8.161434199999803,110.28794141637783,215.04504943605912,25.4510634037795,49.62578063909057,-4.705146830175339,0.23076923076923078,0.0006038876401568416,-0.0010357315230535846,-4.620009103919892,0.027828559925191225,-0.056090942633787076,0.06261487517400918,1.262955264993901
986,8.168569299999945,110.28554355111595,215.0415319818175,25.450510050257527,49.62496891888097,-4.4599990925975685,0.23076923076923078,5.053411818423115e-05,-0.00022401131344906844,-4.618141225080855,0.011061862542125258,0.02765242813299141,0.02978290759061527,-3.118812794834204
987,8.173973099999785,110.28689530245184,215.04385696396025,25.450821992873504,49.6255054532216,-4.702919007972639,0.23076923076923078,0.00036247673416056614,-0.000760545654081568,-4.676157541891173,0.03257148414520308,0.0002785524945911125,0.03257267521886188,-4.218371850747451
988,8.179294000000027,110.2883604833278,215.04026111599006,25.451160111537188,49.62467564215156,-4.751502991047653,0.23076923076923078,0.0007005953978449497,6.926541595930757e-05,-4.687760805253236,0.03379381514417639,-0.002846870970594665,0.03391351672006282,-4.449224824617054
989,8.184681199999886,110.29027173093937,215.0426237201596,25.451601168678316,49.62522085849837,-4.761219787662656,0.23076923076923078,0.0011416525389726928,-0.00047595093085561757,-4.690081457925647,0.018926884000871048,0.01308738815549057,0.023011011857693338,5.770056893169532
990,8.194193799999994,110.292059891353,215.04606395005942,25.452013821081465,49.626014757706024,-4.763163146985656,0.23076923076923078,0.0015543049421218313,-0.0012698501385060013,-4.50057488533513,-0.04108131666984993,0.052340178086634166,0.06653697334166221,13.987694784020931
991,8.198478699999669,110.28923964324841,215.0424722558254,25.451362994595787,49.62518590519048,-4.471602355959631,0.23076923076923078,0.0009034784564434517,-0.00044099762295957134,-4.404283678238902,-0.06697283932914642,0.03483498930741587,0.07549064636003218,20.164728354839653
992,8.21003810000002,110.27710193351717,215.03761467650517,25.44856198465781,49.62406492534735,-3.7553861450200516,0.23076923076923078,-0.0018975314815321553,0.0006799822201699612,-4.195054733694657,-0.2301433722125948,0.17885471366366865,0.29147037649321733,15.650621926108705
993,8.225750699999935,110.27261410642618,215.03295561004427,25.447526332252195,49.62298975616407,-4.27004695556651,0.23076923076923078,-0.0029331838871478055,0.0017551514034508386,-4.094819052207683,-0.24806001911266098,0.21091637228761007,0.3256063408183868,10.072467015112919
994,8.229244599999674,110.26150145751475,215.02358542961068,25.4449618748111,49.620827406833236,-3.7150750649414275,0.23076923076923078,-0.00549764132824393,0.003917500734281987,-4.074771915910289,-0.21978687888012938,0.20401049612332484,0.29987756611049415,-0.9070440389629795
995,8.241777199999888,110.25899223144413,215.01941182981477,25.444382822640954,49.619864268418794,-4.261984739550786,0.23076923076923078,-0.006076693498389574,0.004880639148723276,-4.26073319177581,-0.15285502014162802,0.1651591349639386,0.2250382124096572,-6.484208207092937
996,8.245369899999787,110.25882841064424,215.0169379183912,25.44434501784098,49.61929336578259,-4.371366674472657,0.23076923076923078,-0.006114498298362747,0.005451541784928793,-4.297925446948914,-0.12210908432194606,0.15593078356475065,0.19805311847345713,-12.156976505132217
997,8.25769369999989,110.26375991333,215.02213303916812,25.44548305692231,49.62049223980803,-4.685192524347657,0.23076923076923078,-0.00497645921703338,0.004252667759487849,-4.436944708530408,0.026739887742026826,0.03745068258087856,0.04601711879539958,-9.774160636835301
998,8.261309399999845,110.2651358401489,215.0217838701436,25.445800578495902,49.620411662340835,-4.4560082314320315,0.23076923076923078,-0.004658937643441163,0.004333245226682436,-4.464748560846708,0.04164020766491972,0.0427287120227489,0.059662800181525553,-6.470275960899101
999,8.273932599999625,110.26569725959777,215.02033473096364,25.445930136830256,49.620077245607,-4.4101713728489065,0.23076923076923078,-0.004529379309087034,0.004667661960517933,-4.470309331309968,0.044711133955954975,0.013949773271393223,0.04683675558736564,3.0911839147499687
1000,8.277223699999922,110.26610082857133,215.01886236926435,25.446023268131846,49.61973746983024,-4.401004001132281,0.23076923076923078,-0.004436248007497312,0.005007437737276632,-4.413031592824493,0.02868263754481319,0.03921880093916149,0.04858814715167375,5.855104295311216
1001,8.296252699999968,110.26649926720143,215.01762452786295,25.446115215508023,49.61945181412222,-4.399170526788956,0.23076923076923078,-0.004344300631320408,0.005293093445295938,-4.401576045127396,0.014465433224845654,0.04066500269499809,0.04316122336735453,6.100774801456679
1002,8.30398009999999,110.26690786733747,215.0166513101884,25.446209507847108,49.61922722542809,-4.398803831920292,0.23076923076923078,-0.004250008292235208,0.005517682139426938,-4.3992849355879775,0.015997163849841782,0.03987715196880054,0.04296622511207492,0.3260642232073795
1003,8.309729699999934,110.26732472989589,215.0159159098225,25.446305706899054,49.61905751765135,-4.398730492946559,0.23076923076923078,-0.004153809240289519,0.005687389916168684,-4.398826713680094,0.012602694060414771,0.02119541323440784,0.02465914515464242,-3.4771306913114226
1004,8.31512389999989,110.26774365805991,215.01538873697712,25.446402382629213,49.61893586237934,-4.398715825151812,0.23076923076923078,-0.004057133510130484,0.005809045188179596,-4.457124961876641,0.06926482292260985,-0.06299643023782601,0.09362780525682411,-4.050115773175391
1005,8.32332069999984,110.26814593648763,215.01503950602162,25.44649521611253,49.61885527062038,-4.398712891592862,0.23076923076923078,-0.00396430002681214,0.005889636947138399,-4.468784611515951,0.07037912104166928,-0.07189870378790966,0.10061135266449563,-4.28114499624862
1006,8.327122400000007,110.27289280736409,215.0217271006265,25.447590647853254,49.62039856168304,-4.690661767771698,0.23076923076923078,-0.0028688682860895653,0.004346345884478353,-4.471116541443813,0.06581928491432446,-0.0692564794112762,0.09554390722111769,-0.692171639061392
1007,8.338592799999788,110.27377625665059,215.02249491602578,25.447794520765523,49.62057574985211,-4.45710208011684,0.23076923076923078,-0.002664995373820034,0.00416915771540971,-4.471582927429385,0.06114086607334838,-0.0708206746415013,0.09356160249202933,-0.22729371122400469
1008,8.341944499999954,110.2736881284937,215.02187433935802,25.44777418349855,49.620432539851855,-4.410390142585868,0.23076923076923078,-0.0026853326407945133,0.0043123677156629014,-4.4716762046264975,0.05357756504017864,-0.06090273565829081,0.08111534186760369,-0.023283034910744238
1009,8.355668499999865,110.27336282802186,215.02099821740785,25.44769911415889,49.620230357863356,-4.401047755079674,0.23076923076923078,-0.002760401980452798,0.004514549704161652,-4.471694860065922,0.01145118168961301,-0.0036183926230627765,0.012009260063099781,-0.010112320526351646
1010,8.358919099999639,110.27298967856308,215.0201612059633,25.447613002745328,49.62003720137615,-4.399179277578435,0.23076923076923078,-0.0028465133940152043,0.004707706191368288,-4.4716985911538085,0.01050275828604379,-0.0036683670016847366,0.011124965081927715,-0.0008566120973824713
1011,8.370822099999714,110.27698765401577,215.026326312233,25.44853561246518,49.62145991820762,-4.690755044968812,0.23076923076923078,-0.0019239036741645066,0.0032849893598978497,-4.471699337371385,0.009006550013142356,-0.007860388992736195,0.011954231813728679,-0.0004185281580136208
1012,8.37413289999995,110.27717461736137,215.0265515182438,25.448578757852626,49.621511888825495,-4.457120735556263,0.23076923076923078,-0.0018807582867168549,0.003233018742022864,-4.471699486614904,-0.0020159522206026556,0.007976127152686818,0.008226947654603176,-3.6734421019806506e-05
1013,8.386396499999591,110.27645460404737,215.02539474601602,25.44841260093401,49.62124494138831,-4.410393873673753,0.23076923076923078,-0.0020469152053337325,0.0034999661792056713,-4.471699516463609,0.0002059144295311682,0.0007256018879825228,0.0007542538379968298,5.707360719490795
1014,8.389806700000008,110.27555934498157,215.02400692014658,25.448206002688057,49.62092467387998,-4.401048501297251,0.23076923076923078,-0.0022535134512864374,0.003820233687534369,-4.413309629855222,-0.02470493446338451,0.03855878792456659,0.04579425633255579,6.003519311723809
1015,8.402951199999734,110.2746832169827,215.0226872158765,25.4480038193037,49.62062012674073,-4.39917942682195,0.23076923076923078,-0.00245569683564284,0.004124780826785468,-4.401631652533544,-0.03011431794640151,0.04573046740105845,0.05475534489067008,6.2012424903777665
1016,8.406888699999854,110.27388053630133,215.0214989829242,25.447818585300308,49.620345919136355,-4.398805611926891,0.23076923076923078,-0.0026409308390356045,0.00439898843116282,-4.3992960570692095,-0.035922464047296924,0.05334872067326859,0.06431570119888125,0.5070796410850628
1017,8.41867239999965,110.27316488200015,215.02046950281112,25.44765343430773,49.62010834680257,-4.398730848947879,0.23076923076923078,-0.002806081831614904,0.004636560764950559,-4.398828937976341,-0.025796438560458664,0.0372472936245607,0.04530802494876331,-5.472975313249745
1018,8.422091199999613,110.27253392679887,215.01958270773403,25.44750782926128,49.61990370178478,-4.398715896352076,0.23076923076923078,-0.002951686878063242,0.004841205782739166,-4.457125406735892,-0.011805198295206824,0.015072241823205178,0.01914510852323197,-5.97720340234133
1019,8.434770999999728,110.27198708887745,215.0188460248339,25.447381635894796,49.619733698038594,-4.398712905832916,0.23076923076923078,-0.0030778802445468045,0.005011209528923644,-4.468784700487803,-0.0006594441064419149,-0.0029071525892139646,0.0029810069953783123,-6.037444707902501
1020,8.451299299999846,110.27589586584729,215.0251277659741,25.448283661349375,49.62118333060941,-4.690661770619709,0.23076923076923078,-0.002175854789967957,0.003561576958105661,-4.471116559238187,-0.000612644863695935,-0.003015555271785616,0.003077158969927786,-0.391718883976658
1021,8.455370399999993,110.27604908548038,215.02548512752867,25.44831901972624,49.62126579866047,-4.457102080686442,0.23076923076923078,-0.0021404964131015447,0.003479108907050943,-4.471582930988264,-0.0018765277643466513,-0.0008571462992738137,0.0020630211411235308,-0.08780273529159631
1022,8.467376799999784,110.27533208033006,215.02446439101303,25.448153556999245,49.62103024407993,-4.4103901426997885,0.23076923076923078,-0.002305959140098679,0.0037146634875853124,-4.471676205338279,-0.0032400412724639597,0.001326806709978659,0.0035011831561508272,4.721580266151152
1023,8.471462399999837,110.27446618353466,215.02321357089778,25.447953734661844,49.62074159328411,-4.401047755102458,0.23076923076923078,-0.002505781477498914,0.004003314283409054,-4.41330496763016,-0.021762564542324777,0.0299361074717061,0.03701053560834252,5.103366572592295
1024,8.482787799999642,110.27364317247057,215.0220196708006,25.44776380903167,49.62046607787706,-4.399179277582991,0.23076923076923078,-0.0026957071076729733,0.004278829690456121,-4.401630720088535,-0.026098969114902233,0.03779417944428836,0.04592990516784995,5.281166224306565
1025,8.487229800000023,110.2729109914819,215.02095444162592,25.44759484418813,49.62022025575983,-4.398805582079099,0.23076923076923078,-0.0028646719512117613,0.004524651807685132,-4.399295870580208,-0.023839155781800344,-0.02205085088564796,0.032473764382498466,0.5326144510080798
1026,8.498506299999917,110.27227590460876,215.02002437700804,25.447448285678945,49.6200056254634,-4.3987308429783205,0.23076923076923078,-0.0030112304603981954,0.0047392821041185584,-4.398828900678543,-0.015711410079765446,-0.03671511390362186,0.03993554801990931,0.19570358226637716
1027,8.503159799999594,110.27222585176254,215.02566267994536,25.447436735022126,49.621306772295085,-4.398715895158165,0.23076923076923078,-0.0030227811172167662,0.003438135272432419,-4.398735506698208,-0.015974935436188276,-0.03188666235694136,0.03566451735907785,0.021057129763797786
1028,8.514206599999852,110.27182996147579,215.02579051739843,25.447345375725185,49.621336273245795,-4.398712905594133,0.23076923076923078,-0.0031141404141585838,0.003408634321722559,-4.39871682790214,-0.009936442167671629,-0.03722823051686613,0.038531468053636435,0.00748621383205169
1029,8.519557599999644,110.27141055433378,215.02466662349025,25.447248589461644,49.621076913113136,-4.398712307681327,0.23076923076923078,-0.0032109266776991774,0.0036679944543820397,-4.398713092142925,-0.01062828054630692,-0.027468190990408127,0.029452705540519437,0.0008197077168210429
1030,8.530215599999792,110.27104821048286,215.02334423765967,25.447164971649894,49.62077174715223,-4.398712188098766,0.23076923076923078,-0.003294544489449436,0.003973160415284838,-4.398712344991084,-0.011091685263585258,0.032874812142234124,0.034695514917257225,0.0002678311768400756
1031,8.534454899999673,110.27074590882188,215.02209811385828,25.44709520972813,49.620484180121146,-4.398712164182253,0.23076923076923078,-0.003364306411214102,0.004260727446371959,-4.398712195560717,-0.011206566732476131,0.04246281789089852,0.04391671710368447,3.597490299100692e-05
1032,8.546068199999809,110.27050439407559,215.02098549648215,25.447039475555908,49.62022742226512,-4.398712159398951,0.23076923076923078,-0.0034200405834354797,0.004517485302400814,-4.3987121656746435,-0.008178496846240658,0.036227980932457576,0.03713966091803314,1.3017390149304381e-05
1033,8.550928099999965,110.27031813037925,215.0200321407221,25.44699649162598,49.62000741708972,-4.39871215844229,0.23076923076923078,-0.003463024513362001,0.004737490477801032,-4.398712159697429,-0.007574126000607781,0.03756579595830874,0.038321748533363766,1.3046250990464965e-06
1034,8.561743099999603,110.27018001172078,215.01922159719226,25.446964618089414,49.61982036858283,-4.398712158250959,0.23076923076923078,-0.003494898049929418,0.004924538984688809,-4.398712158501988,-0.004523506218680279,0.026126613004478726,0.026515316622590726,4.649701454968729e-07
1035,8.56613249999964,110.27008826159718,215.0185497535461,25.446943444983965,49.61966532774141,-4.3987121582126925,0.23076923076923078,-0.0035160711553778867,0.005079579826109182,-4.398712158262897,-0.004002443536109341,0.027527862311979144,0.027817310397071554,5.632085492488547e-08
1036,8.57821709999962,110.27002526974499,215.01799269351346,25.446928908402693,49.619536775426184,-4.398712158205039,0.23076923076923078,-0.0035306077366499267,0.0052081321413339765,-4.398712158215079,-0.002264205560465968,0.01973469343074559,0.01986415746075222,2.039640630356501e-08
1037,8.581679299999905,110.26999235564426,215.0175558821186,25.446921312840985,49.6194359727966,-4.398712158203508,0.23076923076923078,-0.003538203298358411,0.005308934770916096,-4.398712158205516,-0.0015664245339406832,0.019100530415929764,0.019164653609976608,2.2911796991462e-09
1038,8.594056199999613,110.26998412711907,215.01721779743394,25.446919413950557,49.61935795325399,-4.398712158203201,0.23076923076923078,-0.0035401021887864204,0.005386954313529202,-4.398712158203604,-0.0005066742483009233,0.012697450251856092,0.012707555299594477,1.0039711213274932e-09
1039,8.598054799999773,110.26999351407957,215.0169730589776,25.446921580172212,49.61930147514868,-4.398712158203141,0.23076923076923078,-0.003537935967131034,0.00544343241883638,-4.398712158203223,0.0001660749326702769,0.01196312693911584,0.011964279629156974,8.536515872035046e-11
1040,8.610313099999985,110.2700187490033,215.01679743344556,25.446927403616147,49.61926094617975,-4.3987121582031286,0.23076923076923078,-0.0035321125231959627,0.005483961387767522,-4.398712158203145,0.0007466343135909617,0.006377320010317432,0.006420877923790997,3.529371024066978e-11
1041,8.61404229999971,110.27005366796371,215.0166848625118,25.44693546183778,49.619234968271954,-4.398712158203126,0.23076923076923078,-0.003524054301564661,0.005509939295563981,-4.398712158203129,0.0013537602243912624,0.005322771204587014,0.005492227238700577,3.652003578878744e-12
1042,8.62619689999974,110.2700910079333,215.01662238750293,25.44694407875384,49.61922055096222,-4.398712158203125,0.23076923076923078,-0.003515437385502196,0.005524356605299374,-4.398712158203125,0.0014161732510911203,0.0024262368885077943,0.0028093010013635024,-5.566827081338056
1043,8.62969320000002,110.27013467520109,215.01660676875073,25.44695415581564,49.619216946634786,-4.398712158203125,0.23076923076923078,-0.0035053603237038544,0.005527960932731446,-4.4571020507812475,0.06011537398934352,-0.09045248164409829,0.1086071343211604,-5.885114857730816
1044,8.641923199999837,110.27017992429344,215.01662575224628,25.446964597913873,49.61922132744145,-4.398712158203125,0.23076923076923078,-0.0034949182254706557,0.005523580126066463,-4.468780029296871,0.06179793379746368,-0.09512700898567507,0.1134377911464976,
1045,8.64539079999986,110.27459721190831,215.02355417365726,25.447983971978843,49.620820193920906,-4.69066162109375,0.23076923076923078,-0.0024755441605002204,0.003924713646611622,-4.339534814453122,0.03509603836592467,-0.07855416014966335,0.08603771257885355,
1046,8.658003300000018,110.27517510558938,215.02445086030883,25.44811733205909,49.621027121609735,-4.45710205078125,0.23076923076923078,-0.0023421840802519966,0.0037177859577823824,-4.313685771484375,0.011809313925825654,-0.057761140850895065,0.058955994502642724,
1047,8.674009500000011,110.2659640339657,215.0186211074112,25.44599170014593,49.61968179401797,-3.752486083984375,0.23076923076923078,-0.004467815993411506,0.005063113549546472,-4.308515962890627,0.01251206353617881,-0.05613697196073562,0.05751444474959132,0.893574943014481
1048,8.67736369999966,110.2643135792922,215.01709500463602,25.44561082599051,49.61932961645447,-4.269466943359375,0.23076923076923078,-0.004848690148833157,0.005415291113045839,-4.307482001171879,0.016875593030972837,-0.0487162449258027,0.05155635906285291,0.21599127098128887
1049,8.689726399999927,110.26454755681036,215.01667914666683,25.445664820802392,49.61923364923081,-4.3728631152343755,0.23076923076923078,-0.004794695336951094,0.005511258336710512,-4.307275208828127,0.019604834237671294,-0.04852016917437726,0.05233121766399821,
1050,8.693419599999743,110.26960139725924,215.02346452543622,25.44683109167521,49.620799505869904,-4.6854918125000005,0.23076923076923078,-0.0036284244641322516,0.003945401697613704,-4.497204553484377,0.11013156263337455,-0.1508146717758725,0.18674588699870487,
1051,8.705785099999957,110.27089918964684,215.02429111915202,25.447130582226194,49.620990258265856,-4.456068089062501,0.23076923076923078,-0.003328933913149257,0.0037546493016620275,-4.535190422415625,0.1350027112265852,-0.17158312304945048,0.21832659057918624,
1052,8.709177599999748,110.27560100285605,215.03057458032512,25.448215616043704,49.62244028776734,-4.702132807265626,0.23076923076923078,-0.0022439000956389066,0.0023046198001779317,-4.6011774887799985,0.17588511759118583,-0.15328667296964704,0.23330747673439184,-6.360218465331615
1053,8.722306799999842,110.2762156956603,215.03050894049144,25.4483574682293,49.622425140113414,-4.4593962880156255,0.23076923076923078,-0.00210204791004287,0.0023197674541037827,-4.555985009474747,0.11203165553107493,-0.06167586583795797,0.12788668526431993,-9.738295258892688
1054,8.726043799999843,110.27959660274809,215.02890180177326,25.449137677557253,49.622054261947675,-4.70279844705625,0.23076923076923078,-0.001321838582089896,0.002690645619843224,-4.605336406191823,0.15335487646705462,-0.1299803085781469,0.20102885055209332,-1.935025374049382
1055,8.738299499999812,110.27941186125831,215.0270923938027,25.449095044905764,49.62163670626216,-4.45952941597375,0.23076923076923078,-0.0013644712335789677,0.0031082013053591595,-4.556816792957114,0.08711632928865777,-0.04187103680854781,0.09665629080485458,-7.940846566385421
1056,8.74163980000003,110.28275312705775,215.03225909088232,25.449866106244098,49.622829020972844,-4.702825072647876,0.23076923076923078,-0.000593409895245145,0.001915886594673566,-4.605502762888296,0.1203709971503836,-0.10286113755259639,0.15833379479312626,-3.790304898126629
1057,8.754544799999621,110.2821178777117,215.03152516090418,25.449719510241163,49.622659652516354,-4.459534741092075,0.23076923076923078,-0.0007400058981801294,0.002085255051163415,-4.615239956874534,0.09127094926231308,-0.14433946924763116,0.17077549168991313,-5.286082859890289
1058,8.758230399999775,110.28494597333417,215.03637707880026,25.4503721476925,49.62377932587699,-4.702826137671541,0.23076923076923078,-8.736844684165135e-05,0.0009655816905294046,-4.617187395671781,0.07157692794934951,-0.12510653424186252,0.1441350114464792,1.2047717130306503
1059,8.770073899999716,110.2881935856187,215.0419273690653,25.45112159668124,49.62506016209199,-4.7514844169874335,0.23076923076923078,0.00066208054189687,-0.00031525452447311864,-4.559186990853104,0.0168088361706975,-0.04164444204662022,0.0449087577960876,2.649889474593379
1060,8.773313400000006,110.28676244669765,215.04009915183664,25.450791333853306,49.62463826580846,-4.469266609959987,0.23076923076923078,0.0003318177139632894,0.0001066417590607216,-4.54758690988937,-0.012540343216301125,0.0005235499434166554,0.012551267367317183,2.8853463922371634
1061,8.786348699999962,110.28433328135215,215.0366895218459,25.45023075723511,49.623851428118286,-4.412823048554498,0.23076923076923078,-0.00022875890423179612,0.0008934794492319043,-4.545266893696624,-0.04037335669257439,0.04793106237191876,0.0626689290695685,1.2955922169497927
1062,8.789974499999971,110.28184915896108,215.03317064095953,25.44965749822179,49.62303937868297,-4.4015343362734,0.23076923076923078,-0.0008020179175538544,0.0017055288845497785,-4.544802890458076,-0.020959129525584305,0.015155767365802403,0.02586469398459106,-1.4372740566310047
1063,8.802598999999645,110.28392321198149,215.03682278108948,25.450136125841883,49.62388218025142,-4.691226056707805,0.23076923076923078,-0.00032339029745998005,0.000862727316096823,-4.603099982388492,0.010272777009327343,-0.029237211547768403,0.030989425399195875,-7.171872248381237
1064,8.806713299999956,110.28678204200904,215.04167258370012,25.45079585584824,49.62500136546926,-4.749164400794687,0.23076923076923078,0.0003363397088982367,-0.00025645790174166905,-4.673149293352702,0.049194138465758507,-0.09277803157677564,0.10501345819774435,-7.619086000950534
1065,8.818256699999893,110.28949374353448,215.04626104143284,25.451421633123342,49.62606024033066,-4.760752069612063,0.23076923076923078,0.0009621169839988397,-0.0013153327631414413,-4.687159155545542,0.07218618487441822,-0.1247885589254801,0.14416320517185274,-6.340428008706864
1066,8.821840699999939,110.29184822836409,215.05025773472346,25.45196497577633,49.62698255416696,-4.763069603375538,0.23076923076923078,0.0015054596369878936,-0.002237646599439813,-4.68996112798411,0.0786233331362322,-0.13635155627333395,0.15739560162727262,4.268560143234479
1067,8.834637699999803,110.2894556636584,215.04671360360274,25.451412845459632,49.62616467775448,-4.471583647237608,0.23076923076923078,0.0009533293202892423,-0.001419770186963376,-4.500550819346821,0.0045280873245965025,-0.06669373197234318,0.0668472696466948,13.76034844424001
1068,8.83816909999996,110.29052835988432,215.048619929221,25.451660390742536,49.626604599051,-4.705235918900647,0.23076923076923078,0.0012008746031924034,-0.0018596914834816403,-4.404278865041239,-0.06272442290555222,0.01751803338589173,0.06512476274462566,14.542523026300218
1069,8.850474399999712,110.27932383191444,215.0445532061822,25.449074730441794,49.62566612450359,-3.802112857608255,0.23076923076923078,-0.0013847856975495176,-0.0009212169360708344,-4.385024474180122,-0.08557355122425085,0.061362582421396555,0.1053005184723806,1.3943187002893822
1070,8.854025599999659,110.27498346957529,215.0394853169264,25.44807310836353,49.6244966115984,-4.279392298084151,0.23076923076923078,-0.002386407775812671,0.00024829596911501994,-4.472538342101648,-0.006450366127149762,-0.039846992633608636,0.04036570382288834,-6.6017784209341235
1071,8.866516299999603,110.27700544991336,215.04154857532535,25.44853971921078,49.624972748152004,-4.666797649069956,0.23076923076923078,-0.0019197969285649208,-0.00022784058448621636,-4.431651223107829,-0.023304519149200887,-0.0033689385039178486,0.023546769617479403,
1072,8.870327599999655,110.28282672563752,215.04885073636063,25.44988309053174,49.626657862237074,-4.909152986845241,0.23076923076923078,-0.0005764256076048468,-0.0019129546695566546,-4.682369062980941,0.1021091498727689,-0.1281326181173204,0.1638421383934507,
1073,8.882408699999814,110.28208477894356,215.0458239816976,25.449711872063897,49.625959380391755,-4.500800323931548,0.23076923076923078,-0.000747644075445919,-0.001214472824237589,-4.7909025235336875,0.17119711497636647,-0.20786929127384696,0.26929183877518953,
1074,8.886565699999665,110.28959544400347,215.05568741021932,25.45144510246234,49.62823555620446,-5.055702056973811,0.23076923076923078,0.0009855863229972783,-0.0034906486369408185,-4.754219323066112,0.16406569718578154,-0.2784231401162273,0.32316713623949594,6.276638253117431
1075,8.898692699999629,110.29292650992664,215.05933200880483,25.452213809983075,49.6290766174165,-4.822059600847887,0.23076923076923078,0.0017542938437316025,-0.004331709848983678,-4.523937126331972,-0.022255901941907047,-0.3298413440615495,0.3305913450524337,10.233391402086717
1076,8.914648399999805,110.29304402067014,215.08635857593168,25.452240927846955,49.6353135175227,-4.483381646732077,0.23076923076923078,0.001781411707611369,-0.010568609955178943,-4.4778806869851415,-0.026298179918289692,-0.47486790907972265,0.4755955480665925,
1077,8.91891409999971,110.28233884025055,215.0992835831919,25.44977050159628,49.638296211505825,-3.757742003174541,0.23076923076923078,-0.0006890145430631378,-0.013551303938307058,-4.341354945990775,-0.10314143930856699,-0.709167642339981,0.7166288449711538,
1078,8.929656299999806,110.28073828977455,215.13034686625696,25.449401143794127,49.64546466144392,-4.270518127197408,0.23076923076923078,-0.0010583723452164406,-0.02071975387639924,-4.124079094666903,-0.15218513150343935,-0.7147229098108853,0.7307456137803756,
1079,8.933895799999846,110.28133951018778,215.16192784205253,25.449539886966413,49.6527525789352,-4.373073352001982,0.23076923076923078,-0.0009196291729303141,-0.028007671367682008,-4.05465224471463,-0.1725420543437221,-0.877502310031254,0.8943047940312849,12.586954322577311
1080,8.945883599999888,110.2718939443194,215.166973507144,25.447360140996786,49.65391696318708,-3.7356803442285216,0.23076923076923078,-0.0030993751425576477,-0.029172055619561377,-4.0407668747241745,-0.08925809134166654,-0.7328014244232653,0.738217403280852,9.94641065808888
1081,8.950180499999988,110.27003037084548,215.18940649324108,25.446930085579726,49.65909380613256,-4.136247396970704,0.23076923076923078,-0.003529430559616742,-0.03434889856504242,-3.9878945858823336,-0.1064790583777976,-0.7277339462087558,0.7354824854050508,8.310539248524416
1082,8.962575699999888,110.26129039910785,215.18810250832004,25.44491316902489,49.658792886535394,-3.688315153222266,0.23076923076923078,-0.005546347114453454,-0.0340479789678767,-3.84573931756709,-0.14381088336634051,-0.35855532593180084,0.386320452382044,2.373100720396307
1083,8.967209899999943,110.25887080229161,215.20099443811517,25.444354800528835,49.66176794725735,-4.006156682988204,0.23076923076923078,-0.006104715610508293,-0.037023039689835,-3.9229173947634175,-0.09366017887211371,-0.5065175805207169,0.5151041530437483,-1.4701287647316434
1084,8.978419199999735,110.25139372596352,215.19483326529053,25.4426293213762,49.66034613814397,-3.662297010425766,0.23076923076923078,-0.007830194763144505,-0.0356012305764537,-3.9142294750464326,-0.06558169833938157,-0.36065317715797435,0.3665674199260197,-12.150907040703482
1085,8.982295399999657,110.25255141916178,215.2088912692035,25.442896481345027,49.66359029289312,-4.121570730210154,0.23076923076923078,-0.007563034794316081,-0.038845385325601,-3.993977486806161,0.000843868580543923,-0.7547332639422932,0.7547337357076126,-7.054686137007839
1086,8.993976999999632,110.25459178850626,215.23295935904892,25.44336733580914,49.66914446747283,-4.092807798385781,0.23076923076923078,-0.007092180330204201,-0.0443995599053153,-4.009927089158106,0.03721805563517312,-0.7575374626164519,0.7584511790040511,-10.607813636656395
1087,8.998148199999832,110.25765391331309,215.2681359274087,25.44407397999533,49.67726213709432,-4.087055212020906,0.23076923076923078,-0.006385536144012605,-0.05251722952679927,-4.051156560409748,0.0671162540011517,-1.1577022478832948,1.1596461039063515,
1088,9.00988929999994,110.26077692742496,215.30151197867835,25.444794675559606,49.68496430277193,-4.085904694747931,0.23076923076923078,-0.005664840579736818,-0.06021939520441322,-3.3815801890350734,-0.11049860266029188,-0.8463012682035392,0.8534844918056776,
1089,9.013621199999761,110.26070509611405,215.33181720365397,25.444778099103242,49.69195781622784,-3.8684443666839616,0.23076923076923078,-0.005681417036100811,-0.06721290866032348,-2.5939661842913897,-0.7339318042851815,-0.11053945493176565,0.7422094478231288,
1090,9.026083799999924,110.2164671675832,215.29293049720255,25.434569346365357,49.6829839608929,-0.7736888733367924,0.23076923076923078,-0.01589016977398572,-0.05823905332538004,-1.7827446528739033,-0.9402888393854609,0.46886897180459586,1.050705103344395,
1091,9.02980239999988,110.16688687246221,215.24131200052133,25.423127739798975,49.67107200012031,-0.1547377746673585,0.23076923076923078,-0.027331776340368208,-0.04632709255279366,-0.9668016161216573,-1.4787378816718166,1.2044132842069253,1.9071646708832888,
1092,9.041957399999774,110.12146414975618,215.191225522103,25.412645573020658,49.65951358202377,-0.0309475549334717,0.23076923076923078,-0.037813943118685245,-0.03476867445625231,-0.19336032322433122,-1.5990786812303797,1.7238636263770095,2.3513312040440377,
1093,9.045395799999824,110.08226499373788,215.14620268179527,25.403599613939512,49.64912369579891,-0.0061895109866943404,0.23076923076923078,-0.04685990219983083,-0.024378788231395276,-0.3342897404261189,-1.4854162685335242,0.5919246863948968,1.5990110459867861,
1094,9.057903799999622,110.0494110818085,215.1070004995504,25.396017941955808,49.64007703835779,-0.0012379021973388683,0.23076923076923078,-0.054441574183535124,-0.015332130790270071,-0.36247562386647414,-0.9402449091816489,-0.6269918011509467,1.1301235365890383,
1095,9.061754099999689,110.04522592413865,215.18941644568838,25.39505213633969,49.659096102851166,-1.4783359593457177,0.23076923076923078,-0.05540737979965371,-0.03435119528364794,-0.36811280055454576,-1.016791758911585,-2.8665857018050778,3.0415750963577777,-1.2696948285713956
1096,9.074066599999696,110.02649851289502,215.34367598031858,25.3907304260527,49.6946944569966,-0.29566719186914353,0.23076923076923078,-0.05972909008664473,-0.06994954942908294,-0.36924023589216004,-0.5491333010170344,-3.9863819339537536,4.024026379838822,-0.5400989888694199
1097,9.077554899999996,110.00767748466907,215.49857005709137,25.386387111846712,49.73043924394417,-0.05913343837382871,0.23076923076923078,-0.06407240429263084,-0.10569433637665071,-0.3694657229596835,-0.5972998884817398,-5.779058948329207,5.809844187673554,7.899521592343471
1098,9.089945399999579,109.99196873334989,215.63694872765174,25.382762015388437,49.76237278330425,-0.011826687674765742,0.23076923076923078,-0.06769750075090641,-0.13762787573673307,-0.073893144591937,-0.5799939829319053,-5.154974515847191,5.187499906435777,13.865773073727421
1099,9.093265099999826,109.97978463328865,215.75548580862193,25.379950299989687,49.789727494297374,-0.0023653375349531485,0.23076923076923078,-0.07050921614965588,-0.164982586729856,-0.014778628918389412,-0.593915965014423,-5.685156092218178,5.716094467937394,14.200998970239544
1100,9.105828799999927,109.97083917895205,215.8545284956125,25.37788596437355,49.8125834989875,-0.00047306750699062974,0.23076923076923078,-0.07257355176579239,-0.1878385914199825,-0.002955725783679896,-0.052466008712124534,-3.871157561349074,3.871513082356857,
1101,9.109199999999873,109.96469465801925,215.9354911021746,25.376467998004443,49.83126717742491,-9.461350139812595e-05,0.23076923076923078,-0.07399151813489979,-0.20652226985739475,0.2771216005097671,0.26526928601526434,-3.8040219111337246,3.813259825200549,
1102,9.121869299999616,110.04496661799602,216.00011194180342,25.39499229646062,49.84617967887772,-1.892270027962519e-05,0.23076923076923078,-0.05546721967872159,-0.22143477131020006,0.6386014288666022,1.2555120009283862,-4.705705719232822,4.870315872763869,
1103,9.137772899999618,110.134288529499,216.15459188925945,25.415605045269,49.881828897521416,1.3885599437924636,0.23076923076923078,-0.03485447087034288,-0.25708398995389814,1.0773950065374809,1.4126453137540176,-5.053123028927075,5.246867553878631,
1104,9.14094729999988,110.19074528911304,216.32995732900432,25.428633528256857,49.922297845154844,1.8050338042492153,0.23076923076923078,-0.021825987882486686,-0.2975529375873265,1.703787373805055,1.5985363060058768,-7.017976090434302,7.19772927578736,
1105,9.154071399999793,110.22608254725384,216.53220780759287,25.436788280135502,49.96897103252143,2.193494820847402,0.23076923076923078,-0.013671236003840903,-0.3442261249539129,2.5912485407400165,1.2315606676433393,-7.584726600909409,7.684062681201196,
1106,9.157247499999812,110.23308580710155,216.74369724608766,25.438404417023435,50.017776287558696,3.1318672228364726,0.23076923076923078,-0.012055099115908519,-0.39303137999117865,3.40472294423199,0.7128487306595709,-10.264694284657887,10.289416993702377,
1107,9.169788499999868,110.21282963353808,216.9616620739731,25.433729915431865,50.068075863224564,4.437286911974521,0.23076923076923078,-0.0167296007074782,-0.4433309556570464,4.276384080118371,-0.2593227497659718,-8.666583585253978,8.670462463371829,
1108,9.173035099999652,110.19457627435132,217.18171495696984,25.429517601773384,50.118857297762275,5.455931961252326,0.23076923076923078,-0.02094191436595949,-0.4941123901947577,5.098649389876215,-0.5354591425456146,-11.706800537727204,11.719039863549643,
1109,9.185784799999965,110.1527738598476,217.44458721702566,25.419870890734064,50.17952012700592,6.1633394836811295,0.23076923076923078,-0.0305886254052794,-0.5547752194384046,6.0252852978971205,-0.6963181876921819,-9.723614816296733,9.748514969687244,
1110,9.189313899999888,110.14116168090428,217.73143946783063,25.417191157131757,50.24571680026861,6.304821369636617,0.23076923076923078,-0.03326835900758596,-0.6209718927010925,6.749246283822589,-0.9781909852938172,-13.668125571844765,13.703084114586282,
1111,9.202070899999853,110.12482899444481,218.03274390016077,25.41342207564111,50.315248592344794,7.765046762940996,0.23076923076923078,-0.03703744049823143,-0.6905036847772763,7.705831236134636,-0.9165401555211731,-11.55624514365654,11.592534135251366,
1112,9.205198199999813,110.10067860786413,218.35436975189566,25.407848909507106,50.38946994274516,8.057091841601872,0.23076923076923078,-0.04261060663223759,-0.7647250351776407,8.692306841709351,-1.7842773862584234,-14.863423461452381,14.970137032958858,
1113,9.21841379999978,110.04402951524727,218.64540472435087,25.39477604198014,50.45663185946559,10.238856722812564,0.23076923076923078,-0.05568347415920272,-0.8318869518980705,9.684760501642653,-1.882882324225267,-12.105155642522545,12.250715855678612,
1114,9.221506299999874,109.97574813198565,218.93076036077522,25.379018799689,50.5224831601789,11.095717511554701,0.23076923076923078,-0.07144071645034344,-0.8977382526113828,10.392023969225015,-2.5277206744827154,-14.569873130124714,14.787514153370656,
1115,9.234957499999837,109.90275050955891,219.22022365952975,25.3621731945136,50.589282382968406,11.267089669303129,0.23076923076923078,-0.08828632162574479,-0.9645374754008884,11.237269387350866,-2.326644344113188,-10.723559993083692,10.973058499309069,
1116,9.238406199999645,109.85015166242391,219.4858458623922,25.350034999020902,50.650579814398206,11.301364100852815,0.23076923076923078,-0.1004245171184408,-1.0258349068306885,11.685440022489706,-2.2164070492573034,-12.065929477662817,12.267808050663735,
1117,9.251144899999872,109.80727592219777,219.7343498017797,25.340140597430256,50.70792687733378,12.283318932231111,0.23076923076923078,-0.11031891870908694,-1.0831819697662652,12.108284751324115,-1.2887052508697974,-8.526236068564199,8.623077334716678,
1118,9.255248699999811,109.79948667464124,219.94408168262265,25.338343078763366,50.75632654214369,12.479709898506771,0.23076923076923078,-0.11211643737597754,-1.1315816345761718,12.629063566475763,-1.1948525412340938,-9.839305188355867,9.911589135194228,
1119,9.267318299999715,109.7755953167316,220.13212714062638,25.332829688476522,50.79972164783686,13.209941155726746,0.23076923076923078,-0.11762982766282093,-1.1749767402693436,13.169429198890857,-0.6114454474004019,-6.900897143727061,6.927932370011055,
1120,9.270935000000009,109.76332250472001,220.31285127368199,25.329997501089235,50.841427217003535,13.870983745061366,0.23076923076923078,-0.12046201505010856,-1.2166823094360169,13.518692205744971,-0.6393395251323817,-7.723721948872967,7.750137790510471,
1121,9.282934800000021,109.73198739497883,220.47311409405526,25.32276632191819,50.87841094478198,14.003192262928291,0.23076923076923078,-0.12769319422115188,-1.2536660372144652,13.97296253172517,-0.7532672706398281,-5.835426946095023,5.88384391569228,
1122,9.28693149999981,109.71611986510213,220.62233354670718,25.31910458425434,50.912846203086275,14.029633966501676,0.23076923076923078,-0.1313549318850029,-1.2881012955187572,14.361836006100898,-1.2999214731732325,-6.219682194730818,6.3540729016803414,
1123,9.298883099999784,109.66393330184682,220.74416447188187,25.307061531195423,50.94096103197274,14.751061528407758,0.23076923076923078,-0.14339798494392042,-1.3162161244052228,14.816138258349092,-1.2757776225148107,-4.3090924745743004,4.493983366295698,
1124,9.30284279999978,109.60919583461698,220.838823558156,25.294429807988536,50.96280543649754,15.15430852760538,0.23076923076923078,-0.15602970815080752,-1.338060528930022,15.283526266171776,-1.4355713490061723,-4.648377758438372,4.865005743391465,
1125,9.31394599999976,109.57732680594428,220.93401390345502,25.287075416756373,50.984772439258855,16.142495006302326,0.23076923076923078,-0.16338409938297005,-1.3600275316913368,15.839607169738263,-1.4460805375077557,-3.2474108032169955,3.554831338588256,
1126,9.317701699999816,109.55451656171556,221.01178182669383,25.281811514242055,51.0027188830832,16.340132302041717,0.23076923076923078,-0.16864800189728868,-1.3779739755156797,16.511388078234763,-1.8912035529007367,-3.687549107130934,4.144233257914728,
1127,9.329715399999714,109.5040847678703,221.09565404431993,25.27017340797007,51.022074010227676,16.810038484334125,0.23076923076923078,-0.18028610816927326,-1.3973291026601586,16.981568997482896,-1.4576564594244599,-2.9480072233862327,3.2886941090407387,
1128,9.333664399999634,109.44875602473124,221.1735678995077,25.25740523647644,51.040054130655626,18.109966070890263,0.23076923076923078,-0.19305427966290267,-1.4153092230881086,17.402870195980956,-1.4162574555905252,-2.8418636259124277,3.175212441522595,
1129,9.34563819999994,109.39571065840448,221.2679479441152,25.245163998093343,51.061834140949664,17.505213123846023,0.23076923076923078,-0.20529551804600032,-1.437089233382146,17.814395145153224,-1.6850603143503422,-2.7726009551588935,3.2444944628626633,
1130,9.36186409999982,109.36369245036772,221.36974043451514,25.23777518085409,51.08532471565734,18.249000998792642,0.23076923076923078,-0.2126843352852532,-1.4605798080898253,18.13788971018299,-1.689312610633546,-2.7529872284002295,3.22997148225496,
1131,9.365797199999633,109.31689814921302,221.44527934691004,25.226976495972234,51.10275677236386,18.397757047903063,0.23076923076923078,-0.22348302016710875,-1.4780118647963434,18.202588928364722,-1.5822271054940584,-2.6009983015567384,3.0444432624145166,
1132,9.377748799999608,109.26562590449075,221.52363902007713,25.215144439497866,51.120839773863956,18.42751130948296,0.23076923076923078,-0.2353150766414771,-1.4960948662964384,18.636181542997164,-1.4695726829349787,-2.476322805700185,2.8795517895081426,
1133,9.381557799999882,109.22109626494105,221.58624727943334,25.204868368832553,51.13528783371539,18.433462161798936,0.23076923076923078,-0.24559114730679,-1.5105429261478704,18.970605144048655,-1.7104824282330855,-3.1970361931009768,3.6258503219647302,
1134,9.39366629999995,109.19700914313955,221.64898033792474,25.199309802262974,51.14976469336725,19.673176197008225,0.23076923076923078,-0.2511497138763694,-1.525019785799735,19.28519524755973,-1.2768146317659677,-2.6712255737409314,2.960692768542395,
1135,9.398054599999796,109.16544414979856,221.74503545923704,25.19202557303044,51.171931259823936,19.921119004050084,0.23076923076923078,-0.2584339431089049,-1.5471863522564178,19.76452318037132,-1.651401506438889,-3.5524152943379095,3.9174968230892704,
1136,9.410002499999791,109.13555735702971,221.83838899176237,25.18512862085301,51.1934743827144,19.970707565458454,0.23076923076923078,-0.2653308952863327,-1.5687294751468812,20.27679867904301,-1.3367455336088554,-3.134018690313397,3.4071926527358154,
1137,9.413661799999772,109.09015993862266,221.93224586854606,25.174652293528307,51.21513366197217,20.82415097354091,0.23076923076923078,-0.27580722261103574,-1.5903887544046498,20.670182733855476,-1.6018915394535744,-3.951826892830718,4.264152001872474,
1138,9.425884699999642,109.03059662528067,222.02234903427518,25.160906913526308,51.235926700217355,20.9948396551574,0.23076923076923078,-0.2895526026130355,-1.6111817926498375,21.039788499896094,-1.3416736815274821,-3.220065912118061,3.4883968733629245,
1139,9.42928159999974,109.00432464765318,222.10013834499458,25.154844149458427,51.25387807961413,21.640096471070542,0.23076923076923078,-0.2956153666809165,-1.6291331720466147,21.404638608182342,-1.5448540363068988,-4.0055333837065055,4.293119108699525,
1140,9.441693399999622,108.98502510112228,222.17503229743028,25.150390407951296,51.27116129940699,21.76914783425317,0.23076923076923078,-0.30006910818804755,-1.6464163918394732,21.73078459419506,-1.0981769649630355,-3.127124492409356,3.314347633758701,
1141,9.445280799999637,108.9602588845335,222.2641140619064,25.144675127200042,51.29171862967071,21.7949581068897,0.23076923076923078,-0.30578438893930127,-1.6669737221031937,22.14178619129995,-1.4197907277501596,-3.7925835548680906,4.049629085639969,
1142,9.457941399999982,108.92572031500545,222.34788505234184,25.136704688078183,51.31105039669427,22.4548809036045,0.23076923076923078,-0.3137548280611604,-1.6863054891267524,22.69978362986155,-1.2527354321619169,-3.051814493176974,3.298926759380835,
1143,9.461732299999767,108.88083078981093,222.43048856655224,25.126345566879447,51.33011274612744,23.049847640681836,0.23076923076923078,-0.3241139492598961,-1.7053678385599227,23.034931701558246,-1.4485613137222355,-4.141311098636469,4.387344013785822,
1144,9.473704999999882,108.8315682473795,222.5125026653197,25.114977287856806,51.349039076612236,24.430083663878555,0.23076923076923078,-0.3354822282825367,-1.7242941690447182,23.52476832273352,-1.2636591047133698,-3.4259102150647935,3.651533258045214,
1145,9.477307599999676,108.81068098701577,222.61928319806822,25.110157150849794,51.37368073801574,23.44488819273665,0.23076923076923078,-0.34030236528954916,-1.7489358304482252,24.253965810542798,-1.3922227418477393,-4.270665280212771,4.491866660814061,
1146,9.490034699999796,108.77380481401468,222.73804604976118,25.10164726477262,51.40108754994489,24.24414121276608,0.23076923076923078,-0.34881225136672356,-1.7763426423773723,24.720210581542158,-1.0244821590869764,-3.6640140998640813,3.8045450474781224,
1147,9.494312699999682,108.75021771351344,222.84465250365122,25.09620408773387,51.42568903930413,26.100868342650877,0.23076923076923078,-0.3542554284054731,-1.800944131736614,25.099844728613125,-1.7201861527339464,-4.526933506834315,4.842743785846702,
1148,9.505767399999968,108.70584590176703,222.94368799773898,25.08596443886932,51.44854338409361,25.381071495678615,0.23076923076923078,-0.36449507727002484,-1.8237984765260933,25.71440528605466,-1.6704981132871488,-3.4041559941030943,3.791944353321123,
1149,9.509108999999626,108.6417267494896,223.02905478141716,25.07116771142068,51.46824341109627,26.328254399233384,0.23076923076923078,-0.37929180471866175,-1.8434985035287497,26.17669270271875,-2.235571744972034,-3.6691470163924476,4.296559187864041,
1150,9.521750399999746,108.58204347326108,223.0962186208914,25.057394647675636,51.48374275866725,26.517690979944337,0.23076923076923078,-0.39306486846370703,-1.8589978510997298,26.26915018605157,-2.1269078599224285,-2.6451504630576155,3.3941947523401956,
1151,9.525058599999738,108.53195496011215,223.14608300605292,25.04583576002588,51.495249924473754,26.555578296086527,0.23076923076923078,-0.40462375611346246,-1.870505016906236,26.505870137307973,-1.9099084314416603,-2.8099294364385727,3.3975658425196027,
1152,9.537759699999697,108.49182968241085,223.18079641679643,25.03657608055635,51.50326071156841,26.563155759314967,0.23076923076923078,-0.4138834355829921,-1.878515804000891,26.553214127559254,-1.0315360254817763,-1.8550171692200352,2.122535104531337,
1153,9.540931099999852,108.49445552851287,223.2195383986327,25.037182045041433,51.51220116891524,26.564671251960654,0.23076923076923078,-0.4132774710979099,-1.8874562613477224,26.56268292560951,-0.8183399853004807,-2.3774757314080386,2.51437292082455,2.2857451724050044
1154,9.55408209999996,108.49239401823661,223.28341166874998,25.03670631190076,51.52694115432692,26.56497435048979,0.23076923076923078,-0.41375320423858497,-1.9021962467594022,26.564576685219564,-0.1110601225766542,-1.8510675310482763,1.8543962239305556,1.0794895818461296
1155,9.557563800000025,108.4920388579527,223.34132258271484,25.03662435183524,51.54030521139573,26.56503497019562,0.23076923076923078,-0.4138351643041034,-1.9155603038282152,26.56495543714157,-0.0003195082055985829,-1.9180922189878034,1.918092245599009,0.08628553016241985
1156,9.570039599999745,108.49433043897548,223.3870770140869,25.03715317822511,51.55086392632775,26.565047094136784,0.23076923076923078,-0.4133063379142321,-1.9261190187602324,26.565031187525975,-0.23063823125672744,-2.284881945265557,2.296492869032636,0.03859968377125089
1157,9.586094399999638,108.48213172778586,223.4542712371643,25.034338091027507,51.56637028549946,26.565049518925015,0.23076923076923078,-0.4161214251118359,-1.941625377931942,26.565046337602855,-0.25815832344970063,-2.233347182930463,2.24821826330759,0.002674877102493662
1158,9.58909679999988,108.46963495221013,223.51480911178132,25.0314542197408,51.58034056425723,26.56505000388266,0.23076923076923078,-0.41900529639854156,-1.9555956566897095,26.56504936761823,-0.3409388385993069,-1.9413223155070285,1.9710331362894473,0.0006665767483355575
1159,9.602022199999737,108.45990179530351,223.5631543348301,25.029208106608504,51.591497154191565,26.565050100874192,0.23076923076923078,-0.4212514095308393,-1.966752246624047,26.565049973621306,-0.42120683186472085,-1.9765396807788238,2.0209216473932803,
1160,9.605533599999944,108.4532456362038,223.5993418979165,25.027672069893185,51.59984813028843,26.5650501202725,0.23076923076923078,-0.4227874462461578,-1.9751032227209109,26.8062402803688,-0.5499774616517187,-2.260013763373555,2.325970210248353,
1161,9.618860799999766,108.43251573949529,223.65838802574865,25.022888247575835,51.613474159788154,26.565050124152158,0.23076923076923078,-0.4275712685635078,-1.9887292522206366,27.095667916913612,-0.4086502485079896,-1.4181248883141488,1.4758296732555756,
1162,9.622524199999589,108.41951122857499,223.6962208467692,25.01988720659423,51.622204810792894,27.771001052662466,0.23076923076923078,-0.43057230954511283,-1.9974599032253764,27.431266456917886,-0.31403019862344983,-1.6458667839715915,1.6755573509219173,
1163,9.634404299999915,108.4064410700832,223.71905719533487,25.01687101617305,51.62747473738497,28.012188186606714,0.23076923076923078,-0.43358849996629445,-2.0027298298174543,27.73957635046561,-0.12906802977094678,-1.2843052524569505,1.290774394616451,
1164,9.63800829999991,108.41111573016728,223.75032093945873,25.01794978388476,51.6346894475674,28.243042800895566,0.23076923076923078,-0.43250973225458367,-2.0099445399998856,28.078951341870475,0.11286856799296206,-1.346047428420066,1.3507712586507956,
1165,9.650656399999662,108.43782760807893,223.7815858195815,25.02411406340283,51.641904419903426,28.106599588011147,0.23076923076923078,-0.4263454527365127,-2.0171595123359083,28.232901474428786,0.1596389335963589,-0.8522477596328029,0.867070258352179,
1166,9.654072799999994,108.45042217301582,223.80129245098914,25.02702050146519,51.64645210407442,28.26192508117645,0.23076923076923078,-0.4234390146741518,-2.0217071965069024,28.26369211129201,0.30979354167257644,-0.7889037545764199,0.8475501002576843,6.266332376371057
1167,9.666802199999893,108.41813418400102,223.7965602953645,25.01956942707716,51.64536006816104,28.54075171545404,0.23076923076923078,-0.43089008906218496,-2.020615160593522,28.233327411516218,0.35001855864239406,-0.41409063306845795,0.542202954426786,
1168,9.669999999999618,108.42501961472584,223.79831838805012,25.021158372629042,51.645765781857726,28.16614137092284,0.23076923076923078,-0.42930114351030113,-2.0210208742902083,28.345383438846216,0.6828097288035565,-0.5175061784771335,0.8567623769230259,
1169,9.683213499999965,108.45367464245099,223.80563581039144,25.027771071334847,51.64745441778264,28.0912193020166,0.23076923076923078,-0.4226884448044963,-2.0227095102151225,28.367794949487998,0.6807349757163844,-0.31177218920585636,0.7487336009060892,
1170,9.686969899999895,108.48869331881588,223.82333812129903,25.035852304342125,51.65153956645363,28.666879724661136,0.23076923076923078,-0.41460721179721816,-2.0267946588861108,28.372277861967913,0.7044297096477731,-0.2296488730630107,0.7409182281018308,3.4733689510478363
1171,9.698519099999885,108.530750295036,223.8384753689478,25.045557760392924,51.65503277744949,28.373982634385353,0.23076923076923078,-0.40490175574641896,-2.030287869881974,28.459250189092806,0.4730674986702065,-0.08347098035709219,0.4803751272285649,4.315489952024566
1172,9.702638599999773,108.52241611990158,223.82961395942445,25.043634489208056,51.65298783679026,28.563166277853636,0.23076923076923078,-0.40682502693128697,-2.028242929222742,28.476644654517784,0.3752832700955338,0.1454857084173573,0.40249673808280445,-0.1343048634995343
1173,9.714376399999765,108.48884987958476,223.7988913743776,25.03588843375033,51.64589800947176,28.601003006547295,0.23076923076923078,-0.4145710823890134,-2.0211531019042397,28.333960217524655,-0.012237676470441147,0.42115055170226495,0.42132831369908824,-5.125992648334686
1174,9.718209699999989,108.48904138835323,223.7819982342194,25.035932628081515,51.64199959251217,28.178191629141494,0.23076923076923078,-0.41452688805782856,-2.0172546849446533,28.305423330126033,0.22614665148823299,0.41095028471645123,0.4690655012766049,-9.126863588134867
1175,9.730006799999956,108.49996687479828,223.76713194380875,25.03845389418422,51.63856891010971,27.95345753969549,0.23076923076923078,-0.41200562195512447,-2.0138240025421936,28.2136402080174,0.47203485558416747,0.26505718527339006,0.5413614470493979,
1176,9.73395359999995,108.53472453730308,223.77317718150883,25.046474893223788,51.63996396496358,28.231298197392224,0.23076923076923078,-0.40398462291555504,-2.0152190573960596,27.868017653419887,0.7938049773336735,0.040135698296977426,0.7948189833650803,
1177,9.745727799999713,108.57363207731893,223.7850682821936,25.05545355630437,51.6427080651216,28.104250667310477,0.23076923076923078,-0.3950059598349718,-2.0179631575540853,27.77085877970742,0.7977615717692769,-0.12752749792772114,0.8078903317403248,
1178,9.750195899999653,108.59200497367544,223.79514783837067,25.059693455463567,51.64503411654708,26.872890233559755,0.23076923076923078,-0.39076606067577657,-2.0202892089795625,27.815984194906335,0.6629481445251394,-0.04367145063900099,0.6643850073039275,0.8755390478278801
1179,9.761781400000018,108.59357695753019,223.78617785925087,25.060056220968505,51.64296412136559,27.692397260579142,0.23076923076923078,-0.39040329517083805,-2.0182192137980692,27.825009277946116,0.3287490527633962,0.016145101609156366,0.3291452627622039,6.610793977570175
1180,9.766061999999692,108.58503783984642,223.7730062568049,25.058085655349174,51.63992452080114,28.17908461569005,0.23076923076923078,-0.392373860790169,-2.01517961323362,27.863337426878292,0.21707259514290728,0.04182941286177819,0.22106607913119017,10.888166529037203
1181,9.778506799999832,108.60452094982978,223.77593894213092,25.062581757653028,51.640601294337905,28.276423612591138,0.23076923076923078,-0.3878777584863151,-2.0158563867703876,28.148716374535823,0.04536045636547245,0.1585290866250674,0.16489100129437645,15.178191091069749
1182,9.784742399999686,108.61003831851212,223.77876638226124,25.06385499657972,51.64125378052183,28.295891411971354,0.23076923076923078,-0.38660451955962216,-2.0165088729543115,28.233826526860298,0.0918431745892154,0.19880098554209097,0.21899086869349546,12.753819964007777
1183,9.794869699999708,108.61400402542881,223.77600568247937,25.064770159714342,51.64061669595678,28.299784971847398,0.23076923076923078,-0.3856893564250008,-2.015871788389262,28.250848557325188,0.12764450966569105,0.11050078965721077,0.16882993029277077,2.5735253893286316
1184,9.799222099999952,108.6189779961033,223.76883815157686,25.065917999100762,51.638962650363894,28.117948022201514,0.23076923076923078,-0.3845415170385813,-2.014217742796376,28.21772983109395,0.10936634731767378,0.11674462339275438,0.15996970030829621,-2.180201261301527
1185,9.810043799999676,108.60578476697016,223.75624304619498,25.062873407762346,51.63605608758346,28.264194768014526,0.23076923076923078,-0.3875861083769969,-2.0113111800159444,28.211105780671918,-0.12555813087947362,0.2011346061742117,0.23710751576194766,-3.54312569406764
1186,9.825761599999623,108.62416729159605,223.75782067976164,25.06711552882986,51.63642015686807,28.11082998143494,0.23076923076923078,-0.38334398730948394,-2.011675249300552,28.173257838263293,-0.08182494178337735,0.175363452311612,0.19351398271055273,1.831694168010133
1187,9.829161799999838,108.60986872719589,223.75314535548728,25.06381586012213,51.63534123588168,28.26277115986121,0.23076923076923078,-0.3866436560172133,-2.010596328314165,28.202211076930006,-0.3156466355127989,0.2274687962831512,0.3890692120857875,1.225865489354047
1188,9.841810899999928,108.62680762064174,223.7567601547898,25.06772483553271,51.63617542033611,28.110545259804276,0.23076923076923078,-0.3827346806066316,-2.011430512768591,28.17147889751491,-0.3112203748255117,0.22100712104221598,0.381709666183476,5.1059826066152
1189,9.845101099999738,108.61389909449149,223.74762738610957,25.064745944882652,51.63406785833298,28.262714215535077,0.23076923076923078,-0.3857135712566908,-2.0093229507654655,28.20185528878033,-0.915664258015678,0.4477277306439075,1.0192650068529505,2.4260465639269704
1190,9.857882399999653,108.59954258368147,223.73454097128325,25.061432903926494,51.63104791644999,28.11053387093905,0.23076923076923078,-0.38902661221284873,-2.006303008882469,28.207930872209197,-0.6929134908827643,0.34104996441319324,0.7722979891684162,6.940176605036189
1191,9.861278299999867,108.55904053788814,223.71820021474463,25.052086277974187,51.627276972633375,28.26271193776203,0.23076923076923078,-0.39837323816515635,-2.002532065065857,28.24566881604341,-0.9159082489383636,0.3426563329245408,0.977906581922135,4.063736599281926
1192,9.873794199999793,108.56681358601011,223.72991931638148,25.05388005831003,51.62998138070342,28.29314907700553,0.23076923076923078,-0.3965794578293149,-2.005236473135902,28.25321670998603,-0.6691646581161679,0.17839136649125442,0.6925350672062354,7.563057835218258
1193,9.877260099999603,108.55470922535994,223.73078915526725,25.051086744313835,51.630182112753985,28.299234978975328,0.23076923076923078,-0.399372771825508,-2.0054372051864675,28.291249115922994,-0.751100302730566,0.1356790102707516,0.7632564828352254,4.063216667583773
1194,9.8896636999998,108.57235688702846,223.7405052111801,25.055159281621954,51.632424279503105,28.300453685248193,0.23076923076923078,-0.39530023451738927,-2.0076793719355877,28.298855902286167,-0.14571424092756852,-0.13653188401921545,0.19968373835376277,4.008820734575279
1195,9.893122299999959,108.56233208064384,223.74016475494346,25.052845864763963,51.63234571267926,28.30069590062386,0.23076923076923078,-0.3976136513753801,-2.0076008051117427,28.300377259558804,0.05591086452888075,-0.2787680169525832,0.28431959490693315,-0.6072120224250757
1196,9.90572099999963,108.5773238954051,223.75384688331593,25.056305514324254,51.63550312691906,28.3007458695779,0.23076923076923078,-0.39415400181508886,-2.010758219351544,28.26415870386489,0.30411231677785183,-0.3105541585296093,0.43465870127725065,-1.439231266821179
1197,9.90956849999975,108.5965213730212,223.76930659997936,25.060735701466434,51.639070753841395,28.300755863368707,0.23076923076923078,-0.38972381467290873,-2.014325846273877,28.256914687550328,0.09580424221086248,-0.1519942830571695,0.17966834698315828,-9.100812481838677
1198,9.921950999999808,108.61986589318207,223.7809420674753,25.06612289842663,51.64175586172507,28.118142200505776,0.23076923076923078,-0.3843366177127123,-2.0170109541575556,27.977752871592102,0.2210635986597892,-0.17203948228915958,0.2801190784626038,-13.514899201515878
1199,9.925415199999861,108.60915958852989,223.77175452932,25.06365221273767,51.639635660612306,28.26423360367538,0.23076923076923078,-0.3868073034016746,-2.0148907530447886,27.921920203224673,-0.0665270384689779,-0.048351904718672636,0.08224204239545892,-13.192209061472576
1200,9.937623199999962,108.60690644376334,223.77585489209562,25.06313225625308,51.64058189817592,26.904886820832736,0.23076923076923078,-0.3873272598862627,-2.015836990608399,27.910753364375406,-0.37151986232119877,0.16513248037220066,0.40656579316641694,-2.5337970676695685
1201,9.941259299999729,108.58857620505705,223.7700593040786,25.05890220116701,51.63924445478737,28.02158252774077,0.23076923076923078,-0.3915573149723315,-2.014499547219849,27.945043128929775,-0.32021329676143867,0.10169402501523965,0.335973555725193,3.021385595404811
1202,9.953762899999674,108.56833812780235,223.7624649297794,25.054231875646696,51.63749190687218,28.244921669122377,0.23076923076923078,-0.396227640492647,-2.0127469993046603,27.951901387016427,-0.11220612820229808,-0.0638643561540156,0.12910798268549278,
1203,9.95758109999997,108.57978098885977,223.7713008943101,25.056872535890715,51.63953097561002,28.289591023277602,0.23076923076923078,-0.39358698024862804,-2.014786068042504,28.23098635650485,0.13458934847325835,-0.11905815919078475,0.17969178610151998,
1204,9.969943999999941,108.59729014162411,223.7828597084408,25.060913109605565,51.64219839425557,28.298524894108645,0.23076923076923078,-0.38954640653377837,-2.017453486688055,28.286803655578318,0.43757650749177507,-0.20744535576874526,0.4842589963425778,
1205,9.973795499999596,108.61717417419997,223.78875920811606,25.065501732507688,51.643559817257554,28.300311668274855,0.23076923076923078,-0.38495778363165556,-2.018814909690036,28.297967115393007,0.2756568575002061,-0.11802811765567565,0.2998622010928202,3.9048263565524257
1206,9.985835499999666,108.63551760360859,223.79262589822042,25.069734831601984,51.64445213035856,28.300669023108096,0.23076923076923078,-0.3807246845373591,-2.019707222791041,28.34975241966064,0.13646429001583418,-0.04465996954304532,0.14358626441659186,3.4507073778679587
1207,9.98912079999991,108.6186743990711,223.78426563593206,25.065847938247177,51.64252283906125,28.30073896819584,0.23076923076923078,-0.3846115778921657,-2.0177779314937325,28.360109480514165,0.2043336152522644,-0.11300189572955938,0.23349872539381156,3.842334237213392
1208,10.001794399999653,108.61843469779024,223.7934480007799,25.065792622566978,51.644641846333826,28.548517544615734,0.23076923076923078,-0.3846668935723656,-2.0198969387663084,28.411733504989556,-0.01787528823355432,-0.08174072315194977,0.08367240734457414,8.029183684126993
1209,10.005345499999748,108.628685899179,223.80202639838834,25.068158284425927,51.646621476551154,28.350310198376274,0.23076923076923078,-0.38230123171341646,-2.021876568983636,28.471610922189324,-0.4577162306303661,0.015360539964505038,0.457973900970865,8.592884849960331
1210,10.01804839999977,108.63310836444319,223.81287995164786,25.069178853333046,51.64912614268797,28.55843179065182,0.23076923076923078,-0.38128066280629724,-2.024381235120451,28.533139323109747,-0.24041881200139148,-0.14797321576824446,0.2823070628747284,8.4524246362991
1211,10.021417999999812,108.6061301794897,223.8068729420135,25.062953118343778,51.64773990969543,28.60005610910693,0.23076923076923078,-0.3875063977955655,-2.0229950021279137,28.545445003293832,-0.3094354152795906,-0.09632471017119688,0.324081357098519,4.211413150714816
1212,10.033985899999607,108.60086764313903,223.81936731387253,25.06173868687824,51.65062322627828,28.608380972797953,0.23076923076923078,-0.3887208292611035,-2.0258783187107596,28.597458751635337,-0.42439699950452375,-0.05842777379539324,0.4284000676226935,2.7977543808721705
1213,10.051246900000024,108.57472977394394,223.8125574351576,25.055706870910143,51.649051715805605,28.610045945536157,0.23076923076923078,-0.3947526452292003,-2.0243068082380873,28.60786150130364,-0.4112606221385161,-0.047278244208952935,0.41396924003751867,1.786368793813963
1214,10.054614499999843,108.57606311975552,223.81792741420932,25.056014566097428,51.650290941740614,28.6103789400838,0.23076923076923078,-0.3944449500419154,-2.0255460341730966,28.609942051237297,0.06275797323126145,-0.2140963561014898,0.22310493696920214,0.41842934200090154
1215,10.066571500000009,108.58362912222404,223.825255168982,25.05776056666709,51.651981962072774,28.610445538993325,0.23076923076923078,-0.3926989494722548,-2.0272370545052567,28.610358161224028,0.11095812747427387,-0.18922200836566827,0.219355133294241,0.22498688761790822
1216,10.07029569999986,108.59206092130307,223.83207673169863,25.059706366454556,51.653556168853534,28.61045885877523,0.23076923076923078,-0.39075314968478736,-2.028811261286016,28.61044138322137,0.2793687408777106,-0.2725104258108037,0.3902676332405532,0.01948678673089841
1217,10.082966999999826,108.59998819175155,223.83784477496567,25.061535736558053,51.65488725576131,28.61046152273161,0.23076923076923078,-0.3889237795812903,-2.0301423481937917,28.61045802762084,0.24833298872876935,-0.2774214587015355,0.37233310226066507,0.008220883915255488
1218,10.086286499999915,108.60707407430507,223.84252546376095,25.06317094022425,51.65596741471407,28.610462055522888,0.23076923076923078,-0.38728857591509325,-2.031222507146552,28.610461356500732,0.23104187932411774,-0.39548372635370277,0.45802590299264806,0.0007898101439060808
1219,10.098835599999802,108.60360415090048,223.86387156979765,25.062370188669345,51.66089343918408,28.61046216208114,0.23076923076923078,-0.3880893274699986,-2.0361485316165613,28.610462022276714,0.14442352252253812,-0.3149727796846836,0.34650541958260095,-2.6102346890036596
1220,10.102258199999596,108.60448761609426,223.87472414855293,25.062574065252523,51.66339788043529,28.610462183392794,0.23076923076923078,-0.38788545088682014,-2.038652972867773,28.583657040685814,0.10298396903213348,-0.4567545154590521,0.46822044516428896,-2.7509613697393944
1221,10.11498679999977,108.60941772616712,223.87583512039018,25.063711782961644,51.66365425855158,28.610462187655124,0.23076923076923078,-0.3867477331776996,-2.0389093509840635,28.578296044367633,0.02084720443202024,-0.38992139198469833,0.3904782937115906,-2.8324971426059213
1222,10.119371099999626,108.6082241062244,223.89129917316396,25.063436332205633,51.667222886114764,28.47643661477712,0.23076923076923078,-0.38702318393371016,-2.0424779785472467,28.577223845103997,0.09228084652838589,-0.25591903308815367,0.27204835256397164,-0.22829257530055508
1223,10.13057119999985,108.61220006952485,223.89087365193356,25.064353862198043,51.66712468890775,28.583657073931988,0.23076923076923078,-0.3861056539412999,-2.0423797813402302,28.577009405251275,0.09697530278711208,-0.08893311102357382,0.13158004251018987,-0.09179850917797465
1224,10.134238399999958,108.61686189177087,223.88646429311035,25.06542966733174,51.66610714456393,28.605101165762964,0.23076923076923078,-0.38502984880760494,-2.041362236996413,28.57696651728073,0.11589190951249231,-0.031158417302391272,0.1200074233505647,0.7430131950585985
1225,10.146095899999636,108.62112869620933,223.88116197171507,25.066414314509846,51.66488353193425,28.60938998412916,0.23076923076923078,-0.3840452016294975,-2.040138624366733,28.60376305443272,0.14079110576795317,0.15244593346317659,0.20751360941591815,1.140462856085057
1226,10.150663999999779,108.62477031797323,223.87584240332916,25.067254688763054,51.663655939229805,28.610247747802397,0.23076923076923078,-0.38320482737628936,-2.0389110316622876,28.609122361863115,0.04577219908255535,0.009427646772003806,0.046733015444231224,1.1761987283942739
1227,10.161886200000026,108.62776927016714,223.8707817373069,25.067946754653956,51.662488093224674,28.610419300537046,0.23076923076923078,-0.38251276148538693,-2.037743185657156,28.610194223349193,-0.010151366732408412,-0.037888908422219925,0.039225242229503396,-6.324497448803959
1228,10.166127899999992,108.6205424762332,223.88376446508846,25.066279032976894,51.66548410732811,28.610453611083976,0.23076923076923078,-0.38418048316244935,-2.040739199760594,28.524332851017505,0.004838119800887691,-0.17660930224058688,0.17667555869761586,-7.198826866021188
1229,10.177972599999976,108.62124775589912,223.8816657561647,25.066441789822875,51.66499978988416,28.61046047319336,0.23076923076923078,-0.38401772631646836,-2.0402548823166455,28.507160576551165,-0.02252182861494321,-0.21519572968703257,0.21637105823028935,-7.514358282532741
1230,10.182007999999769,108.62401044056169,223.8919900779572,25.067079332437313,51.66738232568243,28.180083122470705,0.23076923076923078,-0.3833801837020303,-2.0426374181149143,28.503726121657895,-0.12591837832847708,-0.3648830296397756,0.38599878668199833,-0.7862578397396833
1231,10.193870099999913,108.62643489163456,223.88809380244828,25.06763882114644,51.666483185180375,28.524386375470705,0.23076923076923078,-0.3828206949929047,-2.0417382776128576,28.50303923067924,-0.057880326843965074,-0.22750204693686682,0.2347494698524974,-7.7474193913261855
1232,10.197730399999728,108.61881842444673,223.89887281584646,25.065881174872324,51.668970649810724,28.593247026070706,0.23076923076923078,-0.3845783412670194,-2.0442257422432064,28.4168261078546,-0.03313959250424189,-0.3390690831802825,0.3406847160646696,-5.5567637349376895
1233,10.209762299999966,108.616056000765,223.89988528770186,25.06524369248423,51.66920429716197,28.607019156190706,0.23076923076923078,-0.38521582365511264,-2.0444593895944507,28.48565922791858,-0.09098792505348598,-0.26190605144559675,0.2772608560351828,-4.310555389212909
1234,10.213502499999777,108.61828363825278,223.90826371084148,25.06575776267372,51.67113777942496,28.179394859070175,0.23076923076923078,-0.38470175346562385,-2.0463928718574422,28.499425851931374,-0.21739604806954682,-0.4184013223370948,0.4715089694265489,3.208786568104101
1235,10.22575280000001,108.61131605726827,223.9191244909428,25.064149859369603,51.67364411329449,28.524248722790603,0.23076923076923078,-0.3863096567697397,-2.0488992057269755,28.502179176733932,-0.15399378087930712,-0.32006158441821847,0.3551809431399782,1.3576861991304454
1236,10.229038699999819,108.60298808719304,223.9291867929017,25.062228020121474,51.67596618297732,28.593219495534687,0.23076923076923078,-0.38823149601786966,-2.0512212754098016,28.502729841694443,-0.23091002152891277,-0.40704592658328953,0.46798058121094266,1.6609201738841741
1237,10.241974499999742,108.59523554718888,223.93774484886018,25.060438972428205,51.67794111896774,28.607013650083502,0.23076923076923078,-0.39002054371113815,-2.05319621140022,28.562110604569362,-0.2672815324933167,-0.32115400215352563,0.4178268908426104,2.6989074912922684
1238,10.245531599999595,108.58849089363315,223.94474810186347,25.058882513915343,51.67955725427619,28.609772480993264,0.23076923076923078,-0.3915770022240004,-2.0548123467086725,28.573986757144347,-0.2542962730321225,-0.29322870839057286,0.38813614866748936,2.703066214742231
1239,10.258722899999611,108.58595214540536,223.94974903718463,25.0582966489397,51.68071131627338,28.47629867344475,0.23076923076923078,-0.39216286719964444,-2.0559664087058636,28.576361987659343,-0.19290298523751404,-0.1958379392569646,0.2748891779717039,1.1835041722495523
1240,10.273692299999766,108.58164962692751,223.95396329079028,25.057303760060197,51.68168383633622,28.583629485665515,0.23076923076923078,-0.3931557560791461,-2.0569389287687017,28.57683703376234,-0.1542025715633857,-0.13066406427303584,0.20211761617708915,0.07997302487798011
1241,10.277070499999809,108.57758136730317,223.95717978754132,25.056364930916118,51.68242610481723,28.605095648109668,0.23076923076923078,-0.3940945852232254,-2.057681197249714,28.576932042982943,0.04103077588328538,0.20582468069648766,0.20987454289025978,0.7275246684612022
1242,10.289707199999611,108.58060406680138,223.9476956732037,25.05706247695417,51.68023746304701,28.609388880598498,0.23076923076923078,-0.39339703918517444,-2.055492555479489,28.60375615957315,0.04493980484923201,0.22412852163033978,0.22858954540417797,1.2572270126619975
1243,10.293017099999815,108.58832919358022,223.93008111434585,25.058845198518515,51.67617256484905,28.610247527096266,0.23076923076923078,-0.391614317620828,-2.051427657281529,28.6091209828912,0.01218310772398281,0.18688539800276815,0.1872820869716782,1.2741133536320393
1244,10.30663629999981,108.58686158001126,223.92984312404545,25.05850651846414,51.67611764401049,28.61041925639582,0.23076923076923078,-0.39195299767520453,-2.0513727364429712,28.610193947554812,0.08909953780022353,0.2766116152197722,0.2906074901145956,0.588291454323467
1245,10.309925099999873,108.58358215525672,223.93342284766175,25.05774972813617,51.67694373407579,28.61045360225573,0.23076923076923078,-0.3927097880031738,-2.052198826508274,28.61040854048753,0.061130802381291996,0.22704135059250127,0.23512709303406032,0.04905053172580114
1246,10.323686599999746,108.58994346667063,223.919772337892,25.05921772307784,51.67379361643662,28.61046047142771,0.23076923076923078,-0.39124179306150353,-2.049048708869101,28.610451459074074,-0.03198934663560024,0.013821547457301506,0.03484757484082682,0.023417413144043196
1247,10.32824299999993,108.588272228362,223.92124633764683,25.058832052698925,51.6741337702262,28.61046184526211,0.23076923076923078,-0.3916274634404182,-2.049388862658681,28.61046004279138,-0.05738055305797467,-0.03148161547722479,0.06544936960960653,1.0660569783621494
1248,10.338281599999846,108.59144786360906,223.91419906610116,25.059564891602093,51.67250747679258,28.610462120028988,0.23076923076923078,-0.39089462453724977,-2.047762569225064,28.642514982191095,-0.039548674146190566,-0.006044735818175662,0.04000795493190195,1.640097041994958
1249,10.341997600000013,108.5890030944423,223.9177816390839,25.059000714102073,51.67333422440398,28.610462174982363,0.23076923076923078,-0.39145880203727046,-2.0485893168364626,28.648925970071033,-0.10952392173202599,-0.12563677176812466,0.16667359674489177,1.6757400699382252
1250,10.353781099999651,108.58180582732152,223.92411322593307,25.057339806304967,51.67479535983071,28.770728299254287,0.23076923076923078,-0.3931197098343766,-2.050050452263193,28.650208167647026,-0.06637486125386177,-0.0639752075423827,0.09218703480728915,0.6353699201144684
1251,10.357339899999715,108.57805529288996,223.92980455160045,25.056474298359223,51.67610874267703,28.64251541082742,0.23076923076923078,-0.39398521778011997,-2.0513638351095125,28.65046460716222,0.02954171899061489,0.09633985102161668,0.10076745534044092,4.889835728527401
1252,10.369870999999875,108.58517429990707,223.91711681783175,25.0581171461324,51.67318080411502,28.61687283314205,0.23076923076923078,-0.3923423700069435,-2.0484358965475025,28.83202315824885,0.03376294194063315,0.21807336668472038,0.2206715421292358,5.234341009258871
1253,10.373598899999706,108.59410088698849,223.90155093297358,25.060177127766575,51.66958867684006,28.611744317604977,0.23076923076923078,-0.39028238837276774,-2.044843769272539,28.836281645809933,0.09432296573829942,0.3461154020381363,0.3587376386632564,2.912756478099458
1254,10.38596329999973,108.58709715167876,223.8808595350012,25.058560881156637,51.66481373884643,29.518254930415527,0.23076923076923078,-0.39189863498270583,-2.0400688312789157,28.751057598693247,0.17143341507076007,0.3973869778628901,0.43278843096578334,-3.5867681476978452
1255,10.389365499999712,108.58948325703591,223.8732490939554,25.05911152085444,51.66305748322048,28.792020737059673,0.23076923076923078,-0.39134799528490305,-2.0383125756529594,28.734012789269904,0.12106329788233446,0.19933865385454919,0.2332213991354366,-4.056230779562538
1256,10.402178299999832,108.59738683598749,223.87950612114508,25.060935423689422,51.664501412571944,28.216395175243967,0.23076923076923078,-0.38952409244992126,-2.0397565050044264,28.730603827385238,0.019761307512573184,0.008717615809795357,0.021598752279094163,
1257,10.40552119999984,108.5956376788455,223.89046597730777,25.060531772041273,51.66703061014795,28.531648786025357,0.23076923076923078,-0.3899277440980704,-2.042285702580429,28.54841477182471,0.008076934375535319,-0.17551564089035965,0.1757013860675561,
1258,10.418778299999758,108.59828457229926,223.88986426654373,25.061142593607524,51.66689175381779,28.594699508181638,0.23076923076923078,-0.38931692253181893,-2.0421468462502688,28.5119769607126,-0.04059889682158666,-0.3186735631584368,0.32124929615366327,
1259,10.422578700000031,108.59516974536973,223.8986745627297,25.060423787393017,51.66892489909147,28.607309652612894,0.23076923076923078,-0.3900357287463265,-2.0441799915239542,28.622818365775334,-0.17720040688850777,-0.4375981618267921,0.47211453635282197,9.434958844387646
1260,10.43432219999977,108.59102075360317,223.908830780575,25.05946632775458,51.671268641671155,28.609831681499145,0.23076923076923078,-0.39099318838476194,-2.046523734103637,28.644986646787878,-0.16785877833386517,-0.31732995663714153,0.3589914634682388,14.028217305852959
1261,10.43762979999974,108.58327154582267,223.91896871198946,25.057678049036003,51.673608164305264,28.770602200557644,0.23076923076923078,-0.3927814671033403,-2.0488632567377465,28.681473525646638,-0.32031890095622356,-0.5220648568825943,0.6124997249808742,4.500997418533966
1262,10.45012399999996,108.5792628632623,223.92737401393487,25.05675296844515,51.675547849369586,28.642490191088093,0.23076923076923078,-0.3937065476941939,-2.0508029418020683,28.688770901418387,-0.29290891288443144,-0.43889416931220576,0.5276587183998674,4.0224485354989
1263,10.45335249999971,108.56924274828629,223.94154885626693,25.05444063421991,51.67881896683083,28.777133902475434,0.23076923076923078,-0.39601888191943146,-2.054074059263314,28.69023037657274,-0.29005606213980845,-0.45966135186957047,0.543526519671868,-0.46591153841918176
1264,10.466402300000027,108.5662971220081,223.94828546846128,25.05376087430956,51.680373569644914,28.64379653147165,0.23076923076923078,-0.39669864182978287,-2.055628662077396,28.65846904894736,-0.18260646545387335,-0.32812933722847326,0.37551828607346643,2.0721794265519455
1265,10.46953719999965,108.5653833320157,223.9524072130626,25.05354999969593,51.68132474147599,28.617129057270894,0.23076923076923078,-0.39690951644341155,-2.056579833908472,28.684170006078535,-0.21705420272581044,-0.33276683757856484,0.39729874793784103,1.2386895741003079
1266,10.482675699999618,108.56518921679299,223.955234371625,25.053505203875307,51.6819771626827,28.611795562430743,0.23076923076923078,-0.396954312264036,-2.0572322551151814,28.657256974848522,-0.0742033320328157,-0.13506526566816315,0.1541063284709093,1.5200550551752192
1267,10.486061499999778,108.56157585339258,223.9578523245957,25.052671350782905,51.68258130567593,28.770994976743964,0.23076923076923078,-0.39778816535643813,-2.057836398108414,28.65187436860252,-0.06136641246714069,-0.11314282637325931,0.12871338601255405,-1.241110408590652
1268,10.498702299999877,108.56146787692236,223.959204902438,25.05264643313593,51.682893439024156,28.64256874632536,0.23076923076923078,-0.3978130830034132,-2.058148531456638,28.650797847353324,0.03053769900463852,0.06842848460193163,0.07493336083090557,-0.5628009560798535
1269,10.514672799999971,108.56230491173548,223.95986348146886,25.052839595015882,51.68304541880051,28.616883500241638,0.23076923076923078,-0.3976199211234608,-2.058300511232993,28.65058254310348,0.0392573708408846,0.08502810762478485,0.09365319135828064,-2.448660428261813
1270,10.519101499999579,108.56983266714286,223.9482635998594,25.054576769340663,51.68036852304448,28.611746451024892,0.23076923076923078,-0.3958827467986801,-2.0556236154769607,28.618486259597262,0.09498895466922484,0.11316857860613848,0.14774988559347785,-2.6113120238303975
1271,10.530302099999972,108.57178327054548,223.94664536773828,25.05502690858742,51.67999508486268,28.610719041181543,0.23076923076923078,-0.3954326075519248,-2.0552501772951643,28.61206700289602,0.09615903757145317,0.11433909372901226,0.14939875789791557,-2.714750250036656
1272,10.534267099999852,108.57233958594692,223.9472936661533,25.055155289064675,51.68014469218923,28.610513559212876,0.23076923076923078,-0.39530422707466784,-2.055399784621713,28.610783151555772,0.09534201468720752,0.10407503907120769,0.1411443003535357,-0.3058967502160913
1273,10.546625499999664,108.57254732934805,223.94830260355005,25.055203229849553,51.68037752389617,28.61047246281914,0.23076923076923078,-0.3952562862897899,-2.0556326163286514,28.61052638128772,0.04231910338395882,0.026255708253228913,0.04980229640388953,2.955219319147669
1274,10.550100099999781,108.57266792974912,223.94921859522344,25.055231060711336,51.680588906590025,28.61046424354039,0.23076923076923078,-0.39522845542800766,-2.055843999022507,28.64252824989036,-0.04110374699460838,-0.053359679363282286,0.06735557437027073,3.2436148667286218
1275,10.561922200000026,108.57918115785232,223.93818660681367,25.056734113350537,51.67804306311085,28.610462599684645,0.23076923076923078,-0.39372540278880663,-2.053298155543331,28.64892862361089,-0.053040730815531414,-0.054911496112652024,0.07634521288709242,3.3586677340324558
1276,10.5658684,108.57273565811542,223.94442366586358,25.05524669033433,51.67948238443006,28.770728384194744,0.23076923076923078,-0.3952128258050145,-2.0547374768625417,28.650208698354998,-0.055572895689235444,-0.06518814979368187,0.08566120247118966,1.1880408542140233
1277,10.577842099999998,108.57131883274175,223.94678401705184,25.054919730632715,51.68002708085812,28.642515427815514,0.23076923076923078,-0.39553978550662805,-2.0552821732905997,28.68251793596007,-0.0709122830291061,-0.05869696759120395,0.09205371197731733,1.5400477016371135
1278,10.581887299999835,108.57116489800478,223.94801497398953,25.054884207231876,51.68031114784374,28.61687283653967,0.23076923076923078,-0.3955753089074676,-2.055566240276221,28.688979783481084,-0.09882221778947062,-0.10942792397879912,0.14744592661426562,0.5835956380816247
1279,10.593974199999593,108.5675673017717,223.94950145467902,25.054053992716547,51.68065418184901,28.77201043156575,0.23076923076923078,-0.39640552342279634,-2.0559092742814897,28.658218930329035,-0.021172146228747052,-0.03793438048883091,0.04344280146356636,-0.8077644657517188
1280,10.598143100000016,108.56734310412945,223.9501935094217,25.054002254799105,51.68081388678962,28.642771837289715,0.23076923076923078,-0.3964572613402382,-2.056068979222104,28.652066759698627,-0.007369418647362864,-0.031276493058637875,0.032132963592658596,-0.486429812658977
1281,10.610176599999704,108.56793364590541,223.95057251675973,25.054138533670482,51.68090135002148,28.616924118434508,0.23076923076923078,-0.39632098246886116,-2.056156442453961,28.682889548228793,-0.01755967653878253,-0.020357645518292847,0.026884493136288407,-1.7061044242040961
1282,10.614349499999662,108.56868781821464,223.950793153604,25.05431257343415,51.68095226621631,28.61175457466347,0.23076923076923078,-0.3961469427051938,-2.0562073586487912,28.657000883278574,-0.0013075871464448552,-0.015918612987623114,0.01597222663235377,-1.3626088323345449
1283,10.625978499999746,108.56567773763472,223.95158073469005,25.053617939454167,51.68113401569771,28.77098677919051,0.23076923076923078,-0.3968415766851763,-2.0563891081301904,28.651823150288532,0.004708682968086122,-0.007949653007606774,0.009239517207911664,-2.295636786943309
1284,10.630335599999853,108.56591513143016,223.951697521319,25.05367272263773,51.681160966458236,28.642567106814667,0.23076923076923078,-0.3967867935016116,-2.0564160588907185,28.650787603690524,0.012389721231894118,-0.004930459495965548,0.013334714959285959,-0.2330283050668306
1285,10.643141499999729,108.56689572926868,223.95161227705827,25.05389901444662,51.68114129470576,28.6168831723395,0.23076923076923078,-0.39656050169272206,-2.0563963871382427,28.65058049437092,0.008744172021298487,-0.00155651804549565,0.008881626695826214,-0.08736749265566675
1286,10.648155799999586,108.56797629742948,223.95144219279973,25.05414837632988,51.68110204449225,28.611746385444466,0.23076923076923078,-0.39631113980946253,-2.0563571369247313,28.650539072507,-0.017722703038910097,-0.004554485357018403,0.018298566607051172,-0.0084200951321641
1287,10.65817829999969,108.56899602748237,223.95123945444993,25.05438369864978,51.68105525871922,28.61071902806546,0.23076923076923078,-0.3960758174895638,-2.0563103511517014,28.65053078813422,-0.018954703207433508,-0.002765158957754049,0.019155335490237114,-0.003190923393244955
1288,10.661591399999907,108.56615533316455,223.95169230990155,25.053728153807203,51.68115976382344,28.770779669870908,0.23076923076923078,-0.39673136233214024,-2.0564148562559197,28.65052913125966,0.08323491287080921,0.16788376553056453,0.18738465638715665,-0.0004461519100136727
1289,10.674127999999655,108.56650373807629,223.95154230965312,25.053808554940684,51.68112514838149,28.642525684950748,0.23076923076923078,-0.3966509611986595,-2.056380240813972,28.650528799884754,0.08023254666455205,0.17268551651714648,0.19041415167752945,-0.0001774018353510529
1290,10.677388399999927,108.57397227851321,223.93946562502072,25.05553206427228,51.67833822115863,28.616874887966716,0.23076923076923078,-0.394927451867062,-2.053593313591115,28.65052873360977,0.08156729304601337,0.1607227180268306,0.1802359991366495,-0.8428408806984834
1291,10.690065299999787,108.57587946794374,223.93771674805205,25.055972184910093,51.67793463416586,28.61174472856991,0.23076923076923078,-0.39448733122925006,-2.0531897265983403,28.618475497698523,0.12002402850201797,0.16187950643805266,0.2015210709143854,1.7143931082165929
1292,10.693407799999932,108.57631621098008,223.93851549072394,25.056072971764635,51.678118959397835,28.610718696690547,0.23076923076923078,-0.3943865443747079,-2.0533740518303176,28.644118073172518,0.0667630369910941,0.13343246748701254,0.14920297077453537,-0.4098313393907924
1293,10.706109999999626,108.57632812195888,223.9398824737552,25.05607572045205,51.67843441702043,28.610513490314673,0.23076923076923078,-0.3943837956872933,-2.0536895094529157,28.563170843638414,-0.005778215322145272,-0.03585876426437843,0.03632132633697919,1.9601926789330626
1294,10.709572499999922,108.57242866440086,223.94197516555795,25.05517584563097,51.67891734589799,28.77073856232075,0.23076923076923078,-0.3952836705083733,-2.0541724383304754,28.579034620387844,-0.020021526729920774,-0.04708607777484593,0.05116600680936291,-0.5162841680382395
1295,10.722669799999949,108.5818450353629,223.9415027025223,25.05734885431452,51.67880831596669,28.212138740296183,0.23076923076923078,-0.39311066182482435,-2.0540634083991733,28.582207375737728,0.04097296182486323,0.09690372712398816,0.10520986613061561,2.3206113613874138
1296,10.737958799999888,108.57942694182412,223.9431126446247,25.056790832728645,51.679179841067246,28.691063612317052,0.23076923076923078,-0.3936686834106986,-2.054434933499728,28.614895149463955,0.02755051442397312,0.10078912513686873,0.10448673882785764,-1.5392778093800017
1297,10.741604899999857,108.58472184776072,223.9326089106679,25.05801273409863,51.67675590246183,28.626582473439974,0.23076923076923078,-0.3924467820407145,-2.05201099489431,28.589379481552953,0.05777661472154867,0.10224488886277848,0.11744000386258592,1.2865683589711794
1298,10.754566899999645,108.58096439748705,223.9329126646787,25.05714563018932,51.676825999541244,28.77395235894581,0.23076923076923078,-0.3933138859500218,-2.052081091973726,28.702405315255906,0.004981476380181583,0.08844520846562023,0.08858538258343376,-0.28455747782074525
1299,10.758235499999955,108.57923539258465,223.93501420742945,25.056746629057997,51.67731097094526,28.64316022276573,0.23076923076923078,-0.393712887081346,-2.052566063377739,28.69295725934025,-0.00734347118028407,0.06053249187465807,0.06097629983469978,1.9937127587205437
1300,10.769809699999769,108.57431705737469,223.93805729331245,25.055611628624927,51.67801322153365,28.777267908810963,0.23076923076923078,-0.39484788751441613,-2.0532683139661287,28.69106764815712,-0.07605465487708589,-0.07948724284125792,0.11001150986591246,-4.193228161727607
1301,10.773105199999918,108.57291581219523,223.94039734945116,25.055288264352747,51.67855323448873,28.64382333273876,0.23076923076923078,-0.3951712517865964,-2.0538083269212137,28.658636503264244,-0.06518299231686131,-0.10038000479821668,0.11968695773003006,-3.5026479477749977
1302,10.78598379999994,108.5724453379365,223.94236709859325,25.05517969336996,51.67900779198306,28.61713441752432,0.23076923076923078,-0.3952798227693819,-2.054262884415543,28.652150274285667,-0.04371724119983269,-0.07898836977808427,0.09027934281065478,-6.59381581338701
1303,10.789517899999737,108.57225333277515,223.94404972142564,25.055135384486572,51.679396089559766,28.61179663448143,0.23076923076923078,-0.3953241316527709,-2.0546511819922486,28.6187998058337,-0.02442228232284128,-0.0815966021915883,0.08517307886338782,-3.4810857971923115
1304,10.802782499999921,108.57217099920942,223.9455003453955,25.055116384432946,51.679730848937425,28.61072907787285,0.23076923076923078,-0.39534313170639734,-2.0549859413699068,28.612129712143304,-0.004757171983694978,-0.05266244046788316,0.05287686943565958,-3.4295409565542574
1305,10.806604799999604,108.57214469377209,223.94672130827269,25.055110313947406,51.68001260960139,28.610515566551136,0.23076923076923078,-0.39534920219193737,-2.0552677020338734,28.610795693405226,0.08088419932294906,0.0966804406249506,0.12605300987897572,0.594340923557432
1306,10.818668499999603,108.57215528355044,223.9477246385916,25.05511275774241,51.6802441473673,28.61047286428679,0.23076923076923078,-0.3953467583969328,-2.0554992397997793,28.64258211231386,0.07221810628610129,0.1191489852987391,0.13932672239477167,1.3583981496306285
1307,10.822221399999762,108.57861812081437,223.9367717053022,25.056604181726396,51.67771654737743,28.610464323833924,0.23076923076923078,-0.3938553344129474,-2.052971639809911,28.64893939609559,0.06024678498981698,0.10328875830037046,0.11957525953491209,1.5099194598342431
1308,10.834266899999875,108.57570196977879,223.93664272490952,25.055931223795106,51.67768678267143,28.7707287290246,0.23076923076923078,-0.39452829234423703,-2.0529418751039117,28.650210852851934,0.058881794272030226,0.11101997317927663,0.12566821452308852,0.6545782098136887
1309,10.837959899999987,108.57472116200036,223.93831564948908,25.055704883538546,51.67807284218979,28.642515496781485,0.23076923076923078,-0.39475463260079735,-2.053327934622274,28.650465144203203,0.05470290966879819,0.08983524508769215,0.10517974893580233,-2.1738982710932753
1310,10.850806899999952,108.57425280026571,223.94026738893479,25.05559680006132,51.67852324360034,28.61687285033286,0.23076923076923078,-0.39486271607802337,-2.0537783360328206,28.56444025784455,0.007167703784006402,-0.05153450759733966,0.052030581880616315,-7.021616072110215
1311,10.85421869999982,108.5739468823174,223.94211717072002,25.05552620361171,51.67895011632001,28.611744321043137,0.23076923076923078,-0.394933312527634,-2.0542052087524922,28.51518205791657,0.03194931938056424,-0.06765717888497469,0.07482147327842965,-6.451430302428076
1312,10.86669559999973,108.58379243041821,223.94187008247494,25.057798253173434,51.67889309595576,28.18033989204066,0.23076923076923078,-0.392661262965909,-2.0541481883882398,28.537383640587223,0.026588356385668165,-0.05423139984304396,0.06039855481903031,-3.8007180441664294
1313,10.870230799999717,108.58483475006061,223.9430671605113,25.058038788475525,51.67916934473338,28.524437729384697,0.23076923076923078,-0.3924207276638185,-2.0544244371658635,28.541823957121355,0.005690234941595269,-0.0626625567177396,0.0629203845196013,1.8751987089627633
1314,10.882948699999815,108.57997982093801,223.94512882015712,25.056918420216466,51.679645112343955,28.753523410134754,0.23076923076923078,-0.39354109592287756,-2.0549002047764375,28.574765243084432,-0.009915851129774174,-0.044475819727687195,0.04556778076752886,8.868640088567549
1315,10.887020099999972,108.57798789041516,223.94649109786155,25.05645874394196,51.6799594841219,28.639074433003515,0.23076923076923078,-0.3940007721973835,-2.055214576554384,28.667429244905954,-0.06512742585844765,-0.057973581229073756,0.08719241778659202,9.907316166557786
1316,10.898590399999648,108.57303815607547,223.94820495830328,25.05531649755588,51.68035499037768,28.77645075085852,0.23076923076923078,-0.39514301858346457,-2.055610082810162,28.71801526792651,-0.10637920722414829,-0.07001774089258057,0.12735391540639351,10.05532919371215
1317,10.90192479999996,108.57168055952668,223.94911407526916,25.05500320604462,51.68056478660058,28.64365990114827,0.23076923076923078,-0.3954563100947226,-2.0558198790330593,28.728132472530618,-0.15100362004576515,-0.08808501820628897,0.17481722941211505,2.5211892587784988
1318,10.914786800000002,108.56397688731819,223.9568257905458,25.05322543553497,51.68234441320288,28.77736784448747,0.23076923076923078,-0.39723408060437393,-2.057599505635359,28.73015591345144,-0.1391996076418957,-0.09290858074104312,0.16735750698123059,-1.929696941809109
1319,10.918310899999597,108.55922427859224,223.95877660754854,25.052128679675132,51.682794601741975,28.804109433155308,0.23076923076923078,-0.3983308364642113,-2.058049694174457,28.698507378979357,-0.10595623415986868,-0.08405237669842476,0.13524616662218128,-3.1067790091104284
1320,10.931045299999823,108.55625084809044,223.96436837674065,25.05144250340549,51.68408501001708,28.64919163760763,0.23076923076923078,-0.3990170127338537,-2.0593401024495606,28.69217767208494,-0.055726505665916436,-0.02162742310754294,0.05977615631676312,-3.2757525548811737
1321,10.93466639999997,108.557309934923,223.9642099225543,25.051686908059153,51.68404844366638,28.618208078498093,0.23076923076923078,-0.3987726080801899,-2.0593035360988594,28.69091173070606,-0.030656013398120803,0.013892201229329246,0.03365686278401389,-0.28905222457562796
1322,10.94701729999997,108.56572289999052,223.95087227433976,25.053628361536276,51.68097052484764,28.612011366676185,0.23076923076923078,-0.39683115460306695,-2.05622561728012,28.69065854243028,0.0007214255404208308,0.03923220731370066,0.03923883975751015,0.5675888247856938
1323,10.9624560999996,108.56486212148201,223.94824739597752,25.053429720342002,51.680364783687125,28.771038137593052,0.23076923076923078,-0.39702979579734077,-2.055619876119607,28.722661127431373,-0.0007249843402711859,0.05684974336693949,0.05685436591133981,1.1934097368511505
1324,10.966645299999982,108.56206056210878,223.94826637780298,25.05278320664049,51.680369164108384,28.802843491776425,0.23076923076923078,-0.397676309498852,-2.0556242565408667,28.729061644431592,-0.0019276050722318513,0.05423670613234415,0.05427094944259545,1.2388605146025187
1325,10.97769470000003,108.55913429641099,223.94890054830816,25.052107914556384,51.68051551114804,28.8092045626131,0.23076923076923078,-0.39835160158295935,-2.0557706035805197,28.730341747831634,-0.02550539967356867,0.004654461952527316,0.025926616219167538,0.5676584867814284
1326,10.98201489999974,108.56028528308713,223.9489560941083,25.052373526866262,51.68052832940961,28.650210663499188,0.23076923076923078,-0.39808598927308125,-2.0557834218420936,28.730597768511643,-0.04099506625164247,-0.009438500532557504,0.04206757360818001,-0.8454489835971456
1327,10.993817399999898,108.56229536557159,223.94888987191575,25.052837392054983,51.680513047365174,28.6184118836764,0.23076923076923078,-0.3976221240843607,-2.0557681397976566,28.698595749991394,-0.004581698270101708,-0.009313360686430586,0.010379337469887168,-3.8242159972648575
1328,10.998176999999941,108.5605891764759,223.94947985323284,25.052443656109826,51.68064919689989,28.772318240993094,0.23076923076923078,-0.39801586002951694,-2.055904289332375,28.660142123631097,0.029622185987636863,-0.0054790477158467455,0.030124638861879743,-4.059844318808712
1329,11.010052299999643,108.56201657207308,223.94950146355234,25.052773055093787,51.6806541838967,28.642833399175185,0.23076923076923078,-0.3976864610455557,-2.0559092763291815,28.652451398359034,0.025142497531264418,-0.004415656051884725,0.025527303039651165,-3.2767878374756525
1330,11.014297899999747,108.56403853632881,223.94939242521426,25.053239662229725,51.680629021203295,28.616936430811602,0.23076923076923078,-0.39721985390961834,-2.055884113635777,28.650913253304623,0.03741217011433812,-0.0035595124185619537,0.03758112027763503,-0.34542695443739907
1331,11.025965699999688,108.56601459318864,223.94927361289535,25.053695675351225,51.680601602975855,28.611757037138887,0.23076923076923078,-0.3967638407881182,-2.0558566954083375,28.65060562429374,0.034093535075412726,-0.023318883383254146,0.04130544099970613,-0.13458963599515242
1332,11.030037099999845,108.56779034568486,223.94917524526485,25.054105464388815,51.68057890275343,28.610721158404342,0.23076923076923078,-0.39635405175052796,-2.055833995185914,28.65054409849156,0.032951532168033294,-0.03190064226233475,0.045863432590358855,-0.014154767170758097
1333,11.042504899999585,108.5620144199173,223.9562002139041,25.052772558442456,51.68220004936249,28.770780095938683,0.23076923076923078,-0.39768695769688733,-2.057455141794975,28.650531793331126,0.018173998318123094,-0.030167190074222146,0.03521865374828215,-0.0055572292725614625
1334,11.04679969999961,108.56242438134652,223.95700659644478,25.05286716492612,51.68238613764111,28.6425257701643,0.23076923076923078,-0.39759235121322334,-2.0576412300735925,28.65052933229904,0.03327212823148762,-0.018167961910146677,0.03790922522317089,0.9459011986396656
1335,11.05808879999995,108.56418626501437,223.9562926647362,25.053273753464858,51.68222138416989,28.616874905009425,0.23076923076923078,-0.3971857626744857,-2.0574764766023748,28.68258206274887,0.005426905157026963,-0.017850879101697747,0.01865757712798731,-1.2810886759715214
1336,11.06192639999972,108.56609157968133,223.9552558749243,25.05371344146492,51.68198212498253,28.61174473197845,0.23076923076923078,-0.3967460746744216,-2.0572372174150146,28.65693938618259,0.04118842243388113,0.020236172352437572,0.04589105374764673,-1.4228730820206952
1337,11.073967299999822,108.56407881838224,223.95488223655335,25.05324895808821,51.68189590074308,28.770984810653506,0.23076923076923078,-0.3972105580511318,-2.0571509931755614,28.65181085086933,0.042690317475487134,0.03225271900886186,0.0535042156247756,
1338,11.077384400000028,108.56514346863365,223.9539877405348,25.053494646607767,51.68168947858496,28.642566713107268,0.23076923076923078,-0.39696486953157617,-2.056944571017439,22.928435869867446,0.035487111928093604,0.029333912882372953,0.046041433057493864,
1339,11.090237699999761,108.56678864425803,223.95305458283877,25.053874302521084,51.68147413450126,28.61688309359802,0.23076923076923078,-0.39658521361825905,-2.05672922693374,17.206086923471755,0.012572373545224558,0.016864703617495157,0.021035275245801194,
