frame,t_s,x_px_filt,y_px_filt,x_mm_abs,y_mm_abs,angle_deg_raw,mm_per_px,x_mm,y_mm,angle_deg_unwrapped,vx_mm_s,vy_mm_s,speed_mm_s,angular_vel_dps
889,7.366302899999937,220.54481570972808,278.13094531127484,49.27059963051712,62.13557279589509,3.768428790524583,0.223404025490062,0.0,-0.0,2.1934400757678705,,,,
890,7.3804491000009875,220.5335656828031,278.1295075680531,49.26808632921521,62.13525159827173,3.6147533392816746,0.223404025490062,-0.002513301301910076,0.00032119762335725,3.0686282746012643,,,,
891,7.38488850000067,220.51758102641367,278.1276604003141,49.26451529263173,62.134838933563074,3.584018249033093,0.223404025490062,-0.006084337885390312,0.0007338623320123361,3.815879430603295,,,,
892,7.39489599999979,220.51484371241395,278.1562666015434,49.26390376566516,62.14122967407168,4.37594099416697,0.223404025490062,-0.006695864851955946,-0.00565687817659466,3.8218959026001516,-0.2699826960920757,-0.11921115687164645,0.2951304052648971,47.826557802150134
893,7.400046200000361,220.50828856482224,278.15884051513194,49.26243931930549,62.14180469672863,3.7362557800101523,0.223404025490062,-0.008160311211625526,-0.006231900833540749,3.8611376796655374,-0.28171427996155274,-0.09333722201451275,0.29677394182718025,30.442821526688984
894,7.410913499999879,220.50719909433056,278.15696629333377,49.262195927212,62.14138598803425,3.7985111505088662,0.223404025490062,-0.008403703305120303,-0.005813192139164869,3.8689860350786147,-0.14200687209402363,-0.09165362420380012,0.1690157937934198,-3.6778641141193082
895,7.415703900000153,220.50213165224474,278.1537053794858,49.26106384025109,62.140657486753845,3.810962224608609,0.223404025490062,-0.009535790266028243,-0.005084690858758734,3.748980236190528,-0.22440997045555536,0.07151829007601349,0.235530678798453,-4.002095128455451
896,7.426226699999461,220.49714546188932,278.1489304952621,49.259949905253826,62.13959075839702,3.62326002609848,0.223404025490062,-0.010649725263291998,-0.004017962501933425,3.724979076412911,-0.1841043622690103,0.11110943827263264,0.2150342379244267,-5.543621942505574
897,7.430932999999641,220.48717851635124,278.1451961858272,49.25772324949878,62.13875649863684,3.775911999726532,0.223404025490062,-0.012876381018337213,-0.003183702741750949,3.7201788444573873,-0.1480813742979078,0.12309279562051884,0.19256149601525194,-4.120173414851398
898,7.441821899999923,220.48314182757414,278.1409895982146,49.25682143697633,62.13781673003061,3.6162499811220643,0.223404025490062,-0.013778193540787242,-0.002243934135520931,3.7192187980662847,-0.12442637724102662,0.1011063531104775,0.1603259741670913,1.021098650092411
899,7.446649600000455,220.48655007481347,278.1388622066826,49.257582853129456,62.137341462198556,3.7745099907312487,0.223404025490062,-0.01301677738766216,-0.0017686663034695016,3.757065271454079,-0.12327770891227839,0.09830759277845688,0.15767617547541973,3.470788413340485
900,7.458204900000055,220.4804441288108,278.13668240958077,49.25621876021304,62.13685448675126,3.806161992653086,0.223404025490062,-0.014380870304080418,-0.0012816908561745777,3.7646345661316367,-0.008939963970015754,0.06604858456284314,0.06665087005088696,3.808494419652848
901,7.462172999999893,220.4786658722906,278.1351303802272,49.25582149054807,62.136507757146,3.812492393037453,0.223404025490062,-0.014778139969045867,-0.0009349612509126359,3.804186907733163,0.09365939368377536,0.056129776439035405,0.10919081384580168,1.666389221053604
902,7.474004900001091,220.48388613359998,278.13428460921693,49.2569877179387,62.136318808497656,3.8137584731143264,0.223404025490062,-0.013611912578419094,-0.0007460126025691238,3.8120973760534693,0.08450956036879195,0.037741215248135,0.09255411996303865,-0.0169844142045361
903,7.477380899999844,220.49038681660312,278.1337298437105,49.258439996690036,62.13619487165032,3.814011689129701,0.223404025490062,-0.012159633827081961,-0.0006220757552313216,3.7756409870515135,0.16820426686509887,0.04728319251202892,0.17472371243124096,-0.2181854522130742
904,7.4900080999996135,220.49671550908243,278.13336227049797,49.259853852066,62.13611275431498,3.8140623323327763,0.223404025490062,-0.010745778451116905,-0.0005399584198926277,3.7683497092511224,0.2261846083906489,0.029583424050947035,0.22811106078270155,-2.216351386061921
905,7.494163200000912,220.50230311433114,278.1316910925268,49.261102145571414,62.13573940642891,3.6238800476433135,0.223404025490062,-0.00949748494570457,-0.0001666105338244961,3.766891453691044,0.27587878132808413,0.02463053532153613,0.2769761095424916,-4.654703301926565
906,7.506705800000418,220.51295828590702,278.1317539498895,49.26348255379375,62.13575344901677,3.7760360040354986,0.223404025490062,-0.007117076723368143,-0.0001806531216814733,3.766599802579029,0.20239115661405727,0.016552395383860795,0.20306689062601888,-1.9751218366177012
907,7.510011899999881,220.51809400262908,278.1318841051482,49.26462989358323,62.13578252622549,3.8064671953139357,0.223404025490062,-0.005969736933884917,-0.00020973033040405653,3.728502989690611,0.2062993686530124,0.029390468794590556,0.2083824108762477,-1.5416029560516162
908,7.52171509999971,220.52138064787408,278.132076861248,49.265364143361325,62.13582558871413,3.812553433569623,0.223404025490062,-0.005235487155793805,-0.00025279281904033724,3.758922109778942,0.17363551487680595,0.00973889071095545,0.17390841848172112,-1.451185183113478
909,7.525541000000885,220.52363282065994,278.13086620017526,49.26586728782779,62.13555512215698,3.6235782678906827,0.223404025490062,-0.0047323426893299825,1.7673738106793735e-05,3.7650059337966093,0.16149407084109857,0.004567819307575654,0.16155865773785205,-1.4329811218015058
910,7.537572299999738,220.53101654256733,278.1313188449657,49.26751684102499,62.13565624482527,3.7759756480849727,0.223404025490062,-0.003082789492125926,-8.344893018374933e-05,3.766222698600145,0.11344831610677569,0.00352846251570938,0.11350317385512912,1.47172355212408
911,7.541163300000335,220.53309135488013,278.13175244073364,49.26798036244781,62.13575311186527,3.8064551241238305,0.223404025490062,-0.00261926806931001,-0.0001803159701836421,3.766466051560851,0.1812627246728566,-0.006682943398921935,0.18138587896608988,1.3964476201554692
912,7.553857599999901,220.53916044247978,278.1325474851834,49.269336221048626,62.13593072799579,3.812551019331602,0.223404025490062,-0.0012634094684926822,-0.0003579321007052272,3.804553204819008,0.2321900277447779,-0.02739563767667621,0.2338006200758083,1.1022506938834644
913,7.5572845000006055,220.54532401564924,278.13338711543645,49.270713188106086,62.13611830477424,3.8137701983731565,0.223404025490062,0.0001135575889676943,-0.0005455088791563867,3.8121706354706406,0.2072421190145663,-0.026959320417189937,0.20898827921920496,1.0858192569288787
914,7.570067200000267,220.5674184978088,278.1352678604021,49.27564918436165,62.136538470770496,3.8140140341814672,0.223404025490062,0.005049553844528987,-0.0009656748754096611,3.813694121600965,0.12396306642408586,-0.022447333741827245,0.1259790642502924,1.0759125399633247
915,7.586124100000234,220.56830726117096,278.1357151584599,49.27584773767446,62.136638398957196,3.8140628013431295,0.223404025490062,0.005248107157342474,-0.0010656030621092327,3.813998818827031,0.08354191156339597,-0.019626422539399366,0.08581635886799974,0.47603847804441246
916,7.58946620000097,220.56400903575172,278.13578120660713,49.27488749681334,62.13665315437917,3.814072554775462,0.223404025490062,0.004287866296223797,-0.0010803584840815006,3.814059758272245,-0.14376341852811236,-0.0031284800143018855,0.14379745440754188,7.335202708288936
917,7.602099499999895,220.5586200567895,278.1357748304604,49.2736835772199,62.13665172992231,3.8140745054619285,0.223404025490062,0.003083946702780338,-0.0010789340272268078,3.8140719461612864,-0.260751129493625,0.005098162737118399,0.26080096394663754,7.095190956642699
918,7.60542870000063,220.54767121903137,278.135361249119,49.2712375627903,62.13655933418578,3.8140748955992216,0.223404025490062,0.0006379322731788761,-0.0009865382906966147,3.9356498537097964,-0.301586956866548,-0.37569695221356125,0.4817705807275741,4.611805349555765
919,7.618124800001169,220.53637382892776,278.1348916428461,49.26871368036362,62.136454422254026,3.8140749736266804,0.223404025490062,-0.0018859501535004597,-0.0008816263589395135,3.921926952553486,-0.2734295284479348,-0.3810666980563582,0.4690154959005466,4.4737672506667945
920,7.621414299999742,220.53354948140185,278.1630182598326,49.268082709756946,62.14273802171222,4.421952339085688,0.223404025490062,-0.00251692076017207,-0.007165225817132637,3.8811438896562076,-0.36670122272920413,-0.31902196319476533,0.4860502029129662,4.374291086390937
921,7.633552900000723,220.52558784032118,278.1647169673019,49.26630404709002,62.14311751979899,3.745458048993896,0.223404025490062,-0.004295583427101235,-0.007544723903905037,3.872987277076753,-0.2619693472899998,-0.30945332298499945,0.4054495012033027,-4.680348245622856
922,7.636839099999634,220.5173260677463,278.1601520201458,49.26445833383911,62.14209769222817,3.610159190975537,0.223404025490062,-0.006141296678009667,-0.006524896333083063,3.871355954560862,-0.24208131845840195,-0.2653929719277589,0.3592169181639507,-3.707950615193053
923,7.650763499999812,220.50417129965143,278.1554402267161,49.26151950569233,62.141045058608704,3.7732918327019433,0.223404025490062,-0.009080124824791369,-0.005472262713617226,3.7494542200869807,-0.19850816201089513,0.12875885265859674,0.2366100854209347,-0.5354152640539046
924,7.654375699999946,220.50256488912186,278.1517445781634,49.261160627113426,62.14021943584523,3.8059183610472247,0.223404025490062,-0.00943900340369197,-0.00464663995014547,3.763112355858219,-0.13916075686179552,0.17480677528678212,0.2234348337581034,0.11140477635569956
925,7.666142899999613,220.50393712071798,278.1485547358494,49.26146718917591,62.13950681223161,3.812443666716281,0.223404025490062,-0.009132441341208164,-0.003934016336522461,3.803882465678481,-0.018987322756457058,0.12121688429645443,0.12269495288722308,0.23573163387749618
926,7.669325400000162,220.5060769010291,278.1457202269311,49.26194522471108,62.13887357152896,3.813748727850092,0.223404025490062,-0.008654405806041154,-0.003300775633874764,3.8120364876425312,0.05240623285736151,0.1339528774535736,0.14383944737238147,2.005543929469979
927,7.682349099999556,220.50836279215181,278.14324920956483,49.262455901989725,62.138321536302286,3.8140097400768544,0.223404025490062,-0.008143728527393534,-0.0027487404071990795,3.813667292035341,0.07729550194507813,0.09257859438296226,0.12060427338559206,1.2500089693994398
928,7.685799799999586,220.51061654642663,278.14109794692246,49.26295939976718,62.13784093556809,3.8140619425222066,0.223404025490062,-0.007640230749935029,-0.0022681396730064307,3.8139934529139032,0.0871124634233602,0.09209037292564762,0.12676441957138887,0.5575058394395254
929,7.7047734999996464,220.5127478255715,278.139255504797,49.263435536107586,62.13742932658054,3.8140723830112773,0.223404025490062,-0.00716409440953214,-0.0018565306854512187,3.8140586850896145,0.07000362463041909,0.0614043638105931,0.09311822247219013,0.04516045408142729
930,7.7106791000005614,220.51473404501593,278.1377191496367,49.26387926552698,62.13708609865315,3.8140744711090915,0.223404025490062,-0.006720364990137284,-0.001513302758063162,3.814071731524757,0.1251222085562929,0.05872533647659245,0.13821806039115678,-1.4700777310892739
931,7.7169415000007575,220.51654667043368,278.1364424216865,49.264284213342016,62.136800872489616,3.8140748887286544,0.223404025490062,-0.006315417175102311,-0.0012280765945291705,3.814074340811785,0.13201456066866699,0.03272024576233501,0.13600903907935222,-1.6486843537840636
932,7.722046599999885,220.52374039685645,278.13577991694507,49.26589132078313,62.13665286626347,3.814074972252567,0.223404025490062,-0.004708309733985061,-0.001080070368381314,3.776036380003175,0.21298667547155928,0.050999183110480975,0.21900739851969311,-1.7399412289288496
933,7.731573799999751,220.53143253573757,278.13538540892375,49.2676097755738,62.13656473158342,3.8140749889573495,0.223404025490062,-0.0029898549433156063,-0.000991935688333001,3.768428787841454,0.2633968536035199,0.037675362573418796,0.2660776868383981,-1.7455919572948966
934,7.734933699999601,220.5378988749012,278.1336846090669,49.269054381773145,62.13618476604885,3.623882578968228,0.223404025490062,-0.0015452487439731044,-0.0006119701537627975,3.7669072694091104,0.33661878683794716,0.02586457684857543,0.33761099506356007,-1.7493063814053504
935,7.74661770000057,220.55501075998507,278.1341291600792,49.2728772457846,62.13628408053454,3.7760365103004814,0.223404025490062,0.002277615267480826,-0.0007112846394505823,3.766602965722642,0.26481465970948814,0.020814034606226717,0.2656313762220894,0.3738635098421073
936,7.749969899999996,220.56147455278924,278.1343318505667,49.27432128311699,62.13632936240536,3.8064672965669324,0.223404025490062,0.003721652599871561,-0.0007565665102760022,3.7665421049853505,0.18245488927980738,0.02141585975868539,0.18370744587879514,0.8912335544300016
937,7.761985000001005,220.55909651295318,278.134130753169,49.27379001944484,62.13628443643721,3.8125534538202226,0.223404025490062,0.003190388927720278,-0.0007116405421214722,3.8045684155039083,0.07926105565654085,-0.0005640179180996935,0.07926306239353362,1.0069346313862004
938,7.766237699999692,220.5546911204258,278.13389737335086,49.27280583702035,62.136232298446366,3.8137706852708804,0.223404025490062,0.002206206503231556,-0.000659502551279445,3.8121736776076203,-0.03763866219810402,0.0024330709199728885,0.03771722055195216,1.027933135161505
939,7.778342300000077,220.55003065974512,278.13372458747835,49.271764671343654,62.1361936973869,3.814014131561012,0.223404025490062,0.0011650408265353462,-0.000620901491814152,3.813694730028362,-0.1392685801872895,0.005328974483723508,0.13937049686512443,1.032604690117292
940,7.782195600000705,220.54559253432103,278.13361272645943,49.27077317625828,62.13616870718497,3.8140628208190384,0.223404025490062,0.00017354574116268395,-0.0005959112898850094,3.8139989405125103,-0.14924700059752885,0.0053081120987183966,0.14934136480363147,0.3997405566380187
941,7.7938907999996445,220.54154187137323,278.1335618730211,49.26986824184984,62.13615734632214,3.8140725586706434,0.223404025490062,-0.0007313886672761782,-0.0005845504270567403,3.8140597826093403,-0.1323476619296646,0.002836871083743171,0.13237806259269158,0.04215551704629226
942,7.815773600001194,220.53232379181793,278.1332058369076,49.267808885769895,62.13607780642117,3.8140745062409644,0.223404025490062,-0.002790744747223073,-0.000505010526083538,3.8140719510287067,-0.13254965501816968,0.0014868084406876206,0.13255799351519731,0.017040542327717435
943,7.821678899999824,220.52843998726112,278.1332083806136,49.266941228197695,62.13607837469533,3.814074895755029,0.223404025490062,-0.0036584023194237147,-0.0005055788002437112,3.8140743847125775,-0.15550148072698472,0.002568518278701115,0.1555226922170293,0.0012554661407468985
944,7.827461900000344,220.52618729784066,278.1333005692745,49.266437968312985,62.13609897001328,3.8140749736578416,0.223404025490062,-0.004161662204133165,-0.0005261741181925572,3.814074871449351,-0.17152584806598659,0.0034881528393192734,0.17156131197034594,0.00021537231014460666
945,7.831758000000264,220.51903232861056,278.1330718464202,49.26483951938472,62.1360478724069,3.8140749892384043,0.223404025490062,-0.005760111132396162,-0.00047507651181177835,3.8140749687967075,-0.16508531154131395,0.0008131819578711538,0.16508731432665955,0.0001043660367015067
946,7.842314299999998,220.51159020495538,278.13280867205424,49.26317691900196,62.13598907819414,3.814074992354517,0.223404025490062,-0.007422711515161495,-0.00041628229905654734,3.814074988266179,-0.1340348252530738,0.00022765776502707102,0.13403501859096378,2.1950863364512645e-05
947,7.8460549999999785,220.51055364865095,278.1329717602987,49.2629453481509,62.13602551276446,3.8140749929777393,0.223404025490062,-0.007654282366218013,-0.0004527168693755357,3.814074992160071,-0.10815971602450167,-0.0008568518027943276,0.10816311000296171,5.122614923033126e-06
948,7.864286199999697,220.5112329251022,278.1332185260122,49.26309710124453,62.13608064121821,3.814074993102384,0.223404025490062,-0.007502529272585434,-0.0005078453231206481,3.814074992938851,-0.1083763709161154,0.00046231952722015565,0.10837735700916809,5.917769322189442e-07
949,7.870373600000676,220.51238693610952,278.1334633229093,49.26335491194902,62.136135329830445,3.8140749931273126,0.223404025490062,-0.0072447185680957205,-0.0005625339353585446,3.8140749930946094,-0.12749123035948506,0.0014819349519205015,0.12749984294020525,2.2315929277895637e-07
950,7.876271299999644,220.50253597352935,278.13297520572735,49.261154167253665,62.136026282487094,3.8140749931322984,0.223404025490062,-0.009445463263453746,-0.0004534865920078346,3.8140749931257596,-0.10696560397382142,0.0022470699379571898,0.10698920392633302,1.499640534275151e-08
951,7.8812235000004875,220.49692610764015,278.13273873551384,49.25990090063156,62.13597345408949,3.814074993133296,0.223404025490062,-0.01069872988556142,-0.00040065819440116,3.8140749931319893,-0.06761956662483197,-0.0012949965062892086,0.0676319658629068,6.466768351357484e-09
952,7.890229700000418,220.4985677695858,278.1329771643472,49.26026765451871,62.13602672005066,3.814074993133495,0.223404025490062,-0.010331975998411735,-0.00045392415557188315,3.814074993133236,-0.08336748526402415,0.0006109926694640145,0.08336972418863711,1.3500996265266638e-09
953,7.893831299999874,220.50187354029686,278.1333114297587,49.261006177002905,62.13610139628916,3.814074993133535,0.223404025490062,-0.00959345351421348,-0.0005286003940767614,3.814074993133483,0.02760029239029159,-0.0064119917594880425,0.028335309745145372,2.9431780225765827e-10
954,7.90646310000011,220.4998160718418,278.13328055519355,49.260546530267725,62.136094498787024,3.814074993133543,0.223404025490062,-0.010053100249393765,-0.0005217028919375366,3.81407499313353,0.09109164872797831,-0.00959347107246792,0.09159543195596422,4.271805412220418e-11
955,7.9097426000007545,220.50248316224756,278.1335246065718,49.26114236900072,62.136149020847355,3.8140749931335445,0.223404025490062,-0.009457261516395477,-0.0005762249522689444,3.814074993133539,0.11588310255197348,-0.011031210442953429,0.11640696311178265,1.5035826055789485e-11
956,7.922102700000323,220.50604529007362,278.13381450125235,49.261938162696374,62.13621378448595,3.814074993133545,0.223404025490062,-0.008661467820743951,-0.0006409885908666979,3.8140749931335387,0.08793964968665323,-0.00783023963363847,0.08828756786621485,1.2998370551319436e-12
957,7.9268505000000005,220.50954507495982,278.1340929685748,49.262720028728296,62.13627599520676,3.814074993133545,0.223404025490062,-0.007879601788822299,-0.0007031993116726198,3.8140749931335387,0.2001695699013162,-0.015251051026365463,0.20074972296839344,5.615516637643378e-13
958,7.937707400000363,220.51272028363252,278.1343228026906,49.26342938312755,62.13632734107342,3.814074993133545,0.223404025490062,-0.007170247389566953,-0.0007545451783315116,3.8140749931335387,0.1747767014665459,-0.0126832008070419,0.17523629463737772,-7.185851406793736e-15
959,7.941275500001211,220.52110151866202,278.1349066894422,49.26530178477172,62.136457783724154,3.814074993133545,0.223404025490062,-0.005297845745396046,-0.0008849878290675406,3.8140749931335387,0.2700326011371723,-0.019059278496740138,0.2707043807804438,0.0
960,7.953941199999463,220.52420390749754,278.13512132568087,49.26599487092621,62.1365057343239,3.814074993133545,0.223404025490062,-0.004604759590911556,-0.0009329384288108145,3.8140749931335387,0.3011540382725507,-0.020697551743925558,0.3018644454321466,0.0
961,7.9568813999994745,220.53131953156188,278.1356098602288,49.26758452998606,62.13661487490849,3.814074993133545,0.223404025490062,-0.0030151005310585788,-0.0010420790134020308,3.8140749931335387,0.39122231215151276,-0.02657555385601735,0.3921239059123146,0.0
962,7.969688700000916,220.54968092659163,278.13683062667826,49.271686539549314,62.13688759904748,3.814074993133545,0.223404025490062,0.001086909032196104,-0.0013148031523968484,3.8140749931335387,0.3012812015806569,-0.02018694774696308,0.3019567440631572,0.0
963,7.973035799999707,220.55740695650144,278.137341811943,49.27341256573222,62.1370017998934,3.814074993133545,0.223404025490062,0.002812935215104062,-0.0014290039983109182,3.8140749931335387,0.32946174646213244,-0.021949611907627856,0.33019210748407346,-2.374066636233986
964,7.985870100001193,220.5617188350726,278.1376069373607,49.27437585676245,62.13706102997898,3.814074993133545,0.223404025490062,0.0037762262453284734,-0.001488234083893758,3.8140749931335387,0.21240787618140747,-0.013917836391402677,0.21286336470542314,-2.45607484528544
965,7.9890746000000945,220.56452486257675,278.13778765963315,49.27500273460251,62.137101404062136,3.814074993133545,0.223404025490062,0.004403104085390908,-0.0015286081670495832,3.7760365104675233,0.11742498691349966,0.0008205778830402376,0.11742785401980954,-2.4961786751894697
966,8.007628100000147,220.56082039411098,278.13753529381455,49.27417514143495,62.137045024522365,3.814074993133545,0.223404025490062,0.003575510917833924,-0.0014722286272785823,3.768428813934321,-0.019970633023597736,0.011231527867965566,0.022912298043018288,-2.505286416758466
967,8.015216100000544,220.55556841029534,278.13575558859037,49.27300182710873,62.136647431211095,3.623882579803467,0.223404025490062,0.0024021965916105614,-0.0010746353160087097,3.7669072746276826,-0.05182025814718459,0.01287187503686991,0.053394984047245915,-2.5062501330074554
968,8.021898500001043,220.55044453177305,278.13521910954995,49.271857132020735,62.13652757963388,3.7760365104675295,0.223404025490062,0.001257501503616254,-0.0009547837387913205,3.7666029667663565,-0.14117448773968128,0.016520904208515447,0.142137877655565,1.8601309841355471
969,8.034529099999418,220.54568455823625,278.13501632523906,49.27079373477138,62.13648227680252,3.806467296600342,0.223404025490062,0.0001941042542625837,-0.0009094809074312593,3.766542105194092,-0.14679873017357625,0.016180130631694475,0.1476877239577926,2.07217256933477
970,8.038346400000592,220.54139321597506,278.13491985279416,49.26983503163548,62.13646072446998,3.8125534538269044,0.223404025490062,-0.0007645988816378235,-0.0008879285748903953,3.8045684155456554,-0.23406343507305877,0.01109638951537069,0.23432631414008293,-0.05705441398436095
971,8.050043799999912,220.53758524247033,278.1348499583157,49.26898431502556,62.136445109762136,3.8137706852722166,0.223404025490062,-0.001615315491555691,-0.0008723138670490016,3.8121736776159683,-0.21204416414350286,0.007782320682815002,0.21218692717160254,-0.16127653068149184
972,8.05341050000061,220.5286796052953,278.134443385575,49.26699475983111,62.13635427977521,3.8140141315612794,0.223404025490062,-0.003604870686011452,-0.0007814838801252222,3.7756562473640143,-0.22276115451306117,0.025990425689481577,0.2242722323149087,-2.5236227050234428
973,8.06629939999948,220.52514856953673,278.13436463057343,49.26620591222849,62.13633668559083,3.8140628208190916,0.223404025490062,-0.004393718288625337,-0.0007638896957402608,3.768352761313623,-0.17686761368834947,0.025299902118072252,0.17866795409080855,-4.63994760892184
974,8.069642100001147,220.52308706914198,278.1329487626238,49.265745364741754,62.13602037499132,3.6238801453405767,0.223404025490062,-0.004854265775364297,-0.00044757909623172054,3.72885358143753,-0.1752150825743422,0.04133216460966886,0.1800240900347904,-7.092894406303124
975,8.08238270000038,220.5218507162601,278.13282367747235,49.26546915853102,62.13599243046495,3.7760360235749513,0.223404025490062,-0.005130471986099394,-0.0004196345698659343,3.720953745462313,-0.00043070293791003245,0.0317456101889443,0.031748531797378104,-4.452618918388309
976,8.085793800000829,220.52086642662363,278.131579332454,49.26524926426398,62.135714438778756,3.6162747858917483,0.223404025490062,-0.005350366253139782,-0.00014164288366913524,3.681335295601254,0.03213633419928226,0.04277774223676845,0.053504011126675,-3.9969490743444545
977,8.09858290000011,220.5370655141266,278.13277886631664,49.26886820562141,62.13598241947238,3.7745149516851857,0.223404025490062,-0.0017314248957092104,-0.0004096235772905743,3.711450088295057,0.05371927373004352,0.023253065705777405,0.05853601826910116,-1.0015427599872824
978,8.102101599999514,220.53866625035783,278.1318885642354,49.26922581653922,62.13578352240353,3.6159705715137953,0.223404025490062,-0.001373813977899374,-0.0002107265084418941,3.7174730468338173,0.029574072464030716,0.01769479750763675,0.03446348242624369,-0.43652458993025545
979,8.114518399999724,220.5370064978922,278.1320550878362,49.26885502115708,62.13582072444628,3.774454108809595,0.223404025490062,-0.001744609360038396,-0.00024792855119670776,3.756716121207584,0.03451196860047845,-0.00012919658973227716,0.03451221042528584,2.526381812849316
980,8.11807779999981,220.5347376169047,278.1324629296739,49.268348144011114,62.135911837954595,3.806150816268755,0.223404025490062,-0.0022514865060045963,-0.0003390420595081878,3.7645647360823355,-0.04650964828879947,-0.0009084512427141207,0.04651851961969788,0.3934973681624918
981,8.130455500000608,220.53253389153087,278.13288532470364,49.267855822891526,62.13600620270458,3.812490157760587,0.223404025490062,-0.0027438076255918986,-0.0004334068094919985,3.804172941723301,-0.0728761350532451,-0.013451766698627122,0.07410722695940736,-0.6415083248892498
982,8.134079800000109,220.5305524487128,278.1332884698478,49.26741316058969,62.13609626695264,3.813758026058953,0.223404025490062,-0.003186469927427993,-0.0005234710575550139,3.7740561001854793,-0.0847742177221813,-0.0007820637733329285,0.08477782501428872,-1.7056472154595907
983,8.14680220000082,220.528832570186,278.1336410261533,49.26702893280345,62.13617502945051,3.8140115997186266,0.223404025490062,-0.0035706977136698015,-0.0006022335554263236,3.7299942492118996,-0.06156864466813316,0.009330473723890616,0.06227162874201264,-2.176308021490297
984,8.150881600000503,220.52720097091566,278.13253897968286,49.266664426958464,62.135928827832736,3.6238699011204836,0.223404025490062,-0.003935203558654621,-0.0003560319376489929,3.7211818790171827,-0.005621462444747899,0.004743641626150433,0.007355472513377924,-2.832829103928314
985,8.162768899999719,220.5257974351117,278.13121061161996,49.26635087140995,62.13563206506015,3.585841561400855,0.223404025490062,-0.0042487591071704855,-5.92691650638244e-05,3.719419404978241,0.04017223380071364,0.0060387270262466635,0.04062357188427332,-1.172113997129534
986,8.167034300000523,220.5303789547252,278.13179404694796,49.26737440133446,62.13576240686103,3.768428306787007,0.223404025490062,-0.0032252291826608825,-0.00018961096594694027,3.7190669101704517,0.10553428570149369,-0.0035686047163198866,0.1055946040200248,-0.480171652892134
987,8.178547499999695,220.53588453360317,278.13274099220575,49.26860436981845,62.13597395824355,3.8049456558642376,0.223404025490062,-0.00199526069867062,-0.00040116234846010457,3.7189964112088933,0.11883969818007693,-0.01210083657144915,0.11945419251437223,-0.048177172312417055
988,8.182445899999948,220.54106036679923,278.1336872622116,49.26976067178972,62.13618535877205,3.8122491256796835,0.223404025490062,-0.0008389587273995858,-0.0006125628769666491,3.7189823114165828,0.10006084095360368,-0.005258032112612278,0.10019889617176246,-1.6145903519536353
989,8.194199100000333,220.53985951308653,278.1327565323498,49.269492396236274,62.13597742997428,3.6235174063126947,0.223404025490062,-0.0011072342808446933,-0.0004046340791958869,3.71897949145812,0.08611811823317062,-0.002858710676101673,0.0861655529475208,-1.7320945854256506
990,8.198965699999462,220.53729336948257,278.1314938816226,49.26891910942516,62.13569534871903,3.585771062439297,0.223404025490062,-0.0016805210919557112,-0.0001225528239459095,3.680940444800411,0.05623743683910239,0.007282198047982302,0.05670696351103687,-0.437319769831118
991,8.210317900000518,220.54594443612064,278.1324370690385,49.27085179253689,62.13590606058454,3.7684142069946955,0.223404025490062,0.0002521620197697416,-0.0003332646894520508,3.6733326354688693,0.008142403868867007,0.015166867995841424,0.017214314554086063,-0.2911483324044474
992,8.215963900000133,220.54486852480164,278.13162000944715,49.270611429617155,62.135723526182765,3.614750422575697,0.223404025490062,1.1799100036569143e-05,-0.00015073028767886854,3.709849556268579,-0.006819907863590104,0.007278776604951946,0.009974554232277947,-1.522510453763521
993,8.226006500000949,220.54739190537032,278.1322854955258,49.27117516299404,62.13587219845165,3.7742100790219753,0.223404025490062,0.0005755324769225467,-0.0002994025565641323,3.71715294042852,0.02362763270231321,-0.001958133987504407,0.023708633782410168,-0.06578956448854276
994,8.231947300000684,220.54479551662578,278.1328638543502,49.27059511929678,62.1360014061412,3.806102010311231,0.223404025490062,-4.5112203395092365e-06,-0.00042861024611084986,3.680575134594494,-0.035638089498895395,0.011236370084303289,0.03736749169803486,-1.4065227667813036
995,8.242447200000242,220.54629790869745,278.1322531339977,49.27093075973345,62.135864968756,3.6222879832390045,0.223404025490062,0.00033112921633460246,-0.00029217286091665073,3.673259573427688,-0.04261850127705864,0.009396476672358912,0.04364207173080621,-2.8447078036984217
996,8.247804200000246,220.5432746114517,278.13111626201504,49.2702553429585,62.135610986978605,3.585525177824559,0.223404025490062,-0.00034428755861881655,-3.819108351876821e-05,3.6337579785283105,-0.08011599975491632,0.016324922340670796,0.08176231715257759,-3.011165967788831
997,8.258728700000574,220.5394861028141,278.1299851812264,49.26940897487825,62.135358298977266,3.57817261674167,0.223404025490062,-0.0011906556388652234,0.00021449691782038371,3.6258576595484353,-0.1796850398856079,0.018490448385181157,0.18063391220968877,0.3945125578403179
998,8.27376970000114,220.53064255231484,278.12864955458394,49.267433290097095,62.13505991460879,3.576702104525092,0.223404025490062,-0.0031663404200230616,0.0005128812862977838,3.624277595752461,-0.19633353713372015,0.017825912448394623,0.19714111939941828,1.247955265035781
999,8.27723960000003,220.52139354823495,278.1288191879624,49.265367025353875,62.13509781138839,3.7666004154118546,0.223404025490062,-0.00523260516324342,0.00047498450669536396,3.6620000656592824,-0.2564135441073149,0.002948735353406332,0.25643049865774226,3.258187914484715
1000,8.29000620000079,220.51846331625796,278.12826650353355,49.2647123997346,62.13497433946217,3.6143876642591293,0.223404025490062,-0.005887230782519737,0.0005984564329182263,3.7075830423066645,-0.24423657658089265,-0.005330317047057501,0.24429473514543124,3.432773668231887
1001,8.293411300001026,220.5119629359981,278.1286776488326,49.26326018861732,62.135066190977035,3.7741375273586617,0.223404025490062,-0.007339441899794963,0.0005066049180513232,3.716699637636141,-0.28070261276132713,2.897274659993676e-05,0.28070261425653953,5.704187887735752
1002,8.305586700000276,220.51105881871632,278.1296730743175,49.26305820517706,62.135288573037435,3.8060874999785685,0.223404025490062,-0.007541425340058083,0.00028422285765117294,3.7185229567020337,-0.17975163394019392,0.000913110244323732,0.1797539531539926,3.0539604939587512
1003,8.30899970000064,220.5062665967689,278.1289606269778,49.261987603502966,62.1351294094338,3.622285081172472,0.223404025490062,-0.00861202701415209,0.00044338646128494474,3.7569261031812293,-0.15508136559010743,-0.01451842531582666,0.1557594768447294,-0.42878193981989465
1004,8.321756200000891,220.50108599733676,278.12933183154917,49.26083023673537,62.13521233802932,3.7757170107413303,0.223404025490062,-0.00976939378174535,0.0003604578657672164,3.7265682498110504,-0.061668260973802604,-0.007662828337085131,0.062142524487315935,-0.5127853734244319
1005,8.324942600000213,220.5021139981135,278.13029438366857,49.261059896247104,62.13542737604754,3.806403396655102,0.223404025490062,-0.009539734270013867,0.00014541984754856685,3.682458196470998,-0.021733121038422086,0.005896994741650459,0.02251894973247549,9.439800230136967
1006,8.337885599999936,220.5044652671065,278.1298712643742,49.26158517920515,62.135332849493906,3.6223482605077786,0.223404025490062,-0.009014451311969651,0.00023994640118019106,3.711674668469002,0.05033977870315882,-0.006072725918249363,0.05070474652299506,7.088897226122601
1007,8.341046600000482,220.5070558004192,278.12917039177717,49.26216391477538,62.13517627173438,3.585537233278314,0.223404025490062,-0.008435715741740069,0.0003965241607062353,3.8694486574486815,0.17762850287526602,-0.3750505032168802,0.41498766848780394,7.488595499982693
1008,8.353949600001215,220.50975192617904,278.12993358915526,49.26276624012335,62.13534677310089,3.768367441162499,0.223404025490062,-0.0078333903937704,0.00022602279419459137,3.8629649725785997,0.15476089105483037,-0.370581924848763,0.40159917383468224,10.253108866562908
1009,8.357350399999632,220.51805916684748,278.15811663703494,49.26462211112939,62.14164297944779,4.564586955639727,0.223404025490062,-0.00597751938772717,-0.00607018355270128,3.861668235604585,0.15593042053182787,-0.32860200546305185,0.363721836080228,7.574399710742178
1010,8.36990440000045,220.51568422530562,278.16065342683686,49.26409153962864,62.14220970850136,3.7739849723047034,0.223404025490062,-0.006508090888480922,-0.0066369126062753026,3.8614088882097817,0.12403680196267436,-0.3225115587312017,0.3455413633074296,-4.937785890607947
1011,8.373324800000773,220.516395116385,278.15732796852564,49.26425035555746,62.141466787728035,3.6158645756376986,0.223404025490062,-0.006349274959660534,-0.005893991832948586,3.8233185360648076,0.1304707480075813,-0.26673339815432284,0.29693319413061636,-6.517676337361442
1012,8.385939100000542,220.51772869242632,278.1528116063892,49.26454828181338,62.14045781424619,3.584240496304298,0.223404025490062,-0.006051348703735471,-0.004885018351103554,3.6637697710557333,0.026201658096850516,0.1132968327539913,0.11628714115976077,-6.543415053722493
1013,8.389736999999514,220.51906916651478,278.1482950646832,49.26484774912081,62.13944880064778,3.5779156804376178,0.223404025490062,-0.0057518813963071125,-0.003876004752690676,3.6318600180539193,0.10065133556260208,0.15625839301010175,0.18586924634439916,-6.599428011260767
1014,8.402250700000877,220.52043425329862,278.1455637564052,49.26515271500347,62.138838615383605,3.7668431305943595,0.223404025490062,-0.005446915513651618,-0.003265819488518673,3.6254780674535576,0.0969585695778604,0.12567533802197928,0.1587301319898763,-3.731148201250222
1015,8.40649510000003,220.52670356454536,278.14234034095676,49.26655330437303,62.138118491396604,3.61443620729563,0.223404025490062,-0.004046326144084844,-0.0025456955015172866,3.624201677333486,0.1491651339129282,0.1388029473927526,0.20375597017063585,-2.6357699460793187
1016,8.41828329999953,220.52817933962268,278.13894812234855,49.26688299846603,62.137360656104185,3.583954822635884,0.223404025490062,-0.0037166320510877426,-0.0017878602090988238,3.661984881975487,0.15633092716774755,0.08883120674980821,0.17980640167067122,-1.0566021225465738
1017,8.422533799999655,220.53359512787443,278.13617746027467,49.26809290736267,62.13674167904361,3.577858545703935,0.223404025490062,-0.002506723154446888,-0.0011688831485230367,3.6315030402378734,0.0952217272192008,0.10439269455879858,0.1412976008708375,-1.0119169060059627
1018,8.434579400000075,220.53977848167563,278.135324577471,49.26947429349289,62.136551141592,3.766831703647623,0.223404025490062,-0.0011253370242272354,-0.0009783456969145732,3.6254066718903504,0.040535337001982495,0.07746912897167316,0.08743328593558646,-0.9559860394979948
1019,8.43883409999944,220.53442353277242,278.1329140911451,49.26827797635162,62.1360126292434,3.614433921906283,0.223404025490062,-0.0023216541654988987,-0.0004398333483166539,3.624187398220845,0.02620944150928315,0.08298177449740432,0.08702246677132634,-3.3550694214443606
1020,8.450408200000311,220.53735344178685,278.13109839583313,49.268932529819764,62.13560699560165,3.583954365558015,0.223404025490062,-0.0016671006973538738,-3.4199706561821586e-05,3.623943543486944,-0.037068788637313915,0.05937891016945297,0.06999964331301853,-2.046472095364073
1021,8.45474110000032,220.5365066343725,278.1293169573567,49.26874334963458,62.13520901507485,3.577858454288361,0.223404025490062,-0.0018562808825350885,0.0003637808202370252,3.5858562898741484,-0.13531451714439002,0.07267007179319494,0.1535934825584977,-0.20091770942447718
1022,8.466863699999521,220.5347843124017,278.1278187412923,49.26835857597312,62.134874307575004,3.57663927203443,0.223404025490062,-0.002241054544001031,0.0006984883200829017,3.578238839151589,-0.10845970617997613,0.05248146109429182,0.12048988182929891,-0.017051525680415486
1023,8.471050399999513,220.52772760275863,278.1262768899129,49.26678207863214,62.13452985177014,3.576395435583644,0.223404025490062,-0.003817551884978343,0.0010429441249470983,3.6147538316730934,-0.14010207371761568,0.0445227937740101,0.1470063611733154,0.49153036168829467
1024,8.482591899999534,220.52013838262326,278.1249530115407,49.26508661630356,62.134234092012534,3.576346668293487,0.223404025490062,-0.005513014213555323,0.0013387038825527497,3.6220568301773954,-0.14058095138345839,0.02949352476699564,0.143641469969712,4.495347010336325
1025,8.498254699999961,220.51301112763824,278.12528579927186,49.263494358849215,62.134308438131306,3.766529328165533,0.223404025490062,-0.007105271667903423,0.0012643577637803105,3.661555912544272,-0.13078419883402614,0.019941818392812425,0.13229581544958252,4.772945482454987
1026,8.502345799999603,220.51216772941933,278.12497989708356,49.26330594029202,62.134240098351036,3.6143734468098647,0.223404025490062,-0.0072936902250972935,0.0013326975440506317,3.707494211683663,-0.03948294649894436,-0.012563731714238727,0.04143368700497062,1.0997983203890629
1027,8.514440799999647,220.5131012890443,278.12607071889977,49.26351450127028,62.13448379233587,3.774134683868809,0.223404025490062,-0.007085129246839017,0.0010890035592154845,3.716681871511541,-0.0056175912899056974,-0.017248406509390888,0.018140144955694878,0.8549280780861703
1028,8.51819450000039,220.5144447558548,278.1274191689828,49.263814637163854,62.134785041512586,3.8060869312805976,0.223404025490062,-0.006784993353264213,0.0007877543825003386,3.680480920811101,0.02881419672907185,-0.011455959394160279,0.031008014105748594,0.27136298669477804
1029,8.530432999999903,220.5156732617176,278.1272985178316,49.26408909031894,62.13475808755973,3.6222849674328774,0.223404025490062,-0.006510540198178205,0.0008147083353549078,3.673240730671011,0.04189437204391344,-0.013455607598137798,0.04400217931863034,-2.590082290486567
1030,8.534089799999492,220.5168272509763,278.12690214410634,49.2643468961647,62.134669536073915,3.5855245746633337,0.223404025490062,-0.006252734352415246,0.0009032598211717868,3.6717926926429936,-0.022688138132712317,-0.019840703208962394,0.030139759716281172,-3.2163207413302586
1031,8.546540499999537,220.51790539062495,278.12652839247187,49.26458775690226,62.13458603845424,3.578172496109425,0.223404025490062,-0.006011873614859553,0.0009867574408488622,3.6334646023713733,-0.0562288121730358,-0.0022042284781034474,0.056271999623029395,-1.3115541453256718
1032,8.549772800000937,220.51348284790038,278.1272818173562,49.263599743054684,62.13475435660631,3.7668944937287208,0.223404025490062,-0.0069998874624346286,0.0008184392887784497,3.625798984317048,-0.051674997359838507,0.0018087471479064322,0.051706642884491893,-1.2123897547212665
1033,8.56252350000068,220.5084747769165,278.1268293044367,49.262480919836946,62.1346532633985,3.6144464799225022,0.223404025490062,-0.008118710680172114,0.0009195324965887153,3.6242658607061817,-0.0777270270753257,-0.001001010947177318,0.07773347258990031,-1.7519522629159305
1034,8.565725200000088,220.5091224784088,278.1265101825545,49.26262561895764,62.134581970285396,3.5839568771612584,0.223404025490062,-0.007974011559475969,0.0009908256096906598,3.623959235984009,-0.06290575577483651,0.00034170481218150865,0.06290668384028875,-1.5747704294481486
1035,8.57804010000109,220.50582828805923,278.1259497502285,49.26188968357282,62.134456767447745,3.5778589566090098,0.223404025490062,-0.008709946944300384,0.0011160284473419324,3.5858594283735576,0.007254718755395869,0.011116285572593655,0.013274138358151404,-0.5001562086057163
1036,8.581515600000785,220.5072821147394,278.1257409775962,49.26221447430554,62.13441012680128,3.57663937249856,0.223404025490062,-0.00838515621158109,0.001162669093808688,3.5782394668514694,0.05712940271061249,0.010139788437898728,0.05802227127264739,2.1333922450167693
1037,8.593681000000288,220.50973984020828,278.12564300807094,49.26276354006883,62.134388240014964,3.57639545567647,0.223404025490062,-0.00783609044828637,0.001184555880122673,3.6147539572130687,0.05702336198827002,0.0005402861886772744,0.05702592148848586,2.2986083865116
1038,8.597156100000575,220.5122539908138,278.125595627506,49.26332521143479,62.13437765500603,3.5763466723120523,0.223404025490062,-0.00727441908232862,0.0011951408890595872,3.6600953379514034,0.17199101572450892,-0.02791547916794558,0.17424173859074146,5.267625197933903
1039,8.609573100000489,220.51473647133628,278.1270257379312,49.263879807576714,62.134697147431915,3.7665293289692463,0.223404025490062,-0.006719822940404185,0.0008756484631717854,3.6691636140990695,0.1803732971718437,-0.032201342836734086,0.18322514241536592,5.8315645175945185
1040,8.612964400001147,220.52255542520712,278.12903121475625,49.26562659334658,62.13514517902765,3.804565860300685,0.223404025490062,-0.004973037170536543,0.0004276168674337555,3.7090157519946203,0.25967485876965574,-0.050984956526513796,0.2646327607630075,3.2706754398943216
1041,8.625672000000122,220.53025509775685,278.1294868075953,49.26734673118914,62.135246960301885,3.6219807532368953,0.223404025490062,-0.003252899327975456,0.00032583559320187305,3.71698617957373,0.24862597855089008,-0.052068260091804326,0.25401964671925564,0.5435172073261353
1042,8.629389699999592,220.537604515406,278.13101977318786,49.26898862067697,62.1355894309862,3.775656145154215,0.223404025490062,-0.0016110098401469486,-1.6635091114380884e-05,3.680541782423536,0.2962908871635743,-0.044350028633356686,0.29959174697570945,0.32078033268836975
1043,8.64177969999946,220.54350452240618,278.13115124456647,49.27030670599123,62.135618802221416,3.6161988102076013,0.223404025490062,-0.0002929245258869173,-4.60063263290067e-05,3.6732529029934975,0.2094424537522295,-0.022270820714726525,0.2106231964648298,-2.6603202486642754
1044,8.645582200000717,220.54832119896093,278.1309323423916,49.27138277092305,62.13556989859436,3.5843073432182786,0.223404025490062,0.0007831404059288616,2.897300724669094e-06,3.6717951271074893,0.1558261862663226,-0.014546719300185577,0.15650369761991267,-1.06211154251355
1045,8.65773420000005,220.55271826971094,278.13211357876196,49.27236509422897,62.13583379155455,3.7681214631504916,0.223404025490062,0.0017654637118482697,-0.0002609956594668006,3.6334650892642713,0.05477144554711758,0.0068483839280410784,0.0551979312089386,1.605138130164983
1046,8.661258399999497,220.5506246357871,278.1316306896124,49.271897367982476,62.13572591217468,3.6146918738068563,0.223404025490062,0.0012977374653573293,-0.00015311627959135876,3.6638375643616437,0.060682288311087754,-0.005768812844772218,0.06095588007984124,9.499165894703628
1047,8.673743299999842,220.54706854297999,278.13080043363357,49.271102922534354,62.13554042964682,3.5840059559381294,0.223404025490062,0.0005032920172354238,3.2366248269966036e-05,3.707950542047134,-0.005132371353649747,-0.011519643651092051,0.012611242030819564,13.471964092333788
1048,8.677096999999776,220.5491092072782,278.13178305518574,49.27155881515325,62.13575995125711,3.768061185694462,0.223404025490062,0.0009591846361303169,-0.00018715536202051908,3.838348607554937,0.038253096935712126,-0.3552506083862934,0.35730420398311097,32.469757460694105
1049,8.689880199999607,220.5464722481086,278.132692467898,49.270969707859706,62.13596311771786,3.8048722316457284,0.223404025490062,0.00037007734258764913,-0.00039032182277054517,4.0873732432395045,0.11654486504613024,-0.5009343877382822,0.5143131015124429,36.15424536378538
1050,8.693670099999508,220.55152361012284,278.16221669607603,49.272098202467895,62.14255894914232,4.420111790689497,0.223404025490062,0.0014985719507762951,-0.006986153247233062,4.435417763882278,0.2362368170899877,-0.6073889487713953,0.6517124893988367,38.66567728631339
1051,8.705866899999819,220.5656496098061,278.2003136955034,49.275254007661204,62.15106997217348,4.859815052229696,0.223404025490062,0.004654377144085231,-0.01549717627839442,4.765227778850676,0.4775535530461569,-0.8275526637366646,0.9554584278160184,36.15926506300404
1052,8.7288249000012,220.62061085826207,278.2534857114735,49.28753257181223,62.16294881458463,5.324228559151994,0.223404025490062,0.016932941295110027,-0.027376018689544424,5.134632698714471,0.8283449512447212,-1.0696655359715876,1.3529004830725737,35.692770951508265
1053,8.738530800001172,220.6789373520167,278.30415511927464,49.300562945309736,62.1742685642566,5.417111260536454,0.223404025490062,0.02996331479261727,-0.03869576836151367,5.390381129586643,1.2032028897494402,-1.018704209198633,1.5765327334820598,22.205945977089
1054,8.74842610000087,220.75458464928346,278.3584789653655,49.31746285603657,62.186404730153406,5.651896830964713,0.223404025490062,0.0468632255194521,-0.05083193425831922,5.560067192714204,1.6350157858952805,-1.201464537589915,2.028988332941545,23.14740993686661
1055,8.755717500000173,220.82547553854158,278.4069644068687,49.3333001660674,62.197236572962886,5.698853945050365,0.223404025490062,0.06270053555028454,-0.061663777067799685,5.737981913884639,1.9486586275988003,-1.4557787497543828,2.4323984490933372,25.079326826868773
1056,8.761373299999832,220.88668580968422,278.44776466128747,49.34697478704201,62.206351514041046,5.7082453678674945,0.223404025490062,0.07637515652488958,-0.07077871814595937,5.917542366663646,2.1608630210651727,-1.6889249378779452,2.7425893680230233,28.12623407295023
1057,8.766680000000633,220.93664108743081,278.49025995194296,49.358134997185076,62.21584513303786,6.213802165004163,0.223404025490062,0.08753536666795725,-0.08027233714277315,6.054190159734098,2.409476140749554,-2.063634030675224,3.172406135002616,32.13870070051574
1058,8.771181899999647,220.98507579920147,278.5372530983373,49.36895550676809,62.2263435911128,6.314913524431496,0.223404025490062,0.0983558762509702,-0.0907707952177148,6.241398639856977,2.1423434465962163,-1.9964268800799725,2.928370832165832,27.759236477302544
1059,8.774895300000935,221.03412600546443,278.5887810480218,49.37991352029835,62.237855142497565,6.335135796316964,0.223404025490062,0.1093138897812338,-0.10228234660247892,6.379576038396201,2.0412281431395445,-2.237828129494269,3.0289415757819977,24.83660052933163
1060,8.785934900000939,221.07545655019425,278.64558545975933,49.38914693036669,62.25054547674532,6.63489634566476,0.223404025490062,0.11854729984957402,-0.11497268085023649,6.407211518104045,1.7361770886754373,-2.051994293929987,2.6879344235979317,20.829386355041585
1061,8.789709099999527,221.1077618426267,278.6932033107406,49.39636406274073,62.261183496339726,6.399132360563616,0.223404025490062,0.12576443222361178,-0.12561070044463918,6.471881833039756,1.569483448831909,-2.222137544567417,2.7205097983895246,16.77286511144239
1062,8.802323300000353,221.1403857426391,278.7417517554195,49.40365237333069,62.27202941431227,6.351979563543387,0.223404025490062,0.13305274281356816,-0.13645661841718493,6.543959115021036,1.0564177926387472,-1.7828438785878875,2.0723298115941935,13.516368342622236
1063,8.806118500000593,221.16705825816953,278.795820018933,49.409611120670135,62.284108482032444,6.638265099110045,0.223404025490062,0.13901149015301684,-0.14853568613735746,6.624803404425106,1.0536260809596767,-2.1772640691729963,2.418802750409839,27.760246844047153
1064,8.817785400000503,221.18719608309706,278.8430056028778,49.41410999182356,62.29464993143081,6.695522206223377,0.223404025490062,0.1435103613064399,-0.15907713553572478,6.868968249244396,0.7705833321325941,-1.84017807192343,1.9950072701993855,28.909671231956278
1065,8.82154040000023,221.20101960182896,278.8954743011101,49.4171982215547,62.30637164982813,7.039117792685105,0.223404025490062,0.14659859103758066,-0.17079885393304295,7.1457969762648945,1.373951731115667,-2.6128184237166123,2.9520439486479026,48.468502667081445
1066,8.833891100000983,221.22849663019358,278.958121504965,49.42333670029986,62.32036728735501,7.619956584660068,0.223404025490062,0.15273706978274504,-0.18479449145992533,7.428405229603564,1.2838764757881573,-2.23980530891926,2.581679032518396,47.91747832688117
1067,8.83725190000041,221.28257276594684,279.0291727102256,49.43541752671008,62.336240412626154,7.736123198645881,0.223404025490062,0.1648178961929645,-0.20066761673106726,7.776275375754697,1.9137665025380453,-3.018582443591639,3.5741211779955604,49.87448384406409
1068,8.84967400000096,221.34483218684804,279.1024393567556,49.4493265319641,62.35260847639511,8.051306365803395,0.223404025490062,0.17872690144697856,-0.2170356805000253,8.006663079911684,1.943097641226776,-2.6222592497566106,3.2637205787682197,37.09914496289738
1069,8.853075400000307,221.3986546409503,279.1754816653608,49.46135068487229,62.3689264221686,8.434872936979039,0.223404025490062,0.19075105435517514,-0.2333536262735123,8.111130360733315,2.557457291110994,-3.05752593841909,3.986107457151942,36.413862027697164
1070,8.865951900001164,221.45451061458328,279.24118944710193,49.47382913422957,62.38360580511559,8.191056313470026,0.223404025490062,0.20322950371244985,-0.24803300922050653,8.237912412478696,1.950398127438674,-2.2335694566570257,2.9652799822659994,15.692199435376223
1071,8.86969660000068,221.51433108382162,279.29666363374815,49.487193267864114,62.395998961723144,8.142292988768224,0.223404025490062,0.2165936373469961,-0.2604261658280578,8.310767602124645,1.9455099966447507,-2.1511849968328316,2.9004492820325836,13.782406848131897
1072,8.890022499999759,221.56522064937337,279.3515478054097,49.49856220166382,62.40826030660803,8.370033457372786,0.223404025490062,0.22796257114670482,-0.2726875107129416,8.308731431801883,1.5532162792052433,-1.423476720303935,2.1068381008600134,10.640445140876766
1073,8.900932300000932,221.61870689574178,279.3957787970555,49.51051124441088,62.41814168819312,8.415582314033152,0.223404025490062,0.23991161389376003,-0.2825688922980305,8.406893838850614,1.7096912983503922,-1.5519424670846143,2.309019219667894,9.32469407655637
1074,8.907418900000266,221.66439657256825,279.42942718217404,49.52071850213725,62.42565887287983,8.424692085365225,0.223404025490062,0.25011887162013124,-0.29008607698474265,8.504213698190044,1.3557807776461024,-1.2763901554644654,1.862072325663338,7.599804666494663
1075,8.91337620000013,221.71110112678463,279.4769551842154,49.531152487557904,62.43627681985937,8.681868348713671,0.223404025490062,0.26055285704078557,-0.3007040239642862,8.523677670057934,1.7929276625654333,-1.6129934660855614,2.4117084245047247,13.736502267899155
1076,8.918450799999846,221.75197114351255,279.5208348653898,49.54028301381677,62.446079717270955,8.62889228546539,0.223404025490062,0.26968338329965036,-0.3105069213758682,8.578641173660028,1.7874419786556488,-1.6431704313116542,2.427953437238315,12.480208355676904
1077,8.92228040000009,221.79902717918867,279.5600259160545,49.55079552161042,62.454835155752626,8.46735331671222,0.223404025490062,0.28019589109329957,-0.3192623598575395,8.695763024771072,1.564446569722257,-1.4997291405184592,2.1671826329213633,10.512429606415536
1078,8.930904400000145,221.84024828039287,279.6008142793066,49.56000448155457,62.463947440296295,8.690399832043616,0.223404025490062,0.28940485103745317,-0.3283746444012081,8.719187242405388,1.5187786529135412,-1.457334420640595,2.104878193656281,17.335333317692612
1079,8.946516400001201,221.87229733010798,279.6316793999048,49.56716436827406,62.470842832485175,9.010301340920442,0.223404025490062,0.29656473775693826,-0.3352700365900887,8.799812637690064,1.2201154167390733,-1.170547948642639,1.6908175922422422,17.341696572483126
1080,8.950095300000612,221.8966975319899,279.6568364759528,49.572615471597246,62.476463024543854,8.798989436885261,0.223404025490062,0.30201584108012725,-0.3408902286487674,8.933598239207935,0.8231633373804922,-1.037870394454026,1.3246783895314158,16.67429087824722
1081,8.963106799999878,221.91451633246038,279.68583082308976,49.57659626335176,62.48294047841071,9.032019261888772,0.223404025490062,0.30599663283464196,-0.34736768251562467,9.074941083388461,0.6100555686459824,-0.923887705514091,1.1071297526650004,18.17848200040521
1082,8.966329099999712,221.9254827208104,279.7092384674912,49.57904619865424,62.48816984039724,9.136281324301583,0.223404025490062,0.30844656813712135,-0.35259704450215423,9.162736782351523,0.625624569309438,-1.1461449390994034,1.3057772869623652,21.753165121286553
1083,8.979237499999726,221.9256150649682,279.73736058122824,49.579075764871845,62.49445243381138,9.397114052946254,0.223404025490062,0.3084761343547271,-0.35887963791629574,9.294881646021087,0.3370095126215637,-0.872991042146524,0.9357824379980092,14.866072884983668
1084,8.982968600001186,221.93457454260925,279.76329674931094,49.58107734824314,62.50024667816684,9.449279835735735,0.223404025490062,0.3104777177260232,-0.36467388227175235,9.380837748881953,0.3024946934795887,-0.8507087181044362,0.9028888982827308,13.004623699490736
1085,9.005093699999634,221.94250212564253,279.7835594778551,49.58284840220519,62.504773453291016,9.459713755233086,0.223404025490062,0.3122487716880684,-0.369200657395929,9.446025032686551,0.25736601946163085,-0.7269277550262618,0.7711428071382405,9.941509520223336
1086,9.01347429999987,221.94750526163523,279.79805509163174,49.58396612292603,62.50801183176067,9.461799776193102,0.223404025490062,0.31336649240891035,-0.37243903586558247,9.45906248944747,0.34176471337699305,-0.9349851206979074,0.9954899774664427,10.804776633093205
1087,9.019103900000118,221.96097833567248,279.8233541049392,49.58697606190167,62.51366373317448,9.462217743324558,0.223404025490062,0.31637643138455473,-0.3780909372793957,9.526227628504731,0.40825414558224704,-0.9177254508425816,1.0044358867092067,9.198530352538175
1088,9.024462800000038,221.97115583880094,279.8599828133442,49.58924975707001,62.521846734080654,9.46230133675085,0.223404025490062,0.31865012655288893,-0.38627393818556754,9.604218151433372,0.5961540945523496,-1.225879909895006,1.3631512234289047,15.835240613774744
1089,9.02980419999949,221.99193065281548,279.89504941427356,49.59389093414966,62.529680753888535,9.785105531022046,0.223404025490062,0.3232913036325442,-0.3941079579934481,9.684373903724175,0.6441585501973452,-1.326616959782076,1.47473821262412,19.425230989565577
1090,9.033978999999817,222.0109831514851,279.9276655518106,49.598147339048104,62.53696733031025,9.849666369876285,0.223404025490062,0.3275477085309859,-0.4013945344151608,9.835208826154993,0.6299095483687528,-1.5652173134662266,1.687214057996364,24.72207763380583
1091,9.042436600000656,222.02511898733417,279.96136279908546,49.60130534168045,62.54449543099938,9.862578537647133,0.223404025490062,0.3307057111633327,-0.4089226351042967,10.00017958261381,0.7052497440569415,-1.4174664021097636,1.583220831912712,24.405671928889902
1092,9.046435300000667,222.03341368848393,280.00068615875574,49.60315841130755,62.553280427845515,10.216392355478646,0.223404025490062,0.33255878079042844,-0.41770763195042804,10.153789426044249,0.9261231271487637,-1.4811833971144042,1.746885314646377,27.77182613212729
1093,9.058102299999518,222.07524413867372,280.04185092201317,49.612503502268005,62.562476801665575,10.28715511904495,0.223404025490062,0.3419038717508869,-0.4269040057704885,10.305127086869009,0.8529381416690863,-1.3130053814600184,1.5657223908652782,21.596991914202786
1094,9.062841500001014,222.1171043391118,280.07972237405795,49.62185523955369,62.57093743650353,10.553154748174224,0.223404025490062,0.3512556090365706,-0.4353646406084408,10.45601031117263,1.0942051129142578,-1.623397101181584,1.9577290357075652,19.92115050710744
1095,9.074264900000344,222.15052623736585,280.1259715481043,49.62932182616317,62.58126968816107,10.60635467400008,0.223404025490062,0.35872219564605246,-0.4456968922659854,10.51604810105289,1.1220046195392446,-1.3227503827060971,1.7345209543895777,12.764338884619685
1096,9.078027900000961,222.17713503834537,280.167105374819,49.63526633941545,62.59045915063295,10.61699465916525,0.223404025490062,0.3646667088983335,-0.4548863547378659,10.557916804048471,1.3152960703524865,-1.6224244888032444,2.0886035944030072,16.123235238602458
1097,9.091223700001137,222.21271790265274,280.20808188569697,49.64321569454019,62.599613468113624,10.516581304879924,0.223404025490062,0.37261606402307024,-0.4640406722185375,10.592633470672977,1.0574413302271848,-1.4522069064385952,1.7964094928441545,10.658333083404381
1098,9.095167400000719,222.2439181536417,280.24844686302583,49.65018595620742,62.608631166537705,10.49649863402286,0.223404025490062,0.3795863256903047,-0.4730583706426188,10.710021292523269,1.3208854424626886,-1.822725785091762,2.2510148022054928,17.58753686690655
1099,9.106207300001188,222.27771919295145,280.2946098847018,49.65773724445497,62.618944171408906,10.72673808129676,0.223404025490062,0.3871376139378526,-0.48337137551381915,10.759841782918716,1.0972825428618191,-1.4469352376162004,1.8159434354419606,17.759550076904453
1100,9.109738900000593,222.3088745309039,280.33819409715204,49.66469747236905,62.6286810599181,11.19329378325154,0.223404025490062,0.39409784185193075,-0.49310826402301444,10.900758639786869,1.2789116010739987,-1.7396763889079285,2.1591870742215433,21.981050030533915
1101,9.123015200000737,222.33631287100724,280.37165789928804,49.6708273080009,62.63615700802349,10.866097111142496,0.223404025490062,0.40022767748378385,-0.5005842121284019,11.05989476994956,1.0529895130461968,-1.47059877437028,1.8087143693144687,16.483804769980498
1102,9.127898799999457,222.36933364988073,280.4188193210134,49.67820428292605,62.64669305948477,11.221165589220687,0.223404025490062,0.40760465240893495,-0.5111202635896817,11.175823558482099,1.3530466826709626,-1.7058941667788319,2.177340174097043,23.612352941741467
1103,9.13806939999995,222.3983713153022,280.4616689415815,49.684691414272045,62.6562658372104,11.292179284836326,0.223404025490062,0.4140917837549267,-0.5206930413153117,11.199009316188606,1.0925227174480234,-1.2682557087467363,1.6739409878812037,17.395281496301607
1104,9.142105599999923,222.437834405974,280.49980139066884,49.693507627586406,62.66478477983831,11.306382023959454,0.223404025490062,0.42290799706928794,-0.5292119839432203,11.361084974809986,1.3461951428499703,-1.6422484047956856,2.1234926855741287,22.77741742525428
1105,9.154100600000675,222.47371259929622,280.5303458554797,49.7015229604019,62.6716085362335,11.30922257178408,0.223404025490062,0.4309233298847843,-0.5360357403384128,11.466837051114341,1.1603518522304892,-1.3934221794793413,1.8132958366575722,22.184405581449145
1106,9.158572000000277,222.5083398014354,280.5790433730496,49.70925881675125,62.682487757689984,11.676475404249395,0.223404025490062,0.43865918623413336,-0.5469149617948972,11.640761819402556,1.069399409808462,-1.33617823212648,1.7114284576655059,24.716787029029692
1107,9.16963450000003,222.53712675944087,280.6242682895515,49.71568993905129,62.692591186088954,11.749925970742456,0.223404025490062,0.4450903085341693,-0.5570183901938677,11.87056676207387,0.7463931718633897,-1.5309091251268363,1.7031692565335093,25.869588254788347
1108,9.18576270000085,222.5503430912274,280.6715547432863,49.71864252077461,62.70315517020447,12.161803126277398,0.223404025490062,0.44804289025749,-0.5675823743093815,12.111547739621809,0.6333547710796602,-1.5770820664992968,1.6995076082568918,27.85488689208899
1109,9.18946219999998,222.55976976328537,280.7226295915833,49.720748477259335,62.71456549691531,12.455406737316029,0.223404025490062,0.45014884674221634,-0.5789927010202263,12.28142697956499,0.5128934508009777,-1.6826900472253656,1.7591206572904083,31.244986164255444
1110,9.201743600000555,222.56543377382917,280.76659489789586,49.72201384001524,62.72438752332744,12.514127459523754,0.223404025490062,0.45141420949811817,-0.5888147274323501,12.511615290932529,0.454485110563728,-1.7197872138188646,1.7788267977908858,29.516794165217895
1111,9.205363400000351,222.58370692368192,280.81457352916146,49.72609613525072,62.73510614268967,12.5258716039653,0.223404025490062,0.4554965047336026,-0.5995333467945869,12.713772643147447,0.5894713640793268,-2.2904633035733037,2.3651001319363782,34.29509620311766
1112,9.21808190000047,222.60017706661384,280.87712818453645,49.72977563148211,62.74908110451359,12.90086752758017,0.223404025490062,0.45917600096499456,-0.6135083086185062,12.868078167545507,0.5820900388158455,-1.864385928840593,1.953142008392486,29.456849675493594
1113,9.221809000000576,222.61449128813783,280.9356593044349,49.73297348619233,62.76215719231535,13.172589887351974,0.223404025490062,0.46237385567521017,-0.6265843964202631,13.012813021204416,0.8325186999836067,-2.1828775518452,2.3362452337398336,32.515078239222156
1114,9.23424150000028,222.64411659644853,280.988744232847,49.73959189932532,62.774016579015466,13.226934359306334,0.223404025490062,0.46899226880820066,-0.6384437831203797,13.282949872307292,0.7150788277286176,-1.7404094936651673,1.8815852187731434,23.91047073058267
1115,9.238184800000454,222.66803674798908,281.0309690171961,49.74493575746981,62.78344976581451,13.237801727818297,0.223404025490062,0.4743361269526929,-0.6478769699194231,13.41715607553568,1.0546136338096244,-1.9016968188970977,2.1745483916483628,30.411807858207062
1116,9.250205199999982,222.6971224072121,281.0712569637717,49.75143361082427,62.79245025525822,13.876555859479677,0.223404025490062,0.4808339803071533,-0.6568774593631304,13.571313142597372,1.014442180716943,-1.3763968509391082,1.7098424574482998,25.211930813025106
1117,9.253748000000996,222.72863240844364,281.1014705519781,49.75847307194259,62.79920009248802,13.571898543722108,0.223404025490062,0.48787344142547084,-0.6636272965929351,13.729460382425724,1.0661090508528277,-1.695858367719921,2.0031285809143635,22.67375814410427
1118,9.266133000000991,222.76506291778475,281.1503600086,49.76661179438005,62.81012219390138,13.943375222660439,0.223404025490062,0.4960121638629289,-0.6745493980062918,13.888405961983192,0.8809908673646485,-1.3471995095043883,1.609686748031672,17.360469759983324
1119,9.269650500000353,222.7775122199247,281.19052884492345,49.76939301859265,62.81909607363529,14.017670558448105,0.223404025490062,0.49879338807553353,-0.6835232777402069,13.920195077894686,1.218450662344227,-1.8347958300684137,2.2025207727972793,21.850777666555494
1120,9.282082900001114,222.8014184602546,281.22664069511757,49.77473376891669,62.827163606336555,14.032529625605637,0.223404025490062,0.5041341383995714,-0.6915908104414683,14.013034529494954,0.8846729463300941,-1.599708819584807,1.8280357024483374,13.174010363826156
1121,9.285817400001179,222.83866027912615,281.27991151655283,49.78305374116916,62.83906452228635,14.035501439037144,0.223404025490062,0.5124541106520439,-0.7034917263912632,14.144773348770084,1.0182801078853818,-1.6170786803546948,1.9109782407376454,13.437621892084508
1122,9.306808000001183,222.8685472108948,281.34848129710696,49.78973060203583,62.85438328728912,14.036095801723446,0.223404025490062,0.5191309715187131,-0.7188104913940307,14.171121112625109,1.3243382187281598,-1.5473305541755766,2.0366893630275023,19.13066813182032
1123,9.317301200000657,222.93079036717683,281.39398220171813,49.80363597370844,62.86454837254269,14.602069319036097,0.223404025490062,0.5330363431913199,-0.7289755766476063,14.319618509634399,1.5882175196604384,-1.8830860156892826,2.463421976081421,22.89433693758195
1124,9.323293299999932,222.99304305077857,281.45305640248034,49.817543473822624,62.87774578679558,14.149409377723236,0.223404025490062,0.546943843305506,-0.7421729909004924,14.54433813063782,1.5218841136048114,-1.8148088641584286,2.3684726024741574,20.45461951584846
1125,9.32930850000048,223.04013469457942,281.5157299209326,49.82806393661468,62.89174730310943,14.77501661065207,0.223404025490062,0.5574643060975646,-0.7561745072143466,14.702452983793584,1.8600149231707104,-2.480987912952787,3.100799338660206,30.73231294496714
1126,9.335383600000569,223.09169871270734,281.5931048435144,49.839583545834905,62.9090331722862,15.159099544054243,0.223404025490062,0.5689839153177871,-0.7734603763911139,14.842651546465753,1.8131518013346526,-2.8705869526424244,3.395259770233202,34.192366830290425
1127,9.340438299999732,223.13714815840143,281.6849812279685,49.849737134959256,62.92955872642071,14.826670067502256,0.223404025490062,0.5791375044421372,-0.793985930525622,15.108749578091984,1.6057463706039412,-3.3557012541791065,3.7201011160997974,31.16318632002375
1128,9.347288599999956,223.17059761699295,281.7744176092382,49.85720987865906,62.94953917402162,15.303062132396937,0.223404025490062,0.5866102481419446,-0.8139663781265369,15.324205512542228,1.3637187913098099,-3.1728715799092186,3.4535261696369277,30.02284549861283
1129,9.35114109999995,223.19273866816425,281.854226045376,49.86215627861931,62.96736869992287,15.479899535854388,0.223404025490062,0.5915566481021912,-0.8317959040277856,15.410334876922512,1.2111097799930381,-3.409266110375542,3.617994238600991,35.557996557088124
1130,9.363214900000457,223.22186020415043,281.9306204151526,49.86866214698708,62.98443550965574,15.8522962829033,0.223404025490062,0.5980625164699589,-0.8488627137606528,15.658864155560288,0.8803300265003097,-2.9830495342371606,3.1102355986758585,29.088506489182826
1131,9.367605900000854,223.24413234840088,282.00977760134674,49.87363783366892,63.00211954369798,15.58974636595566,0.223404025490062,0.6030382031518045,-0.866546747802893,15.881722019344483,0.8917476205903918,-3.2784689285877953,3.3975833079623277,28.74468895353749
1132,9.379065799999807,223.26233466180724,282.10876001312965,49.877704303757135,63.024232612943,16.069316460691134,0.223404025490062,0.6071046732400163,-0.8886598170479161,16.114314832335698,0.6841991908775102,-2.5881009009510922,2.6770122910254437,26.981721878751102
1133,9.383020400000532,223.28265519865494,282.1865375374621,49.882243993489034,63.041608424971514,16.417351451317916,0.223404025490062,0.6116443629719157,-0.9060356290764275,16.231896779943707,0.5963903248359279,-2.5002715318988766,2.570416143892241,23.94075979558624
1134,9.394982199999504,223.29583774985906,282.2495152437405,49.88518902849426,63.05567789807025,16.642863600810458,0.223404025490062,0.6145893979771415,-0.9201051021751638,16.393882407746556,0.4014567495603868,-2.322658305481001,2.3570976063344227,16.165098753477345
1135,9.410378300000957,223.3027153883925,282.3166665306617,49.886725520628495,63.070679765885274,16.440206020943343,0.223404025490062,0.6161258901113769,-0.935106969990187,16.476703727643063,0.4392239246257807,-2.156465560036924,2.200741095083435,13.373011390946743
1136,9.41439900000114,223.30556776311374,282.37316535092714,49.88736275262343,63.08330182976802,16.39967450496992,0.223404025490062,0.6167631221063132,-0.9477290338729318,16.524449632247364,0.6879438088095462,-1.9978422731851901,2.1129695768290544,14.41230905695624
1137,9.426095599999826,223.33403277940147,282.43068605208725,49.893721951847745,63.0961521859562,16.48342306017367,0.223404025490062,0.6231223213306265,-0.9605793900611133,16.598556918636977,0.7378625671555105,-2.0053119264563084,2.1367538675283195,14.014564876587267
1138,9.42978679999942,223.37354725735037,282.4901788372406,49.90254964528667,63.10944311364707,16.65608097433942,0.223404025490062,0.6319500147695507,-0.973870317751981,16.727488483336774,0.9522054950968043,-2.4785308615418056,2.6551479311909754,19.538062479584458
1139,9.441895699999804,223.40042035315594,282.5559553538414,49.908553203067015,63.124137852238405,17.01340003275851,0.223404025490062,0.6379535725498968,-0.9885650563433188,16.867384903698607,0.9722233544987081,-2.008597260743533,2.2315199319968317,18.605248757063574
1140,9.445645100000547,223.4200818949296,282.6120189287924,49.91294567064659,63.13666268056582,17.084863844442328,0.223404025490062,0.6423460401294747,-1.0010898846707335,16.991103323513162,1.2513762932750163,-2.2440489710821576,2.5693770474544233,16.813065711989807
1141,9.458029200000965,223.43441576792185,282.655789461202,49.91614791557392,63.14644119370397,17.099156606779093,0.223404025490062,0.6455482850568046,-1.0108683978088848,17.08040450259326,0.9180448047394576,-1.6438062412340946,1.8827918690681853,9.325080369939037
1142,9.461905000000115,223.4680628653203,282.6952736592458,49.92366481257879,63.1552621224902,17.102015159246445,0.223404025490062,0.653065182061674,-1.0196893265951132,17.070230070440527,1.2638627003408662,-1.7753600795037734,2.1792779394121693,7.931900851926772
1143,9.473882600001161,223.5069273679414,282.72741491139345,49.932347298913015,63.16244260760428,17.102586869739916,0.223404025490062,0.6617476683958969,-1.0268698117091901,17.040160516041233,1.1460926861557097,-1.1909137011628028,1.6528169556478103,2.476518445465599
1144,9.477410400000736,223.54206082147755,282.7569651170085,49.94019625386236,63.169044242492745,16.96252787199486,0.223404025490062,0.6695966233452424,-1.0334714465976589,17.05634356561059,1.4092566412962593,-1.2272888093911667,1.8687541579069198,-1.622811146896158
1145,9.489804000000731,223.57438468168775,282.7801684032756,49.947417534352695,63.1742279500494,16.93451607244585,0.223404025490062,0.6768179038355768,-1.0386551541543128,17.127234289293995,1.082818055950839,-0.8531082394280712,1.3785095612556402,-0.1662445316855392
1146,9.493596000000252,223.6011080722774,282.7966580065806,49.95338764738517,63.17791179380649,17.18007185462589,0.223404025490062,0.6827880168680522,-1.0423389979114006,17.076854938913485,1.2143639635499905,-0.8211175341473724,1.4659174058769833,6.206697071023044
1147,9.506084099999498,223.61828315210255,282.8192969479342,49.95722462935622,63.18296942443771,17.45646877766346,0.223404025490062,0.6866249988391004,-1.0473966285426215,17.135020951161604,0.9091913678079953,-0.5120428517896709,1.0434638591563543,5.938962942000922
1148,9.509740200001033,223.64091035711743,282.8264901915734,49.96227963804213,63.18457642402303,16.85069011783738,0.223404025490062,0.6916800075250151,-1.0490036281279416,17.24234293534951,1.2034639753078509,-0.6593670856903993,1.3722574443433075,7.383108321508107
1149,9.521891399999731,223.67893104997273,282.84421867826444,49.97077361387793,63.18853703931566,17.253357933235446,0.223404025490062,0.7001739833608127,-1.0529642434205755,17.28181758609334,1.0632453183383768,-0.5640880013518934,1.2036136756607785,14.499021637326077
1150,9.525210499999957,223.70944757572562,282.86137663001534,49.97759112857509,63.192370194805974,17.47112599338537,0.223404025490062,0.7069914980579739,-1.0567973989108879,17.324768973761635,1.5946101046589594,-0.8556445605058199,1.8096709645136198,26.807344480739687
1151,9.538052699999753,223.7596487286482,282.8898360398281,49.98880626822224,63.198728141521215,17.377445108345043,0.223404025490062,0.7182066377051228,-1.0631553456261287,17.611071348463266,1.4150785731477522,-0.9617065257348918,1.710943251491105,23.97576989548979
1152,9.541530200000125,223.8057874263027,282.91883199579684,49.99911383900912,63.20520595480757,17.671225716004948,0.223404025490062,0.7285142084920011,-1.069633158912481,17.841279516274685,1.8565758189030803,-1.71470832970265,2.527270944573869,35.973825800306884
1153,9.55413469999985,223.83314927967137,282.9735510775625,50.00522658719655,63.21743041794513,18.282201991345524,0.223404025490062,0.7346269566794348,-1.0818576220500447,18.032821943294003,1.5882877096005574,-1.6741215442525612,2.3076699923079915,34.38884525579125
1154,9.557475300000078,223.87661083676355,283.0347238289609,50.014936074005014,63.231096656857844,18.404398772292545,0.223404025490062,0.7443364434878958,-1.0955238609627571,18.24407781639318,1.825297622611058,-2.1221636828351804,2.7991588214772944,30.630439483008217
1155,9.570174300000872,223.9171164237905,283.08883537618556,50.023985185201674,63.243185394333324,18.42883812848195,0.223404025490062,0.7533855546845558,-1.1076125984382372,18.307773082809888,1.3380464768272782,-1.8599769717036658,2.2912622524315784,17.433018908110952
1156,9.573812200000248,223.95063454418005,283.13337675176126,50.03147326822356,63.2531361169378,18.433724473840922,0.223404025490062,0.7608736377064389,-1.1175633210427165,18.320512441269013,1.3801793031406668,-2.2844005110741312,2.6689662050714706,14.421168647559558
1157,9.585816200000409,223.97899545855478,283.1630286361825,50.03780921066145,63.25976046728087,17.9897020480885,0.223404025490062,0.7672095801443319,-1.1241876713857835,18.323060007785053,0.8135391489301371,-1.6279070064139716,1.8198700965655956,1.7749153498534662
1158,9.589530299999751,223.99056032704104,283.214432696155,50.040392848835545,63.271244341205254,18.34589878364114,0.223404025490062,0.7697932183184264,-1.1356715453101671,18.32356921591248,1.182204537190803,-2.011814746163373,2.3334536936984454,4.790571896358949
1159,9.602909700000964,223.994950720188,283.2628519484528,50.04137368033806,63.28206139707981,18.41713660487276,0.223404025490062,0.7707740498209432,-1.1464886011847213,18.32367136271375,0.9766856244984549,-1.656785300788238,1.923240063541187,4.394401653693728
1160,9.607339899999715,224.04563556823058,283.31979471318743,50.05269687942212,63.29478263994406,18.431384169119085,0.223404025490062,0.7820972489050035,-1.1592098440489735,18.41269203621463,1.0054291913399116,-1.6624006104108942,1.9427978917769448,4.397217552677488
1161,9.619045299999925,224.09964283981157,283.37010218171486,50.06476232129905,63.3060215309253,18.434235207847255,0.223404025490062,0.7941626907819312,-1.170448735030213,18.43049586573902,1.2968915173277873,-1.3946322230144381,1.9044491710694103,10.315820955143668
1162,9.634779600000911,224.14693906078298,283.41094595558496,50.075328487454534,63.31514619442409,18.43480541559289,0.223404025490062,0.804728856937416,-1.1795733985290013,18.434056631643905,1.3968155277492977,-1.3204033536462698,1.9221234702489498,12.704828040838702
1163,9.638807900000756,224.18575972857465,283.44255735071266,50.08400118091141,63.32220830734697,18.43491793126311,0.223404025490062,0.8134015503942891,-1.1866355114518825,18.553818467442063,0.9977873860553277,-1.0189831270986636,1.4261508619647834,15.678663731904859
1164,9.650771900000109,224.21644191578625,283.4659783879711,50.090855705045314,63.327440661351666,18.434940434397156,0.223404025490062,0.8202560745281957,-1.1918678654565795,18.696820212043104,0.7890866272264545,-0.938460073352813,1.2261178632354186,17.78576750995447
1165,9.65499490000002,224.22704215008915,283.4917692551959,50.09322384005972,63.333202444910555,19.0301933481099,0.223404025490062,0.8226242095426031,-1.197629649015468,18.844469938404714,0.6004074369280447,-1.0889784717986204,1.243528528968822,24.52447312705057
1166,9.667318499999965,224.22633908976837,283.52252422297863,50.0930667735539,63.340073228517035,19.14924393085245,0.223404025490062,0.822467143036782,-1.2045004326219484,18.993049566294225,0.1344929142853982,-0.8308818060182972,0.8416964533400427,19.852558430843708
1167,9.671704300000783,224.22100203928778,283.5486837290845,50.09187445499229,63.34591736748592,19.17305404740096,0.223404025490062,0.8212748244751751,-1.2103445715908308,19.141815174489317,-0.09173809420139584,-0.9345649503645408,0.9390567205326741,21.794531978466104
1168,9.682930599999963,224.2121261201735,283.5719319796344,50.089891538932235,63.351111120244376,19.177816070710662,0.223404025490062,0.8192919084151171,-1.2155383243492892,19.213332822495524,-0.32074265394555296,-0.721483387241774,0.7895657845461013,17.318453404973347
1169,9.687097899999571,224.20171317066837,283.5897603386586,50.087565244095565,63.35509404741826,19.178768475372603,0.223404025490062,0.8169656135784464,-1.219521251523176,19.303607116256916,-0.5864560081598035,-0.8496742905625242,1.0324132164737434,22.50796785698229
1170,9.698757500000283,224.17122068158312,283.6053639738248,50.08075309928671,63.358579962326665,19.38778158814093,0.223404025490062,0.8101534687695917,-1.2230071664315787,19.450317980868572,-0.6675362881223555,-0.6620293214259074,0.9401529228736247,18.55953091688742
1171,9.702914900000906,224.14625976023953,283.6276669822257,50.07517672897861,63.36356254418397,19.600615399659436,0.223404025490062,0.8045770984614933,-1.2279897482888842,19.60831615965028,-1.0441617772860359,-0.7604163230158802,1.291706933268582,26.00543896229679
1172,9.71421829999963,224.1119929490931,283.64761651362284,50.06752138542779,63.368019349804726,19.90660837045923,0.223404025490062,0.7969217549106702,-1.2324465539096394,19.768571801265995,-1.0436066790976621,-0.6100999995454044,1.2088576881099582,24.6008307788917
1173,9.71783350000078,224.07866123165803,283.66306379637444,50.0600749455763,63.37147033495432,19.967806964619193,0.223404025490062,0.7894753150591782,-1.2358975390592306,19.9261948290032,-1.3215166581430438,-1.0643445480088667,1.6968310448084563,30.09959326515139
1174,9.72984759999963,224.04879052153757,283.67404384216,50.05340170869114,63.37392332138288,19.980046683451185,0.223404025490062,0.7828020781740221,-1.238350525487796,20.102075208476425,-1.1320502804875334,-0.9505502458125151,1.4782028302523764,25.031931281925534
1175,9.733012700000472,224.02082647559922,283.7104573716728,50.047154428259525,63.38205825045834,20.175896726826956,0.223404025490062,0.7765547977424063,-1.2464854545632562,20.22892181659763,-1.2914474884080351,-1.4059034627627107,1.9090314722192514,34.10334428661443
1176,9.746022999999695,223.99788240014982,283.7471181270979,50.04202862944298,63.39024841079781,20.48001729702555,0.223404025490062,0.7714289989258631,-1.2546756149027232,20.39370733695234,-0.9499015609192211,-1.3571009279536288,1.656513176551691,29.124078735057974
1177,9.749410300000818,223.9755295599984,283.78761723929404,50.03703491497202,63.3992960754912,20.54084141106527,0.223404025490062,0.7664352844549001,-1.263723279596114,20.59536927500766,-1.1620385126720774,-2.0590764836524498,2.3643454634345784,37.16431748088989
1178,9.762027700000544,223.95564767930625,283.8277484260344,50.03259322279108,63.408261544156694,20.79173456639274,0.223404025490062,0.76199359227396,-1.2726887482616078,20.831362063009347,-0.8457335714607509,-1.7434281105260239,1.9377323990861326,32.7955733422526
1179,9.765264900001057,223.93222933315664,283.88156631793436,50.027361469990936,63.42028467785053,20.98835637372777,0.223404025490062,0.7567618394738176,-1.2847118819554453,21.008892346683904,-1.0543782737879404,-2.3561159749552205,2.5812779841921762,47.19872040019112
1180,9.778140700000222,223.90962059622862,283.93873722157343,50.02231058714997,63.4330568878644,21.355860666835397,0.223404025490062,0.7517109566328486,-1.2974840919693165,21.243655910743033,-0.8112599159197565,-1.963780152610052,2.12475295951395,38.027462158856856
1181,9.78133010000056,223.88910253675246,283.9914592077371,50.01772677006775,63.4448351918052,21.36766871539833,0.223404025490062,0.7471271395506349,-1.3092623959101104,21.513739116718924,-0.8946937178442176,-2.274213678058336,2.443874935878989,42.60936032844402
1182,9.799450500000603,223.86812295474476,284.0489970040827,50.01303984699413,63.45768936712664,21.71465923136092,0.223404025490062,0.7424402164770143,-1.322116571231554,21.761597615824257,-0.6742070025270096,-1.8433231065941964,1.9627519347998448,38.65665432682476
1183,9.805148499999632,223.84850427994596,284.10670878471205,50.008656956069295,63.47058241123743,22.142150596272185,0.223404025490062,0.7380573255521767,-1.3350096153423436,21.99870990402423,-0.7610407538881845,-1.98534394841439,2.1262110954898943,45.47294731043346
1184,9.812198699999499,223.83229284855094,284.1559267689319,50.005035257036695,63.481577907038655,22.227648869254438,0.223404025490062,0.7344356265195771,-1.346005111143569,22.246010901703286,-0.4925136902229149,-1.4765408605450656,1.5565161894166588,34.749780222914346
1185,9.816301200000453,223.8171163334756,284.1871826810025,50.001644762475955,63.488560603615596,22.541422107835267,0.223404025490062,0.7310451319588367,-1.3529878077205097,22.460630708172694,-0.5155673814500545,-2.0682388273239685,2.1315303356193853,49.603177267044835
1186,9.826507900001161,223.81279577648414,284.23967439339515,50.0006795326517,63.50028746346897,22.604173703793617,0.223404025490062,0.7300799021345838,-1.3647146675738853,22.77770872220095,-0.4186315037383366,-1.7935517675791675,1.8417601035174416,44.455272845864215
1187,9.83034630000111,223.80637124636712,284.30269356172766,49.99924426676168,63.51436619935749,22.787758263707943,0.223404025490062,0.7286446362445602,-1.378793403462403,23.11527837774097,-0.458544666686744,-1.868031178293884,1.9234873782858297,44.96752916262345
1188,9.848132500001157,223.78371942902342,284.3734944353538,49.994183759582434,63.53018339953378,23.727540666413468,0.223404025490062,0.7235841290653156,-1.3946106036386965,23.39761164478648,-0.49167631430522296,-2.0219613103973337,2.080882778724566,40.5456054269701
1189,9.855340199999773,223.76070723152344,284.4358266117681,49.98904274202556,63.544108658662296,23.91549714695457,0.223404025490062,0.7184431115084422,-1.4085358627672093,23.668898244484645,-0.5541231109505211,-1.9886343538456164,2.0643931348908464,34.889357604222006
1190,9.86135160000049,223.73401149416014,284.5023358643678,49.983078806835174,63.55896709342541,23.953088443062793,0.223404025490062,0.7124791763180554,-1.4233942975303222,23.8504712382524,-0.7601772525292358,-1.8993119019950118,2.045789616828379,19.735732763226707
1191,9.874393600000985,223.71026297485838,284.559681256131,49.977773292023734,63.57177828478861,23.960606702284437,0.223404025490062,0.7071736615066158,-1.4362054888935205,23.88678583700595,-0.8233617869332189,-1.9935123910919845,2.1568533296492705,17.49848808572925
1192,9.878475299999991,223.68460767486692,284.61853512116164,49.97204179473049,63.5849264751521,23.695623232546733,0.223404025490062,0.7014421642133684,-1.4493536792570154,23.93648985783088,-0.6499237134207527,-2.3629661434764735,2.4507161868487954,13.776396322530966
1193,9.889650099999926,223.65457324440032,284.68657805519274,49.965331982060945,63.6001275405208,23.909113660181223,0.223404025490062,0.6947323515438271,-1.4645547446257154,23.988871763070083,-0.5383169952036854,-2.0645563067838872,2.1335833546421963,10.196444846094824
1194,9.894249200000559,223.65774197443017,284.76437980432553,49.9660398891053,63.61750876446724,24.164017251079215,0.223404025490062,0.6954402585881851,-1.4819359685721523,24.07638336140308,-0.8748579847215746,-2.426201764414359,2.57911447886255,22.06651692118171
1195,9.90626340000017,223.634398567338,284.81706388418684,49.96082487799226,63.629278599987494,24.21499796925881,0.223404025490062,0.6902252474751407,-1.4937058040924072,24.224218322671245,-0.6916230282165289,-1.8868076596403167,2.009573476545899,23.462452996837243
1196,9.909454399999959,223.6045530109751,284.8569225262225,49.9541572605578,63.638183181068825,24.39816469394942,0.223404025490062,0.6835576300406814,-1.502610385173739,24.422490454085036,-0.7505286580674121,-2.0134710495376855,2.148804070618552,35.51598282300226
1197,9.921844200000123,223.57748789263636,284.88599882003217,49.94811080417056,63.64467894215224,24.434798038887543,0.223404025490062,0.6775111736534427,-1.5091061462571531,24.659841413570916,-0.8294905211650525,-1.375337167062623,1.606115452826014,37.75268984468049
1198,9.925618600000234,223.56236742603994,284.9196808573518,49.944732831065636,63.65220364487615,24.90047431725017,0.223404025490062,0.6741332005485177,-1.516630848981066,24.90500813867122,-0.9712173479829528,-1.717834420394964,1.9733773670833314,60.315336380334415
1199,9.938474900000074,223.5485050645178,284.95355302683794,49.94163592369879,63.659770823891435,25.35077204850863,0.223404025490062,0.6710362931816718,-1.5241980279963485,25.29341648369128,-0.6842118694391688,-1.4102564794967194,1.5674722390664286,53.22362938118464
1200,9.941808200001105,223.53145533717438,284.9937212034868,49.93782694597676,63.66874455625139,25.440831594760322,0.223404025490062,0.6672273154596411,-1.5331717603563035,25.710473152695293,-1.031847870919361,-2.1276453611495647,2.364653211687092,62.92172933637069
1201,9.954220600000554,223.4950922278483,285.06331830135997,49.929703280973975,63.68429282807868,26.340206419049725,0.223404025490062,0.6591036504568564,-1.5487200321835957,26.041589564621095,-0.964544875363939,-1.9304287673951812,2.1579856446644206,53.603800189489334
1202,9.957805300000473,223.45937104890544,285.1292863014142,49.92172302580289,63.699030344844324,26.520081383907605,0.223404025490062,0.6511233952857722,-1.5634575489492377,26.284085430014066,-1.2647536651688278,-2.426546445639802,2.7363715914336524,50.382692717206126
1203,9.97004410000045,223.42877708839825,285.1844822198848,49.9148882118699,63.71136133522127,26.55605637687918,0.223404025490062,0.6442885813527823,-1.575788539326183,26.508857186100474,-1.1067711756729939,-2.0087728103844458,2.2934931085661465,25.50492935340188
1204,9.973230999999942,223.40392812830072,285.22826472001026,49.90933685415487,63.721142521995326,26.563251375473495,0.223404025490062,0.6387372236377544,-1.585569726100239,26.553811537317756,-1.1502503949029528,-2.04534731823588,2.3465978827206646,20.2653274157262
1205,9.985556800000268,223.38446362997558,285.2615492122291,49.90498840687489,63.72857841154341,26.56469037519236,0.223404025490062,0.634388776357774,-1.5930056156483232,26.562802407561207,-0.8017310630499901,-1.3997458767428985,1.613090579266401,6.741523442872087
1206,9.989316700000927,223.36978991872436,285.2857089583307,49.90171024071249,63.73397579607732,26.564978175136133,0.223404025490062,0.6311106101953712,-1.5984030001822305,26.5646005816099,-1.0483434672853509,-1.8560225502500904,2.1316293609435766,3.0728728728303674
1207,10.00196010000036,223.34242077680022,285.33569420735614,49.895595864232426,63.74514270192473,26.565035735124887,0.223404025490062,0.6249962337153079,-1.6095699060296411,26.56496021641964,-0.6556877929112284,-1.4454726009600347,1.587235811686142,2.4440963157999995
1208,10.005192300001,223.31650119029382,285.38327810506166,49.88980532426786,63.75577313622065,26.565047247122635,0.223404025490062,0.6192056937507431,-1.6202003403255603,26.56503214338159,-0.33565315453399325,-1.9071885449730366,1.9364997253356349,11.463320825371843
1209,10.017490899999757,223.3286866073879,285.43923383290604,49.892527595498954,63.768273871070306,26.565049549522186,0.223404025490062,0.6219279649818361,-1.6327010751752198,26.69985060592242,-0.2135372167218446,-1.7353432820518908,1.7484319973873563,14.213223150033944
1210,10.021254400000544,223.34970018578252,285.48828746213275,49.897222113502266,63.779232649304454,26.565050010002096,0.223404025490062,0.6266224829851481,-1.6436598534093676,26.872315091887614,-0.10776801538948144,-2.082249678453679,2.0850366108443845,35.65791456252455
1211,10.033905300000697,223.33490353155304,285.5209213528379,49.89391648138361,63.78652319185538,27.239070487840266,0.223404025490062,0.6233168508664946,-1.6509503959602938,27.052309087713464,0.1955228442991017,-1.4821758344787934,1.49501651728525,40.808559116755504
1212,10.036830299999565,223.3354959024195,285.5551952429946,49.89404881941976,63.7941801168856,27.427358164950867,0.223404025490062,0.6234491889026401,-1.6586073209905123,27.366020899573947,-0.19765371554261732,-1.676325742553248,1.6879380872574978,49.88509963739699
1213,10.050038800000038,223.31923316749942,285.5722552316471,49.89041565897314,63.79799138702538,27.46501722625189,0.223404025490062,0.6198160284560217,-1.6624185911302902,27.706476274641354,-0.5403464856036003,-1.23170740930528,1.3450195041863469,44.82340543914587
1214,10.053783600000315,223.28999048181626,285.60556533379065,49.88388272527538,63.805432997933735,28.133608608824602,0.223404025490062,0.613283094758259,-1.6698602020386488,27.91747628520171,-0.8242415555329226,-1.640756148575213,1.8361521943876815,58.31654334324335
1215,10.066261899999517,223.2639572762158,285.64403659711957,49.878066802347824,63.8140276330271,28.26732688533914,0.223404025490062,0.6074671718307059,-1.6784548371320156,28.173494646688784,-0.907191699096539,-1.2471165917210083,1.542172679130158,39.053120063508764
1216,10.06950599999982,223.23955041524536,285.6821044251588,49.87261421135746,63.82253213905273,28.29407054064205,0.223404025490062,0.6020145808403399,-1.6869593431576462,28.438516373185415,-0.9091313024023341,-1.2607927166586559,1.5543866955771586,36.24290261009601
1217,10.081816300000355,223.21918936162385,285.7178970169342,49.86806547001519,63.83052834813808,28.707449972386225,0.223404025490062,0.5974658394980707,-1.6949555522429947,28.573126858621464,-0.6825263760655519,-1.0684113604112702,1.26781114093584,30.73939937426568
1218,10.103820199999973,223.19114225007394,285.75305213509296,49.86179963239157,63.83838214305132,28.79012585873506,0.223404025490062,0.591200001874455,-1.7028093471562329,28.83110913637273,-0.828154493324964,-1.245566341788618,1.4957524449624038,31.504042324972204
1219,10.110872100000051,223.1718395175966,285.7854157437342,49.85748732425318,63.845612303501156,28.806661036004826,0.223404025490062,0.5868876937360596,-1.7100395076060693,29.03439626575111,-0.8138957513228154,-1.1599417400562428,1.4170007531211952,22.21300117298005
1220,10.116137900000467,223.14369077539524,285.82252886269134,49.85119878193291,63.853903523674674,29.557238274095496,0.223404025490062,0.5805991514157895,-1.7183307277795876,29.162567424536945,-0.9305255868823673,-1.2202336167299108,1.5345513830564725,24.56594225319732
1221,10.12110659999962,223.10789458715936,285.87131214731346,49.84320176938382,63.86480190583588,29.310506187533946,0.223404025490062,0.5726021388666993,-1.7292291099407961,29.337655696821454,-1.2567004602674439,-1.4681603027082721,1.9325606643220414,26.585158002161265
1222,10.13090209999973,223.06612388482694,285.9130108371213,49.833870026335205,63.87411756099662,29.348305766315384,0.223404025490062,0.5632703958180869,-1.7385447651015369,29.560008556356483,-1.174986539117804,-1.4438139506594623,1.861502643357489,23.89586061853335
1223,10.135313700000552,223.02829549757394,285.94453841484676,49.82541901234509,63.881160948774436,29.66556722015761,0.223404025490062,0.5548193818279685,-1.7455881528793498,29.65627173080255,-0.9748376544192834,-1.5691610863112313,1.8473156111685771,31.388252381623175
1224,10.147047200000088,223.017636771122,285.99199397871166,49.82303780994913,63.891762712773755,29.918425333679963,0.223404025490062,0.5524381794320092,-1.756189916878668,29.836742322234734,-0.6633465399166456,-1.2935225620399755,1.4536950335355239,28.893374259194207
1225,10.151788999999553,223.0135301339426,286.0387165732912,49.82212037067202,63.90220072848417,30.03855414632584,0.223404025490062,0.5515207401548992,-1.7666279325890812,30.12979627938836,-0.722436496101949,-1.4857857766113352,1.6521119407838591,32.65863435119895
1226,10.16293080000105,223.0109356340716,286.07937366236575,49.82154074895671,63.91128368584813,30.212859144694857,0.223404025490062,0.5509411184395887,-1.7757108899530465,30.383426602069083,-0.40881183862548154,-1.3437460891566013,1.4045571086730533,31.650611718172716
1227,10.167936499999996,222.98296996198468,286.12222226080627,49.815293105236954,63.920856235226346,30.813575552083503,0.223404025490062,0.5446934747198355,-1.785283439331259,30.59129225400757,-0.6750325288980346,-1.5704230603906624,1.7093558739119394,39.64777952872178
1228,10.17894940000042,222.96583907863095,286.165916282975,49.81146599693553,63.93061765566869,30.933718833561233,0.223404025490062,0.5408663664184132,-1.7950448597736042,30.776092618281986,-0.7070603647678919,-1.296717106496477,1.476959584317154,29.525565679576996
1229,10.183521299999484,222.93444530432572,286.2076015072672,49.80445250138042,63.93993030257903,30.957753593372406,0.223404025490062,0.5338528708632992,-1.8043575066839423,31.029223345433746,-0.9257722426301586,-1.5894128841682333,1.8393715126598147,30.46331440990377
1230,10.19470469999942,222.91674349771228,286.2492880721293,49.80049784652452,63.94924324897807,30.96255596769792,0.223404025490062,0.5298982160074033,-1.8136704530829846,31.15437890980941,-0.7847306364793372,-1.416587525203665,1.6194203865556065,25.45142528114617
1231,10.199368400000822,222.89282875772886,286.2968572353175,49.79515519734368,63.95987039152351,31.47851278045365,0.223404025490062,0.5245555668265638,-1.8242975956284226,31.28240959543845,-1.1503687909862665,-2.0084296129517307,2.3145491711036605,33.353565833537935
1232,10.211044699999547,222.86445398508653,286.3516419821692,49.78881615891302,63.97210952450564,31.439353373961826,0.223404025490062,0.5182165283959037,-1.8365367286105538,31.474675583638472,-0.9923773685653257,-1.8349052285140155,2.0860704780205084,24.657357594877134
1233,10.214688500000193,222.8289675001779,286.41436465813996,49.78088833533394,63.98612202280701,31.57387226170643,0.223404025490062,0.5102887048168228,-1.850549226911923,31.67978893752848,-1.3176050267088901,-2.267818151744251,2.622800445285391,35.14056984704447
1234,10.227134300001126,222.78751454960502,286.4795066918787,49.77162757930752,64.00067501537286,31.919083534372536,0.223404025490062,0.5010279487904015,-1.8651022194777767,31.82771468447835,-1.1380423764696486,-2.052380377606009,2.346786241868413,36.2907489374737
1235,10.231311400000777,222.75049802216688,286.53554897521576,49.763357938068175,64.01319508706801,31.988122737147947,0.223404025490062,0.4927583075510569,-1.8776222911729263,32.093408537481615,-1.1702274790554374,-2.331634772122777,2.6088221601535966,47.39905756683702
1236,10.242947200000344,222.73759322502414,286.59812827163597,49.76047495443835,64.02717555380062,32.21814151520303,0.223404025490062,0.48987532392123256,-1.891602757905531,32.479757757301016,-0.8038144421141163,-1.7429748601403912,1.9193954830708142,41.047520267698516
1237,10.247763600000326,222.72241939390253,286.6508290649793,49.75708505948368,64.03894912318003,32.76782263897811,0.223404025490062,0.4864854289665601,-1.9033763272849455,32.82657655146021,-0.7806078216306461,-1.818918371637981,1.9793465118248263,51.2722473330982
1238,10.257803700000295,222.7069758506729,286.69137853089325,49.753634909758354,64.0480080370967,33.50561836080344,0.223404025490062,0.48303527924123557,-1.9124352412016066,33.07289404564361,-0.49629755892836597,-1.4169487603679591,1.5013510770324678,41.646607939647005
1239,10.262177200000224,222.6946806692112,286.7217032753014,49.750888116725676,64.05478270706944,33.6531775051685,0.223404025490062,0.4802884862085577,-1.9192099111743488,33.34846491752717,-0.7954255753303359,-1.758982259126891,1.9304715573695297,36.66632592514751
1240,10.273850100000345,222.6655143445489,286.7732984384543,49.74437224238737,64.0663092742136,33.21971020806495,0.223404025490062,0.47377261187025255,-1.930736478318508,33.52915038096637,-0.8917912974472704,-1.4804892078688767,1.728334462081602,22.387654115005382
1241,10.278202800000145,222.6315465854048,286.8300281008245,49.7367837082577,64.07898290915179,33.595995874620804,0.223404025490062,0.4661840777405786,-1.9434101132567037,33.56528686330265,-1.4913983977351553,-1.8076863535912833,2.343501468684656,26.23686443741287
1242,10.28996349999943,222.5691300850719,286.88540924688584,49.72283961082633,64.09135528011815,33.671249956174165,0.223404025490062,0.45223998030920853,-1.9557824842230644,33.57251415976991,-1.5666144101356538,-1.6362102860805556,2.265273672279024,16.13611671694011
1243,10.294032600000719,222.50826457693205,286.93164131318633,49.709242011294386,64.10168370983641,33.686300772484834,0.223404025490062,0.43864238077726725,-1.9661109139413213,33.75065700675868,-1.5322385348459493,-1.5140815852799931,2.154111876052597,14.684935821618499
1244,10.305713300000207,222.45576334882287,286.96780412712474,49.697513025591626,64.1097626280433,33.68931398750478,0.223404025490062,0.4269133950745072,-1.9741898321482125,33.896729912093924,-1.373794599809129,-1.0787550272810855,1.7467180686501587,18.42318105398993
1245,10.328822299999956,222.4158016465319,287.00678257474993,49.688585420434386,64.11847057015011,34.110424443008775,0.223404025490062,0.4179857899172674,-1.9828977742550222,34.08675870214535,-1.401777532574919,-1.1071360852803867,1.7862616163826082,27.67511334910698
1246,10.337947500000155,222.37694922144743,287.0368061173203,49.67990563227046,64.1251779504198,34.32636040129707,0.223404025490062,0.4093060017533432,-1.9896051545247104,34.333078058788445,-1.0427232947916,-0.9834098488955076,1.4333062479476377,29.347813393804934
1247,10.345305099999678,222.33329293890677,287.0761265781582,49.67015264301295,64.13396229965512,34.621393906431294,0.223404025490062,0.3995530124958293,-1.9983895037600377,34.677959605898316,-1.1596452854043573,-1.3330399268142252,1.7668538803312028,42.01364308728522
1248,10.350684400000318,222.2960574571388,287.12234890528174,49.66183408649492,64.14428855360204,34.91789755570032,0.223404025490062,0.39123445597780204,-2.008715757706952,34.958452028601535,-1.391844930605644,-1.7547273163634012,2.239709861934026,54.31333624446586
1249,10.35583140000017,222.25945442776126,287.17855933325404,49.65365682238685,64.15684618948556,35.413721723054124,0.223404025490062,0.38305719186973164,-2.0212733935904765,35.34877292525156,-1.326360397910789,-1.9095003543983962,2.324956668110971,54.313985951954244
1250,10.361022299999604,222.2235016074286,287.2363054827276,49.64562481759681,64.1697469117345,35.51288655652489,0.223404025490062,0.375025187079693,-2.03417411583942,35.710690864347185,-1.4528661604601036,-2.4005870571947123,2.80600040972571,60.35211376819743
1251,10.370614999999816,222.1967178396013,287.3010960240022,49.6396412160464,64.18422137946894,36.27796488454717,0.223404025490062,0.36904158552928124,-2.0486485835738506,35.96966075587725,-1.2552402306005186,-2.18227453893663,2.5175285896706563,54.2391207601247
1252,10.374052999999549,222.16658439764447,287.35725642787554,49.63290928381137,64.19676783976739,36.43098360190943,0.223404025490062,0.362309653294254,-2.061195043872303,36.234609641409826,-1.2468260850628967,-2.3146777917758254,2.6291269589225776,45.50960805500342
1253,10.38638709999941,222.1357623103486,287.40297377493766,49.62602350543548,64.20698127913579,36.212747013350636,0.223404025490062,0.35542387491835825,-2.0714084832407025,36.5007543257429,-1.0467574744810224,-2.030033202207902,2.2840175157928093,33.03339729339717
1254,10.390032499999506,222.11052443989183,287.45358768201567,49.62038526358063,64.21828862972279,36.738466150717,0.223404025490062,0.3497856330635116,-2.082715833827706,36.61808909757046,-1.2036277585436,-2.2825336380803254,2.58044174321082,38.62677033864011
1255,10.401962400001139,222.0813153445921,287.51030091220315,49.613859834109746,64.23095859364523,36.84360997819028,0.223404025490062,0.343260203592628,-2.09538579775014,36.70566127654535,-0.8607494609774519,-1.6515018714872423,1.862350145944322,25.534402024168465
1256,10.405911600000763,222.05642350167537,287.5592921469961,49.60829889620029,64.2419034327117,36.864638743684935,0.223404025490062,0.3376992656831703,-2.106330636816608,36.92272283148095,-0.877348251518044,-1.7938034123520967,1.996865202412971,27.640194063716205
1257,10.423512800000026,222.03722294084852,287.59822757776465,49.6040094136199,64.25060176467959,36.868844496783865,0.223404025490062,0.33340978310278047,-2.1150289687845003,37.126949351452446,-0.8897990452153715,-1.635087998032938,1.86151956803509,27.40054036770175
1258,10.430651099999523,222.0167329507883,287.6474206639724,49.5994318673582,64.26159169816468,37.29805478802865,0.223404025490062,0.3288322368410803,-2.1260189022695926,37.35613816130612,-1.01361890500081,-1.8118071197201648,2.0760704043080334,31.598463315801958
1259,10.437319700000444,221.96870655312676,287.71632141355167,49.58870257679082,64.27698440297996,37.75959875057448,0.223404025490062,0.3181029462737044,-2.1414116070848763,37.56279013226123,-1.1130280486756203,-1.618735535299682,1.9644684192881816,22.540252801234313
1260,10.442724599999565,221.94049511972702,287.76339279235276,49.582400029004475,64.2875003384895,37.989554027458645,0.223404025490062,0.31180039848735674,-2.1519275425944073,37.71591190828819,-1.8598967863326519,-2.0906823806624146,2.7982438908398937,23.573547900004698
1261,10.450669400001061,221.87274279848646,287.8276203538499,49.567263887703035,64.30184903427538,37.89789859846048,0.223404025490062,0.2966642571859168,-2.1662762383802914,37.79275696661858,-1.9362529908064054,-1.9204094160380083,2.727095152284605,19.909485039813006
1262,10.454278799999884,221.80847195450443,287.8737294292828,49.55290552243581,64.3121499873387,37.634453376918664,0.223404025490062,0.28230589191868916,-2.176577191443613,37.85328466969091,-2.1835758961562584,-1.9908856428147668,2.95493305119432,24.266984303134905
1263,10.466111900001124,221.75428397373352,287.9101819300746,49.540799709398414,64.32029362275478,37.68228007968061,0.223404025490062,0.27020007888129527,-2.1847208268596887,38.01642292514913,-2.139681642550826,-1.7790273480768601,2.782656255572072,23.090512399366286
1264,10.47011349999957,221.70331479836503,287.9578387564444,49.52941299044518,64.33094034960787,38.062237265936126,0.223404025490062,0.2588133599280624,-2.195367553712785,38.22761258795951,-2.3027695148003664,-2.106445309849463,3.1208747622550823,38.45637406540375
1265,10.48213349999969,221.65238357019672,288.0055271939939,49.51803474904923,64.34159413852575,38.80524530474973,0.223404025490062,0.24743511853210975,-2.206021342630663,38.49743535938878,-1.6365005590451065,-1.7146306254018842,2.370251518577934,39.17033269843323
1266,10.485707900001216,221.60885471212924,288.0606164176391,49.50831022693197,64.35390129284922,38.95384691251245,0.223404025490062,0.23771059641484982,-2.218328496954129,38.80662696445588,-1.8316310673059117,-2.121656229110983,2.8029087607779224,55.305331298863535
1267,10.497654599999805,221.57427178350105,288.1084692289215,49.500584261463196,64.36459180352071,38.98356723406499,0.223404025490062,0.22998463094607757,-2.2290190076256238,39.049613967109934,-1.3658610179729374,-1.727926188580754,2.2025678726434923,49.75451913907755
1268,10.500896600000488,221.54526701203736,288.14798980478895,49.49410447875979,64.3734208592592,39.228238105016125,0.223404025490062,0.22350484824266914,-2.237848063364112,39.3558584623673,-1.6624209590213312,-2.053979360153162,2.642437256952111,65.30025403759433
1269,10.513641100000314,221.51579139290192,288.18746437014255,49.487519506791116,64.38223963606366,39.277172279206354,0.223404025490062,0.2169198762739981,-2.2466668401685723,39.674754456145344,-1.2634242855857925,-1.5125162438277473,1.9707730242853354,52.26135105196287
1270,10.516849699999511,221.4808994473466,288.2236086462466,49.47972450569687,64.39031441284372,40.33646778103658,0.223404025490062,0.20912487517975364,-2.2547416169486354,39.99618074962751,-1.2308242326027652,-1.467723894060303,1.915500383909574,52.562380552248776
1271,10.529717999999775,221.43910303566477,288.2659927987687,49.47038701907612,64.39978320313415,40.54832688140263,0.223404025490062,0.19978738855900247,-2.2642104072390623,40.27036774172238,-1.3819283637757458,-1.7313187085607198,2.215217929058057,42.53889981860766
1272,10.546119500000714,221.40359137170915,288.3152469789891,49.46245357039658,64.4107867852676,40.59069870147584,0.223404025490062,0.19185393987946497,-2.275213989372517,40.628648743656974,-1.4019709591640759,-1.7470600404036123,2.2400315522586975,41.71389089586847
1273,10.548865099999603,221.36974244741947,288.36491403966915,49.45489158445176,64.42188260655779,40.59917306549048,0.223404025490062,0.1842919539346397,-2.2863098106627007,40.75040015888766,-1.3277016696336577,-1.7809930461072385,2.22142475763424,40.80534363087703
1274,10.561793099999704,221.33404327787048,288.409511590972,49.44691624626786,64.43184587904584,41.068577288879354,0.223404025490062,0.17631661575074276,-2.2962730831507514,41.0205591577541,-1.2676355886606647,-1.7580504045914715,2.1674042564144114,41.0713217299155
1275,10.564928400001008,221.3051599893895,288.44721127176643,49.440463603351816,64.440268139495,40.945224857189935,0.223404025490062,0.16986397283469756,-2.304695343599917,41.3203996733477,-1.5278944150844913,-2.0161372881740065,2.5296780246529433,47.953545743957285
1276,10.578436199999487,221.2794455149255,288.4847657696018,49.4347188862432,64.44865796548667,41.89912187573486,0.223404025490062,0.1641192557260851,-2.313085169591588,41.62617649228674,-1.087243503711126,-1.3200698858028783,1.710170441729616,42.623922772324434
1277,10.582229999999981,221.24913307672944,288.5180725459161,49.42794696552778,64.4560988333914,42.08990127944385,0.223404025490062,0.15734733501066245,-2.3205260374963075,41.83959870177766,-1.1336355565228249,-1.7164821134978263,2.0570465286353588,47.887303308954806
1278,10.594342100001086,221.2192618763601,288.5484863371626,49.42127361911905,64.46289339678628,42.12805716018565,0.223404025490062,0.15067398860193038,-2.3273206008911984,42.053935365355535,-0.8224256567609314,-1.266919656238519,1.5104533677880216,31.879665907624606
1279,10.597762200000943,221.20626657992986,288.5906280540172,49.4183704175841,64.47230802597267,42.135688336334006,0.223404025490062,0.14777078706698177,-2.336735230077579,42.21541231721173,-1.0082390505398027,-1.8007371966489938,2.063783039572881,41.966187676645596
1280,10.610244100000273,221.1782184088985,288.615125275223,49.412104343268055,64.47778080380336,42.01690817507931,0.223404025490062,0.1415047127509368,-2.342208007908269,42.41007465094235,-0.7082941391930607,-1.608321530877779,1.7573783697030874,38.77141536572939
1281,10.613654700000552,221.15754212053517,288.66535511030963,49.4074851772155,64.48900235116142,42.70650663501586,0.223404025490062,0.13688554669838027,-2.353429555266331,42.65928604835254,-0.7782126291442183,-2.359737670980463,2.4847488347927356,69.30472677259469
1282,10.626261600000362,221.14144394077832,288.7217434406633,49.40388877905475,64.50159973115309,43.063212948096925,0.223404025490062,0.13328914853763507,-2.366026935258006,43.1671129469752,-0.7508864243161153,-2.0847029508200983,2.21581064519969,67.30389651508385
1283,10.629687300001024,221.1276346973528,288.78795691729476,49.40080373848452,64.51639208837425,43.374114147236575,0.223404025490062,0.13020410796740123,-2.38081929247916,43.75072422513723,-1.0823614703772104,-2.7392891616761395,2.9453711928776456,83.36647194501586
1284,10.64194470000075,221.08855692873271,288.86353891194085,49.392073607667626,64.53327741023276,44.674822829447315,0.223404025490062,0.121473977150508,-2.3977046143376697,44.20682148076965,-0.9341858783099126,-2.284853742495084,2.4684529324715623,74.132629163611
1285,10.645978099999411,221.0495707202203,288.93054537251646,49.383363931747354,64.54824692325919,44.934964565889466,0.223404025490062,0.11276430123023573,-2.412674127364099,44.59365860767737,-1.2110899518140914,-2.630069988131635,2.8955149824954796,69.73065114672663
1286,10.658062399999835,221.0163866680922,288.9856118069963,49.37595048091987,64.56054898639137,44.98699291317789,0.223404025490062,0.1053508504027505,-2.424976190496281,44.91873172153548,-1.1060078266581965,-1.887306944019792,2.1875056145241123,35.87166495564588
1287,10.661620599999878,220.98979155227696,289.02901861337017,49.37000902498837,64.57024624166895,44.99739858263558,0.223404025490062,0.09940939447125174,-2.4346734457738677,44.98374634430709,-1.6048790600050369,-2.3523912946027385,2.847697596333817,28.560515175243005
1288,10.673799000000145,220.96934119861612,289.0619574121316,49.365440333657844,64.57760490190707,44.99947971652712,0.223404025490062,0.09484070314072568,-2.442032106011979,44.996749268861414,-1.3897232634883898,-1.8484650026705207,2.3126075359166647,9.387592142194167
1289,10.677774199999476,220.9122838775349,289.1278474462946,49.352693498444616,64.59232500077876,44.999895943305425,0.223404025490062,0.0820938679274974,-2.4567522048836707,44.99934985377228,-1.8077635509624925,-2.2199792393377726,2.8629210396515017,4.0125616711148435
1290,10.68964059999962,220.85472654799702,289.1911491784682,49.339834959329394,64.60646686256683,44.99997918866109,0.223404025490062,0.06923532881227601,-2.4708940666717467,44.99986997075445,-1.5723536887074017,-1.7760995008714051,2.3720930756164327,0.3584326403766939
1291,10.69375250000121,220.80496352786838,289.244076357117,49.32871770031212,64.6182910073348,44.999995837732214,0.223404025490062,0.05811806979500034,-2.4827182114397175,44.9999739941509,-2.0178704480630567,-1.5816875190994644,2.5638909011970887,5.580970153155986
1292,10.712198499999431,220.76427875428155,289.2858497167207,49.31962855811667,64.6276233440285,44.99999916754644,0.223404025490062,0.0490289275995508,-2.4920505481334203,44.99999479883018,-1.8636988924282865,-0.6742675711684876,1.9819208660206071,6.503411763968911
1293,10.718561600000612,220.6901465318321,289.2753732568169,49.303067121202936,64.62528286071313,44.99999983350929,0.223404025490062,0.03246749068581778,-2.4897100648180412,45.172946347461355,-2.098870945939309,-0.4831649325648202,2.1537659110888856,6.771207622260219
1294,10.725129700000252,220.61853577846585,289.25085015014173,49.28706899063254,64.61980429996437,44.99999996670186,0.223404025490062,0.01646936011542266,-2.4842315040692853,45.207536657187596,-2.051826145483185,-0.0036495318903471546,2.0518293911462044,13.209941758389403
1295,10.730132599999706,220.56793731986062,289.2561405770862,49.27576509129654,64.62098620264032,45.864736931816935,0.223404025490062,0.00516546077942337,-2.485413406745238,45.21445471913284,-2.9478238882717616,-0.08917908277254294,2.949172525484021,31.047005189553218
1296,10.738302800000383,220.4776624305511,289.2736222414395,49.25559731762412,64.62489167682912,45.17294738636339,0.223404025490062,-0.015002312892995917,-2.489318880934036,45.47769013816251,-2.670994585805211,-0.43204262984044184,2.7057111655533737,28.907846500969676
1297,10.742207700001018,220.3907435800499,289.2899402893638,49.23617929653118,64.62853719442354,45.034589477272675,0.223404025490062,-0.0344203339859348,-2.492964398528457,45.82595428739813,-2.8167260971198087,-1.569281812490233,3.224374561555841,48.19096271335809
1298,10.753874500000165,220.32710560326444,289.3602582046652,49.22196231634327,64.64424649976594,46.31617692865766,0.223404025490062,-0.048637314173845425,-2.508673703870855,46.018276794979634,-2.5009536039094553,-1.807490614487676,3.0857399842450643,55.395181866941776
1299,10.757590400000481,220.2744720184919,289.44096329384206,49.21020376162912,64.66227634156559,46.741320712879975,0.223404025490062,-0.0603958688880013,-2.5267035456705003,46.396116906847496,-2.0878275754909943,-1.906615797193598,2.827403010376975,52.77737836620891
1300,10.770260100000087,220.2358734062343,289.5219076935777,49.201580676272435,64.68035964630741,46.826349469724434,0.223404025490062,-0.06901895424468307,-2.544786850412322,46.87001317629139,-1.5613869341159008,-2.746055633517418,3.158916064158812,51.67088958088716
1301,10.786724999999933,220.20618514843358,289.59366509478116,49.194948199969964,64.69639053859497,47.062147945702705,0.223404025490062,-0.07565143054715406,-2.560817742699882,47.18498591162547,-1.389630273958597,-2.6232030377471895,2.968546188885787,50.881646320405295
1302,10.7897066000005,220.1749479289541,289.662141554457,49.187969679393134,64.71168845533785,47.40407082449211,0.223404025490062,-0.08262995112398386,-2.576115659442763,47.43440868134854,-0.9252343278107213,-1.9777699040341612,2.1834908643414686,37.08244856155459
1303,10.808553799999572,220.1445937632444,289.72391551556734,49.18118843658319,64.72548900692037,47.891040605328115,0.223404025490062,-0.08941119393392682,-2.589916211025283,47.67072206830096,-0.9747301020452073,-2.131636530512041,2.3439225819225498,39.26675717386066
1304,10.81609589999971,220.11615408656306,289.7787724579934,49.174834898328946,64.73774426868444,47.98843456149531,0.223404025490062,-0.09576473218817227,-2.602171472789351,47.91724316854301,-1.1399158854711438,-2.341052629040525,2.603830954168687,42.66030668843841
1305,10.821501500000522,220.0936976402931,289.83192303393196,49.16981803783404,64.74961832130622,48.007916404486565,0.223404025490062,-0.10078159268307729,-2.614045525411129,48.17847121671642,-0.6784665288638551,-1.7096332861239893,1.8393375991947967,31.734444124951214
1306,10.826500500001202,220.06620242521,289.8771396940299,49.16367549610276,64.75971990519132,48.29475344691294,0.223404025490062,-0.10692413441435633,-2.6241471092962314,48.358923613460476,-0.906755681704726,-1.9761798095841285,2.1742797672129877,39.488436279548836
1307,10.835383900001034,220.0648790059607,289.955620677902,49.163379838915056,64.77725287291277,48.71021106535916,0.223404025490062,-0.10721979160206274,-2.641680077017682,48.61676152933273,-0.9689662796846931,-1.8506687490187972,2.0889879056042413,38.065203115409695
1308,10.840710800001034,220.02908291066987,290.00485823344036,49.155382847130255,64.78825274102533,48.7933025890484,0.223404025490062,-0.11521678338686314,-2.652679945130245,48.89007593867906,-1.4765202068572638,-1.5702092259142328,2.155381389546637,37.98630728506479
1309,10.850789199999781,219.97704688123193,290.0498519484968,49.1437577886833,64.79830451809069,49.27762414085656,0.223404025490062,-0.12684184183381575,-2.662731722195602,49.14777898168113,-1.4664547415445264,-1.2136759520169709,1.9035490079067374,33.20860262031461
1310,10.855034300000625,219.91118905795446,290.06494559210466,49.1290448858531,64.801676498832,49.37448845121819,0.223404025490062,-0.1415547446640204,-2.6661037029369083,49.3512507426253,-2.115616961428248,-1.0291504284856703,2.3526550388731304,32.01458691878443
1311,10.866028899999947,219.85319399300425,290.0766612027137,49.11608855488467,64.80429381340313,49.58326866192333,0.223404025490062,-0.15451107563244904,-2.668721017508048,49.48548574422819,-2.1418643287343553,-0.7491031058368355,2.2690831333115726,26.002415480008242
1312,10.869726099999752,219.79892700777253,290.0940554373972,49.10396509193269,64.80817975545173,49.72756987007998,0.223404025490062,-0.16663453858442523,-2.6726069595566457,49.570723247478455,-2.8409883883026104,-0.9610371940778325,2.9991344602853767,32.84952119604497
1313,10.881879900000058,219.71011535790018,290.13021857126336,49.084124211840795,64.81625874513178,49.464477597062874,0.223404025490062,-0.18647541867632356,-2.6806859492366897,49.82896093367538,-2.4014991330420976,-1.0000950490025857,2.60142041835637,27.972010036664674
1314,10.88614299999972,219.62139938390862,290.16947175707367,49.06430470612581,64.8250280648551,49.70381165710789,0.223404025490062,-0.20629492439130814,-2.6894552689600175,50.08391718673508,-2.842359344144209,-1.5534782116257189,3.2391821800015728,46.5795649466968
1315,10.899022999999943,219.54827129373106,290.2265262644637,49.047967596403744,64.8377742714784,50.66567688220283,0.223404025490062,-0.2226320341133743,-2.7022014755833084,50.38715636215171,-2.4501961097473632,-1.5722962743409044,2.9112843472473453,49.820629405137545
1316,10.903314799999862,219.48328593256363,290.28425455195577,49.033449605121014,64.85067100328877,50.85804992722181,0.223404025490062,-0.23715002539610452,-2.7150982073936802,50.83885522262566,-2.718252214631708,-1.929080980827166,3.3332039440963235,59.93443891837799
1317,10.915239400001155,219.41292048216434,290.34537851836,49.01772968024639,64.8643263434374,51.24376574716312,0.223404025490062,-0.25286995027072834,-2.7287535475423113,51.30701420858763,-1.99133642766046,-1.6764703099647598,2.6030700083403175,54.197399350518104
1318,10.919941300000573,219.3503538388028,290.3969143927736,49.003752040258014,64.87583966523854,51.72297189943263,0.223404025490062,-0.2668475902591041,-2.7402668693434578,51.644688364178464,-2.1889940487222557,-2.0075058589548487,2.970147255453759,65.89933716551361
1319,10.931313999999475,219.29870906516945,290.4373328462403,48.992214389932805,64.88486931044709,52.04460658691778,0.223404025490062,-0.27838524058431346,-2.7492965145520003,51.998608693343506,-1.6667437342762463,-1.6113292836053932,2.31827883050193,49.55058988004882
1320,10.935666900000797,219.2547386066244,290.4888650719116,48.982391212491194,64.89638181710453,52.354047660157,0.223404025490062,-0.2882084180259241,-2.7608090212094396,52.35577764687183,-1.7045519561650164,-1.9645142455965323,2.600925526119058,50.88134199890479
1321,10.947469799999453,219.21397990922446,290.54296974698184,48.97328555541832,64.90846901931305,52.62765157304703,0.223404025490062,-0.2973140750987966,-2.772896223417959,52.63318372761655,-1.2905740384556907,-1.6704892368641822,2.110951358798897,40.93733304326582
1322,10.952180700000099,219.18219523365377,290.60435510764387,48.966184730946935,64.9221827559911,53.02961051480472,0.223404025490062,-0.3044148995701832,-2.7866099600960155,52.84947854239831,-1.4938625748511125,-1.898233471247068,2.415557017315776,45.90579036134631
1323,10.963658500000747,219.1358083604154,290.65462881597347,48.955821716735585,64.93341410480825,53.110002303156264,0.223404025490062,-0.3147779137815334,-2.7978413089131635,53.10309761277654,-1.2414621915577893,-1.4607633844214414,1.9170440887819593,34.25214594325749
1324,10.968214700000317,219.09438833888316,290.6940450824113,48.946568317189396,64.94221985740025,53.126080660826574,0.223404025490062,-0.3240313133277226,-2.80664706150516,53.35807374618812,-1.9265931753839323,-1.7741205808756781,2.6190198737166157,46.920500889177234
1325,10.97932050000054,219.04494031592196,290.7167851963841,48.93552142980734,64.94730009040187,53.62214301204813,0.223404025490062,-0.33507820070978056,-2.811727294506781,53.622223880097,-2.002406189073544,-1.3138458983238162,2.394957534191859,44.288521177257664
1326,10.98393550000037,218.95823748986916,290.7703065285882,48.91615166944578,64.95925697146586,53.90253224010494,0.223404025490062,-0.3544479610713367,-2.823684175570776,54.02301350160535,-2.0388650738419263,-1.225322354275089,2.3787361478774165,43.41312122906581
1327,10.995556100000613,218.86011525015283,290.80202029669783,48.89423076610305,64.96634195492501,54.35036118434911,0.223404025490062,-0.3763688644140686,-2.830769159029927,54.4036322413367,-2.354870209140025,-1.2506294973229757,2.666362286237469,41.57995755546662
1328,11.011245900001086,218.78390317166907,290.8396576010299,48.877204680978814,64.97475028022139,55.11395041069795,0.223404025490062,-0.3933949495383047,-2.8391774843262993,54.68164746877516,-2.408317578209615,-1.3390027453309885,2.7555257047462556,40.71318142852429
1329,11.015973999999915,218.7074809198704,290.88323898521844,48.86013164228997,64.98448653688554,55.02917435948335,0.223404025490062,-0.4104679882271469,-2.8489137409904544,54.90290664219254,-2.0536349430053726,-1.1926582637279266,2.3748368813817913,24.322701443617404
1330,11.026714699999502,218.64681041551447,290.9264753346835,48.84657760738835,64.99414571140353,55.01221914924042,0.223404025490062,-0.4240220231287708,-2.8585729155084465,55.11182400421976,-1.791376294176597,-1.231194853911456,2.1736765618729774,21.29020886692076
1331,11.031025199999931,218.6000456519743,290.96234698308496,48.836130170962385,65.00215958205737,55.00882810719184,0.223404025490062,-0.4344694595547338,-2.866586786162287,55.132913506898646,-1.9866369139977111,-1.7136862696068793,2.623632378725627,32.663948895158526
1332,11.043106700000862,218.5689452814018,291.0057387233103,48.829182222982254,65.01185347149674,55.39494799448524,0.223404025490062,-0.441417407534864,-2.876280675601649,55.34544317501254,-1.3803590702724091,-1.471558547942256,2.0176411283737328,27.713845457483984
1333,11.046469400000205,218.5379157942274,291.0501178473315,48.8222501106386,65.0217679464508,55.21939792409236,0.223404025490062,-0.44834951987851923,-2.8861951505557073,55.59626087621345,-1.594823153357422,-1.8370197500796444,2.4327150372922,32.71640695048465
1334,11.05819370000063,218.507499120676,291.09465226456723,48.8154549033252,65.03171711453412,56.091822700052845,0.223404025490062,-0.45514472719192156,-2.896144318639031,55.85473618403176,-1.2523250024193113,-1.6282073672062785,2.0541122516331307,35.40106751389501
1335,11.062301500000103,218.464578485003,291.14478733371993,48.805866260539254,65.04291749080105,56.266307655244944,0.223404025490062,-0.4647333699778642,-2.9073446949059587,56.03738461473604,-1.4981593392395043,-1.8903217608752543,2.412011145369994,39.32560991281083
1336,11.074205799999618,218.42668005215896,291.18822014885967,48.79739959808214,65.05262055654163,56.30120464628337,0.223404025490062,-0.4732000324349812,-2.9170477606465397,56.255422479587835,-1.2132627369596953,-1.3259519692200699,1.7972632232295613,27.396299450335565
1337,11.077865799999927,218.39712106284443,291.22283628721493,48.79079600087985,65.06035394119712,56.30819014800668,0.223404025490062,-0.4798036296372672,-2.9247811453020347,56.39162587775351,-1.5076155647822658,-1.3330254678930986,2.0124267910225617,39.742113079503184
1338,11.08991369999967,218.36276903524237,291.22965926711623,48.7831216196298,65.06187822237291,56.30958724835134,0.223404025490062,-0.48747801088731535,-2.9263054264778248,56.57164121558977,-1.1313156495770973,-0.8709664257161727,1.4277456404075815,35.02866065608785
1339,11.093560999999681,218.32927868459183,291.24409084216967,48.7756397404794,65.06510229433401,56.77283969088121,0.223404025490062,-0.4949598900377197,-2.9295294984389244,56.877194454055456,-1.4070630494123775,-1.0560622752527158,1.7592879111258628,43.76868897756706
1340,11.111267500000395,218.29339450024952,291.27708716366743,48.7676230692459,65.07247380538297,57.16638434442625,0.223404025490062,-0.5029765612712183,-2.936901009487883,57.24719914471735,-1.4388352944021463,-0.9276225454838982,1.7119376715603105,43.12979621404712
1341,11.118292799999836,218.22767220294324,291.33182214492075,48.752940443463224,65.08470182053009,57.828970838611816,0.223404025490062,-0.5176591870538942,-2.949129024634999,57.68288038070129,-1.7774675624986966,-1.2680971848158153,2.183451718237171,51.48106960863266
1342,11.126055700000506,218.15945711323582,291.3829280704099,48.737700917823425,65.09611909001075,58.15821360131612,0.223404025490062,-0.5328987126936937,-2.960546294115659,57.9469709736012,-1.7788514027718125,-1.272146228628133,2.1869312609581555,41.13742868939833
1343,11.13198630000079,218.0975997214242,291.4314787827392,48.723881727486386,65.10696551458553,58.48799342827104,0.223404025490062,-0.5467179030307321,-2.9713927186904385,58.283224150774934,-2.1307030176162316,-1.5031702355503227,2.6075690031758176,44.01406180833688
1344,11.139283000000432,218.03037374627402,291.4610114803528,48.708863174020344,65.11356323811599,58.09329265538077,0.223404025490062,-0.5617364564967744,-2.9779904422209,58.517134332108114,-1.9512406681633738,-1.260276139460915,2.322850854615758,33.69016652638147
1345,11.144217799999751,217.98151235136342,291.4957231459671,48.69794734170626,65.12131796394569,58.84765023029491,0.223404025490062,-0.5726522888108576,-2.985745168050599,58.69123265255444,-1.930905481821207,-1.0694116907673845,2.2072692051666793,39.21361617324182
1346,11.154735500000243,217.92536313422758,291.5204914554371,48.685403380569994,65.12685130398587,58.998521745277735,0.223404025490062,-0.5851962499471242,-2.9912785080907867,58.80058051488589,-1.6940458027027403,-0.8633799998522732,1.9013721902351688,32.56844904317336
1347,11.159087500000169,217.8891014036741,291.5305516358319,48.67730236399311,65.12909878878322,59.02870520354774,0.223404025490062,-0.5932972665240115,-2.993525992888138,59.06882398871937,-1.9129670154456748,-1.1543301035649585,2.234260680891874,42.554776408405736
1348,11.169681700001092,217.83476314388727,291.568428924583,48.66516297801861,65.13756072756486,59.0347327399283,0.223404025490062,-0.6054366524985113,-3.001987931669774,59.317492825087626,-1.6458897831057147,-0.9688485973921872,1.9098745463513003,40.64047132491371
1349,11.173422400001073,217.78197112044447,291.60792754364576,48.65336902746772,65.1463848780648,59.43451002454816,0.223404025490062,-0.6172306030493999,-3.010812082169707,59.62418765193159,-2.3135349244945482,-1.3887226634314649,2.698331796274168,53.96197449895136
1350,11.185803599999417,217.73338798274784,291.6436200695052,48.642515358935356,65.15435873202169,60.0909944121362,0.223404025490062,-0.6280842715817627,-3.018785936126605,59.94248584581601,-2.1553146954771765,-1.4211040033465105,2.5816502522354483,45.29399881837706
1351,11.189162900000156,217.66525770125338,291.6830989260677,48.627294779791725,65.1631784674995,60.53199587949756,0.223404025490062,-0.6433048507253929,-3.0276056716044195,60.20116562619445,-2.915172001001938,-1.5755940188352302,3.313717596237645,49.514404899804966
1352,11.2016777000008,217.60529834254967,291.72109821784505,48.613899617691516,65.17166766224834,60.62019617296983,0.223404025490062,-0.6567000128256026,-3.0360948663532525,60.430148286371704,-2.549596877457535,-1.1793280082609767,2.8091384424072112,34.39532673394375
1353,11.205182900001091,217.52770932074483,291.74575001832847,48.59656591788647,65.17717497371191,60.328131641820534,0.223404025490062,-0.6740337126306457,-3.041602177816827,60.58638976469623,-2.4752762283540397,-1.092384675229489,2.7056046801650155,29.79417707404009
1354,11.217657400000462,217.45372374742254,291.7668360641524,48.58003724297809,65.18188568123064,60.57942332543442,0.223404025490062,-0.6905623875390319,-3.046312885335553,60.66614208868144,-1.7552012277702316,-0.6544438122699164,1.8732399881981245,19.341704917923256
1355,11.241507900000215,217.39980788998065,291.78918216056934,48.56799222338782,65.18687788912418,60.872201803758756,0.223404025490062,-0.7026074071292996,-3.0513050932290895,60.7305965817988,-1.782346358265339,-0.639374408763654,1.8935570166761782,21.19142059971141
1356,11.25284400000055,217.35259174300296,291.8112939532283,48.557443946084874,65.191817752615,60.93075749942363,0.223404025490062,-0.7131556844322446,-3.056244956719908,61.011071098586335,-1.0060005241524386,-0.6153014283979729,1.1792509921062466,15.779664930733773
1357,11.262345999999525,217.30129414546752,291.83694061477195,48.54598385629749,65.19754732004422,60.942468638556605,0.223404025490062,-0.7246157742196289,-3.061974524149136,61.27280870213915,-1.0166728375438536,-0.9019330702729367,1.3590831180805083,30.107109805530776
1358,11.269391800000449,217.26775593993133,291.8826970677555,48.53849128617299,65.20776949583289,61.730504225758196,0.223404025490062,-0.7321083443441267,-3.0721966999378054,61.39621884492003,-1.255666238903372,-1.1125761195257744,1.6776541137137804,49.726548549233655
1359,11.274812900001052,217.23430882751214,291.9266374017045,48.531019066617525,65.21758594331848,61.88811134319852,0.223404025490062,-0.7395805638995938,-3.082013147423396,61.81922973089808,-1.845246605599339,-1.3848109959640216,2.3070839885055654,61.88557246152571
1360,11.279603900000438,217.197851804046,291.95371287825816,48.5228744208178,65.22363471377263,61.48925251766315,0.223404025490062,-0.7477252096993183,-3.088061917877539,62.302160765515566,-2.3297802105392607,-1.5681140533064217,2.80835494793615,71.69426133997143
1361,11.283552799999597,217.1292969353865,291.98547564388093,48.507558987192326,65.23073064347345,63.045811929313885,0.223404025490062,-0.7630406433247927,-3.0951578475783634,62.63993715798594,-2.3581718048185065,-1.3726266331912784,2.7285670479552078,75.85801480771102
1362,11.287583999999697,217.06381837447162,292.0128941795249,48.49293081310065,65.23685605470935,63.35712381164403,0.223404025490062,-0.777668817416469,-3.101283258814263,62.94868262202688,-2.4318231869709686,-1.6637210518718433,2.94647785519104,64.84967077542856
1363,11.297732000000906,217.00906525035617,292.0343972509359,48.4806987447651,65.24165992742297,63.41938618811006,0.223404025490062,-0.7899008857520187,-3.106087131527886,63.33769795018664,-2.3136022909374288,-1.521173691238798,2.7688851474100526,44.92987924011923
1364,11.301116399999955,216.982605362882,292.0838785485738,48.47478749938935,65.25271424850176,63.43183866340327,0.223404025490062,-0.7958121311277679,-3.117141452606674,63.41550101581859,-2.3258570139316017,-1.4444105635776092,2.737870107479428,27.997081660419724
1365,11.314076300001034,216.9182778360818,292.1157724935888,48.460416470952374,65.25983948420686,63.43432915846191,0.223404025490062,-0.810183159564744,-3.124266688311778,63.43106162894498,-1.7808877022124434,-1.1953760986810154,2.1448741280525905,12.688837085576042
1366,11.317641800000274,216.85540106302437,292.13832575279173,48.446369546741515,65.26487797310072,63.434827257473636,0.223404025490062,-0.8242300837756034,-3.1293051772056373,63.434173751570256,-2.0125649086664943,-1.2234244038485915,2.355246225668997,5.028331925793086
1367,11.330677100000685,216.8026602327971,292.15433241476046,48.434587032961055,65.26845392581919,63.434926877275984,0.223404025490062,-0.8360125975560635,-3.132881129924101,63.43479617609531,-1.9180024873336083,-0.6617196248914695,2.028942188280488,4.261646938115851
1368,11.334608900000603,216.76105934530864,292.16513187078,48.425293227232174,65.27086656776706,63.43494680123645,0.223404025490062,-0.845306403284944,-3.1352937718719716,63.43492066100032,-2.501451088893818,-0.8453925241796689,2.6404442940662354,18.328136629638074
1369,11.34600280000086,216.69609369374905,292.1884768763864,48.41077963915517,65.27608193599463,63.434950786028544,0.223404025490062,-0.8598199913619453,-3.140509140099539,63.653174317746945,-1.9178761203095263,-0.7541382533135909,2.0608186038476055,24.27048434966104
1370,11.349339300000793,216.63596418881812,292.2104035208544,48.39734646570288,65.28098043663427,63.43495158298697,0.223404025490062,-0.873253164814237,-3.1454076407391796,63.89184458034627,-2.3295021014729063,-1.308793669636541,2.671988194294161,46.12740587144199
1371,11.3619963000001,216.57807368880609,292.2646141248425,48.38441349496256,65.29309130378945,64.52609554120677,0.223404025490062,-0.8861861355545599,-3.157518507894366,64.27895363286613,-2.0566454628117365,-1.3924821656943354,2.4837063315699965,52.990893474050544
1372,11.36580850000064,216.52752928645933,292.316618924277,48.3731216720123,65.30470938532793,64.62827819027261,0.223404025490062,-0.8974779585048154,-3.1691365894328385,64.69575044337012,-2.4180508664388243,-1.9588172810296898,3.111902172811044,65.80019129549808
1373,11.378115499999694,216.47246993758162,292.3734738839013,48.360821191832166,65.31741101217706,65.37049206383577,0.223404025490062,-0.9097784386849526,-3.1818382162819745,65.1184848054709,-1.7763482690422403,-1.8206388058436205,2.543646758941392,55.61837832879332
1374,11.381513600001199,216.42560878688565,292.42350763113154,48.35035222212759,65.32858875271864,65.5189348385484,0.223404025490062,-0.9202474083895282,-3.193015956823558,65.40121283023481,-2.1203599746294075,-1.7684664600833713,2.761050532397086,56.16103710551151
1375,11.394989899999928,216.3762882135671,292.47039411969695,48.339333807508744,65.33906338300525,65.54862339349094,0.223404025490062,-0.9312658230083741,-3.203490587110167,65.67914881604696,-1.7159653978527083,-1.1759958311330856,2.0802652334426495,37.03973898176662
1376,11.398972799999683,216.32740564103827,292.4828023873461,48.3284132440295,65.34183543994743,65.93973566502632,0.223404025490062,-0.9421863864876201,-3.2062626440523445,65.81177092531877,-2.222850226095832,-1.0548436277105182,2.4604386207698368,43.40165198822427
1377,11.410400599999775,216.27931921421464,292.48716330435605,48.31767054270566,65.34280968636229,66.01795811933339,0.223404025490062,-0.9529290878114551,-3.2072368904672004,65.96862737842312,-1.8906481258973258,-0.5004745196412581,1.9557671335742448,29.456101060079007
1378,11.413886600001206,216.2241762696181,292.4938153622218,48.30535138690542,65.34429578286729,66.0336026101948,0.223404025490062,-0.9652482436116969,-3.208722986972205,66.199256481544,-2.670336981614431,-0.8911841690990838,2.8151214571720513,41.65300647003342
1379,11.426380900000368,216.1447701111057,292.522761091532,48.28761173144505,65.35076237531594,66.30321710407021,0.223404025490062,-0.9829878990720715,-3.2151895794208514,66.3676052025588,-2.3494380111912334,-0.8984444245084754,2.5153650534983156,41.62852913227091
1380,11.42989579999994,216.07057057953423,292.5657259784494,48.2710352574025,65.360360904008,66.70176890909529,0.223404025490062,-0.999564373114616,-3.224788108112918,66.65445121629301,-2.946516334813197,-1.5314333052942968,3.320729811334492,62.08778200956255
1381,11.442047599999569,216.0087048091902,292.6055580815264,48.2572141952676,65.36925955617914,66.7814792701003,0.223404025490062,-1.0133854352495177,-3.2336867602840584,67.05759312411799,-2.4760305841429244,-1.6169881194941298,2.9572585332020456,53.45255288617162
1382,11.44526340000084,215.9521998534206,292.652343194698,48.24459076068854,65.37971153879468,67.45218818800444,0.223404025490062,-1.0260088698285799,-3.244138742899594,67.43069709162047,-2.4157935954847742,-1.6084936663440368,2.902294018643551,55.361712771174055
1383,11.45823720000044,215.88358829343326,292.70194230502216,48.229262661992216,65.39079217970182,68.04931214931965,0.223404025490062,-1.0413369685249023,-3.2552193838067325,67.72886768980848,-2.254415828429365,-1.534202480924709,2.726933805567783,52.653056481619316
1384,11.47436800000105,215.8028176971376,292.7362460743024,48.211218185638536,65.39845577984852,68.1687369415827,0.223404025490062,-1.059381444878582,-3.262882983953432,68.10019614538358,-2.268994770929072,-1.5128835194306562,2.727114558259033,48.594723235407706
1385,11.47811449999972,215.73726066818088,292.77581261720843,48.19657248147043,65.40729510480844,68.19262190003529,0.223404025490062,-1.0740271490466853,-3.271722308913354,68.35520280329547,-2.2964707256566137,-1.2500488607275075,2.6146510183969016,38.94823922402307
1386,11.490022800000588,215.67274900493584,292.8091646411185,48.18216031621043,65.41474608120821,68.63812154797581,0.223404025490062,-1.0884393143066902,-3.279173285313121,68.50862723058098,-2.2509478019915585,-1.171921706131051,2.537748311513918,38.29257548410328
1387,11.49341480000112,215.61106215968124,292.8385597760023,48.16837922666077,65.42131307267105,68.72722147756392,0.223404025490062,-1.1022204038563501,-3.285740276775968,68.73856992853807,-2.8574300284071095,-1.5802772332682173,3.2652997567189,45.2944699320734
1388,11.505861200001164,215.5579207218051,292.8643793238834,48.15650721551891,65.42708126360402,68.81643428574716,0.223404025490062,-1.1140924149982112,-3.291508467708937,68.9838162806295,-2.2957074768854806,-1.2479413971131716,2.6129735073392295,36.5292635522585
1389,11.50953440000012,215.48966938943565,292.90576157901774,48.14125959312251,65.4363262259849,69.31845043136819,0.223404025490062,-1.1293400373946056,-3.300753430089813,69.19696955495402,-3.0604058788569057,-1.40788652315756,3.368713197265477,50.68182808615107
1390,11.52183259999947,215.42908467523978,292.94416805588725,48.12772472408799,65.44490638752244,69.41885366049239,0.223404025490062,-1.1428749064291281,-3.3093335916273503,69.49506895981894,-2.553817878336221,-1.0911276770972662,2.777146982685179,40.397815765203404
1391,11.525428799999645,215.3480548602162,292.9671134861398,48.10962233722701,65.45003248900746,69.70388791959849,0.223404025490062,-1.1609772932901095,-3.3144596931123687,69.7958790263388,-2.9101551624340045,-1.0589445249373208,3.0968316997111764,46.10738812168381
1392,11.537922499999695,215.26249741866732,292.9868116356951,48.09050846037436,65.45443313491282,70.21771850188844,0.223404025490062,-1.1800911701427594,-3.318860339017732,70.00039650839277,-2.285327751430994,-0.5878952187163572,2.3597338238984067,37.18019026496789
1393,11.541761899999983,215.2154847367469,292.9920108312871,48.08000563798425,65.45559465613738,70.32048461834644,0.223404025490062,-1.1905939925328681,-3.320021860242292,70.18565547355355,-2.8401892720587543,-0.5153850255520458,2.886571811973664,32.868081203751885
1394,11.55390400000033,215.15967181284884,293.00079506622023,48.06753680611106,65.4575570895823,70.34103784163804,0.223404025490062,-1.2030628244060608,-3.3219842936872084,70.3482785556482,-2.0130921432155193,-0.2237930940200052,2.0254933537306656,19.27033876054663
1395,11.557382000000871,215.09934712191338,293.00601236518787,48.05406002731963,65.45872265517386,70.34514848629635,0.223404025490062,-1.2165396031974893,-3.3231498592787716,70.35759516425465,-2.256647898144229,-0.19077298344434537,2.264697345653724,20.237266204349453
1396,11.569956000001184,215.0487892646092,293.00418100877744,48.042765198477724,65.45831352277965,70.51700333007177,0.223404025490062,-1.2278344320393941,-3.322740726884561,70.55447801722593,-1.9588919511792406,-0.19555904631722076,1.96862922283281,14.003912921466686
1397,11.57342620000054,215.00610905931637,293.0070877326631,48.03323026880656,65.45896289659669,70.26430154492061,0.223404025490062,-1.237369361710556,-3.3233901007016016,70.62806113078894,-2.6721825934570367,-0.3150245940067899,2.6906877016116004,22.901707335253718
1398,11.585702100001072,214.93760056805175,293.025026327697,48.0179251960778,65.46297045093891,71.30489888320287,0.223404025490062,-1.2526744344393208,-3.327397655043825,70.83779850545467,-2.0228501770809757,-0.2823454502502637,2.0424597406542824,25.120727228933564
1399,11.589205100000981,214.86557613688598,293.0369267479399,48.00183464822173,65.4656290527262,70.70895340945307,0.223404025490062,-1.2687649822953873,-3.3300562568311136,71.04056018937219,-2.2791075984572178,-0.42984806914978757,2.319288858227286,28.807339510064082
1400,11.607992900000681,214.81274565775664,293.0513688329811,47.99003210651567,65.46885547266086,71.39383535962499,0.223404025490062,-1.280567524001448,-3.3332826767657764,71.29934006521819,-2.1684871237762966,-0.5404321734986819,2.234816175916065,37.78654027516078
1401,11.614584200000536,214.74844016810127,293.0721683801203,47.97566600126555,65.47350217522013,71.53081174965938,0.223404025490062,-1.2949336292515667,-3.337929379325047,71.52404403843427,-2.5972938074338305,-0.7968207240747125,2.716773525424796,47.29310355280134
1402,11.620313400000668,214.692160701205,293.0911469534285,47.96309294180849,65.47774206489525,71.55820092415063,0.223404025490062,-1.307506688708628,-3.3421692690001663,71.9027458194056,-1.9821866898066192,-0.8237479449675437,2.1465378520037266,41.578018432928374
1403,11.624784200001159,214.62430360303563,293.12333452888447,47.947933392919374,65.48493289882288,72.42841874928325,0.223404025490062,-1.322666237597744,-3.3493601029277897,72.19164047247487,-2.492649528096708,-1.110906576706001,2.7289952532185513,56.93546529491147
1404,11.634028899999976,214.561494296755,293.16031208681096,47.93390154105805,65.49319383411644,72.60246231430978,0.223404025490062,-1.3366980894590696,-3.357621038221353,72.46257369996373,-2.3132189291808483,-1.0974348507558958,2.5603408105121876,55.99756867269042
1405,11.639025700000275,214.49035678952077,293.1962669865465,47.91800913557859,65.50122630345346,72.83830862497133,0.223404025490062,-1.352590494938525,-3.3656535075583776,72.91508920288337,-2.6184787808571026,-1.257811298054035,2.9049131462595015,52.07047311662064
1406,11.64976949999982,214.4286843206712,293.2269308213437,47.904231257775685,65.50807672758411,72.88547788710365,0.223404025490062,-1.3663683727414337,-3.3725039316890246,73.2309731628423,-2.158362435637926,-1.0176787288829827,2.38625195626819,42.66564737848719
1407,11.653383900000335,214.36848547225765,293.2518773586562,47.89078259271023,65.51364988444176,73.82077843874886,0.223404025490062,-1.3798170378068875,-3.378077088546675,73.39891557983408,-2.2898963770678336,-0.9838922448118218,2.4923220833410027,48.80090389353774
1408,11.665817799999786,214.3078081661601,293.27457059698827,47.877227038272146,65.51871964523656,74.0078385490779,0.223404025490062,-1.3933725922449725,-3.383146849341472,73.61767740307619,-1.7776315433501502,-0.7501473277963622,1.929428650485283,31.432675857323304
1409,11.669634300000325,214.27064329520215,293.28695014436425,47.86892425649332,65.5214852859541,73.44217439926871,0.223404025490062,-1.401675374023796,-3.385912490059013,73.84660310756836,-1.571459674557818,-0.6464562763132111,1.699232540279907,25.66647270511259
1410,11.68194240000048,214.23652984235522,293.3111250482981,47.861303173803954,65.52688605680875,73.93211774118187,0.223404025490062,-1.4092964567131645,-3.3913132609136625,73.89238824846679,-1.0873364715559597,-0.41423420668269295,1.1635680385614775,16.480272878581978
1411,11.697993400000996,214.2184571065849,293.31968647447684,47.85726565188125,65.52879871388102,74.0301064095645,0.223404025490062,-1.413333978635869,-3.39322591798593,73.90154527664649,-0.8828299083767791,-0.3328408068059386,0.9434890830315845,12.96734892942131
1412,11.701424200000474,214.19848939871653,293.32553471676374,47.85280478556364,65.53010523474995,74.04970414324103,0.223404025490062,-1.4177948449534767,-3.394532438854867,73.90337668228241,-0.3793874459653441,-0.12405276754516466,0.3991540094897225,0.9746867588977861
1413,11.713898400001199,214.19471054547992,293.32557770995265,47.85196057453885,65.53011483960142,74.05362368997633,0.223404025490062,-1.418639055978268,-3.3945420437063376,73.90374296340961,-0.2278682761070894,-0.02085872764687388,0.22882097319752662,0.2309336411063029
1414,11.717590300000666,214.20035762904575,293.3203012878397,47.853222155739736,65.5289360656612,73.4513314274484,0.223404025490062,-1.417377474777382,-3.3933632697661125,73.90381621963505,-0.08458599975023966,0.04675164761201751,0.09664630312736129,-4.873950645189607
1415,11.730287599999428,214.20822386771067,293.31591516570995,47.85497950512294,65.52795618832113,73.93394914681781,0.223404025490062,-1.4156201253941774,-3.3923833924260407,73.90383087088014,0.22205842698700154,0.14349428833341718,0.26438713240295064,-3.2526907961274665
1416,11.735120999999708,214.21828140027728,293.3111794139861,47.85722639838482,65.5268982023223,74.03047269069168,0.223404025490062,-1.413373232132301,-3.391325406427214,73.78321856675416,0.43170627151063123,0.251355274482637,0.49954957599006394,-2.114063669819319
1417,11.746289000000615,214.22992816867284,293.3060358202934,47.85982833332834,65.52574910278587,74.04977739946646,0.223404025490062,-1.4107712971887807,-3.3901763068907798,73.87971134030397,0.41040445030120737,0.20801252242582025,0.46010979375904243,-2.0567766235979845
1418,11.74966140000106,214.24473027214867,293.2979063549757,47.86313518283056,65.5239329475088,73.45056216934643,0.223404025490062,-1.4074644476865572,-3.3883601516137105,73.89900989501393,0.4033328597654242,0.21653931461736547,0.4577845241393747,-2.0140453468166704
1419,11.762263399999938,214.25799805875982,293.29212032653686,47.86609925976883,65.52264032546397,73.93379529519741,0.223404025490062,-1.4045003707482877,-3.3870675295688812,73.90286960595593,0.30960098319420215,0.1771981818194239,0.3567239330840114,4.990120505034116
1420,11.765857000000324,214.25965561210205,293.2901931675717,47.866469563857954,65.5222097903934,74.03044192036761,0.223404025490062,-1.4041300666591638,-3.3866369944983177,73.90364154814432,0.2651472905089665,0.1716409139460898,0.3158539045262782,4.653052536947789
1421,11.777853699999469,214.2594520194806,293.289001844139,47.866424080446755,65.52194364394288,74.04977124540164,0.223404025490062,-1.404175550070363,-3.3863708480477897,74.024411170957,0.07211835219987682,0.06828323800863366,0.09931594694191458,3.583598773601023
1422,11.781326700000136,214.25961855906937,293.2878342623043,47.866461286061295,65.5216828014609,74.05363711040846,0.223404025490062,-1.4041383444558235,-3.3861100055658113,74.04856509551954,0.1789597756891645,0.10257976884736754,0.2062745992396917,3.5749977197724445
1423,11.79420089999985,214.26050705675954,293.2865810631347,47.86665978002192,65.52140283172167,74.05441028340982,0.223404025490062,-1.403939850495199,-3.3858300358265865,74.05339588043203,0.17360860851845256,0.056796549344951194,0.1826630695274959,3.5340478534171584
1424,11.797870700000203,214.27314602078167,293.2820792257446,47.86948337546249,65.52039710312663,74.05456491801009,0.223404025490062,-1.4011162550546317,-3.38482430723154,74.05436203741453,0.2507709478285904,0.06934750678148617,0.26018290676302674,1.521698051530651
1425,11.817076799999995,214.2797046570509,293.2914594426666,47.870948601206756,65.52249268134698,74.05459584493015,0.223404025490062,-1.3996510293103626,-3.3869198854518885,74.05455526881104,0.26755868016136813,0.07505512973693075,0.2778865232959684,0.1310596376120843
1426,11.824574199999915,214.29252519380373,293.28860887922133,47.87381276072628,65.52185585399839,74.05460203031416,0.223404025490062,-1.3967868697908372,-3.3862830581033023,74.05459391509032,0.2598281104742339,0.0929164930030886,0.27594224334922646,0.05609014684230396
1427,11.829465099999652,214.29459736290406,293.28633984187564,47.87427569164479,65.52134894192137,74.05460326739096,0.223404025490062,-1.396323938872328,-3.385776146026288,74.05460164434619,0.11729954870063408,-0.007471356344361524,0.11753725065270525,0.003442474116220242
1428,11.833507000001191,214.2941769896518,293.2843306269728,47.87418177856802,65.520900075224,74.05460351480632,0.223404025490062,-1.3964178519490957,-3.3853272793289193,74.05460319019737,0.09725830651947134,0.017850700022353925,0.09888288870337227,-2.508526421044931
1429,11.842595699999947,214.29648659970786,293.29360157764165,47.874697754751864,65.52297124292355,74.0546035642894,0.223404025490062,-1.3959018757652544,-3.3873984470284597,74.0546034993676,0.017381888782442855,0.00995106153918795,0.02002882131833819,-2.6716928011508747
1430,11.846609300000637,214.29605692214375,293.2932871741956,47.87460176305438,65.52290100392807,74.054603574186,0.223404025490062,-1.3959978674627394,-3.387328208032983,74.00423368815478,-0.06660288539666807,0.02089144847771475,0.0698025569922672,-2.7879714826711126
1431,11.85903590000089,214.29509119586797,293.2907595376895,47.87438601591685,65.52233631975763,74.05460357616533,0.223404025490062,-1.3962136146002706,-3.386763523862541,73.99415972591221,-0.06530070484822521,0.005450156779042774,0.06552775185057984,-2.7926113352473814
1432,11.862510799999654,214.29003180165253,293.2882965738755,47.873255726882576,65.52178608372695,73.80275421132683,0.223404025490062,-1.3973439036345425,-3.3862132878318647,73.99214493346369,-0.06068770024778859,0.0034297001343051997,0.06078453589834089,-2.794614514526733
1433,11.880171400000108,214.2887097326397,293.28562089639854,47.87296037134313,65.52118832660769,74.00423370359348,0.223404025490062,-1.3976392591739852,-3.385615530712599,73.99174197497399,0.033814871490075185,0.03144730384456458,0.04617768349519783,1.4683014514966521
1434,11.888245199999801,214.29159500518142,293.2942216913848,47.87360495284359,65.52310977883002,74.04452960204682,0.223404025490062,-1.3969946776735256,-3.3875369829349324,73.99166138327605,0.04828173300109918,0.05206517907142109,0.07100639839710626,2.0277286968251307
1435,11.89399020000019,214.3031309900649,293.29016919237745,47.87618213830455,65.52220443423849,74.05258878173748,0.223404025490062,-1.3944174922125683,-3.3866316383434025,74.04201513798333,0.12452023412761341,-0.026388159507460603,0.12728559882950954,2.1951409434036226
1436,11.899059900000793,214.3043784811588,293.2867985847155,47.8764608328367,65.52145142691846,74.05420061767562,0.223404025490062,-1.3941387976804194,-3.385878631023374,74.0520858889248,0.12389643419442076,-0.029612004965987357,0.12738601667450825,2.2051328419510994
1437,11.906889500000034,214.30633830315102,293.2949967653195,47.876898664959,65.5232829334671,74.05452298486325,0.223404025490062,-1.3937009655581178,-3.3877101375720144,74.05410003911308,0.09016304721890567,0.04695105710125001,0.10165518602965347,0.18475747097656958
1438,11.921730699999898,214.30502009214518,293.29381907658376,47.87660417131385,65.52301983306275,74.05458745830077,0.223404025490062,-1.3939954592032677,-3.387447037167661,74.05450286915074,0.03734159208405631,0.04203385991052434,0.056224904431663045,-1.7503747693607918
1439,11.926703999999518,214.30304259017498,293.29059496689985,47.876162389413295,65.52229955398074,74.05460035298827,0.223404025490062,-1.394437241103823,-3.3867267580856577,74.0042135621114,0.06934756673148111,-0.030588311217128336,0.07579399576940857,-2.2299445021022506
1440,11.937746100000368,214.3121612517918,293.28402111721323,47.87819953512557,65.52083092949779,74.05460293192579,0.223404025490062,-1.392400095391551,-3.3852581336027043,73.99415570070354,0.1073689456916272,-0.009816163451732578,0.10781673137246704,-2.288618376537075
1441,11.942635800000062,214.31686706465695,293.2887176816471,47.87925083266285,65.52188016089828,73.80275408247891,0.223404025490062,-1.3913487978542705,-3.3863073650031907,73.99214412842196,0.2860292723641261,-0.20539630891670504,0.35213688867506904,-4.797537185002129
1442,11.953773700000966,214.32913284282438,293.29520188134927,47.88199105688122,65.52332875721383,74.0042336778239,0.223404025490062,-1.3886085736358993,-3.387755961318746,73.99174181396566,0.2936969601523658,-0.23033641808143543,0.3732462590533576,-1.2813705759048248
1443,11.95780410000043,214.34489078516899,293.31252422522016,47.885511444634446,65.52719863856551,74.04452959689291,0.223404025490062,-1.3850881858826725,-3.3916258426704218,73.94129147802751,0.2693212585421038,-0.3934685922103218,0.4768138770617685,-2.675884685154636
1444,11.969691199999943,214.34220414160475,293.3114531998597,47.88491123764714,65.5269593671886,74.05258878070671,0.223404025490062,-1.3856883928699801,-3.391386571293509,74.03007592255864,0.18823994061139676,-0.40519260499810866,0.4467833058503143,-2.6993600046542356
1445,11.973828100000901,214.34336353540118,293.3240943790665,47.88517025088839,65.52978345751032,73.8023512522351,0.223404025490062,-1.3854293796287251,-3.394210661615233,73.99746293841798,0.12669300940911055,-0.489805963595962,0.5059258845001962,-2.757959076968973
1446,11.98616360000051,214.33285016119405,293.33917941752054,47.882821520769035,65.53315351582563,74.24667630513451,0.223404025490062,-1.3877781097480835,-3.397580719930545,73.99094034158985,-0.07124219404279057,-0.2696815198375512,0.2789329173007771,-0.2589364908643616
1447,11.990127299999585,214.33175532594305,293.34899315760276,47.882576930166714,65.53534594486511,73.84116875712066,0.223404025490062,-1.3880227003504046,-3.399773148970027,73.98963582222423,-0.17512368782590876,-0.628521456194117,0.6524626632491086,-1.7559590631619872
1448,12.001806899999792,214.32567946258928,293.3416504500452,47.88121955783515,65.53370555443875,74.01191661275226,0.223404025490062,-1.3893800726819663,-3.3981327585436674,73.9893749183511,-0.2237358058009647,-0.47159796867090875,0.5219792666878009,1.345643395263327
1449,12.005040199999712,214.31743137077427,293.3673263698355,47.879376900921066,65.53944165827807,74.04606618387858,0.223404025490062,-1.391222729596052,-3.4038688623829785,73.98932273757649,-0.38111415575441077,-0.6725136916658905,0.7729959024435263,2.547754578695149
1450,12.018006700000115,214.30695794034983,293.3614086188261,47.877037094403555,65.53811960888072,73.80104673286947,0.223404025490062,-1.3935625361135635,-3.4025468129856336,74.08818681314031,-0.43676458663157713,-0.6040461442910534,0.7454093161266101,2.6777165167915795
1451,12.021613700000671,214.2911788771773,293.3820391664253,47.873511988172346,65.54272855626243,74.2464154012614,0.223404025490062,-1.397087642344772,-3.4071557603673455,74.10795962825307,-0.4218950215987875,-0.6025138843177871,0.7355395231022933,5.6785112201960946
1452,12.03394500000104,214.27241401250723,293.3936741592821,47.86931984186728,65.5453278605032,74.33548913493978,0.223404025490062,-1.4012797886498376,-3.4097550646081203,74.11191419127562,-0.283829884309881,-0.2664840693623505,0.3893239813462285,5.091660583963291
1453,12.037359899999501,214.27177400483578,293.3914101780041,47.86917686157714,65.54482207797206,74.11078068831608,0.223404025490062,-1.4014227689399803,-3.4092492820769706,74.16307497692699,-0.19635829027136195,-0.23788085674566223,0.308454016288235,1.0572883607192
1454,12.050331899999946,214.278766560291,293.3968637749698,47.870739026614295,65.5460404334876,74.06583899899134,0.223404025490062,-1.3998606039028232,-3.410467637592518,74.1248024953854,0.0041103308594050035,0.08874603120007205,0.08884116654759738,-0.23479713735247407
1455,12.05480770000031,214.28391359441844,293.39195581190654,47.871888894757696,65.54494397478231,74.05685066112639,0.223404025490062,-1.3987107357594226,-3.409371178887227,74.0686433604052,0.263559389077921,0.2844138187739208,0.387756072654822,-0.42953080731916077
1456,12.066284700000324,214.2852003529503,293.3737000125469,47.87217636179356,65.54086555571683,74.0550529935534,0.223404025490062,-1.3984232687235618,-3.405292759821748,74.05741153340917,0.2621999469278657,0.22496456317510483,0.3454820789180552,-2.633773407726527
1457,12.069724900000438,214.29994159824736,293.36188050850785,47.87546961533365,65.53822503093521,74.0546934600388,0.223404025490062,-1.3951300151834687,-3.4026522350401223,74.05516516800996,0.2564236256957224,0.27197875530061044,0.37379876825614244,-1.5762986154309953
1458,12.081858800000191,214.29729832680795,293.36998062517387,47.87487909785362,65.54003462960533,74.05462155333589,0.223404025490062,-1.3957205326634963,-3.4044618337102435,74.103220533602,0.18840402589946778,0.21324032819916616,0.28454791256590767,0.9627879812168669
1459,12.085971399999835,214.29898354776645,293.3673822412544,47.87525558299959,65.53945414017797,74.0546071719953,0.223404025490062,-1.3953440475175256,-3.4038813442828797,74.1128316067204,0.16202557570771509,0.33645235613034064,0.3734333610285429,1.1807454021912007
1460,12.098946300000534,214.29415201487132,293.37021164918076,47.874176199101534,65.54008624129847,74.29712748908656,0.223404025490062,-1.3964234314155846,-3.4045134454033814,74.11475382134408,-0.03847153614368838,0.10980925412773242,0.11635347603464213,1.312672245052165
1461,12.102405100000396,214.29249781206744,293.3551719308499,47.87380664353617,65.5367263076811,74.10310835914544,0.223404025490062,-1.3967929869809481,-3.4011535117860205,74.11513826426881,-0.035500497199984965,0.2670744121754639,0.2694235085145981,-1.8098423623739026
1462,12.113951700001053,214.2901616539446,293.37407130302495,47.87328473640735,65.54094850350425,74.06430453315721,0.223404025490062,-1.397314894109769,-3.405375707609167,74.11521515285375,-0.0718840019061987,0.2100312251326995,0.2219919486395691,-2.438269837659507
1463,12.11811310000121,214.28953183804668,293.36220221296327,47.873144033000436,65.53829690100557,74.05654376795957,0.223404025490062,-1.3974555975166822,-3.4027241051104795,74.06672589189887,0.05252275382288113,-0.01118468038050846,0.05370043523429866,-2.5718422601189728
1464,12.130157800000234,214.28465941825192,293.3699694985533,47.87205551480441,65.54003214387352,74.05499161492004,0.223404025490062,-1.3985441157127099,-3.404459347978431,74.05702803970789,0.09231173179361404,-0.19680281591238158,0.21737710131883461,-2.600562000669277
1465,12.133889799999451,214.29366088727784,293.3892605631149,47.87406647922012,65.54434184535256,74.05468118431213,0.223404025490062,-1.3965331512969996,-3.408769049457476,74.05508846926969,0.1283536624149651,-0.1649186711263511,0.20898045540532345,-2.6028425319391113
1466,12.145844200000283,214.29858917201477,293.38694221597405,47.87516747786911,65.54382391726881,74.05461909819056,0.223404025490062,-1.3954321526480058,-3.4082511213737234,74.05470055518207,0.36216838442742316,-0.3306613249993493,0.4904108996842292,2.481086924812383
1467,12.162199200000032,214.30847297659744,293.40204103495057,47.87737555960004,65.54719705420831,74.05460668096623,0.223404025490062,-1.3932240709170784,-3.411624258313225,74.05462297236454,0.3643514626646204,-0.32369085263810876,0.48736819390214015,1.9889038653284823
1468,12.165721200000917,214.32637056348528,293.4050604296361,47.88137395255734,65.5478715991356,74.05460419752137,0.223404025490062,-1.3892256779597787,-3.4122988032405175,74.10311209447292,0.034502714027680736,-0.11610311198215156,0.12112130236756846,1.642149274435587
1469,12.178174099999524,214.3219414567893,293.4111482250848,47.88038447229213,65.5492316371452,74.0546037008324,0.223404025490062,-1.39021515822499,-3.413658841250111,74.06244004584771,-0.007778775988092956,-0.08859821008540845,0.0889390363463148,1.6242254437567638
1470,12.18178380000063,214.3039999210821,293.4130363848845,47.87637626099167,65.54965345964523,74.29712679485398,0.223404025490062,-1.3942233695254487,-3.4140806637501413,74.05430563612268,-0.10962994080599767,-0.07231614889529099,0.13133297115413345,1.6106195328961916
1471,12.195111400000314,214.296882396042,293.40224743850627,47.874786177246186,65.54724316559353,73.85125885506454,0.223404025490062,-1.3958134532709323,-3.4116703696984416,74.05267875417766,-0.3449134201931122,0.048262591305269525,0.34827366416197747,-2.9362057025225092
1472,12.199582499999451,214.28939241297536,293.4047458195875,47.873112884878246,65.5478013139843,74.01393463234103,0.223404025490062,-1.3974867456388722,-3.412228518089208,74.05235337778866,-0.3553915269779708,-0.09385364366896341,0.3675753580936492,2.1889673519241564
1473,12.210616700000173,214.2873596999235,293.38442772686955,47.8726587685998,65.54326217028081,74.04646978779633,0.223404025490062,-1.39794086191732,-3.4076893743857255,73.95341379079211,-0.13862013246552718,-0.044411695043689074,0.14556077693325883,2.893080289583936
1474,12.21415370000068,214.2852722369926,293.3974069805455,47.87219242097797,65.54616178779987,74.05297681888739,0.223404025490062,-1.398407209539151,-3.4105889919047883,74.03250038511155,-0.22928230723997634,-0.22779937761327942,0.3232072599034316,3.082960123947065
1475,12.226636999999755,214.28378906754892,293.39012322951135,47.87186107495377,65.54453456849818,73.80242885987123,0.223404025490062,-1.398738555563348,-3.4089617726030923,74.04831770397544,-0.12121055708823036,-0.2593230474770681,0.28625240977576566,3.1080161559687425
1476,12.230460700000549,214.2739883435474,293.4027218474169,47.869671553759105,65.5473491504539,74.24669182666175,0.223404025490062,-1.4009280767580137,-3.4117763545588105,74.05148116774822,-0.09754930677250648,-0.545872101191679,0.5545198085832599,
1477,12.242510399999446,214.2829479220685,293.4179564628308,47.87167315966742,65.55075262486415,74.09302122666048,0.223404025490062,-1.3989264708497018,-3.415179828969059,74.05211386050279,-0.0727771319710392,-0.4414872020956722,0.44744548332975154,
1478,12.24631220000083,214.28426084526322,293.43533780955534,47.87196647199428,65.55463568769085,74.06228710666022,0.223404025490062,-1.3986331585228413,-3.419062891795761,59.29162808852853,-0.06746850325553187,-0.4675575408973741,0.47240031009890476,
1479,12.258257299999968,214.2838337660033,293.4512645671349,47.87187106076841,65.55819378944713,74.05614028266017,0.223404025490062,-1.3987285697487053,-3.4226209935520444,44.44228972319618,0.0470551881538904,-0.3203398221885963,0.32377738094564223,
