frame,t_s,x_px_filt,y_px_filt,x_mm_abs,y_mm_abs,angle_deg_raw,mm_per_px,x_mm,y_mm,angle_deg_unwrapped,vx_mm_s,vy_mm_s,speed_mm_s,angular_vel_dps
450,3.7392915999998877,131.50003051757693,251.49996948242193,30.953084106445033,59.19922358586239,0.0,0.2353846153846154,0.0,-0.0,0.0,,,,
451,3.751783499999874,131.50003051757784,251.49996948242188,30.953084106445246,59.19922358586238,0.0,0.2353846153846154,2.1316282072803006e-13,1.4210854715202004e-14,0.0,,,,
452,3.756390499999725,131.50003051757807,251.49996948242188,30.9530841064453,59.19922358586238,0.0,0.2353846153846154,2.6645352591003757e-13,1.4210854715202004e-14,0.0,,,,0.0
453,3.768912199999704,131.50003051757812,251.49996948242188,30.953084106445313,59.19922358586238,0.0,0.2353846153846154,2.8066438062523957e-13,1.4210854715202004e-14,0.0,5.953262964737207e-12,2.275211091221918e-13,5.957609065926349e-12,0.0
454,3.77387729999964,131.50003051757812,251.49996948242188,30.953084106445313,59.19922358586238,0.0,0.2353846153846154,2.8066438062523957e-13,1.4210854715202004e-14,0.0,2.540446327904329e-12,-0.000130014148869353,0.00013001414886935304,0.0
455,3.7859261999997216,131.50003051757812,251.49996948242188,30.953084106445313,59.19922358586238,0.0,0.2353846153846154,2.8066438062523957e-13,1.4210854715202004e-14,0.0,2.2697963879066702e-13,-0.00019367361744365138,0.00019367361744365138,0.0
456,3.7900699999995595,131.50003051757812,251.49998092651367,30.953084106445313,59.19922627962553,0.0,0.2353846153846154,2.8066438062523957e-13,-2.6937631361079184e-06,0.0,-3.628843553591843e-05,-0.00024130218912343023,0.0002440155671866125,0.0
457,3.8006487999996352,131.50003051757812,251.49999523162842,30.953084106445313,59.19922964682946,0.0,0.2353846153846154,2.8066438062523957e-13,-6.0609670669009574e-06,0.0,-0.0002336452875832717,-0.00045099384442374307,0.000507922797399346,0.0
458,3.8154951999999867,131.50001907348633,251.5000102519989,30.953081412682167,59.19923318239359,0.0,0.2353846153846154,-2.693762866101679e-06,-9.59653119991799e-06,0.0,-0.0002913235826244401,-0.0004655850797966014,0.0005492166205809386,0.0
459,3.8189074999995682,131.50000476837158,251.50002545118332,30.953078045478236,59.19923676004777,0.0,0.2353846153846154,-6.060966796894718e-06,-1.3174185376385594e-05,0.0,-0.0005025441623731713,-0.00034877221717465344,0.0006117129184578956,0.0
460,3.831167099999675,131.4999897480011,251.50002925097942,30.953074509914106,59.199237654461314,0.0,0.2353846153846154,-9.596530926359037e-06,-1.4068598922278852e-05,0.0,-0.0005167017637518783,-0.0002859975986021708,0.0005905720439290284,0.0
461,3.8345546999998987,131.49997454881668,251.50003020092845,30.953070932259926,59.1992378780647,0.0,0.2353846153846154,-1.3174185106379355e-05,-1.4292202308752167e-05,0.0,-0.0004938846288114695,-0.0002392109831427243,0.0005487658162024597,0.0
462,3.8471897999997964,131.49997074902058,251.5000304384157,30.95307003784638,59.19923793396554,0.0,0.2353846153846154,-1.4068598652272613e-05,-1.4348103150041425e-05,0.0,-0.00029740681767105267,-2.9574268003844542e-05,0.0002988736397295452,0.0
463,3.850509499999589,131.49996979907155,251.50003049778752,30.953069814242998,59.19923794794075,0.0,0.2353846153846154,-1.4292202035193213e-05,-1.436207836036374e-05,0.0,-0.00024047184534258656,-1.5029490206048039e-05,0.00024094105913754626,0.0
464,3.86322809999956,131.4999695615843,251.50003051263047,30.95306975834215,59.19923795143456,0.0,0.2353846153846154,-1.4348102883587899e-05,-1.4365572170049745e-05,0.0,-2.9307528316979065e-05,-1.8317204002925917e-06,2.936471378500696e-05,0.0
465,3.8669882999997753,131.49996950221248,251.5000305163412,30.95306974436694,59.19923795230801,0.0,0.2353846153846154,-1.4362078093910213e-05,-1.4366445618918533e-05,0.0,-1.5202635046861323e-05,-9.501646686628549e-07,1.5232298751850667e-05,0.0
466,3.879407899999933,131.49996948736953,251.5000305172689,30.953069740873136,59.199237952526374,0.0,0.2353846153846154,-1.4365571896490792e-05,-1.4366663982912087e-05,0.0,-1.734715798129299e-06,-1.0841969998387565e-07,1.7381006103284021e-06,0.0
467,3.8827221999999892,131.4999694836588,251.50003051750082,30.953069739999684,59.199237952580965,0.0,0.2353846153846154,-1.4366445348912293e-05,-1.4366718573910475e-05,0.0,-8.588854452688756e-07,-5.368013288291479e-08,8.605613079618686e-07,0.0
468,3.8956379999999626,131.4999694827311,251.5000305175588,30.95306973978132,59.19923795259461,0.0,0.2353846153846154,-1.4366663712905847e-05,-1.4366732216331002e-05,0.0,-1.1577835126300611e-07,-7.2361392173486814e-09,1.160042599732996e-07,0.0
469,3.899038499999733,131.49996948249918,251.5000305175733,30.953069739726732,59.19923795259802,0.0,0.2353846153846154,-1.4366718300351522e-05,-1.4366735626936133e-05,0.0,-5.967803404068576e-08,-3.729847936677685e-09,5.979447727501251e-08,0.0
470,3.911699299999782,131.4999694824412,251.50003051757693,30.953069739713083,59.19923795259888,0.0,0.2353846153846154,-1.4366731949877476e-05,-1.4366736486692844e-05,0.0,-6.984505961411433e-09,-4.3654575132617163e-10,6.998135160026046e-09,0.0
471,3.915899399999944,131.4999694824267,251.50003051757784,30.953069739709672,59.19923795259909,0.0,0.2353846153846154,-1.4366735360482608e-05,-1.4366736699855664e-05,0.0,-3.6159131582374227e-09,-2.2613042409533146e-10,3.6229770819887983e-09,0.0
472,3.927643899999566,131.49996948242307,251.50003051757807,30.953069739708816,59.19923795259915,0.0,0.2353846153846154,-1.4366736216686604e-05,-1.4366736756699083e-05,0.0,-4.062162386605821e-10,-2.5536091974842293e-11,4.0701808871952925e-10,0.0
473,3.931042299999717,131.49996948242216,251.50003051757812,30.9530697397086,59.19923795259916,0.0,0.2353846153846154,-1.4366736433402139e-05,-1.4366736770909938e-05,0.0,-1.9122252492381107e-10,-1.1954695692357621e-11,1.9159584752111518e-10,0.0
474,3.94347659999994,131.49996948242193,251.50003051757812,30.953069739708546,59.19923795259916,0.0,0.2353846153846154,-1.4366736486692844e-05,-1.4366736770909938e-05,0.0,-2.8816623563509845e-11,-1.8043268573387957e-12,2.8873056454229867e-11,0.0
475,3.9468872999996165,131.49996948242188,251.50003051757812,30.953069739708535,59.19923795259916,0.0,0.2353846153846154,-1.4366736497350985e-05,-1.4366736770909938e-05,0.0,-1.4236113595125453e-11,-8.363261955373422e-13,1.4260658182519407e-11,0.0
476,3.9598245999995925,131.49996948242188,251.50003051757812,30.953069739708535,59.19923795259916,0.0,0.2353846153846154,-1.4366736497350985e-05,-1.4366736770909938e-05,0.0,-1.4821391131809852e-12,4.2708318870849076e-05,4.27083188708491e-05,0.0
477,3.963399699999627,131.49996948242188,251.50003051757812,30.953069739708535,59.19923795259916,0.0,0.2353846153846154,-1.4366736497350985e-05,-1.4366736770909938e-05,0.0,-6.249826157335538e-13,0.00022542056212459616,0.00022542056212459616,0.0
478,3.9760143999997126,131.49996948242188,251.50001907348633,30.953069739708535,59.19923525883601,0.0,0.2353846153846154,-1.4366736497350985e-05,-1.1672973620591165e-05,0.0,4.274355804303106e-05,0.0002815214821758671,0.0002847478826623212,0.0
479,3.97970019999957,131.49996948242188,251.50000476837158,30.953069739708535,59.19923189163208,0.0,0.2353846153846154,-1.4366736497350985e-05,-8.305769689798126e-06,0.0,0.0002300758306560841,0.00048056202161722973,0.0005327989719142914,0.0
480,3.992304499999591,131.49998092651367,251.4999897480011,30.95307243347168,59.19922835606795,0.0,0.2353846153846154,-1.1672973354137639e-05,-4.770205556781093e-06,0.0,0.00028680779091847175,0.0004949138568225059,0.0005720126175238285,0.0
481,3.995899399999871,131.49999523162842,251.49997454881668,30.953075800675613,59.19922477841377,0.0,0.2353846153846154,-8.305769419791886e-06,-1.192551380313489e-06,0.0,0.0004761166872050481,0.0004640373439930665,0.0006648441595255607,0.0
482,4.008363499999632,131.5000102519989,251.49997074902058,30.953079336239743,59.199223884000226,0.0,0.2353846153846154,-4.770205290327567e-06,-2.9813783442023123e-07,0.0,0.0004911325699186694,0.0002822635933194535,0.0005664661837643325,0.0
483,4.0121431999996275,131.50002545118332,251.49996979907155,30.95308291389392,59.19922366039684,0.0,0.2353846153846154,-1.1925511138599632e-06,-7.453444794691677e-08,0.0,0.00045121091519881307,0.00022633904229873894,0.0005047976347639327,0.0
484,4.024056099999598,131.50002925097942,251.4999695615843,30.953083808307465,59.199223604496,0.0,0.2353846153846154,-2.981375679667053e-07,-1.8633606657658675e-08,0.0,0.00026664923435521876,2.7471664831962427e-05,0.0002680606396897241,0.0
485,4.039903799999593,131.50003020092845,251.49996950221248,30.95308403191085,59.19922359052078,0.0,0.2353846153846154,-7.453418149339086e-08,-4.658389229916793e-09,0.0,0.00021014458726581692,1.3134036667492983e-05,0.0002105546258724885,0.0
486,4.043939099999989,131.5000304384157,251.49996948736953,30.953084087811696,59.19922358702698,0.0,0.2353846153846154,-1.8633336651419086e-08,-1.1645866493381618e-09,0.0,2.1017050608647493e-05,1.3135656720778595e-06,2.105805952744249e-05,0.0
487,4.056235099999867,131.50003049778752,251.4999694836588,30.95308410178691,59.19922358615353,0.0,0.2353846153846154,-4.658122776390883e-09,-2.9113778055034345e-10,0.0,6.016375104183693e-06,3.760235502479266e-07,6.028114390469245e-06,0.0
488,4.060087999999723,131.50003051263047,251.4999694827311,30.953084105280713,59.199223585935165,0.0,0.2353846153846154,-1.1643201958122518e-09,-7.277378699654946e-11,0.0,3.2047821825185825e-06,2.0029866816534578e-07,3.211035408378017e-06,0.0
489,4.0715752999999495,131.5000305163412,251.49996948249918,30.95308410615416,59.199223585880574,0.0,0.2353846153846154,-2.908713270244334e-10,-1.8182788608100964e-11,0.0,4.351190525043586e-07,2.7194831750937994e-08,4.3596805929592203e-07,0.0
490,4.075811099999555,131.5000305172689,251.4999694824412,30.953084106372525,59.19922358586693,0.0,0.2353846153846154,-7.250733347063942e-11,-4.54036808150704e-12,0.0,2.0844389958777505e-07,1.3027656816816996e-08,2.0885061435747612e-07,0.0
491,4.08756829999993,131.50003051750082,251.4999694824267,30.953084106427116,59.199223585863514,0.0,0.2353846153846154,-1.7916335082190926e-11,-1.1226575225009583e-12,0.0,2.714367628382787e-08,1.6963198401439752e-09,2.719662962944684e-08,0.0
492,4.091845899999953,131.5000305175588,251.49996948242307,30.953084106440762,59.19922358586266,0.0,0.2353846153846154,-4.270361841918202e-12,-2.7000623958883807e-13,0.0,1.1978692504742047e-08,7.486648805957184e-10,1.2002065373368065e-08,0.0
493,4.1033401999998205,131.5000305175733,251.49996948242216,30.953084106444177,59.19922358586245,0.0,0.2353846153846154,-8.562039965909207e-13,-5.684341886080802e-14,0.0,1.6718572008573746e-09,1.0475415379146173e-10,1.6751357953298056e-09,0.0
494,4.107395599999563,131.50003051757693,251.49996948242193,30.953084106445033,59.19922358586239,0.0,0.2353846153846154,0.0,-0.0,0.0,7.459868958213398e-10,4.6615982136694366e-11,7.474419700068542e-10,0.0
495,4.119350199999644,131.50003051757784,251.49996948242188,30.953084106445246,59.19922358586238,0.0,0.2353846153846154,2.1316282072803006e-13,1.4210854715202004e-14,0.0,1.0813183981943584e-10,6.750109548910619e-12,1.0834232211679066e-10,0.0
496,4.123199099999965,131.50003051757807,251.49996948242188,30.9530841064453,59.19922358586238,0.0,0.2353846153846154,2.6645352591003757e-13,1.4210854715202004e-14,0.0,4.872573687507843e-11,3.041091675173425e-12,4.882054559912442e-11,0.0
497,4.140422999999828,131.50003051757812,251.49996948242188,30.953084106445313,59.19922358586238,0.0,0.2353846153846154,2.8066438062523957e-13,1.4210854715202004e-14,0.0,6.5003585328571054e-12,2.3774705494296334e-13,6.504704814042081e-12,0.0
498,4.1483070999997835,131.50003051757812,251.49996948242188,30.953084106445313,59.19922358586238,0.0,0.2353846153846154,2.8066438062523957e-13,1.4210854715202004e-14,0.0,2.9341527087126545e-12,-9.109784073006646e-05,9.109784073006651e-05,0.0
499,4.155234199999995,131.50003051757812,251.49996948242188,30.953084106445313,59.19922358586238,0.0,0.2353846153846154,2.8066438062523957e-13,1.4210854715202004e-14,0.0,1.6501320508497319e-13,-0.00016863584012839772,0.00016863584012839772,0.0
500,4.161148199999843,131.50003051757812,251.49998092651367,30.953084106445313,59.19922627962553,0.0,0.2353846153846154,2.8066438062523957e-13,-2.6937631361079184e-06,0.0,-0.00010054731614134995,-0.0003006041926716639,0.000316974199951686,0.0
501,4.1698334999996405,131.50003051757812,251.49999523162842,30.953084106445313,59.19922964682946,0.0,0.2353846153846154,2.8066438062523957e-13,-6.0609670669009574e-06,0.0,-0.0001756670370694468,-0.0003804188961577668,0.0004190196230090569,0.0
502,4.1751916999996865,131.50001907348633,251.5000102519989,30.953081412682167,59.19923318239359,0.0,0.2353846153846154,-2.693762866101679e-06,-9.59653119991799e-06,0.0,-0.00035269751196236835,-0.0004252033913563125,0.0005524431726117668,0.0
503,4.184156599999824,131.50000476837158,251.50002545118332,30.953078045478236,59.19923676004777,0.0,0.2353846153846154,-6.060966796894718e-06,-1.3174185376385594e-05,0.0,-0.0004158316572861422,-0.0003380514347129003,0.0005359055324521198,0.0
504,4.188150899999982,131.4999897480011,251.50002925097942,30.953074509914106,59.199237654461314,0.0,0.2353846153846154,-9.596530926359037e-06,-1.4068598922278852e-05,0.0,-0.00046775546477260694,-0.0002637586729731021,0.0005369951698043189,0.0
505,4.199484399999619,131.49997454881668,251.50003020092845,30.953070932259926,59.1992378780647,0.0,0.2353846153846154,-1.3174185106379355e-05,-1.4292202308752167e-05,0.0,-0.00037086296320326537,-0.00013201874632243977,0.0003936601159076892,0.0
506,4.202929499999755,131.49997074902058,251.5000304384157,30.95307003784638,59.19923793396554,0.0,0.2353846153846154,-1.4068598652272613e-05,-1.4348103150041425e-05,0.0,-0.00029909722609919927,-5.241366722501105e-05,0.00030365497389670687,0.0
507,4.2151655999996365,131.49996979907155,251.50003049778752,30.953069814242998,59.19923794794075,0.0,0.2353846153846154,-1.4292202035193213e-05,-1.436207836036374e-05,0.0,-0.00012228766822053536,-7.642979311776177e-06,0.0001225262785347534,0.0
508,4.2184989999996105,131.4999695615843,251.50003051263047,30.95306975834215,59.19923795143456,0.0,0.2353846153846154,-1.4348102883587899e-05,-1.4365572170049745e-05,0.0,-5.938668400196203e-05,-3.7116678831066826e-06,5.950256057703213e-05,0.0
509,4.231150999999954,131.49996950221248,251.5000305163412,30.95306974436694,59.19923795230801,0.0,0.2353846153846154,-1.4362078093910213e-05,-1.4366445618918533e-05,0.0,-7.476331115056795e-06,-4.672711404664852e-07,7.490919119886373e-06,0.0
510,4.234147899999698,131.49996948736953,251.5000305172689,30.953069740873136,59.199237952526374,0.0,0.2353846153846154,-1.4365571896490792e-05,-1.4366663982912087e-05,0.0,-3.835629581893539e-06,-2.3972696836839025e-07,3.84311375174609e-06,0.0
511,4.247131599999648,131.4999694836588,251.50003051750082,30.953069739999684,59.199237952580965,0.0,0.2353846153846154,-1.4366445348912293e-05,-1.4366718573910475e-05,0.0,-4.824614515587704e-07,-3.015354396024148e-08,4.834028221406636e-07,0.0
512,4.2502260999999635,131.4999694827311,251.5000305175588,30.95306973978132,59.19923795259461,0.0,0.2353846153846154,-1.4366663712905847e-05,-1.4366732216331002e-05,0.0,-2.6170836209677163e-07,-1.635658394885767e-08,2.622190012753671e-07,0.0
513,4.263610399999834,131.49996948249918,251.5000305175733,30.953069739726732,59.19923795259802,0.0,0.2353846153846154,-1.4366718300351522e-05,-1.4366735626936133e-05,0.0,-2.875969609594118e-08,-1.7972034140904183e-09,2.881579531511342e-08,0.0
514,4.28026379999983,131.4999694824412,251.50003051757693,30.953069739713083,59.19923795259888,0.0,0.2353846153846154,-1.4366731949877476e-05,-1.4366736486692844e-05,0.0,-1.5317972462167573e-08,-9.571423545055533e-10,1.5347846814407306e-08,0.0
515,4.283474699999715,131.4999694824267,251.50003051757784,30.953069739709672,59.19923795259909,0.0,0.2353846153846154,-1.4366735360482608e-05,-1.4366736699855664e-05,0.0,-1.217327631171347e-09,-7.623457099581447e-11,1.2197123724174315e-09,0.0
516,4.296773999999914,131.49996948242307,251.50003051757807,30.953069739708816,59.19923795259915,0.0,0.2353846153846154,-1.4366736216686604e-05,-1.4366736756699083e-05,0.0,-4.0247851232035817e-10,-2.5270304927638103e-11,4.032710517638782e-10,0.0
517,4.300271099999918,131.49996948242216,251.50003051757812,30.9530697397086,59.19923795259916,0.0,0.2353846153846154,-1.4366736433402139e-05,-1.4366736770909938e-05,0.0,-2.3911270037415137e-10,-1.4945005466027282e-11,2.3957929098442186e-10,0.0
518,4.312890599999719,131.49996948242193,251.50003051757812,30.953069739708546,59.19923795259916,0.0,0.2353846153846154,-1.4366736486692844e-05,-1.4366736770909938e-05,0.0,-2.6673500662533776e-11,-1.6675554840511815e-12,2.6725575370543083e-11,0.0
519,4.316703999999845,131.49996948242188,251.50003051757812,30.953069739708535,59.19923795259916,0.0,0.2353846153846154,-1.4366736497350985e-05,-1.4366736770909938e-05,0.0,-1.37975749133873e-11,-8.12722239294569e-13,1.3821490184809254e-11,0.0
520,4.330479699999614,131.49996948242188,251.50003051757812,30.953069739708535,59.19923795259916,0.0,0.2353846153846154,-1.4366736497350985e-05,-1.4366736770909938e-05,0.0,-1.4035607641451243e-12,6.0249005275793595e-05,6.024900527579361e-05,0.0
521,4.33558099999982,131.49996948242188,251.50003051757812,30.953069739708535,59.19923795259916,0.0,0.2353846153846154,-1.4366736497350985e-05,-1.4366736770909938e-05,0.0,-5.589836385403139e-13,0.0002485766391912328,0.0002485766391912328,0.0
522,4.344523099999606,131.49996948242188,251.50001907348633,30.953069739708535,59.19923525883601,0.0,0.2353846153846154,-1.4366736497350985e-05,-1.1672973620591165e-05,0.0,4.478371988884974e-05,0.00030735527167085854,0.00031060078008747857,0.0
523,4.34809899999982,131.49996948242188,251.50000476837158,30.953069739708535,59.19923189163208,0.0,0.2353846153846154,-1.4366736497350985e-05,-8.305769689798126e-06,0.0,0.00022785855661979325,0.0005018722854922524,0.0005511762991730254,0.0
524,4.360129099999995,131.49998092651367,251.4999897480011,30.95307243347168,59.19922835606795,0.0,0.2353846153846154,-1.1672973354137639e-05,-4.770205556781093e-06,0.0,0.00028465704859880647,0.0005162409516377696,0.0005895204453323508,0.0
525,4.363807599999745,131.49999523162842,251.49997454881668,30.953075800675613,59.19922477841377,0.0,0.2353846153846154,-8.305769419791886e-06,-1.192551380313489e-06,0.0,0.0004547906376051201,0.0004666252956959892,0.0006515931941300807,0.0
526,4.376257099999748,131.5000102519989,251.49997074902058,30.953079336239743,59.199223884000226,0.0,0.2353846153846154,-4.770205290327567e-06,-2.9813783442023123e-07,0.0,0.0004679957244674583,0.0002791229796307679,0.000544912502956006,0.0
527,4.380462799999805,131.50002545118332,251.49996979907155,30.95308291389392,59.19922366039684,0.0,0.2353846153846154,-1.1925511138599632e-06,-7.453444794691677e-08,0.0,0.0004372257540444559,0.00022122020685457505,0.0004900048366297256,0.0
528,4.394009299999652,131.50002925097942,251.4999695615843,30.953083808307465,59.199223604496,0.0,0.2353846153846154,-2.981375679667053e-07,-1.8633606657658675e-08,0.0,0.00025515376695723057,2.6765871131930092e-05,0.0002565538084884257,0.0
529,4.397200499999599,131.50003020092845,251.49996950221248,30.95308403191085,59.19922359052078,0.0,0.2353846153846154,-7.453418149339086e-08,-4.658389229916793e-09,0.0,0.00019917306501137107,1.2448316746544185e-05,0.00019956169576310515,0.0
530,4.4083488999999645,131.5000304384157,251.49996948736953,30.953084087811696,59.19922358702698,0.0,0.2353846153846154,-1.8633336651419086e-08,-1.1645866493381618e-09,0.0,2.9092696654443113e-05,1.8182937234120072e-06,2.914946295718062e-05,0.0
531,4.411766699999589,131.50003049778752,251.4999694836588,30.95308410178691,59.19922358615353,0.0,0.2353846153846154,-4.658122776390883e-09,-2.9113778055034345e-10,0.0,1.593259930349003e-05,9.957877405297294e-07,1.5963687349411484e-05,0.0
532,4.424896199999694,131.50003051263047,251.4999694827311,30.953084105280713,59.199223585935165,0.0,0.2353846153846154,-1.1643201958122518e-09,-7.277378699654946e-11,0.0,1.922611361682467e-06,1.2016304055105155e-07,1.9263627914764612e-06,0.0
533,4.428779099999701,131.5000305163412,251.49996948249918,30.95308410615416,59.199223585880574,0.0,0.2353846153846154,-2.908713270244334e-10,-1.8182788608100964e-11,0.0,9.222190562365392e-07,5.763878531491418e-08,9.240185156469495e-07,0.0
534,4.440389499999583,131.5000305172689,251.4999694824412,30.953084106372525,59.19922358586693,0.0,0.2353846153846154,-7.250733347063942e-11,-4.54036808150704e-12,0.0,1.0467021389616544e-07,6.5420956848377494e-09,1.048744615863109e-07,0.0
535,4.4448325999997,131.50003051750082,251.4999694824267,30.953084106427116,59.199223585863514,0.0,0.2353846153846154,-1.7916335082190926e-11,-1.1226575225009583e-12,0.0,5.159361876434645e-08,3.224778826063056e-09,5.169430041772251e-08,0.0
536,4.456148099999609,131.5000305175588,251.49996948242307,30.953084106440762,59.19922358586266,0.0,0.2353846153846154,-4.270361841918202e-12,-2.7000623958883807e-13,0.0,6.620254250526012e-09,4.139834818487962e-10,6.633185408599053e-09,0.0
537,4.460888199999772,131.5000305175733,251.49996948242216,30.953084106444177,59.19922358586245,0.0,0.2353846153846154,-8.562039965909207e-13,-5.684341886080802e-14,0.0,2.8668226454033237e-09,1.795195232305954e-10,2.872437873900539e-09,0.0
538,4.471493399999872,131.50003051757693,251.49996948242193,30.953084106445033,59.19922358586239,0.0,0.2353846153846154,0.0,-0.0,0.0,4.1042063650503295e-10,2.5676010416739502e-11,4.112230007916835e-10,0.0
539,4.476761599999918,131.50003051757784,251.49996948242188,30.953084106445246,59.19922358586238,0.0,0.2353846153846154,2.1316282072803006e-13,1.4210854715202004e-14,0.0,1.6935353030306178e-10,1.0605509194187647e-11,1.6968528236526015e-10,0.0
540,4.488145299999815,131.50003051757807,251.49996948242188,30.9530841064453,59.19922358586238,0.0,0.2353846153846154,2.6645352591003757e-13,1.4210854715202004e-14,0.0,2.5299276375506114e-11,1.6114870967335998e-12,2.53505478399813e-11,0.0
541,4.511120299999675,131.50003051757812,251.49996948242188,30.953084106445313,59.19922358586238,0.0,0.2353846153846154,2.8066438062523957e-13,1.4210854715202004e-14,0.0,9.15240509381701e-12,5.394956423476014e-13,9.168291801063032e-12,0.0
542,4.5204273999997895,131.50003051757812,251.49996948242188,30.953084106445313,59.19922358586238,0.0,0.2353846153846154,2.8066438062523957e-13,1.4210854715202004e-14,0.0,1.05997045860299e-12,-6.768164094031042e-05,6.768164094031042e-05,0.0
543,4.531085899999653,131.50003051757812,251.49996948242188,30.953084106445313,59.19922358586238,0.0,0.2353846153846154,2.8066438062523957e-13,1.4210854715202004e-14,0.0,1.2370711395245626e-13,-0.00017304670174793444,0.00017304670174793444,0.0
544,4.539045999999871,131.50003051757812,251.49998092651367,30.953084106445313,59.19922627962553,0.0,0.2353846153846154,2.8066438062523957e-13,-2.6937631361079184e-06,0.0,-0.00010422561555516261,-0.00030984282227577135,0.00032690297253721597,0.0
545,4.5454374999999345,131.50003051757812,251.49999523162842,30.953084106445313,59.19922964682946,0.0,0.2353846153846154,2.8066438062523957e-13,-6.0609670669009574e-06,0.0,-0.0002293028389475881,-0.00044273737213022346,0.0004985941963462867,0.0
546,4.55060659999981,131.50001907348633,251.5000102519989,30.953081412682167,59.19923318239359,0.0,0.2353846153846154,-2.693762866101679e-06,-9.59653119991799e-06,0.0,-0.0004228467901776045,-0.0004916993836698243,0.0006485119057232396,0.0
547,4.555990799999563,131.50000476837158,251.50002545118332,30.953078045478236,59.19923676004777,0.0,0.2353846153846154,-6.060966796894718e-06,-1.3174185376385594e-05,0.0,-0.0005148196989961851,-0.00042976604953638334,0.0006706252156075192,0.0
548,4.559644299999945,131.4999897480011,251.50002925097942,30.953074509914106,59.199237654461314,0.0,0.2353846153846154,-9.596530926359037e-06,-1.4068598922278852e-05,0.0,-0.0005591799492575422,-0.00032717350410578814,0.0006478616499226727,0.0
549,4.567424099999698,131.49997454881668,251.50003020092845,30.953070932259926,59.1992378780647,0.0,0.2353846153846154,-1.3174185106379355e-05,-1.4292202308752167e-05,0.0,-0.00045870418080816785,-0.00019061174900344445,0.000496731682449433,0.0
550,4.571456599999692,131.49997074902058,251.5000304384157,30.95307003784638,59.19923793396554,0.0,0.2353846153846154,-1.4068598652272613e-05,-1.4348103150041425e-05,0.0,-0.00033640747164868825,-5.7890981619887144e-05,0.0003413522414368728,0.0
551,4.583382599999823,131.49996979907155,251.50003049778752,30.953069814242998,59.19923794794075,0.0,0.2353846153846154,-1.4292202035193213e-05,-1.436207836036374e-05,0.0,-0.0001430859900784409,-8.942874405744292e-06,0.00014336518252129632,0.0
552,4.587403499999709,131.4999695615843,251.50003051263047,30.95306975834215,59.19923795143456,0.0,0.2353846153846154,-1.4348102883587899e-05,-1.4365572170049745e-05,0.0,-5.132374165060008e-05,-3.2077339536256796e-06,5.142388563823998e-05,0.0
553,4.59996719999981,131.49996950221248,251.5000305163412,30.95306974436694,59.19923795230801,0.0,0.2353846153846154,-1.4362078093910213e-05,-1.4366445618918533e-05,0.0,-6.978170275057736e-06,-4.3613601069191323e-07,6.99178625299155e-06,0.0
554,4.603284199999962,131.49996948736953,251.5000305172689,30.953069740873136,59.199237952526374,0.0,0.2353846153846154,-1.4365571896490792e-05,-1.4366663982912087e-05,0.0,-3.2423980020737785e-06,-2.026499187592752e-07,3.2487246410591913e-06,0.0
555,4.615184999999656,131.4999694836588,251.50003051750082,30.953069739999684,59.199237952580965,0.0,0.2353846153846154,-1.4366445348912293e-05,-1.4366718573910475e-05,0.0,-4.627240866389617e-07,-2.8919950618180518e-08,4.636269447515096e-07,0.0
556,4.618287899999814,131.4999694827311,251.5000305175588,30.95306973978132,59.19923795259461,0.0,0.2353846153846154,-1.4366663712905847e-05,-1.4366732216331002e-05,0.0,-2.411636375912045e-07,-1.5072894549746073e-08,2.416342116636831e-07,0.0
557,4.631279999999606,131.49996948249918,251.5000305175733,30.953069739726732,59.19923795259802,0.0,0.2353846153846154,-1.4366718300351522e-05,-1.4366735626936133e-05,0.0,-3.055529530640925e-08,-1.9097928272732027e-09,3.061492087046738e-08,0.0
558,4.634282499999699,131.4999694824412,251.50003051757693,30.953069739713083,59.19923795259888,0.0,0.2353846153846154,-1.4366731949877476e-05,-1.4366736486692844e-05,0.0,-1.593508173149492e-08,-9.962539846975158e-10,1.596619402961923e-08,0.0
559,4.647387999999864,131.4999694824267,251.50003051757784,30.953069739709672,59.19923795259909,0.0,0.2353846153846154,-1.4366735360482608e-05,-1.4366736699855664e-05,0.0,-1.863606385391272e-09,-1.1714058529414787e-10,1.8672843051860576e-09,0.0
560,4.650306599999567,131.49996948242307,251.50003051757807,30.953069739708816,59.19923795259915,0.0,0.2353846153846154,-1.4366736216686604e-05,-1.4366736756699083e-05,0.0,-1.026722996354504e-09,-6.463783159454497e-11,1.0287556369305665e-09,0.0
561,4.663216099999772,131.49996948242216,251.50003051757812,30.9530697397086,59.19923795259916,0.0,0.2353846153846154,-1.4366736433402139e-05,-1.4366736770909938e-05,0.0,-1.176710236262776e-10,-7.368442069615003e-12,1.1790150015919751e-10,0.0
562,4.666319699999804,131.49996948242193,251.50003051757812,30.953069739708546,59.19923795259916,0.0,0.2353846153846154,-1.4366736486692844e-05,-1.4366736770909938e-05,0.0,-6.562256867827117e-11,-4.115413635364602e-12,6.57514878107299e-11,0.0
563,4.679747399999997,131.49996948242188,251.50003051757812,30.953069739708535,59.19923795259916,0.0,0.2353846153846154,-1.4366736497350985e-05,-1.4366736770909938e-05,0.0,-6.950328790778755e-12,-2.2016119470120472e-13,6.953814870384481e-12,0.0
564,4.683452899999793,131.49996948242188,251.50003051757812,30.953069739708535,59.19923795259916,0.0,0.2353846153846154,-1.4366736497350985e-05,-1.4366736770909938e-05,0.0,-3.5928705715853836e-12,0.0001461737607680922,0.00014617376076809225,0.0
565,4.6965016999997715,131.49996948242188,251.50003051757812,30.953069739708535,59.19923795259916,0.0,0.2353846153846154,-1.4366736497350985e-05,-1.4366736770909938e-05,0.0,-1.5874857252170233e-13,0.00020486396828511767,0.00020486396828511767,0.0
566,4.700187399999777,131.49996948242188,251.50001907348633,30.953069739708535,59.19923525883601,0.0,0.2353846153846154,-1.4366736497350985e-05,-1.1672973620591165e-05,0.0,3.187923103499717e-05,0.0002467054591078959,0.00024875664599166076,0.0
567,4.711661899999854,131.49996948242188,251.50000476837158,30.953069739708535,59.19923189163208,0.0,0.2353846153846154,-1.4366736497350985e-05,-8.305769689798126e-06,0.0,0.00022684775738609944,0.00045385951813737527,0.0005073937004289599,0.0
568,4.728561699999773,131.49998092651367,251.4999897480011,30.95307243347168,59.19922835606795,0.0,0.2353846153846154,-1.1672973354137639e-05,-4.770205556781093e-06,0.0,0.00028262783010889994,0.00046797054845879184,0.0005466945441257739,0.0
569,4.732015799999772,131.49999523162842,251.49997454881668,30.953075800675613,59.19922477841377,0.0,0.2353846153846154,-8.305769419791886e-06,-1.192551380313489e-06,0.0,0.00046942611631874576,0.000333471680602002,0.0005758161516019018,0.0
570,4.74469259999978,131.5000102519989,251.49997074902058,30.953079336239743,59.199223884000226,0.0,0.2353846153846154,-4.770205290327567e-06,-2.9813783442023123e-07,0.0,0.0004847003541706806,0.00027573611285971593,0.0005576422125952887,0.0
571,4.748523099999602,131.50002545118332,251.49996979907155,30.95308291389392,59.19922366039684,0.0,0.2353846153846154,-1.1925511138599632e-06,-7.453444794691677e-08,0.0,0.0004657510324352849,0.0002347027417019968,0.0005215452053053196,0.0
572,4.760234499999569,131.50002925097942,251.4999695615843,30.953083808307465,59.199223604496,0.0,0.2353846153846154,-2.981375679667053e-07,-1.8633606657658675e-08,0.0,0.0002716293410272082,2.7601609853092863e-05,0.00027302810802801554,0.0
573,4.7636931999995795,131.50003020092845,251.49996950221248,30.95308403191085,59.19922359052078,0.0,0.2353846153846154,-7.453418149339086e-08,-4.658389229916793e-09,0.0,0.00021652018591720009,1.3532511786537202e-05,0.00021694266474087495,0.0
574,4.776895499999682,131.5000304384157,251.49996948736953,30.953084087811696,59.19922358702698,0.0,0.2353846153846154,-1.8633336651419086e-08,-1.1645866493381618e-09,0.0,2.97846239417603e-05,1.8615391638034067e-06,2.9842740346865847e-05,0.0
575,4.781061499999851,131.50003049778752,251.4999694836588,30.95308410178691,59.19922358615353,0.0,0.2353846153846154,-4.658122776390883e-09,-2.9113778055034345e-10,0.0,1.4561023742372758e-05,9.100642680940294e-07,1.4589435540760467e-05,0.0
576,4.792201699999623,131.50003051263047,251.4999694827311,30.953084105280713,59.199223585935165,0.0,0.2353846153846154,-1.1643201958122518e-09,-7.277378699654946e-11,0.0,1.6340316609848524e-06,1.021268579798638e-07,1.637220010939811e-06,0.0
577,4.795651499999622,131.5000305163412,251.49996948249918,30.95308410615416,59.199223585880574,0.0,0.2353846153846154,-2.908713270244334e-10,-1.8182788608100964e-11,0.0,7.894327709775439e-07,4.9339667187360935e-08,7.909731364916529e-07,0.0
578,4.810622199999671,131.5000305172689,251.4999694824412,30.953084106372525,59.19922358586693,0.0,0.2353846153846154,-7.250733347063942e-11,-4.54036808150704e-12,0.0,1.1881728082435943e-07,7.426290075325978e-09,1.19049132742652e-07,0.0
579,4.815504999999575,131.50003051750082,251.4999694824267,30.953084106427116,59.199223585863514,0.0,0.2353846153846154,-1.7916335082190926e-11,-1.1226575225009583e-12,0.0,5.6261248105467126e-08,3.5165031729600876e-09,5.6371037181786596e-08,0.0
580,4.82453839999971,131.5000305175588,251.49996948242307,30.953084106440762,59.19922358586266,0.0,0.2353846153846154,-4.270361841918202e-12,-2.7000623958883807e-13,0.0,5.6367206769282e-09,3.524955201384255e-10,5.647731675763958e-09,0.0
581,4.828597999999602,131.5000305175733,251.49996948242216,30.953084106444177,59.19922358586245,0.0,0.2353846153846154,-8.562039965909207e-13,-5.684341886080802e-14,0.0,2.730478921638505e-09,1.7097233901375125e-10,2.7358265080629668e-09,0.0
582,4.841644799999813,131.50003051757693,251.49996948242193,30.953084106445033,59.19922358586239,0.0,0.2353846153846154,0.0,-0.0,0.0,4.953404433445683e-10,3.098255614028916e-11,4.963084460270444e-10,0.0
583,4.845528799999556,131.50003051757784,251.49996948242188,30.953084106445246,59.19922358586238,0.0,0.2353846153846154,2.1316282072803006e-13,1.4210854715202004e-14,0.0,1.9387669031616332e-10,1.2104807277194629e-11,1.9425420820967436e-10,0.0
584,4.857182899999771,131.50003051757807,251.49996948242188,30.9530841064453,59.19922358586238,0.0,0.2353846153846154,2.6645352591003757e-13,1.4210854715202004e-14,0.0,2.5675003183507485e-11,1.60314106703922e-12,2.5725004368395105e-11,0.0
585,4.861496499999703,131.50003051757812,251.49996948242188,30.953084106445313,59.19922358586238,0.0,0.2353846153846154,2.8066438062523957e-13,1.4210854715202004e-14,0.0,1.254988443290092e-11,7.317638885757136e-13,1.2571200327247686e-11,0.0
586,4.872243999999682,131.50003051757812,251.49996948242188,30.953084106445313,59.19922358586238,0.0,0.2353846153846154,2.8066438062523957e-13,1.4210854715202004e-14,0.0,1.5734261042652167e-12,-4.513451318367971e-05,4.513451318367974e-05,0.0
587,4.876730399999815,131.50003051757812,251.49996948242188,30.953084106445313,59.19922358586238,0.0,0.2353846153846154,2.8066438062523957e-13,1.4210854715202004e-14,0.0,6.588860680371563e-13,-0.00015302486486349972,0.00015302486486349972,0.0
588,4.888666999999714,131.50003051757812,251.49998092651367,30.953084106445313,59.19922627962553,0.0,0.2353846153846154,2.8066438062523957e-13,-2.6937631361079184e-06,0.0,-5.6589879452210644e-05,-0.00022729908170516673,0.00023423767203511008,0.0
589,4.894908899999791,131.50003051757812,251.49999523162842,30.953084106445313,59.19922964682946,0.0,0.2353846153846154,2.8066438062523957e-13,-6.0609670669009574e-06,0.0,-0.0001842466990636692,-0.00036293445254234147,0.0004070236638797152,0.0
590,4.904429199999868,131.50001907348633,251.5000102519989,30.953081412682167,59.19923318239359,0.0,0.2353846153846154,-2.693762866101679e-06,-9.59653119991799e-06,0.0,-0.0002525832852813454,-0.0003802219818177481,0.00045647242135854547,0.0
591,4.9097045999997135,131.50000476837158,251.50002545118332,30.953078045478236,59.19923676004777,0.0,0.2353846153846154,-6.060966796894718e-06,-1.3174185376385594e-05,0.0,-0.00038279580843459434,-0.000343225751339228,0.0005141367010216953,0.0
592,4.920052099999793,131.4999897480011,251.50002925097942,30.953074509914106,59.199237654461314,0.0,0.2353846153846154,-9.596530926359037e-06,-1.4068598922278852e-05,0.0,-0.0003989341941858309,-0.000236344048672705,0.00046368847369080053,0.0
593,4.925547199999983,131.49997454881668,251.50003020092845,30.953070932259926,59.1992378780647,0.0,0.2353846153846154,-1.3174185106379355e-05,-1.4292202308752167e-05,0.0,-0.0003508667594843219,-0.0001626024845856417,0.0003867131377448313,0.0
594,4.9366314999997485,131.49997074902058,251.5000304384157,30.95307003784638,59.19923793396554,0.0,0.2353846153846154,-1.4068598652272613e-05,-1.4348103150041425e-05,0.0,-0.000224233746183975,-2.7031101764911726e-05,0.0002258571526215726,0.0
595,4.941878899999665,131.49996979907155,251.50003049778752,30.953069814242998,59.19923794794075,0.0,0.2353846153846154,-1.4292202035193213e-05,-1.436207836036374e-05,0.0,-0.00015607742362224147,-9.754838945088579e-06,0.00015638196522425863,0.0
596,4.952799099999993,131.4999695615843,251.50003051263047,30.95306975834215,59.19923795143456,0.0,0.2353846153846154,-1.4348102883587899e-05,-1.4365572170049745e-05,0.0,-2.597636686066814e-05,-1.623522931913407e-06,2.6027052502933685e-05,0.0
597,4.968304399999852,131.49996950221248,251.5000305163412,30.95306974436694,59.19923795230801,0.0,0.2353846153846154,-1.4362078093910213e-05,-1.4366445618918533e-05,0.0,-9.858234139354265e-06,-6.161397381352039e-07,9.87746974296754e-06,0.0
598,4.974573199999668,131.49996948736953,251.5000305172689,30.953069740873136,59.199237952526374,0.0,0.2353846153846154,-1.4365571896490792e-05,-1.4366663982912087e-05,0.0,-1.3483904616260885e-06,-8.427424306910232e-08,1.3510214598773352e-06,0.0
599,4.983198599999923,131.4999694836588,251.50003051750082,30.953069739999684,59.199237952580965,0.0,0.2353846153846154,-1.4366445348912293e-05,-1.4366718573910475e-05,0.0,-3.254153196060336e-07,-2.033815778787753e-08,3.260502582371338e-07,0.0
600,4.986664399999881,131.4999694827311,251.5000305175588,30.95306973978132,59.19923795259461,0.0,0.2353846153846154,-1.4366663712905847e-05,-1.4366732216331002e-05,0.0,-1.4585990213549814e-07,-9.11631274841363e-09,1.4614451138891252e-07,0.0
601,4.999799499999881,131.49996948249918,251.5000305175733,30.953069739726732,59.19923795259802,0.0,0.2353846153846154,-1.4366718300351522e-05,-1.4366735626936133e-05,0.0,-3.444763888703104e-08,-2.153003790674455e-09,3.451485550040666e-08,0.0
602,5.003653999999642,131.4999694824412,251.50003051757693,30.953069739713083,59.19923795259888,0.0,0.2353846153846154,-1.4366731949877476e-05,-1.4366736486692844e-05,0.0,-1.4238513484334651e-08,-8.900990947888226e-10,1.4266307954131775e-08,0.0
603,5.016255899999578,131.4999694824267,251.50003051757784,30.953069739709672,59.19923795259909,0.0,0.2353846153846154,-1.4366735360482608e-05,-1.4366736699855664e-05,0.0,-1.6411831480893268e-09,-1.0308497603807353e-10,1.644417415943155e-09,0.0
604,5.020156199999747,131.49996948242307,251.50003051757807,30.953069739708816,59.19923795259915,0.0,0.2353846153846154,-1.4366736216686604e-05,-1.4366736756699083e-05,0.0,-8.125750630669873e-10,-5.115381248928276e-11,8.141836068421588e-10,0.0
605,5.031737099999646,131.49996948242216,251.50003051757812,30.9530697397086,59.19923795259916,0.0,0.2353846153846154,-1.4366736433402139e-05,-1.4366736770909938e-05,0.0,-1.0452313891750406e-10,-6.543268433089116e-12,1.0472774671000667e-10,0.0
606,5.0358987999998135,131.49996948242193,251.50003051757812,30.953069739708546,59.19923795259916,0.0,0.2353846153846154,-1.4366736486692844e-05,-1.4366736770909938e-05,0.0,-5.0394711749127804e-11,-3.1602417350656e-12,5.0493703568878076e-11,0.0
607,5.047325499999715,131.49996948242188,251.50003051757812,30.953069739708535,59.19923795259916,0.0,0.2353846153846154,-1.4366736497350985e-05,-1.4366736770909938e-05,0.0,-6.4901917607201735e-12,-2.454188312709025e-13,6.49483021284332e-12,0.0
608,5.0516615999999885,131.49996948242188,251.50003051757812,30.953069739708535,59.19923795259916,0.0,0.2353846153846154,-1.4366736497350985e-05,-1.4366736770909938e-05,0.0,-2.747554583838911e-12,0.0001470956779654475,0.00014709567796544754,0.0
609,5.063630699999976,131.49996948242188,251.50003051757812,30.953069739708535,59.19923795259916,0.0,0.2353846153846154,-1.4366736497350985e-05,-1.4366736770909938e-05,0.0,-1.865480153761478e-13,0.00020410653816761257,0.00020410653816761257,0.0
610,5.067293299999619,131.49996948242188,251.50001907348633,30.953069739708535,59.19923525883601,0.0,0.2353846153846154,-1.4366736497350985e-05,-1.1672973620591165e-05,0.0,0.0001661329762481493,0.0004221560699589113,0.00045366938755025265,0.0
611,5.079105799999979,131.49996948242188,251.50000476837158,30.953069739708535,59.19923189163208,0.0,0.2353846153846154,-1.4366736497350985e-05,-8.305769689798126e-06,0.0,0.00021886005434421972,0.00047817859037687716,0.0005258844813096999,0.0
612,5.082348699999784,131.49998092651367,251.4999897480011,30.95307243347168,59.19922835606795,0.0,0.2353846153846154,-1.1672973354137639e-05,-4.770205556781093e-06,0.0,0.0004144003524354543,0.0005276456301409965,0.0006709229189001655,0.0
613,5.0951208999999835,131.49999523162842,251.49997454881668,30.953075800675613,59.19922477841377,0.0,0.2353846153846154,-8.305769419791886e-06,-1.192551380313489e-06,0.0,0.0004712250441247786,0.0003841014954131854,0.0006079366751472104,0.0
614,5.098737099999653,131.5000102519989,251.49997074902058,30.953079336239743,59.199223884000226,0.0,0.2353846153846154,-4.770205290327567e-06,-2.9813783442023123e-07,0.0,0.0005343786925585767,0.00033103773786185236,0.0006286068492701192,0.0
615,5.1113289999998415,131.50002545118332,251.49996979907155,30.95308291389392,59.19922366039684,0.0,0.2353846153846154,-1.1925511138599632e-06,-7.453444794691677e-08,0.0,0.0003716852127990471,0.00011320317468989584,0.0003885419619209024,0.0
616,5.114161499999682,131.50002925097942,251.4999695615843,30.953083808307465,59.199223604496,0.0,0.2353846153846154,-2.981375679667053e-07,-1.8633606657658675e-08,0.0,0.0003223611203266664,5.739334085989358e-05,0.0003274304315015992,0.0
617,5.127163599999676,131.50003020092845,251.49996950221248,30.95308403191085,59.19922359052078,0.0,0.2353846153846154,-7.453418149339086e-08,-4.658389229916793e-09,0.0,0.0001270338087077592,7.939612719838372e-06,0.00012728167976948048,0.0
618,5.130448999999771,131.5000304384157,251.49996948736953,30.953084087811696,59.19922358702698,0.0,0.2353846153846154,-1.8633336651419086e-08,-1.1645866493381618e-09,0.0,7.041620012193355e-05,4.401012255136268e-06,7.055359770048622e-05,0.0
619,5.143572099999801,131.50003049778752,251.4999694836588,30.95308410178691,59.19922358615353,0.0,0.2353846153846154,-4.658122776390883e-09,-2.9113778055034345e-10,0.0,7.276245114103215e-06,4.5476545038940037e-07,7.290442687202114e-06,0.0
620,5.146946399999706,131.50003051263047,251.4999694827311,30.953084105280713,59.199223585935165,0.0,0.2353846153846154,-1.1643201958122518e-09,-7.277378699654946e-11,0.0,3.849317060706511e-06,2.405820515218617e-07,3.856827913889947e-06,0.0
621,5.15970359999983,131.5000305163412,251.49996948249918,30.95308410615416,59.199223585880574,0.0,0.2353846153846154,-2.908713270244334e-10,-1.8182788608100964e-11,0.0,4.471779468887516e-07,2.7948459946228745e-08,4.4805047996515427e-07,0.0
622,5.1631783999996514,131.5000305172689,251.4999694824412,30.953084106372525,59.19922358586693,0.0,0.2353846153846154,-7.250733347063942e-11,-4.54036808150704e-12,0.0,2.343518974650162e-07,1.4646859703115634e-08,2.3480916154319069e-07,0.0
623,5.17607629999975,131.50003051750082,251.4999694824267,30.953084106427116,59.199223585863514,0.0,0.2353846153846154,-1.7916335082190926e-11,-1.1226575225009583e-12,0.0,2.7496609523407263e-08,1.7183104248858271e-09,2.7550247294697782e-08,0.0
624,5.193088799999714,131.5000305175588,251.49996948242307,30.953084106440762,59.19922358586266,0.0,0.2353846153846154,-4.270361841918202e-12,-2.7000623958883807e-13,0.0,1.3817214856294357e-08,8.633958783593156e-10,1.3844164071108423e-08,0.0
625,5.196086099999775,131.5000305175733,251.49996948242216,30.953084106444177,59.19922358586245,0.0,0.2353846153846154,-8.562039965909207e-13,-5.684341886080802e-14,0.0,1.2613274800182953e-09,7.901192678481419e-11,1.2637997849436246e-09,0.0
626,5.2082902999995895,131.50003051757693,251.49996948242193,30.953084106445033,59.19922358586239,0.0,0.2353846153846154,0.0,-0.0,0.0,4.156500867141382e-10,2.601553886150775e-11,4.1646344719281814e-10,0.0
627,5.211687899999561,131.50003051757784,251.49996948242188,30.953084106445246,59.19922358586238,0.0,0.2353846153846154,2.1316282072803006e-13,1.4210854715202004e-14,0.0,2.559211063542818e-10,1.5991717754511045e-11,2.564202560531043e-10,0.0
628,5.224490799999785,131.50003051757807,251.49996948242188,30.9530841064453,59.19922358586238,0.0,0.2353846153846154,2.6645352591003757e-13,1.4210854715202004e-14,0.0,2.8105549335773422e-11,1.7680617491931476e-12,2.8161106970688382e-11,0.0
629,5.228586599999744,131.50003051757812,251.49996948242188,30.953084106445313,59.19922358586238,0.0,0.2353846153846154,2.8066438062523957e-13,1.4210854715202004e-14,0.0,1.4074248691668469e-11,8.365231172193747e-13,1.4099086749168331e-11,0.0
630,5.241605199999867,131.50003051757812,251.49996948242188,30.953084106445313,59.19922358586238,0.0,0.2353846153846154,2.8066438062523957e-13,1.4210854715202004e-14,0.0,1.5264019333778496e-12,-4.33248061995566e-05,4.332480619955663e-05,0.0
631,5.2451500999995915,131.50003051757812,251.49996948242188,30.953084106445313,59.19922358586238,0.0,0.2353846153846154,2.8066438062523957e-13,1.4210854715202004e-14,0.0,6.939232733699799e-13,-0.00020982848670920406,0.00020982848670920406,0.0
632,5.257585299999846,131.50003051757812,251.49998092651367,30.953084106445313,59.19922627962553,0.0,0.2353846153846154,2.8066438062523957e-13,-2.6937631361079184e-06,0.0,-4.796415987196377e-05,-0.0002727814465925539,0.00027696620414294166,0.0
633,5.261629899999662,131.50003051757812,251.49999523162842,30.953084106445313,59.19922964682946,0.0,0.2353846153846154,2.8066438062523957e-13,-6.0609670669009574e-06,0.0,-0.00021361187508343922,-0.0004487821440047466,0.0004970266048755941,0.0
634,5.272862299999815,131.50001907348633,251.5000102519989,30.953081412682167,59.19923318239359,0.0,0.2353846153846154,-2.693762866101679e-06,-9.59653119991799e-06,0.0,-0.00027314167529704324,-0.00046384176610342256,0.0005382894748794719,0.0
635,5.276927799999612,131.50000476837158,251.50002545118332,30.953078045478236,59.19923676004777,0.0,0.2353846153846154,-6.060966796894718e-06,-1.3174185376385594e-05,0.0,-0.00044146226716506784,-0.0004310369969060642,0.0006169941863845397,0.0
636,5.288806099999874,131.4999897480011,251.50002925097942,30.953074509914106,59.199237654461314,0.0,0.2353846153846154,-9.596530926359037e-06,-1.4068598922278852e-05,0.0,-0.0004569404328966806,-0.00026550070166242093,0.0005284743908639696,0.0
637,5.293057099999714,131.49997454881668,251.50003020092845,30.953070932259926,59.1992378780647,0.0,0.2353846153846154,-1.3174185106379355e-05,-1.4292202308752167e-05,0.0,-0.0004191140275608214,-0.00020318135138724217,0.0004657673557150597,0.0
638,5.304614199999833,131.49997074902058,251.5000304384157,30.95307003784638,59.19923793396554,0.0,0.2353846153846154,-1.4068598652272613e-05,-1.4348103150041425e-05,0.0,-0.0002544870620757942,-2.7244450954588577e-05,0.00025594125277451094,0.0
639,5.309025499999734,131.49996979907155,251.50003049778752,30.953069814242998,59.19923794794075,0.0,0.2353846153846154,-1.4292202035193213e-05,-1.436207836036374e-05,0.0,-0.0001954446275229737,-1.2215289147763693e-05,0.0001958259832518591,0.0
640,5.3199783999998544,131.4999695615843,251.50003051263047,30.95306975834215,59.19923795143456,0.0,0.2353846153846154,-1.4348102883587899e-05,-1.4365572170049745e-05,0.0,-2.719280520450628e-05,-1.6995502686361954e-06,2.7245864383532508e-05,0.0
641,5.325713399999586,131.49996950221248,251.5000305163412,30.95306974436694,59.19923795230801,0.0,0.2353846153846154,-1.4362078093910213e-05,-1.4366445618918533e-05,0.0,-1.1750117546026726e-05,-7.343823912218644e-07,1.1773044629235968e-05,0.0
642,5.335874299999887,131.49996948736953,251.5000305172689,30.953069740873136,59.199237952526374,0.0,0.2353846153846154,-1.4365571896490792e-05,-1.4366663982912087e-05,0.0,-0.3717157245108643,-1.0102911834181407e-07,0.3717157245108781,0.0
643,5.340798199999881,131.4999694836588,251.50003051750082,30.953069739999684,59.199237952580965,0.0,0.2353846153846154,-1.4366445348912293e-05,-1.4366718573910475e-05,0.0,-0.4856330611383823,-3.739275502311958e-08,0.4856330611383837,0.0
644,5.351442399999996,131.41592407257485,251.5000305175588,30.93328674323685,59.19923795259461,0.0,0.2353846153846154,-0.019797363208184038,-1.4366732216331002e-05,0.0,-0.45348337592018095,-6.9475195480693285e-09,0.453483375920181,0.0
645,5.3556892999999945,131.40564727790934,251.5000305175733,30.930867743877123,59.19923795259802,0.0,0.2353846153846154,-0.022216362567910153,-1.4366735626936133e-05,0.0,-1.3683411395761413,-2.6608556118717e-09,1.3683411395761413,0.0
646,5.36710979999998,131.41344642641093,251.50003051757693,30.932703543447495,59.19923795259888,0.0,0.2353846153846154,-0.020380562997537766,-1.4366736486692844e-05,0.0,-1.6799549978422101,-4.443813957936714e-10,1.6799549978422101,0.0
647,5.3708302,131.3411469459582,251.50003051757784,30.915685358048623,59.19923795259909,0.0,0.2353846153846154,-0.03739874839640933,-1.4366736699855664e-05,0.0,-2.471110970669959,-1.8897915712493077e-10,2.471110970669959,0.0
648,5.3832634999998845,131.25884783268094,251.50003051757807,30.89631341292336,59.19923795259915,0.0,0.2353846153846154,-0.056770693521674076,-1.4366736756699083e-05,0.0,-2.570100618891582,-2.8362936745366144e-11,2.570100618891582,0.0
649,5.386309600000004,131.18360462784796,251.50003051757812,30.878602320093442,59.19923795259916,0.0,0.2353846153846154,-0.07448178635159053,-1.4366736770909938e-05,0.0,-2.512248093669844,-1.3306560750080405e-11,2.512248093669844,0.0
650,5.400580599999557,131.1190632358194,251.50003051757812,30.86341026935441,59.19923795259916,0.0,0.2353846153846154,-0.08967383709062204,-1.4366736770909938e-05,0.0,-1.8825564654137854,-1.8474262093388273e-12,1.8825564654137854,0.0
651,5.4164858999997705,131.14947100915015,251.50003051757812,30.870567791384573,59.19923795259916,0.0,0.2353846153846154,-0.08251631506045953,-1.4366736770909938e-05,0.0,-1.7738668769823338,-9.330524089585984e-13,1.7738668769823338,0.0
652,5.4219717999999375,131.1162404329516,251.50003051757812,30.86274582498707,59.19923795259916,0.0,0.2353846153846154,-0.09033828145796363,-1.4366736770909938e-05,0.0,-1.1913493232846852,0.00017439875374459997,1.1913493360495915,0.0
653,5.431760399999803,131.07404683309142,251.50003051757812,30.852814100712287,59.19923795259916,0.0,0.2353846153846154,-0.10027000573274591,-1.4366736770909938e-05,0.0,-1.0982048899154457,0.00022899689604050406,1.0982049137905798,0.0
654,5.4348495999997795,131.0359639482631,251.50001907348633,30.843849975514235,59.19923525883601,0.0,0.2353846153846154,-0.10923413093079759,-1.1672973620591165e-05,0.0,-1.5628635182023067,0.0004570242506525022,1.562863585025532,0.0
655,5.447184099999959,131.00458501172398,251.50000476837158,30.836463856605796,59.19923189163208,0.0,0.2353846153846154,-0.11662024983923658,-8.305769689798126e-06,0.0,-1.3429467266641355,0.0005102508751131197,1.3429468235987125,0.0
656,5.450285099999746,130.979906018556,251.4999897480011,30.830654801290873,59.19922835606795,0.0,0.2353846153846154,-0.12242930515416006,-4.770205556781093e-06,0.0,-1.3105596750542046,0.0005586459483456999,1.3105597941198555,0.0
657,5.463728199999878,130.9612736542972,251.49997454881668,30.826269029396112,59.19922477841377,0.0,0.2353846153846154,-0.1268150770489207,-1.192551380313489e-06,0.0,-0.7646784352556038,0.0003879085622956361,0.7646785336453557,0.0
658,5.467424499999652,130.9478837211915,251.49997074902058,30.823117245141997,59.199223884000226,0.0,0.2353846153846154,-0.12996686130303559,-2.9813783442023123e-07,0.0,-0.7149184782898126,0.0003364796714262396,0.7149185574726611,0.0
659,5.4796386999996685,130.9389400770264,251.49996979907155,30.82101204890006,59.19922366039684,0.0,0.2353846153846154,-0.1320720575449741,-7.453444794691677e-08,0.0,-0.3486272757026733,0.00010867535110956557,0.348627292641009,0.0
660,5.4831663999998455,130.93369436984253,251.4999695615843,30.819777290132166,59.199223604496,0.0,0.2353846153846154,-0.13330681631286723,-1.8633606657658675e-08,0.0,-0.2808937574639033,5.5645765962071656e-05,0.28089376297568697,0.0
661,5.495698299999731,130.93146741570283,251.49996950221248,30.81925309938851,59.19922359052078,0.0,0.2353846153846154,-0.1338310070565214,-4.658389229916793e-09,0.0,-0.10250135098457479,7.264914922438983e-06,0.10250135124202989,0.0
662,5.499244599999656,130.9316545431347,251.49996948736953,30.81929714630709,59.19922358702698,0.0,0.2353846153846154,-0.1337869601379431,-1.1645866493381618e-09,0.0,-0.020043687252262896,-1.1757564445245685,1.1759272793160813,0.0
663,5.511527499999829,130.93370404105713,251.4999694836588,30.819779566587293,59.19922358615353,0.0,0.2353846153846154,-0.1333045398577397,-2.9113778055034345e-10,0.0,-0.24065729097005018,-1.2132768273795747,1.2369141407362476,0.0
664,5.514893099999881,130.93713465894592,251.58402633697915,30.82058708125958,59.21900927624279,0.0,0.2353846153846154,-0.13249702518545448,-0.019785690380395238,0.0,-1.41537462482444,-1.1099252550576628,1.7986715654648413,0.0
665,5.527792099999715,130.8575060158107,251.59430599220377,30.8018437237216,59.22142894893412,0.0,0.2353846153846154,-0.151240382723433,-0.022205363071726936,0.0,-1.4066196505725608,-1.0650184156009292,1.764325102396377,0.0
666,5.531344300000001,130.76823621464604,251.58650755884196,30.78083098590899,59.21959331769665,0.0,0.2353846153846154,-0.17225312053604114,-0.02036973183425772,0.0,-1.0492050763200684,-0.8901346270021242,1.3759254872136104,0.0
667,5.543657599999733,130.7711758749506,251.57476180792338,30.78152293671914,59.216828548634275,0.0,0.2353846153846154,-0.1715611697258943,-0.017604962771883947,0.0,-1.0314671848452122,0.3109631137895345,1.0773219628087929,0.0
668,5.54689099999996,130.79626381737046,251.5627502053988,30.78742825239643,59.21400120219387,0.0,0.2353846153846154,-0.16565585404860173,-0.014777616331478782,0.0,-0.5786047235853553,0.4065913158577192,0.7071774347970932,0.0
669,5.567843399999674,130.82551553930355,251.5514732263985,30.79431365771299,59.21134677482919,0.0,0.2353846153846154,-0.15877044873204227,-0.01212318896679676,0.0,0.7965583970860932,0.36924373551921436,0.8779784827594294,0.0
670,5.576134999999795,130.8540915923454,251.54123821016407,30.80104002096746,59.20893760946939,0.0,0.2353846153846154,-0.15204408547757353,-0.009714023606996136,0.0,0.23071839480965695,0.39771383727286846,0.45979046756305686,0.0
671,5.5826288999996905,130.8805875648344,251.53213343559764,30.80727676526102,59.206794485609905,0.0,0.2353846153846154,-0.14580734118401395,-0.007570899747513238,0.0,-0.038840290516593406,0.28258739225433016,0.28524411024334234,0.0
672,5.587730999999621,130.82048105868907,251.5241809724248,30.79312861842989,59.20492259812461,0.0,0.2353846153846154,-0.15995548801514303,-0.005699012262219583,0.0,-0.8573759563811202,0.3329123607201664,0.9197413606556545,0.0
673,5.593128899999556,130.83145540871524,251.51732911761792,30.795711811589896,59.20330977691622,0.0,0.2353846153846154,-0.15737229485513637,-0.00408619105382968,0.0,-0.9516190829673451,0.2936328954222898,0.9958911367924147,0.0
674,5.596736699999838,130.77376274744248,251.5115306131447,30.782131846705692,59.201944898170986,0.0,0.2353846153846154,-0.17095225973934092,-0.0027213123085942925,0.0,-1.790968486073637,0.27775659405474784,1.8123787804015443,0.0
675,5.608800299999984,130.791188489595,251.50670497994633,30.786233598320052,59.2008090183566,0.0,0.2353846153846154,-0.16685050812498048,-0.0015854324942097264,0.0,-1.142716583042259,0.21659168296569678,1.1630619700986224,0.0
676,5.6124911999995675,130.74044162313118,251.50277487779908,30.77428856667549,59.19988393277425,0.0,0.2353846153846154,-0.178795539769542,-0.0006603469118573457,0.0,-1.1262175417894105,-0.07708102618228915,1.128852264927301,0.0
677,5.62452839999969,130.764387444357,251.49965230709626,30.7799250445948,59.19914892767035,0.0,0.2353846153846154,-0.17315906185023167,7.465819204099944e-05,0.0,-1.0488312570953304,-1.5512395680241209,1.8725360352377287,0.0
678,5.640958899999987,130.8035503217826,251.58129201354166,30.789143383434983,59.21836565857211,0.0,0.2353846153846154,-0.16394072301005025,-0.01914207270971957,0.0,-1.0239028569437492,-1.5744729598418783,1.878121977330231,0.0
679,5.644074099999671,130.7588557200941,251.6738340507487,30.778622961806764,59.240148630407,0.0,0.2353846153846154,-0.17446114463826845,-0.04092504454460766,0.0,1.279934314611791,-1.3506556560417287,1.860780092036205,0.0
680,5.657000100000005,130.78437182797273,251.67504268016765,30.78462906104589,59.24043312317792,0.0,0.2353846153846154,-0.16845504539914202,-0.04120953731553101,0.0,1.0423908614003257,-1.2636084663684715,1.638073583270603,0.0
681,5.660501899999872,130.9075950321885,251.65466536364542,30.81363390757668,59.23563661636577,0.0,0.2353846153846154,-0.13945019886835297,-0.03641303050337541,0.0,0.0758548424449842,-0.7327673880586851,0.7366831083476131,0.0
682,5.671993199999633,130.87247142040064,251.6304365130305,30.805366349725073,59.22993351768257,0.0,0.2353846153846154,-0.14771775671995968,-0.03070993182017645,0.0,0.5805127947615331,0.7193217264352956,0.9243477976409636,0.0
683,5.675711499999579,130.8049937706275,251.60698428084552,30.789483149086166,59.22441322302979,0.0,0.2353846153846154,-0.1636009573588666,-0.025189637167400747,0.0,0.14988213638941383,0.828570827962033,0.8420179759116451,0.0
684,5.694543299999623,130.73668316555728,251.58554581386372,30.773403883585022,59.21936693772484,0.0,0.2353846153846154,-0.17968022286001073,-0.020143351862451198,0.0,-1.8704202379004515,0.6689868177357939,1.9864579604541965,0.0
685,5.703110799999649,130.67522532630142,251.56646473105383,30.75893765372941,59.214875544386516,0.0,0.2353846153846154,-0.19414645271562136,-0.015651958524124154,0.0,-1.3149726576821072,0.7193061703497816,1.498851045686266,0.0
686,5.709973899999568,130.62219836038395,251.5497926048826,30.746455921751913,59.210951182380064,0.0,0.2353846153846154,-0.20662818469311972,-0.011727596517673078,0.0,-0.644690443688418,0.5061670130372041,0.8196528614420707,0.0
687,5.714480499999809,130.661595885262,251.53547366391598,30.755729492992437,59.207580723967915,0.0,0.2353846153846154,-0.19735461345259608,-0.008357138105523632,0.0,-0.8998209769587497,0.5664985389536006,1.063296000750291,0.0
688,5.721275799999603,130.63503016638384,251.52337952437745,30.74947633147189,59.20473394958423,0.0,0.2353846153846154,-0.2036077749731433,-0.00551036372183944,0.0,-0.3340967687432379,0.10801974585071206,0.3511252146718105,0.0
689,5.7254240999996,130.59750113290454,251.51334076122131,30.740642574360606,59.20237097917979,0.0,0.2353846153846154,-0.2124415320844264,-0.003147393317398439,0.0,0.7077895353056478,-0.046265876833683744,0.7093000476860088,0.0
690,5.7355273999996825,130.6464379663316,251.58923454333268,30.752161552074977,59.22023520789215,0.0,0.2353846153846154,-0.2009225543700559,-0.0210116220297607,0.0,0.23924820507053024,-0.1623560719022629,0.28913525850889105,0.0
691,5.7400064999997085,130.7109602301083,251.59303312313784,30.7673491003178,59.2211293351386,0.0,0.2353846153846154,-0.18573500612723137,-0.021905749276207587,0.0,0.14041329404465452,-0.13308705064988924,0.19346332002515823,0.0
692,5.757992799999556,130.68918796402122,251.5802384138411,30.76222424383884,59.21811765741183,0.0,0.2353846153846154,-0.19085986260619237,-0.018894071549439673,0.0,0.2628534657808219,-0.13125928650331664,0.29380426267559406,0.0
693,5.764423699999952,130.65054558719672,251.56479455829427,30.753128422832457,59.21448241141388,0.0,0.2353846153846154,-0.19995568361257554,-0.015258825551491384,0.0,0.518232030737295,0.34705103008420046,0.623705744052919,0.0
694,5.770364399999835,130.6122518753148,251.55018759221028,30.744114672189482,59.21104415632026,0.0,0.2353846153846154,-0.20896943425555037,-0.011820570457871327,0.0,-0.25163738016719966,0.4423356820096929,0.508902963910009,0.0
695,5.7752519999999095,130.6624394947076,251.53724324815022,30.755928065677328,59.20799725687228,0.0,0.2353846153846154,-0.19715604076770532,-0.008773671009890904,0.0,-0.49558674051845125,0.49833262791358734,0.7028098074308331,0.0
696,5.7847187999996095,130.64399579896985,251.52611073879535,30.751586703449828,59.20537683543952,0.0,0.2353846153846154,-0.20149740299520502,-0.006153249577131703,0.0,0.04215974801610767,0.4223634186912446,0.42446236794483594,0.0
697,5.78965079999989,130.61246837112918,251.51673581458164,30.744165631973484,59.20317012250921,0.0,0.2353846153846154,-0.20891847447154888,-0.003946536646822096,0.0,1.1418667273778698,0.38071388172521575,1.2036621963121246,0.0
698,5.799468099999558,130.66561785572173,251.50900191629188,30.756676202962193,59.201349681834856,0.0,0.2353846153846154,-0.19640790348283943,-0.0021260959724642703,0.0,0.5749966819735454,0.2763503582177364,0.6379582312092679,0.0
699,5.803444599999693,130.73287556378395,251.50274257502025,30.77250763270607,59.199876329197075,0.0,0.2353846153846154,-0.18057647373896302,-0.0006527433346832368,0.0,0.0999534113377809,0.27690762752047354,0.2943951742421688,0.0
700,5.814867599999616,130.71262257746943,251.49781317671403,30.767740391312035,59.19871602467269,0.0,0.2353846153846154,-0.18534371513299774,0.0005075611896998566,0.0,0.5158881639997412,0.19439908490254,0.5512999201577747,0.0
701,5.81803439999976,130.67449734968963,251.4940516828504,30.758766299234637,59.19783062688632,0.0,0.2353846153846154,-0.19431780721039615,0.0013929589760692807,0.0,0.6953606166839468,-0.4414900501710959,0.8236746030048246,0.0
702,5.8366572999998425,130.71998923610406,251.49129169878876,30.769474389421415,59.197180969099506,0.0,0.2353846153846154,-0.18360971702361795,0.0020426167628855296,0.0,0.29158886222805913,-0.5787753847928664,0.6480779356046499,0.0
703,5.843116999999893,130.7795876105397,251.57345692738272,30.7835029298655,59.216521399830086,0.0,0.2353846153846154,-0.1695811765795341,-0.017297813967694253,0.0,0.8406415273040544,-0.5200537003740419,0.9885008996965188,0.0
704,5.849895299999844,130.83609792192203,251.58255414273435,30.796804587775494,59.2186627443667,0.0,0.2353846153846154,-0.15627951866953893,-0.019439158504312104,0.0,1.173109863737081,-0.5102093040689915,1.279257709125021,0.0
705,5.854893599999741,130.88553052296098,251.57416255301757,30.808440261558506,59.21668749324875,0.0,0.2353846153846154,-0.14464384488652726,-0.01746390738635739,0.0,1.1314634487096593,-0.7359636928980701,1.3497600131246001,0.0
706,5.863383599999906,130.84327746716602,251.56230284528564,30.798494542271385,59.2138959005057,0.0,0.2353846153846154,-0.1545895641736479,-0.014672314643306095,0.0,1.249849955833882,-1.43260591925306,1.90117980001284,0.0
707,5.878939399999581,130.86751568637158,251.63459426600892,30.804199846176694,59.23091218876825,0.0,0.2353846153846154,-0.14888426026833912,-0.0316886029058594,0.0,0.9748803406559821,-1.6383926622096565,1.9064947401396022,0.0
708,5.881977099999858,130.9031811066515,251.71818454672683,30.812594937411813,59.25058805484493,0.0,0.2353846153846154,-0.14048916903321995,-0.05136446898254121,0.0,0.9346648142828685,-1.4580313494603916,1.7318931061320497,0.0
709,5.895461599999635,130.9368395881863,251.7952268312618,30.820517626142315,59.26872262335855,0.0,0.2353846153846154,-0.13256648030271734,-0.06949903749615771,0.0,1.2543225132646831,-1.6895234995660284,2.104237301938275,0.0
710,5.898637199999939,130.96553313923408,251.77772897954395,30.827271646619714,59.26460389826188,0.0,0.2353846153846154,-0.12581245982531897,-0.06538031239949049,0.0,1.4353928597919074,-1.0504691489182392,1.778718104357911,0.0
711,5.91155499999968,130.9889571373476,251.8232049804817,30.832785295406435,59.27530824925185,0.0,0.2353846153846154,-0.12029881103859807,-0.07608466338945874,0.0,0.9364990313061504,0.10113293391952469,0.9419438974591475,0.0
712,5.914984799999729,131.0074931905869,251.7925856079134,30.837148397168917,59.268100920016536,0.0,0.2353846153846154,-0.11593570927611552,-0.06887733415414488,0.0,0.9474409078554098,-0.22335973638030548,0.9734135019167152,0.0
713,5.927393799999663,131.02168302054713,251.8305011383065,30.84048846483648,59.27702565255522,0.0,0.2353846153846154,-0.11259564160855362,-0.07780206669282563,0.0,0.5498472100668443,-0.653712113235367,0.8542081019335638,0.0
714,5.9312104999999065,131.0320969331153,251.878615274811,30.842939739640986,59.2883509800709,0.0,0.2353846153846154,-0.11014436680404671,-0.08912739420851068,0.0,0.5276125451170159,-1.0145916586617618,1.1435782577466573,0.0
715,5.943381599999611,131.0392780479761,251.92281315097813,30.844630063600526,59.29875448015331,0.0,0.2353846153846154,-0.10845404284450666,-0.09953089429092188,0.0,0.28165985441236097,-1.548230807494589,1.5736425600697699,0.0
716,5.946717299999818,131.04375124417174,251.96012681069374,30.84568298516658,59.307537541594066,0.0,0.2353846153846154,-0.10740112127845336,-0.10831395573167413,0.0,-0.9964093875463199,-1.7532977197410042,2.0166518196355656,0.0
717,5.959292999999889,131.04601395240036,251.99040935770273,30.8462155918727,59.314665587274646,0.0,0.2353846153846154,-0.1068685145723336,-0.11544200141225502,0.0,-1.151130152401133,-1.2022326532460679,1.6644710812441699,0.0
718,5.962507099999584,130.9624312224751,252.01423060480653,30.826541503136443,59.32027274236215,0.0,0.2353846153846154,-0.12654260330858946,-0.12104915649975823,0.0,-1.1451601176374215,-1.1075582271848736,1.5931343074682227,0.0
719,5.982602399999905,130.95121724165392,252.03232809797896,30.823901904573923,59.32453261383197,0.0,0.2353846153846154,-0.12918220187111018,-0.12530902796957832,0.0,-1.1281287021912683,0.08848057600542936,1.1315932047507213,0.0
720,5.990712999999687,130.95703114757168,252.04546987239513,30.82527040858226,59.32762598534839,0.0,0.2353846153846154,-0.12781369786277352,-0.1284023994859993,0.0,-1.0504106785278755,0.24975402344658082,1.079694246438846,0.0
721,5.995995599999787,130.96602628054526,251.9703518430988,30.827387724497576,59.30994435691402,0.0,0.2353846153846154,-0.12569638194745636,-0.11072077105163203,0.0,0.2184126351114269,0.5387773786981642,0.581364896578029,0.0
722,6.000774399999955,130.9747753079293,251.9654883513997,30.829447110943356,59.308799565791006,0.0,0.2353846153846154,-0.12363699550167695,-0.10957597992861423,0.0,0.3290047920982313,0.42607151510453045,0.5383131887731069,0.0
723,6.008895799999664,130.9824671729296,251.97581956709797,30.831257657628043,59.3112313750246,0.0,0.2353846153846154,-0.12182644881698934,-0.112007789162206,0.0,0.31551544320269453,0.46291024338468634,0.560210574989318,0.0
724,6.012531499999568,130.9889792199902,251.98779797038776,30.832790493320772,59.31405090687589,0.0,0.2353846153846154,-0.1202936131242609,-0.11482732101350024,0.0,0.2981169701851451,-0.3278630415199354,0.4431341804770577,0.0
725,6.025011999999606,130.99434944977293,251.99825411906178,30.834054562792705,59.31651212340993,0.0,0.2353846153846154,-0.11902954365232787,-0.11728853754753743,0.0,0.22494119831008777,-0.4002454243205407,0.45912410346953897,0.0
726,6.02825939999957,130.9986789151776,252.00662453440412,30.835073652341805,59.3184823904059,0.0,0.2353846153846154,-0.11801045410322786,-0.1192588045435059,0.0,-0.8716356242243564,-0.39945327064325165,0.9588073721267344,0.0
727,6.040496999999959,131.00206154397995,252.01298578447995,30.835869871121435,59.319979730808356,0.0,0.2353846153846154,-0.11721423532359765,-0.12075614494596465,0.0,-1.303937777501926,-0.2559352876447324,1.328817744861369,0.0
728,6.044143399999939,130.92057840479382,252.01756300495788,30.816689993743775,59.32105713809008,0.0,0.2353846153846154,-0.13639411270125734,-0.12183355222769165,0.0,-1.3418320805734798,-0.2430746159208804,1.3636710018773726,0.0
729,6.056653099999949,130.82810984167696,252.02064136159103,30.794924316579348,59.3217817358822,0.0,0.2353846153846154,-0.15815978986568524,-0.12255815001980608,0.0,-1.6537753143647282,-0.12475320109753353,1.6584740430848586,0.0
730,6.059860599999865,130.82690813668876,252.02245236310284,30.79464145371289,59.32220801777652,0.0,0.2353846153846154,-0.1584426527321412,-0.12298443191412645,0.0,-2.7014697992913006,-0.09958889927741715,2.7033048339656904,0.0
731,6.07190189999983,130.76317310961164,252.0232255480511,30.779639208877818,59.32239001361818,0.0,0.2353846153846154,-0.17344489756721515,-0.12316642775579112,0.0,-1.8746056454248878,-0.03804716467118368,1.8749917100079072,0.0
732,6.075095999999576,130.6929714695416,252.02317851836042,30.76311482283056,59.32237894355253,0.0,0.2353846153846154,-0.18996928361447374,-0.12315535769013763,0.0,-1.6794579772156994,-0.02315938199302318,1.6796176511955772,0.0
733,6.088309799999934,130.62978202143813,252.02249155952174,30.74824099889236,59.3222172440105,0.0,0.2353846153846154,-0.20484310755267288,-0.12299365814811125,0.0,-2.1815429470006236,0.020958514768755723,2.181643620976964,0.0
734,6.104783999999654,130.57629926512516,252.02133562791755,30.73565198086792,59.32194515549444,0.0,0.2353846153846154,-0.2174321255771119,-0.1227215696320485,0.0,-2.0719394999660734,0.030801850469454904,2.0721684404294947,0.0
735,6.108754599999884,130.53246440368363,252.01985645946962,30.72533392886707,59.32159698199823,0.0,0.2353846153846154,-0.22775017757796334,-0.12237339613584197,0.0,-1.3422692552673894,0.05065798567558513,1.3432248453437645,0.0
736,6.120548899999903,130.49749598373342,252.0181477086174,30.717102900786482,59.32119476833609,0.0,0.2353846153846154,-0.2359812056585504,-0.12197118247370042,0.0,-1.1991496942689635,0.0558302401711747,1.2004486681999025,0.0
737,6.124726099999862,130.47043188777906,252.01632434170511,30.710732428969532,59.32076557581674,0.0,0.2353846153846154,-0.2423516774755008,-0.12154198995435195,0.0,-1.204606834034372,0.07319905013812751,1.2068287888277431,0.0
738,6.13630989999956,130.45025338820454,252.01444943259423,30.705982720608148,59.320324251056796,0.0,0.2353846153846154,-0.2471013858368849,-0.12110066519440466,0.0,-0.7232677395024394,0.06307103661816242,0.7260125196338271,0.0
739,6.140556899999865,130.43597338123084,252.0125845261173,30.70262142665895,59.319885280762996,0.0,0.2353846153846154,-0.2504626797860823,-0.12066169490060474,0.0,-0.6307769261799916,0.07172185918330952,0.6348413626141487,0.0
740,6.151953499999763,130.42668133358896,252.01079078484963,30.70043422159863,59.31946306166461,0.0,0.2353846153846154,-0.2526498848464023,-0.12023947580221517,0.0,-0.3335800929082943,0.057919033984266136,0.33857095693868494,0.0
741,6.157113699999627,130.42152018691286,252.00909494352686,30.699219367073333,59.31906388670709,0.0,0.2353846153846154,-0.25386473937169995,-0.11984030084470021,0.0,-0.24230516344679195,0.0662267907043188,0.25119271494207435,0.0
742,6.168057799999588,130.41970347202118,252.00752657401648,30.698791740337295,59.31869471665311,0.0,0.2353846153846154,-0.2542923661077374,-0.11947113079072125,0.0,-0.07194252388966356,0.050937907631473586,0.0881498563667993,0.0
743,6.172260999999708,130.42053103157951,252.00610451337718,30.69898653512564,59.318359985456475,0.0,0.2353846153846154,-0.2540975713193916,-0.11913639959408329,0.0,0.017307878600037692,0.056640587277112936,0.059225997574797254,0.0
744,6.183376599999974,130.42338150667416,252.0048334708736,30.699657493109456,59.31806080160563,0.0,0.2353846153846154,-0.25342661333557714,-0.11883721574324113,0.0,0.08546403041180002,0.044993075072722995,0.09658404267128586,0.0
745,6.187393599999723,130.42772190254743,252.0037146238219,30.700679155522703,59.3177974422227,0.0,0.2353846153846154,-0.2524049509223296,-0.1185738563603067,0.0,0.17853445183782662,0.04993712103354557,0.1853868025242148,0.0
746,6.199431899999581,130.4331099800314,252.00273682245938,30.701947426068926,59.31756728282505,0.0,0.2353846153846154,-0.25113668037610637,-0.11834369696266123,0.0,0.19266479980493853,0.03657177319335153,0.1961051240492787,0.0
747,6.202766599999904,130.4391490770391,252.0019087234371,30.703368936595357,59.3173723610552,0.0,0.2353846153846154,-0.2497151698496758,-0.11814877519280742,0.0,0.2673169790384142,0.038898637499605496,0.27013232180090874,0.0
748,6.215612499999679,130.4455340343965,252.00120960273426,30.704871857327177,59.31720779879745,0.0,0.2353846153846154,-0.24821224911785578,-0.11798421293505612,0.0,0.23253515709787514,0.026961364461266377,0.23409296115036587,0.0
749,6.219125399999939,130.4520054568413,252.00063427934566,30.70639513061034,59.3170723765229,0.0,0.2353846153846154,-0.24668897583469374,-0.1178487906605099,0.0,0.25538866513670155,0.025787160223298623,0.2566872570126697,0.0
750,6.2377268999998705,130.45836116645643,252.0001700139282,30.70789116687359,59.316963095586175,0.0,0.2353846153846154,-0.24519293957144228,-0.11773950972378344,0.0,0.21273131635073503,0.01614352971909002,0.21334297857700318,0.0
751,6.244262499999877,130.46445906602816,251.99980217755433,30.709326518618933,59.316876512562786,0.0,0.2353846153846154,-0.24375758782609935,-0.11765292670039429,0.0,0.23510140489663545,0.015373083370148826,0.2356034852812608,0.0
752,6.250588799999605,130.47018352261057,251.9995271129921,30.710673967629873,59.3168117665966,0.0,0.2353846153846154,-0.24241013881515983,-0.1175881807342094,0.0,0.17688933943675694,0.008517899944466313,0.17709430545852162,0.0
753,6.2560040999997,130.4754484075081,251.99932101775,30.711913240536525,59.316763254947304,0.0,0.2353846153846154,-0.2411708659085079,-0.11753966908491265,0.0,0.21317891079434595,0.0083481709573207,0.2133423070227665,0.0
754,6.263883699999951,130.48022074445515,251.99917794120506,30.71303657523329,59.31672957692981,0.0,0.2353846153846154,-0.2400475312117436,-0.11750599106741788,0.0,0.18418144857552812,0.005871828011041,0.18427502371067858,0.0
755,6.267702599999666,130.4844694012017,251.99909639570166,30.714036643667477,59.316710382372854,0.0,0.2353846153846154,-0.23904746277755606,-0.11748679651046245,0.0,0.18933274963474045,0.003815673375496989,0.18937119487282056,0.0
756,6.279462299999977,130.488198038777,251.9990531211422,30.714914307589048,59.316700196207314,0.0,0.2353846153846154,-0.238169798855985,-0.11747661034492296,0.0,0.15384895608992005,0.0019371311731683305,0.15386115093531638,0.0
757,6.282637899999827,130.4914190165302,251.99905374659414,30.715672476198645,59.31670034342908,0.0,0.2353846153846154,-0.23741163024638823,-0.11747675756669196,0.0,0.1548752737829096,0.0005638215535483376,0.15487630007226882,0.0
758,6.2951232999998865,130.49414686839037,251.99907679114074,30.71631457055958,59.31670576776082,0.0,0.2353846153846154,-0.23676953588545402,-0.11748218189843129,0.0,0.10916697711297456,-0.0006397394260254814,0.10916885159475628,0.0
759,6.298763599999802,130.49643100420695,251.99911688455276,30.71685222099025,59.31671520513319,0.0,0.2353846153846154,-0.23623188545478158,-0.1174916192708011,0.0,0.0987221115350153,-0.0010257826920423065,0.09872744064374045,0.0
760,6.31200919999992,130.49830666462594,251.99917268427296,30.71729372259657,59.316728339528865,0.0,0.2353846153846154,-0.23579038384846385,-0.1175047536664735,0.0,0.0661041969757733,-0.0019913578032029096,0.06613418453199686,0.0
761,6.327753599999596,130.49980554799242,251.99924385466198,30.717646536681293,59.31674509194352,0.0,0.2353846153846154,-0.23543756976373942,-0.11752150608112544,0.0,0.05925266190194992,-0.0022027190867386828,0.05929359083275249,0.0
762,6.331376099999943,130.50096991116803,251.99931886771822,30.71792060985955,59.31676274886291,0.0,0.2353846153846154,-0.23516349658548208,-0.11753916300051515,0.0,0.03927681864606125,-0.002839864849389487,0.039379351382652084,0.0
763,6.343367999999828,130.50184465064356,251.99939484144127,30.718126510074562,59.316780631908486,0.0,0.2353846153846154,-0.23495759637047087,-0.11755704604609463,0.0,0.034173417258245714,-0.0029247947578349225,0.0342983508565882,0.0
764,6.346472699999595,130.50247532281713,251.99947105533101,30.718274960601573,59.316798571485606,0.0,0.2353846153846154,-0.23480914584346024,-0.11757498562321445,0.0,0.03365388339882326,-0.003902078377312975,0.03387934597190869,0.0
765,6.35914959999991,130.50289620497188,251.99954732926244,30.71837402978569,59.31681652519562,0.0,0.2353846153846154,-0.23471007665934351,-0.11759293933322823,0.0,0.01891946905077861,-0.0031630070420134485,0.019182046885335157,0.0
766,6.362167399999635,130.5031501987039,251.99962361820428,30.718433816002612,59.31683448243886,0.0,0.2353846153846154,-0.23465029044242058,-0.1176108965764655,0.0,0.015380053453925766,-0.0036245340210325615,0.015801369912613158,0.0
767,6.375115599999845,130.5032594735041,251.99968846680693,30.718459537609426,59.31684974680225,0.0,0.2353846153846154,-0.23462456883560634,-0.11762616093985656,0.0,0.005481023927229096,-0.0026792871201906905,0.006100836234753199,0.0
768,6.378247399999964,130.50325245992877,251.99973901123298,30.718457886721698,59.31686164418253,0.0,0.2353846153846154,-0.23462621972333508,-0.1176380583201393,0.0,0.0014053439317609309,-0.003110503441500599,0.0034132423333429374,0.0
769,6.391317599999638,130.50315915380054,251.9997974237067,30.71843592389459,59.31687539358019,0.0,0.2353846153846154,-0.23464818255044406,-0.11765180771779882,0.0,-0.003349937025829265,-0.002092428440585598,0.003949725921629664,0.0
770,6.394542000000001,130.50298705407513,251.9998463591005,30.718395414266915,59.31688691221904,0.0,0.2353846153846154,-0.23468869217811772,-0.11766332635664867,0.0,-0.007386511937422637,-0.002387376009185176,0.007762739388316476,0.0
771,6.407286299999669,130.50277236776682,251.99989292522434,30.718344880412808,59.316897873168195,0.0,0.2353846153846154,-0.2347392260322252,-0.1176742873058032,0.0,-0.008196019191022723,-0.0017412521334655552,0.008378943225246911,0.0
772,6.410349199999928,130.502535590721,251.9999274549389,30.718289146738947,59.31690600093177,0.0,0.2353846153846154,-0.2347949597060861,-0.11768241506938182,0.0,-0.011655024510744835,-0.0018030528230326337,0.011793667615661755,0.0
773,6.423405299999558,130.502281846899,251.99995897555112,30.718229419346994,59.316913420398954,0.0,0.2353846153846154,-0.23485468709803925,-0.1176898345365629,0.0,-0.010074379347009802,-0.001146504030193083,0.010139407809073794,0.0
774,6.426747499999692,130.50201241729116,251.999978299796,30.71816599976238,59.31691796902891,0.0,0.2353846153846154,-0.23491810668265245,-0.11769438316651559,0.0,-0.012662092514114551,-0.0011854681859123875,0.012717465221332677,0.0
775,6.439976199999819,130.50175051032863,251.999994574949,30.71810435089274,59.31692179994953,0.0,0.2353846153846154,-0.2349797555522919,-0.11769821408714165,0.0,-0.009863392832194048,-0.0007098310614506284,0.009888901774109048,0.0
776,6.443437699999777,130.50150192811927,252.00001008782905,30.718045838465,59.31692545144284,0.0,0.2353846153846154,-0.23503826798003402,-0.11770186558045026,0.0,-0.011323966312055749,-0.0006377893141593289,0.01134191290064552,0.0
777,6.456532199999856,130.50126812118998,252.00002541014086,30.717990803910872,59.31692905807931,0.0,0.2353846153846154,-0.2350933025341604,-0.11770547221691885,0.0,-0.008305669498102887,-0.00036925206371177103,0.00831387351950173,0.0
778,6.460865699999886,130.50104945217248,252.00002924071882,30.71793933258829,59.31692995973843,0.0,0.2353846153846154,-0.23514477385674226,-0.11770637387603955,0.0,-0.009685996527583795,-0.00031446598002970164,0.009691099916158194,0.0
779,6.473195199999736,130.50084601172478,252.0000301983633,30.717891445836756,59.31693018515321,0.0,0.2353846153846154,-0.23519266060827704,-0.11770659929081972,0.0,-0.006941107472041467,-0.00010372839027509102,0.006941882490893874,0.0
780,6.476793499999985,130.50066926660307,252.00003043777443,30.717849842754262,59.3169302415069,0.0,0.2353846153846154,-0.23523426369077072,-0.11770665564451122,0.0,-0.007901704906713786,-4.884751706759194e-05,0.007901855890403747,0.0
781,6.488537599999745,130.50051063940467,252.0000304976272,30.717812504352175,59.316930255595324,0.0,0.2353846153846154,-0.23527160209285825,-0.11770666973293231,0.0,-0.005968153640472574,-7.248723486795682e-06,0.005968158042501742,0.0
782,6.491966999999931,130.5003794298707,252.0000305125904,30.717781619646487,59.316930259117434,0.0,0.2353846153846154,-0.23530248679854537,-0.11770667325504292,0.0,-0.00640231637170386,-3.6039002670074943e-06,0.006402317386031749,0.0
783,6.503994199999852,130.50026651884463,252.0000305163312,30.717755042128044,59.31693025999796,0.0,0.2353846153846154,-0.2353290643169892,-0.11770667413556879,0.0,-0.004407033490243101,-4.725707671967635e-07,0.004407033515580227,0.0
784,6.507760999999846,130.50016962653734,252.0000305172664,30.71773223516956,59.31693026021809,0.0,0.2353846153846154,-0.23535187127547275,-0.11770667435570203,0.0,-0.004674636926115473,-2.3344530520673356e-07,0.004674636931944451,0.0
785,6.519852499999615,130.50008818300154,252.0000305175002,30.71771306461421,59.316930260273125,0.0,0.2353846153846154,-0.2353710418308239,-0.11770667441073357,0.0,-0.003060712587826934,-2.8092276040380148e-08,0.0030607125879558543,0.0
786,6.523298699999941,130.50002204575037,252.00003051755863,30.71769749692278,59.316930260286874,0.0,0.2353846153846154,-0.23538660952225143,-0.11770667442448257,0.0,-0.0030229822806230747,-1.3491844625056349e-08,0.003022982280653182,0.0
787,6.536087299999963,130.4999711791622,252.00003051757324,30.71768552371049,59.31693026029031,0.0,0.2353846153846154,-0.23539858273454328,-0.1177066744279216,0.0,-0.001950013826090737,-1.8076980881167526e-09,0.001950013826091575,0.0
788,6.540233899999748,130.49993557433157,252.0000305175769,30.717677142881126,59.31693026029118,0.0,0.2353846153846154,-0.2354069635639071,-0.11770667442878846,0.0,-0.0016891046907623812,-8.981461756006793e-10,0.00168910469076262,0.0
789,6.5510801999998876,130.49990378494033,252.0000305175778,30.717669660147493,59.31693026029139,0.0,0.2353846153846154,-0.23541444629753983,-0.11770667442900162,0.0,-0.000975771780228758,-1.0057600849015608e-10,0.0009757717802287632,0.0
790,6.567328899999666,130.4998843935007,252.00003051757804,30.717665095700937,59.31693026029145,0.0,0.2353846153846154,-0.23541901074409566,-0.11770667442905847,0.0,-0.0008049199118723391,-4.69148333845278e-11,0.0008049199118723405,0.0
791,6.571362700000009,130.499868101549,252.0000305175781,30.717661260826148,59.31693026029146,0.0,0.2353846153846154,-0.23542284561888493,-0.11770667442906557,0.0,-0.00041404634734836687,-5.104090237265639e-12,0.0004140463473483669,0.0
792,6.583056999999826,130.4998640285611,252.00003051757812,30.717660302107458,59.316930260291464,0.0,0.2353846153846154,-0.23542380433757515,-0.11770667442907268,0.0,-0.0002770341438068758,-1.1734812604663214e-12,0.0002770341438068758,0.0
793,6.586646899999778,130.4998630103141,252.00003051757812,30.717660062427782,59.316930260291464,0.0,0.2353846153846154,-0.23542404401725037,-0.11770667442907268,0.0,-0.00022162028609111622,-4.738139780180761e-13,0.00022162028609111622,0.0
794,6.5990600999998605,130.49986275575236,252.00003051757812,30.717660002507863,59.316930260291464,0.0,0.2353846153846154,-0.23542410393717006,-0.11770667442907268,0.0,1.3376599126799396e-05,-1.2151949851999706e-13,1.3376599126799398e-05,0.0
795,6.602958899999976,130.49986269211192,252.00003051757812,30.71765998752788,59.316930260291464,0.0,0.2353846153846154,-0.23542411891715176,-0.11770667442907268,0.0,0.0002321699876539891,0.0,0.0002321699876539891,0.0
796,6.614951899999596,130.4998741202936,252.00003051757812,30.717662677546034,59.316930260291464,0.0,0.2353846153846154,-0.23542142889899864,-0.11770667442907268,0.0,0.0002996872742577736,0.0,0.0002996872742577736,0.0
797,6.618278299999929,130.49988842143082,252.00003051757812,30.71766604381372,59.316930260291464,0.0,0.2353846153846154,-0.23541806263131448,-0.11770667442907268,0.0,0.0005215532970593639,0.0,0.0005215532970593639,0.0
798,6.631332399999792,130.49990344080692,252.00003051757812,30.71766957914378,59.316930260291464,0.0,0.2353846153846154,-0.235414527301252,-0.11770667442907268,0.0,0.0005364289760563452,0.0,0.0005364289760563452,0.0
799,6.634571499999765,130.49991863974276,252.00003051757812,30.71767315673945,59.316930260291464,0.0,0.2353846153846154,-0.23541094970558163,-0.11770667442907268,0.0,0.0006549794040501922,0.0,0.0006549794040501922,0.0
800,6.647251499999584,130.4999224394767,252.00003051757812,30.717674051138363,59.316930260291464,0.0,0.2353846153846154,-0.23541005530666936,-0.11770667442907268,0.0,0.0005077514432061837,4.341453150069876e-05,0.0005096041106814068,0.0
801,6.650822099999914,130.49993483350198,252.00003051757812,30.717676968501237,59.316930260291464,0.0,0.2353846153846154,-0.23540713794379542,-0.11770667442907268,0.0,0.0006666894960605769,0.0002455700822127143,0.0007104783947703584,0.0
802,6.663231599999563,130.49994937610012,252.00001907348633,30.717680391605104,59.31692756652832,0.0,0.2353846153846154,-0.23540371483992928,-0.11770398066592946,0.0,0.0004598401325449458,0.00030155374318169287,0.0005498978155310709,0.0
803,6.666562899999917,130.49996445584145,252.00000476837158,30.71768394114422,59.31692419932439,0.0,0.2353846153846154,-0.2354001653008133,-0.11770061346199867,0.0,0.0004586791005875674,0.0005103337488230732,0.0006861683849490819,0.0
804,6.679193599999962,130.49996822577677,251.9999897480011,30.717684828528995,59.31692066376026,0.0,0.2353846153846154,-0.23539927791603787,-0.11769707789786565,0.0,0.0002961378993284765,0.0005243483766182624,0.0006021950477053843,0.0
805,6.682620799999768,130.4999691682606,251.99997454881668,30.717685050375188,59.31691708610608,0.0,0.2353846153846154,-0.2353990560698449,-0.11769350024368919,0.0,0.000241817030658569,0.0004946128214418542,0.0005505609134793341,0.0
806,6.695384799999829,130.49996940388155,251.99997074902058,30.717685105836736,59.316916191692535,0.0,0.2353846153846154,-0.23539900060829666,-0.1176926058301433,0.0,2.8751591276155583e-05,0.00029305234669710237,0.00029445938922980497,0.0
807,6.698654099999658,130.4999694627868,251.99996979907155,30.71768511970212,59.31691596808915,0.0,0.2353846153846154,-0.23539898674291138,-0.11769238222675682,0.0,1.4723338595702284e-05,0.0002374393418237141,0.00023789539244189293,0.0
808,6.7174418999998124,130.4999694775131,251.9999695615843,30.71768512316847,59.31691591218831,0.0,0.2353846153846154,-0.23539898327656417,-0.11769232632591553,0.0,1.7844824191893969e-06,2.877787062102552e-05,2.8833144382548357e-05,0.0
809,6.7249826999996,130.49996948119468,251.99996950221248,30.717685124035057,59.31691589821309,0.0,0.2353846153846154,-0.2353989824099756,-0.1176923123506981,0.0,9.174696365115807e-07,1.479578563018697e-05,1.4824203956650352e-05,0.0
810,6.730877699999837,130.4999694821151,251.99996948736953,30.717685124251705,59.31691589471929,0.0,0.2353846153846154,-0.23539898219332756,-0.11769230885689552,0.0,6.959004335481928e-08,1.1222570336040253e-06,1.1244125682363356e-06,0.0
811,6.736245699999927,130.4999694823452,251.9999694836588,30.71768512430587,59.31691589384584,0.0,0.2353846153846154,-0.23539898213916288,-0.11769230798344665,0.0,3.283635033821923e-08,5.295397692020499e-07,5.305568707217865e-07,0.0
812,6.74426239999957,130.49996948240272,251.9999694827311,30.71768512431941,59.316915893627474,0.0,0.2353846153846154,-0.2353989821256235,-0.11769230776508266,0.0,5.2293107024599146e-05,1.5914845929817255e-07,5.2293349199666655e-05,0.0
813,6.748891299999741,130.4999694824171,251.99996948249918,30.717685124322795,59.31691589357288,0.0,0.2353846153846154,-0.23539898212223775,-0.11769230771049166,0.0,0.0002701925128306538,4.08351958570117e-08,0.000270192515916441,0.0
814,6.759195799999816,130.49998092651248,251.9999694824412,30.717687818086784,59.31691589355924,0.0,0.2353846153846154,-0.235396288358249,-0.11769230769684924,0.0,0.00032272527114831544,8.305061010271347e-09,0.0003227252712551773,0.0
815,6.762286299999687,130.49999523162813,251.9999694824267,30.71769118529093,59.31691589355582,0.0,0.2353846153846154,-0.2353929211541015,-0.11769230769343153,0.0,0.00036809151749387883,2.8600363222724448e-09,0.00036809151750498995,0.0
816,6.775746199999958,130.50001025199884,251.99996948242307,30.717694720855114,59.31691589355497,0.0,0.2353846153846154,-0.23538938558991873,-0.11769230769257888,0.0,0.00041894210438897126,5.045652199652848e-10,0.0004189421043892751,0.0
817,6.791518399999859,130.50002545118332,251.99996948242216,30.717698298509305,59.31691589355476,0.0,0.2353846153846154,-0.23538580793572805,-0.11769230769236572,0.0,0.0003703526059927162,2.4001428599893794e-10,0.00037035260599279393,0.0
818,6.795036199999686,130.50002925097942,251.99996948242193,30.71769919292285,59.3169158935547,0.0,0.2353846153846154,-0.23538491352218216,-0.11769230769230887,0.0,0.00015601197852651116,1.8839035447335858e-11,0.0001560119785265123,0.0
819,6.807143300000007,130.50003020092845,251.99996948242188,30.717699416526234,59.316915893554686,0.0,0.2353846153846154,-0.23538468991879924,-0.11769230769229466,0.0,0.00010369016422713286,6.169531470412377e-12,0.00010369016422713305,0.0
820,6.810278399999788,130.5000304384157,251.99996948242188,30.717699472427082,59.316915893554686,0.0,0.2353846153846154,-0.23538463401795084,-0.11769230769229466,0.0,5.855671009091281e-05,3.466511971174918e-12,5.855671009091291e-05,0.0
821,6.823402999999871,130.50003049778752,251.99996948242188,30.717699486402292,59.316915893554686,0.0,0.2353846153846154,-0.23538462004274052,-0.11769230769229466,0.0,7.719028706901157e-06,2.3475241329178685e-13,7.71902870690116e-06,0.0
822,6.826400299999932,130.50003051263047,251.99996948242188,30.717699489896095,59.316915893554686,0.0,0.2353846153846154,-0.23538461654893794,-0.11769230769229466,0.0,4.038760850730455e-06,-0.0001663946599699205,0.00016644366751461246,0.0
823,6.8397846999996545,130.5000305163412,251.99996948242188,30.717699490769547,59.316915893554686,0.0,0.2353846153846154,-0.23538461567548552,-0.11769230769229466,0.0,4.734848099746705e-07,-0.00021898257080460863,0.0002189830826891902,0.0
824,6.8430224999997336,130.5000305172689,251.99998092651367,30.71769949098791,59.316918587317836,0.0,0.2353846153846154,-0.23538461545712153,-0.11769500145544498,0.0,2.6136025652413656e-07,-0.00043592161827472973,0.0004359216966250279,0.0
825,6.855828499999916,130.50003051750082,251.99999523162842,30.7176994910425,59.31692195452177,0.0,0.2353846153846154,-0.23538461540253408,-0.11769836865937577,0.0,2.828306406253095e-08,-0.0004913041192977053,0.0004913041201117955,0.0
826,6.859087999999701,130.5000305175588,252.0000102519989,30.71769949105615,59.31692549008589,0.0,0.2353846153846154,-0.23538461538888455,-0.11770190422350169,0.0,1.5283903774708528e-08,-0.0005462908117102868,0.0005462908119240903,0.0
827,6.872007799999665,130.5000305175733,252.00002545118332,30.71769949105956,59.31692906774008,0.0,0.2353846153846154,-0.23538461538547395,-0.11770548187768526,0.0,1.79904264415373e-09,-0.0003835657213023393,0.0003835657213065583,0.0
828,6.875260999999682,130.50003051757693,252.00002925097942,30.717699491060415,59.316929962153615,0.0,0.2353846153846154,-0.23538461538461775,-0.11770637629122405,0.0,9.498822069466581e-10,-0.0003345115893660648,0.00033451158936741344,0.0
829,6.887447899999643,130.50003051757784,252.00003020092845,30.717699491060632,59.316930185757,0.0,0.2353846153846154,-0.23538461538440103,-0.11770659989461052,0.0,1.1251216841314428e-10,-0.00011777269528951137,0.00011777269528956512,0.0
830,6.890611699999681,130.50003051757807,252.0000304384157,30.717699491060685,59.31693024165785,0.0,0.2353846153846154,-0.23538461538434774,-0.11770665579545891,0.0,5.971560605678935e-11,-6.258593646948453e-05,6.258593646951302e-05,0.0
831,6.90457619999961,130.50003051757812,252.00003049778752,30.717699491060696,59.31693025563306,0.0,0.2353846153846154,-0.23538461538433708,-0.11770666977066924,0.0,7.077957182674949e-12,-7.6130193354461875e-06,7.613019335449478e-06,0.0
832,6.9081459999997605,130.50003051757812,252.00003051263047,30.717699491060696,59.31693025912686,0.0,0.2353846153846154,-0.23538461538433708,-0.11770667326447182,0.0,3.5214246041269777e-12,-3.9559205400922996e-06,3.9559205400938666e-06,0.0
833,6.920827499999632,130.50003051757812,252.0000305163412,30.717699491060696,59.31693026000032,0.0,0.2353846153846154,-0.23538461538433708,-0.11770667413792779,0.0,1.5264622487673192e-13,-0.3292012841067908,0.3292012841067908,0.0
834,6.924329399999806,130.50003051757812,252.0000305172689,30.717699491060696,59.316930260218676,0.0,0.2353846153846154,-0.23538461538433708,-0.11770667435628468,0.0,-0.0001322546712076887,-0.4479657794925876,0.44796579901561645,0.0
835,6.936348199999884,130.50003051757812,252.08407592765707,30.717699491060696,59.33671325681774,0.0,0.2353846153846154,-0.23538461538433708,-0.1374896709553468,0.0,-0.00019095459859000757,-0.41596238341814423,0.41596242724861815,0.0
836,6.940421799999967,130.50001907348633,252.09435272214864,30.717696797297553,59.33913225613653,0.0,0.2353846153846154,-0.2353873091474803,-0.13990867027413856,0.0,-0.00035945119724415216,-1.2270087117663615,1.2270087644168273,0.0
837,6.951894399999674,130.50000476837158,252.08655357360357,30.717693430093618,59.33729645655592,0.0,0.2353846153846154,-0.23539067635141464,-0.13807287069352725,0.0,-0.0004238229662243567,-1.5755628956350383,1.5755629526387618,0.0
838,6.95609099999956,130.4999897480011,252.15885305404544,30.71768989452949,59.354314641952236,0.0,0.2353846153846154,-0.2353942119155441,-0.15509105608984441,0.0,-0.0004636534552312426,-1.153974980259376,1.1539750734046008,0.0
839,6.967206599999827,130.49997454881668,252.24115216731997,30.717686316875312,59.373686587076854,0.0,0.2353846153846154,-0.23539778956972057,-0.17446300121446257,0.0,-0.00033464725150631803,-0.9333222169246589,0.9333222769193623,0.0
840,6.971697699999822,130.49997074902058,252.23233851790422,30.717685422461766,59.371611989598996,0.0,0.2353846153846154,-0.23539868398326647,-0.1723884037366048,0.0,-0.0002780748134141435,-0.6707974429348995,0.6707975005719696,0.0
841,6.985464399999728,130.49996979907155,252.20254340022802,30.71768519885838,59.36459867728444,0.0,0.2353846153846154,-0.23539890758665294,-0.16537509142204954,0.0,-0.00010987276464565313,0.2953717003361396,0.2953717207714487,0.0
842,6.990719499999614,130.4999695615843,252.1696658488363,30.717685142957535,59.35685980749531,0.0,0.2353846153846154,-0.23539896348749778,-0.15763622163292013,0.0,-4.554686264605905e-05,0.7315951699180971,0.7315951713359009,0.0
843,7.000208699999803,130.49996950221248,252.13839806010947,30.71768512898232,59.34949985107192,0.0,0.2353846153846154,-0.23539897746271166,-0.15027626520952708,0.0,-5.7596822899489654e-06,0.9326215145006833,0.9326215145184686,0.0
844,7.015443199999936,130.49996948736953,252.11002752406057,30.71768512548852,59.342821863355795,0.0,0.2353846153846154,-0.23539898095651424,-0.14359827749340326,0.0,-2.5149369312853875e-06,0.5812776109789122,0.5812776109843527,0.0
845,7.019476799999666,130.4999694836588,252.08488755728467,30.71768512461507,59.33690430194547,0.0,0.2353846153846154,-0.2353989818299631,-0.13768071608307508,0.0,-3.903055093429039e-07,-0.6447156771881941,0.6447156771883122,0.0
846,7.031210099999953,130.4999694827311,252.1470611227196,30.717685124396706,59.35153900273246,0.0,0.2353846153846154,-0.2353989820483271,-0.1523154168700671,0.0,-9.59788871312443e-08,-0.7485948385264872,0.7485948385264933,0.0
847,7.035030499999721,130.49996948249918,252.22265166373654,30.717685124342115,59.369331853156446,0.0,0.2353846153846154,-0.2353989821029181,-0.17010826729405437,0.0,-5.0318181350602504e-08,-1.5682055503834946,1.5682055503834955,0.0
848,7.047254599999633,130.4999694824412,252.20934562467437,30.71768512432847,59.36619981626951,0.0,0.2353846153846154,-0.23539898211656407,-0.16697623040711562,0.0,-7.0231210065689845e-09,-2.0858550471721724,2.0858550471721724,0.0
849,7.050564899999699,130.4999694824267,252.26081342643226,30.717685124325055,59.37831454499098,0.0,0.2353846153846154,-0.23539898211997823,-0.17909095912858675,0.0,-3.3123025794431943e-09,-2.521906579699216,2.521906579699216,0.0
850,7.063164999999572,130.49996948242307,252.32083003507486,30.7176851243242,59.392441531333006,0.0,0.2353846153846154,-0.23539898212083443,-0.19321794547061444,0.0,-4.552900133320444e-10,-1.767706672062461,1.767706672062461,0.0
851,7.066935899999862,130.49996948242216,252.37573973533122,30.717685124323985,59.40536643000873,0.0,0.2353846153846154,-0.2353989821210476,-0.20614284414634199,0.0,-2.328879913261258e-10,-2.3719465874037837,2.3719465874037837,0.0
852,7.079392299999654,130.49996948242193,252.42264358251444,30.717685124323932,59.41640687403802,0.0,0.2353846153846154,-0.23539898212110089,-0.21718328817562593,0.0,-2.6613161536759042e-11,-1.7582392060865544,1.7582392060865544,0.0
853,7.082691699999941,130.49996948242188,252.46140048913446,30.717685124323918,59.425529653596264,0.0,0.2353846153846154,-0.2353989821211151,-0.22630606773387285,0.0,-1.3022729768763606e-11,-1.844843071130362,1.844843071130362,0.0
854,7.095111599999655,130.49996948242188,252.4925931642758,30.717685124323918,59.432871929437226,0.0,0.2353846153846154,-0.2353989821211151,-0.23364834357483488,0.0,-1.717056284364402e-12,-0.9120319284497964,0.9120319284497964,0.0
855,7.098810999999841,130.49996948242188,252.517019598442,30.717685124323918,59.438621536248654,0.0,0.2353846153846154,-0.2353989821211151,-0.23939795038626244,0.0,-8.614205439755512e-13,-0.7753234555659152,0.7753234555659152,0.0
856,7.111294699999689,130.49996948242188,252.4514404159679,30.717685124323918,59.42318520560475,0.0,0.2353846153846154,-0.2353989821211151,-0.2239616197423615,0.0,4.293910283455509e-05,-0.28536608653999357,0.2853660897705221,0.0
857,7.114860099999987,130.49996948242188,252.45451202049588,30.717685124323918,59.42390821405519,0.0,0.2353846153846154,-0.2353989821211151,-0.22468462819279722,0.0,0.00025121546422401546,-0.4164013533103636,0.4164014290896607,0.0
858,7.127406999999948,130.49998092651367,252.4713130942353,30.717687818087064,59.42786292833539,0.0,0.2353846153846154,-0.23539628835796833,-0.2286393424729951,0.0,0.0003068923242327817,-0.15905386131745172,0.15905415738951886,0.0
859,7.13064039999972,130.49999523162842,252.4884337423088,30.717691185291,59.4318928654973,0.0,0.2353846153846154,-0.23539292115403398,-0.23266927963491213,0.0,-1.2493922551898955,-0.5747021451082395,1.3752321850947586,-7.074624498159477
860,7.143340699999953,130.5000102519989,252.50286481375105,30.717694720855125,59.435289717698325,0.0,0.2353846153846154,-0.23538938558990807,-0.2360661318359334,-0.269549560546875,-1.5052840908382576,-0.5716290674855449,1.6101676884489868,-12.750726303354291
861,7.146506599999611,130.41596859693527,252.5141858994827,30.697912608201687,59.43795452710901,0.0,0.2353846153846154,-0.25517149824334595,-0.2387309412466152,-0.32345947265625,-2.732843114968805,0.6366497780806918,2.8060211030857545,-13.031586087398338
862,7.159302999999909,130.34641234576702,252.524374721941,30.681540136772853,59.44035281916457,-1.347747802734375,0.2353846153846154,-0.2715439696721802,-0.24112923330218194,-0.33424145507812447,-3.0146256919299836,0.9101610450165118,3.1490254350052305,-6.181417880827652
863,7.162505399999645,130.2629107646644,252.44646996222355,30.661885149221007,59.42201523726185,-0.269549560546875,0.2353846153846154,-0.2911989572240259,-0.22279165139946144,-0.3363978515624988,-4.006424250394186,0.8196874656837719,4.089415950419534,-0.5164717450921517
864,7.175392099999954,130.1858334345743,252.43983404329026,30.643742331522876,59.42045324403602,-0.053909912109375006,0.2353846153846154,-0.30934177492215653,-0.22122965817362683,-0.3368291308593731,-2.9581715647492257,0.9436167053705735,3.105026810374638,
865,7.178535699999884,130.1196089934092,252.44944749397686,30.628154116910167,59.4227161024284,-0.010781982421875003,0.2353846153846154,-0.3249299895348656,-0.22349251656601155,-0.06736582617187402,-3.4243606354756055,2.1601140880109497,4.048745316146506,
866,7.191393499999776,130.06458929058863,252.46157833467586,30.61520332532317,59.425571515700625,-0.0021563964843750007,0.2353846153846154,-0.33788078112186426,-0.2263479298382336,-0.01347316523437478,-2.325998216453976,1.016871467616397,2.538561656647205,
867,7.194298799999615,130.0200268697663,252.3888168248799,30.6047140170373,59.408444575702504,-0.0004312792968750002,0.2353846153846154,-0.34837008940773373,-0.20922098984011228,-0.0026946330468766394,-2.429636269708742,0.7647843949787423,2.5471606886663456,2.6898812412416144
868,7.207111199999872,129.98487655997087,252.3882732369817,30.59644017488545,59.40831662347415,-8.625585937500004e-05,0.2353846153846154,-0.3566439315595815,-0.20909303761175835,-0.0005389266093770102,-1.5088446476957598,0.8427400168981848,1.7282427222359984,1.3365199844517424
869,7.210393500000009,129.95801876157475,252.40415906852277,30.590118262339903,59.41205590382152,-1.725117187500001e-05,0.2353846153846154,-0.3629658441051298,-0.21283231795912627,-0.0001077853218776531,-1.4920918788546813,0.6529867213477776,1.6287203053933519,0.10207071784096912
870,7.2234441999999035,129.93834960006166,252.42245852933772,30.585488444322205,59.416363315367185,-3.450234375000002e-06,0.2353846153846154,-0.36759566212282735,-0.21713972950479388,-2.155706437664479e-05,-0.8006716712827552,-0.5815220250823278,0.9895670724365134,0.04765175590452061
871,7.226897000000008,129.92480346446854,252.43963333960983,30.582299892405672,59.42040600147739,-6.900468750000005e-07,0.2353846153846154,-0.3707842140393609,-0.2211824156149973,-4.311412877011559e-06,-0.6839082907479432,-0.6222564272205308,0.9246262008893285,0.0039563178884105665
872,7.2398105999996005,129.91639297427145,252.45485614984386,30.580320192405434,59.4239892168094,-1.380093750000001e-07,0.2353846153846154,-0.37276391403959863,-0.22476563094701163,-8.622825748111775e-07,-0.309667895741958,-0.5447716411326836,0.6266341409751384,0.0017683462076908186
873,7.255756699999893,129.91219608292334,252.46797734312503,30.57933230874965,59.42707774384328,-2.760187500000002e-08,0.2353846153846154,-0.3737517976953839,-0.22785415798088593,-1.724565138026669e-07,-0.2320416849426598,-0.5121572973369424,0.5622707895369541,0.0001167013747905874
874,7.259227399999872,129.91138718601405,252.4790625120508,30.57914190686177,59.42968702206734,-5.5203750000000045e-09,0.2353846153846154,-0.37394219958326147,-0.2304634362049498,-3.449130160096479e-08,-0.0003449166207564469,-0.36911037212414144,0.36911053327844423,2.8381184379224672e-05
875,7.272167999999965,129.91322201012656,252.4882424956885,30.57957379622979,59.431847848985136,-1.1040750000000009e-09,0.2353846153846154,-0.3735103102152415,-0.23262426312274442,-6.898260297492747e-09,0.044743736451207064,-0.3296903870814951,0.33271271885150583,1.4438759696002408e-05
876,7.276020199999948,129.91706816732656,252.4956987769983,30.58047912246302,59.433602942893444,-2.2081500000000018e-10,0.2353846153846154,-0.37260498398201136,-0.2343793570310524,-1.3796508999299607e-09,0.10962224299635642,0.37493210201687666,0.39062913009956873,1.2095694283774282e-06
877,7.293309799999861,129.92236701741757,252.50160261173005,30.581726390253674,59.43499261476107,-4.416300000000004e-11,0.2353846153846154,-0.3713577161913584,-0.23576902889868023,-2.7592902041740374e-10,0.16870296566457035,0.5740704889497001,0.5983457335913485,5.118952781972045e-07
878,7.298932100000002,129.9286355775966,252.4220772886747,30.58320191288043,59.416273577180355,-8.832600000000008e-12,0.2353846153846154,-0.36988219356460306,-0.217049991317964,-5.51857813832695e-11,0.24121129797062107,0.49465332795707123,0.5503315410983434,3.6564230067595025e-08
879,7.305628199999774,129.9354784439597,252.41513922573313,30.58481261834744,59.41464046390334,-1.7665200000000016e-12,0.2353846153846154,-0.36827148809759436,-0.21541687804094778,-1.1036565142254043e-11,0.22670687364860145,0.525295649516675,0.572128941726136,1.598131286629634e-08
880,7.309856699999727,129.9425907718786,252.4252722331911,30.586486750919118,59.41702561796652,-3.5330400000000036e-13,0.2353846153846154,-0.366597355525915,-0.21780203210413163,-2.2050165914851287e-12,0.2994514900999399,0.38036003652220696,0.48409188415656074,-8.238196644349893
881,7.320157599999675,129.94970180063567,252.43850571088566,30.588160577688086,59.42014057502386,-7.066080000000008e-14,0.2353846153846154,-0.3649235287569468,-0.2209169891614664,-0.25458251953168815,0.34317204591106665,-0.3361239605488669,0.4803606665307261,-12.77475389233899
882,7.323898799999824,129.95662939913353,252.45130123240892,30.58979122779605,59.42315244393625,-1.4132160000000017e-14,0.2353846153846154,-0.3632928786489842,-0.22392885807386165,-0.3054990234375871,0.4048181242787683,-0.5183666624680063,0.6577094423092923,-13.048748226075269
883,7.3362874999997985,129.98194757195137,252.46461668993817,30.595750736167012,59.42628669778544,-1.272912597656253,0.2353846153846154,-0.35733337027802037,-0.2270631119230515,-0.3156823242187669,0.3413824808179938,-0.4396095714134278,0.5565955205422926,-4.998697442187083
884,7.339895799999795,129.99035993986286,252.47484634167398,30.597730878152333,59.4286946004248,-0.2545825195312506,0.2353846153846154,-0.35535322829269944,-0.2294710145624066,-0.31771898437500345,0.33982154780233687,-0.4667429115282605,0.5773453297746969,-8.027248306877405
885,7.351451499999712,129.99422542197743,252.48320590914898,30.59864075317315,59.43066231399968,-0.050916503906250125,0.2353846153846154,-0.3544433532718827,-0.2314387281372916,-0.5799793437500014,0.3357251402478722,-0.3351412606817796,0.4743743610333784,-12.479304509896227
886,7.355150999999751,129.9966566362561,252.4900908754806,30.59921302361105,59.43228292915159,-0.010183300781250026,0.2353846153846154,-0.35387108283398305,-0.23305934328919875,-0.6324314156250016,0.49460919651202007,-0.3584264743631976,0.6108255027409203,-19.695513273625664
887,7.367084199999681,130.01771503186677,252.49754560705375,30.604169845962485,59.43403765827573,-1.311301796875,0.2353846153846154,-0.34891426048254814,-0.23481407241333585,-0.8975043495312506,0.4629794018194977,-0.24543766269060738,0.5240129509622528,-16.39065803853966
888,7.3712321999996675,130.04019154483194,252.50405559121657,30.60946047132198,59.43557000839405,-1.53517295703125,0.2353846153846154,-0.34362363512305194,-0.2363464225316605,-0.9505189363125015,0.4315386747101592,-0.2391279895868746,0.49336378380912904,-11.953346180260434
889,7.383472699999857,130.0605048869404,252.50937952890766,30.614241919541357,59.436823181419804,-1.5799471890625,0.2353846153846154,-0.3388421869036762,-0.2375995955574126,-0.9611218536687518,0.374732496146642,-0.1560806261359636,0.4059379330923479,-4.7246005060481195
890,7.387497899999744,130.05916308696948,252.51175192568394,30.613926080471277,59.437381607122525,-0.31598943781250005,0.2353846153846154,-0.3391580259737559,-0.23815802126013352,-0.963242437140003,0.426994524312999,-0.14778982972802734,0.4518474937014962,-0.679910502913826
891,7.3993963999996595,130.05262493922282,252.51290578537606,30.612387101078603,59.43765320794237,-0.06319788756250001,0.2353846153846154,-0.34069700536642955,-0.23842962207997687,-0.9709370616467539,0.2336421469084025,-0.08239119638930277,0.247743742714984,-0.9869391507221524
892,7.404325299999982,130.06679469305766,252.51511685772095,30.615722443135112,59.43817366035586,-1.32190471423125,0.2353846153846154,-0.33736166330992035,-0.2389500744934665,-0.9797464943606029,0.3026627696417697,-0.07897355909962464,0.3127963797170435,-8.706001413471455
893,7.415455799999563,130.08139212419215,252.5171230254654,30.619158453848307,59.438645881378775,-1.573646079565,0.2353846153846154,-0.3339256525967258,-0.23942229551638405,-1.2433614082471227,0.36062551483471605,-0.05506171762057988,0.3648048172614124,
894,7.4195560999996815,130.09420819950506,252.51860875929603,30.622175160806577,59.438995600265066,-1.62399435263175,0.2353846153846154,-0.3309089456384555,-0.23977201440267493,-1.5506669105556772,0.47887782430397424,-0.05615622467052653,0.4821591979619954,
895,7.431421899999805,130.10486232209306,252.51957528552714,30.62468297735421,59.43922310567024,-1.6340640072451,0.2353846153846154,-0.3284011290908211,-0.23999951980784573,-1.619824544220513,0.3617727591336493,-0.035524241296296735,0.3635127246340229,
896,7.435525899999902,130.11291601997638,252.52006868710444,30.626578693932903,59.43933924481074,-1.59972539910527,0.2353846153846154,-0.3265054125121303,-0.24011565894834774,-1.371803043609728,0.2129675626105864,-0.5335083957761395,0.5744444194941091,
897,7.4541096999996626,130.1201136180312,252.52026070204954,30.628272897782733,59.43938444217474,-1.667692882555429,0.2353846153846154,-0.3248112086623003,-0.2401608563123503,-1.3298952766906982,0.08049061391640823,-0.5934885446333911,0.5989218576239316,
898,7.4617379999999685,130.10600572994724,252.60232851169403,30.624952117972196,59.458701941983364,-0.3335385765110858,0.2353846153846154,-0.32813198847283687,-0.25947835612097236,-1.3292102565100172,0.05011766797364457,-0.5697003540323518,0.5719005805449959,
899,7.4676808999997775,130.1078574810708,252.6120536855407,30.625387991698204,59.46099109828881,-1.414455518036592,0.2353846153846154,-0.32769611474682847,-0.2617675124264167,-1.0744907329426299,-0.1315763699023228,-0.977003924596361,0.985824025774055,
900,7.486811999999645,130.1126920619181,252.60394497045743,30.62652597765149,59.459082431507674,-1.6306389063416935,0.2353846153846154,-0.3265581287935433,-0.25985884564528305,-1.0235468282291507,-0.13600072187007697,-0.9531438392860346,0.9627976810930239,
901,7.4948011999999835,130.09753565586038,252.67402701409873,30.62295839284098,59.47557866639555,-0.32612778126833875,0.2353846153846154,-0.3301257136040512,-0.2763550805331576,-1.0133580472864567,-0.1966240648011541,-1.0627918626984392,1.080827260147035,
902,7.499596299999666,130.09894217202174,252.6716462493743,30.623289465106655,59.47501827100657,-1.4129733589880427,0.2353846153846154,-0.32979464133837766,-0.27579468514417727,-0.7417707305510411,-0.32124689854585087,-1.4287917230133123,1.4644607736558455,
903,7.504394299999603,130.08389005350347,252.7344398826561,30.61974642797851,59.489798926225205,-0.28259467179760855,0.2353846153846154,-0.33333767846652407,-0.29057534036281396,-0.41790370665708254,-0.5434184592168676,-2.271104432303945,2.3352128306105757,
904,7.5118312999998125,130.06651999872741,252.80442906246088,30.61565778431584,59.50627330239464,-0.05651893435952171,0.2353846153846154,-0.3374263221291933,-0.3070497165322479,-0.35313030187829136,-0.5048793734253496,-2.050527128290922,2.1117681420002974,
905,7.515450199999577,130.05035573820726,252.86764550414063,30.611852966070323,59.521153480205406,-0.011303786871904344,0.2353846153846154,-0.3412311403747097,-0.32192989434301467,-0.07062606037565757,-0.646474384362256,-2.540817643970722,2.6217710482705177,
906,7.528567099999691,130.03620954002056,252.92124944976564,30.608523168650994,59.533771024329454,-0.0022607573743808687,0.2353846153846154,-0.3445609377940393,-0.33454743846706236,-0.014125212075130228,-0.5409206562352681,-2.072457884728647,2.141886280901937,
907,7.533002499999839,130.0241700302688,252.9652404935449,30.60568925327866,59.5441258392498,-0.0004521514748761738,0.2353846153846154,-0.3473948531663744,-0.34490225338741,-0.002825042415024764,-0.531266485114883,-1.9643138396808595,2.0348889254620466,2.352325529106218
908,7.544203599999946,130.0141449245594,253.00039673227295,30.603329497627055,59.55240107698117,-9.043029497523476e-05,0.2353846153846154,-0.34975460881797815,-0.35317749111877816,-0.0005650084830042392,-0.34774560513529973,-1.225716378144046,1.2740909094493509,0.9557830463555008
909,7.548038799999631,130.00597382269257,253.0276794442987,30.601406145956865,59.558823007658006,-1.8086058995046952e-05,0.2353846153846154,-0.3516779604881677,-0.35959942179561466,-0.00011300169660013428,-0.36077798420610957,-1.2167177323618263,1.2690795066234142,0.10916971165170433
910,7.55950699999994,129.9994564073333,253.04808425926802,30.599872046649224,59.56362598718155,-3.6172117990093906e-06,0.2353846153846154,-0.3532120597958084,-0.36440240131916113,-2.2600339321587024e-05,-0.24771609587610846,-0.7870696536134454,0.8251314463740249,0.04353415207611102
911,7.563225499999589,129.99441671413803,253.06256961828382,30.598685780404796,59.567035617842194,-7.234423598018782e-07,0.2353846153846154,-0.35439832604023636,-0.3678120319798026,-4.520067864740707e-06,-0.23680522992061506,-0.7023730179206511,0.7412183033497747,0.0043487512314670535
912,7.575230199999623,129.99066197882746,253.07207322122133,30.59780197347785,59.569272619764405,-1.4468847196037566e-07,0.2353846153846154,-0.3552821329671829,-0.3700490339020135,-9.040135733714438e-07,-0.14326927042306267,-0.37533162555611965,0.4017460802424286,0.0017813710471649724
913,7.579233699999804,129.9880066812303,253.0774360299147,30.59717695727421,59.57053494242608,-2.8937694392075133e-08,0.2353846153846154,-0.35590714917082167,-0.3713113565636874,-1.8080271282385436e-07,-0.12938296416639822,-0.282714987132584,0.3109143215837132,0.0001646568348158067
914,7.591181699999652,129.9862900003857,253.07942904532047,30.596772877013866,59.57100406759082,-5.787538878415027e-09,0.2353846153846154,-0.3563112294311672,-0.3717804817284289,-3.616054071433648e-08,-0.06682174041730637,-0.08915879154586878,0.11142008392708004,6.700837058020958e-05
915,7.594677799999772,129.9853344019519,253.07877144590043,30.59654794384406,59.57084927880425,-1.1575077756830055e-09,0.2353846153846154,-0.3565361626009711,-0.371625692941862,-7.232106292432906e-09,-0.05000476648799325,0.004155339291499513,0.050177121441412044,6.947489744218991e-06
916,7.607200699999794,129.98500394960905,253.0760664576665,30.59647016044644,59.5702125661892,-2.315015551366011e-10,0.2353846153846154,-0.35661394599859264,-0.37098898032680694,-1.446419408052191e-09,-0.016740587737890267,0.08743952423137047,0.08902762310439623,3.0208777603960056e-06
917,7.610748699999931,129.9851616624511,253.071842542151,30.596507283623108,59.569218321460156,-4.630031102732022e-11,0.2353846153846154,-0.3565768228219248,-0.3699947355977642,-2.8928316804442516e-10,0.0016385732630234302,0.1806762099540316,0.18068364000565076,2.690066050973868e-07
918,7.623010499999964,129.98569318660887,253.06657513749087,30.59663239623255,59.56797845544016,-9.260062205464044e-12,0.2353846153846154,-0.35645171021248245,-0.3687548695777707,-5.7858193779626405e-11,0.01814052208207428,0.19465732960013035,0.1955007787924744,
919,7.626285699999698,129.98650126906432,253.0606348732399,30.596822606410523,59.56658020862416,-1.852012441092809e-12,0.2353846153846154,-0.35626150003450974,-0.3673566227617684,,0.18334514993947007,1.2448210985199197,1.2582507744192595,
920,7.639279499999702,129.98750437610397,253.05433184453068,30.59705872237524,59.56509657263568,-3.704024882185618e-13,0.2353846153846154,-0.3560253840697918,-0.36587298677329017,,0.2261501378239405,1.489342332826213,1.5064144413759493,
921,7.642482899999777,129.9986613723463,252.98218037324204,30.59968490764459,59.54811322631697,-1.6968811035156992,0.2353846153846154,-0.35339919880044235,-0.3488896404545798,,0.24679460786876972,1.5945402367611803,1.613525997659629,
922,7.655127199999697,130.01072033576236,252.9014517705566,30.602523402110215,59.529110955223324,-1.97570434570314,0.2353846153846154,-0.3505607043348178,-0.3298873693609323,,0.2313279166643474,1.4756589263282858,1.4936806458813798,
923,7.658153599999878,130.012178680132,252.89338891309814,30.602866673938763,59.527213082621564,-0.395140869140628,0.2353846153846154,-0.3502174325062697,-0.327989496759173,,0.20342138844614313,1.2539133004511547,1.2703065875313977,
924,7.671741899999688,130.01106697838262,252.9030576164581,30.60260499645006,59.52948894664322,-0.0790281738281256,0.2353846153846154,-0.35047910999497134,-0.33026536078082813,,0.03562687214408652,0.1622095799095634,0.1660759520015108,
925,7.674922299999707,130.00942720602143,252.9164954526985,30.602219019263504,59.532652006558266,-0.01580563476562512,0.2353846153846154,-0.3508650871815284,-0.3334284206958742,,-0.013872873451413791,-0.17661635496768177,0.1771603608595024,
926,7.695282399999996,130.00776985692528,252.93006304164143,30.60182890478395,59.535845608263294,-0.0031611269531250244,0.2353846153846154,-0.3512552016610826,-0.33662202240090267,-0.01975072120312527,-0.04403759604982172,-0.36438807426986963,0.3670394781708792,
927,7.710876199999802,130.00624544274694,252.94273609732443,30.601470081138896,59.53882865060098,-0.0006322253906250049,0.2353846153846154,-0.3516140253061373,-0.339605064738592,-0.003950144240626252,-0.04931151545164651,-0.4082459214362903,0.41121327547332864,0.3682209548081046
928,7.71954149999965,130.00486870321603,252.9542127718897,30.601146017833926,59.541530083229425,-0.000126445078125001,0.2353846153846154,-0.35193808861110654,-0.34230649736703356,-0.000790028848126449,-0.0337143668156142,-0.28407342981376255,0.28606707614811683,0.49327603442921886
929,7.725744999999733,130.00366621144855,252.96440615928103,30.600862969771736,59.5439294498,-2.5289015625000203e-05,0.2353846153846154,-0.3522211366732968,-0.3447058639376053,-0.00015800576962478303,-0.03747541366058173,-0.31898961889392424,0.3211834111393718,0.1630386646102888
930,7.731350999999904,130.00263316663165,252.9733059770761,30.600619806914835,59.54602432998868,-5.057803125000041e-06,0.2353846153846154,-0.3524642995301974,-0.34680074412629125,-3.1601153926723606e-05,-0.042080971787645874,-0.3631370300460806,0.36556710844560497,0.043027781735861005
931,7.736783599999853,130.0017569244704,252.9809554310366,30.600413552990727,59.54782489376708,-1.0115606250000082e-06,0.2353846153846154,-0.3526705534543062,-0.348601307904687,-6.320230784837989e-06,-0.036960478887157956,-0.3221641809924443,0.3242774067277899,0.00952340786870991
932,7.740478099999564,130.00103432389105,252.98742254306188,30.600243463931278,59.5493471524438,-2.0231212500000166e-07,0.2353846153846154,-0.3528406425137547,-0.3501235665814093,-1.2640461547555615e-06,-0.03368851454098261,-0.2993202029362189,0.30121005942324913,0.0020358784981227597
933,7.752304599999661,130.00044168644152,252.9927929831776,30.600103966193156,59.55061127142488,-4.046242500000033e-08,0.2353846153846154,-0.3529801402518764,-0.3513876855624858,-2.528092270337732e-07,-0.026384659760725012,-0.23785493979319494,0.2393138580498706,0.0005025805976589943
934,7.756073299999571,129.9999730925088,252.9971568334409,30.599993666390535,59.5516384546407,-8.092485000000068e-09,0.2353846153846154,-0.35309044005449763,-0.3524148687783111,-5.056184376315238e-08,-0.021584915458176476,-0.19897303661927515,0.20014039541489878,4.748897834821664e-05
935,7.768345999999838,129.9996156180979,253.00061672300865,30.59990952241381,59.55245285941588,-1.6184970000000137e-09,0.2353846153846154,-0.3531745840312226,-0.3532292735534881,-1.011236710902821e-08,-0.013277187608071912,-0.12577150796560654,0.1264703756882321,1.957423044468539e-05
936,7.772937899999761,129.99934314402643,253.0032898619045,30.599845386209296,59.55308207518675,-3.2369940000000273e-10,0.2353846153846154,-0.353238720235737,-0.3538584893243595,-2.022473483505941e-09,-0.012290095480786932,-0.11920841954713003,0.11984028428642612,1.7390328986749814e-06
937,7.783086199999616,129.9991491404988,253.0052742171851,30.59979972076356,59.55354916189126,-6.473988000000055e-11,0.2353846153846154,-0.3532843856814729,-0.35432557602887016,-4.0449646370405367e-10,-0.00674293619237871,-0.06822093037432377,0.06855335534919367,6.648451111734355e-07
938,7.787499199999729,129.9990205309743,253.00666294516543,30.5997694480601,59.553876047092785,-1.294797600000011e-11,0.2353846153846154,-0.3533146583849316,-0.35465246123039407,-8.090333348043055e-11,-0.005575353220163111,-0.06004346976377026,0.060301764690615614,7.938807373958753e-08
939,7.7994761999998445,129.998942602226,253.00755944356675,30.59975110483166,59.55408706902417,-2.5895952000000225e-12,0.2353846153846154,-0.3533330016133718,-0.35486348316177896,-1.6183570567328717e-11,-0.002755124329724206,-0.033274199039478126,0.033388067206579136,2.720174660175951e-08
940,7.8039796999996724,129.9989231200389,253.0080467822784,30.599746519024542,59.554201781059376,-5.179190400000045e-13,0.2353846153846154,-0.3533375874204907,-0.3549781951969848,-3.2390495505197386e-12,-0.0014498045293705349,-0.022832574439830736,0.02287855740040869,2.8340416003061213e-09
941,7.8155356999996,129.99892969358393,253.0082029492317,30.59974806633591,59.554238540357616,-1.035838080000009e-13,0.2353846153846154,-0.3533360401091237,-0.3550149544952248,-6.490084787807275e-13,0.00013967915668686702,-0.006818254216638532,0.006819684804264921,1.0741906686336532e-09
942,7.81971379999959,129.9989656692456,253.00809321777666,30.599756534453192,59.55421271126128,-2.071676160000018e-14,0.2353846153846154,-0.3533275719918407,-0.3549891253988875,-1.3043183024431723e-13,0.0011533578356089187,0.0013402246266781782,0.0017681731665521768,1.1903076452985292e-10
943,7.831568299999617,129.99902043952818,253.00779112670978,30.599769426535094,59.55414160367169,-4.1433523200000364e-15,0.2353846153846154,-0.35331467990993914,-0.35491801780929677,-2.5579632159819013e-14,0.0016686969605563772,0.00877369985517422,0.008930977477009681,4.576191753251324e-11
944,7.836287699999957,129.99909135255783,253.00732650482198,30.599786118371306,59.554032238827325,-8.286704640000073e-16,0.2353846153846154,-0.35329798807372725,-0.3548086529649339,-5.177626731527447e-15,0.002559066368919879,0.015929188108016183,0.01613343901532159,
945,7.847607999999582,129.99916630127422,253.00676402976995,30.599803760146084,59.553899840853546,-1.6573409280000147e-16,0.2353846153846154,-0.35328034629894844,-0.35467625499115485,-0.45798461914062555,0.06559535933200634,0.14180030238208466,0.15623724562838937,
946,7.852094299999862,129.99925370300411,253.0061427591515,30.599824333168662,59.55375360330797,-3.314681856000029e-17,0.2353846153846154,-0.3532597732763705,-0.3545300174455761,-0.9857912597656248,0.23479108468923554,0.5231543270883011,0.5734259354099367,
947,7.863515399999869,130.01464496871978,252.97530583138945,30.603447200329423,59.54649506492706,-2.289923095703125,0.2353846153846154,-0.3496369061156095,-0.34727147906466627,-1.0913525878906247,0.23582297246636047,0.525959841764657,0.576408040793996,
948,7.868076399999609,130.03105839794165,252.93824250398995,30.60731066905396,59.537770927862255,-2.6390332031250003,0.2353846153846154,-0.3457734373910739,-0.33854734199986325,-1.112464853515624,0.18875747953498184,0.43222321236309585,0.4716421221497004,-4.7448265253383
949,7.8797099999997045,130.03148820178035,252.93640388771624,30.60741183826522,59.537338145877825,-0.527806640625,0.2353846153846154,-0.3456722681798112,-0.33811456001543405,-1.116687306640625,0.17748177704419874,0.4048820269288177,0.4420737912529474,
950,7.883127899999636,130.02809376065017,252.94303957056187,30.606612839045347,59.538900083532255,-0.10556132812500002,0.2353846153846154,-0.3464712673996857,-0.3396764976698634,-0.6595471781250001,0.08907397950978546,0.22735504263481549,0.24418126307558582,
951,7.9019115999999485,130.0239606960219,252.95134750860726,30.605639979217464,59.54085564433371,-0.021112265625000005,0.2353846153846154,-0.34744412722756834,-0.34163205847131906,-0.1319094356250016,-0.11010837545888714,-0.21543923934030396,0.2419461101024855,
952,7.909556899999643,130.0199061896305,252.95953563813814,30.604685610789947,59.54278300405405,-0.004222453125000001,0.2353846153846154,-0.3483984956550863,-0.3435594181916599,-0.026381887125002515,-0.12361131470093757,-0.24668333759313815,0.2759210506072061,15.151083887728028
953,7.915485199999694,130.01615742509318,252.96712161095056,30.603803209291165,59.54456862534683,-0.0008444906250000003,0.2353846153846154,-0.3492808971538679,-0.3453450394844353,-0.005276377425001555,-0.1079861980577742,-0.21847004600334397,0.24370100527424185,5.891868795408002
954,7.928990699999758,130.0127826424061,252.97395050771811,30.60300883736636,59.546176042585955,-0.00016889812500000005,0.2353846153846154,-0.3500752690786726,-0.3469524567235638,-0.00105527548499909,-0.10966538510945006,-0.2220397639152981,0.2476452168945835,1.353494801022954
955,7.933485799999744,130.00981034566013,252.9799835986092,30.60230920444,59.547596139364934,-3.377962500000001e-05,0.2353846153846154,-0.3507749020050319,-0.3483725535025428,-0.00021105509699802862,-0.11487018502359236,-0.23297842744166058,0.25975778537041666,0.17235132504579326
956,7.943597399999817,130.00722477269431,252.98522264525778,30.601700600341893,59.54882933034529,-6.7559250000000026e-06,0.2353846153846154,-0.35138350610314006,-0.3496057444829006,-4.2211019397816333e-05,-0.092116447551175,-0.1870133539974438,0.20846926507958338,0.0714439633166985
957,7.9470344999999725,130.00502198296851,252.98970242034764,30.601182097529513,59.54988380048183,-1.3511850000000005e-06,0.2353846153846154,-0.3519020089155198,-0.3506602146194382,-8.442203875500132e-06,-0.10128962323382643,-0.2057751850459195,0.22935347077280718,0.00902289510626434
958,7.95940789999986,130.003178103164,252.9934545052334,30.60074807659091,59.55076698353955,-2.702370000000001e-07,0.2353846153846154,-0.35233602985412205,-0.3515433976771618,-1.6884407733106292e-06,-0.07483154667990717,-0.15206717380976173,0.16948211035090227,0.0035881597462702752
959,7.96283749999975,130.00165283267577,252.99655545980443,30.600389051383683,59.55149690053858,-5.404740000000002e-08,0.2353846153846154,-0.3526950550613499,-0.3522733146761894,-3.376881528727288e-07,-0.07726620567306862,-0.15692324299025265,0.17491418104227804,0.0003205011092677009
960,7.975216799999998,130.00042465226073,252.99904731221673,30.600099956609064,59.55208344426025,-1.0809480000000005e-08,0.2353846153846154,-0.3529841498359687,-0.3528598583978564,-6.753762878514871e-08,-0.0488454209686148,-0.09913205201961536,0.11051261867868718,0.00014426120887964098
961,7.9783746999996765,129.99945384983278,253.00100923406004,30.599871444652948,59.552545250478744,-2.161896000000001e-09,0.2353846153846154,-0.3532126617920852,-0.3533216646163524,-1.3507522262330144e-08,-0.04514788659705659,-0.09175240067986358,0.10225866562154483,1.3159664255688552e-05
962,7.998139699999683,129.9987190532785,253.002506794599,30.599698484848634,59.55289775319022,-4.323792000000002e-10,0.2353846153846154,-0.35338562159639864,-0.3536741673278314,-2.701502094634803e-09,-0.027446911186496482,-0.055853821103415205,0.062233289046391686,5.981747519304624e-06
963,8.005617599999823,129.99819203138603,253.00360216251693,30.599574432003173,59.55315558594629,-8.647584000000005e-11,0.2353846153846154,-0.35350967444185954,-0.35393200008390124,-5.402969242273585e-10,-0.024773056484341163,-0.05063299610056259,0.05636847187653701,3.0604014138620635e-07
964,8.010864299999866,129.99783139407697,253.0043452122601,30.599489543528886,59.5533304884243,-1.729516800000001e-11,0.2353846153846154,-0.35359456291614677,-0.35410690256190946,-1.0805759544843537e-10,-0.01083959233032418,-0.022563250629230026,0.025031920438613412,1.2945571501253952e-07
965,8.015957899999648,129.99761534973993,253.004805632899,30.599438690015706,59.55343886435931,-3.459033600000002e-12,0.2353846153846154,-0.3536454164293268,-0.35421527849691614,-2.161029812683933e-11,-0.009234955144486107,-0.019337281135397906,0.0214292985939831,3.3779447424047995e-08
966,8.024674499999946,129.9975155622885,253.0050237348849,30.599415201584833,59.55349020221137,-6.918067200000004e-13,0.2353846153846154,-0.3536689048602,-0.3542666163489798,-4.320838662520128e-12,-0.005627790121677733,-0.011918639109697003,0.01318051515991892,6.5823372755683204e-09
967,8.029042599999684,129.99750205951744,253.00505537219777,30.59941202324026,59.55349764914809,-1.383613440000001e-13,0.2353846153846154,-0.35367208320477417,-0.35427406328570044,-8.623783354676785e-13,-0.001276361510118764,-0.0028162911090061117,0.003092021072887364,9.467725892670783e-10
968,8.039666399999987,129.99756734837547,253.00493739651625,30.599427391232997,59.55346987948767,-2.7672268800000018e-14,0.2353846153846154,-0.35365671521203623,-0.3542462936252804,-1.7125470424579665e-13,0.001305964071911905,0.002585276707028198,0.0028964111947420873,2.957653712608545e-10
969,8.044218799999726,129.99767522332434,253.0047019089435,30.599452783336343,59.55341444933593,-5.534453760000004e-15,0.2353846153846154,-0.35363132310869005,-0.3541908634735407,-3.246154381281223e-14,0.003923619595710278,0.007775334237077764,0.008709225753769121,3.258492899768846e-11
970,8.056507599999804,129.99782807707132,253.0044027111226,30.59948876275679,59.55334402277193,-1.1068907520000008e-15,0.2353846153846154,-0.3535953436882444,-0.35412043690953965,-5.271345914823422e-15,0.004596773006255453,0.009193623935738266,0.010278766615835693,1.1238735494116161e-11
971,8.060742299999674,129.99801506370142,253.00404180937244,30.599532776532794,59.553259072052285,-2.2137815040000018e-16,0.2353846153846154,-0.35355132991223925,-0.35403548618989333,-9.701747124418216e-16,0.005554649394295562,0.011250329753279682,0.01254687409082749,1.070813069548533e-12
972,8.078187299999627,129.9982105835523,253.0036425934564,30.599578798897692,59.55316510276743,-4.4275630080000036e-17,0.2353846153846154,-0.35350530754734066,-0.3539415169050386,-1.2468088491816618e-15,0.0058981465028961864,0.01175803913446554,0.013154452343493807,3.3080783987620656e-13
973,8.085647999999765,129.99840823670837,253.00323379899885,30.599625323409818,59.553068878841266,-8.855126016000008e-18,0.2353846153846154,-0.35345878303521516,-0.3538452929788747,-1.3021356765296298e-15,0.007044860286298949,0.014083767972393956,0.015747462549684055,-8.334565054721291e-15
974,8.092042599999786,129.99860642319078,253.00283405399776,30.599671973458754,59.55297478501794,-1.7710252032000018e-18,0.2353846153846154,-0.3534121329862785,-0.3537511991555462,-1.3132010419992233e-15,0.006129550468583989,0.012399775404589676,0.013832057657166748,-3.185603838128383e-15
975,8.09743219999973,129.9988047430047,253.00243657136076,30.599718654891877,59.552881223720306,-3.542050406400004e-19,0.2353846153846154,-0.3533654515531559,-0.35365763785791415,-1.3154141150931422e-15,0.008074703872370116,0.016268772742434354,0.018162428504234888,-7.331882360573037e-16
976,8.104995400000007,129.99899165205977,253.00206254249838,30.599762650407914,59.55279318308039,-7.084100812800008e-20,0.2353846153846154,-0.3533214560371185,-0.35356959721799797,-1.3158567297119258e-15,0.007478342179894092,0.014990993727330646,0.016752775730978133,-1.6535969537000334e-16
977,8.108281599999827,129.9991642643333,253.00171726526327,30.59980328068153,59.5527119101312,-1.4168201625600016e-20,0.2353846153846154,-0.35328082576350184,-0.3534883242688096,-1.3159452526356826e-15,0.007993669688240149,0.016341962322572044,0.018192264499975082,-2.900434292081532e-17
978,8.119680999999673,129.99932185831966,253.00140206411857,30.599840375881396,59.55263771663098,-2.8336403251200034e-21,0.2353846153846154,-0.3532437305636371,-0.3534141307685914,-1.315962957220434e-15,0.006679310694218748,0.013811839945583807,0.015342102660076599,-9.874976578463156e-18
979,8.122803399999611,129.99945280955063,253.00111727018003,30.599871199786534,59.5525706805193,-5.6672806502400075e-22,0.2353846153846154,-0.3532129066584986,-0.35334709465691105,-1.3159664981373842e-15,0.007049457777557731,0.014652088405563564,0.01625972169509735,-9.142878610289947e-19
980,8.135515099999793,129.99956565600093,253.00086296622663,30.599897762104835,59.55251082128104,-1.1334561300480016e-22,0.2353846153846154,-0.35318634434019813,-0.35328723541864804,-1.3159672063207741e-15,0.004920749653439295,0.01035921735876921,0.011468529175009682,-4.107810083427733e-19
981,8.138840299999629,129.99967397625608,253.00063917295313,30.59992325902643,59.552458143787426,-2.2669122600960033e-23,0.2353846153846154,-0.35316084741860365,-0.35323455792503466,-1.315967347957452e-15,0.004478691565648262,0.00953636120893079,0.010535694720682106,-3.348949141496003e-20
982,8.151940299999751,129.99976972087066,253.000457339625,30.59994579583571,59.552415343019426,-4.533824520192007e-24,0.2353846153846154,-0.35313831060932444,-0.35319175715703466,-1.3159673762847876e-15,0.0033679264531996642,0.007039630915692584,0.007803802408014754,-1.5039241904652224e-20
983,8.167660299999625,129.9998394333915,253.000297440375,30.599962205090613,59.55237770519596,-9.067649040384014e-25,0.2353846153846154,-0.35312190135442023,-0.353154119333567,-1.3159673819502547e-15,0.003138538310493605,0.006479707718533968,0.007199794083448827,-9.505540389419242e-22
984,8.17110569999977,129.99990263788888,253.00016591282812,30.59997708245692,59.55234674563493,-1.813529808076803e-25,0.2353846153846154,-0.35310702398811245,-0.3531231597725366,-1.3159673830833483e-15,0.0022146049200348983,0.004385872472506483,0.004913283250224121,-2.3579092792248473e-22
985,8.18362419999994,129.99995277128863,253.00006436639063,30.59998888308794,59.5523228431658,-3.627059616153606e-26,0.2353846153846154,-0.3530952233570943,-0.3530992573034055,-1.315967383309967e-15,0.002005020406119189,0.003990595066553082,0.004465977587735093,-1.1983253876035687e-22
986,8.187243299999864,129.99999963691397,252.99998175932228,30.599999914535136,59.55230339873278,-7.254119232307212e-27,0.2353846153846154,-0.3530841919098968,-0.3530798128703907,-1.3159673833552907e-15,0.0021927833243571724,0.004152182989850095,0.004695627997273567,-1.045817716506672e-23
987,8.199356399999942,130.0000342415039,252.999915331188,30.600008059923226,59.55228776257194,-1.4508238464614425e-27,0.2353846153846154,-0.3530760465218066,-0.3530641767095517,-1.3159673833643553e-15,0.0014051947350733156,0.002495131691087547,0.002863608632363572,-4.585340738824612e-24
988,8.203100799999902,130.00006578083497,252.99986439187904,30.60001548379654,59.5522757722423,-2.901647692922885e-28,0.2353846153846154,-0.35306862264849315,-0.3530521863799052,-1.3159673833661683e-15,0.0012699579304077959,0.0023376940617826376,0.002660377167151203,-4.209397318072304e-25
989,8.215070799999921,130.00008510975954,252.9998287688682,30.600020033528015,59.5522673871336,-5.80329538584577e-29,0.2353846153846154,-0.353064072917018,-0.3530438012712054,-1.315967383366531e-15,0.0006651575778991426,0.0012834616327735769,0.0014455823623157795,-1.7714829861923608e-25
990,8.219339299999774,130.00008994199067,252.99980841902368,30.60002117096088,59.55226259709327,-1.1606590771691541e-29,0.2353846153846154,-0.3530629354841537,-0.35303901123087655,-1.3159673833666034e-15,0.0005340962396357805,0.0010397266397851749,0.001168884202422144,-1.616434496299828e-26
991,8.231129999999666,130.00009115004843,252.99980333156256,30.600021455319094,59.55226139958319,-2.3213181543383084e-30,0.2353846153846154,-0.3530626511259385,-0.3530378137207961,-1.315967383366618e-15,0.00013786517234323767,0.0003549313767863388,0.00038076644806584077,-6.286554373369455e-27
992,8.23527809999996,130.0000914520629,252.9998020596973,30.60002152640865,59.55226110020567,-4.642636308676617e-31,0.2353846153846154,-0.3530625800363829,-0.3530375143432778,-1.3159673833666207e-15,6.205436993836733e-05,0.00018416353214729166,0.0001943372105424339,-6.511531110597655e-28
993,8.24708709999959,130.0000915275665,252.99981318582275,30.600021544181036,59.55226371912443,-9.285272617353234e-32,0.2353846153846154,-0.3530625622639967,-0.3530401332620414,-1.3159673833666213e-15,-2.046084865689485e-05,-4.2049469944758784e-05,4.676327886702908e-05,-2.385701220169296e-28
994,8.251357199999802,130.0000915464424,252.99981596735412,30.600021548624134,59.55226437385412,-1.857054523470647e-32,0.2353846153846154,-0.35306255782089835,-0.35304078799173055,-1.3159673833666213e-15,-4.612685667286531e-05,-0.00014703394521994992,0.000154099539108533,-1.6700417165842286e-29
995,8.269786799999565,130.00008010706958,252.99981666273698,30.60001885597176,59.55226453753655,-3.714109046941294e-33,0.2353846153846154,-0.3530652504732714,-0.35304095167415994,-1.3159673833666213e-15,-5.5501519262370735e-05,-0.00028082078131457243,0.0002862529124018797,0.0
996,8.276246299999912,130.0000772472264,252.99982828067448,30.60001818280867,59.5522672722203,-7.428218093882589e-34,0.2353846153846154,-0.35306592363636113,-0.35304368635790695,-1.3159673833666213e-15,-5.72723050642257e-05,-0.000360068661411935,0.00036459506011238333,0.0
997,8.281905899999856,130.00007653226558,252.99984262925065,30.6000180145179,59.55227064965438,-1.485643618776518e-34,0.2353846153846154,-0.3530660919271327,-0.35304706379199047,-1.3159673833666213e-15,-5.773154306976968e-05,-0.00041483936784558365,0.0004188372382916067,0.0
998,8.28763089999984,130.00007635352537,252.9998576604865,30.600017972445205,59.55227418777606,-2.9712872375530364e-35,0.2353846153846154,-0.3530661339998282,-0.3530506019136652,-1.3159673833666213e-15,-0.00017281074483973776,-0.0006050964917798265,0.0006292895342338997,0.0
999,8.29600739999978,130.00007630884033,252.99987286238724,30.600017961927033,59.55227776606961,-5.942574475106073e-36,0.2353846153846154,-0.35306614451799945,-0.35305418020721646,-1.3159673833666213e-15,-0.000212317617579319,-0.0005847699896845209,0.0006221211389835525,0.0
1000,8.29974459999994,130.00006485357727,252.99988810695424,30.600015265534342,59.552281354406155,-1.1885148950212146e-36,0.2353846153846154,-0.3530688409106908,-0.3530577685437635,-1.3159673833666213e-15,-0.00041432397366011106,-0.0006766497640047141,0.0007934224967047126,0.0
1001,8.3109058,130.0000505456697,252.99990336218778,30.60001189767302,59.55228494525343,-2.3770297900424293e-37,0.2353846153846154,-0.3530722087720122,-0.35306135939104166,-1.3159673833666213e-15,-0.0004213346958933569,-0.0005875056447083514,0.0007229701297617511,0.0
1002,8.314306299999771,130.000035524601,252.99991862008795,30.600008361944543,59.5522885367284,-4.754059580084859e-38,0.2353846153846154,-0.3530757445004902,-0.3530649508660062,-1.3159673833666213e-15,-0.0004257902843246946,-0.0005785682630734457,0.000718358268039791,0.0
1003,8.335152499999822,130.00003176933384,252.99993387865482,30.60000747801243,59.552292128360286,-9.508119160169719e-39,0.2353846153846154,-0.35307662843260346,-0.3530685424978941,-1.3159673833666213e-15,-0.00028319005133092806,-0.000497051499491421,0.0005720636313553622,0.0
1004,8.34454259999984,130.00003083051706,252.9999491373883,30.6000072570294,59.5522957200314,-1.901623832033944e-39,0.2353846153846154,-0.35307684941563267,-0.35307213416901106,-1.3159673833666213e-15,-0.00022327704535210098,-0.00046108065850386103,0.0005122968013051792,0.0
1005,8.351042399999642,130.00003059581286,252.99996439616348,30.600007201783644,59.552299311712325,-3.803247664067888e-40,0.2353846153846154,-0.3530769046613891,-0.3530757258499335,-1.3159673833666213e-15,-1.549581113379195e-05,-0.0002610445018633371,0.00026150401931093135,0.0
1006,8.357371499999772,130.0000305371368,252.99996821085728,30.600007187972203,59.55230020963256,-7.606495328135777e-41,0.2353846153846154,-0.35307691847282996,-0.35307662377017124,-1.3159673833666213e-15,-7.060721941501966e-06,-0.00022953910248858894,0.0002296476722407657,0.0
1007,8.36138149999988,130.0000305224678,252.99996916453074,30.60000718451934,59.552300434112624,-1.5212990656271555e-41,0.2353846153846154,-0.35307692192569107,-0.35307684825023244,-1.3159673833666213e-15,-2.3581312298147305e-06,-0.0001533086914754369,0.00015332682630514376,0.0
1008,8.365182399999867,130.00003051880054,252.9999694029491,30.60000718365613,59.55230049023263,-3.042598131254311e-42,0.2353846153846154,-0.35307692278890457,-0.35307690437024064,-1.3159673833666213e-15,-6.586866878578584e-07,-4.282305509940228e-05,4.282812062417875e-05,0.0
1009,8.375625599999694,130.00003051788372,252.99996946255368,30.600007183440322,59.55230050426263,-6.085196262508623e-43,0.2353846153846154,-0.3530769230047106,-0.3530769184002409,-1.3159673833666213e-15,-2.2260403635941492e-07,-1.447211018902584e-05,1.4473822089562557e-05,0.0
1010,8.398237699999754,130.00003051765452,252.99996947745484,30.60000718338637,59.55230050777014,-1.2170392525017247e-43,0.2353846153846154,-0.3530769230586621,-0.35307692190774986,-1.3159673833666213e-15,-5.050243229868389e-08,-9.190559995118873e-05,9.190561382681478e-05,0.0
1011,8.40573329999961,130.00003051759722,252.99996948118013,30.600007183372885,59.552300508647015,-2.4340785050034497e-44,0.2353846153846154,-0.3530769230721482,-0.35307692278462355,-1.3159673833666213e-15,-5.114000987808994e-09,-0.00022132642247019705,0.00022132642252927948,0.0
1012,8.411812499999996,130.0000305175829,252.99998092620325,30.600007183369513,59.55230320262938,-4.8681570100068996e-45,0.2353846153846154,-0.35307692307551974,-0.3530796167669905,-1.3159673833666213e-15,-9.869865184286558e-10,-0.0003194814776698776,0.00031948147767140215,0.0
1013,8.416899999999714,130.00003051757932,252.99999523155083,30.60000718336867,59.55230656988812,-9.7363140200138e-46,0.2353846153846154,-0.35307692307636174,-0.35308298402572547,-1.3159673833666213e-15,-0.00014932633367910114,-0.000517773999994103,0.000538876858846189,0.0
1014,8.424084399999629,130.0000305175784,253.00001025197952,30.600007183368458,59.55231010546595,-1.94726280400276e-46,0.2353846153846154,-0.3530769230765749,-0.35308651960355775,-1.3159673833666213e-15,-0.00020492525961100946,-0.0005325191774161842,0.0005705883247514351,0.0
1015,8.427692299999762,130.00001907348638,253.0000254511785,30.600004489605258,59.55231368312355,-3.89452560800552e-47,0.2353846153846154,-0.35307961683977496,-0.35309009726115903,-1.3159673833666213e-15,-0.0004107444600093354,-0.0004569065333795862,0.000614389609021272,0.0
1016,8.439804699999968,130.00000476837158,253.00002925097823,30.600001122401313,59.552314577537956,-7.78905121601104e-48,0.2353846153846154,-0.35308298404371996,-0.3530909916755647,-1.3159673833666213e-15,-0.0004691203201304489,-0.00032544484978295417,0.0005709537853535472,0.0
1017,8.443240299999616,129.9999897480011,253.00003020092817,30.599997586837183,59.552314801141556,-1.557810243202208e-48,0.2353846153846154,-0.3530865196078494,-0.3530912152791643,-1.3159673833666213e-15,-0.0005199826142238715,-0.00022781582715955347,0.0005676988375886313,0.0
1018,8.455497599999944,129.99997454881668,253.00003043841565,30.599994009183003,59.552314857042454,-3.115620486404416e-49,0.2353846153846154,-0.35309009726202945,-0.35309127118006245,-1.3159673833666213e-15,-0.0003727949499144376,-2.952569028363185e-05,0.00037396235247472837,0.0
1019,8.459014599999591,129.99997074902058,253.00003049778752,30.599993114769457,59.55231487101768,-6.231240972808833e-50,0.2353846153846154,-0.35309099167557534,-0.353091285155287,-1.3159673833666213e-15,-0.0003182328337398185,-1.4773321576982163e-05,0.0003185755601117134,0.0
1020,8.47993009999982,129.99996979907155,253.00003051263047,30.599992891166075,59.55231487451148,-1.2462481945617667e-50,0.2353846153846154,-0.35309121527895826,-0.35309128864908956,-1.3159673833666213e-15,-0.00011272737461158984,-1.7613667943713873e-06,0.0001127411344621209,0.0
1021,8.490709599999718,129.9999695615843,253.0000305163412,30.599992835265226,59.55231487538493,-2.4924963891235334e-51,0.2353846153846154,-0.35309127117980665,-0.35309128952253843,-1.3159673833666213e-15,-5.445145428022229e-05,-8.508047072688113e-07,5.445810079208647e-05,0.0
1022,8.49961519999988,129.99996950221248,253.0000305172689,30.599992821290016,59.552314875603294,-4.984992778247067e-52,0.2353846153846154,-0.353091285155017,-0.3530912897409024,-1.3159673833666213e-15,-3.6215379255057454e-06,-5.658659978168588e-08,3.621979981881638e-06,0.0
1023,8.50660469999957,129.99996948736953,253.00003051750082,30.599992817796213,59.552314875657885,-9.969985556494134e-53,0.2353846153846154,-0.35309128864881956,-0.3530912897954934,-1.3159673833666213e-15,-1.4921490458591714e-06,-2.3314847680104583e-08,1.4923311821377927e-06,0.0
1024,8.511999099999684,129.9999694836588,253.0000305175588,30.59999281692276,59.552314875671534,-1.993997111298827e-53,0.2353846153846154,-0.353091289522272,-0.35309128980914295,-1.3159673833666213e-15,-4.572638239654452e-07,-7.145086838775567e-09,4.5731964420242796e-07,0.0
1025,8.516978499999823,129.9999694827311,253.0000305175733,30.599992816704397,59.552314875674945,-3.987994222597654e-54,0.2353846153846154,-0.35309128974063597,-0.35309128981255355,-1.3159673833666213e-15,-1.439858671538955e-07,-2.2500841731325623e-09,1.4400344724639556e-07,0.0
1026,8.521757699999853,129.99996948249918,253.00003051757693,30.59999281664981,59.552314875675805,-7.975988445195309e-55,0.2353846153846154,-0.3530912897952234,-0.3530912898134133,-1.3159673833666213e-15,-4.408102368951409e-08,-6.889905814782638e-10,4.4086407854767075e-08,0.0
1027,8.5265116999999,129.9999694824412,253.00003051757784,30.59999281663616,59.55231487567602,-1.5951976890390619e-55,0.2353846153846154,-0.35309128980887294,-0.3530912898136265,-1.3159673833666213e-15,-1.1746014098505808e-08,-1.8373546465274052e-10,1.1747451039407161e-08,0.0
1028,8.536535999999614,129.9999694824267,253.00003051757807,30.59999281663275,59.55231487567607,-3.190395378078124e-56,0.2353846153846154,-0.35309128981228355,-0.3530912898136762,-1.3159673833666213e-15,-2.9789358108992915e-09,-4.674686636565063e-11,2.979302575263752e-09,0.0
1029,8.540054899999632,129.99996948242307,253.00003051757812,30.599992816631893,59.55231487567608,-6.380790756156248e-57,0.2353846153846154,-0.35309128981313975,-0.3530912898136904,-1.3159673833666213e-15,-6.975587755279559e-10,-1.076776064652058e-11,6.976418780329933e-10,0.0
1030,8.552038999999695,129.99996948242216,253.00003051757812,30.599992816631676,59.55231487567608,-1.2761581512312497e-57,0.2353846153846154,-0.35309128981335647,-0.3530912898136904,-1.3159673833666213e-15,-1.2349807920361836e-10,-1.8000357527101907e-12,1.2351119664100996e-10,0.0
1031,8.555593099999896,129.99996948242193,253.00003051757812,30.599992816631623,59.55231487567608,-2.5523163024624995e-58,0.2353846153846154,-0.35309128981340976,-0.3530912898136904,-1.3159673833666213e-15,-5.5451330168854005e-11,-8.076873292865438e-13,5.545721212175337e-11,0.0
1032,8.567941699999665,129.99996948242188,253.00003051757812,30.599992816631612,59.55231487567608,-5.104632604925e-59,0.2353846153846154,-0.3530912898134204,-0.3530912898136904,-1.3159673833666213e-15,-6.788168579339738e-12,4.13718594885893e-05,4.137185948858986e-05,0.0
1033,8.571652899999663,129.99996948242188,253.00003051757812,30.599992816631612,59.55231487567608,-1.020926520985e-59,0.2353846153846154,-0.3530912898134204,-0.3530912898136904,-1.3159673833666213e-15,-3.171450854926803e-12,0.00017373830947503907,0.0001737383094750391,0.0
1034,8.584675099999913,129.99996948242188,253.00001907348633,30.599992816631612,59.55231218191294,-2.04185304197e-60,0.2353846153846154,-0.3530912898134204,-0.3530885960505472,-1.3159673833666213e-15,-1.726210426542515e-13,0.0002470590781499755,0.0002470590781499755,
1035,8.58976279999979,129.99996948242188,253.00000476837158,30.599992816631612,59.552308814709,-4.0837060839400005e-61,0.2353846153846154,-0.3530912898134204,-0.3530852288466093,-0.4820458984375014,0.02230811565562932,-0.17847292589110814,0.1798617171613735,
1036,8.599406899999849,129.99996948242188,252.9999897480011,30.599992816631612,59.552305279144875,-8.167412167880001e-62,0.2353846153846154,-0.3530912898134204,-0.3530816932824834,-0.578455078125002,0.03358950137054688,-0.2680311734869634,0.2701276819637718,
1037,8.615611899999749,130.00764846801758,253.06150943040848,30.6018003317026,59.56678606592692,-2.4102294921875003,0.2353846153846154,-0.3512837747424342,-0.3675624800645281,-1.0797828125000017,0.06184172117877694,-0.49444906805846855,0.4983013941203071,
1038,8.619563699999617,130.00859546661377,253.06902725994587,30.602023240602932,59.56855564734111,-0.48204589843750006,0.2353846153846154,-0.3510608658421006,-0.36933206147871545,-1.6620942578125026,0.1509463393833685,-1.2097107185036116,1.2190918012339198,
1039,8.631170999999995,130.01556134223938,253.1248427219689,30.603662900557886,59.58169374840191,-2.5066386718750002,0.2353846153846154,-0.34942120588714687,-0.38247016253951927,-2.260602445312502,0.17706986357753626,-1.4195747234254787,1.430575454834834,
1040,8.635150499999781,130.023093521595,253.18529393244535,30.605435859698517,59.59592303332944,-2.9115572265625005,0.2353846153846154,-0.34764824674651607,-0.39669944746705,-2.380304082812502,0.22224385191247964,-1.7821185896515264,1.7959228817781796,
1041,8.647391299999981,130.02988608181477,253.2398430753965,30.607034723873323,59.60876306236256,-2.9925409375000003,0.2353846153846154,-0.34604938257171014,-0.4095394765001714,-2.7097082775000016,0.21660866700573408,-1.7787820988891325,1.7919221718452027,
1042,8.651434099999733,130.035681206733,253.2863249045913,30.608398807123304,59.61970416984995,-3.0087376796875005,0.2353846153846154,-0.3446852993217284,-0.42048058398756183,-2.7755891164375033,0.22978405695296977,-1.8996976930963805,1.9135443653036832,-16.373875659329865
1043,8.66322749999972,130.03709565568715,253.3079246099369,30.60873174664636,59.62478840818515,-2.1290668718750005,0.2353846153846154,-0.3443523597986733,-0.4255648223227553,-2.845352198287502,0.17749198943698954,-1.310429111787419,1.3223947456543619,-10.857561063795618
1044,8.667153599999892,130.04055061680265,253.33688792128305,30.6095449913397,59.63160592608663,-2.8360428665625004,0.2353846153846154,-0.3435391151053331,-0.4323823402242368,-2.8860321095793773,0.1983214009644866,-1.3845528666485802,1.3986843884970326,-6.372642390060687
1045,8.6794246999998,130.05014619912254,253.3696948501938,30.611803643793458,59.63932817243023,-3.2603726358125003,0.2353846153846154,-0.3412804626515751,-0.44010458656784124,-2.9208953867596277,0.13989508191008238,-0.9194432996960464,0.9300250616508045,
1046,8.683585499999936,130.05429604074743,253.3947880619137,30.612780452668243,59.64523472841968,-3.1959404939593754,0.2353846153846154,-0.3403036537767896,-0.446011142557289,-3.1311773683675526,0.1534414908750752,-1.032242801311864,1.043584923224809,
1047,8.69534449999992,130.05655801897592,253.41381008310537,30.613312887543564,59.64971221956173,-3.1830540655887503,0.2353846153846154,-0.33977121890146833,-0.45048863369933656,-3.018453491251637,0.10186256238092023,-0.6581880885820565,0.6660236794334777,
1048,8.698640399999931,130.05790171177523,253.42774375002438,30.613629172156323,59.652991990390355,-3.1804767799146254,0.2353846153846154,-0.3394549342887103,-0.4537684045279633,-2.4572759033284557,-0.024214783575314036,0.11501487409092415,0.11753627952998356,
1049,8.711677399999644,130.05509050973092,253.4203323913635,30.612967458444356,59.65124747058248,-2.2724234809829253,0.2353846153846154,-0.3401166480006772,-0.4520238847200915,-2.1635328173844446,-0.08837227608858918,0.4806446061726708,0.4887012345226474,
1050,8.716109899999992,130.04668583544054,253.35938226165922,30.61098912741908,59.6369007477444,-0.4544846961965851,0.2353846153846154,-0.3420949790259513,-0.4376771618820072,-1.5960110068362667,-0.19540162481887252,1.2892271113322655,1.3039510495321491,
1051,8.727809099999831,130.04241028942653,253.33907499656715,30.609982729665013,59.632120729961194,-1.7272250642393172,0.2353846153846154,-0.3431013767800195,-0.43289714409880276,-1.3009990763672556,-0.226913393803371,1.5405463928296927,1.5571682236508495,
1052,8.73152859999982,130.03466949740545,253.28120658483516,30.608160666312358,59.618499396122736,-0.34544501284786344,0.2353846153846154,-0.34492344013267484,-0.4192758102603449,-1.3967769637109528,-0.26019731150074427,1.3461230544685168,1.3710397217746337,-0.7225172217949059
1053,8.743253399999958,130.0316013343123,253.26818143746857,30.607438467922744,59.615433476819526,-1.7054171275695729,0.2353846153846154,-0.3456456385222886,-0.4162098909571341,-1.415932541179692,-0.19391507998405783,0.8692675435412349,0.8906341114618485,-9.500989791132266
1054,8.746677099999943,130.02844247835347,253.2803746745527,30.606694921827817,59.618303577240866,-2.751312917701415,0.2353846153846154,-0.346389184617216,-0.4190799913784744,-1.4197636566734386,-0.1953635365479422,0.8613481304882866,0.8832256298976982,-9.71840181513499
1055,8.759101399999963,130.0223770380454,253.23538068646045,30.60526721049376,59.60771268465915,-0.550262583540283,0.2353846153846154,-0.3478168959512722,-0.4084890987967569,-1.7477955047721876,-0.10855298366751412,0.11189709511151193,0.15589967978643937,-15.672903783745063
1056,8.762466299999687,130.02104378343714,253.23010600535534,30.604953382870587,59.60647110587595,-1.7463806417080567,0.2353846153846154,-0.34813072357444597,-0.4072475200135557,-1.8134018743919376,-0.13721151173281565,-0.033444147230078186,0.14122857336938496,-11.300734362645994
1057,8.775213599999915,130.0180211082128,253.23471537462984,30.604241891625474,59.60755608048979,-1.9856042533416116,0.2353846153846154,-0.3488422148195589,-0.40833249462740184,-1.6604660194096383,-0.09297589247093666,0.11490656453864859,0.14781080865363597,
1058,8.778645499999584,130.01503384150632,253.24149821011252,30.60353873500072,59.609152655611105,-2.0334489756683225,0.2353846153846154,-0.3495453714443144,-0.40992906974871346,-1.957144473413179,-0.09324368724640025,-0.13969534302813838,0.16795586942722115,
1059,8.791261200000008,130.01524832854065,253.24667292288945,30.6035892219488,59.61037070338782,-1.9866336427899147,0.2353846153846154,-0.34949488449623445,-0.41114711752543087,-2.0164801642138874,-0.08182607464124547,-0.23694036492373902,0.2506715839926602,
1060,8.794790599999942,130.01350522788712,253.25297911329073,30.60317892287189,59.61185508358997,-2.0336548535579833,0.2353846153846154,-0.34990518357314215,-0.4126314977275811,-2.0283473023740295,-0.09291497750380864,-0.2961221331717151,0.31035706983843664,-2.753318174035686
1061,8.807007999999769,130.01162749715732,253.259064633059,30.60273693394626,59.613287521320046,-2.043059095711597,0.2353846153846154,-0.3503471724987719,-0.41406393545765496,-2.030720730006058,-0.05662327322457089,-0.22109482993251967,0.22823040746919374,
1062,8.810422299999573,130.01001365529518,253.26459144512998,30.60235706040025,59.61458844785367,-2.0449399441423193,0.2353846153846154,-0.35072704604478133,-0.41536486199127864,-1.7152066460012134,-0.09521941579328104,0.4185398804761881,0.4292346312834457,
1063,8.823213399999986,130.0087404438531,253.26948648432938,30.60205736601465,59.615740664772915,-2.045316113828464,0.2353846153846154,-0.35102674043038107,-0.41651707891052325,-1.6521038292002437,-0.07524710841721548,0.5109885003715554,0.516499152794197,
1064,8.826531999999588,130.0060761021742,253.2257578515511,30.601430220973313,59.6054476173651,-0.40906322276569285,0.2353846153846154,-0.3516538854717197,-0.4062240315027097,-1.3122176408400492,-0.07387359220411138,0.6534258007890004,0.6575884615486237,
1065,8.839220499999556,130.00519257901036,253.22351175903034,30.60122225321321,59.60491892174099,-1.7181407695531388,0.2353846153846154,-0.3518618532318243,-0.4056953358785975,-0.9169747781680098,-0.07608638764558362,1.2956982136042803,1.2979302751389525,
1066,8.855240099999719,130.00319786399086,253.18302179962086,30.60075272798554,59.59538820821845,-0.3436281539106278,0.2353846153846154,-0.3523313784594926,-0.39616462235606065,-0.5106605806336003,-0.07731542295426502,1.4631737796269657,1.465215064082559,
1067,8.858952399999907,130.0012686737614,253.13838392890912,30.600298626285372,59.58488114018938,-0.06872563078212555,0.2353846153846154,-0.3527854801596604,-0.3856575543269898,,-0.011925177277830053,0.4180933128361503,0.4182633477743594,
1068,8.87171699999999,129.99966485520793,253.0978589216804,30.59992111207202,59.575342176949384,-0.013745126156425112,0.2353846153846154,-0.3531629943730117,-0.37611859108699264,,-0.010558354539426135,0.48615425548832225,0.4862688957562319,
1069,8.875308700000005,130.00177015667308,253.13026535908222,30.60041666764766,59.5829701537532,-2.29267212093441,0.2353846153846154,-0.35266743879737206,-0.3837465678908103,,0.003065911151252115,0.15941890379149537,0.15944838254830127,
1070,8.887996199999634,130.00125506968584,253.10967663029788,30.600295424095282,59.57812388374704,-0.45853442418688206,0.2353846153846154,-0.35278868234975036,-0.3789002978846483,,0.024949984332931587,-0.32391137520816776,0.3248708677420306,
1071,8.891795999999886,130.00188160799763,253.12644488389282,30.600442901574826,59.58207087267016,-1.6716507324936265,0.2353846153846154,-0.35264120487020634,-0.3828472868077668,,0.020307397149095366,-0.12485029641619677,0.12649105460143528,
1072,8.904387399999905,130.0011913797826,253.10431553615877,30.600280432471905,59.57686196466506,-0.33433014649872533,0.2353846153846154,-0.35280367397312773,-0.37763837880267204,-0.5089509076677865,-0.010100850441718597,0.3982637698807337,0.3983918392478189,
1073,8.908167599999615,130.00034362131282,253.07632989111977,30.600080883170556,59.57027457437127,-0.06686602929974507,0.2353846153846154,-0.3530032232744773,-0.37105098850887686,,0.02414250134320737,-0.20550226797868698,0.20691554440276072,
1074,8.920521199999712,129.99960525347274,253.05051939294594,30.599907082740508,59.56419918018574,-0.013373205859949014,0.2353846153846154,-0.3531770237045251,-0.36497559432334725,,0.02821245219694099,-0.20952346289663848,0.2114143419050934,
1075,8.92455149999978,130.0023732371963,253.0956681783146,30.60055862352467,59.574826509664824,-2.292597736875115,0.2353846153846154,-0.35252548292036323,-0.37560292380243254,,0.027730743402086373,-0.12196752505338632,0.1250802594228233,
1076,8.936593299999913,130.00539982785375,253.14983638661965,30.601271036402498,59.58757687254278,-2.639568131359398,0.2353846153846154,-0.35181307004253526,-0.3883532866803918,,0.046172012065378305,-0.6106496061578904,0.6123926813727872,
1077,8.94009129999995,130.0051722836236,253.13718291257288,30.601217475991405,59.584598439421,-0.5279136262718797,0.2353846153846154,-0.3518666304536282,-0.38537485355860923,,0.07476509655630242,-1.218791705262209,1.2210827328559832,
1078,8.952735799999573,130.00728977500745,253.17482917540883,30.60171590088637,59.59345979051931,-2.286631309238751,0.2353846153846154,-0.3513682055586642,-0.3942362046569201,,0.053064562845906334,-0.8819312280433536,0.8835261958923939,
1079,8.956983599999603,130.00961587026552,253.22082750259244,30.602263427924036,59.60428708907176,-2.5393697188790005,0.2353846153846154,-0.3508206785209964,-0.40506350320936946,,0.07792158188352269,-1.279152640614485,1.2815238003697944,
1080,8.968173299999762,130.01214288968552,253.26611004337272,30.602858249418283,59.614945902516965,-2.797797039478925,0.2353846153846154,-0.35022585702675,-0.4157223166545734,-2.7195548479768252,0.09098836720478,-1.6127379230263386,1.615302600547,
1081,8.971876699999939,130.0150291306245,253.3140174400424,30.60353762613161,59.62622256665613,-2.9697889000832856,0.2353846153846154,-0.34954648031342117,-0.42699898079374066,-2.8644419754547394,0.11070711426086237,-1.919365554184461,1.9225556417793974,
1082,8.984211399999822,130.01765041009753,253.356801784327,30.604154634992188,59.63629334308005,-3.0041872722041574,0.2353846153846154,-0.3489294714528448,-0.43706975721765673,-2.959056607981571,0.09219988822018156,-1.5260749884633458,1.528857642097921,
1083,8.988022599999567,130.01988501463376,253.392972418738,30.604680626521485,59.6448073539491,-3.0110669466283317,0.2353846153846154,-0.34840347992354737,-0.4455837680867063,-3.002040813783812,0.09798629288144634,-1.5982234803168505,1.6012244085788707,-6.555370935168339
1084,9.00001069999962,130.02173684814085,253.42263733075873,30.605116519639306,59.65179001785552,-3.0124428815131665,0.2353846153846154,-0.34796758680572637,-0.4525664319931266,-3.0106376549442593,0.066134380173826,-1.065961902937991,1.0680114862472965,-0.5367307365930167
1085,9.00425869999981,130.02321833068754,253.44633850139087,30.60546523783876,59.657368908788925,-3.0127180684901336,0.2353846153846154,-0.347618868606272,-0.45814532292653354,-2.966520841535723,0.05961364103731473,-1.0094446749970314,1.0112034108316625,3.4832629056412836
1086,9.015547699999843,130.0243783436582,253.46473785410748,30.605738287045703,59.661699833351456,-3.012773105885527,0.2353846153846154,-0.3473458193993295,-0.46247624748906446,-2.9576974788540182,0.03433273407787819,-0.6018601801123576,0.6028386293479723,3.8476632235659403
1087,9.020239899999979,130.02472556735987,253.4753801727554,30.60582001816317,59.66420487143319,-2.7836032051614805,0.2353846153846154,-0.3472640882818645,-0.46498128557080065,-2.955932806317679,0.03204987445428733,-0.5561951446751765,0.557117791326732,1.107659280596392
1088,9.031515099999979,130.02528158104894,253.48476987839393,30.60595089523152,59.666415063683495,-2.9669501332197963,0.2353846153846154,-0.3471332112135137,-0.46719147782110326,-2.9315185925135356,-0.03684737757438946,-0.2974798396748001,0.29975320556593615,-8.404965103238505
1089,9.03595819999964,130.02575246313333,253.4914546155946,30.606061733629847,59.66798854797842,-3.0036195188314596,0.2353846153846154,-0.3470223728151858,-0.46876496211602614,-3.0548425368620826,-0.7305331910307387,-0.4893699796315166,0.8792961504306184,-14.370722188362382
1090,9.047299199999998,130.01311002130092,253.49240482211155,30.603085897321602,59.66821221197395,-2.890646999469417,0.2353846153846154,-0.3499982091234308,-0.46898862611156034,-3.2535502944817916,-1.025838227093244,-0.5190703933284438,1.149686105594025,
1091,9.051807399999689,129.94714423506156,253.51812836617242,30.587558566099105,59.67426713849905,-3.6293928276282585,0.2353846153846154,-0.3655255403459279,-0.4750435526366559,-3.421498633115108,-1.217326122218732,-0.568974848835499,1.3437318432051366,
1092,9.063231599999654,129.87632768474197,253.55124687425794,30.570889439639263,59.68206272578687,-3.777141993260027,0.2353846153846154,-0.38219466680576986,-0.48283913992447935,-3.583295087951145,-1.8981863414417548,-0.8075355482142846,2.0628196839437467,
1093,9.079226199999994,129.81205753764056,253.58152204571292,30.555761235783084,59.6891890353755,-3.8066918263863805,0.2353846153846154,-0.3973228706619487,-0.4899654495131074,-3.7679224453246043,-2.0216881482749534,-0.9026771259610565,2.2140571272233975,-11.763506759977252
1094,9.083078699999987,129.75674821009375,253.60684062495363,30.542742270991297,59.69514863941216,-3.8126017930116514,0.2353846153846154,-0.41034183545373537,-0.4959250535497688,-3.8048479167992966,-1.7334676135814544,-0.7884530058342649,1.9043550377345264,-7.243049551474127
1095,9.095361899999716,129.7108316448086,253.63269389036927,30.53193421793187,59.70123410034846,-3.8137837863367055,0.2353846153846154,-0.42114988851316326,-0.5020105144860665,-3.8122330110942357,-1.5855693195705414,-0.7432477186497284,1.751127419247787,-3.491869713171512
1096,9.100462699999753,129.66742348737404,253.64942255706498,30.52171660548958,59.705171771124526,-3.8140201850017164,0.2353846153846154,-0.43136750095545295,-0.5059481852621346,-3.813710029953222,-1.6813980910069564,-0.7322591552417278,1.8339310267502336,-0.30533990473742195
1097,9.112176599999657,129.63161188380639,253.67213270835805,30.513287104957502,59.71051739135197,-3.8140674647347184,0.2353846153846154,-0.43979700148753054,-0.5112938054895793,-3.8140054337250193,-1.1149762814788942,-0.4407886898072177,1.1989440259338489,-0.10835576856181621
1098,9.11792209999976,129.59682966772894,253.68166690511686,30.50509990640389,59.71276159458905,-3.8140769206813188,0.2353846153846154,-0.4479842000411445,-0.5135380087266554,-3.814064514479378,-1.16306141363977,-0.4722528960491126,1.2552826971342008,
1099,9.127972799999952,129.57346278802598,253.68549240987295,30.49959970241227,59.71366205955471,-3.814078811870639,0.2353846153846154,-0.45348440403276413,-0.5144384736923158,-3.2038236450833733,-0.8886347869251028,0.126184081078748,0.8975489996936717,
1100,9.1324196999999,129.55229742918422,253.69782421330808,30.494617702561825,59.716564776363285,-3.8140791901085027,0.2353846153846154,-0.45846640388320736,-0.5173411905008933,,-0.8235904366212696,0.25708761112765766,0.8627834300039259,
1101,9.143554799999947,129.5224470684777,253.5927948289618,30.48759138688783,59.69184247512485,-0.7628158380217006,0.2353846153846154,-0.4654927195572043,-0.49261888926245945,,-0.5168789292457372,0.2699944956603906,0.58314737004048,
1102,9.147311999999602,129.51615177566435,253.5896316601213,30.486109571810225,59.69109791384394,-3.42105681994809,0.2353846153846154,-0.466974534634808,-0.49187432798154873,,-0.4080163379542375,-0.04727258304986892,0.41074569887680296,
1103,9.159579299999677,129.52181061847665,253.60662498656353,30.48744157634912,59.69509788145265,-3.735474791723993,0.2353846153846154,-0.46564253009591283,-0.4958742955902551,,-0.18462521652012595,-0.003383604617751057,0.1846562193789114,
1104,9.163602799999808,129.5217604854297,253.635272121885,30.487429775801143,59.701840976382165,-4.015588610688549,0.2353846153846154,-0.46565433064388984,-0.5026173905197737,,-0.061606314513967315,-0.55823542899273,0.5616245473362887,
1105,9.175649699999667,129.52158773488281,253.6574485541529,30.487389112980107,59.707060967362146,-4.07161137448146,0.2353846153846154,-0.4656949934649255,-0.5078373814997548,-3.945974254478912,0.026560507890362413,-0.6518176965008046,0.6523586207378645,
1106,9.180013099999996,129.52129277722656,253.66771907213197,30.487319684485637,59.70947848928645,-3.8655857026306673,0.2353846153846154,-0.4657644219593955,-0.5102549034240553,-4.01424245831766,0.04944112169423377,-0.735490366823502,0.7371502589055731,-10.780185594714453
1107,9.192110299999968,129.52367951754883,253.68158202023025,30.487881486438418,59.71274161399266,-4.041610792869884,0.2353846153846154,-0.4652026200066146,-0.5135180281302709,-4.027896099085408,0.07094251895685304,-0.46838879096664543,0.4737308312735612,-5.8182925633105125
1108,9.196122699999705,129.5274805483325,253.69427169524312,30.4887761906075,59.71572856826492,-4.076815810917727,0.2353846153846154,-0.4643079158375336,-0.5165049824025303,-4.030626827238956,0.13238787924709763,-0.4213688970678318,0.44167668943210614,-3.3512064740276877
1109,9.207535000000007,129.5325506790753,253.71077648093967,30.489969621382343,59.71961354089811,-4.083856814527295,0.2353846153846154,-0.4631144850626896,-0.5203899550357178,-4.124714232635292,0.1649834759272261,-0.39044276555603147,0.4238692021179078,-4.680858699274638
1110,9.211211999999705,129.53729721566725,253.7138727091021,30.491086883072445,59.72034234537327,-4.08526501524921,0.2353846153846154,-0.4619972233725882,-0.5211187595108768,-4.143531713714561,0.2471886193011824,-0.5932133483079486,0.6426540983474333,-5.939762922917964
1111,9.22329529999979,129.5448467648543,253.73437638040053,30.492863930804166,59.72516859415582,-4.336022729612342,0.2353846153846154,-0.4602201756408668,-0.5259450082934265,-4.197390424774162,0.23006568163404367,-0.5131298370449845,0.5623454876955531,-9.280034741645009
1112,9.22662769999988,129.55132323296164,253.75254856287359,30.494388391758662,59.729446046337934,-4.135698198266218,0.2353846153846154,-0.45869571468637105,-0.5302224604755423,-4.258257381829834,0.29890046721124675,-0.6455811700033258,0.7114186786709811,-9.206400950501381
1113,9.239344099999926,129.55874450452947,253.7711335091266,30.49613524491232,59.73382065676365,-4.346109366215744,0.2353846153846154,-0.4569488615327124,-0.5345970709012562,-4.320525988084717,0.2658296827622583,-0.6820032414903249,0.7319793997379935,-8.825133230354329
1114,9.24310259999993,129.5659098810152,253.78714372884414,30.497821864300498,59.73758921617409,-4.3881915998056495,0.2353846153846154,-0.4552622421445349,-0.538365630311695,-4.332979709335694,0.31649042627407536,-0.7490361198968793,0.8131551505299085,-4.196128241222411
1115,9.25511349999988,129.57297695145496,253.80655003133214,30.49948534395786,59.74215716122126,-4.39660804652363,0.2353846153846154,-0.45359876248717157,-0.542933575358866,-4.3855656684296385,0.24421789566939678,-0.518507287400626,0.5731423799133544,-3.5671031883300244
1116,9.25860799999964,129.57892081257077,253.81745553151467,30.500884437420506,59.7447241481873,-4.398291335867226,0.2353846153846154,-0.4521996690245267,-0.5455005623249107,-4.396082860248429,0.28131190573519066,-0.515546904379475,0.5873031575971854,-2.5184641284352502
1117,9.271160999999665,129.58404599904114,253.82443910870876,30.502090827466606,59.74636797481914,-4.398627993735945,0.2353846153846154,-0.45099327897842656,-0.5471443889567453,-4.398186298612187,0.20524822810409293,-0.3245821725859994,0.384031798033076,-1.1027252162629066
1118,9.274373099999593,129.58845153271926,253.8289315850385,30.503127822316994,59.74742543463214,-4.398695325309689,0.2353846153846154,-0.4499562841280387,-0.5482018487697502,-4.39860698628494,0.186457463186575,-0.25176776171552995,0.3132944165114036,-0.10169523492251022
1119,9.287215699999706,129.5921850572521,253.83154243605455,30.504006636553186,59.74803998879438,-4.398708791624438,0.2353846153846154,-0.44907746989184716,-0.5488164029319904,-4.398691123819489,0.136542056735845,-0.10441335703123487,0.1718891572618437,-0.04618192375315599
1120,9.303638199999568,129.5952928158267,253.83267580066402,30.504738155109976,59.74830676538707,-4.398711484887388,0.2353846153846154,-0.4483459513350567,-0.5490831795246791,-4.398707951326398,0.1251155621986051,-0.07463528001835318,0.14568571971092778,-4.8909949556467005
1121,9.307619899999736,129.59784358969887,253.83263870724608,30.505338568036812,59.748298034167156,-4.398712023539978,0.2353846153846154,-0.4477455384082205,-0.5490744483047649,-4.457101209405905,0.10644080962017205,-0.11968020263505022,0.16016552954791613,-5.205705103676845
1122,9.319904399999814,129.59987746236612,253.83170246245606,30.505817310372333,59.74807765654735,-4.3987121312704955,0.2353846153846154,-0.44726679607270015,-0.5488540706849605,-4.4687798610218055,0.09822597480126191,-0.10736089130915223,0.14551530197320742,2.401943814146086
1123,9.323900799999592,129.6037733817048,253.8411157706433,30.506734349847438,59.750293404474505,-4.690661615707224,0.2353846153846154,-0.4463497565975949,-0.5510698186121132,-4.37757433157936,0.07397600249937938,-0.11809857448825536,0.13935466350985956,6.2295475434047525
1124,9.336515899999995,129.60523945748673,253.84037919290498,30.50707944153149,59.750120025406865,-4.457102049703945,0.2353846153846154,-0.4460046649135414,-0.5508964395444735,-4.417723118268995,0.05326106791804979,-0.14894141504214553,0.1581780214521846,1.0149278745221526
1125,9.340518399999837,129.6039351390299,253.841568339486,30.506772425033187,59.750399932217476,-3.942683837675164,0.2353846153846154,-0.44631168141184574,-0.551176346355085,-4.484142768185049,0.08210034800574248,-0.2544448349185151,0.2673623779804751,-2.591986443004381
1126,9.352071199999955,129.60625264462075,253.8490296275961,30.507317930195345,59.752156204649545,-4.599455956988158,0.2353846153846154,-0.4457661762496876,-0.5529326187871533,-4.345495545824511,0.008805597733984375,-0.14572250394396358,0.1459883101729424,7.8381357863536545
1127,9.355639399999745,129.60902928664348,253.85675432462364,30.507971509009927,59.753974479488335,-4.730810380850757,0.2353846153846154,-0.4451125974351058,-0.5547508936259433,-4.245201404086776,-0.032483775513491145,-0.14842506488102525,0.15193813068662995,13.345427253989074
1128,9.368268799999896,129.60167825061595,253.85733509604847,30.506241188221907,59.754111184146794,-3.9974255039045268,0.2353846153846154,-0.44684291822312616,-0.5548875982844024,-4.246119138239231,-0.023179131778207594,-0.13241747835442383,0.1344308771217975,9.328266427276267
1129,9.37191759999996,129.5989020760817,253.85733151571134,30.505587719446925,59.754110341390515,-3.9556313410152804,0.2353846153846154,-0.44749638699810745,-0.5548867555281234,-4.246302685069721,0.03174781597779951,-0.5251201962578996,0.5260790286043489,-0.042008213770241984
1130,9.383934499999668,129.5973611696552,253.8568156364962,30.505225013780375,59.753988911359876,-3.947272508437431,0.2353846153846154,-0.4478590926646575,-0.5547653254974847,-4.246339394435819,0.01612278691246101,-0.5523223203358686,0.5525575895768897,
1131,9.387435799999821,129.60214867254075,253.88828380414358,30.506351918305747,59.761396033898414,-4.600373691140612,0.2353846153846154,-0.4467321881392863,-0.5621724480360228,-4.398277888652786,0.10941370874513108,-0.9466632781502404,0.9529652259445378,
1132,9.400247399999898,129.60786596452192,253.9234221168074,30.507697680879776,59.769667052110044,-4.730993927681248,0.2353846153846154,-0.44538642556525687,-0.570443466247653,-4.559620177339932,0.16347576901060296,-1.0550401162735805,1.0676300735742592,
1133,9.40404049999961,129.61317483463634,253.9553695367702,30.508947307229786,59.777186983270525,-4.7571179749893755,0.2353846153846154,-0.4441367992152472,-0.5779633974081335,-4.722843224921109,0.21257754642114118,-1.3095524164591859,1.3266939152255601,
1134,9.415911099999903,129.61777506241884,253.98268546280582,30.510030130077052,59.783616732014295,-4.7623427844510005,0.2353846153846154,-0.44305397636798105,-0.5843931461519034,-4.788462687952973,0.1665488094882576,-0.9858929371367084,0.9998616851535025,
1135,9.420133199999782,129.62163736912032,254.00533017917803,30.510939257654474,59.78894694986806,-4.763387746343326,0.2353846153846154,-0.4421448487905586,-0.5897233640056712,-4.801586580559343,0.1765742994267295,-1.0310270819129577,1.0460379184599329,-3.8537204592229792
1136,9.432304499999645,129.62637949608867,254.0310414070992,30.512055481387026,59.79499897736335,-4.928471006299915,0.2353846153846154,-0.44102862505800644,-0.5957753915009576,-4.837186212596243,0.12577304312255055,-0.7129365853327229,0.7239457390455376,-2.584074066723561
1137,9.436446499999875,129.62910998022335,254.04637271749746,30.512698195344882,59.798607731964786,-4.796613390713109,0.2353846153846154,-0.4403859111001509,-0.5993841461023948,-4.844306139003622,0.12232920555642315,-0.6847235592011394,0.695565084702461,-3.7543167505892265
1138,9.447074599999723,129.63251629510467,254.06407578435483,30.5134999894631,59.802774761548136,-4.935116135173872,0.2353846153846154,-0.43958411698193345,-0.6035511756857446,-4.914654684831974,0.06457104073059647,-0.5149031022976233,0.5189360500646963,-1.4206711086621984
1139,9.451712699999916,129.63397441069023,254.07196911088363,30.513843207439393,59.80463272917722,-4.7979424164879,0.2353846153846154,-0.43924089900563956,-0.6054091433148301,-4.895749540482019,-0.03346384054088956,-0.45887519851285674,0.46009376917532774,-0.7365004232795795
1140,9.463048299999627,129.6304365042839,254.09187533436153,30.51301043870067,59.80931834793433,-5.11513047548508,0.2353846153846154,-0.4400736677443611,-0.6100947620719381,-4.89196851161203,-0.09359791706194517,-0.2801289999871372,0.2953520386117697,4.112830448278925
1141,9.467302499999732,129.62323488901043,254.09579903378568,30.51131528925938,59.81024192641417,-4.833945284550142,0.2353846153846154,-0.441768817185654,-0.6110183405517802,-4.858237452322407,-0.1876686966522263,-0.16469754486106408,0.24968944908907856,2.941207085773376
1142,9.4793238999996,129.615803992028,254.0946513575675,30.509566170431203,59.80997178108897,-4.7777082463631535,0.2353846153846154,-0.44351793601382994,-0.6107481952265772,-4.851491240464485,-0.22604662922194757,-0.0679264756337343,0.23603195689275835,8.617876162181048
1143,9.483371099999658,129.60901386421793,254.09146908328836,30.50796787880822,59.809222722681724,-4.766460838725756,0.2353846153846154,-0.445116227636813,-0.6099991368193329,-4.781217437546026,-0.26716282778424,0.0670170852963598,0.2754401319185188,6.368953206014137
1144,9.49526059999971,129.60305913011697,254.0872631753631,30.50656622601215,59.80823271666239,-4.764211357198277,0.2353846153846154,-0.4465178804328822,-0.609009130799997,-4.767162676962334,-0.20474103092397847,0.13079732690688572,0.24295437940033152,6.399967721426444
1145,9.4995571999998,129.59796555767574,254.0824923685478,30.505367277422135,59.8071097421351,-4.7637614608927805,0.2353846153846154,-0.4477168290228981,-0.6078861562727056,-4.764351724845594,-0.18620073179704313,0.14161056498410002,0.23393217956679324,0.6281654063683749
1146,9.511232099999688,129.59368236842283,254.07744300790844,30.50435908056722,59.80592120032306,-4.763671481631682,0.2353846153846154,-0.44872502587781327,-0.6066976144606713,-4.763789534422246,-0.12728549184211094,-0.0005462803891705531,0.12728666409232225,-1.2228710688523423
1147,9.526974999999766,129.5901510913733,254.07232400881304,30.503527872277097,59.80471626668984,-4.763653485779462,0.2353846153846154,-0.449556234167936,-0.6054926808274459,-4.832601656884451,-0.07029600838164399,-0.08973961676078877,0.11399441920886041,-8.37103032856129
1148,9.530952199999774,129.58845574159332,254.0812066125548,30.5031288130212,59.80680709495521,-4.763649886609018,0.2353846153846154,-0.4499552934238338,-0.6075835090928194,-4.915288641923767,0.02290316560785014,-0.3957610871426296,0.3964232499377107,-8.826514457006231
1149,9.54349669999965,129.59735883896278,254.10053618072658,30.50522446517124,59.81135697792487,-5.108271969509304,0.2353846153846154,-0.4478596412737943,-0.6121333920624821,-4.9318260389316295,0.03256601126231934,-0.39584312910188724,0.3971804727661103,
1150,9.54722129999982,129.60031703518015,254.12061210304296,30.505920779050097,59.816082541177806,-5.177196386089362,0.2353846153846154,-0.4471633273949358,-0.6168589553154149,-5.057356418723828,0.13215766869368023,-0.6011500940439503,0.6155055523418117,
1151,9.559639899999638,129.59831000220325,254.1152627364541,30.505448354364766,59.814823382580734,-4.846358466670997,0.2353846153846154,-0.4476357520802665,-0.6155997967183424,-5.082462494682265,0.14879478890310432,-0.4905686882324817,0.5126378127673155,
1152,9.563604399999804,129.60580766412502,254.13126319387914,30.507213188632505,59.818589644097706,-5.39130538474045,0.2353846153846154,-0.4458709178125275,-0.6193660582353147,-5.018559149327077,0.07917111841545971,-0.3412567597141636,0.3503201993059566,6.944938617682986
1153,9.575731199999609,129.60492405348242,254.12986169690728,30.507005200281245,59.818259753272024,-4.889180266401215,0.2353846153846154,-0.44607890616378754,-0.6190361674096323,-4.936853919709162,0.005015547972258776,-0.06520484721083245,0.06539746035780007,2.5690273755046054
1154,9.5792021999996,129.60225411517723,254.12420126407056,30.506376737880178,59.81692737446584,-4.788755242733369,0.2353846153846154,-0.44670736856485505,-0.6177037886034498,-4.989437434332453,0.005948489375955329,-0.20193575066395528,0.2020233449927779,-3.0842831871662058
1155,9.591706599999725,129.59248857762242,254.1182771836934,30.504078080578815,59.815532937084754,-4.7686702379998,0.2353846153846154,-0.4490060258662183,-0.6163093512223625,-4.999954137257113,-0.07779535941231025,-0.11294250577882248,0.1371427269587778,-11.276785314678847
1156,9.595687999999882,129.5919240242884,254.12812581447804,30.503945193409425,59.81785115325406,-5.109276039787461,0.2353846153846154,-0.4491389130356076,-0.6186275673916697,-5.0709820383889195,-0.13512891673880356,-0.37812967255564467,0.40154934118491786,-8.619789281574384
1157,9.60726859999977,129.5932248415213,254.15297261572888,30.504251385773475,59.82369970801003,-5.443888899363743,0.2353846153846154,-0.44883272067155744,-0.6244761221476409,-5.154112179162155,-0.12107404254603833,-0.5227619436070939,0.5365994534681399,-15.861497602532161
1158,9.611059699999714,129.58833153997017,254.1738899740006,30.5030995778699,59.82862333234168,-5.2443197720602495,0.2353846153846154,-0.4499845285751327,-0.6293997464792866,-5.239662767863678,-0.15646106993435369,-0.6281458858106529,0.6473386441931708,-10.385018044554547
1159,9.623190299999806,129.582622130598,254.19137593588295,30.50175567074076,59.83273925875399,-5.20440594659955,0.2353846153846154,-0.45132843570427283,-0.6335156728915976,-5.256772885603985,-0.16998816638168954,-0.5235874674921196,0.5504905201950533,-3.683212908783603
1160,9.627048599999853,129.5767086942706,254.19818501790627,30.50036373880523,59.83434201190717,-5.196423181507411,0.2353846153846154,-0.4527203676398024,-0.6351184260447766,-5.206896569308297,-0.22977291727452331,-0.43851561757464075,0.49506720793212866,4.110975426199727
1161,9.639267199999722,129.57146522898756,254.20127202351955,30.499129507746304,59.83506864553614,-5.194826628488983,0.2353846153846154,-0.45395459869872923,-0.6358450596737484,-5.196921306049162,-0.17913038960865452,-0.20584228320590559,0.27287129207149774,4.756070485407674
1162,9.643068799999583,129.56706445788166,254.20255875905372,30.498093633932143,59.835371523284955,-5.194507317885297,0.2353846153846154,-0.4549904725128897,-0.6361479374225638,-5.194926253397335,-0.17223421915161713,-0.3092995412074886,0.35402094915121934,0.45693507807691924
1163,9.65654319999976,129.56416754269307,254.21030765851344,30.497411744664678,59.83719549500393,-5.19444345576456,0.2353846153846154,-0.45567236178035486,-0.637971909141541,-5.194527242866969,-0.10304372129885693,-0.2901728223498073,0.3079257626921939,-6.29196369005725
1164,9.660789499999737,129.5627910006635,254.22576035579047,30.497087727848488,59.840832822209144,-5.194430683340412,0.2353846153846154,-0.45599637859654507,-0.6416092363467527,-5.27703411068277,0.04607258522717933,-0.5824471381180479,0.584266507521542,-10.379408974901292
1165,9.671897199999876,129.56209209831042,254.24085018416247,30.496923216986914,59.8443847356567,-5.194428128855583,0.2353846153846154,-0.4561608894581184,-0.6451611497943119,-5.4074112166678034,0.12454122123992344,-0.7316146418449736,0.7421391378642421,-19.853794317353035
1166,9.675724199999877,129.572571822185,254.26557677333554,30.499389982760473,59.85020499433898,-5.607360967567992,0.2353846153846154,-0.45369412368455997,-0.6509814084765893,-5.516073307786685,0.16062792491972339,-0.9764732140593158,0.989596517798717,-18.219564311525815
1167,9.687364399999751,129.57849909568296,254.30639968649794,30.500785171753066,59.859814080052594,-5.846392847810474,0.2353846153846154,-0.45229893469196725,-0.6605904941902025,-5.685177552182336,0.18738871261999976,-0.8948420798770675,0.914252086426986,
1168,9.691399699999693,129.58072478002424,254.32970889989596,30.501309063605706,59.8653007102832,-5.73775391135897,0.2353846153846154,-0.45177504283932635,-0.6660771244208092,-5.832874133483344,0.22064302462009458,-1.094530597823448,1.1165485094187617,
1169,9.703469099999893,129.5836730162951,254.3527023409408,30.502003033066387,59.87071301255991,-6.039951905318669,0.2353846153846154,-0.45108107337864567,-0.6714894266975193,-5.910160031774794,0.10505292087419403,-0.9006087467376251,0.9067150770140063,
1170,9.707086699999763,129.5860008041226,254.37296180960044,30.502550958508856,59.87548177979826,-5.932911035360609,0.2353846153846154,-0.45053314793617716,-0.6762581939358654,-5.925617211433084,0.11837406567798878,-1.0565892109205632,1.0631995015324618,-3.641256910600347
1171,9.719575299999633,129.58953532676307,254.40220804273213,30.503382930761152,59.88236589313541,-5.993790459025247,0.2353846153846154,-0.4497011756838809,-0.6831423072730161,-5.928708647364742,0.0984082915182038,-0.8524515799029259,0.8581129808588879,0.11782593269489405
1172,9.72294439999996,129.5922042357435,254.42518656268498,30.504011150875012,59.88777468321662,-5.923678746101925,0.2353846153846154,-0.4490729555700206,-0.6885510973542281,-5.912288360332326,0.1155387338192096,-0.979721861688367,0.9865110872578502,1.1984444357896973
1173,9.735722799999621,129.59383276669956,254.44358835820054,30.504394482007744,59.89210618277644,-5.753211091017261,0.2353846153846154,-0.4486896244372893,-0.6928825969140462,-5.925461822457089,0.09360794535044316,-0.7718488818947895,0.777504433373192,5.130653720821595
1174,9.739628899999843,129.5962082832276,254.46158983857356,30.504953642052037,59.89634345431039,-5.957850470156577,0.2353846153846154,-0.448130464392996,-0.6971198684479987,-5.880349932850794,0.08217146402394923,-0.6840325334918925,0.6889504019704004,1.8938886453502415
1175,9.752122099999724,129.5984272233948,254.47638989128401,30.50547594642985,59.899827159025314,-5.998778345984441,0.2353846153846154,-0.4476081600151822,-0.7006035731629225,-5.940773355710787,0.0960775855872063,-0.6486669538690653,0.6557436385463751,0.6195079536823007
1176,9.767958299999918,129.59906206707916,254.4839351193054,30.505625378866327,59.90160318962111,-5.768231010993764,0.2353846153846154,-0.44745872757870586,-0.7023796037587218,-6.017643196532784,0.09866862199352174,-0.624287700878492,0.6320368900896955,-6.342797851982368
1177,9.77142939999976,129.60283711100806,254.5050017241623,30.50651396612959,59.906561944302815,-6.225795860401878,0.2353846153846154,-0.44657014031544406,-0.707338358440424,-6.050055738915934,0.09446134143163268,-0.5151125008588587,0.5237020465552251,-3.647361234688413
1178,9.78412679999974,129.60515416300592,254.51671139905815,30.50705936452293,59.90931822162446,-6.137560295127251,0.2353846153846154,-0.44602474192210195,-0.7100946357620685,-6.008791665361316,0.0832995964696589,-0.4460785747811163,0.45378950808801205,-7.9774222474806455
1179,9.787294899999779,129.60679772654248,254.52396468448134,30.507446234093845,59.91102553342407,-6.119913182072326,0.2353846153846154,-0.44563787235118824,-0.7118019475616819,-6.065324006900392,0.08830295554261827,-0.43735585000303706,0.4461810747773158,-2.5894368277952076
1180,9.800395799999933,129.60601843187976,254.52027339768284,30.50726280011939,59.91015666130073,-5.792457978211341,0.2353846153846154,-0.44582130632564443,-0.7109330754383407,-5.975895611926956,0.03231699222474025,-0.12494017225701877,0.12905206170405586,-5.07353864061815
1181,9.80469419999963,129.60664758282346,254.5215249534246,30.50741089257229,59.910451258267635,-6.050892718689144,0.2353846153846154,-0.44567321387274106,-0.7112276724052435,-5.99395963996352,0.050778006652623386,-0.19229461625821923,0.1988859607954007,2.579585182064278
1182,9.81665329999987,129.60543157954376,254.514742505446,30.507124664107995,59.90885477435883,-5.7786538855347045,0.2353846153846154,-0.4459594423370383,-0.7096311884964379,-5.932787289320831,0.02185999321205826,-0.05772445023144179,0.06172496624343697,1.439080206567361
1183,9.82024679999995,129.60749650572578,254.5231978028752,30.507610715963146,59.91084502129216,-6.227880435310066,0.2353846153846154,-0.4454733904818866,-0.7116214354297696,-5.920552819192292,0.0023628039797290654,0.05367751090866725,0.05372948929588588,3.382442605515645
1184,9.832218799999737,129.60635334396073,254.5163852356309,30.50734163327076,59.909241447771585,-5.814051428858889,0.2353846153846154,-0.44574247317427407,-0.7100178619091935,-5.901067350947834,-0.0033653608634236906,0.05892584244936599,0.05902186511885715,-2.1278898557503556
1185,9.836059899999782,129.6045340452187,254.50621346589014,30.5069133983361,59.90684716966337,-5.731285627568654,0.2353846153846154,-0.44617070810893367,-0.7076235838009808,-5.94491683933019,0.009325117255094932,-0.016514075904268517,0.01896503400453612,-2.0036121826423745
1186,9.847765799999706,129.6048230865,254.5083168247245,30.506981434206924,59.90734226797361,-5.953465377466856,0.2353846153846154,-0.4461026722381085,-0.7081186821112198,-5.900698455756661,-0.015040887966667967,0.0784356550296659,0.07986476250987422,-5.700285790168749
1187,9.85187709999991,129.60551332777735,254.51257343835886,30.507143906384513,59.908344209336775,-5.997901327446496,0.2353846153846154,-0.4459402000605195,-0.7091206234743836,-5.939601361073207,0.00040870157747041266,-0.02913507258927802,0.029137939044515934,-3.4567971858903963
1188,9.863728199999969,129.60618942813574,254.51655583517567,30.507303050007334,59.90928160427981,-6.006788517442424,0.2353846153846154,-0.44578105643769916,-0.7100580184174206,-5.995128524167766,0.02681952260883161,-0.1849035166407349,0.18683842554216773,-5.5544074975966
1189,9.86814319999985,129.6072167601101,254.52413178716307,30.507544868148994,59.91106486682454,-6.00856595544161,0.2353846153846154,-0.44553923829603903,-0.7118412809621475,-6.006233956786679,0.034599292300546716,-0.2443026216256809,0.24674051544259867,-2.4672027145258335
1190,9.879203299999972,129.6081831267951,254.53143883057982,30.507772335999462,59.91278483242879,-6.008921443041447,0.2353846153846154,-0.4453117704455707,-0.7135612465663996,-6.008455043310462,0.027467541164077,-0.19781193585936285,0.19970985901058802,-9.66426481947876
1191,9.883487599999626,129.6089969230562,254.53761434631684,30.50796389111938,59.91423845382535,-6.008992540561414,0.2353846153846154,-0.4451202153256517,-0.7150148679629567,-6.121031828974594,0.07171183178066343,-0.3784173796776648,0.3851523076127782,-10.975158165921243
1192,9.895197099999677,129.60918892802968,254.53817403335654,30.508009086136216,59.914370195543924,-6.009006760065408,0.2353846153846154,-0.44507502030881696,-0.7151466096815327,-6.196535467357419,0.07272240655792431,-0.35615308921839717,0.3635018175681981,-16.040813524711403
1193,9.899619099999654,129.61359712824765,254.55662450199148,30.509046708649063,59.91871315200723,-6.569672445763082,0.2353846153846154,-0.4440373977959702,-0.7194895661448371,-6.264624476283985,0.09336297502031098,-0.45276593259552844,0.46229172047933303,-9.17622486685175
1194,9.911339699999644,129.61657600935683,254.5711934790135,30.509747891433225,59.9221424650601,-6.386084147355742,0.2353846153846154,-0.44333621501180787,-0.7229188791977066,-6.331230559319298,0.0917470369096677,-0.42319645573062825,0.43302743437878105,-12.102805867483351
1195,9.915694199999962,129.6188656820267,254.58300680481196,30.510286845153978,59.924923140209586,-6.349366487674274,0.2353846153846154,-0.4427972612910551,-0.7256995543471945,-6.397540057176361,0.11245120060297462,-0.5331074071937871,0.5448383064010209,-5.662326997115383
1196,9.92738799999961,129.62068550620003,254.59251760086119,30.510715203767084,59.927161835279634,-6.34202295573798,0.2353846153846154,-0.4423689026779485,-0.7279382494172424,-6.351657669638398,0.06958144113157853,-0.3578677388670985,0.3645694659071123,-2.7984439088071733
1197,9.930542699999933,129.6221246541379,254.60003369709028,30.511053957050922,59.92893100869971,-6.340554249350721,0.2353846153846154,-0.44203014939411034,-0.7297074228373219,-6.342481192130807,0.06941365077888556,-0.35984913664038065,0.36648281822655815,2.3253002967464487
1198,9.943339099999775,129.62322830708916,254.60579226826673,30.511313739976373,59.930286487761244,-6.3402605080732695,0.2353846153846154,-0.44177036646865986,-0.7310629018988521,-6.3406458966292885,0.046829919851992544,-0.24304065219816776,0.24751121189605693,1.054571065233182
1199,9.94663219999984,129.62405353673324,254.61002426945925,30.51150798633875,59.931282635734256,-6.340201759817779,0.2353846153846154,-0.44157612010628355,-0.7320590498718644,-6.3402788375289845,0.0449721365360141,-0.2318153035983678,0.2361373076136368,0.08689366468158256
1200,9.959300099999837,129.62463749917356,254.61295910081208,30.51164544211316,59.93197344988346,-6.3401900101666815,0.2353846153846154,-0.44143866433187284,-0.7327498640210663,-6.340205425708924,0.024275405238152397,-0.12323318917001942,0.12560141007365447,0.04060258758514636
1201,9.962527299999692,129.62501237161956,254.61481432964638,30.511733681319683,59.93241014220907,-6.340187660236461,0.2353846153846154,-0.44135042512534994,-0.7331865563466806,-6.3401907433449125,0.020400925844355353,-0.10271368920624306,0.10472010182225559,0.003526071966581727
1202,9.975100899999688,129.62522053064902,254.61577023280222,30.51178267875277,59.932635147105756,-6.340187190250417,0.2353846153846154,-0.4413014276922631,-0.7334115612433649,-6.340187806872111,0.008028564710820727,-0.037593330758486046,0.03844107658264489,0.0016065386559433533
1203,9.991188599999987,129.6252840144982,254.61599776449938,30.51179762187419,59.93268870456678,-6.340187096253209,0.2353846153846154,-0.44128648457084196,-0.7334651187043875,-6.34018721957755,0.040107065683455734,-0.019964498029336995,0.044801315821083126,-5.825257387669928
1204,9.994572899999639,129.6252426650015,254.6156655483026,30.511787888838818,59.93261050598507,-6.340187077453767,0.2353846153846154,-0.4412962176062152,-0.7333869201226761,-6.399331389228012,0.08606769184311786,-0.17740112986810114,0.19717709922219867,-6.140188957031539
1205,10.00709599999982,129.63435326878943,254.61387732457564,30.513932384807358,59.93218958563088,-6.340187073693879,0.2353846153846154,-0.4391517216376748,-0.7329659997684885,-6.411160223158105,0.04745060989278019,-0.18036925645238358,0.18650637804746123,-11.780272453512078
1206,10.010731299999861,129.63832464532237,254.6281244825111,30.51486718574511,59.935543147421846,-6.635908508488777,0.2353846153846154,-0.43821692069992224,-0.7363195615594549,-6.472670277053498,-0.07387702498171189,-0.5173377639667011,0.52258604731299,-7.881350338178756
1207,10.02309379999997,129.6283883817896,254.62984377321567,30.512528342175088,59.935947842003074,-6.399331359900881,0.2353846153846154,-0.4405557642699449,-0.7367242561406826,-6.544116574941949,-0.0648294258988811,-0.6121637756952254,0.6155869903886961,-14.953805774865275
1208,10.026407299999846,129.61986183543763,254.65360809906565,30.510521324341475,59.94154159870315,-6.647737365730177,0.2353846153846154,-0.4425627821035576,-0.7423180128407552,-6.617550121629016,-0.16766617228771885,-0.9254957697506051,0.9405606653246137,-10.52069504040023
1209,10.039362600000004,129.62219339465042,254.67843193199298,30.51107013751002,59.947384747069115,-6.697418566896037,0.2353846153846154,-0.44201396893501155,-0.748161161206724,-6.664459731357052,-0.24105887291145384,-0.8221752293938672,0.8567855554560888,-14.98455362034609
1210,10.042937099999563,129.6169855740044,254.70171247518573,30.509844296650265,59.952864628774485,-6.707354807129208,0.2353846153846154,-0.4432398097947683,-0.7536410429120934,-6.732985940412037,-0.2764239174004348,-0.9505079742601941,0.9898866557557082,-7.968418814886025
1211,10.055245099999865,129.6112433112257,254.72293635854254,30.508492656334667,59.9578604043954,-6.870456557128968,0.2353846153846154,-0.4445914501103658,-0.7586368185330059,-6.746691182223034,-0.17572378030595623,-0.6619024348053429,0.6848311325912814,-9.587033314087655
1212,10.059369799999786,129.6048295655994,254.73475401761414,30.506982959287246,59.960642099530716,-6.741962405175794,0.2353846153846154,-0.4461011471577869,-0.7614185136683247,-6.78165513097586,-0.3357347148087391,-0.7442428876342939,0.8164651091883459,-4.277062559896086
1213,10.071469899999556,129.59957546390962,254.74735580176682,30.505746224581802,59.96360836564665,-6.71626357478516,0.2353846153846154,-0.44733788186323054,-0.7643847797842582,-6.820870821117049,-0.3070175872251839,-0.5077684159161856,0.593370510783613,-4.652619046450779
1214,10.074971000000005,129.58830557862387,254.76018794946515,30.50309346696839,59.96662885579718,-6.8722383106601574,0.2353846153846154,-0.449990639476642,-0.7674052699347911,-6.828713959145288,-0.4138650902848403,-0.5485923563854226,0.6871956682350301,-3.6719669318932397
1215,10.08725639999966,129.57790067444114,254.7784907434698,30.50064431259922,59.97093705192443,-6.903433257835157,0.2353846153846154,-0.45243979384581223,-0.7717134660620388,-6.8967108094071845,-0.3712343567227903,-0.4937527870859706,0.6177432819274912,-10.005322940139553
1216,10.090854599999602,129.56805533828802,254.78781574006666,30.498326871935486,59.97313201266184,-6.909672247270157,0.2353846153846154,-0.45475723450954675,-0.7739084267994514,-6.976738402115812,-0.3113006969370141,-0.7119316236697134,0.7770165768466366,-10.511441988315042
1217,10.104213699999946,129.55937986240403,254.81052891670612,30.496284798381257,59.978478345009286,-7.0819466564852815,0.2353846153846154,-0.45679930806377556,-0.7792547591468946,-7.026949242923161,-0.17739523390236347,-0.6142455748079861,0.639348649159805,-12.60540630534351
1218,10.107958199999757,129.5625210520268,254.83178261980152,30.49702418609246,59.9834811397379,-7.116401538328306,0.2353846153846154,-0.4560599203525726,-0.7842575538755057,-7.071196733350258,-0.21435710477799516,-0.7660485681864332,0.79547430957215,-6.382771547492811
1219,10.120007899999564,129.55800773493053,254.8509433966496,30.495961820683647,59.98799129182675,-7.123292514696911,0.2353846153846154,-0.45712228576138614,-0.7887677059643607,-7.114251553701299,-0.1034539335586806,-0.6901918861944745,0.6979022539994052,-5.9870154387658365
1220,10.123356799999783,129.55254209486543,254.86673136307843,30.494675293099093,59.991707536232305,-7.124670709970633,0.2353846153846154,-0.4584088133459403,-0.7924839503699133,-7.122862517771507,-0.121911258091419,-0.7286938227305106,0.7388213871667748,-3.382387790967731
1221,10.136034399999971,129.5477195691265,254.8791584267071,30.493540144732858,59.9946326758249,-7.124946349025377,0.2353846153846154,-0.4595439617121748,-0.7954090899625115,-7.173608148085551,-0.18229277443918332,-0.513160176324607,0.5445769203503181,-3.0986027548428106
1222,10.139763299999686,129.5438360202113,254.88854799901077,30.49262601706512,59.99684283669023,-7.125001476836325,0.2353846153846154,-0.4604580893799124,-0.7976192508278359,-7.183757274148359,-0.195964810038638,-0.5060126302827204,0.5426333833990649,-2.296875646926081
1223,10.151983799999925,129.53841338127353,254.90196182885427,30.491349611284384,60.000000245868776,-7.370129689898516,0.2353846153846154,-0.46173449516064835,-0.8007766600063846,-7.18578709936092,-0.12379904625069035,-0.291684234902543,0.3168688951968345,-7.753909231150887
1224,10.155691799999659,129.5359476446348,254.907295114196,30.490769214814037,60.001255619187674,-7.174038145010953,0.2353846153846154,-0.4623148916309958,-0.8020320333252826,-7.261333445262807,0.06595304540528432,-0.4867621402789146,0.4912099198989585,-9.24048632732556
1225,10.168258799999876,129.53470178542628,254.90932652513104,30.490475958723415,60.00173378206931,-7.134819836033441,0.2353846153846154,-0.4626081477216175,-0.8025101962069172,-7.351583095302559,0.17524461571047187,-0.4450845306561133,0.4783418388191479,-13.10562751809358
1226,10.172013999999763,129.5484093330753,254.92856835613628,30.49370250455465,60.00626301305977,-7.502678078534814,0.2353846153846154,-0.4593816018903816,-0.8070394271973811,-7.395749968669885,0.37390605649050157,-0.6035168849619432,0.7099565969229708,-9.668690796869495
1227,10.184471599999597,129.56435605641337,254.94890844645596,30.497456117894224,60.01105075739656,-7.576249727035088,0.2353846153846154,-0.455627988550809,-0.8118271715341692,-7.5211116636558515,0.46459117928618776,-0.6335958325317624,0.7856771874454214,
1228,10.188436699999784,129.57932906537286,254.96660485819604,30.500980533849305,60.015216220467686,-7.590964056735142,0.2353846153846154,-0.4521035725957283,-0.8159926346052941,-7.662712322965544,0.5117883935039711,-0.6985155578408633,0.8659395731060615,
1229,10.200758599999972,129.5948711762553,254.99220053095524,30.504638907641635,60.02124104805562,-7.800846619940779,0.2353846153846154,-0.44844519880339817,-0.8220174621932301,-7.732420394280609,0.8666744110722003,-0.6883364819593034,1.1067663019822458,
1230,10.216232299999774,129.60885039294078,255.01604024504348,30.507929400184523,60.02685254998716,-7.8428231325819056,0.2353846153846154,-0.4451547062605101,-0.82762896412477,-7.78774994799675,0.953549350455257,-0.6573602397342495,1.1581791090056461,-8.285595269851509
1231,10.219589599999836,129.64641425839145,255.0325172939269,30.516771356205986,60.03073099380126,-7.851218435110131,0.2353846153846154,-0.4363127502390469,-0.8315074079388651,-7.840203798193103,1.1459203775578457,-0.5411493673760247,1.2672711428553036,-6.682183024640146
1232,10.231975199999852,129.6851249879377,255.04459019994658,30.525883266391492,60.03357277014128,-7.852897495615776,0.2353846153846154,-0.42720084005354053,-0.834349184278885,-7.850694568232374,1.2077804242761851,-0.4684533716486282,1.2954466853845161,-9.01391037186833
1233,10.236363099999835,129.7196249054317,255.05334191644172,30.534004016201614,60.035632789562435,-7.853233307716906,0.2353846153846154,-0.4190800902434191,-0.8364092037000432,-7.897078610912103,1.306160728045891,-0.5886188066223472,1.432664631726102,-5.377507488481191
1234,10.247724099999687,129.74888358231496,255.05939794859285,30.540891058606444,60.03705828636109,-7.853300470137131,0.2353846153846154,-0.41219304783858846,-0.8378347004986963,-7.950641308119923,0.8078197993635404,-0.43079060911545336,0.9155071693579543,-9.36049838479988
1235,10.252022199999828,129.76174863605726,255.07699090560524,30.543919294333477,60.04119939778093,-8.074743345980552,0.2353846153846154,-0.4091648121115554,-0.8419758119185374,-8.005639736233361,0.6975015283743995,-0.5354681519828379,0.879337548312671,-7.479863945977131
1236,10.263238599999568,129.76851256794987,255.0944354095068,30.54551141984051,60.045305565622364,-8.119031921149237,0.2353846153846154,-0.4075726866045244,-0.8460819797599726,-8.060925310527924,0.3332760398433956,-0.48827835908055783,0.5911756715901787,-9.92646369364559
1237,10.267829699999766,129.7721032701613,255.10911910628295,30.546356615899505,60.04876188194045,-8.127889636182973,0.2353846153846154,-0.4067274905455278,-0.8495382960780589,-8.116268314058711,0.21101407518923213,-0.5510554016880274,0.5900754152288672,-5.976644219590792
1238,10.27952359999972,129.773573150304,255.12072078609222,30.54670260307156,60.05149273888017,-8.12966117918972,0.2353846153846154,-0.4063815033734741,-0.8522691530177795,-8.12733691476487,0.06464727143064036,-0.3846783429055959,0.39007268195045663,-4.491086292726967
1239,10.284210499999972,129.773471412576,255.12946913695274,30.54667865557558,60.05355196608272,-8.13001548779107,0.2353846153846154,-0.40640545086945323,-0.8543283802203305,-8.1295506349061,0.011431723160402217,-0.35824788584202594,0.3584302331063848,-0.48615068336955236
1240,10.295389899999918,129.77217568395454,255.13571887725575,30.546373660992376,60.0550230588002,-8.13008634951134,0.2353846153846154,-0.40671044545265644,-0.8557994729378109,-8.129993378934346,-0.03653162596638796,-0.21707220701632857,0.22012474362208323,-0.17775122169787144
1241,10.299541399999725,129.76998636483629,255.139844788894,30.545858328953774,60.055994234924285,-8.130100521855393,0.2353846153846154,-0.4072257774912593,-0.8567706490618932,-8.130081927739994,-0.07588499537844956,-0.180200843973714,0.19552717635261377,-1.3531082579955591
1242,10.311425299999883,129.76717310488095,255.14221522554382,30.54519613084121,60.05655219924339,-8.130103356324204,0.2353846153846154,-0.40788797560382406,-0.8573286133810001,-8.177598416797998,-0.08796705052912007,-0.1454623990101724,0.16999268073828172,-6.75027972979295
1243,10.315960399999767,129.7639520896968,255.14316260155198,30.54443795342094,60.056775196980695,-8.130103923217966,0.2353846153846154,-0.4086461530240939,-0.8575516111183035,-8.2512081599221,-0.11601967970259983,-0.3155874549554798,0.3362380225429165,-9.039111377660493
1244,10.327404999999999,129.760766464807,255.15607949926493,30.543688106331494,60.059815635980826,-8.367597933081093,0.2353846153846154,-0.4093960001135386,-0.8605920501184343,-8.330036553859422,-0.22018150027869857,-0.3547825059759239,0.41755301413297813,-13.803515887498737
1245,10.331771599999684,129.7576583520416,255.1743004839471,30.542956504403637,60.06410457545216,-8.498135065131844,0.2353846153846154,-0.41012760204139553,-0.8648809895897713,-8.409908677959386,-0.3992555463970178,-0.5512741137467514,0.6806674223260927,-10.689665221636847
1246,10.343395099999725,129.72581061462174,255.19552977186567,30.535460036980194,60.069101623223766,-8.524242491541994,0.2353846153846154,-0.4176240694648392,-0.8698780373613744,-8.489989548091877,-0.40008865868167137,-0.5864322751517215,0.7099110846756256,-11.375357192559875
1247,10.347042299999885,129.71107377792302,255.21148009921643,30.53199121234188,60.072856084892486,-8.529463976824024,0.2353846153846154,-0.421092894103154,-0.8736324990300943,-8.522613388134001,-0.4556395671755445,-0.624743181083327,0.7732473456055522,-6.334198129691105
1248,10.359979799999564,129.7016560787581,255.22384475624943,30.52977443084614,60.07576653493256,-8.53050827388043,0.2353846153846154,-0.4233096755988939,-0.8765429490701706,-8.563601046767428,-0.6067403106929571,-0.5269561017311729,0.8036271136363559,-6.952296396730099
1249,10.364858699999786,129.69454091177937,255.23332172373034,30.528099630003453,60.077997267278064,-8.530717133291711,0.2353846153846154,-0.4249844764415798,-0.878773681415673,-8.60626146911911,-0.8898210970402068,-0.6981344413020494,1.131005430079786,-5.329732368127844
1250,10.375403899999583,129.65318845060108,255.25542057985837,30.518365896833792,60.0831989980282,-8.703073358298969,0.2353846153846154,-0.4347182096112405,-0.8839754121658103,-8.649256444214446,-0.7994993512043838,-0.555618776061499,0.9736074346923963,-8.209624778713835
1251,10.379050799999732,129.6212667781776,255.27534196137083,30.51085202624796,60.08788818475344,-8.73754460330042,0.2353846153846154,-0.4422320801970727,-0.8886645988910473,-8.692318329858514,-1.0817944041050747,-0.705567681328445,1.291551348452028,-6.463562508898807
1252,10.391338099999757,129.5951932509409,255.2918808394638,30.504714719067625,60.09178118221225,-8.74443885230071,0.2353846153846154,-0.44836938737740795,-0.8925575963498602,-8.735393597612328,-1.1230328693231582,-0.6583692072012534,1.301788323258053,-6.007027711525972
1253,10.394519899999977,129.57379754979576,255.30505639150658,30.499678500182693,60.09488250446232,-8.745817702100767,0.2353846153846154,-0.45340560626233994,-0.8956589185999277,-8.74400865116309,-1.331940528963074,-0.6954074959374127,1.5025502181625665,-3.057110157338605
1254,10.407351699999708,129.5438438271462,255.31711645383368,30.49262785469749,60.0977212575947,-8.74609347206078,0.2353846153846154,-0.46045625174754434,-0.8984976717323079,-8.781965792732619,-1.0019450586473713,-0.5020617587175918,1.1206961720798754,-8.146857986519453
1255,10.410688599999958,129.51595058081,255.32673471038225,30.486062213636817,60.099985247213056,-8.746148626052783,0.2353846153846154,-0.4670218928082157,-0.9007616613506642,-8.844615814796526,-1.079638800020216,-0.7113444406709528,1.2929156398553474,-9.023246931032256
1256,10.42335329999969,129.49387106805406,255.34390215293735,30.48086503601888,60.104026199076024,-8.927330311148056,0.2353846153846154,-0.47221907042615285,-0.9048026132136329,-8.912204412959309,-0.8137883262404997,-0.5966510131732756,1.0090807061112654,-13.402760200971745
1257,10.427613599999859,129.47779973722837,255.36857594106635,30.477082091993754,60.10983402920485,-9.057688962620237,0.2353846153846154,-0.47600201445127865,-0.9106104433424562,-8.980780726341862,-0.7305180029757607,-0.5976708904132809,0.9438575347578138,-9.133178438089615
1258,10.439140899999984,129.46538194114302,255.38822552823535,30.47415913383828,60.11445923972309,-9.083760692914673,0.2353846153846154,-0.4789249726067517,-0.915235653860698,-9.049554582768375,-0.41945074624594386,-0.6186819461273162,0.7474665738279958,-8.026514264196193
1259,10.45529499999975,129.45624645574475,255.4037580422151,30.472008781121456,60.11811535455217,-9.08897503897356,0.2353846153846154,-0.48107532532357666,-0.9188917686897753,-9.082133816944303,-0.351595898373134,-0.5870272204043145,0.684266492858175,-8.769159714424056
1260,10.458899099999599,129.44993426408269,255.415755031794,30.470522988314848,60.12093926132997,-9.090017908185338,0.2353846153846154,-0.4825611181301852,-0.9217156754675813,-9.148177251670113,-0.16552771036518318,-0.6159344404062179,0.6377888818231788,-8.635735160039989
1261,10.47196729999996,129.4459872891652,255.4246823187395,30.469593931141965,60.12304060733407,-9.090226482027694,0.2353846153846154,-0.4834901753030678,-0.9238170214716774,-9.220913526505898,-0.10460824787383646,-0.6264996662258133,0.6351729821901192,-14.929456258265645
1262,10.475511899999674,129.446625606471,255.4473876207005,30.469744181215482,60.12838508610335,-9.387906136249288,0.2353846153846154,-0.4833399252295507,-0.9291615002409586,-9.294988369363683,-0.02988733186965343,-0.8439198772733614,0.8444489397609379,-10.945947895943092
1263,10.487175299999763,129.4491541127994,255.46988676113216,30.47033935270509,60.13368103762034,-9.447442067093608,0.2353846153846154,-0.48274475373994363,-0.9344574517579503,-9.369330925825865,0.06772074252312438,-0.7444737699657801,0.747547518981198,-16.320168459909873
1264,10.490605499999674,129.4526587064225,255.48902701865217,30.471164280127145,60.13818635977505,-9.459349253262472,0.2353846153846154,-0.4819198263178883,-0.9389627739126567,-9.443727025008922,0.14230185270565177,-0.8756048649340042,0.8870928343637755,-9.746650126590293
1265,10.503242999999657,129.45672775643962,255.5043978679443,30.472122071900404,60.14180442122382,-9.461730690496244,0.2353846153846154,-0.4809620345446284,-0.9425808353614258,-9.458606244845535,0.09969242184965144,-0.6152123542178572,0.6232373703144951,-7.912246117947038
1266,10.506660399999873,129.46110958193216,255.51625144452515,30.47315348620865,60.14459457078823,-9.462206977943,0.2353846153846154,-0.47993062023638444,-0.9453709849258374,-9.461582088812857,0.2716184877646676,-0.5700199888751956,0.631426472847665,-0.6984510408845448
1267,10.519276599999557,129.4519625761471,255.52728292338713,30.47100042177001,60.14719121119728,-9.46230223543235,0.2353846153846154,-0.48208368467502183,-0.9479676253348899,-9.46217725760632,0.2514198376315788,-0.3203809145333998,0.40725405480111193,-0.3153482528070011
1268,10.523515999999745,129.46836402660514,255.53139119593467,30.474861070877825,60.14815823535078,-9.462321286930221,0.2353846153846154,-0.4782230355672077,-0.9489346494883861,-9.462296291365014,0.11492428066487363,-0.31991447824359787,0.3399306748091618,-0.025736298788415202
1269,10.535687399999915,129.4755771821884,255.53476430288993,30.476558936730502,60.14895221283409,-9.462325097229794,0.2353846153846154,-0.47652516971453096,-0.949728626971698,-9.462320098116756,0.11429955884080471,-0.1510924101513029,0.18945528643068296,-0.010467575160793819
1270,10.539165899999716,129.46661158070336,255.53896069852522,30.474448572073253,60.1499399798067,-9.46232585928971,0.2353846153846154,-0.4786355343717794,-0.9507163939443117,-9.462324859467104,0.42756995925581887,-0.06262200141877267,0.4321314442617146,-1.3776266653854308
1271,10.551567799999702,129.48234884854497,255.53750354133052,30.478152882811354,60.14959698742088,-9.462326011701693,0.2353846153846154,-0.47493122363367846,-0.9503734015584868,-9.513539190643426,0.271197427556339,-0.05834901232754728,0.27740341013184394,-8.828087022701135
1272,10.554914099999678,129.50219045310303,255.53414089998108,30.482823291268865,60.148805473380165,-9.462326042184088,0.2353846153846154,-0.470260815176168,-0.9495818875177733,-9.588340162347441,0.30643661665552174,-0.28342685138272805,0.41741367983334016,-11.28059071616161
1273,10.56881089999979,129.50979443944763,255.54634650429216,30.484613152669983,60.15167848485646,-9.718392942811818,0.2353846153846154,-0.46847095377505,-0.9524548989940698,-9.690605044188242,0.42661456507870865,-0.3199611049355642,0.5332683150243251,
1274,10.572276199999578,129.51444201806504,255.56387468149296,30.48570712117531,60.155804348105264,-9.836329955749864,0.2353846153846154,-0.4673769852697234,-0.9565807622428721,-9.817033362353278,0.21065558690114433,-0.7571220977715583,0.7858814460379318,
1275,10.584109799999624,129.51415051306117,255.58733402681855,30.48563850538209,60.16132631708191,-9.973650268493724,0.2353846153846154,-0.4674456010629413,-0.9621027312195167,-9.929623713486285,-0.06195023019457581,-0.8698707504756533,0.8720739381235041,
1276,10.58723209999971,129.50378939828482,255.61596116173394,30.483199658365503,60.168064704223525,-10.094467602526871,0.2353846153846154,-0.46988444807952945,-0.9688411183611336,-9.988233092306634,-0.03715335455426618,-0.9856816089551085,0.9863815722056888,-10.765474629820304
1277,10.600481299999956,129.50562798311614,255.6343789317909,30.483632432948877,60.17239996394463,-10.025277797849125,0.2353846153846154,-0.469451673496156,-0.9731763780822362,-10.041372204398828,-0.13758437503608262,-0.8188383012956068,0.8303165805418703,-12.427478382862239
1278,10.604489899999862,129.5099328441677,255.64776099271336,30.484645731011785,60.175549895207915,-10.011439836913576,0.2353846153846154,-0.46843837543324796,-0.9763263093455237,-10.099498806114141,-0.21526934929617297,-1.3198230515006415,1.3372635417219982,-6.502396902865236
1279,10.616162199999962,129.5006864886298,255.66543451087364,30.482469281169788,60.179709969482566,-10.10202551621084,0.2353846153846154,-0.4706148252752449,-0.9804863836201747,-10.111124126457204,-0.09702825162680137,-0.9504401641151871,0.9553800223874569,-7.083530968550233
1280,10.619810999999572,129.49457546126877,255.71149794046255,30.481030839344804,60.190552592139646,-10.264283277070295,0.2353846153846154,-0.4720532671002289,-0.9913290062772546,-10.132119844822693,-0.1731393930027425,-1.249032423034237,1.260975512529936,-4.414362705746241
1281,10.632371899999725,129.48444174739728,255.7281064187094,30.478645519002747,60.1944619724039,-10.152594204242185,0.2353846153846154,-0.47443858744228606,-0.9952383865415086,-10.213677386933291,-0.21867238939060016,-1.2639606917868278,1.282737012900162,-10.433288299237388
1282,10.636308299999655,129.4786238645837,255.7585456171285,30.47727607889432,60.2016268914164,-10.130256389676562,0.2353846153846154,-0.4758080275507126,-1.0024033055540116,-10.288676639496039,-0.15154941235289407,-1.610733927145034,1.6178476468569503,-9.795421709429094
1283,10.647988799999894,129.47987019954437,255.8012430021825,30.477569446969675,60.211677198975266,-10.419227547466564,0.2353846153846154,-0.4755146594753583,-1.012453613112875,-10.333536109149211,-0.060268748492632945,-1.1539223649634698,1.155495195320065,-12.661816686425501
1284,10.65247189999991,129.48271092757165,255.84105400616085,30.478238110643787,60.221048096834785,-10.477021779024565,0.2353846153846154,-0.4748459958012461,-1.0218245109723938,-10.401195747220468,-0.013289205511739517,-1.1768854452103383,1.176960472628996,-8.399483029880683
1285,10.663997999999992,129.485755704305,255.87471891535859,30.4789548042441,60.22897229853825,-10.488580625336164,0.2353846153846154,-0.4741293022009323,-1.029748712675861,-10.473415418975346,0.08680843834459362,-1.0628087989822474,1.0663480895851571,-7.439065176042184
1286,10.679054899999755,129.48863405547078,255.90197211775566,30.4796323238262,60.23538728310249,-10.490892394598484,0.2353846153846154,-0.47345178261883447,-1.0361636972400987,-10.48785935332632,0.0907625603672408,-0.953688326515304,0.9579975294832331,-6.530107187557757
1287,10.683077599999706,129.49124191840872,255.92333085902877,30.480246174640822,60.24041480220215,-10.491354748450949,0.2353846153846154,-0.47283793180421085,-1.0411912163397616,-10.537601167540263,0.15218426767433318,-0.7630852781246292,0.778112583768002,-6.011398986191855
1288,10.695138299999599,129.49354183336195,255.93946232291148,30.480787539237504,60.24421190062378,-10.491447219221442,0.2353846153846154,-0.472296567207529,-1.0449883147613903,-10.594402557726802,0.17523359020246287,-0.6991928918234444,0.7208172522294922,-9.975364526492509
1289,10.699668099999599,129.50232222591862,255.9613479720853,30.482854308562384,60.249363445737,-10.725730850094289,0.2353846153846154,-0.4702297978826486,-1.0501398598746121,-10.652615863107862,0.234019713436783,-0.7362929032973717,0.7725881604859777,-7.431719744806829
1290,10.712023699999918,129.51163554915544,255.98066673545296,30.485046521570435,60.253910785422,-10.772587576268858,0.2353846153846154,-0.46803758487459746,-1.0546871995596092,-10.71111155152782,0.23728104918582102,-0.5385597302541211,0.5885141284235372,-9.200832609745552
1291,10.71786899999961,129.5200521368006,255.99585332937104,30.48702765681614,60.257485475990414,-10.781958921503772,0.2353846153846154,-0.46605644962889414,-1.0582618901280227,-10.769663716555565,0.29012473388711024,-0.5537334185788338,0.625134433593342,-5.305687316811243
1292,10.727914399999918,129.52726034865327,256.0069970847842,30.488724358990694,60.260108544572276,-10.783833190550755,0.2353846153846154,-0.4643597474543384,-1.0608849587098845,-10.781374149561112,0.22058300287514007,-0.3466625224045704,0.4108914279920102,-3.8977322199167093
1293,10.732502399999703,129.5332852714895,256.01461243037573,30.49014253313522,60.261901079765366,-10.78420804436015,0.2353846153846154,-0.4629415733098128,-1.0626774939029744,-10.783716236162222,0.22535121059528548,-0.2955429072871119,0.37165680158511716,-0.5734237470710797
1294,10.74313869999969,129.53819039746222,256.0192170724377,30.491297124325722,60.262984941666105,-10.78428301512203,0.2353846153846154,-0.46178698211931035,-1.0637613558037131,-10.784184653482443,0.10648385528132084,-0.18609602522425842,0.21440742067344848,-0.1916793572420693
1295,10.747704699999758,129.54209459643587,256.0213982012149,30.49221611269952,60.26349834582442,-10.784298009274407,0.2353846153846154,-0.4608679937455129,-1.0642747599620321,-10.784278336946489,0.07772680769194922,-0.12046538576674434,0.1433644509699381,-0.022063961971352984
1296,10.759166099999675,129.52965817059334,256.0245298481553,30.489288769385816,60.264235487335014,-10.784301008104881,0.2353846153846154,-0.46379533705921716,-1.065011901472623,-10.784297073639298,-0.031195850850023722,-0.043066897789175,0.05317836773952518,-0.007755988448475232
1297,10.7625251999998,129.53001662394718,256.02357325793724,30.489373143790644,60.26401032071446,-10.784301607870976,0.2353846153846154,-0.46371096265438894,-1.0647867348520705,-10.784300820977862,-0.03534948743939442,0.022765255670893127,0.04204572663171652,-0.0009368895178856323
1298,10.7749488999998,129.51758640085984,256.023768985871,30.486447260510086,60.26405639205887,-10.784301727824195,0.2353846153846154,-0.46663684593494636,-1.0648328061964776,-10.784301570445573,-0.11668299484350851,0.051082433354495256,0.1273747866850684,-8.052292597550066
1299,10.778430499999558,129.5188848204298,256.020407578499,30.48675288850117,60.26326516847745,-10.784301751814839,0.2353846153846154,-0.4663312179438641,-1.0640415826150615,-10.868402062135992,-0.08345992801509015,-0.18075456912073812,0.19909237514859207,-10.662314678635378
1300,10.791317499999877,129.50763944851565,256.01881191659743,30.484105900958298,60.26288957421447,-10.784301756612969,0.2353846153846154,-0.4689782054867351,-1.0636659883520778,-10.969322502270948,-0.023939551726723754,-0.2518850322828648,0.25302010122718777,
1301,10.794565299999704,129.50640739020508,256.03569357973527,30.483815893386737,60.266863257999226,-11.20480346655697,0.2353846153846154,-0.4692682130582959,-1.0676396721368349,-11.073606932094812,0.07668107984929123,-0.4888929097992562,0.49486994782350346,
1302,10.807228499999837,129.52376905336183,256.0512207582151,30.487902561791323,60.27051811693371,-11.288903808545768,0.2353846153846154,-0.46518154465371,-1.0712945310713167,-11.178564159856464,0.05985376313239003,-0.586692140920504,0.5897373493166198,
1303,10.810462599999937,129.52744571182677,256.06755372471,30.488767990629995,60.27436264597021,-11.305723876943528,0.2353846153846154,-0.46431611581503773,-1.0751390601078157,-11.283655947205668,0.09064812205720792,-0.7674282916702297,0.7727633951529962,
1304,10.823253299999578,129.52764389865982,256.0817764316658,30.488814640761465,60.277710452376716,-11.309087890623081,0.2353846153846154,-0.464269465683568,-1.078486866514325,-11.304674304675508,0.10522811899708111,-0.556377944182953,0.5662414447926901,
1305,10.82637879999993,129.52696102349307,256.0933887490297,30.488653902452985,60.28044381323315,-11.309760693358992,0.2353846153846154,-0.46443020399204826,-1.081220227370757,-11.308877976169478,0.026761275967471188,-0.6034770157634626,0.6040700906734099,-1.0179594085182182
1306,10.839182099999562,129.5260693269182,256.1025403024918,30.488444010797668,60.28259794812499,-11.309895253906173,0.2353846153846154,-0.46464009564736486,-1.083374362262596,-11.309718710468273,-0.030055625325943584,-0.3841961283981541,0.3853699595062703,-0.4882062396946245
1307,10.842296299999816,129.52514831317487,256.1094744921269,30.488227218331932,60.28423014968525,-11.30992216601561,0.2353846153846154,-0.46485688811310055,-1.0850065638228585,-11.309886857328031,-0.04223213072463361,-0.3784654819686588,0.38081448752287744,-0.04076473123341537
1308,10.855058099999951,129.52425430241482,256.11448104978956,30.488016781953025,60.28540861633508,-11.309927548437496,0.2353846153846154,-0.4650673244920078,-1.0861850304726914,-11.309920486699982,-0.03464567493461751,-0.21073525722899566,0.21356420915276544,-0.019533024352549604
1309,10.858471699999882,129.52342426285958,256.1178612902794,30.487821403411562,60.28620427294269,-11.309928624921874,0.2353846153846154,-0.4652627030334706,-1.086980687080299,-11.309927212574372,-0.04027501528561315,-0.18855825691410355,0.19281154816748255,-0.0015691274946161055
1310,10.871671799999604,129.52266743656452,256.1198736477652,30.487643258145187,60.2866779509355,-11.309928840218749,0.2353846153846154,-0.46544084829984556,-1.087454365073107,-11.30992855774925,-0.02871907844661213,-0.08380024303678213,0.08858479666312055,-0.0007152367475895729
1311,10.875332799999796,129.52197468995166,256.1207658362577,30.48748019625016,60.28688795838066,-11.309928883278126,0.2353846153846154,-0.46560391019487213,-1.0876643725182689,-11.309928826784224,-0.0270568934358559,-0.06323557721454354,0.06878091092778403,-5.99199912225922e-05
1312,10.887654599999678,129.52135518371838,256.1207828897285,30.487334374013713,60.28689197250532,-11.30992889189,0.2353846153846154,-0.4657497324313198,-1.0876683866429318,-11.309928880591219,-0.02198637037809647,-0.00015579513734852168,0.021986922352336156,-2.6185233816819097e-05
1313,10.902981099999579,129.52082265213076,256.1201005075884,30.48720902427078,60.286731350247734,-11.309928893612375,0.2353846153846154,-0.46587508217425366,-1.087507764385343,-11.309928891352621,-0.02071742626224011,0.01272488945500349,0.024313258987092107,-8.99055810559161
1314,10.906414199999745,129.52035764057175,256.11889994379163,30.48709956770381,60.28644875600018,-11.309928893956851,0.2353846153846154,-0.46598453874122114,-1.087225170137792,-11.402525329051777,0.17003999628362795,-0.23423257428777888,0.289445157488627,-11.869060637805289
1315,10.91928149999967,129.51996672947888,256.11734095274477,30.487007553246567,60.28608179349223,-11.309928894025745,0.2353846153846154,-0.46607655319846586,-1.086858207629838,-11.513641052138482,0.2271291846154485,-0.311616220930231,0.3856064517755337,
1316,10.922633599999699,129.5329152663541,256.13574240371355,30.490055439618736,60.290413211951034,-11.7729110717739,0.2353846153846154,-0.46302866682629684,-1.0911896260886422,-11.6284606323027,0.17896732325649667,-0.6332482546970397,0.6580521672864867,
1317,10.935224299999845,129.5475507160026,256.1564560477057,30.49350039930523,60.295288885075344,-11.86550750732353,0.2353846153846154,-0.459583707139803,-1.0960652992129525,-11.744020983882418,0.22086337830174452,-0.7106486260349659,0.744178810206421,
1318,10.93851629999972,129.54406846513348,256.17880059639907,30.492680731023725,60.300548448075475,-11.884026794433456,0.2353846153846154,-0.4604033754213077,-1.1013248622130831,-11.859729489745234,0.38204865573037045,-0.896949834561384,0.974925731050872,
1319,10.951195499999812,129.55363491413493,256.19521284441225,30.49493252594253,60.30441163876166,-11.887730651855442,0.2353846153846154,-0.45815158050250204,-1.1051880528992655,-11.882871190917797,0.23729578615812094,-0.6743278288535381,0.7148617425032111,
1320,10.954544199999873,129.56499869435405,256.2080591925484,30.49760738497872,60.30743547147677,-11.888471423339839,0.2353846153846154,-0.4554767214663116,-1.1082118856143808,-11.88749953115231,0.30952122015297723,-0.7071467312888837,0.7719196106444897,-1.0924412744696252
1321,10.967763699999978,129.57541562817835,256.2181143464769,30.50005937094044,60.30980230001687,-11.888619577636717,0.2353846153846154,-0.45302473550459155,-1.110578714154478,-11.888425199199212,0.32313136260411074,-0.42256358646607706,0.5319528758315561,-6.597291312800567
1322,10.97105509999983,129.58429122393912,256.2258237526348,30.5021485496349,60.3116169756202,-11.888649208496094,0.2353846153846154,-0.4509355568101334,-1.1123933897578056,-11.948788555464843,0.2202073868079617,-0.6581230629689232,0.6939864978631707,-8.059840572611032
1323,10.983577399999831,129.57466548786954,256.2351210992915,30.49988279945237,60.313805427987084,-11.88865513466797,0.2353846153846154,-0.45320130699266414,-1.114581842124693,-12.02103944937422,0.04808810749975946,-0.5514437503537517,0.5535365172119354,
1324,10.986944599999788,129.569844350483,256.25632818742054,30.498747977882925,60.31879725026976,-12.189547433183595,0.2353846153846154,-0.45433612856210814,-1.119573664407369,-12.137913944562346,0.04559936328104723,-0.8419764140084373,0.8432102843764089,
1325,11.000335599999744,129.5663273595934,256.27735414158167,30.49792013233506,60.32374643640307,-12.24972589288672,0.2353846153846154,-0.455163974109972,-1.1245228505406786,-12.263713160006219,0.0055510198689027596,-0.8164800118280999,0.8164988815279536,
1326,11.004276799999843,129.56922466216398,256.3046748391064,30.49860211278629,60.33017730828197,-12.472992053577345,0.2353846153846154,-0.4544819936587423,-1.1309537224195765,-12.391297319501247,0.12203486149702007,-1.0683650807477278,1.075312258454118,
1327,11.016039499999806,129.59093745216208,256.3258559046008,30.50371296950892,60.33516300523681,-12.517645285715469,0.2353846153846154,-0.4493711369361115,-1.1359394193744166,-12.459060245150251,0.19456403423544527,-0.8361974850074554,0.8585344473873865,
1328,11.019436699999915,129.5967318605991,256.346554918533,30.505076884110252,60.340035234670076,-12.526575932143095,0.2353846153846154,-0.4480072223347804,-1.1408116488076843,-12.514858924030047,-0.011238619994699633,-0.9808576972128189,0.9809220808815649,-7.686280961701256
1329,11.03221829999984,129.5981232422494,256.3640206266059,30.505404393944854,60.344146393647236,-12.52836206142862,0.2353846153846154,-0.4476797125001788,-1.1449228077848446,-12.52601865980601,-0.1257272738483462,-0.7130034348074212,0.7240036225299689,-5.959301400192764
1330,11.036067199999707,129.58028642579671,256.38189108194445,30.50120588176446,60.348352823903845,-12.528719287285725,0.2353846153846154,-0.4518782246805735,-1.1491292380414535,-12.528250606961201,-0.4787829938636919,-0.791795307528739,0.92529614947735,-0.49658616064832023
1331,11.048211599999831,129.55967960815815,256.3969788129666,30.496355353920304,60.351904243667526,-12.528790732457146,0.2353846153846154,-0.4567287525247288,-1.152680657805135,-12.528696996392238,-0.6246499306934248,-0.5390128634046851,0.8250590299069626,-0.21427392836070006
1332,11.051622699999825,129.54039445037938,256.4088302745307,30.491815924473915,60.35469389538954,-12.52880502149143,0.2353846153846154,-0.46126818197111774,-1.1554703095271464,-12.528786274278445,-0.8128403069723343,-0.5528492227630806,0.9830318549002474,-0.021464559900562376
1333,11.063818199999787,129.5234080913546,256.41765251492177,30.487817596888085,60.35677051505082,-12.528807879298286,0.2353846153846154,-0.4652665095569475,-1.1575469291884275,-12.528804129855688,-0.5729905635405224,-0.3344340658605937,0.6634488151429115,-0.009530510815137852
1334,11.067558899999767,129.50886181898125,256.42386350714844,30.484393628160202,60.35823248706725,-12.528808450859657,0.2353846153846154,-0.4686904782848309,-1.1590089012048566,-12.528807700971136,-0.5709311094037874,-0.2926219920322784,0.6415527740614784,-0.0008258440769128992
1335,11.079714799999692,129.51446063296797,256.42390563508786,30.485711502837077,60.358242403336064,-12.528808565171932,0.2353846153846154,-0.46737260360795574,-1.1590188174736724,-12.528808415194229,-0.3460899169070427,-0.1334770456459894,0.37093712715109184,-0.0003478372802163543
1336,11.084461799999644,129.50661351029277,256.4255870044751,30.483864410884298,60.358638171822605,-12.528808588034387,0.2353846153846154,-0.46921969556073506,-1.1594145859602136,-12.528808558038847,-0.37417758594695816,-0.10023424903005652,0.38737032734027604,-3.0476362357909274e-05
1337,11.095525299999736,129.49690407947747,256.42662532777894,30.481578960246235,60.35888257715412,-12.528808592606879,0.2353846153846154,-0.4715051461987976,-1.1596589912917281,-12.528808586607774,-0.1844446289339229,-0.010218901055999902,0.18472749411326086,-1.1321215644002552e-05
1338,11.09995519999984,129.488090918551,256.42670180313615,30.479504477751235,60.35890057827667,-12.528808593521376,0.2353846153846154,-0.4735796286937983,-1.1596769924142762,-12.528808592321557,-0.21962285808358128,-0.005097173565576794,0.21968199965213012,-3.416972290981862
1339,11.111063799999556,129.48966417861237,256.4239056753934,30.47987479896568,60.35824241282338,-12.528808593704277,0.2353846153846154,-0.4732093074793511,-1.1590188269609882,-12.642681884479941,-0.029286523188812905,-0.2435180108708427,0.2452727503392514,-6.155544493949998
1340,11.12769629999957,129.48489620822733,256.4221537870124,30.478752492090432,60.357830045250616,-12.528808593740855,0.2353846153846154,-0.47433161435460036,-1.1586064593882242,-12.77932983392724,0.06651338704999361,-0.3490153439063877,0.3552966942415259,
1341,11.131961899999624,129.49509108696896,256.4452677558351,30.481152209701925,60.36327071791196,-13.098175048826297,0.2353846153846154,-0.47193189674310787,-1.1640471320495678,-12.920532714832326,0.3023017593903409,-0.6168286253255082,0.6869235086612276,
1342,11.143073299999742,129.50795093336333,256.4712107377869,30.48417921969937,60.369377296740616,-13.212048339843385,0.2353846153846154,-0.468904886745662,-1.1701537108782247,-13.062646582028966,0.3401498699651723,-0.7080272616514165,0.785496363631893,
1343,11.147178199999871,129.520344056583,256.4946337391342,30.487096370241847,60.3748907109039,-13.234822998046802,0.2353846153846154,-0.4659877362031857,-1.1756671250415067,-13.204942646483921,0.4220170445644851,-0.9486244578845612,1.0382614063903752,
1344,11.158962900000006,129.53148753392114,256.51449705783045,30.48971937336913,60.379566230535474,-13.239377929687485,0.2353846153846154,-0.46336473307590254,-1.1803426446730825,-13.23340185937491,0.33817638044087045,-0.741966493878701,0.8154002344411858,
1345,11.162433399999827,129.53652788933965,256.5318682830123,30.49090579549072,60.38365514969366,-13.240288916015622,0.2353846153846154,-0.4621783109543145,-1.184431563831268,-13.23909370195311,0.3691520327258128,-0.746129608254953,0.8324557739485559,-1.381447111492972
1346,11.175174199999674,129.5442882223349,256.54497726362416,30.49273245848806,60.38674080205307,-13.24047111328125,0.2353846153846154,-0.4603516479569727,-1.1875172161906775,-13.24023207046875,0.25223915513839795,-0.5061478911268846,0.565517708897896,-0.5949763471104982
1347,11.179275199999665,129.55173291373802,256.5549149702029,30.494484824310643,60.38907998529391,-13.240507552734375,0.2353846153846154,-0.45859928213439005,-1.1898563994315197,-13.240459744171876,0.2790861339909121,-0.4954204299985076,0.5686215548551599,-0.049551020113558455
1348,11.191295499999796,129.55817172330757,256.56222880358587,30.496000421024704,60.39080154915175,-13.240514840625,0.2353846153846154,-0.4570836854203293,-1.1915779632893617,-13.2405052789125,0.15528919934493465,-0.28927884461575404,0.3283245122975384,-0.020631765728708493
1349,11.194810999999845,129.56350075553394,256.5673531603691,30.497254793225682,60.39200774390227,-13.240516298203126,0.2353846153846154,-0.4558293132193505,-1.1927841580398777,-13.240514385860628,-0.09839072217431927,-0.3265477635775033,0.34104864184959466,-0.002175691659670518
1350,11.207083799999964,129.54905161100262,256.5750429409712,30.49385368689754,60.39381779995168,-13.240516589718752,0.2353846153846154,-0.45923041954749166,-1.1945942140892853,-13.240516207250252,-0.2479453637321195,-0.23196562050914352,0.33953637874967835,-2.193924574407798
1351,11.21077989999958,129.53138598014323,256.5817719046764,30.489695469172176,60.395401694485365,-13.240516648021876,0.2353846153846154,-0.46338863727285684,-1.1961781086229735,-13.264832977778175,-0.41763063911594756,-0.31347734841137365,0.5221909599901368,-2.9840527007892836
1352,11.223076599999786,129.51464428556315,256.58686448495814,30.485754731832557,60.396600409536305,-13.2405166596825,0.2353846153846154,-0.4673293746124756,-1.1973768236739133,-13.294012738133762,-0.5217329767090516,-0.2740619172925504,0.5893345683868855,-5.634806614176206
1353,11.226868199999899,129.50300875815836,256.5957365069817,30.483015907689584,60.398688747028004,-13.362098693264626,0.2353846153846154,-0.4700681987554489,-1.1994651611656124,-13.324165096454877,-0.5510253797200453,-0.319170121118942,0.6367876689373784,-4.210027616218451
1354,11.240035599999828,129.49385140218607,256.603905440222,30.480860406976106,60.40061158823686,-13.38641509998105,0.2353846153846154,-0.47222369946892684,-1.2013880023744719,-13.3545119743691,-0.3511841749493661,-0.2539164865553381,0.43336348124810214,-8.894618670723933
1355,11.24416949999977,129.4864122218844,256.6104566457,30.47910933838202,60.402153641218625,-13.391278381324335,0.2353846153846154,-0.4739747680630124,-1.2029300553562337,-13.42241850815507,-0.28397858295994,-0.3959614371433817,0.4872671703332657,-7.757842696488964
1356,11.255420299999969,129.48039822148672,256.61534456913984,30.477693735211492,60.403304183197534,-13.392251037592992,0.2353846153846154,-0.4753903712335408,-1.2040805973351425,-13.47352056686539,-0.13220262062512758,-0.32918587990352005,0.35474057623565725,
1357,11.258817999999792,129.48062277924862,256.62700356171854,30.477746592653904,60.40604853068144,-13.58004932861235,0.2353846153846154,-0.47533751379112843,-1.2068249448190471,-13.586740246185581,0.03963793844929499,-0.5952827155855648,0.5966009366732795,
1358,11.27119619999985,129.482544305652,256.6384098259765,30.478198890407317,60.40873338980678,-13.617608986816222,0.2353846153846154,-0.47488521603771616,-1.2095098039443855,-13.712383449627744,0.17391607822965244,-0.6149042364702573,0.6390258385197367,
1359,11.275014999999712,129.4938279099091,256.6623642973144,30.480854877255528,60.41437190382939,-13.952513496581997,0.2353846153846154,-0.47222922918950516,-1.2151483179669995,-13.840511357894304,0.35315649554452405,-0.866964192325234,0.9361337624076138,
1360,11.28686929999958,129.50630762444993,256.6860912574341,30.48379241006283,60.41995686521141,-14.019494398535151,0.2353846153846154,-0.4692916963822036,-1.2207332793490195,-13.931615455172615,0.3887082545175716,-0.769110773513527,0.8617572100450759,
1361,11.290420599999834,129.51793051329022,256.7066485467804,30.48652825928216,60.42479573485754,-14.032890578925782,0.2353846153846154,-0.4665558471628728,-1.2255721489951483,-14.015314790253274,0.4986255775038983,-0.904835146584943,1.0331283119905732,-10.86396102941886
1362,11.30293249999977,129.52820623061749,256.72357528366774,30.48894700505304,60.42878002830948,-14.035569815003907,0.2353846153846154,-0.4641371013919944,-1.229556442447091,-14.03205465726941,0.3877202865047197,-0.6489506680159476,0.7559523728950432,-8.616126678420498
1363,11.306487299999844,129.53705796634577,256.73709957042865,30.49103056746293,60.43196343734705,-14.036105662219533,0.2353846153846154,-0.46205353898210433,-1.2327398514846593,-14.035402630672634,0.41936142774224816,-0.6562909198711199,0.7788336013445346,-0.7777891340615688
1364,11.318971799999872,129.5445351825044,256.74755309084935,30.492790589112577,60.43442403523069,-14.036212831662658,0.2353846153846154,-0.46029351733245605,-1.2352004493682998,-14.03607222535328,0.2838778464787038,-0.40393224884287626,0.49370830798827947,-0.3442230053029753
1365,11.322570099999666,129.5507417973351,256.7553163122631,30.49425153075734,60.43625137811732,-14.036234265551283,0.2353846153846154,-0.4588325756876941,-1.2370277922549278,-14.036206144289407,0.29721293482302824,-0.38632261950094904,0.4874225014955636,-1.8442199803463026
1366,11.335336999999981,129.55578389904082,256.76078189789,30.49543836392807,60.43753789288796,-14.036238552329008,0.2353846153846154,-0.4576457425169629,-1.2383143070255684,-14.105681170264134,0.23444320704304034,-0.29303415930122234,0.375276745677107,-9.50597774077408
1367,11.3389545,129.55977956240667,256.7643226717381,30.49637888161265,60.438371336578356,-14.036239409684553,0.2353846153846154,-0.4567052248323833,-1.239147750715965,-14.189024417646577,0.24858337042293654,-0.3212399822202804,0.4061881561883765,-9.952293332039867
1368,11.35106689999975,129.5737904106212,256.786402323208,30.499676819730837,60.44356854684742,-14.383480792093161,0.2353846153846154,-0.45340728671419583,-1.244344960985032,-14.20569306712307,0.2604670966304355,-0.491044533544271,0.5558487585223154,-9.638206128860668
1369,11.367242299999816,129.58833667125882,256.809637690177,30.503100785696304,60.44903779476474,-14.452929068574882,0.2353846153846154,-0.4499833207487285,-1.2498142089023503,-14.278475039205865,0.2777521595446225,-0.5307099374430074,0.5989985808267514,-10.03865850632785
1370,11.370707799999764,129.59518902621315,256.82961431756377,30.50471372463171,60.45373998551886,-14.119577512933727,0.2353846153846154,-0.4483703818133229,-1.2545163996564668,-14.362479675809924,0.35038992279009074,-0.6639025630679377,0.750692820826883,-10.006309015308998
1371,11.383842599999753,129.60519908150445,256.84630433622686,30.50706993764643,60.45766855914263,-14.400148412742995,0.2353846153846154,-0.4460141687986017,-1.2584449732802412,-14.379280603130738,0.3246857117341495,-0.6163611483230802,0.6966504694367595,-8.8264868316962
1372,11.387342499999704,129.61446505357924,256.85963211433017,30.50925100491942,60.46080571306541,-14.45626259270485,0.2353846153846154,-0.4438331015256125,-1.2615821272030203,-14.3826407885949,0.3736181352910684,-0.662118341066021,0.7602573305101338,-2.60143251028932
1373,11.399942499999725,129.62216026974247,256.8698762903013,30.511062340416302,60.463217034486306,-14.46748542869722,0.2353846153846154,-0.44202176602873067,-1.2639934486239142,-14.45276106787523,0.2146814984393502,-0.43096755458470604,0.48147811879345703,-8.314918005484385
1374,11.40307759999996,129.62823827910555,256.8774269583175,30.512493010312536,60.4649943455732,-14.469729995895694,0.2353846153846154,-0.44059109613249703,-1.2657707597108114,-14.510508268262546,0.27181300528690494,-0.575129924930071,0.6361263556819259,-9.405701492395462
1375,11.416136899999856,129.6099709467295,256.88858433967704,30.508193161307098,60.46762062149321,-14.470178909335388,0.2353846153846154,-0.44489094513793503,-1.2683970356308194,-14.56578085287126,0.1627852375317298,-0.46405246018835605,0.49177608661374284,-12.312741686980901
1376,11.419971199999964,129.61754629503199,256.9051981479075,30.509976281753683,60.47153125635362,-14.68888441467958,0.2353846153846154,-0.44310782469134935,-1.2723076704912302,-14.62055851432425,-0.12558855648053416,-0.717428361961417,0.7283377925561094,-7.683766561985465
1377,11.432034499999645,129.62154584499822,256.9226725228167,30.510917714284197,60.4756444553707,-14.732625515748417,0.2353846153846154,-0.44216639216083564,-1.276420869508307,-14.675237191146099,-0.29585622285821256,-0.6702816173161049,0.7326720624643891,-11.796231083150063
1378,11.435333199999604,129.60335399054642,256.94310862142686,30.506635631620927,60.48045479858202,-14.741373735962185,0.2353846153846154,-0.44644847482410555,-1.281231212719625,-14.729896071041718,-0.444747299892706,-0.9725314310388034,1.0694005541050722,-7.317257330792383
1379,11.448204699999678,129.58175433015614,256.9612181343606,30.501551403867524,60.48471749931873,-14.743123380004938,0.2353846153846154,-0.4515327025775093,-1.2854939134563352,-14.740827847020844,-0.6047772808986999,-0.8184162020576901,1.0176249993400117,-6.001221788075115
1380,11.451944999999796,129.56469288551756,256.98842770253543,30.497535402283365,60.49112221305834,-14.743473308813488,0.2353846153846154,-0.45554870416166793,-1.2918986271959483,-14.743014202216667,-0.8128924337241714,-0.8422627483005676,1.1705556996490307,-0.48977713131075035
1381,11.464265799999794,129.54715237787354,257.00147856870024,30.49340663663793,60.49419418617098,-14.743543294575199,0.2353846153846154,-0.45967746980710444,-1.294970600308588,-14.743451473255835,-0.5927995397673296,-0.616354170377008,0.8551630006551311,-1.3675155050838612
1382,11.468100399999912,129.531471932359,257.00897559920634,30.48971570100143,60.49595887181319,-14.74355729172754,0.2353846153846154,-0.46336840544360314,-1.2967352859507955,-14.75680552902617,-0.5991172393950942,-0.8033906193904393,1.0021865863525377,-3.514927667986823
1383,11.480128699999568,129.52137201141005,257.02577295253593,30.487338334993442,60.499912710366154,-14.74356009115801,0.2353846153846154,-0.4657457714515907,-1.3006891245037622,-14.841325705414613,-0.3362620811581348,-0.5502819905205215,0.644889491553419,-12.622359545112698
1384,11.483738399999766,129.5148301549521,257.04519293295823,30.48579848262719,60.50448387498863,-14.809893658856602,0.2353846153846154,-0.467285623817844,-1.3052602891262381,-14.940079105926676,-0.16008743028753003,-0.8029945710234236,0.81879684075426,-14.264288488832293
1385,11.495821699999851,129.5271793710134,257.06812959310287,30.48870529810008,60.509882811914984,-15.166074190755698,0.2353846153846154,-0.4643788083449536,-1.3106592260525929,-15.041679151263462,0.04202809969388095,-0.8281234911416793,0.8291892894535975,-19.367203348100297
1386,11.50039599999991,129.5377854433393,257.09753013997494,30.49120180435525,60.516803248332565,-15.237310297135515,0.2353846153846154,-0.46188230208978354,-1.3175796624701732,-15.143848525565193,0.08619998516508105,-1.0078088389775819,1.0114885532539664,-12.820706273417027
1387,11.51192919999994,129.54013941503405,257.1262349519859,30.491755893077244,60.52355991946745,-15.251557518411479,0.2353846153846154,-0.4613282133677892,-1.3243363336050606,-15.232865164097415,0.2034787209693886,-0.8330021637190336,0.8574941368009054,-11.282954565826328
1388,11.516620399999738,129.54060202294795,257.15069173360195,30.491864783863132,60.52931666960169,-15.254406962666673,0.2353846153846154,-0.46121932258190057,-1.3300930837392997,-15.25066849180386,0.16721839880263492,-0.9189627130457746,0.934052707756135,-3.9489970888573915
1389,11.527292299999772,129.5478473441159,257.16847890263875,30.493570220999587,60.5335034955442,-15.25497685151771,0.2353846153846154,-0.45951388544544614,-1.3342799096818112,-15.254229157345149,0.05642707469923212,-0.6617526287673514,0.6641540156015114,-1.4347283585709825
1390,11.531350299999758,129.5488690320739,257.18359158845266,30.493810710626626,60.53706078928193,-15.25509082928792,0.2353846153846154,-0.459273395818407,-1.3378372034195394,-15.25494129045341,0.03963468127199015,-0.6349872352932918,0.6362229930967213,-0.17364692184886765
1391,11.543416899999556,129.54844925264737,257.1952204068788,30.493711901007767,60.53979803423454,-15.255113624841961,0.2353846153846154,-0.45937220543726554,-1.340574448372152,-15.255083717075062,0.0911419157512601,-0.39651101474982536,0.40685111972900606,-0.06460721822767714
1392,11.547779399999854,129.5477835472927,257.20359788736425,30.4935552042089,60.54176996425651,-15.255118183952769,0.2353846153846154,-0.4595289022361335,-1.3425463783941183,-15.255112202399392,0.07289289328955578,-0.3489712695744182,0.3565029044489032,-0.006277662294801715
1393,11.559172999999646,129.5613729192939,257.2052802701809,30.496753933310714,60.54216597128873,-15.25511909577493,0.2353846153846154,-0.4563301731343188,-1.3429423854263405,-15.255117899464258,0.05395034471501722,-0.18028402467478316,0.18818333945332943,-2.1443536164767916
1394,11.563332399999581,129.562584440761,257.20801257242806,30.49703910682528,60.542809113202296,-15.255119278139363,0.2353846153846154,-0.45604499961975264,-1.3435855273399042,-15.281846333799107,0.0543518197612978,-0.15475434797685983,0.1640214270426508,-3.058537522954732
1395,11.574999199999638,129.5608273846043,257.20965695170077,30.496625522837626,60.54319617478495,-15.25511931461225,0.2353846153846154,-0.4564585836074073,-1.3439725889225613,-15.31391931558795,0.05929400912049129,-0.1531006400559259,0.1641815626162545,-4.674316949327796
1396,11.591290599999866,129.56039956465693,257.21652251429236,30.496524820603863,60.54481222259497,-15.388755796516202,0.2353846153846154,-0.4565592858411698,-1.345588636732579,-15.39289738850822,0.01523350588680837,-0.20728127276149985,0.20784028901834872,-11.074616458755612
1397,11.594738499999949,129.5602353892111,257.2230225353114,30.49648617622969,60.546342227542524,-15.415483092896991,0.2353846153846154,-0.45659793021534156,-1.347118641680133,-15.481256479654771,0.05492276624221527,-0.41411881014626994,0.41774501692857974,-12.565165975264682
1398,11.60723519999965,129.56344446741997,257.23925020169895,30.497241543869624,60.55016197055375,-15.650009460376275,0.2353846153846154,-0.455842562575409,-1.3509383846913607,-15.571491774446585,0.07301717229918436,-0.4533394080667563,0.45918201876476583,-17.66903227989227
1399,11.610404099999869,129.5670390953706,257.25525475013177,30.498087663987235,60.55392919503102,-15.69691473387213,0.2353846153846154,-0.4549964424577979,-1.3547056091686258,-15.635375015045568,0.10538460952272195,-0.555695161039906,0.56559970644213,-9.822781456049594
1400,11.624333799999931,129.57029523526842,257.2688231479822,30.49885410922472,60.55712298714042,-15.706295788571303,0.2353846153846154,-0.4542299972203132,-1.3578994012780257,-15.664462698321614,0.10805986003348815,-0.471384914631944,0.48361210809182825,-7.878649559307644
1401,11.628524099999595,129.57306620994015,257.2796996834799,30.499506354032068,60.55968315626527,-15.708171999511137,0.2353846153846154,-0.45357775241296494,-1.360459570402881,-15.670280234976827,0.11193255639716557,-0.4639023158585209,0.47721510437171155,-1.1915830443151163
1402,11.640367900000001,129.57317530492645,257.2808166445028,30.499532033313457,60.559946071706044,-15.560921509277229,0.2353846153846154,-0.45355207313157564,-1.3607224858436524,-15.67144374230787,0.06525225495109294,-0.24631842926604283,0.2548148845187286,-3.255396272287377
1403,11.644971199999873,129.57473608697381,257.2860626205984,30.499899417395376,60.56118089377162,-15.679097143652323,0.2353846153846154,-0.4531846890496567,-1.361957307909229,-15.709557303149078,-0.03132504202203492,-0.40035183659849016,0.4015754615579324,-4.124300146806562
1404,11.656361199999992,129.57636224439972,257.2909446712629,30.500282189835627,60.56233005338957,-15.70273227052734,0.2353846153846154,-0.45280191660940616,-1.3631064675271816,-15.755060874692317,-0.13491920318714368,-0.35141767051234546,0.37642737750723865,-10.83728631772184
1405,11.660141699999713,129.56949034137335,257.30699672689775,30.498664649584803,60.566108460331314,-15.896863592777343,0.2353846153846154,-0.45441945686022933,-1.3668848744689228,-15.83156759486034,-0.34755579017280325,-0.5322656769004419,0.6356900015643846,-9.493204900666445
1406,11.672662899999978,129.55021712880037,257.32648215291584,30.494128031856086,60.570695029840195,-15.935689857227343,0.2353846153846154,-0.45895607458894716,-1.3714714439778035,-15.884749798268944,-0.39212230161942296,-0.5247708059091315,0.6550910609692618,-11.778707795958493
1407,11.677133899999717,129.5300637426493,257.3440793394985,30.48938423480822,60.5748371368358,-15.943455110117345,0.2353846153846154,-0.4636998716368126,-1.375613550973405,-15.933267098325663,-0.43242548712566836,-0.5894209824635206,0.731032760198976,-5.309403960452666
1408,11.68883489999962,129.5229540154963,257.3555510848746,30.487710714416824,60.577537409208944,-15.945008160695345,0.2353846153846154,-0.4653733920282086,-1.3783138233465522,-15.942970558337006,-0.4005452642179835,-0.4268970789108867,0.5853867308626853,-4.036950742149131
1409,11.693347999999787,129.51973462814166,257.3636833034452,30.486952920162576,60.579451608349416,-15.945318770810944,0.2353846153846154,-0.46613118628245687,-1.3802280224870245,-15.944911250339272,-0.46405060468337744,-0.42910703160383473,0.6320409862333792,-0.431275112204165
1410,11.704589399999804,129.50691348491628,257.3726057013496,30.48393502029568,60.58155180354844,-15.945380892834065,0.2353846153846154,-0.46914908614935413,-1.3823282176860516,-15.945299388739729,-0.30049581449781276,-0.26687287241120994,0.40189409619912786,-0.16043285734934165
1411,11.709221699999944,129.4935344015025,257.38003191850146,30.480785789892128,60.5832998208165,-15.945393317238688,0.2353846153846154,-0.4722983165529051,-1.384076234954108,-15.94537701641982,-0.3752580343814144,-0.26137122981588634,0.4573111764906601,-0.017548743272354922
1412,11.720631400000002,129.48174389090298,257.38561924671524,30.47801048508947,60.584614991919125,-15.945395802119613,0.2353846153846154,-0.47507362135556264,-1.3853914060567334,-15.94539254195584,-0.37680628068093625,-0.18721591635316856,0.4207526262503386,-2.908645454980146
1413,11.725111499999912,129.47190691999137,257.38948800259675,30.47569501347489,60.58552563753431,-15.945396299095798,0.2353846153846154,-0.4773890929701423,-1.386302051671919,-15.984404436125544,-0.32650202100509584,-0.3116045245473198,0.4513324156747145,-5.377018611534089
1414,11.735737599999993,129.46397740138457,257.3918971471336,30.473828526787443,60.58609271309452,-15.945396398491035,0.2353846153846154,-0.4792555796575897,-1.3868691272321314,-16.063270047381362,-0.16628701104651022,-0.31494648022695304,0.35614976547813243,-13.215549884296419
1415,11.739430099999936,129.4637116355024,257.40458439420524,30.473765969587486,60.58907909586677,-16.140440363682583,0.2353846153846154,-0.47931813685754676,-1.3898555100043808,-16.1501064020544,0.001963134168182973,-0.6293436534046997,0.6293467152345653,-12.504986518017287
1416,11.75287729999991,129.47063753411973,257.42709672110993,30.47539621956972,60.59437815127664,-16.33972137351777,0.2353846153846154,-0.4776878868753123,-1.395154565414252,-16.238536905410882,0.15470688341641178,-0.7173678582532024,0.7338602481611917,-18.30284885341927
1417,11.7571939999998,129.48160439085416,257.4580391338908,30.47797764892413,60.60166151920814,-16.379577575484802,0.2353846153846154,-0.4751064575209014,-1.4024379333457517,-16.345657820535305,0.3294186422995366,-0.9881842125116509,1.0416451793925519,-12.72311269674146
1418,11.767794899999899,129.49272318023307,257.487014971461,30.48059484088563,60.60848198559005,-16.387548815878212,0.2353846153846154,-0.4724892655594033,-1.409258399727662,-16.417508028950817,0.365853733497912,-0.8835947407089112,0.9563412676042007,-5.1619391939257735
1419,11.771314599999641,129.5031589749899,257.5080605055606,30.4830512664207,60.613435780539646,-16.481000974113144,0.2353846153846154,-0.4700328400243343,-1.4142121946772548,-16.36081483821204,0.3494726282840419,-0.8946670339215756,0.9604999841258645,2.9334362586241234
1420,11.784600899999987,129.51248560556388,257.52419377629246,30.485246611771192,60.61723330426577,-16.499691405760128,0.2353846153846154,-0.46783749467384084,-1.4180097184033755,-16.367847782095534,0.2543093742888906,-0.5922958258189259,0.6445832786643867,3.6827049690594094
1421,11.788966999999957,129.5132150903558,257.5325300724911,30.485418321268366,60.61919554014022,-16.056255419823902,0.2353846153846154,-0.467665785176667,-1.4199719542778269,-16.387625952903484,0.21956859539539736,-0.4671434201528489,0.5161718154607134,-1.7990787950984444
1422,11.80067149999968,129.51929116882917,257.54125171978296,30.486848536662865,60.62124848173353,-16.414742294902283,0.2353846153846154,-0.4662355697821674,-1.4220248958711394,-16.391581587065073,0.14077502235257497,-0.22993538735872104,0.26960691622837324,-1.639460293861498
1423,11.816342799999802,129.524163307344,257.54242505152774,30.487995363113278,60.621524665974995,-16.486439669917957,0.2353846153846154,-0.465088743331755,-1.4223010801126037,-16.392372713897387,0.12843540062346,-0.18686711039394616,0.2267486914632407,-9.27940074224186
1424,11.820742599999903,129.5298445377735,257.5465635993077,30.489332637352838,60.622498816452435,-16.50077914492109,0.2353846153846154,-0.46375146909219467,-1.4232752305900433,-16.513146173638855,0.22095070332859695,-0.21932010994791998,0.3113206127595302,-10.741792966251122
1425,11.83245339999985,129.53499561930664,257.55007016008085,30.490545122698332,60.62332420691134,-16.503647039921717,0.2353846153846154,-0.46253898374670044,-1.4241006210489502,-16.568481285509023,0.23318110525761687,-0.22955150034424068,0.3272114288337981,-4.7125834466685905
1426,11.836798199999976,129.54425992167236,257.5613609238093,30.492725796947497,60.62598187898895,-16.66012271853122,0.2353846153846154,-0.4603583094975363,-1.4267582931265608,-16.49011349342993,0.17074667942836946,-0.18570874520704297,0.2522739910933919,3.2612494524413806
1427,11.848410699999931,129.55330512324036,257.5725378017531,30.494854898239655,60.62861274410497,-16.69141785425312,0.2353846153846154,-0.4582292082053776,-1.4293891582425786,-16.531085442826615,0.14678284570744826,-0.19454466373457796,0.24370644222419846,-0.03793294306553108
1428,11.852844899999582,129.5488029653804,257.5687402243641,30.493795159543385,60.62771885281185,-16.0946007095225,0.2353846153846154,-0.4592889469016477,-1.4284952669494615,-16.595925340518455,0.3581583213790025,-0.3455278687065775,0.49766142228018306,-8.287158372447722
1429,11.864397800000006,129.55783977943105,257.5817755101926,30.495922286543,60.63078715855303,-16.705638891904503,0.2353846153846154,-0.45716181990203353,-1.431563572690635,-16.673451425525567,0.3323893356148515,-0.3416154295052977,0.47663798852648265,-14.459835616173306
1430,11.868029399999614,129.57574305643004,257.5945100396575,30.500136442513533,60.633784670873226,-16.827846528380903,0.2353846153846154,-0.4529476639315,-1.4345610850108343,-16.75351474799574,0.5142021991225098,-0.6875682868111478,0.8585767587180787,-10.031686906926808
1431,11.879994899999929,129.59470709589462,257.62461017593,30.50460028564904,60.64086977987275,-17.04775314356681,0.2353846153846154,-0.44848382079599247,-1.4416461940103602,-16.769527412489776,0.5343928822916796,-0.7273243943045954,0.9025389338940206,-11.665085287204414
1432,11.883637699999781,129.61161317534084,257.6548860644903,30.508579716657152,60.64799625825695,-17.091734466603988,0.2353846153846154,-0.4445043897878804,-1.4487726723945613,-16.81182296296671,0.31795690242068814,-0.8947296677065281,0.9495460863334613,-5.627076434348042
1433,11.8957304999999,129.6045214884153,257.6547417187593,30.50691044265775,60.64796228149257,-16.174664031992673,0.2353846153846154,-0.44617366378728107,-1.4487386956301762,-16.859375090640217,0.11977716367788814,-0.8138877663898534,0.8226541589378761,-7.643482376886988
1434,11.90002259999983,129.58814590555107,257.67484723388907,30.50305588238356,60.652694810438504,-16.917116644289163,0.2353846153846154,-0.450028224061473,-1.4534712245761128,-16.891082781799916,-0.04697826962352593,-0.9427974297803678,0.9439671347124794,-4.610175281609427
1435,11.911388999999872,129.59633152033308,257.6951858074957,30.50498265017071,60.657482197764374,-17.06560716674846,0.2353846153846154,-0.44810145627432263,-1.4582586119019822,-16.91962158565686,-0.24533237654938342,-0.6489764210792672,0.693799949625411,
1436,11.91620789999979,129.5868994999563,257.72050360519427,30.50276249768202,60.66344161783804,-17.20629159936532,0.2353846153846154,-0.4503216087630122,-1.4642180319756477,-17.132699951896996,-0.2705521763219874,-0.8367409706411285,0.8793940709727476,
1437,11.927448599999934,129.59170549632697,257.7437703104782,30.50389375528927,60.668918242312564,-17.23442848588869,0.2353846153846154,-0.4491903511557638,-1.469694656450173,-17.197512890770025,-0.1331328698783713,-0.6978048978532383,0.7103914670869996,
1438,11.93182379999962,129.5867958504001,257.7611684076977,30.502738100171104,60.673013486735,-17.240055863193362,0.2353846153846154,-0.4503460062739286,-1.4737899008726103,-17.232672744169633,-0.2950282692758211,-0.8233201259281242,0.8745843066452705,-6.104358691561343
1439,11.94345949999979,129.5763673891137,257.78133366686586,30.50028340082215,60.67776007850843,-17.2411813386543,0.2353846153846154,-0.45280070562288444,-1.478536492646036,-17.285161257818302,-0.19881026429465712,-0.670780862783005,0.6996231035813668,-8.902232435225
1440,11.947411199999806,129.5656235245245,257.79894059445087,30.497754460388077,60.68190447838613,-17.241406433746487,0.2353846153846154,-0.45532964605695625,-1.4826808925237387,-17.341115503516786,-0.11325819317158253,-0.7380306826658787,0.7466704138217574,-7.754151333659099
1441,11.959747499999594,129.5666912204866,257.8237814742963,30.498005779591463,60.687751639334365,-17.468734167608673,0.2353846153846154,-0.4550783268535703,-1.488528053471974,-17.397762895625235,-0.011731869703866499,-0.5992887477271011,0.5994035701587582,-10.329240690252725
1442,11.964388299999882,129.57710905390095,257.84001671867173,30.50045797730284,60.691573166087345,-17.51419971438111,0.2353846153846154,-0.45262612914219247,-1.4923495802249533,-17.45454891701567,0.15705840233089535,-0.6464747071160731,0.6652795567906367,-3.350212717385366
1443,11.975512999999864,129.5886170156725,257.85146841306636,30.503166774458297,60.69426871876793,-17.5232928237356,0.2353846153846154,-0.449917331986736,-1.4950451329055383,-17.37915075020001,0.32089923385664987,-0.4157717275942284,0.5252070522722198,-0.6776928696868665
1444,11.979914999999892,129.60045472999235,257.86350949828613,30.50595319029051,60.6971030049812,-17.525111445606495,0.2353846153846154,-0.44713091615452427,-1.49787941911881,-17.36407111683688,0.4084712035239737,-0.33667948145789006,0.5293409084352704,3.4851378797876107
1445,11.991871799999899,129.60955963586724,257.8581884707629,30.508096345057982,60.69585051696419,-16.864415599668174,0.2353846153846154,-0.44498776138705054,-1.496626931101801,-17.36105519016425,0.3286779225591413,-0.17903790037165893,0.3742776329775598,1.2774731702349782
1446,11.995774600000004,129.6171573650215,257.8594903549954,30.509884733612758,60.69615696048353,-17.39333600079301,0.2353846153846154,-0.4431993728322752,-1.4969333746211362,-17.360452004829725,0.3540985112549283,-0.14195337639751998,0.38149248582850565,0.139141176343789
1447,12.00711659999979,129.62339410810108,257.86118911706916,30.511352766983794,60.69655682294089,-17.499120081017978,0.2353846153846154,-0.44173133946123855,-1.4973332370785002,-17.36033136776282,0.24148777362091076,-0.012234599977943161,0.24179749842586157,
1448,12.010294799999883,129.62839796550185,257.8619571303415,30.51253059803351,60.69673760144962,-17.52027689706297,0.2353846153846154,-0.4405535084115222,-1.4975140155872282,-17.527576527458812,0.2827947969013255,-0.1680118713868875,0.3289390309485725,
1449,12.023518499999682,129.63232684733248,257.86169136998774,30.513455396372105,60.69667504555096,-17.52450826027197,0.2353846153846154,-0.4396287100729275,-1.4974514596885697,-17.561025559398015,0.20080003890338496,-0.15057727210981806,0.2509863950488853,
1450,12.026987699999609,129.63801258951867,257.87162706612975,30.51479373260978,60.69901375556593,-17.700641398148143,0.2353846153846154,-0.4382903738352546,-1.4997901697035374,-17.56771536578585,0.17847925703416861,-0.13378243393754932,0.22305287449778263,-2.813024730897714
1451,12.039112099999784,129.64049832560232,257.87118130266526,30.515378836641776,60.69890882970429,-17.560581160489004,0.2353846153846154,-0.4377052698032564,-1.4996852438418955,-17.615985700110294,0.1631916382071042,-0.27439776870623367,0.31925796192370537,-3.155456219408621
1452,12.05502159999969,129.64170340830486,257.8678884042796,30.515662494570222,60.69813373208427,-17.532569112957177,0.2353846153846154,-0.4374216118748109,-1.4989101462218812,-17.672572140022062,0.16433175266974193,-0.32082103871055323,0.3604595175811391,-4.842621882027314
1453,12.058339599999726,129.64584989382428,257.87860082421446,30.516638513469406,60.70065527093048,-17.761628568685186,0.2353846153846154,-0.4364455929756268,-1.5014316850680913,-17.695764428004413,0.12848750681336255,-0.31944398701443383,0.34431598895025434,-4.8615872546587955
1454,12.071110499999577,129.6499535318057,257.89093774267474,30.51760444671734,60.703559191737284,-17.807440459830786,0.2353846153846154,-0.43547965972769376,-1.5043356058748927,-17.747335258647762,0.12905410715825305,-0.3564924806921949,0.37913302594800263,-8.591930764526218
1455,12.074992199999997,129.6533598123948,257.90194128381324,30.5184062327637,60.70614925603604,-17.816602838059907,0.2353846153846154,-0.43467787368133415,-1.5069256701736506,-17.804581797823303,0.15284409961642687,-0.4686316028664859,0.4929268688079074,-6.576138122195384
1456,12.087140499999805,129.65599666086237,257.91105508413693,30.519026906326065,60.708294504419925,-17.818435313705734,0.2353846153846154,-0.43405720011896776,-1.5090709185575335,-17.816031105658414,0.10196887596390757,-0.3465271576044033,0.3612183863298347,-5.459958739733754
1457,12.090460999999777,129.6579261671687,257.9182773818741,30.519481082425866,60.709994522194975,-17.8188018088349,0.2353846153846154,-0.43360302401916684,-1.5107709363325839,-17.81832096722544,0.09952641821922166,-0.36122603600369363,0.37468621139626845,-0.5557581128192368
1458,12.103471899999931,129.66012515751484,257.9265374240818,30.519998690922723,60.7119388090531,-17.81887510786073,0.2353846153846154,-0.43308541552231006,-1.5127152231907104,-17.81877893953884,0.06266345928922484,-0.24768244210608,0.2554864013166337,-0.2504747358071555
1459,12.106913799999802,129.66105256013066,257.9309370293603,30.520216987230754,60.71297440844942,-17.818889767665897,0.2353846153846154,-0.43286711921427923,-1.5137508225870278,-17.81887053400152,0.06491812145524654,-0.2729250522182302,0.28053956338028657,-0.02109181723736821
1460,12.119420499999705,129.66223427040376,257.9362254682776,30.520495143648883,60.71421922560996,-17.81889269962693,0.2353846153846154,-0.43258896279614945,-1.5149956397475677,-17.818888852894055,0.039681850019672595,-0.18303787280875444,0.18728991457987682,-9.540226525626638
1461,12.122867999999926,129.66314767892908,257.94066037097565,30.520710145963307,60.71526313347581,-17.818893286019136,0.2353846153846154,-0.43237396048172627,-1.516039547613417,-17.91746185261006,0.13714690284505204,-0.5804854083270166,0.5964667486462035,-12.700094429880568
1462,12.135310799999843,129.66370790972252,257.94396636227515,30.520842015673146,60.716041312966304,-17.81889340329758,0.2353846153846154,-0.43224209077188647,-1.5168177271039127,-18.03574578849076,0.15423504497729465,-0.6409366565018405,0.6592330746761015,
1463,12.138674699999683,129.67124085072163,257.97450172240474,30.52261515409294,60.72322886696604,-18.311740106440766,0.2353846153846154,-0.4304689523520935,-1.5240052811036477,-18.1579719116044,0.25088967502413656,-1.0329287690809696,1.0629616507799535,
1464,12.151586899999984,129.67940689236792,258.0075872225934,30.524537314665064,60.731016684702745,-18.4103094470694,0.2353846153846154,-0.42854679177996857,-1.5317930988403532,-18.28098647216463,0.26150121904844326,-1.0671988390300187,1.0987703352342753,
1465,12.154983399999765,129.68670124091426,258.0373048256679,30.526254292092126,60.738011751272595,-18.43002331519513,0.2353846153846154,-0.42682981435290657,-1.5387881654102031,-18.404158720214177,0.3184227864118958,-1.2998779268773533,1.338310762001592,
1466,12.167477499999677,129.69282780656647,258.06247256872166,30.5276963913918,60.74393585079141,-18.433966088820277,0.2353846153846154,-0.42538771505323325,-1.544712264929018,-18.428793169824086,0.22776223520961528,-0.9348011804258609,0.9621480565449702,
1467,12.171445399999811,129.69780411961037,258.083138283782,30.528867738923672,60.748800242182526,-18.434754643545304,0.2353846153846154,-0.4242163675213604,-1.5495766563201343,-18.43372005974607,-0.081511537161749,-1.081586743565564,1.0846538685438927,-1.0973838512903962
1468,12.18395369999962,129.70172611535182,258.0996801397931,30.52979091638281,60.75269394059746,-18.43491235449031,0.2353846153846154,-0.4232931900622212,-1.5534703547350688,-18.434705437730468,-0.18607775764121917,-0.7113561486647585,0.7352907602655853,-0.45771026509611024
1469,12.18769569999995,129.6795094402149,258.1209359651241,30.524561452850584,60.75769723486767,-18.434943896679314,0.2353846153846154,-0.42852265359444885,-1.558473649005279,-18.434902513327344,-0.5014988122157309,-0.8146064980106169,0.9566006508752282,-0.04490681705315837
1470,12.199724699999933,129.6786244608838,258.13158286823415,30.524353142331112,60.76020335206127,-18.43495020511711,0.2353846153846154,-0.428730964113921,-1.5609797661988765,-18.43494192844672,-0.6498091435954323,-0.6171767654942185,0.896191432098151,-0.01941147692892877
1471,12.20316419999972,129.6572659785022,258.146054896746,30.51932568417052,60.76360984492637,-18.434951466804673,0.2353846153846154,-0.43375842227451145,-1.5643862590639799,-18.434949811470595,-0.9691556059402502,-0.6941873162526873,1.1921235752100208,-0.0018980078183171822
1472,12.215732899999693,129.63343270556305,258.15880528912794,30.51371569838638,60.76661109113319,-18.434951719142184,0.2353846153846154,-0.43936840805865174,-1.5673875052708013,-18.43495138807537,-0.757848939258856,-0.4531373929580505,0.8829883983567348,-0.000836851181128744
1473,12.219115999999758,129.61154421154703,258.16881356593433,30.50856348364107,60.76896688551993,-18.434951769609686,0.2353846153846154,-0.44452062280396376,-1.5697432996575387,-18.434951703396322,-0.9883827750526122,-0.4846154807826609,1.100796381823138,-7.448690357455215e-05
1474,12.2322079999999,129.59257950381448,258.1761450418742,30.50409948320556,60.77069260216423,-18.434951779703187,0.2353846153846154,-0.44898462323947186,-1.5714690163018403,-18.434951766460514,-0.744655020982248,-0.29766447427962806,0.8019446611345695,-3.398263877740078e-05
1475,12.235420499999691,129.57661167282862,258.1811364801951,30.50034090145043,60.771867509953616,-18.43495178172189,0.2353846153846154,-0.4527432049946043,-1.5726439240912242,-18.43495177907335,-0.8082199742014975,-0.2700422108377106,0.8521398490461456,-2.2428177207411952
1476,12.248153399999865,129.56346444164467,258.1841467299121,30.49724624549482,60.77257607642546,-18.43495178212563,0.2353846153846154,-0.4558378609502114,-1.5733524905630674,-18.520624389017797,-0.4822484110073576,-0.22303751437545727,0.5313278298168689,
1477,12.251411299999745,129.55288774737406,258.1855401614819,30.494756654381895,60.77290406877959,-18.434951782206376,0.2353846153846154,-0.45832745206313774,-1.5736804829171973,-18.62343151842856,-0.38609790979943853,-0.2760558621268343,0.4746350545061807,
1478,12.264131799999632,129.5586664253689,258.21047042855406,30.49611686627914,60.778772270105804,-18.8633148193319,0.2353846153846154,-0.4569672401658913,-1.579548684243413,-18.729665551732587,-0.012137996525136918,-0.5396447687503885,0.5397812588440845,
1479,12.280112299999928,129.5681562914008,258.23741680147447,30.498350634745115,60.785115031731685,-18.948987426757007,0.2353846153846154,-0.4547334716999174,-1.5858914458692936,-18.845416752924642,0.07811806031626077,-0.6140804172092997,0.6190292320622045,
1480,12.283450799999628,129.57808185849473,258.26129664421626,30.50068696053799,60.790735979330904,-18.966121948242026,0.2353846153846154,-0.4523971459070424,-1.5915123934685127,-18.973933204100554,0.38376054581949326,-0.8708599688660976,0.9516665602516124,
1481,12.295789599999807,129.5889975459225,258.2837232089056,30.503256345424834,60.7960148476347,-19.013707788085906,0.2353846153846154,-0.44982776102019884,-1.5967912617723101,-19.019330097851363,0.40796387705341786,-0.8532986070498684,0.9458081400441116,
1482,12.299524899999597,129.60112206714467,258.30569490134747,30.50611027118944,60.801186646009484,-19.077534038085933,0.2353846153846154,-0.4469738352555943,-1.6019630601470922,-19.048103080117148,0.4876877922367618,-0.9326512686712415,1.0524627174635894,-5.415383992274986
1483,12.311222599999837,129.61245016400295,258.32425697729,30.508776730911464,60.805555873115956,-19.090299288085937,0.2353846153846154,-0.4443073755335689,-1.606332287253565,-19.105000254695305,0.40266324831783734,-0.675823182736097,0.7866858749649827,-8.265505393663407
1484,12.315612799999599,129.62249196604955,258.3390598497913,30.51114041662397,60.80904024156626,-19.09285233808594,0.2353846153846154,-0.4419436898210627,-1.6098166557038667,-19.158690480626564,0.49778018755612974,-0.7795496420052961,0.9249231100334778,-6.869996427983857
1485,12.327609799999664,129.63649228472528,258.3594231655728,30.51443587625072,60.81383345281945,-19.250607821132814,0.2353846153846154,-0.438648230194314,-1.6146098669570605,-19.20087750042219,0.39385221180324576,-0.5657867354252881,0.6893723193786604,-8.148638398082984
1486,12.332194499999787,129.64981139515592,258.3778578055534,30.5175709899367,60.81817268346103,-19.282158917742187,0.2353846153846154,-0.43551311650833213,-1.6189490975986374,-19.24076387899069,0.45563902371377996,-0.6184300168462191,0.7681553265240445,-5.249227822345168
1487,12.343359199999668,129.66140380704093,258.3928348127165,30.520299665349633,60.82169804053173,-19.288469137064062,0.2353846153846154,-0.43278444109540004,-1.6224744546693373,-19.28019012931376,0.3801017967823651,-0.49390131656459113,0.6232302033931113,-4.693927543757103
1488,12.34762019999971,129.6711225887231,258.4043610469291,30.5225873170379,60.824411138738704,-19.289731180928438,0.2353846153846154,-0.4304967894071332,-1.6251875528763122,-19.288075379378377,0.3981793645957159,-0.4809450962841654,0.6243836897530501,-1.8392015325740547
1489,12.359240899999804,129.67905689229798,258.41280443409556,30.524454930033215,60.826398582179415,-19.289983589701315,0.2353846153846154,-0.4286291764118175,-1.6271749963170237,-19.289652429391303,0.28050740744262387,-0.3055956285154734,0.41481694010484843,-2.6507068820987847
1490,12.363316299999951,129.68537777898268,258.41860027844575,30.525942769514387,60.827762834772614,-19.29003407145589,0.2353846153846154,-0.4271413369306458,-1.6285392489102222,-19.31396564212826,0.3099643550354312,-0.32947465108271756,0.45236207522139754,-3.77414033145445
1491,12.375396099999762,129.69027678727497,258.42217784060756,30.527095920697032,60.82860493786609,-19.290044167806805,0.2353846153846154,-0.42598818574800035,-1.6293813520036977,-19.37703263037878,0.2574966125566613,-0.2766398368896621,0.3779339953384641,-8.798793445565437
1492,12.380052199999682,129.69802467167227,258.4307855490191,30.528919653485936,60.83063105999988,-19.41003520074886,0.2353846153846154,-0.4241644529590971,-1.6314074741374895,-19.447850373732006,0.39438104434464927,-0.5304984910163024,0.6610333252635227,-8.962523649105558
1493,12.391259799999716,129.71109674408996,258.44852432914934,30.53199661822425,60.83480649593823,-19.60506612218102,0.2353846153846154,-0.4210874882207811,-1.63558291007584,-19.520218268105776,0.41823774389491575,-0.5490172203029473,0.690175860638058,-12.553890969988233
1494,12.395803599999908,129.7274110268428,258.47632785963106,30.5358367493953,60.841351019267,-19.644072306467454,0.2353846153846154,-0.4172473570497317,-1.6421274334046103,-19.592896192683654,0.6487218589214537,-0.7197686034856798,0.9689720805091508,-9.414019846844774
1495,12.408230099999855,129.75298160192554,258.49888848346245,30.54185566937632,60.84666144303039,-19.65187354332474,0.2353846153846154,-0.41122843706871137,-1.6474378571680006,-19.664846328380477,0.6275489036825052,-0.7269251542091442,0.9603321333450746,-9.972614570645533
1496,12.412853099999666,129.77749024301067,258.5170255876625,30.547624626431745,60.85093063832671,-19.653433790696198,0.2353846153846154,-0.40545948001328824,-1.6517070524643174,-19.702444363332344,0.7252861651882001,-0.8367917804592064,1.1073664728794592,-5.534403981845334
1497,12.424317199999678,129.79141082979564,258.53996196332184,30.55090131839805,60.856329508289605,-19.76978587923299,0.2353846153846154,-0.40218278804698215,-1.6571059224272133,-19.73317197813522,0.57607173204483,-0.630442974414644,0.8540005763756333,-5.677726061072654
1498,12.429036399999859,129.80671272331804,258.5584447754984,30.55450314871948,60.86068007792501,-19.79305629694035,0.2353846153846154,-0.398580957725553,-1.6614564920626194,-19.762525508908297,0.5953436770874385,-0.6843969739629512,0.9071015995012007,-3.916651189288439
1499,12.439240899999731,129.81100740446232,258.5761575195582,30.555514050588823,60.86484938537293,-19.79771038048182,0.2353846153846154,-0.3975700558562103,-1.6656257995105364,-19.791604222875414,0.3915984874557737,-0.525148247109981,0.6550801911371885,-3.52744133973464
1500,12.443085499999597,129.8204924822191,258.5875437133856,30.557746691968497,60.86752952022769,-19.798641197190115,0.2353846153846154,-0.39533741447653625,-1.6683059343653,-19.797419965668837,0.47767293302074787,-0.4822928165135171,0.6788061518586768,-2.2933769573997234
1501,12.455254499999683,129.83233945966612,258.5941210357683,30.56053528819833,60.869077720727,-19.798827360531774,0.2353846153846154,-0.39254881824670207,-1.6698541348646074,-19.828059432586898,0.35528825561836275,-0.3048520285936991,0.4681500869571986,-4.815653742328452
1502,12.458672699999624,129.84273986369584,258.59784819107097,30.562983383300715,60.8699550357444,-19.798864593200108,0.2353846153846154,-0.3901007231443181,-1.6707314498820054,-19.86366486503301,0.4438920393101693,-0.314170482206777,0.5438227969228393,-5.284454033029048
1503,12.471209899999849,129.85079879649038,258.5996955072404,30.564880332096966,60.870389865550436,-19.946253631530645,0.2353846153846154,-0.3882037743480673,-1.6711662796880447,-19.9002622698816,0.35421676323476214,-0.20031890603094574,0.40693633343552205,-7.807643325226197
1504,12.474857599999723,129.85919933291166,258.6067491331578,30.566857689131513,60.872050180574064,-19.97573754271238,0.2353846153846154,-0.3862264173135195,-1.6728265947116725,-19.937058069210693,0.32323978211466503,-0.1896252441661049,0.37475550691963294,-5.3367152143155225
1505,12.48712119999982,129.86609454147987,258.61341061092617,30.56848071514834,60.87361818995647,-19.981628221433102,0.2353846153846154,-0.3846033912966931,-1.6743946040940756,-19.973893547435885,0.22939277732223565,-0.18708175402230207,0.2960078191123841,-4.514600402251096
1506,12.50339269999995,129.8712286829774,258.6185092079073,30.569689213070067,60.874818321245876,-19.982806357177246,0.2353846153846154,-0.383394893374966,-1.6755947353834841,-19.981260643080926,0.20719587542468684,-0.18778792284650883,0.27963267827635724,-1.2976576612897066
1507,12.50676489999978,129.87476670443576,258.6220040109612,30.57052200889026,60.87564094411855,-19.983041984326075,0.2353846153846154,-0.38256209755477144,-1.6764173582561597,-19.982732841506813,0.11380841928450537,-0.10973433132198104,0.1580948442256106,-0.30419557732976643
1508,12.519477699999698,129.87694439217339,258.6240678972715,30.57103460308081,60.87612675120391,-19.98308910975584,0.2353846153846154,-0.3820495033642217,-1.6769031653415212,-19.983028501895113,0.08788917835109925,-0.0840675484729917,0.12162179236259488,-0.15927994348279106
1509,12.522760299999845,129.87799235414687,258.6249729679702,30.57128127720688,60.87633979092222,-19.983098534841794,0.2353846153846154,-0.3818028292381541,-1.677116205059832,-19.983087633972776,0.06587072752606322,-0.05924661107997459,0.08859522373849862,-0.014101105320687108
1510,12.535395299999891,129.87813990372226,258.6249474656254,30.571316008106933,60.87633378806259,-19.98310652337461,0.2353846153846154,-0.38176809833809955,-1.677110202200197,-19.98310068109143,0.012387029526418663,-0.005594897210119982,0.013591959949918044,-4.95074420555016
1511,12.539063299999725,129.87758169834268,258.62416289179697,30.571184615148354,60.87614911145375,-19.983102017565546,0.2353846153846154,-0.38189949129667866,-1.6769255255913578,-20.037508808093285,0.06478858748846775,-0.33659194580181745,0.342770621622397,-7.672127050698087
1512,12.551596999999674,129.87649228737865,258.62286811552735,30.57092818456759,60.87584434103952,-19.98310721991936,0.2353846153846154,-0.3821559218774411,-1.676620755177126,-20.14006157607178,0.03887881394609122,-0.41849017706116587,0.42029226791667335,
1513,12.55479749999995,129.88060302179582,258.6458903687256,30.571895788207325,60.88126342525387,-20.255129744765124,0.2353846153846154,-0.38118831823770805,-1.6820398393914786,-20.25224205154248,0.10235700902755651,-0.6954269209474613,0.7029193123506665,
1514,12.567681300000004,129.87762527327124,258.6718561981384,30.571194872016154,60.88737538202335,-20.495862374734276,0.2353846153846154,-0.3818892344288791,-1.688151796160959,-20.366349289214746,0.13039491058720498,-0.7654988978159034,0.7765252058139569,
1515,12.57109709999986,129.8822710033764,258.6919432365463,30.572288405410134,60.89210356183321,-20.544008900728105,0.2353846153846154,-0.38079570103489857,-1.6928799759708184,-20.4435750336242,0.21670261664337656,-0.9762931003926426,1.0000541195027222,-11.873422609176309
1516,12.58378249999987,129.8878956317035,258.7081115415584,30.57361235638559,60.89590933208991,-20.553638205926873,0.2353846153846154,-0.37947175005944445,-1.6966857462275158,-20.49628580750609,0.17262758097852995,-0.6777975105601469,0.6994353058260867,-9.933261078838097
1517,12.587254699999903,129.89395953414657,258.72330016322167,30.575039705729885,60.899484499958334,-20.369235941966625,0.2353846153846154,-0.37804440071514733,-1.7002609140959422,-20.506827962282465,0.27431742837678824,-0.8133774412946564,0.8583897212329005,-1.4373302899109002
1518,12.59946459999992,129.8982106476968,258.73371200369604,30.576040352457863,60.90193528702384,-20.518683614174577,0.2353846153846154,-0.37704375398717005,-1.7027117011614479,-20.471670768237743,0.2239041770238919,-0.5681417352124748,0.6106702152381334,0.6337743772709059
1519,12.60288109999965,129.90480092242225,258.75043697309195,30.577591601739393,60.905872087512414,-20.548573148616168,0.2353846153846154,-0.37549250470564033,-1.7066485016500224,-20.4646393294288,0.2645420800623162,-0.6629159572425929,0.7137507117268327,0.7248059599285288
1520,12.615859199999704,129.90855420399424,258.7591500757925,30.578475066478646,60.90792301784039,-20.368222930504487,0.2353846153846154,-0.37460903996638706,-1.7086994319779976,-20.500498666667013,0.19862995498305594,-0.49829599831020915,0.5364259137556078,-0.8802713263437559
1521,12.619563999999627,129.91339495968998,258.77133048769815,30.579614505896256,60.910790099412026,-20.518481011882148,0.2353846153846154,-0.373469600548777,-1.7115665135496343,-20.507670534114652,0.23081184327067972,-0.5811455277308704,0.6253033115181789,-1.6048060090288676
1522,12.631980499999827,129.91769505339906,258.7822262376472,30.580626681800087,60.91335479132311,-20.54853262815768,0.2353846153846154,-0.3724574246449457,-1.714131205460717,-20.50910490760418,0.14933132717027758,-0.3742728532585548,0.4029640355673645,-4.433896571791289
1523,12.63531839999996,129.92113900382827,258.790946879236,30.58143733474727,60.915407496189395,-20.554542951412788,0.2353846153846154,-0.37164677169776184,-1.716183910327004,-20.54665740730209,0.15588390401260258,-0.39291221979380037,0.4227053394428582,-2.6334698115873714
1524,12.648441599999842,129.92373949338872,258.7975215708832,30.582049449982268,60.91695507745404,-20.55574501606381,0.2353846153846154,-0.3710346564627649,-1.7177314915916497,-20.50117962599167,0.13047062394093106,-0.2298217304400976,0.26427374348205074,2.163185240132636
1525,12.652790899999673,129.92560268950928,258.8021635958458,30.58248801768449,60.91804773871447,-20.555985428994013,0.2353846153846154,-0.37059608876054284,-1.7188241528520791,-20.439095788479587,0.23611144006809637,-0.13446851659709214,0.27171748947547103,7.885461695824169
1526,12.663845599999604,129.93407935279726,258.8002113091177,30.584483293812276,60.91758820045386,-20.291092105330055,0.2353846153846154,-0.36860081263275646,-1.718364614591465,-20.37369073972717,0.18733955648068026,-0.005222892025284215,0.18741234757476832,13.177543187229602
1527,12.667261499999768,129.94292764459578,258.7962900098966,30.586566045574084,60.9166651869449,-20.238113440597264,0.2353846153846154,-0.3665180608709484,-1.7174416010825055,-20.30762144872669,0.14832384715120692,0.03759405923587039,0.1530139762360443,10.153597811054489
1528,12.679986299999655,129.94287378736965,258.79460015139995,30.586553368411625,60.9162674202526,-20.227517707650705,0.2353846153846154,-0.36653073803340774,-1.7170438343902106,-20.241419309276594,0.14649228578918314,0.10516159438884015,0.18033011598216933,0.3487999133103781
1529,12.683709799999633,129.94052572833655,258.79307905396325,30.58600067143922,60.915909377317504,-20.225398561061393,0.2353846153846154,-0.36708343500581364,-1.716685791455113,-20.328913744667823,0.31170328199675346,-0.09282111204117491,0.32523021822719356,-6.565853528157827
1530,12.696188799999618,129.94538610127358,258.78848735382286,30.58714472845363,60.914828561746,-20.22497473174353,0.2353846153846154,-0.36593937799140264,-1.7156049758836076,-20.34641263174607,0.2130422898242235,-0.13758500878512173,0.25360727887020607,-13.292857672634172
1531,12.699960099999771,129.96151284611918,258.80368159187367,30.590940716086514,60.91840505162565,-20.728564282286207,0.2353846153846154,-0.3621433903585185,-1.7191814657632563,-20.402900690411713,0.12967424368602443,-0.19701773819231588,0.23586309299667543,-7.121989313617885
1532,12.712855199999922,129.96789057114893,258.8011401245309,30.59244193443967,60.91780682931265,-20.325607875988492,0.2353846153846154,-0.3606421720053632,-1.7185832434502615,-20.467186583394845,0.0996186164618072,-0.31968847319030713,0.33485009875541977,-9.03751023589939
1533,12.728744799999731,129.9396845873673,258.8190899627733,30.58580267979569,60.92203194508357,-20.509958000978948,0.2353846153846154,-0.3672814266493418,-1.722808359221176,-20.580778625272718,0.13727752296097362,-0.38987130529436265,0.41333370658855145,-7.83506617147297
1534,12.733318399999916,129.93388049742777,258.82913925094726,30.584436486317614,60.92439739291528,-20.546828025977042,0.2353846153846154,-0.3686476201274189,-1.7251738070528901,-20.63278536372642,-0.1736773897353984,-0.44258315383398367,0.4754405154832065,-13.698325453636851
1535,12.744952799999737,129.9477187815835,258.84220302562744,30.58769380551119,60.92747240449384,-20.792934941132913,0.2353846153846154,-0.36539030093384284,-1.7282488186314495,-20.895432805167157,-0.30588820599483113,-0.5760485633832092,0.6522266032159341,
1536,12.749432499999784,129.93728522518103,258.8652672481061,30.585237906850303,60.932901367631125,-20.988597974554708,0.2353846153846154,-0.3678461995947302,-1.7336777817687334,-21.090631971189687,-0.32998119197306763,-0.861545151838377,0.9225766286396911,
1537,12.760797999999795,129.9109875660609,258.89524900196795,30.579047842472797,60.939958611232456,-21.638845083192194,0.2353846153846154,-0.3740362639722363,-1.7407350253700642,-21.129671804394185,-0.3379815747696208,-0.7849528028576807,0.8546241557537919,
1538,12.765209099999993,129.9008998150992,258.92698302685915,30.57667334109258,60.94742831247608,-21.485953831091564,0.2353846153846154,-0.3764107653524533,-1.748204726613686,-21.089733189003837,-0.5518571017702709,-0.7248792421946577,0.9110412595151683,2.106141093712465
1539,12.776632399999926,129.88446186173377,258.93349746569913,30.57280409976195,60.948961711156876,-20.742027191999565,0.2353846153846154,-0.38028000668308337,-1.7497381252944848,-21.081745465925767,-0.479393250487911,-0.5137651815840365,0.7026895121043454,3.3630604760979823
1540,12.781389599999784,129.86850773838268,258.932768592499,30.569048744573152,60.94879014561899,-20.593241864181163,0.2353846153846154,-0.3840353618718808,-1.7495665597566017,-21.080147921310154,-0.395344655052954,-0.4816910774988246,0.6231562327546102,2.382930454870194
1541,12.79217749999998,129.85998734719334,258.9399334811326,30.567043175570124,60.95047665017429,-20.94865935916436,0.2353846153846154,-0.3860409308749091,-1.7512530643118964,-21.01419364676203,-0.3013789136518252,-0.1671586365425638,0.34463206375020194,3.093662838465084
1542,12.796836199999689,129.85752537073387,258.94904892204096,30.566463664188127,60.952622284726566,-21.630857360114124,0.2353846153846154,-0.3866204422569055,-1.7533986988641743,-21.001002791852407,-0.31631312058147054,-0.07933862376864835,0.3261113421417462,-2.4664483618865445
1543,12.8088659,129.8540259654862,258.955218773479,30.565639958029827,60.95407457283428,-21.15618245835095,0.2353846153846154,-0.3874441484152058,-1.7548509869718885,-21.197622433370487,-0.1568755392941748,-0.10138202602872763,0.18678396620301163,-7.265791583151993
1544,12.813612699999794,129.84568956632273,258.949070806651,30.563677697919044,60.95262743602708,-20.676072917451442,0.2353846153846154,-0.3894064085259892,-1.7534038501646876,-21.2369463616741,-0.12625369870311876,-0.10503944025594217,0.16423544211131633,-4.260231310332781
1545,12.823264699999982,129.8460087258092,258.95211145166274,30.563752823152015,60.953343157083694,-21.57634007177154,0.2353846153846154,-0.3893312832930178,-1.7541195712213025,-21.122588246944197,-0.09395697606002495,-0.040497318445344696,0.1023129813445379,-8.640547471995479
1546,12.826634199999717,129.84553919927458,258.95461111486884,30.563642303829248,60.95393153934605,-21.145279000682436,0.2353846153846154,-0.3894418026157851,-1.7547079534836598,-21.221939524388844,0.03808183885436525,-0.23934866639630875,0.2423592592747827,-11.769367670891498
1547,12.839034799999808,129.84749319825613,258.9618736039125,30.56410224512798,60.95564101753633,-21.059066786464612,0.2353846153846154,-0.3889818613170526,-1.7564174316739383,-21.441067592377774,0.15858255398690113,-0.36511189732618116,0.39806422094698773,-19.63839371477983
1548,12.842761799999607,129.85686231323592,258.9795278492203,30.566307590653995,60.959796555278004,-21.652938845574173,0.2353846153846154,-0.38677651579103767,-1.7605729694156125,-21.484893205975556,0.26058690147594454,-0.5150446017382448,0.5772144099037557,-13.19828582330451
1549,12.855647799999588,129.86721545623868,258.9972623333988,30.56874456123772,60.96397098001541,-21.771713257396087,0.2353846153846154,-0.38433954520731106,-1.7647473941530194,-21.61588122908574,0.30211144113242516,-0.531609698917102,0.6114574350237657,
1550,12.86006019999968,129.87692196708701,259.01270517075204,30.57102932456048,60.96760598634625,-21.79546813976047,0.2353846153846154,-0.3820547818845519,-1.7683824004838584,-21.7643017340984,0.40061419207260635,-0.6472534468383004,0.7612021776992285,
1551,12.871709699999883,129.8855741807366,259.02544649532473,30.573065922542614,60.970605098130285,-21.800219116233347,0.2353846153846154,-0.38001818390241837,-1.7713815122678938,-21.793985835100933,0.3068954483053162,-0.4545013551704719,0.5484125254243528,
1552,12.8750514999997,129.89309306910994,259.035612722464,30.57483575319049,60.97299807159538,-21.80116931152792,0.2353846153846154,-0.3782483532545413,-1.7737744857329858,-21.799922655301433,0.3416627777930604,-0.46878163086277275,0.5800772975764792,-1.4738353528012025
1553,12.88730859999987,129.89950465155482,259.0434872260262,30.576344941058288,60.9748516085877,-21.801359350586836,0.2353846153846154,-0.3767391653867449,-1.7756280227253072,-21.801110019341536,0.27716469068046135,-0.3751841388725431,0.4664583623663826,-0.6471581117794611
1554,12.890797299999576,129.90488409745902,259.04934684312764,30.577611179863432,60.97623087230543,-21.801397358398617,0.2353846153846154,-0.37547292658160103,-1.7770072864430375,-21.801347492149556,0.30137537267427117,-0.38530820410604033,0.48917228806012497,-0.05626634567720636
1555,12.903106799999932,129.91509813007764,259.06795499691475,30.58001540600289,60.98061094542763,-21.801404959960976,0.2353846153846154,-0.37306870044214335,-1.7813873595652367,-21.80139498671116,0.203885174714118,-0.2426573130567395,0.3169412186007413,-0.0249078963200174
1556,12.906503899999734,129.91936825200185,259.07240104170916,30.581020527009667,60.98165747597154,-21.801406480273446,0.2353846153846154,-0.37206357943536617,-1.7824338901091465,-21.801404485623483,0.1962310226715768,-0.19249254508422486,0.27488178217505654,-0.0022686690336997666
1557,12.919047199999568,129.92161452393796,259.0725512491968,30.581549264865398,60.98169283250325,-21.801406784335942,0.2353846153846154,-0.3715348415796349,-1.7824692466408578,-21.801406385405947,0.12630689425409694,-0.10457857892831811,0.16398204385475285,-0.0010178319411458603
1558,12.922636599999805,129.92290851379698,259.07103240458434,30.581853850170674,60.98133531984831,-21.801406845148442,0.2353846153846154,-0.3712302562743588,-1.7821117339859214,-21.80140676536244,0.09072957578026965,0.004821025043745104,0.09085757097644702,-8.781749107381994e-05
1559,12.935014299999693,129.92360966629104,259.0687071978258,30.582018890680814,60.98078800194977,-21.80140685731094,0.2353846153846154,-0.3710652157642187,-1.7815644160873774,-21.80140684135374,0.03118610393446385,0.07811858737982916,0.08411353501566311,-3.880019517396513e-05
1560,12.93846369999983,129.92386506305712,259.0659057423276,30.58207900715037,60.9801285824248,-21.80140685974344,0.2353846153846154,-0.3710050992946634,-1.7809049965624055,-21.801406856552,0.021765418282389697,0.08778557965549441,0.09044358146634032,-3.543056717216187
1561,12.950783899999806,129.92376869496348,259.06284789554286,30.582056323583714,60.97940881233547,-21.80140686022994,0.2353846153846154,-0.37102778286131866,-1.7801852264730798,-21.932360228732275,0.31636347537796916,-0.12649342163252947,0.34071459356700845,-4.075980118797684
1562,12.96716559999959,129.92342416836976,259.0596801745693,30.58197522732396,60.97866317955246,-21.80140686032724,0.2353846153846154,-0.37110887912107415,-1.7794395936900713,-21.958550903168334,0.39455050192033353,-0.1634069604012397,0.4270502701944578,-13.106389714576395
1563,12.970776899999692,129.9473248531276,259.0745895382712,30.587601080813116,60.982172614393065,-22.456173706049825,0.2353846153846154,-0.36548302563191726,-1.7829490285306733,-22.056385473602415,0.8204543673390674,-0.6841357338966991,1.0682635776249814,-13.375675256494098
1564,12.983937699999842,129.96992828969792,259.08243675224355,30.59292158203659,60.98401972783579,-21.932360229491216,0.2353846153846154,-0.36016252440844454,-1.784796141973402,-22.206905756829862,0.9117898438504441,-0.7647362943934909,1.1900345874433673,
1565,12.987565999999788,130.0030220809694,259.1196234702875,30.600711351366645,60.992772909159974,-22.29057971191387,0.2353846153846154,-0.35237275507838817,-1.793549323297583,-22.367963182615973,1.150516352582784,-0.9158309308534247,1.470521734442658,
1566,12.999185599999691,130.02547475852361,259.1366334676695,30.605996366237097,60.99677680085144,-22.554008276367153,0.2353846153846154,-0.347087740207936,-1.7975532149890512,-22.361817734179446,0.8839853874003855,-0.737311380461139,1.1511117395348376,
1567,13.002583699999832,130.0426350165352,259.1468826711166,30.610035626969054,60.99918930566283,-22.606693989257806,0.2353846153846154,-0.3430484794759785,-1.79996571980044,-22.453185080039013,0.9701219381566638,-0.8462124218565606,1.2873274788480153,-10.262672359587174
1568,13.015369599999758,130.05486728074513,259.1511844739315,30.61291491377539,61.00020188386387,-22.42544646386719,0.2353846153846154,-0.3401691926696415,-1.800978298001482,-22.50981548280468,0.6094382897933702,-0.4696670075663279,0.7694167447245849,-14.726529954266242
1569,13.018909499999609,130.06742394298902,259.1614838626235,30.615870558888187,61.00262620150985,-22.389196958789064,0.2353846153846154,-0.3372135475568463,-1.8034026156474567,-22.555348106326562,0.7447820966262423,-0.9204081320245372,1.1839981000626139,-6.919526829968667
1570,13.031403299999965,130.08565786563008,259.18960192268713,30.620162543756003,61.00924476026328,-22.573731725742192,0.2353846153846154,-0.3329215626890303,-1.8100211744008874,-22.598661173999687,0.4612330781154035,-0.9560888114270135,1.061528034337167,
1571,13.03492019999976,130.10256452133916,259.22842312471477,30.624142110407526,61.018382673971324,-22.781671393976563,0.2353846153846154,-0.32894199603750707,-1.8191590881089326,-22.738277156674943,0.192864397501477,-1.5999303453349614,1.611512887242065,
1572,13.047534699999687,130.09028880489535,259.2760312572529,30.62125259561383,61.02958889593799,-22.823259327623436,0.2353846153846154,-0.3318315108312042,-1.8303653100755994,-22.89715372235062,-0.03236217892908923,-1.6140016646013704,1.6143260773341404,
1573,13.051008899999943,130.07380740019846,259.3247146014226,30.617373126508255,61.04104820618102,-23.12352637724344,0.2353846153846154,-0.3357109799367777,-1.8418246203186257,-23.021525471032625,-0.3151739678149823,-2.0052012824075023,2.029819404025129,
1574,13.064340199999606,130.0573159857918,259.36748693892986,30.613491301270994,61.05111615639426,-23.18357978716744,0.2353846153846154,-0.3395928051740391,-1.8518925705318665,-23.104789713347152,-0.5931952172092017,-1.5930643981020838,1.6999219812156752,
1575,13.067715199999839,130.0419664781374,259.4031281434239,30.60987826331542,61.05950554760593,-23.19559046915224,0.2353846153846154,-0.34320584312961344,-1.8602819617435387,-23.179832454388183,-0.7205635345680182,-1.7342784942943548,1.8780132329462031,-9.890292111300479
1576,13.080325099999754,130.02811552090154,259.43192827609033,30.606617961073745,61.06628465575665,-23.1979926055492,0.2353846153846154,-0.34646614537128784,-1.8670610698942554,-23.194841002596387,-0.5216742231200024,-1.1798635947144278,1.2900473236282108,-8.108515512439807
1577,13.083658699999887,130.01585227500078,259.45450916863194,30.60373138165403,61.0715998504626,-23.19847303282859,0.2353846153846154,-0.34935272479100377,-1.8723762646002058,-23.197842712238035,-0.5152815204349221,-1.3173768242276904,1.4145659201019796,-0.7133063764540456
1578,13.095846199999869,130.00952489736346,259.48176083707983,30.602242014302476,61.078014473958795,-23.19856911828447,0.2353846153846154,-0.3508420921425568,-1.878790888096404,-23.19844305416636,-0.3301917749598887,-0.8533570101953567,0.9150108169309912,-0.3268857034606094
1579,13.09972469999957,130.00525369138188,259.50553389823483,30.601236638125275,61.08361028681528,-23.198588335375646,0.2353846153846154,-0.35184746831975744,-1.8843867009528878,-23.198563122552027,-0.3644884257119209,-0.7769102756226384,0.8581616332871089,1.5529631738455576
1580,13.112040499999694,129.99766275756227,259.5142008573712,30.599449849087733,61.08565035565814,-23.19859217879388,0.2353846153846154,-0.3536342573572995,-1.8864267697957473,-23.140197243651038,-0.20563732967914,-0.4810424877760363,0.523152546016289,2.531206683540562
1581,13.116085999999996,129.99027186004486,259.51687113719436,30.597710145518253,61.08627889844729,-23.19859294747753,0.2353846153846154,-0.3553739609267801,-1.8870553125848986,-23.12852406787084,-0.18935658243067136,-0.4883725676991063,0.5237973655821895,-0.8173380784027264
1582,13.127983699999731,129.986650301437,259.52268854845875,30.59685768633825,61.08764822756029,-22.90664363832363,0.2353846153846154,-0.3562264201067826,-1.8884246416978954,-23.24841233310542,-0.10878934597092187,-0.28701555500681075,0.30694144492500286,-4.719983304396052
1583,13.13142439999956,129.98605390226356,259.5309178036186,30.596717303148193,61.08958526762099,-23.140203239383478,0.2353846153846154,-0.3563668032968401,-1.8903616817585984,-23.27238998615234,0.11737571008810374,-0.40124206743746454,0.4180577161112774,-7.150087474034818
1584,13.143409199999951,129.99336635032176,259.55311671897107,30.598438540921894,61.09481055077319,-23.798029661548572,0.2353846153846154,-0.3546455655231391,-1.8955869649107981,-23.325181122230468,0.2418317311137513,-0.4458893858921235,0.5072474057348434,
1585,13.147258899999997,130.0094881329906,259.5651666919498,30.602233360534715,61.09764692902819,-23.318480444028467,0.2353846153846154,-0.35085074591031784,-1.8984233431657955,-23.44212484749297,0.30445541790945063,-0.5396608706507731,0.6196183961164877,
1586,13.159676199999922,130.01962972367733,259.58513932923745,30.604620534957895,61.10234818057435,-23.462548627868195,0.2353846153846154,-0.34846357148713736,-1.9031245947119615,-23.513509198014223,0.36367104841217646,-0.39938799293758914,0.5401549780904804,
1587,13.164668899999924,130.0247514860951,259.5975253718601,30.605826119034695,61.105263664453226,-23.49136226463614,0.2353846153846154,-0.3472579874103374,-1.9060400785908342,-23.52778606811847,0.3682555150554069,-0.37404580036330465,0.5249022624624018,-5.6852003072456085
1588,13.175441599999886,130.0364346061429,259.5911919508752,30.608576145753638,61.103772874590625,-23.49712499198973,0.2353846153846154,-0.344507960691395,-1.9045492887282336,-23.618785973389322,0.40037283213446584,-0.3668863207254339,0.5430506210721235,-4.9084777063444776
1589,13.192509599999994,130.04851065959235,259.61361830021883,30.6114186629502,61.109051692205355,-23.869414012069825,0.2353846153846154,-0.34166544349483274,-1.9098281063429638,-23.67713488022474,0.39821655851029747,-0.3628480708216873,0.5387347677390103,-7.7583071990198675
1590,13.197051499999816,130.0706298621637,259.62714419907815,30.616625182940073,61.11223548070609,-23.773479970382716,0.2353846153846154,-0.33645892350496,-1.9130118948436987,-23.728953587373077,0.5522566018324198,-0.32718392740807317,0.6419008308311052,-6.610081042265848
1591,13.207148799999686,130.07841414889054,259.6425190819961,30.618457484277315,61.11585449160832,-23.754293162045293,0.2353846153846154,-0.3346266221677183,-1.9166309057459259,-23.779466254583994,0.5691086807132727,-0.3682045035331879,0.6778342326006581,-9.780885690942915
1592,13.211212199999864,130.0958784090488,259.64952137206154,30.62256830243764,61.11750272296218,-23.75045580037781,0.2353846153846154,-0.3305158040073941,-1.9182791370997876,-23.832010194276176,0.7463896984472644,-0.4957150151268319,0.8960083471544188,-7.209110272323306
1593,13.22328329999982,130.1132907387368,259.65294278198024,30.6266668969642,61.11830807021997,-23.749688328044314,0.2353846153846154,-0.32641720948083375,-1.919084484357576,-23.87659735135524,0.5228168329432034,-0.4098229218417173,0.6642983276176779,-9.168999035964827
1594,13.227234299999964,130.13096474401038,259.668835671081,30.630827085897828,61.1220490118083,-24.132133710530738,0.2353846153846154,-0.3222570205472053,-1.9228254259459092,-23.919593151911673,0.44187174469359514,-0.49937593128703417,0.6668035389133402,-6.060406942398104
1595,13.239071899999999,130.13239633736978,259.68249059501636,30.63116406095012,61.125263170826926,-23.996415755778024,0.2353846153846154,-0.32192004549491315,-1.9260395849645349,-23.962270681163588,0.28096120037629485,-0.4233046045910502,0.5080610045898758,-9.293225505455148
1596,13.242253899999923,130.12937822862955,259.69338876203534,30.63045364458511,61.12782843167909,-23.969272164827483,0.2353846153846154,-0.32263046185992295,-1.9286048458167002,-24.004884556154597,0.4170412668982343,-0.3815016356254205,0.5652140446600344,-4.782425734102203
1597,13.255052699999851,130.14063999783122,259.69476290095804,30.633104491797194,61.128151882840896,-23.963843446637373,0.2353846153846154,-0.3199796146478384,-1.9289282969785049,-23.970965924902796,0.190873961044368,-0.20603310585412576,0.2808603028422926,-2.8148792357369516
1598,13.258005499999854,130.1534346881785,259.6929778346145,30.63611616506355,61.12773170568619,-23.96275770299935,0.2353846153846154,-0.3169679413814812,-1.928508119823796,-23.964182198652434,0.07307029605232548,-0.2061221963708104,0.21869071311306618,1.6840019651432732
1599,13.270991599999888,130.1491374806384,259.6968116583607,30.635104668519496,61.12863412881413,-23.962540554271747,0.2353846153846154,-0.31797943792553696,-1.9294105429517359,-23.962825453402363,0.14332656138549832,-0.030225966218166055,0.14647905048986606,0.8267312923258477
1600,13.274455799999942,130.1408877331967,259.7008142427152,30.63316280489092,61.12957627559296,-23.962497124526227,0.2353846153846154,-0.319921301554114,-1.9303526897305687,-23.96255410435235,0.21844379966730912,0.049692045736958096,0.22402453665305375,0.06238084656364576
1601,13.286970999999994,130.14769446747886,259.69691681751476,30.634765005421947,61.12865888166117,-23.96248843857712,0.2353846153846154,-0.3183191010230857,-1.9294352957987755,-23.96249983454235,0.07040409695023166,-0.013227330687415752,0.07163587889104082,0.028538846614328574
1602,13.290649399999893,130.156800478442,259.69106727810913,30.636908420310192,61.127281990078,-23.962486701387302,0.2353846153846154,-0.3161756861348408,-1.928058404215605,-23.96248898058035,0.1841528034464357,0.05236374004473596,0.191452908801758,-1.098056553434571
1603,13.303504099999827,130.172077469464,259.7004767804648,30.640504388966143,61.129496842170944,-23.962486353949338,0.2353846153846154,-0.31257971747889,-1.9302732563085527,-24.004928216037946,0.348202608159659,0.08257943995901806,0.3578608950879295,-5.6437543009829305
1604,13.307239899999786,130.17986781707305,259.69637468828023,30.642338116941808,61.12853127277981,-23.962486284461747,0.2353846153846154,-0.31074598950322496,-1.9293076869174186,-24.055857469379465,0.550037715513119,-0.14010225612285926,0.5676003265129488,-7.0961919421683834
1605,13.319325999999819,130.19320227531318,259.70258183124974,30.645476843266028,61.12999233874032,-24.174693301814226,0.2353846153846154,-0.3076072631790048,-1.9307687528779311,-24.10848472629777,0.5419019994399918,-0.3901974411378404,0.6677662915029324,-11.356778616435685
1606,13.322619299999587,130.20911294675798,259.7171341052734,30.649221970544573,61.133417720164346,-24.21713470528472,0.2353846153846154,-0.3038621359004594,-1.9341941343019542,-24.16145158393143,0.7230438175555183,-0.6880135073916809,0.9980756226151704,-13.059883849161046
1607,13.33499699999993,130.23761530333988,259.7632068661621,30.655930986786156,61.144262539265846,-24.22562298597882,0.2353846153846154,-0.29715311965887636,-1.9450389534034542,-24.393435336317538,0.5921459302126998,-0.8602146845089685,1.044320882733046,
1608,13.33834109999998,130.25445692642091,259.7868100173218,30.65989524575754,61.14981835792344,-24.22732064211764,0.2353846153846154,-0.2931888606874935,-1.950594772061045,-24.618781061404135,0.6325309301275998,-1.9545567036263685,2.0543581200119085,
1609,13.351018199999999,130.24564395572634,259.81926109808046,30.6578208080402,61.157456843086635,-25.12240504639228,0.2353846153846154,-0.29526329840483356,-1.9582332572242436,-24.81959117321833,0.26631030541306633,-1.9027413019347095,1.9212874956282295,
1610,13.354119599999649,130.25172623551362,259.8929485142662,30.65925248312859,61.1748017272042,-25.30142192724721,0.2353846153846154,-0.29383162331644286,-1.9755781413418063,-25.015494162378047,-0.3109590246907128,-2.605692976177405,2.6241820442067016,
1611,13.36696959999972,130.2138447974038,259.93558606655483,30.650335775388893,61.184837951050596,-25.221185264355693,0.2353846153846154,-0.3027483310561401,-1.985614365188205,-25.233623734819364,-0.4884979198903819,-2.460721932841061,2.508741247817773,
1612,13.370096799999828,130.18269932801306,259.99392154105277,30.64300461105538,61.19856922427858,-25.20513793177739,0.2353846153846154,-0.31007949538965107,-1.9993456384161874,-25.277249649307628,-0.10403275215316155,-2.943477929037305,2.945315794995556,-10.528308566292111
1613,13.383328999999776,130.19943764938608,260.04656845899365,30.646944554393954,61.210961498809276,-25.31796850432423,0.2353846153846154,-0.30613955205107857,-2.0117379129468844,-25.28597483220528,-0.10923560294410978,-1.9487971253867409,1.951856207015821,-7.282764348462275
1614,13.386776299999838,130.22519434276643,260.0907436772484,30.653007283758868,61.2213596655677,-25.340534618833598,0.2353846153846154,-0.3000768226861652,-2.022136079705305,-25.31092787659731,0.09908264050325388,-1.8802328099141772,1.8828416792515665,-4.482967529865965
1615,13.400354099999731,130.2503217180158,260.12646094372616,30.658921881317568,61.22976696060016,-25.34504784173547,0.2353846153846154,-0.29416222512746515,-2.0305433747377677,-25.386299344850716,0.8962099287091143,-1.4241730371816759,1.6826945879012254,-5.642972790510591
1616,13.415391799999725,130.27253373760942,260.1544561172792,30.664150249006525,61.23635659375957,-25.345950486315846,0.2353846153846154,-0.28893385743850786,-2.037133007897175,-25.448546490063897,0.9049952559906105,-1.3196837700788069,1.600181760418148,
1617,13.418510499999684,130.2942801324004,260.1824204868393,30.6692690157804,61.24293897613295,-25.581995273044424,0.2353846153846154,-0.28381509066463195,-2.043715390270556,-25.656015450356534,0.9354748103015388,-1.2996943519872932,1.6013489717411287,
1618,13.431527199999891,130.31317498305128,260.20531886682704,30.67371657293361,61.24832890249929,-25.629204230390137,0.2353846153846154,-0.2793675335114223,-2.049105316636897,-25.892528773665063,0.9332384668936309,-1.3067556423449558,1.605784650845297,
1619,13.434617999999773,130.33826917911244,260.2436133470778,30.679623360621854,61.257342834004476,-26.37787942029678,0.2353846153846154,-0.27346074582317925,-2.0581192481420842,-26.134850969576767,1.159605246421938,-1.664235305161869,2.028389380389402,
1620,13.44747789999974,130.3614570958035,260.2793710491718,30.68508143947375,61.2657596469589,-26.52761445827811,0.2353846153846154,-0.2680026669712845,-2.0665360610965067,-26.33116208844661,0.8885829512744818,-1.3248215133626915,1.595221521784445,
1621,13.450592299999698,130.3810327614997,260.3088182871953,30.68968925001455,61.272691073755205,-26.55756146587437,0.2353846153846154,-0.26339485643048377,-2.073467487892813,-26.51827099190808,1.0100225275642238,-1.5010997621847808,1.8092667028988372,
1622,13.463615199999822,130.39686722968156,260.3316982851777,30.69341644021735,61.27807667328029,-26.563550867393626,0.2353846153846154,-0.25966766622768134,-2.0788530874178974,-26.55569277260037,0.6609730461986244,-0.9596181384116734,1.165226303929745,
1623,13.466692299999977,130.40927158647312,260.34863349463427,30.696336234969827,61.28206296104468,-26.56474874769748,0.2353846153846154,-0.2567478714752056,-2.0828393751822887,-26.56317712873883,0.6794941361891738,-0.943389034962445,1.1626242524577082,-1.8061118594017316
1624,13.479995099999996,130.4186440379757,260.36044328576793,30.69854236586197,61.28484280418845,-26.564988323758246,0.2353846153846154,-0.2545417405830612,-2.085619218326059,-26.564673999966516,0.39652036148068986,-0.5094058365854319,0.6455406287880575,-0.8807441442354047
1625,13.483067699999992,130.42539312619314,260.3679275939029,30.700130997396233,61.28660449518022,-26.5650362389704,0.2353846153846154,-0.2529531090488,-2.0873809093178295,-26.564973374212055,0.35708100630591844,-0.4334920061130124,0.5616245760544417,-0.071193752784353
1626,13.499586199999612,130.42992997710493,260.37183571927653,30.70119890230316,61.28752440776817,-26.56504582201283,0.2353846153846154,-0.2518852041418711,-2.0883008219057757,-26.565033249061162,0.17313845150294593,-0.16827318805401847,0.24143899686401332,-0.0342494510936507
1627,13.506671499999811,130.43260914222546,260.3728585269871,30.70182953655461,61.28776516096774,-26.565047738621317,0.2353846153846154,-0.25125456989042405,-2.0885415751053458,-26.565045224030985,0.13974678763469736,-0.10201766000637272,0.17302244827591898,-0.0018559162243624904
1628,13.516140899999755,130.43378247354465,260.37162649698115,30.702105720695897,61.28747516005864,-26.565048121943015,0.2353846153846154,-0.25097838574913567,-2.0882515741962493,-26.565047619024945,0.0299197437092307,0.04048880792258608,0.050344161832511614,6.95845030398546
1629,13.521843199999694,130.43375537180412,260.3686634601828,30.702099341363127,61.28677770678149,-26.565048198607354,0.2353846153846154,-0.25098476508190615,-2.0875541209191013,-26.445999025758116,0.058439587725720554,-0.0011469059980551005,0.0584508409428005,13.667888988705624
1630,13.528941199999736,130.43278729265808,260.3644665852605,30.701871470425672,61.285789826992094,-26.565048213940223,0.2353846153846154,-0.2512126360193605,-2.0865662411297023,-26.303140234839123,0.055714447047418666,-0.015516758276119424,0.05783484587339314,
1631,13.532864599999812,130.43624171452194,260.3688647542253,30.702684588187473,61.28682508830226,-25.969802855678672,0.2353846153846154,-0.25039951825755935,-2.087601502439867,-26.1555194043897,0.08770221945327764,-0.07448354911887343,0.11506293228652963,
1632,13.544066399999792,130.43982901383555,260.3739010640446,30.703528983256675,61.28801055815204,-25.85075378402636,0.2353846153846154,-0.24955512318835815,-2.088786972289647,-26.00694616603419,0.09531395094543327,-0.10894052487426663,0.14475077617998863,
1633,13.547533099999782,130.44261411381046,260.37779228261275,30.70418455294308,61.28892649113808,-25.826943969695897,0.2353846153846154,-0.24889955350195336,-2.0897029052756864,-25.97723151836309,0.22799856074803404,-0.38877603769785973,0.4506996241303321,4.141835260754914
1634,13.559553799999776,130.44450057435105,260.3803443719227,30.704628596731865,61.28952721369873,-25.822182006829806,0.2353846153846154,-0.24845550971316754,-2.0903036278363416,-26.090337661094495,0.24648798458488927,-0.4574396640488777,0.5196223366925932,-10.185598066749144
1635,13.564320799999678,130.45728603225965,260.40586184981663,30.707638096824194,61.29553363541838,-26.416474975584713,0.2353846153846154,-0.24544600962083862,-2.0963100495559885,-26.232007961906405,0.358242515951268,-0.6954862798681885,0.7823291287686959,-17.653990223315738
1636,13.574974699999984,130.47085074390475,260.4333441245635,30.71083102125758,61.30200254008957,-26.535333569335695,0.2353846153846154,-0.24225308518745337,-2.102778954227176,-26.379391094334412,0.34740726646615433,-0.6983449446097463,0.7799855578505767,
1637,13.579410800000005,130.4828021024801,260.45776993006666,30.71364418719916,61.307751998923386,-26.55910528808589,0.2353846153846154,-0.23943991924587138,-2.108528413060995,-26.527916793085634,0.402499382910666,-0.8188931609959916,0.9124646636278437,
1638,13.596681599999556,130.49270217356923,260.47820438437213,30.715974511624758,61.31256195509067,-26.563859631835932,0.2353846153846154,-0.23710959482027505,-2.1133383692282806,-26.557621932835882,0.3211714280360982,-0.662252527725996,0.7360227555356,
1639,13.602650899999844,130.50062457903684,260.49475708974535,30.71783932398867,61.31645820727852,-26.56481050058594,0.2353846153846154,-0.2352447824563626,-2.117234621416131,-26.56356296078593,0.302857525308245,-0.6307633960495714,0.6997036104178845,-0.9667004048712701
1640,13.609077999999954,130.506759385726,260.507775881323,30.719283363101663,61.319522630526805,-26.56500067433594,0.2353846153846154,-0.23380074334336953,-2.1202990446644137,-26.564751166375938,0.19211545083349443,-0.4071442565861291,0.4501941715749201,-0.4086792521200512
1641,13.61425539999982,130.51133721581627,260.5176681524597,30.720360913876753,61.321851118963586,-26.56503870908594,0.2353846153846154,-0.23272319256827956,-2.122627533101195,-26.56498880749394,0.18952930326071485,-0.40808035871277626,0.44994548109925514,-0.07859638806090963
1642,13.623732299999574,130.51457594213767,260.52483329788055,30.72112326022625,61.323537683962655,-26.56504631603594,0.2353846153846154,-0.231960846218783,-2.124314098100264,-26.565036335717544,0.13191275409242134,-0.28987689652647286,0.3184801247049289,-0.01775257256709418
1643,13.627789599999687,130.51667880609105,260.52971448902093,30.721618242049125,61.32468664126185,-26.56504783742594,0.2353846153846154,-0.23146586439590777,-2.1254630553994573,-26.565045841362263,0.08786469327797528,-0.19753653746592015,0.21619641060585984,-0.002508792075262668
1644,13.639081599999827,130.51784539122002,260.53267428875915,30.721892838241022,61.32538333258485,-26.56504814170394,0.2353846153846154,-0.23119126820401092,-2.1261597467224576,-26.56504774249121,0.04470728409833481,-0.10855398096218753,0.11739977868032032,-0.0008429565868061857
1645,13.660612899999705,130.51825147842024,260.5340551078343,30.721988424920458,61.32570835615177,-26.565048202559538,0.2353846153846154,-0.23109568152457527,-2.1264847702893803,-26.565048122716995,0.02406786342144213,-0.0669945152558166,0.07118656561483377,-6.647638259430561e-05
1646,13.666283999999905,130.51806689792537,260.5341714307672,30.72194497751166,61.32573573678058,-26.56504821473066,0.2353846153846154,-0.2311391289333713,-2.126512150918188,-26.565048198762153,-0.010414042921302845,0.0056754894586063635,0.011860163176006048,-1.1120428373210183e-05
1647,13.672917299999881,130.5174256600282,260.5333307605238,30.721794039975872,61.325537855938684,-26.565048217164883,0.2353846153846154,-0.2312900664691604,-2.1263142700762927,-26.565048213971185,-0.18449210150849873,-0.053287998450072635,0.19203371135776434,-5.452107839578203e-06
1648,13.677566599999864,130.51642993185277,260.53174730194735,30.721559660882267,61.32516513415069,-26.56504821765173,0.2353846153846154,-0.23152444556276564,-2.1259415482882957,-26.56504821701299,-0.7391937065444515,-0.28247011960853485,0.7913259153260334,-1.003272174012065e-06
1649,13.687263799999982,130.48157406621516,260.5464347502915,30.71335512635526,61.328622333530156,-26.565048217749098,0.2353846153846154,-0.2397289800897724,-2.1293987476677643,-26.565048217621353,-0.8356638580369173,-0.3212549424946285,0.8952870052147368,
1650,13.690588299999945,130.44246459199326,260.5628324424557,30.704149357807644,61.33248209799342,-26.56504821776857,0.2353846153846154,-0.24893474863738874,-2.133258512131029,-26.737996826141462,-0.8931204046864096,-0.6098806253649758,1.0814889895245305,
1651,13.707912399999714,130.40640014458035,260.57746042994984,30.695660341724295,61.33592530120358,-26.565048217772464,0.2353846153846154,-0.2574237647207376,-2.1367017153411894,-26.772586547845485,-1.0376010708336698,-0.709552785974643,1.257012783657969,
1652,13.714045099999566,130.39832244825448,260.61428240485077,30.693758976281437,61.34459262760333,-27.429791259765434,0.2353846153846154,-0.25932513016359593,-2.145369041740942,-26.95245310058472,-0.8772510243014797,-0.9580975182643422,1.299045886080352,-20.091568291274157
1653,13.72126199999957,130.3746279143097,260.62710423158376,30.688181647522132,61.347610688357406,-26.737996826171837,0.2353846153846154,-0.26490245892290076,-2.1483871024950147,-27.161375019531008,-0.2990660309771256,-0.8687319482716037,0.918768571965861,
1654,13.725675299999693,130.37379690167313,260.65708886307175,30.68798603993229,61.35466860930766,-27.46438098144531,0.2353846153846154,-0.26509806651274204,-2.1554450234452673,-27.37610801171871,-0.1099122133221977,-1.1862330239699492,1.1913141826547162,
1655,13.735531199999969,130.37889920710774,260.686992552682,30.68918704413459,61.361707477785146,-27.609657812500004,0.2353846153846154,-0.2638970623104413,-2.1624838919227543,-27.24610600175781,-0.11185824965642528,-0.8906556558648394,0.8976523633011982,
1656,13.73894429999973,130.38550773024372,260.71289346287756,30.690742588811215,61.367804153569644,-27.63871317871094,0.2353846153846154,-0.26234151763381774,-2.1685805677072523,-27.220105599765628,-0.1925791241367818,-0.67783761709835,0.7046634332834786,7.48984340480929
1657,13.751046699999733,130.36906675189687,260.7095725478483,30.686872635446495,61.36702246126276,-26.77978120996094,0.2353846153846154,-0.26621147099853815,-2.167798875400372,-27.199998292804693,-0.1693505940904449,-0.42610419592964627,0.45852416458419837,4.711918577836462
1658,13.754944299999806,130.34958709202695,260.6988775119621,30.68228742320019,61.36450501435416,-26.60799481621094,0.2353846153846154,-0.27079668324484274,-2.1652814284917667,-27.181069604850002,-0.06660353920720288,-0.5795954807203526,0.5834097639792996,2.6894374690002802
1659,13.76700129999972,130.35326591363173,260.71632246636943,30.6831533612087,61.36861128823773,-27.363844446640627,0.2353846153846154,-0.26993074523633354,-2.1693877023753387,-27.162376640696564,-0.12713568883195375,-0.28122320984414717,0.3086259501886071,
1660,13.770359499999813,130.3623338123923,260.7374607435455,30.685287805070804,61.373586913480715,-27.515014372726565,0.2353846153846154,-0.2677963013742293,-2.174363327618323,-27.316679429701814,0.05113994215681056,-0.4829710888058469,0.48567104742418726,
1661,13.78324079999993,130.37071193210198,260.7535714236793,30.687259885556312,61.37737911972759,-27.545248357943752,0.2353846153846154,-0.26582422088872093,-2.178155533865201,-27.505581369338802,0.31178215347542576,-0.6485477085413257,0.7195986669526134,
1662,13.78705809999974,130.37998190758606,260.7688829682245,30.68944189517026,61.3809832217513,-27.55129515498719,0.2353846153846154,-0.2636422112747745,-2.181759635888909,-27.543361757266204,0.34837332490881606,-0.6431337614343751,0.7314266939377801,-9.465100089402759
1663,13.803406699999869,130.3887882015059,260.7815228050444,30.691514761277542,61.38395844487968,-27.552504514395878,0.2353846153846154,-0.26156934516749075,-2.18473485901729,-27.60603136024231,0.33592836664467907,-0.4922650075089063,0.5959636776971441,-7.6350020688793405
1664,13.810780099999647,130.39676904134328,260.7913432256752,30.69339332819311,61.38627002081277,-27.552746386277615,0.2353846153846154,-0.25969077825192244,-2.187046434950382,-27.673678806228153,0.5021256605613846,-0.6738329738586281,0.8403457952851132,-6.580255161931814
1665,13.817678599999908,130.41357290608778,260.8126581941141,30.69734869943297,61.3912872364607,-27.82836238760709,0.2353846153846154,-0.25573540701206454,-2.192063650598307,-27.720125775894072,0.4628336281682875,-0.5817926229792068,0.7434363614435643,-14.238118140433492
1666,13.821760199999972,130.43063703145359,260.8335051247004,30.701365332019076,61.39619428319872,-27.883485587872983,0.2353846153846154,-0.2517187744259566,-2.196970697336326,-27.829540902249132,0.6068575036948496,-0.9067950082897488,1.0911247485278437,-15.342217668791314
1667,13.831531199999972,130.44620982549034,260.8535941766829,30.70503092815388,61.40092293697305,-27.783530003316784,0.2353846153846154,-0.24805317829115126,-2.201699351110662,-27.95154965994202,0.6246232620460254,-0.9296228002566947,1.1199789150899746,-15.602122563292335
1668,13.83477929999981,130.4578964505132,260.8785291594051,30.70778177989003,61.40679224829074,-28.09958014617117,0.2353846153846154,-0.24530232655500228,-2.2075686624283506,-27.975951411480597,0.6771468517972895,-0.9509399431286953,1.1673965197552145,-7.958972104965781
1669,13.847646599999734,130.4766796179994,260.9019061545974,30.712203048544474,61.41229483331292,-28.16279017474205,0.2353846153846154,-0.24088105790055891,-2.2130712474505287,-28.02584396881956,0.5352861711006363,-0.7646562697665352,0.9333972872602811,-6.968604478569059
1670,13.851027799999883,130.48868818452914,260.91388443659855,30.7150296803584,61.415114336614735,-27.950371145299975,0.2353846153846154,-0.2380544260866344,-2.2158907507523438,-28.05801852520923,0.48699970143390864,-0.6931220735701007,0.8471050218637782,-4.633441120170005
1671,13.863716599999862,130.50350062889595,260.92848331618086,30.718516301878584,61.418550688270265,-28.13294837456781,0.2353846153846154,-0.2345678045664492,-2.219327102407874,-28.064453436487163,0.3527008920295738,-0.48952549700244896,0.6033515819602628,-3.024571484384558
1672,13.88024729999961,130.5128914536107,260.93735154193587,30.720726757542213,61.42063813217875,-27.944402785265126,0.2353846153846154,-0.2323573489028199,-2.2214145463163604,-28.048763490031813,0.31849301285304443,-0.44413165884886197,0.5465260557631735,-4.24061557196126
1673,13.88342829999965,130.51526204797298,260.9480143381207,30.72128475898441,61.42314799035764,-28.13175470256084,0.2353846153846154,-0.23179934746062258,-2.22392440449525,-28.09063770777199,0.307594679442341,-0.42411942093302324,0.5239196217300889,-4.2988680394992205
1674,13.895710099999633,130.52426610403427,260.95848490777234,30.723404175257297,61.42561260136795,-28.084340442465294,0.2353846153846154,-0.22967993118773578,-2.2263890155055606,-28.099012551320026,0.2857857180619268,-0.3979404746524429,0.4899286662513051,-11.475082507780257
1675,13.898928499999784,130.53495141370388,260.96851832166965,30.725919332764143,61.427974312639165,-28.159742234000873,0.2353846153846154,-0.22716477368089016,-2.2287507267767737,-28.165245625498386,0.31608362147577673,-0.3401799077045334,0.4643610937310607,-9.138058152847297
1676,13.912311999999929,130.54437475528144,260.9764740628393,30.728137442397017,61.42984697171448,-28.17482259230799,0.2353846153846154,-0.22494666404801578,-2.230623385852091,-28.24759136142781,0.3474866194929683,-0.25807954285395707,0.4328417738231355,
1677,13.915729699999702,130.54851586899613,260.9741142432489,30.729112196856015,61.429291506487814,-28.27556815615691,0.2353846153846154,-0.22397190958901803,-2.230067920625423,-28.350135948066818,0.48607359635728853,-0.40665864438448407,0.6337497882668952,
1678,13.928998399999728,130.56725515743457,260.9954511682341,30.733523137057677,61.434313890368955,-28.54348338220795,0.2353846153846154,-0.2195609693873557,-2.2350903045065635,-28.51080660855868,0.42636484772357003,-0.36107291394341395,0.5587133724531131,
1679,13.933440899999823,130.58359006499342,261.013259459539,30.73736812299076,61.438505688168405,-28.59706337566034,0.2353846153846154,-0.2157159834542739,-2.2392821023060137,-28.612039861750805,0.6033156681651721,-0.5870618557688745,0.8418024815551347,-13.853498113322527
1680,13.943914999999834,130.60508025550615,261.03577030922065,30.742426583219142,61.443804395862706,-28.963095536460195,0.2353846153846154,-0.2106575232258905,-2.244580810000315,-28.68183973504548,0.587816464556303,-0.6726197485284189,0.8932779646414126,-11.198692581643865
1681,13.947283099999822,130.62011161661093,261.0539407462505,30.745964734371494,61.44808143719435,-28.680988858268606,0.2353846153846154,-0.2071193720735387,-2.2488578513319553,-28.69579909935285,0.6739241757244859,-0.8185756652498761,1.0603018034339116,-3.6755685115737715
1682,13.960087999999814,130.63141111338126,261.0683710508204,30.74862446207282,61.451478108885425,-28.624567522630286,0.2353846153846154,-0.2044596443722142,-2.2522545230230335,-28.698591582565886,0.5278320521444507,-0.6666763515725264,0.8503317193995982,5.047211461812807
1683,13.963702799999737,130.64312804690002,261.08539110254884,30.75138244796262,61.45548436721534,-28.613280203744807,0.2353846153846154,-0.2017016584824134,-2.2562607813529496,-28.62808745713818,0.4766446716666819,-0.6259012739369787,0.7867290179878786,6.836444151512069
1684,13.975231899999926,130.6497422778383,261.09440685766845,30.752939336168094,61.45760653726657,-28.611025791725528,0.2353846153846154,-0.200144770276939,-2.2583829514041796,-28.613986021701074,0.2880400211981904,-0.406860011281356,0.49849987220832775,3.584823056367812
1685,13.97937899999988,130.65374187439122,261.0997278130499,30.753880779664396,61.45885900830252,-28.61057490932167,0.2353846153846154,-0.199203326780637,-2.2596354224401267,-28.65534481176209,0.031285872739875126,-0.7075309643787662,0.7082223318900941,-3.1475168768563773
1686,13.99131989999978,130.65919352523844,261.1085882642976,30.75516401440228,61.46094462221159,-28.610481681083083,0.2353846153846154,-0.19792009204275374,-2.2617210363492006,-28.663616569774298,-0.11985834779852021,-0.5206618880880861,0.5342797256535585,-7.329664636279341
1687,13.995367600000009,130.64068949459084,261.13900161929706,30.75080845026523,61.46810345808069,-28.831361472935367,0.2353846153846154,-0.20227565617980403,-2.2688798722182995,-28.709449998525177,-0.027960148245896613,-0.5876541904055796,0.5883189758890748,-6.270486531297884
1688,14.00717399999985,130.64105311095238,261.147726479043,30.75089403996264,61.470157155836276,-28.654638993805825,0.2353846153846154,-0.20219006648239457,-2.2709335699738844,-28.78967930634566,-0.04489315890742086,-0.5859719752707392,0.5876891623293548,-13.414642300142889
1689,14.011111099999653,130.6509973780799,261.15640793812014,30.75323476745573,61.47220063774213,-28.840192935479916,0.2353846153846154,-0.1998493389893028,-2.272977051879735,-28.876788400331634,0.08130724731487061,-0.666186269986666,0.6711296557183779,-10.886399082113302
1690,14.0229618999997,130.65816407840668,261.17118969204955,30.75492169845573,61.475680035205514,-29.011721448424108,0.2353846153846154,-0.1981624079893045,-2.2764564493431223,-28.921093764050703,0.3278418896925315,-0.3110351614229742,0.45191058438432885,-15.281621766732542
1691,14.026961899999606,130.67071319977745,261.1809733873679,30.757875568563,61.47798296656506,-29.046027151012947,0.2353846153846154,-0.1952085378820314,-2.2787593807026667,-29.001018069216393,0.4514641602591121,-0.32298970013131,0.5551056065194971,-9.079748905207833
1692,14.039141899999777,130.67881721595998,261.1806040646154,30.759783129295197,61.477896033671016,-29.052888291530714,0.2353846153846154,-0.19330097714983552,-2.278672447808624,-29.043886475171405,0.4209260885360382,-0.20175540068212222,0.4667804770067535,-12.993256835882242
1693,14.042829299999994,130.6886137583357,261.18426539603666,30.762089084654402,61.4787578547594,-29.05426051963427,0.2353846153846154,-0.19099502179063066,-2.2795342688970095,-29.10096418468272,0.3494825511600769,-0.3486480534553008,0.4936532373473571,-9.650942437359841
1694,14.05507149999994,130.71159359461322,261.17973334119665,30.767498184578187,61.47769107877398,-29.05453496525498,0.2353846153846154,-0.18558592186684564,-2.278467492911588,-29.222824672874047,0.1817726509669009,-0.3096535784237407,0.35906355324672334,
1695,14.058155499999884,130.70877837301853,261.1932029886195,30.766835524725902,61.48086162655197,-29.297109995980684,0.2353846153846154,-0.1862485817191306,-2.281638040689579,-29.357641716801375,0.1377270481420927,-0.7178977125999724,0.7309896480431216,
1696,14.071061499999814,130.70329093724877,261.2140798609244,30.765543866767786,61.4857757211099,-29.655329591969576,0.2353846153846154,-0.1875402396772472,-2.2865521352475113,-29.4950500718759,0.01182128889913127,-0.7710281732267604,0.7711187890206229,
1697,14.074401499999567,130.70238828607,261.24294257265296,30.765331396567248,61.492569559409084,-29.726973511167355,0.2353846153846154,-0.1877527098777847,-2.2933459735466926,-29.571035771211122,-0.03803804112674132,-0.792551424238343,0.7934637059342952,-13.149970834362087
1698,14.087145599999985,130.7021626232753,261.2699794175773,30.765278279017114,61.498933616752815,-29.74130229500691,0.2353846153846154,-0.18780582742791907,-2.2997100308904237,-29.648173829046918,0.017507046720325558,-0.8091205036012014,0.8093098825744867,-10.989963595589225
1699,14.103277499999876,130.71535846587742,261.27138279384747,30.768384377352685,61.499263949936406,-29.43446346193107,0.2353846153846154,-0.18469972909234755,-2.3000403640740146,-29.71539282245001,0.03482671293406264,-0.8052780575350795,0.8060307995860099,-4.70925413838005
1700,14.106717499999831,130.7162770554342,261.287618037329,30.768600599202205,61.50308547647899,-29.682800285159654,0.2353846153846154,-0.18448350724282747,-2.303861890616595,-29.72883662113063,0.0017648648608679929,-0.6302069351377005,0.6302094063433448,-4.159355013885594
1701,14.119090499999857,130.71556828729604,261.3066228320862,30.768433766086606,61.50755891278337,-29.99142455898506,0.2353846153846154,-0.1846503403584272,-2.308335326920975,-29.783316762702693,0.03029269043502562,-0.6378593939164319,0.6385783064755881,
1702,14.122096799999781,130.71264451323026,261.32142194337314,30.767745554652663,61.511042395901676,-29.79419250457045,0.2353846153846154,-0.1853385517923698,-2.3118188100392842,-29.907945090821787,-0.02120196176950128,-1.1643545122030177,1.1645475315633977,
1703,14.13523049999958,130.72037075355172,261.35142024414404,30.7695641927591,61.518103534390825,-30.013703002867217,0.2353846153846154,-0.18351991368593445,-2.3188799485284335,-30.01471890097686,-0.04453423531448555,-1.0592408392764703,1.0601766143931712,
1704,14.138351099999909,130.71950995523363,261.38659163330163,30.769361574078072,61.52638233830023,-30.05760510252657,0.2353846153846154,-0.18372253236696068,-2.327158752437839,-30.066130425703186,-0.047111559847327615,-1.5033100628684235,1.5040480857315406,-9.792336359457183
1705,14.151357999999618,130.71653672953107,261.418936421509,30.76866172248962,61.53399580383211,-30.216669335935002,0.2353846153846154,-0.1844223839554111,-2.3347722179697215,-30.128204112484394,-0.004937381950854907,-1.3632202030667067,1.36322914427097,-8.48170194583138
1706,14.154315399999632,130.7162054104101,261.4513756459046,30.768583735065764,61.54163149818985,-30.24848218261669,0.2353846153846154,-0.18450037137926856,-2.3424079123274595,-30.14061884984063,-0.07506634774406115,-1.480140095108262,1.4820423940328857,-6.721144438206023
1707,14.167333099999723,130.71520705328612,261.4767202542496,30.768348737158117,61.54759722907721,-30.104560938476464,0.2353846153846154,-0.18473536928691559,-2.3483736432148206,-30.28632872602282,-0.022269737190457738,-1.086761655964071,1.0869898058713805,-5.041993574739337
1708,14.170783999999912,130.7120964410559,261.49317298348427,30.767616546894697,61.55146994842014,-30.07577668964842,0.2353846153846154,-0.1854675595503359,-2.35224636255775,-30.285413938563945,0.26548467161255057,-1.3374249660919648,1.363520315502236,-3.638147446164099
1709,14.18415509999977,130.72340374893585,261.53214486940624,30.770278113211056,61.5606433307987,-30.7861544834375,0.2353846153846154,-0.18280599323397695,-2.361419744936306,-30.28523098107217,0.27804906048457173,-0.862304472442431,0.9060244385393654,-2.373427233711629
1710,14.188212399999884,130.7472762607203,261.5638376089531,30.775897335215703,61.568103314107425,-30.212095398640628,0.2353846153846154,-0.17718677122933002,-2.368879728245034,-30.315251152269127,0.43362647037415647,-1.1495627166994968,1.228627834388704,-3.4752085746123473
1711,14.20007349999969,130.74911307152774,261.574232717668,30.776329692221147,61.57055016277416,-30.247567395157816,0.2353846153846154,-0.17675441422388616,-2.3713265769117697,-30.351311949203826,0.46405663528042085,-0.9360281730902593,1.0447474822015481,4.484847993635228
1712,14.203686500000003,130.76077604009873,261.6033131232647,30.779074975592472,61.57739524286077,-30.254661794461253,0.2353846153846154,-0.17400913085256065,-2.3781716569983757,-30.264983459176705,0.5711686649258173,-1.1281562290536944,1.2645039030963061,3.241809425642231
1713,14.215005799999744,130.75788962770048,261.6059369233943,30.778395558520266,61.57801284504512,-30.25608067432194,0.2353846153846154,-0.17468854792476662,-2.3787892591827315,-30.390946520936904,0.3488243149502536,-0.8729776860300658,0.9400895930744696,
1714,14.218518499999846,130.7688524423255,261.6305110252822,30.780976036424313,61.58379721056642,-30.354512033301887,0.2353846153846154,-0.1721080700207196,-2.384573624704032,-30.529311130359254,0.5167773956010141,-1.177322181565556,1.285747407467908,
1715,14.231073099999776,130.78342633689974,261.6605269262424,30.784406506993324,61.59086249186937,-30.841910707441627,0.2353846153846154,-0.16867759945170846,-2.391638906006982,-30.67015604931404,0.40852946044213284,-0.8810705354065762,0.9711753746933512,
1716,14.23471729999983,130.7969918381312,261.68727986388484,30.78759961728319,61.59715972180674,-30.939390442269577,0.2353846153846154,-0.16548448916184455,-2.3979361359443487,-30.731782674706558,0.39322551898850255,-0.8230151670969509,0.9121295270165302,-12.213658358919275
1717,14.247155499999735,130.8085428508902,261.7091200758345,30.79031854797877,61.60230057169643,-30.95888638923517,0.2353846153846154,-0.16276555846626195,-2.4030769858340406,-30.837650480253814,0.2687285696695372,-0.5310291107444876,0.5951528884368424,-10.582712521351375
1718,14.250502699999743,130.8066011973417,261.7057681781383,30.789861512605047,61.60151158654641,-30.564213801284534,0.2353846153846154,-0.16322259383998627,-2.402288000684017,-30.858824041363263,0.20561030168154112,-0.3958590308278139,0.44607170773936167,-5.055870930362726
1719,14.263321399999768,130.81270758082957,261.7159394200229,30.79129886133373,61.60390574040539,-30.883851061038158,0.2353846153846154,-0.16178524511130377,-2.4046821545429964,-30.863058753585157,0.11978999003651979,-0.09368493679324241,0.15207402504998457,-2.304519766238731
1720,14.266603999999916,130.8121170197191,261.71436235744716,30.79115985233388,61.603534524137565,-30.947778512988883,0.2353846153846154,-0.16192425411115252,-2.4043109382751737,-30.863903864974844,0.431451850342064,-0.17594834895724004,0.46594905372193807,-2.241018140822698
1721,14.279624099999637,130.8368488350079,261.726373487311,30.796981341163402,61.60636175932089,-30.960564003379027,0.2353846153846154,-0.1561027652816307,-2.407138173458499,-30.94378541166685,0.5514964705688552,-0.26263511564194425,0.6108400453622549,-3.5936438080981556
1722,14.283264400000007,130.8643292436641,261.7391266359879,30.803449806585547,61.60936365431714,-30.96311194618362,0.2353846153846154,-0.1496342998594855,-2.4101400684547514,-30.959759889950558,0.6586529350201743,-0.45589772134353934,0.8010408361231788,-5.564499042219074
1723,14.295861299999615,130.88914368176563,261.7497078064579,30.809290743554065,61.61185429905855,-30.96362153474454,0.2353846153846154,-0.14379336289096756,-2.412630713196158,-31.03748298384949,0.7433852463857313,-0.52350707260979,0.9092201491478543,-5.163216395213209
1724,14.299013099999684,130.89781921511914,261.76514759370434,30.811332830635738,61.61548858744118,-30.963723452456723,0.2353846153846154,-0.1417512758092947,-2.416265001578786,-31.05302577157459,0.8797317954170507,-0.5320900155929359,1.0281283074409528,-5.740753060679847
1725,14.311697399999957,130.9183673098833,261.7772701747933,30.816169536018688,61.61834205652826,-31.336393982483536,0.2353846153846154,-0.13691457042634525,-2.4191184706658717,-31.13066435841648,0.5833655498253493,-0.3880987739559471,0.7006682689184244,-12.948423013294715
1726,14.314937699999973,130.9339070130177,261.78085013647177,30.819827343064162,61.61918472443105,-31.038277942004523,0.2353846153846154,-0.13325676338087078,-2.4199611385686595,-31.22072210508174,0.5403389788697053,-0.37376148624133143,0.6570113094028783,-14.317675959021422
1727,14.32832529999996,130.95068943025638,261.7868034154656,30.823777665891118,61.62058603471729,-31.351304880393094,0.2353846153846154,-0.12930644055391483,-2.4213624488549,-31.341734753047604,0.7227083663513941,-0.25717710898039836,0.7671032839049879,-13.39649366901476
1728,14.34401459999981,130.96725609779847,261.79520396665936,30.827677204558718,61.62256339522905,-31.413910268070808,0.2353846153846154,-0.12540690188631487,-2.4233398093666594,-31.394408351976708,0.7176824563994005,-0.2346303059585623,0.7550625727035383,
1729,14.34722499999998,130.9885295701039,261.80298037398904,30.832684652655228,61.62439384187742,-31.56878669228604,0.2353846153846154,-0.12039945378980477,-2.4251702560150292,-31.571604448715654,0.5587462550802633,-0.3445493432671999,0.6564385938624248,
1730,14.359943599999951,131.00777539789706,261.8090443488684,30.837214824428077,61.6258212082721,-31.599761977129084,0.2353846153846154,-0.11586928201695557,-2.4265976224097088,-31.635514737399383,0.5411078366108328,-0.3373217842563111,0.6376391432271995,
1731,14.363405299999613,131.01268985167152,261.82095157793975,30.838371611239605,61.628623986807355,-31.924258425699257,0.2353846153846154,-0.1147124952054277,-2.4294004009449637,-31.740428142792382,0.48502314072342734,-0.41581582546835877,0.6388663770673412,
1732,14.376066199999968,131.02381760451945,261.824637918899,30.84099091306381,61.629491694756226,-31.670856323811726,0.2353846153846154,-0.1120931933812237,-2.4302681088938343,-31.825071102191295,0.17616071047422455,-0.3662001474726124,0.40636823685389917,
1733,14.379861499999606,131.02330364429392,261.8329981638068,30.8408699347338,61.63145956778837,-31.938477295035785,0.2353846153846154,-0.11221417171123349,-2.4322359819259773,-31.90565997239139,0.05256579202719926,-0.4263794145505412,0.4296074576213837,-8.94193851776793
1734,14.391157599999588,131.0240449052141,261.84845492425245,30.8410444161504,61.635097851400964,-31.992001489280597,0.2353846153846154,-0.11203969029463323,-2.4358742655385726,-31.893308508150152,-0.00981755722782647,-0.31845359981173493,0.3186048958553121,-9.34494741003002
1735,14.395302399999764,131.01943514598128,261.8557294537194,30.839959349746362,61.63681016372164,-32.002706328129555,0.2353846153846154,-0.11312475669867084,-2.43758657785925,-31.926029255340975,-0.13272591073104628,-0.5268756012347517,0.5433360530609641,-1.6528716147494587
1736,14.407202899999902,131.02056008044065,261.8693812770041,30.840224142011415,61.64002359289481,-31.8625011044931,0.2353846153846154,-0.11285996443361768,-2.440800007032422,-31.904104166497888,-0.15765783168967126,-0.48621429049818793,0.511136310760393,-5.371324781674845
1737,14.41106469999977,131.01387186215118,261.8876028876104,30.83864983832174,61.64431267969906,-31.834460059765807,0.2353846153846154,-0.11443426812329349,-2.445089093836671,-31.942961336229267,-0.20840392732076385,-0.6379436183614047,0.6711216410836114,-2.947457010583556
1738,14.423542799999723,131.00557367842842,261.90431191575027,30.83669657353777,61.648245727861216,-31.82885185082035,0.2353846153846154,-0.11638753290726456,-2.4490221419988245,-31.95073277017554,-0.1723342239696899,-0.6212763281268857,0.6447351088951656,-5.841581561592486
1739,14.42793219999976,131.00113020549577,261.92446512493365,30.835650648370542,61.65298948325361,-32.18628733793751,0.2353846153846154,-0.11743345807449046,-2.4537658973912215,-31.98075629524605,-0.2163765950440861,-0.7047997530293191,0.7372662495686763,-3.441873757229157
1740,14.439974199999597,130.99696376475285,261.9413366181475,30.834669932318747,61.65696077319472,-32.04156349786094,0.2353846153846154,-0.1184141741262863,-2.4577371873323273,-32.0152302385414,-0.14957024659027357,-0.5256513430957975,0.5465167821425899,-5.7745719853998
1741,14.444614599999568,130.9930611316179,261.9548928703572,30.833751312519293,61.660151706407156,-32.01261872984563,0.2353846153846154,-0.11933279392573937,-2.4609281205447644,-32.05059426548172,-0.15582218157703678,-0.5529741230645813,0.5745092976188199,-2.4492542092926803
1742,14.45614839999962,130.98945333222088,261.96542304669083,30.83290209204584,61.66263034791338,-32.00682977624256,0.2353846153846154,-0.12018201439919451,-2.4634067620509867,-32.014424883369784,-0.12116127335859839,-0.36156446897125505,0.3813252147240498,-0.9088802099031261
1743,14.460262499999772,130.98617101127786,261.97331987300083,30.832129484193096,61.66448913933712,-32.00567198552195,0.2353846153846154,-0.12095462225193643,-2.4652655534747296,-32.007191006947394,-0.14438487348448376,-0.35165883162787137,0.3801459266558172,1.6765617333792435
1744,14.470945699999902,130.9832218299679,261.97893330076977,30.831435292284752,61.6658104538735,-32.00544042737783,0.2353846153846154,-0.12164881416028095,-2.466586868011106,-32.005744231662916,-0.11296643213382199,-0.22167636245238778,0.2488007726257453,0.6623495785034108
1745,14.47404669999969,130.98061914767752,261.98262547607135,30.830822660914862,61.666679535136794,-32.005394115749006,0.2353846153846154,-0.12226144553017093,-2.4674559492744024,-32.005454876606024,-0.12851231943640723,-0.19121398006868515,0.23038707086256532,-1.0275552872345803
1746,14.4870877999997,130.97835486016157,261.98471581726005,30.830289682468802,61.66717156929352,-32.00538485342324,0.2353846153846154,-0.12279442397623086,-2.467947983431131,-32.048639193094644,-0.08002510501535667,-0.12682432498250057,0.14996141783800854,-2.0329246592128403
1747,14.490085999999792,130.97642694135874,261.98551306076035,30.829835880042904,61.66735922814821,-32.00538300095808,0.2353846153846154,-0.12324822640212929,-2.468135642285816,-32.05727605639237,-0.07883670277692931,-0.10040140273108718,0.12765448435173696,-3.974493273045275
1748,14.50339109999959,130.97951551829868,261.9928534849166,30.830562883537997,61.66908705106499,-32.22159356796506,0.2353846153846154,-0.12252122290703582,-2.4698634652026,-32.13353284799722,-0.02725644097423656,-0.06406415766558612,0.06962133201816179,-4.520629886518882
1749,14.506472299999587,130.9787427101411,261.99274309535025,30.830380976387058,61.66906106705937,-32.04862474386645,0.2353846153846154,-0.12270313005797462,-2.4698374811969757,-32.1487842063182,0.04001831992915169,-0.14085852633366935,0.14643288691699335,-4.794384129250088
1750,14.518977199999881,130.98194840336535,261.99797978018523,30.83113554725369,61.67029370210514,-32.38667807377329,0.2353846153846154,-0.12194855919134184,-2.4710701162427497,-32.19507666548239,0.08304758137369728,-0.14429373397904854,0.1664859827061645,-3.9066402785405048
1751,14.521994799999902,130.9857367346304,262.00338593625725,30.832027262151463,61.67156622807286,-32.0816416450281,0.2353846153846154,-0.12105684429356955,-2.472342642210471,-32.20433515731523,0.14716820923786283,-0.2137017153137084,0.2594742856976403,-4.209381051516857
1752,14.535033599999679,130.98927018219274,262.0078044918768,30.832858981346906,61.67260628808793,-32.23684529677906,0.2353846153846154,-0.120225125098127,-2.4733827022255355,-32.28071688497867,0.18178227582913864,-0.2445489417878786,0.3047113071994413,3.2186687548540647
1753,14.538222299999688,130.9943535257728,262.01426496574265,30.834055522220364,61.67412698424404,-32.26788602712925,0.2353846153846154,-0.11902858422466878,-2.474903398381649,-32.22146381156605,0.19900508491620117,-0.2161870471887536,0.2938364565446174,2.6421758401763995
1754,14.551286799999616,131.00068265024203,262.02235744016616,30.835545300749278,61.67603182822373,-32.43053338218366,0.2353846153846154,-0.11753880569575514,-2.4768082423613365,-32.28414261582884,0.36138022676573534,-0.23238350823115045,0.42964841812238935,3.68329197597655
1755,14.567311899999822,131.01065345064643,262.01941382293217,30.837892273767544,61.67533894601326,-32.09041270671017,0.2353846153846154,-0.115191832677489,-2.476115360150871,-32.32796621847827,0.3668464525363066,-0.2374779663597399,0.43700355175310696,-9.421735191349454
1756,14.570386199999575,131.0251166707671,262.0259792491901,30.84129669327287,61.67688434634782,-32.39503566634204,0.2353846153846154,-0.11178741317216279,-2.4776607604854277,-32.39170530424253,0.4628255351660847,-0.3588354440125907,0.5856367063986733,-9.66049394023527
1757,14.58306739999989,131.0300256581703,262.0316489260671,30.842452193384702,61.67821890105887,-32.45596331002622,0.2353846153846154,-0.11063191306033104,-2.478995315196478,-32.461628414364135,0.46464475883414613,-0.3884039896809837,0.6056008678264485,
1758,14.586681299999782,131.04315476048984,262.0482869873762,30.845542582084533,61.682135244720854,-32.58658145595056,0.2353846153846154,-0.10754152436049935,-2.4829116588584625,-32.57382958912283,0.5769723756665278,-0.5899916682481913,0.8252195410220002,
1759,14.599519299999884,131.0498702636088,262.064302581805,30.8471233082033,61.68590506925564,-32.780148932791676,0.2353846153846154,-0.10596079824173188,-2.486681483393248,-32.619956957863636,0.3958520728416947,-0.5384081595037304,0.668268067315251,
1760,14.60313219999989,131.06073874510142,262.0791097030684,30.849681581539258,61.68939043779918,-32.65141858050365,0.2353846153846154,-0.10340252490577484,-2.4901668519367917,-32.65286895504929,0.5023016809939869,-0.6619608706239593,0.8309627987862123,-4.416530533759299
1761,14.6151662999996,131.0710547424277,262.09162343406786,30.85210980860221,61.69233597755751,-32.625672510046044,0.2353846153846154,-0.10097429784282141,-2.4931123916951208,-32.65945135448642,0.35699005159007796,-0.47430644713550724,0.5936400447481573,0.03215434714872334
1762,14.61846499999956,131.07979066314599,262.10175565099746,30.85416610994052,61.69472094554248,-32.62052329595453,0.2353846153846154,-0.0989179965045146,-2.495497359680087,-32.627279064842604,0.41274396518829987,-0.5042055765525549,0.6515986834133836,2.3685607501716506
1763,14.631345799999963,131.08682693824744,262.1097132047415,30.855822340849013,61.69659403126993,-32.61949345313622,0.2353846153846154,-0.09726176559601996,-2.4973704454075403,-32.65433337644509,0.2799416634194819,-0.3513316808619315,0.44922297903751157,0.06072289665570718
1764,14.634554399999615,131.09230533685678,262.1157538016737,30.857111871598597,61.6980158948555,-32.61928748457256,0.2353846153846154,-0.09597223484643536,-2.49879230899311,-32.678303198726525,0.3408675634837399,-0.5255615073089486,0.6264228554261055,-7.72903836330968
1765,14.647489399999813,131.09472779295442,262.1267625470981,30.857682080495426,61.7006071841631,-32.78669013851608,0.2353846153846154,-0.0954020259496069,-2.5013835983007056,-32.854429560643744,0.19566309595604442,-0.5182324209039741,0.5539394273700854,-12.362433543260739
1766,14.650850799999716,131.10195953612924,262.14269832720424,30.859384321581192,61.70435822163423,-32.745521621453214,0.2353846153846154,-0.09369978486384056,-2.5051346357718387,-32.90821379298813,0.23020649288697703,-0.6948262179599846,0.7319689218347305,-14.680896466479293
1767,14.663473199999771,131.09645469726473,262.1795039275042,30.858088567202316,61.71302169370483,-33.50115510554065,0.2353846153846154,-0.09499553924271709,-2.5137981078424403,-33.090303036917945,0.12468644398288628,-0.7166053196716288,0.727371908651121,
1768,14.666930899999898,131.10088064208963,262.19461047894634,30.85913036652264,61.716577543505835,-32.88841461485813,0.2353846153846154,-0.09395373992239442,-2.5173539576434436,-33.26456451363359,-0.004667618832986664,-1.0699990655560865,1.0700092462013906,
1769,14.679666899999575,131.0940792608642,262.22447964610376,30.857529426018804,61.72360828592904,-33.52973370422163,0.2353846153846154,-0.09555468042622906,-2.5243847000666477,-33.452190246476725,-0.09046658772689287,-1.0125969770921213,1.016630139977686,
1770,14.683164699999907,131.08512336135863,262.25371360049076,30.85542134505826,61.73048950903859,-33.65799752209433,0.2353846153846154,-0.09766276138677199,-2.5312659231762,-33.489715393045344,-0.15752721412087667,-1.188165568942178,1.1985625734221697,-9.902116872741942
1771,14.695808399999805,131.0892816337967,262.29823827561097,30.856400138416763,61.74096993256689,-33.68365028566887,0.2353846153846154,-0.09668396802826962,-2.5417463467044996,-33.5434032836872,-0.2314970021963182,-1.0518084791614322,1.0769827941345056,4.2820470495729275
1772,14.699253799999951,131.08287109814643,262.3211339707582,30.854891196948312,61.74635922696308,-33.68878083838378,0.2353846153846154,-0.09819290949672066,-2.547135641100688,-33.44755028564369,-0.243839590305773,-1.1355798854351324,1.1614643438372767,11.191403330915161
1773,14.711830099999588,131.07920852771042,262.3396523891739,30.854029084214915,61.7507181777594,-33.15685406806738,0.2353846153846154,-0.09905502223011808,-2.5514945918970113,-33.32178910986312,-0.13185983804691467,-0.7807771630987862,0.7918333128293776,
1774,14.71529419999979,131.07645038632214,262.3539408072544,30.853379860165056,61.75408145155372,-33.050468714004104,0.2353846153846154,-0.09970424627997687,-2.554857865691332,-33.214788730175755,-0.14857619899535793,-0.7473514394912362,0.7619770738135964,
1775,14.728089899999759,131.0741243458481,262.3644480314034,30.85283234602271,61.7565546904688,-33.029191643191446,0.2353846153846154,-0.10025176042232431,-2.557331104606412,-33.11154050970703,-0.059392193382522177,-0.46771290651089437,0.4714687641314698,
1776,14.731938699999773,131.07402348758507,262.37526880716723,30.852808605539256,61.759101734610134,-33.14864838723204,0.2353846153846154,-0.10027550090577719,-2.5598781487477424,-33.11563329725391,0.10493764944577386,-0.692191324533262,0.7001005213755492,1.6316982340367046
1777,14.74405009999964,131.07443314850758,262.3838104879246,30.852905033417937,61.76111231484995,-33.172539736040164,0.2353846153846154,-0.10017907302709617,-2.5618887289875616,-33.14119428640391,0.19429330875705356,-0.5884170208616175,0.6196648128362824,-3.636548673151989
1778,14.747909399999571,131.08678074196087,262.4078956761804,30.855811466953867,61.766781597623996,-33.17731800580179,0.2353846153846154,-0.09727263949116605,-2.567558011761605,-33.171048915874536,0.3744050147304417,-0.8270062758196721,0.90780972417155,-3.4414147765345717
1779,14.760401099999854,131.10054497797069,262.43188419736543,30.8590513563531,61.77242812645679,-33.17827365975411,0.2353846153846154,-0.09403275009193379,-2.5732045405943964,-33.17701984176866,0.4187522214642629,-0.7590050320477106,0.8668575786454205,-2.852868490337763
1780,14.763863999999558,131.11316419859423,262.45227799514214,30.86202172674603,61.77722851270269,-33.178464790544574,0.2353846153846154,-0.09106237969900377,-2.5780049268403005,-33.17821402694749,0.40907730570882833,-0.7089193948218453,0.8184808796792785,0.41110367717490637
1781,14.775781199999983,131.1240780979884,262.46856876636366,30.864590690757268,61.78106310962099,-33.17850301670266,0.2353846153846154,-0.08849341568776481,-2.581839523758596,-33.15371043234263,0.34019528558969664,-0.5096116997874349,0.6127290729985757,-1.0629570277811538
1782,14.791484199999559,131.1213820733252,262.4629368693253,30.863956088028857,61.77973744770272,-33.17851066193428,0.2353846153846154,-0.08912801841617579,-2.5805138618403305,-33.2306578579529,0.3513734393150486,-0.5094148936984766,0.6188431366492775,-2.105981433935061
1783,14.79591419999997,131.12907369826294,262.4718285776829,30.865766578206507,61.78183041905459,-33.05480003277748,0.2353846153846154,-0.08731752823852545,-2.5826068331922016,-33.246047343074956,0.2535344936959894,-0.3132847519050458,0.40302242526922466,-5.347639179320165
1784,14.806988399999682,131.14390554004424,262.49304869715513,30.869257765579647,61.78682530871498,-33.563010787805496,0.2353846153846154,-0.08382634086538587,-2.5876017228525896,-33.33097338463062,0.33546951879645504,-0.261372124792451,0.42527072043587205,-10.949539084066515
1785,14.811541699999907,131.15103528393684,262.5008943154021,30.870935997603596,61.78867204654849,-33.25541221615485,0.2353846153846154,-0.0821481088414373,-2.5894484606861,-33.429806737472994,0.5152571262515975,-0.4505245551167567,0.6844430443186681,-16.508156579875234
1786,14.823293799999647,131.18225192401155,262.5040001291435,30.878283914421182,61.78940310732147,-33.60313322448097,0.2353846153846154,-0.0748001920238508,-2.5901795214590777,-33.66660893050241,0.48783521296908766,-0.4523163746692308,0.6652618265063096,-18.173069218783798
1787,14.827033699999902,131.19589257084664,262.51768551812575,30.881494712830055,61.79262443734345,-33.672677426146194,0.2353846153846154,-0.07158939361497829,-2.593400851481057,-33.7139693691083,0.487534412886782,-0.5014124037587723,0.6993598518588333,-13.420736573425234
1788,14.839293300000008,131.21003729066086,262.54275908705097,30.88482416226325,61.79852636972123,-34.23881099792455,0.2353846153846154,-0.06825994418178283,-2.599302783858839,-33.80528960136073,0.39848355299777005,-0.5837822562915986,0.706817419685336,-8.099997877102094
1789,14.843654799999968,131.21585084488203,262.55566505252443,30.886192583487617,61.80156423544037,-33.799812980834915,0.2353846153846154,-0.06689152295741607,-2.6023406495779753,-33.82355364781121,0.27660677735536576,-0.6776288360674224,0.7319099321289543,-6.402029572383892
1790,14.855247799999688,131.21207428348612,262.59592462494754,30.885303639035964,61.81104071941073,-33.71201337741699,0.2353846153846154,-0.06778046740906873,-2.6118171335483353,-33.91130862995287,0.11130353726696651,-0.5749904516972879,0.585664150303901,3.8383820177747037
1791,14.859239399999751,131.21234321686762,262.604936661608,30.88536694181653,61.813162014193885,-33.6944534567334,0.2353846153846154,-0.06771716462850108,-2.613938428331494,-33.81841468009214,0.27409834449446135,-0.3250986776057319,0.4252282359340687,2.705159627847107
1792,14.87134739999965,131.21398973488095,262.6228451883512,30.885754506825826,61.817377405873444,-34.1114523368545,0.2353846153846154,-0.0673295996192067,-2.6181538200110523,-33.91028083640906,0.24418812020436398,-0.19981948467571672,0.31552442774690187,
1793,14.87560799999983,131.23363888269483,262.60894310861124,30.89037961392663,61.8141050701808,-33.7743412486209,0.2353846153846154,-0.06270449251840304,-2.61488148431841,-34.039099013961504,0.31722071308607774,-0.11838409104023313,0.33859086494213314,
1794,14.887374699999782,131.2418470680858,262.6124484846723,30.89231169448789,61.81493018177672,-34.2591437624195,0.2353846153846154,-0.060772411957142225,-2.6157065959143253,-34.175307595761055,0.3235761044992701,-0.03253731215197319,0.325207890563863,
1795,14.8908978999998,131.24616504460934,262.6185891109142,30.893328079731123,61.81637559072288,-34.35610426517921,0.2353846153846154,-0.05975602671390945,-2.617152004860486,-34.22889208555847,0.33664915471208146,-0.02077923058110704,0.3372898305491907,-9.220288264919686
1796,14.903130999999576,131.24864071793945,262.6239008177676,30.893910815145748,61.81762588479761,-34.37549636573116,0.2353846153846154,-0.059173291299284614,-2.618402298935216,-34.239608983517954,0.1442761048549638,-0.21153935255423295,0.2560556426075875,-2.7831534124471338
1797,14.906259299999874,131.249934837688,262.6277464446763,30.894215431025017,61.81853108620842,-34.37937478584155,0.2353846153846154,-0.05886867542001539,-2.619307500346025,-34.21540958967234,0.14375932872491043,-0.2593844325272258,0.2965586424856099,3.0673011478871164
1798,14.91957199999979,131.2569302731427,262.638252223962,30.895862048908974,61.8210039850249,-33.827925738418315,0.2353846153846154,-0.05722205753605891,-2.6217803991625104,-34.18422693746572,0.08766953703441603,-0.18334026114228005,0.20322302792633587,
1799,14.92270249999956,131.25907967521925,262.64236640071704,30.89636798509007,61.82197239893801,-34.13814679319148,0.2353846153846154,-0.05671612135496318,-2.622748813075617,-34.06754546073534,0.14724441052024168,-0.2604675856664846,0.2992060821781217,
1800,14.935427499999605,131.25951402891224,262.64399003767926,30.896470225267034,61.82235457809989,-34.20019100414611,0.2353846153846154,-0.05661388117799859,-2.623130992237499,-34.017866391951756,0.12671966098116624,-0.20324433779206655,0.23951228219804796,
1801,14.938549899999998,131.26409725722806,262.65046131557216,30.897549046701375,61.823877817357754,-33.79208898207922,0.2353846153846154,-0.05553505974365791,-2.624654231495363,-34.09203275104661,0.07616541449719716,-0.13924226599818257,0.15871225222344518,-7.003626865755246
1802,14.951315899999827,131.2638125528324,262.65063717947896,30.897482031666705,61.82391921301582,-34.13097944192366,0.2353846153846154,-0.0556020747783279,-2.6246956271534287,-34.106866022865574,0.0365005371276262,-0.06874894827719691,0.07783769716420132,0.43873339005936174
1803,14.954408999999941,131.26211631569834,262.6488729789518,30.897082763541302,61.82350394735327,-34.19875753389255,0.2353846153846154,-0.05600134290373049,-2.624280361490875,-34.025730504377805,0.061311421262809196,-0.09542871830167926,0.11342720420589986,5.555376075814578
1804,14.968061899999611,131.25998708673708,262.6463719922965,30.89658157580119,61.82291525357133,-34.21231315228633,0.2353846153846154,-0.056502530643843585,-2.6236916677089397,-34.14045676982087,0.004719250226207233,-0.02013133822404279,0.020677091221648257,10.187573867104593
1805,14.972864299999856,131.26268201338348,262.64970640139444,30.897215920073343,61.82370012217439,-33.79451341170727,0.2353846153846154,-0.05586818637168989,-2.6244765363119953,-34.07929985005793,0.03027260984901354,-0.05005078979351116,0.05849369595114359,4.427896362025329
1806,14.983625299999858,131.2655415665783,262.6547972058174,30.897889014902276,61.82489841921547,-34.36572030929458,0.2353846153846154,-0.05519509154275681,-2.625674833353081,-33.98296629325378,0.066568872036143,-0.08811097608122768,0.1104307875103273,5.552560623584089
1807,14.989110299999993,131.26839650004302,262.6583587252825,30.89856102231782,61.82573674610495,-33.82519484310892,0.2353846153846154,-0.05452308412721152,-2.6265131602425598,-34.01055077818201,0.08560110904901803,-0.11627834882998979,0.14438907256801212,-2.9594079660586914
1808,14.999770999999782,131.27076962671975,262.6608970543675,30.899119619827882,61.82633422972036,-33.71708974987179,0.2353846153846154,-0.0539644866171507,-2.627110643857968,-34.14702104430828,0.11555812672425715,-0.18349246238978967,0.21684825202405447,-6.531271341762161
1809,15.015248299999712,131.27461303045925,262.667322347088,30.90002429793887,61.827846644776095,-34.35023557692749,0.2353846153846154,-0.05305980850616265,-2.6286230589137034,-34.17431509753354,0.10495549354073697,-0.16797538959114452,0.1980691473518187,
1810,15.018248699999731,131.2782060225074,262.6736894124556,30.900870032990202,61.82934535400878,-34.47686474233863,0.2353846153846154,-0.05221407345483087,-2.630121768146388,-34.31072727731922,0.11101971124131679,-0.1953771544906626,0.22471673008695547,
1811,15.031098499999644,131.27872661549014,262.675532948817,30.90099257256922,61.82977929410616,-34.502190575420855,0.2353846153846154,-0.05209153387581367,-2.6305557082437687,-34.498823922260726,0.0936088898391067,-0.21218046103114951,0.23191199257541895,
1812,15.034242299999732,131.28076792706588,262.6794041722628,30.901473065909354,61.83069052054802,-34.5072557420373,0.2353846153846154,-0.05161104053567911,-2.6314669346856263,-34.61380287038965,0.11551285565515995,-0.2808224375454644,0.30365187509809005,
1813,15.04725449999978,131.2788521074989,262.68714688046805,30.901022111457433,61.83251303494094,-34.65757297457934,0.2353846153846154,-0.0520619949876,-2.6332894490785463,-34.71415827915606,0.06985207374075375,-0.1987670007747688,0.21068372695317655,
1814,15.050560499999847,131.28121128737277,262.69333975966777,30.90157742610467,61.83397074342949,-34.92513031757212,0.2353846153846154,-0.05150668034036343,-2.634747157567098,-34.76409020075309,0.21405823137276972,-0.5370473745968353,0.578135631992867,-8.634929880072319
1815,15.063460399999713,131.2841471211596,262.6982296542724,30.902268476211415,61.83512174939027,-34.97864178617068,0.2353846153846154,-0.050815630233618236,-2.6358981635278766,-34.80393742491625,0.2202725566378594,-0.5675879392364087,0.6088317238567749,-6.924748767879093
1816,15.066547099999752,131.29372736256528,262.7208525795837,30.90452351764998,61.840446837963555,-34.75185018340601,0.2353846153846154,-0.048560588795051984,-2.641223252101163,-34.81190686974888,0.1790631613914636,-0.5971818060821164,0.6234498578739142,0.09096458429205834
1817,15.079294299999674,131.30368696759444,262.7448188577865,30.906867855449153,61.84608813114052,-34.706491862853085,0.2353846153846154,-0.04621625099587945,-2.6468645452781274,-34.736141139574784,0.18154359463001848,-0.5528557841101737,0.5818999869180815,7.658504436278118
1818,15.082488599999579,131.3004204906779,262.7487276026302,30.906098977036493,61.84700818954219,-34.69742019874249,0.2353846153846154,-0.04698512940854016,-2.6477846036797956,-34.673489214243084,0.2862685747857018,-0.7742163748180559,0.825445753484897,8.838888320376363
1819,15.095550799999728,131.3104299822886,262.7608971106185,30.908455057369473,61.849872704499425,-34.54630166670162,0.2353846153846154,-0.04462904907556009,-2.650649118637034,-34.66095882917675,0.1404851696380821,-0.4498133770471934,0.4712410816756549,7.123747042146105
1820,15.098690099999658,131.31812797286707,262.77684842316245,30.91026704592102,61.85362739806747,-34.665382159512205,0.2353846153846154,-0.04281706052401191,-2.654403812205075,-34.658452752163484,0.16616387050963502,-0.5277798367613729,0.5533190652368705,0.598392913691733
1821,15.112019899999723,131.31822141582418,262.7826901941695,30.91028904095554,61.85500246108913,-34.68919825807432,0.2353846153846154,-0.042795065489492856,-2.655778875226737,-34.65795153676083,0.2510320248426359,-0.3982460574237394,0.47076214774570196,-2.8893447133331844
1822,15.11515129999998,131.32237609370213,262.79376367403063,30.91126698820989,61.85760898788721,-34.69396147778674,0.2353846153846154,-0.041817118235144335,-2.6583854020248197,-34.687712133524045,0.2774864790010097,-0.42658073513137035,0.5088908228820777,-5.943946267610539
1823,15.127645699999903,131.33212371702905,262.77467382866394,30.91356142877761,61.85311553197782,-34.69491412172923,0.2353846153846154,-0.03952267766742423,-2.6538919461154293,-34.792234199165755,0.1988986632314535,-0.24632061227937058,0.3165983611280121,
1824,15.130936499999734,131.33649467437445,262.77972039808395,30.91459028489122,61.854303416779764,-34.69510465051772,0.2353846153846154,-0.0384938215538142,-2.655079830917373,-34.91170855858316,0.1800869873402214,-0.5285644141282396,0.5584009875456939,
1825,15.148560299999644,131.35029035560532,262.8017873993257,30.917837576011713,61.85949764937974,-35.187992487720734,0.2353846153846154,-0.03524653043331938,-2.660274063517349,-34.93560343046664,0.23087721254715418,-0.34417127084346827,0.4144371495746391,
1826,15.153971499999898,131.34816600320798,262.83660102463614,30.917337536139726,61.86769224118358,-35.286570055161334,0.2353846153846154,-0.03574657030530659,-2.668468655321192,-34.910521564999584,0.49168325611006275,-0.2193677578616455,0.5384000719987313,-3.425922343821754
1827,15.16087219999963,131.36476672052856,262.8339747800848,30.92124508960134,61.86707406361997,-34.813435837204146,0.2353846153846154,-0.03183901684369417,-2.6678504777575753,-35.00407513819523,0.47608216966981004,-0.19380674276036217,0.5140187601799131,4.2835098920339885
1828,15.164540099999613,131.3879484245169,262.8186468932634,30.926701706078596,61.86346611487585,-34.56950479439396,0.2353846153846154,-0.026382400366436798,-2.664242529013457,-34.9242159065453,0.6238795955794709,-0.008535916319358239,0.6239379870209981,6.950515774604215
1829,15.175967799999853,131.39934001140267,262.8299668990971,30.92938311037632,61.86613067009516,-35.16287251649598,0.2353846153846154,-0.023700996068711788,-2.6669070842327685,-34.7798132740825,0.7021183296780646,0.3575819284114045,0.7879308246263338,4.563525547602671
1830,15.17933149999999,131.4125333671085,262.820940821454,30.93248862333477,61.8640060702807,-34.78869632947107,0.2353846153846154,-0.020595483110263046,-2.6647824844183106,-34.849502693879,0.6386229103223402,0.20038503854782153,0.6693230798817471,-5.096086821727695
1831,15.192000499999722,131.42861475657205,262.8039214236252,30.936273935008497,61.859999965868695,-34.56455689284734,0.2353846153846154,-0.016810171436535626,-2.660776380006304,-34.94080019697893,0.38763400702429474,-0.05694341318158667,0.39179417518191856,-6.399833969558181
1832,15.1957610999998,131.43258932757075,262.815047433543,30.937209487874348,61.862618857433965,-35.16188293618666,0.2353846153846154,-0.015874618570684618,-2.6633952715715736,-34.90798914095829,0.3317835323820038,0.02582978791246393,0.3327874551474004,-0.6994398038984797
1833,15.207079399999657,131.44377965611145,262.82961635057325,30.939843519053927,61.8660481563657,-35.02599230989358,0.2353846153846154,-0.013240587391106118,-2.6668245705033087,-34.9489263194026,0.13064146904738635,-0.07104553860001216,0.1487099929050668,-4.991767772334407
1834,15.211338999999953,131.4429723493306,262.8263463483855,30.93965349145782,61.86527844815844,-34.99881723639278,0.2353846153846154,-0.01343061498721454,-2.6660548622960505,-35.034473374232086,0.26546244209707587,-0.1489943943220029,0.3044168814364996,-8.39380349079508
1835,15.22289039999987,131.43892530779164,262.8191201564323,30.938700880141724,61.86357751374483,-34.99338222169262,0.2353846153846154,-0.014383226303309016,-2.6643539278824377,-35.05158278519798,0.20999804793945567,-0.0589855420349447,0.21812490528946518,-11.315211541648384
1836,15.227291699999569,131.45711673344204,262.82049506596354,30.94298286187174,61.86390114629604,-34.99229216699477,0.2353846153846154,-0.010101244573291979,-2.6646775604336455,-35.106075834383354,0.17577179123003395,0.035021403249510606,0.1792267314821633,-6.363444775317337
1837,15.239144899999701,131.45567932984488,262.83290086610026,30.942644519178874,61.86682128078976,-35.24742999101615,0.2353846153846154,-0.010439587266159123,-2.667597694927366,-35.16804500086105,0.3095745253289096,0.03920034000744083,0.31204655644521806,-7.185552455925719
1838,15.255222099999628,131.45988617157255,262.821491207736,30.943634745000924,61.864135622744016,-35.29845755582042,0.2353846153846154,-0.009449361444108462,-2.664912036881624,-35.231509390797214,0.3034617003372959,-0.03405335840959588,0.30536639433731927,-9.96388407080525
1839,15.260049199999685,131.47269096427985,262.8173570548637,30.946648796207413,61.863162506760226,-35.30866306878127,0.2353846153846154,-0.006435310237620229,-2.6639389208978344,-35.33150817698757,0.22855120127229495,-0.07170512421291136,0.2395355431692719,-7.343728885156975
1840,15.271852599999875,131.4670229913141,262.82833981303236,30.94531464257086,61.86574767906762,-35.310704171373445,0.2353846153846154,-0.007769463874172544,-2.6665240932052257,-35.30043676723346,0.2506672320404281,-0.0664383363323615,0.2593224127479571,-13.660984764093815
1841,15.27658509999992,131.479052805934,262.83360320276984,30.948146275858313,61.86698660003659,-35.49228609794656,0.2353846153846154,-0.004937830586719372,-2.6677630141741986,-35.40880744622014,0.24316146527449986,0.05247562547042679,0.2487593002541901,-8.617086623944466
1842,15.28695469999957,131.4826667964542,262.8432961253995,30.94899695362691,61.869268164901726,-35.092072942245565,0.2353846153846154,-0.0040871528181227745,-2.6700445790393346,-35.46671571287684,0.12529414512525658,-0.0020095973240507638,0.1253102600909985,-5.432727622241574
1843,15.290195399999902,131.4829980894944,262.83281042051004,30.94907493491176,61.86679999128929,-35.8403109507538,0.2353846153846154,-0.004009171533272848,-2.6675764054268996,-35.427226199215994,0.1411413629700105,0.15613119655030178,0.21047050833136033,2.3538668226641355
1844,15.307344699999703,131.4855528365826,262.8379709767095,30.94967628307252,61.86801470682548,-35.59820440206482,0.2353846153846154,-0.003407823372512553,-2.6687911209630855,-35.419328296483826,-0.007261930902092428,0.22994272576103922,0.2300573684341435,1.7274527150896342
1845,15.3139756999999,131.48460079459488,262.8218660962282,30.949452187035412,61.86422386572755,-35.11325660306922,0.2353846153846154,-0.0036319194096208207,-2.6650002798651613,-35.46881988292958,-0.0128278493050259,0.2711124572033665,0.2714157662491987,5.054268199096308
1846,15.321002599999701,131.48031157560183,262.8186638507172,30.94844257087243,61.86347010639959,-35.45279658428572,0.2353846153846154,-0.004641535572602606,-2.6642465205371977,-35.31306207228905,0.028754171505887372,0.1118718419988629,0.11550805777610725,11.454400275783994
1847,15.325191899999936,131.48127631919343,262.8189161457848,30.948669656671683,61.86352949277703,-35.339530874474335,0.2353846153846154,-0.004414449773349816,-2.6643059069146418,-35.23069652090312,0.00732818534614782,0.3381206960736728,0.3382000996655863,13.738095317831027
1848,15.335434899999655,131.49137086812843,262.8204211751181,30.95104575819023,61.8638837535278,-35.06152189755112,0.2353846153846154,-0.0020383482548034237,-2.66466016766541,-35.23697121336031,0.0313435809478387,0.226135987479244,0.228297842521226,6.216984714397483
1849,15.338592799999788,131.49040405736415,262.8061947713186,30.95081818581033,61.86053507694115,-35.186376645135226,0.2353846153846154,-0.002265920634702212,-2.661311491078756,-35.238226151851755,-0.17508056308766345,-0.11802644021065903,0.21114792009369537,-1.3059758956973377
1850,15.351139699999749,131.49500320550314,262.8055678578687,30.951900754526125,61.860387511159864,-35.14463006535517,0.2353846153846154,-0.0011833519189075048,-2.6611639252974726,-35.27471188076098,-0.1961717015096613,-0.162289201571941,0.254599924234187,
1851,15.35425209999994,131.47945606260626,262.82690313390077,30.948241196275013,61.8654095069028,-35.45907127674291,0.2353846153846154,-0.0048429101700193655,-2.666185921040409,-35.36931493474595,-0.2390594003886175,-0.3040175772428247,0.3867506744490075,
1852,15.367110400000001,131.47665646560273,262.8397671653111,30.947582214211103,61.868437501988616,-35.521959519020456,0.2353846153846154,-0.00550189223393005,-2.6692139161262247,-35.388236155894504,-0.20334111851038528,-0.5291645302651369,0.5668886227185879,
1853,15.37015859999974,131.4768835377874,262.84939186456995,30.947635663509953,61.87070300812185,-35.53453716747597,0.2353846153846154,-0.005448442935080067,-2.671479422259459,-35.369272597389845,-0.07895941129183048,-0.5125276947989181,0.5185742247426548,1.6820504081471235
1854,15.382952899999964,131.4826737958238,262.85294244856436,30.948998601170835,61.87153876096976,-35.28098275087801,0.2353846153846154,-0.004085505274197487,-2.6723151751073715,-35.365479885688906,0.1609879709538713,-0.20688805536688676,0.2621446056002994,2.249095700933326
1855,15.386256399999638,131.49261287644617,262.8516099407544,30.951338107840407,61.871225109131416,-35.04981227283186,0.2353846153846154,-0.0017459986046262088,-2.6720015232690244,-35.36472134334873,0.051259573684456786,-0.3089697665428611,0.3131930084338767,-1.0664659907234357
1856,15.399098999999751,131.4939189051467,262.8562664378253,30.95164552690376,61.87232117690349,-35.440107718238245,0.2353846153846154,-0.0014385795412721336,-2.673097591041099,-35.412565850701,0.0028097058333463043,-0.24496773985029585,0.24498385255814753,-6.998734742090862
1857,15.402572199999668,131.48506725070075,262.86727248103836,30.949561983626484,61.87491183015211,-35.518166807319524,0.2353846153846154,-0.0035221228185484676,-2.6756882442897165,-35.4733481310777,0.03138327178810827,-0.41076990159802673,0.4119670154356764,-11.050916824752495
1858,15.41493569999966,131.47326418816345,262.8895018360799,30.946783724290782,61.880144278338804,-35.77375970423734,0.2353846153846154,-0.006300382154250883,-2.6809206924764126,-35.62080671117648,-0.14077100967052775,-0.4985955240881236,0.5180868400223755,-12.599576202852452
1859,15.418458599999667,131.47699677213853,262.90288693362936,30.947662317134146,61.883294924377374,-35.584894152761535,0.2353846153846154,-0.005421789310886993,-2.6840713385149826,-35.65029842719623,-0.08030754174994274,-0.5914467827136407,0.5968740219210712,-5.573571233111541
1860,15.431125099999917,131.4687860887866,262.92140807373937,30.945729648591307,61.88765451581865,-35.78710517332575,0.2353846153846154,-0.007354457853725904,-2.6884309299562617,-35.60498217079081,0.06676768257515667,-0.4691167556668586,0.4738443350762527,8.344867691444568
1861,15.434754999999768,131.47381731077087,262.9298835736106,30.946913920842988,61.889649518096036,-35.58756629833702,0.2353846153846154,-0.006170185602044853,-2.6904259322336443,-35.49670810408004,0.2144056212828742,-0.46617846489916875,0.5131199972457132,13.071696966889178
1862,15.44729899999993,131.4810374880931,262.93703784896906,30.948613439504992,61.89133352444964,-35.291585525292405,0.2353846153846154,-0.004470666940040502,-2.692109938587251,-35.42383930148007,0.18810203456138597,-0.30270245261241374,0.35638623742185027,18.357038149234604
1863,15.450518699999975,131.48806103828304,262.94262585628525,30.950266675165086,61.89264885540253,-35.23238937068348,0.2353846153846154,-0.002817431279947158,-2.6934252695401355,-35.3612687147882,0.2351238146306505,-0.23509438866218257,0.33249448083677097,8.748921285142165
1864,15.462983099999747,131.4943030098149,262.94670077559476,30.95173593923335,61.89360802871692,-35.2205501397617,0.2353846153846154,-0.0013481672116810728,-2.6943844428545276,-35.34875398709827,0.12650560041169745,-0.19163416162269714,0.22962429931598718,4.203619006628874
1865,15.479217199999766,131.49999481983653,262.9471244126487,30.953075703746137,61.893707746361926,-35.4742522398664,0.2353846153846154,-8.402698895793037e-06,-2.6944841604995347,-35.47581586089622,0.0663748499687277,-0.23645701518819404,0.24559629626702625,
1866,15.482567199999721,131.49690880017397,262.9518537349981,30.952349302194797,61.89482095608417,-35.524992659887346,0.2353846153846154,-0.0007348042502357544,-2.695597370221776,-35.600439051085495,-0.12589204262403153,-0.2170619573439885,0.25092767827016305,
1867,15.49568649999992,131.48770299960404,262.97182726431595,30.950182398368337,61.89952241760052,-35.92689489428216,0.2353846153846154,-0.0029017080766955416,-2.700298831738131,-35.676577678381165,-0.13705584143638835,-0.18694707124974472,0.23180489882807384,
1868,15.499061399999846,131.48128167641468,262.9762942184227,30.94867091767915,61.90057386987488,-35.85550532162987,0.2353846153846154,-0.004413188765884257,-2.7013502840124914,-35.739802230012174,-0.11503388637830389,-0.26781587154397835,0.29147578984567013,-8.477232842049641
1869,15.513200199999574,131.4850092923947,262.97187201651974,30.949548341132903,61.8995329515808,-35.60124327624004,0.2353846153846154,-0.003535765312129513,-2.700309365718411,-35.75244775068994,-0.059112754566442174,-0.2380438128433278,0.24527367283388102,-0.40414697818119727
1870,15.517317399999683,131.48837878794242,262.9790519885049,30.950341468546448,61.90122300652501,-35.79037499802145,0.2353846153846154,-0.0027426378985850874,-2.7019994206626166,-35.67662663509893,0.011774804558883158,-0.28027558743486486,0.2805228171367856,7.744817070982306
1871,15.528372699999636,131.49132687472,262.9876676602122,30.951035402818704,61.9032510030961,-35.58822026327616,0.2353846153846154,-0.0020487036263290292,-2.7040274172337107,-35.61346619616042,0.10917254236908107,-0.24054501740189838,0.264160082912253,9.379207404585436
1872,15.531523799999832,131.4938606188265,262.99529185401786,30.951631807200698,61.905045621022666,-35.54778931632711,0.2353846153846154,-0.0014522992443346538,-2.705822035160274,-35.60083410837271,0.040826059081444904,-0.2102046348880328,0.2141325655488506,3.305934847229087
1873,15.544421499999771,131.4960046749703,263.00147799280137,30.95213648503147,61.90650174292094,-35.5397031269373,0.2353846153846154,-0.0009476214135624161,-2.7072781570585462,-35.59830769081517,0.0043024115174490896,-0.13503858407708233,0.13510710541791912,1.452812173069134
1874,15.547707499999888,131.49210038138906,262.9983324498605,30.951217474388503,61.905761330505634,-35.53808283730152,0.2353846153846154,-0.0018666320565294825,-2.706537744643242,-35.59780240730366,0.0036987779322310843,-0.12142635315205026,0.12148267447664456,-0.7871459502149393
1875,15.56537389999994,131.49285236585507,263.00093351529716,30.951394479962808,61.906373581293025,-35.77774291023374,0.2353846153846154,-0.0016896264822250373,-2.7071499954306333,-35.645697566421674,-0.023040014254091013,-0.025583933961843768,0.03442934698469752,-3.7796622507788222
1876,15.57193019999977,131.49451664981336,263.00414725821884,30.951786226802223,61.90713004693459,-35.58569384571862,0.2353846153846154,-0.001297879642809363,-2.7079064610721986,-35.703272814065585,-0.01722548356770027,-0.021541377399278007,0.02758166464155558,-4.375734111085948
1877,15.578975799999625,131.4961801268088,263.0068504131875,30.952177783694996,61.907766328027215,-35.787265111917165,0.2353846153846154,-0.0009063227500369919,-2.7085427421648234,-35.71478847394593,0.04547539118694576,-0.07397472954224386,0.08683473852355329,-3.624679769496547
1878,15.584005299999717,131.49763740841118,263.00883082839454,30.95252080536448,61.908232487299024,-35.82757936515687,0.2353846153846154,-0.0005633010805539129,-2.7090089014366328,-35.717091605922,0.056191625727798025,-0.07680520619289083,0.09516584734170871,-2.6141186323446055
1879,15.592432599999938,131.49884859160474,263.0101499068057,30.952805899254656,61.908542978063494,-35.59566113670325,0.2353846153846154,-0.00027820719037663366,-2.7093193922011025,-35.76554844813752,0.047131400936234115,-0.054787220323065385,0.0722703844250199,-2.972257575566755
1880,15.596009799999592,131.49981514472736,263.01089166371315,30.953033410989672,61.908717576227865,-35.789258570114086,0.2353846153846154,-5.0695455360738606e-05,-2.7094939903654733,-35.77523859587751,0.12978978528262755,-0.15492803839762181,0.20210909293113347,-1.5739585232966857
1881,15.608334799999739,131.50057176713887,263.0111686556744,30.953211508264996,61.90878277587413,-35.827978056796255,0.2353846153846154,0.00012740181996306887,-2.7095591900117384,-35.72918040960519,0.12124591833328445,-0.13949107456549004,0.1848197299963307,-6.009085593170746
1882,15.611963099999684,131.5077990391968,263.0202787361842,30.954912696918633,61.91092714867105,-35.83571585061706,0.2353846153846154,0.0018285904736004,-2.7117035628086583,-35.79831899207729,0.1333519081717959,-0.2511626218792771,0.2843684125256035,-5.514046359513252
1883,15.62326159999975,131.50902220852967,263.02102274801086,30.9552006121616,61.91110227760871,-35.597288433795285,0.2353846153846154,0.0021165057165681844,-2.711878691746321,-35.812145487868584,0.14627803183511695,-0.2782878084239339,0.31439046886785804,-6.950992218995017
1884,15.62807819999989,131.51095306189805,263.0332021591707,30.95565510533908,61.91396912362018,-35.94135404906375,0.2353846153846154,0.002570998894046994,-2.7147455377577856,-35.81490956632372,0.21754528778910676,-0.3576457337906314,0.4186124975892197,-3.5949545863850045
1885,15.639383799999905,131.51711204477138,263.04206061059347,30.957104835153878,61.91605426680123,-35.85839104907056,0.2353846153846154,0.004020728708844956,-2.716830680938841,-35.91651584881162,0.09517651097031776,-0.3308799656946141,0.3442965581276583,-11.321605543774519
1886,15.643427099999826,131.523481197228,263.0489673010859,30.958604035655206,61.917679995486374,-35.84179844907192,0.2353846153846154,0.005519929210173302,-2.7184564096239825,-36.01518732503577,0.07699927513178491,-0.44393199685323304,0.4505602137349893,-11.694491089356482
1887,15.655086799999935,131.51639886376012,263.07161377351366,30.956936963315844,61.9230106266886,-36.34374726305658,0.2353846153846154,0.003852856870810939,-2.7237870408262097,-36.03492162028059,0.05856849997007989,-0.3511971973736939,0.3560473853743102,-11.324777279985511
1888,15.659440899999936,131.5151890408912,263.08235656837843,30.956652189625157,61.925539315326,-36.090645814916,0.2353846153846154,0.0035680831801236934,-2.7263157294636073,-36.06922370393893,0.03655579813449519,-0.3653349992923923,0.36715934971783337,-3.3858667548012016
1889,15.671128799999678,131.51529857247866,263.08888748193834,30.956677971675745,61.92707659190241,-36.04002552528789,0.2353846153846154,0.0035938652307123675,-2.7278530060400215,-36.0760841206706,-0.019301621365225192,-0.2792171319552866,0.27988347461874635,5.359104814466332
1890,15.675190399999792,131.51561205767044,263.0932896805432,30.956751761267043,61.92811280172786,-36.029901467362265,0.2353846153846154,0.003667654822010036,-2.728889215865472,-35.976402737220056,0.019972532758121782,-0.18122130538603284,0.18231857719550146,9.395123333278992
1891,15.687079799999992,131.52023373341174,263.0918496418155,30.957839632633842,61.9277738387658,-35.87610053273026,0.2353846153846154,0.004755526188809256,-2.7285502529034105,-35.92611123592057,0.0668370954683099,-0.038392996852585404,0.07707930680774577,10.19491719119617
1892,15.709377299999687,131.5252915876498,263.0887430501023,30.95903017370834,61.92704259487024,-35.84534034580386,0.2353846153846154,0.005946067263305821,-2.7278190090078454,-35.885698931754426,0.12680655735234006,-0.02970456836850662,0.1302392581732236,4.035410903542246
1893,15.715716100000009,131.52984050555503,263.085151155592,30.960100918999878,61.92619711816242,-35.839188308418585,0.2353846153846154,0.007016812554844876,-2.726973532300029,-35.847261246311824,0.1545093553688936,0.04558169437354158,0.16109261857227972,1.457350474940066
1894,15.722185099999933,131.5381417364962,263.0875719685855,30.96205490105218,61.92676694029782,-35.837964004457156,0.2353846153846154,0.00897079460714778,-2.7275433544354257,-35.8699301545358,0.10422181427789018,0.06495003900646142,0.12280347771262788,0.5821975011245535
1895,15.727761399999963,131.54185354935842,263.0846981679276,30.962928604695136,61.926090491835275,-35.83771304014925,0.2353846153846154,0.009844498250103584,-2.7268669059728836,-35.874463936180604,0.09729590639492189,0.10024395146732466,0.13969732712902114,-1.4740607245976929
1896,15.73641699999962,131.53597226795483,263.0800887265522,30.961544241533986,61.92500550024999,-35.98944507385016,0.2353846153846154,0.008460135088952825,-2.7257819143875963,-35.87537191321269,0.09144297475443008,0.06266746389003514,0.11085589141921234,-0.31894694597534956
1897,15.741085799999837,131.53634444638323,263.0759380141576,30.961631846610207,61.924028486409405,-35.86800925402785,0.2353846153846154,0.008547740165173678,-2.7248049005470136,-35.8755535086191,0.13149922543621637,0.027056446675801683,0.13425385505468868,-1.0461696272371306
1898,15.751234199999999,131.54236553054113,263.0782877872308,30.963049117188913,61.92458158684048,-35.84372819357901,0.2353846153846154,0.009965010743879787,-2.7253580009780904,-35.90594505230976,0.07959584264373562,-0.06560723439274407,0.1031494419317467,1.6245555677339922
1899,15.75430439999991,131.54891764606302,263.0817591416319,30.964591384380988,61.92539869026105,-35.83887198148924,0.2353846153846154,0.011507277935955074,-2.7261751043986564,-35.88166813643852,0.1647692714347953,-0.16131818782169477,0.2305915664789778,0.050048885481050576
1900,15.767267399999582,131.5432543443771,263.1005942043533,30.96325833029184,61.929832174255466,-35.989670758602536,0.2353846153846154,0.010174223846806996,-2.730608588393075,-35.943403329436144,0.1578100876930087,-0.25848495638022745,0.3028506173884465,-3.5097001938544294
1901,15.770390199999838,131.54678236661186,263.10528008185,30.96408877244864,61.930935157727774,-35.868060494493946,0.2353846153846154,0.01100466600360761,-2.7317115718653824,-35.98610437194192,0.09299999136029397,-0.4462359855508768,0.4558240375337583,-8.058028271152299
1902,15.783484199999748,131.54589053794203,263.12066511323593,30.9638788497002,61.93455655742323,-36.17668521901598,0.2353846153846154,0.010794743255168271,-2.7353329715608368,-36.06123393591182,-0.01530445545754303,-0.4438568860362923,0.44412066112565185,-11.873588231362602
1903,15.786646699999892,131.54341309469058,263.1340099672738,30.96329569767332,61.937697730758295,-36.05723340610788,0.2353846153846154,0.010211591228287631,-2.7384741448959034,-36.112495200268306,-0.022112149145695266,-0.5483145448118242,0.5487602274145233,-8.373560328897407
1904,15.799440599999798,131.54128311376053,263.14782896886925,30.962794332931324,61.94095051113384,-36.21451980133877,0.2353846153846154,0.009710226486291162,-2.7417269252714505,-36.15310145704585,-0.10311349199140347,-0.519796738871907,0.5299255060596071,-3.6186847174292307
1905,15.802737699999852,131.5393658834206,263.15993545266656,30.962343046405156,61.943800191166126,-36.24597708038495,0.2353846153846154,0.009258939960123058,-2.7445766053037346,-36.124987356838865,-0.13880800914887523,-0.5423932963255876,0.5598733350525018,1.9362872836408165
1906,15.815073299999767,131.53207734121648,263.17097293787367,30.960627435701724,61.94639824537642,-36.07109177838168,0.2353846153846154,0.007543329256691322,-2.7471746595140303,-36.11936453679746,-0.1266873197616095,-0.3699356249738429,0.3910269090653072,3.1061108445991983
1907,15.818427899999733,131.5293053460463,263.17652466757386,30.959974950684746,61.947705037136615,-36.03611471798102,0.2353846153846154,0.00689084423971309,-2.7484814512742233,-36.11823875208606,-0.09582920535653412,-0.4383521815308922,0.448704659717455,1.2531091319783005
1908,15.830712799999674,131.52284452498813,263.18335998769425,30.9584541728049,61.94931396633419,-36.02911930590089,0.2353846153846154,0.0053700663598661436,-2.7500903804717964,-36.081778243581276,-0.08540959492932658,-0.28257961195419545,0.2952050744790396,1.8231306217517345
1909,15.834079599999768,131.5244908858857,263.1918894964353,30.95884170083156,61.95132168146861,-36.20889087778174,0.2353846153846154,0.0057575943865266765,-2.7520980956062218,-36.07448614188032,-0.13563639860435484,-0.2820863149569355,0.31300147238047116,1.7474013345777575
1910,15.847521599999709,131.51964963797533,263.1967684556518,30.957702145554194,61.95247011340727,-36.06367453786103,0.2353846153846154,0.004618039109161032,-2.7532465275448814,-36.07302894224325,-0.10287411967067032,-0.2303485085846511,0.2522766733274967,
1911,15.850971599999866,131.51393035382978,263.19981925014343,30.95635591405532,61.9531882234953,-36.0346312698769,0.2353846153846154,0.003271807610286004,-2.7539646376329117,-36.20754218981584,-0.08136199308172798,-0.6953375540240405,0.7000814866530657,
1912,15.863253299999997,131.51232887141643,263.2066473174187,30.955978949733407,61.954795445484706,-36.0288287197957,0.2353846153846154,0.0028948432883737496,-2.7555718596223144,-36.19821192917411,-0.08643393522587364,-0.5925584232106685,0.5988291159225179,
1913,15.866237999999612,131.51212305037365,263.23778853833903,30.955930502626412,61.96212560979365,-36.70168554376383,0.2353846153846154,0.0028463961813791627,-2.762902023931261,-36.331150564545766,-0.053944749234352926,-0.9534675405360057,0.9549923490927751,
1914,15.879580399999668,131.51720999232975,263.24246105060035,30.957127890502235,61.96322544729516,-36.16223957457308,0.2353846153846154,0.004043784057202515,-2.7640018614327673,-36.492542979120095,0.02457848256753442,-1.014064759917308,1.014362577736122,
1915,15.882810199999767,131.51827573416642,263.2683941933142,30.95737874973456,61.96932971011857,-36.728367714719305,0.2353846153846154,0.004294643289526334,-2.7701061242561806,-36.65962492883183,0.030226978555312038,-1.314632039389567,1.3149794938409327,
1916,15.895450799999708,131.51840484052403,263.2958430551645,30.957409139384886,61.97579074990795,-36.84159334274855,0.2353846153846154,0.004325032939853202,-2.7765671640455594,-36.693041318774185,0.03335164362665748,-0.9004292990607234,0.9010467550241693,
1917,15.898945799999638,131.51836845256264,263.3201002901583,30.957400574218592,61.981500529837255,-36.8642384683544,0.2353846153846154,0.004316467773559651,-2.782276943974864,-36.83452806355953,0.015452046592761346,-1.1159441476687064,1.116051121795028,
1918,15.91131869999981,131.5183364673887,263.3403323845513,30.95739304540073,61.98626285359438,-36.86876749347557,0.2353846153846154,0.004308938955695396,-2.7870392677319913,-36.8628254125166,8.415904944528729e-05,-0.7834681002620537,0.7834681047821775,
1919,15.914630099999613,131.51833991518703,263.3566513944777,30.95739385695941,61.99010409746936,-36.869673298499805,0.2353846153846154,0.0043097505143769865,-2.7908805116069715,-36.86848488230802,-0.00016286401993648798,-0.7093264517408647,0.7093264704379602,-1.3605955630788797
1920,15.927844299999833,131.51838655350377,263.3694286567249,30.95740483490166,61.99311166842909,-36.86985445950465,0.2353846153846154,0.004320728456626455,-2.7938880825666956,-36.8696167762663,0.0019529661671836083,-0.48371092646256875,0.4837148689632424,1.4285850940749047
1921,15.944017799999983,131.51846687763376,263.37907744006014,30.9574237419661,61.995382843583386,-36.86989069170562,0.2353846153846154,0.004339635521066754,-2.796159257720994,-36.77127381912045,0.027869076322946214,-0.3399452305009982,0.34108568594338723,4.026367762436433
1922,15.947250499999882,131.51857851140062,263.3860214962455,30.957450018837378,61.99701736757779,-36.86989793814581,0.2353846153846154,0.00436591239234474,-2.7977937817153986,-36.75160522769128,0.042182261966306034,-0.10662006739106429,0.11466116166806073,4.154500973485395
1923,15.96041809999997,131.52579330949078,263.36734125052624,30.959148271310905,61.992620325123866,-36.37705270774635,0.2353846153846154,0.006064164865872357,-2.7933967392614747,-36.74767150940545,0.040658666577395725,-0.07000883494874072,0.08095902753079397,2.207465758548536
1924,15.963704499999949,131.52679592258755,263.3672488258152,30.95938427100907,61.9925985697688,-36.77133034135396,0.2353846153846154,0.0063001645640383686,-2.7933749839064106,-36.74688476574828,0.03435076925585246,-0.06514857287751871,0.0736499280138561,0.18230902304676883
1925,15.981603199999881,131.52627982171134,263.3706360589929,30.959262788802825,61.993395872347556,-36.850185868075485,0.2353846153846154,0.006178682357791843,-2.794172286485164,-36.74672741701685,0.02607417391036911,0.01822727569185571,0.03181345822533425,0.08432057757392256
1926,15.988191099999767,131.52542981870909,263.3738861265646,30.95906271117306,61.99416088825291,-36.865956973419785,0.2353846153846154,0.005978604728028358,-2.7949373023905153,-36.74669594727057,0.1424920188626685,0.060898450911319235,0.15495998439260839,0.004856550106698196
1927,15.994474499999797,131.5245421165425,263.37625503994195,30.958853759740006,61.99471849401711,-36.869111194488646,0.2353846153846154,0.005769653294972699,-2.7954949081547156,-36.7466896533213,0.13348198058400929,0.06397696465470215,0.14802192792643543,0.0020149705255058095
1928,15.999200899999778,131.5388198553075,263.36526584738783,30.962214519787768,61.992131807154365,-36.37689535901492,0.2353846153846154,0.009130413342735011,-2.792908221291974,-36.746688394531446,0.10629471515873175,0.05729198483734061,0.12075155484414261,0.00043145487880050796
1929,16.008753799999795,131.53990592207884,263.3643724921204,30.962470163197022,61.99192152506835,-36.77129887160767,0.2353846153846154,0.009386056751989003,-2.792697939205958,-36.74668814277348,0.1421396428356273,0.021493322661888838,0.1437554902759813,0.00010249471228206011
1930,16.012156299999788,131.5378428440451,263.36549955613555,30.961984546367535,61.99218681859806,-36.85017957412622,0.2353846153846154,0.008900439922502557,-2.7929632327356657,-36.746688092421884,0.13556114864021857,0.015661963554618172,0.13646289650685867,-2.810823803927619
1931,16.02384549999988,131.54523494196832,263.38015510143623,30.96372453249408,61.99563650849191,-36.86595571462993,0.2353846153846154,0.010640426049047136,-2.7964129226295213,-36.845257418289066,-0.019970160280021174,-0.09086084131019395,0.09302956403856778,-4.117225779812302
1932,16.028875599999992,131.54382140028702,263.3826745785817,30.9633918065291,61.996229554650775,-36.86911094273068,0.2353846153846154,0.01030770008406634,-2.7970059687883833,-36.8649712834625,-0.06213593516357197,-0.07792325762328649,0.0996639780325705,-4.227415128707747
1933,16.04080339999973,131.5404467746323,263.3819311568525,30.962597471567296,61.99605456461297,-36.869741988350825,0.2353846153846154,0.009513365122263195,-2.7968309787505774,-36.86891405649719,-0.007847112962612451,-0.10604152575376984,0.10633147401421383,-1.4736472880376688
1934,16.045409199999995,131.53684509209558,263.38023468130297,30.96174969090865,61.99565524036824,-36.86986819747486,0.2353846153846154,0.008665584463617648,-2.796431654505845,-36.86970261110413,-0.05639447583441429,-0.04213780527000571,0.07039837737910766,1.5640988866110184
1935,16.05772109999998,131.5435778806899,263.39166664151713,30.963334485762392,61.99834614792634,-36.86989343929966,0.2353846153846154,0.010250379317358949,-2.7991225620639497,-36.80575387671302,-0.009608675093155376,-0.014211510629773393,0.017154989694721085,2.6333728528859366
1936,16.062166199999865,131.54180496211583,263.3912058449496,30.962917168005728,61.99823768350352,-36.86989848766462,0.2353846153846154,0.009833061560694745,-2.799014097641127,-36.79296412983479,-0.021983515572665997,0.020938049517836572,0.030359131650049293,2.7808738541759674
1937,16.07159489999958,131.54852573393717,263.3903353357491,30.96449913429598,61.998032779030176,-36.549367270775114,0.2353846153846154,0.011415027850947723,-2.7988091931677843,-36.79040618045915,-0.002931188504229014,0.020246629143868454,0.020457709005083334,1.088031735053523
1938,16.076022999999623,131.5461089420292,263.3867531454607,30.96393025866226,61.99718958654691,-36.80579325395971,0.2353846153846154,0.01084615221722629,-2.797966000684518,-36.789894590584026,0.040530639476727436,-0.051687260997396525,0.06568337450074749,0.13193420098357841
1939,16.087421999999606,131.54180830240182,263.3827219167363,30.96291795425766,61.996240697324076,-36.85707845059663,0.2353846153846154,0.009833847812625862,-2.7970171114616846,-36.789792272609,0.08792749339257688,-0.10152308229537395,0.13430629297637145,-5.457079849376911
1940,16.091306999999688,131.54751948893053,263.3922655621919,30.964262279702112,61.99848712463901,-36.86733548992402,0.2353846153846154,0.011178173257079038,-2.7992635387766214,-36.853878254326496,0.01741399303822213,-0.07332784919450269,0.07536723837999491,-5.849799768841946
1941,16.10336879999977,131.5548524369299,263.4037838588097,30.96598834284658,62.001198354458275,-36.8693868977895,0.2353846153846154,0.012904236401546143,-2.8019747685958833,-36.866695450669994,0.062158135915098514,-0.1414480742991512,0.15450304716534902,-6.062274441555066
1942,16.10744779999959,131.5516502735391,263.4009642752493,30.965234602848437,62.000534667866376,-36.86979717936259,0.2353846153846154,0.012150496403403821,-2.801311082003984,-36.86925888993869,0.17170920628711717,-0.2943612555588663,0.34078233566008664,-0.5782511650528539
1943,16.119185599999582,131.5564001172129,263.4084533490858,30.966352642974726,62.002297480630965,-36.86987923567721,0.2353846153846154,0.01326853652969362,-2.8030738947685734,-36.86977157779243,0.09170463206477592,-0.16589090472709783,0.1895508686693653,-0.23524583046413092
1944,16.122236299999713,131.56234832031885,263.4172836253574,30.96775275847505,62.0043759918149,-36.86989564694013,0.2353846153846154,0.014668652030017881,-2.805152405952505,-36.869874115363174,0.08025661810144288,-0.14611645163282833,0.166706755072641,-0.026105662731705344
1945,16.142195599999923,131.557770002443,263.411846541105,30.966675092882735,62.00309618582933,-36.869898929192715,0.2353846153846154,0.013590986437701957,-2.8038725999669367,-36.869894622877325,0.14994602710051483,-0.2245345979296417,0.26999925316684525,-0.011689093024112841
1946,16.15176399999973,131.56126028015177,263.4169646259989,30.9674966505588,62.004300904273585,-36.86989958564323,0.2353846153846154,0.014412544113767467,-2.8050773184111932,-36.86989872438016,0.19962165369854723,-0.2870221442654538,0.34961481079050655,-0.0005247160041422293
1947,16.15871389999984,131.5660925053407,263.42373731128487,30.968634082026348,62.00589509019475,-36.86989971693333,0.2353846153846154,0.015549975581315323,-2.806671504332357,-36.86989954468072,0.1660868389310692,-0.22931840490975253,0.2831461970369161,-2.311641568031024
1948,16.168728899999678,131.58071303722386,263.44342059491106,30.972075530300387,62.010528232340604,-36.869899743191354,0.2353846153846154,0.018991423855354128,-2.811304646478213,-36.939347340576774,0.18339047030225666,-0.2574620734845392,0.316099325973089,-10.350544373235453
1949,16.172857199999726,131.58582156985284,263.45030979960666,30.97327800028844,62.01214984513818,-36.86989974844296,0.2353846153846154,0.02019389384340542,-2.812926259275791,-37.03891011752942,0.18071132766962036,-0.4676295815442858,0.50133223463428,-10.978593985177366
1950,16.183424999999716,131.58728180847885,263.4537487145501,30.97362171799579,62.012959312809485,-37.21713790867297,0.2353846153846154,0.020537611550757617,-2.813735726947094,-37.05882267291995,0.18899817960603893,-0.4822359900798489,0.5179496713221167,-9.078088330501712
1951,16.186655299999984,131.58827629318415,263.4698977499266,30.973855804395654,62.01676054729041,-37.36771347040647,0.2353846153846154,0.020771697950621615,-2.8175369614280186,-37.06280518399806,0.2762460660192565,-0.5742347883605469,0.6372263970949394,-1.06069195946604
1952,16.198918999999933,131.59896192607926,263.4856537587707,30.97637103798481,62.02046926937218,-36.969462493885985,0.2353846153846154,0.02328693153977568,-2.8212456835097868,-37.06360168621368,0.18256288862669864,-0.43967785033601975,0.4760733350859169,6.191457128690843
1953,16.202405699999872,131.6105139495374,263.4993202390091,30.979090206583418,62.02368614856675,-36.88981229858189,0.2353846153846154,0.026006100138385335,-2.824462562704362,-36.99431335482087,0.11651117207402577,-0.30639712684617926,0.32780184953361213,6.9545366633906225
1954,16.215523799999573,131.6006417930484,263.4837167785023,30.976766452825238,62.020013334016696,-36.87388225952107,0.2353846153846154,0.023682346380205388,-2.8207897481543043,-36.9804556885423,0.10180794214152031,-0.1167686506980204,0.1549186072391804,7.276808941224447
1955,16.21859689999974,131.59675468654336,263.476016474899,30.97585148775559,62.018200801014686,-36.87069625170891,0.2353846153846154,0.02276738131055822,-2.8189772151522945,-36.97768415528659,0.34399783587626864,-0.42858927257242313,0.549566443345766,0.6674060260208827
1956,16.23120289999997,131.59669843726084,263.48825918464274,30.97583824753986,62.021082546538985,-37.29842513901366,0.2353846153846154,0.022754141094825542,-2.821858960676593,-36.97712984863544,0.18962998757234625,-0.23413927611021984,0.3012984115525768,0.32731763046696405
1957,16.23427279999987,131.61516658319215,263.51253720827003,30.98018536496677,62.02679721979279,-36.955604827607424,0.2353846153846154,0.027101258521735616,-2.827573633930399,-36.97701898730522,0.3191064723518372,-0.3586542685945634,0.48006439680311125,0.02726773934767326
1958,16.24716959999978,131.61560652616913,263.5098176516769,30.980288920775195,62.0261570780101,-36.88704076532618,0.2353846153846154,0.027204814330161753,-2.8269334921477096,-36.97699681503918,0.40290210392957465,-0.49587709315623296,0.6389242497103652,9.217541034175543
1959,16.250272199999927,131.6218047687493,263.5143333802044,30.981747891720993,62.027220011032725,-36.87332795286993,0.2353846153846154,0.028663785275959697,-2.8279964251703333,-36.89131916281253,0.4880630230300697,-0.5161644326501714,0.7103740113365098,9.650749984315347
1960,16.263100699999995,131.6284126179686,263.5195821853831,30.98330327776799,62.02845549902095,-36.87058539037868,0.2353846153846154,0.03021917132295826,-2.8292319131585586,-36.8741836323672,0.18504841657226798,-0.10685390416300722,0.21368358222095762,10.006621327529373
1961,16.26630559999967,131.63419589741207,263.52407584419734,30.984664572775458,62.02951323717261,-36.87003687788042,0.2353846153846154,0.03158046633042488,-2.830289651310217,-36.87075652627813,0.2197356904112052,-0.129410405010824,0.2550114243824274,0.8196506104571498
1962,16.279026999999587,131.6288439267456,263.51407560167434,30.983404801218576,62.02715933393257,-36.869927175380774,0.2353846153846154,0.030320694773543266,-2.827935748070182,-36.87007110506032,0.13932693833231102,-0.07139882815942583,0.15655602322362056,
1963,16.28224949999958,131.63132826073914,263.5149401040319,30.983989575220136,62.02736282448751,-36.86990523488085,0.2353846153846154,0.030905468775102918,-2.82813923862512,-36.98172479230113,0.4511503204278142,-0.49470637077592877,0.6695304361329738,
1964,16.295215999999982,131.63508502538986,263.5178341471017,30.984873859822535,62.02804403770241,-36.86990084678086,0.2353846153846154,0.03178975337750245,-2.8288204518400164,-37.00405491939773,0.45905143116147107,-0.5479140713407125,0.7147993047174501,
1965,16.298484799999642,131.658420304199,263.5485640665606,30.990366625449923,62.03527738797503,-37.42885382658274,0.2353846153846154,0.03728251900488999,-2.8360538021126374,-37.00852094481705,0.5203400688333574,-0.6215656388074593,0.8106155874270048,-3.9444733173535784
1966,16.311370299999908,131.68383496496577,263.5811946665425,30.996348845599634,62.042958129201544,-36.981687513363426,0.2353846153846154,0.04326473915460127,-2.8437345433391528,-37.12120492138529,0.5454885141410162,-0.6918315288218347,0.8810156544192225,-5.748930071244475
1967,16.314528699999755,131.68661807351683,263.58365315882315,30.9970039465355,62.04353682046145,-36.892257302477375,0.2353846153846154,0.04391984009046723,-2.8443132345990563,-37.14374171669894,0.5008384982201053,-0.6297252457283055,0.8046074113547209,-2.522510842995819
1968,16.32743419999997,131.70346146417998,263.60637776724485,31.000968621568518,62.048885843674555,-37.43332511772204,0.2353846153846154,0.047884515123485016,-2.849662257812163,-37.036458304277296,0.21409914821104756,-0.2500497338770056,0.3291858360814715,2.605169718381322
1969,16.330666500000007,131.70133228499031,263.602834981362,31.000467445543876,62.04805192638213,-36.9825848233491,0.2353846153846154,0.04738333909884318,-2.848828340519738,-37.015002232144525,0.3538966340978958,-0.4304531524622356,0.557254649231836,5.095099650031469
1970,16.34350369999993,131.71478467036866,263.6199851735631,31.00363393010216,62.05208881777717,-36.89243676447451,0.2353846153846154,0.050549823657128456,-2.8528652319147767,-37.01071101771797,0.3581522613171499,-0.4530067003681462,0.5774842966393315,
1971,16.346550899999784,131.72984362852966,263.63937892278534,31.007178577176983,62.056653807978705,-36.87440715269959,0.2353846153846154,0.054094470731950395,-2.8574302221163137,-36.89806200334829,0.4579574395980125,-0.5796364170166289,0.738717396854198,
1972,16.360308299999815,131.7432099610875,263.6566785319659,31.010324806225213,62.06072586983197,-36.87080123034461,0.2353846153846154,0.05724069978018065,-2.8615022839695783,-36.87553220047435,0.5228363148846418,-0.675355102984573,0.8540856674183541,
1973,16.363532499999565,131.75425341800624,263.6710284586751,31.012924266084546,62.06410362181121,-36.870080045873614,0.2353846153846154,0.0598401596395135,-2.864880035948822,-36.871026239899564,0.49256857093475814,-0.6374539078921977,0.8055875382351345,1.0363442248425252
1974,16.375737299999855,131.76303387452108,263.68246658732505,31.014991050464193,62.066795981324205,-36.86993580897941,0.2353846153846154,0.06190694401916019,-2.8675723954618135,-36.870125047784605,0.335350565739841,-0.43702593059993994,0.5508644714980037,0.494071753944349
1975,16.392376199999944,131.76977229309315,263.6912999354055,31.01657717052808,62.068875215564674,-36.86990696160057,0.2353846153846154,0.06349306408304756,-2.8696516297022825,-36.86994480936161,0.30243120105962906,-0.394835282841911,0.4973525228157807,-9.176445296661722
1976,16.39547739999989,131.7747413520819,263.6978341391248,31.01774681056697,62.07041326659399,-36.8699011921248,0.2353846153846154,0.06466270412193609,-2.8711896807315966,-36.95558136909889,0.16353232474467919,-0.22731746451582802,0.28002866087296124,-9.6530462180424
1977,16.4081084999998,131.77818088245408,263.70239737755463,31.01855642310073,62.071487382716704,-36.86990003822965,0.2353846153846154,0.06547231665569697,-2.8722637968543125,-36.97270868104634,0.13391949163331493,-0.18968189321366496,0.23219313265565308,-9.9334150786493
1978,16.412234199999602,131.7801393978596,263.706078775541,31.019017427496188,62.07235392716581,-37.29826284455999,0.2353846153846154,0.06593332105115479,-2.8731303413034155,-36.97613414343583,0.11799821351026601,-0.16903120824120232,0.20614346400285172,-0.7477767687830025
1979,16.424233899999763,131.78122411948442,263.7077315469126,31.019272754278642,62.07274296411943,-36.95557236871669,0.2353846153846154,0.06618864783360934,-2.8735193782570363,-36.97681923591373,0.041013930366265834,-0.06778398154211648,0.07922632540886199,
1980,16.428465899999992,131.78150674398245,263.7081218515719,31.01933927973741,62.072834835831536,-36.887034273548025,0.2353846153846154,0.06625517329237596,-2.8736112499691444,-37.137769853042116,-0.006777064691942197,-0.2412477795274553,0.24134295045177193,
1981,16.43985479999992,131.78113108052685,263.70762433496327,31.019250854339397,62.07271772807597,-36.873326654514294,0.2353846153846154,0.06616674789436416,-2.8734941422135805,-37.24510096767874,-0.05000067993291146,-0.3049509743192526,0.309022919428341,
1982,16.44503420000001,131.7772835025536,263.728579972901,31.018345193677998,62.07765036285208,-37.67465312387161,0.2353846153846154,0.06526108723296531,-2.8784267769896914,-37.427380789238875,-0.10672656314996304,-0.5379302220697735,0.5484154293032234,
1983,16.455358599999727,131.77270527505246,263.75176321832294,31.017267549358504,62.08310734215909,-37.83491841774307,0.2353846153846154,0.06418344291347111,-2.8838837562966972,-37.54950936097278,-0.08436741765899597,-0.5336852211569577,0.5403126654482554,
1984,16.45944529999997,131.7681503788217,263.7725507899323,31.016195396861107,62.088000416707146,-37.866971476517364,0.2353846153846154,0.06311129041607444,-2.888776830844755,-37.73474867395237,-0.2277591470349721,-0.7504538693308037,0.7842545754100979,
1985,16.471201299999848,131.77451897898277,263.7725749533424,31.01769446736056,62.08800610440214,-37.49767713221753,0.2353846153846154,0.06461036091552685,-2.888782518539749,-37.77179653654829,-0.21763575179524547,-0.6183690527738404,0.6555498500403293,
1986,16.475839599999745,131.76023817370077,263.7937296758356,31.014332985501873,62.09298560061977,-37.79952321941226,0.2353846153846154,0.06124887905684062,-2.893762014757378,-37.779206109067474,-0.23381371941152973,-0.619332182060004,0.6619978905708532,-0.18001325729052975
1987,16.487135099999705,131.75427615719474,263.8077387544081,31.012929618539683,62.096283122191444,-37.859892436851204,0.2353846153846154,0.05984551209465039,-2.8970595363290528,-37.731665196422874,-0.1721146401290428,-0.37041301612835925,0.4084473673119439,-3.9639484898690744
1988,16.491660499999853,131.75071427245297,263.8179930382114,31.012091205669698,62.09869682284053,-37.871966280338995,0.2353846153846154,0.05900709922466518,-2.899473236978139,-37.79729800510489,-0.2138244119880421,-0.41533422654020163,0.46714387387375583,-3.815452638581877
1989,16.503055199999835,131.7529480383281,263.81570431424035,31.012616999791074,62.09815809242888,-37.629266913294366,0.2353846153846154,0.059532893346041504,-2.8989345065664907,-37.8104245668413,-0.07754322304932813,-0.2188547575155262,0.23218603818502442,0.24047561059582012
1990,16.50748319999957,131.75142365508984,263.81993865180226,31.012258183428838,62.0991547903473,-37.82584117562762,0.2353846153846154,0.059174076983804724,-2.8999312044849077,-37.73790888797764,0.010850714524248108,-0.02631921121596545,0.028468208315897407,5.483383293777887
1991,16.519317499999943,131.74924583686817,263.8245220164662,31.011745558524353,62.10023364387588,-37.865156028094276,0.2353846153846154,0.0586614520793205,-2.9010100580134903,-37.723405752204904,0.04454797116025364,0.07813432289277351,0.0899416152201359,2.0691565541403962
1992,16.523365199999716,131.7547095305061,263.81298780392126,31.013031627949896,62.097518667692235,-37.49731404253292,0.2353846153846154,0.05994752150486349,-2.8982950818298434,-37.76952795219879,0.009636597712590931,0.03605473309949499,0.03732034022286147,-3.6429549909712646
1993,16.535507199999756,131.75384385601518,263.81356036650766,31.012827861492806,62.09765344011642,-37.799450601475336,0.2353846153846154,0.05974375504777285,-2.898429854254026,-37.77875239219757,0.016911936319001605,0.07069313138370394,0.07268791106430005,-4.205017054889713
1994,16.53951199999983,131.75165905360342,263.81633564826757,31.01231359261742,62.09830669874606,-37.859877913263816,0.2353846153846154,0.05922948617238788,-2.899083112883666,-37.78059728019733,-0.0007105849384717727,0.06323704913766472,0.06324104137816047,-2.5278190302208214
1995,16.55137889999969,131.74940768332272,263.8189520761294,31.011783654689808,62.09892256561199,-37.87196337562151,0.2353846153846154,0.058699548244774746,-2.8996989797496013,-37.85610724900822,-0.07076558051452113,-0.07578616348913585,0.10368852377172316,-3.6607847083445217
1996,16.5550103999999,131.74737999700255,263.82093369774327,31.011306368525215,62.099389008853414,-37.87438046809305,0.2353846153846154,0.05822226208018222,-2.900165422991023,-37.87120924277039,-0.08805484445875754,-0.08379230259065391,0.12155165817914493,-3.5876294836278064
1997,16.567532599999595,131.74564855760025,263.82223018957256,31.010898814327444,62.099694183084004,-37.87486388658736,0.2353846153846154,0.05781470788241094,-2.900470597221613,-37.87422964152283,-0.06625822854020506,-0.051987040037405216,0.08421879351508675,-1.5279312977486295
1998,16.570815999999922,131.74420861767155,263.82294341165095,31.010559874621148,62.099862064588606,-37.87496057028622,0.2353846153846154,0.05747576817611488,-2.900638478726215,-37.87483372127332,-0.06609766169689467,-0.04025286172944287,0.0773898815040234,-0.14456299914273452
1999,16.58502039999985,131.7430361021718,263.82319038172136,31.01028388251121,62.099920197543646,-37.874979907025995,0.2353846153846154,0.05719977606617732,-2.900696611681255,-37.87495453722342,-0.04314183475402989,-0.012581605696172915,0.0449390109797489,4.930440958364357
2000,16.59003359999997,131.74210210415623,263.8230461305866,31.010064033747543,62.099886243045766,-37.87498377437395,0.2353846153846154,0.05697992730251045,-2.900662657183375,-37.7998377092025,-0.006897017965738033,0.04546613865581436,0.0459862873157798,5.487789609083116
2001,16.60012949999964,131.74138795279686,263.8226209686818,31.00989593350449,62.09978616647433,-37.87498454784354,0.2353846153846154,0.056811827059458864,-2.9005625806119397,-37.78481434359831,0.08854052270141444,0.13801867871710008,0.16397737598538945,5.553059032957498
2002,16.616171299999678,131.75152054166603,263.8045016777173,31.01228098903831,62.09552116413962,-37.49927974648277,0.2353846153846154,0.05919688259327671,-2.8962975782772276,-37.78180967047747,0.09032822736543455,0.13800829562958397,0.16494083279031996,0.6055606686037626
2003,16.62042379999957,131.75827655875634,263.7970650556598,31.013871251522644,62.09377069771685,-37.7998437422653,0.2353846153846154,0.060787145077611626,-2.8945471118544575,-37.781208735853305,0.07116829497963914,0.1113536961463242,0.13215359191394244,0.1130519175104222
2004,16.631826999999703,131.7577682974039,263.7972658366689,31.01375161461969,62.093817958477445,-37.85995654142181,0.2353846153846154,0.060667508174656604,-2.894594372615053,-37.78108854892848,0.06486111731143543,0.10044872361739726,0.11956968936671221,-2.3466038316324984
2005,16.63545529999965,131.75561562781778,263.7992157511594,31.01324490931711,62.09427693834983,-37.87197910125311,0.2353846153846154,0.06016080287207615,-2.8950533524874373,-37.807182065254445,0.1013089789744461,0.08998042608610424,0.1354990269318626,-2.5432931572000994
2006,16.647084599999744,131.75323496164194,263.80141984355157,31.012684537124947,62.09479574778983,-37.87438361321937,0.2353846153846154,0.059600430679914496,-2.89557216192744,-37.81240076851964,0.0452983489986145,0.02085844198914843,0.049869981193248404,-2.6314404338457527
2007,16.65119539999978,131.75901415422885,263.7976907763176,31.014044870149252,62.093917982733224,-37.62974732811263,0.2353846153846154,0.060960763704219545,-2.8946943968708325,-37.81344450917268,0.10430354018070359,0.06281154217743645,0.12175597860037726,-0.23999098774312444
2008,16.663250499999776,131.76382351536387,263.7943094738646,31.015176919770266,62.093122076155815,-37.825937258591274,0.2353846153846154,0.062092813325232754,-2.8938984902934237,-37.81365325730329,0.1448217120331491,0.09731059836494976,0.1744783104868824,-0.09455779409957805
2009,16.666602499999954,131.76787543450502,263.7913813235443,31.016130679198874,62.09243283461888,-37.86517524468701,0.2353846153846154,0.06304657275384074,-2.8932092487564915,-37.81369500692941,0.11073315870244534,0.0702774416987259,0.13115163456068232,-1.302107630855897
2010,16.679250799999863,131.77125734129226,263.7889097840111,31.016926728027254,62.09185107223646,-37.87302284190615,0.2353846153846154,0.06384262158222143,-2.8926274863740673,-37.862726794354636,0.028706319732762265,0.014970056530548831,0.03237522795483306,-2.2970047198930077
2011,16.682517399999597,131.76822327086995,263.79140469209653,31.01621255452785,62.09243833521657,-37.87459236134998,0.2353846153846154,0.06312844808281781,-2.893214749354179,-37.872533151839676,-0.03958331929834777,-0.03767639550406716,0.054647506300414504,-2.344082675142311
2012,16.695278699999562,131.76392852889913,263.7948207775163,31.015201638340873,62.09324242916922,-37.87490626523875,0.2353846153846154,0.06211753189584002,-2.8940188433068315,-37.874494423336685,-0.11144022832276985,-0.09060475177538758,0.1436250170858499,-1.0843884844201215
2013,16.699303099999725,131.75969627407048,263.79819249906654,31.01420543066582,62.09403608054951,-37.8749690460165,0.2353846153846154,0.061121324220788864,-2.894812494687116,-37.87488667763609,-0.1669080247159404,-0.13345979141057512,0.21370494762155412,-0.08587609980161454
2014,16.711427899999762,131.7558458519649,263.80123269507914,31.013299100539427,62.094751695918625,-37.87498160217205,0.2353846153846154,0.06021499409439457,-2.895528110056233,-37.87496512849597,-0.13431941067389883,-0.10624277634943959,0.17125779284523238,-0.03605220976245442
2015,16.715148299999782,131.75245709897754,263.80389246332055,31.01250144022087,62.09537776444314,-37.87498411340316,0.2353846153846154,0.05941733377583702,-2.896154178580751,-37.87498081866794,-0.07287736985838204,-0.05850226743523359,0.09345387275302723,-0.00364732638288536
2016,16.72748509999974,131.74953853011547,263.8061824664161,31.011814454011795,62.095916795941015,-37.87498461564938,0.2353846153846154,0.058730347566761765,-2.896693210078624,-37.87498395670234,0.005469697125146011,-0.06642574255146318,0.06665055783828142,-0.00155094720724067
2017,16.730949799999962,131.75289442867145,263.803596397854,31.012604380902665,62.09530807518717,-37.87498471609862,0.2353846153846154,0.05952027445763264,-2.896084489324778,-37.87498458430922,0.005564624533979549,-0.0971022935855419,0.09726160838571887,-0.00014849038753202246
2018,16.74354699999958,131.76061130248036,263.8162708035651,31.014420814276146,62.09829143530071,-37.87498473618847,0.2353846153846154,0.06133670783111356,-2.8990678494383175,-37.87498470983059,0.09212097638299069,-0.09158903261415033,0.12990313770248746,-6.612051409897958e-05
2019,16.747007699999813,131.7595192806982,263.8193936286257,31.014163769148965,62.09902650027651,-37.87498474020644,0.2353846153846154,0.06107966270393206,-2.899802914414117,-37.87498473493487,0.20457336244636265,-0.24350275268042593,0.3180312110242571,-1.1732270582690432
2020,16.759838099999797,131.77142278892455,263.8270636781525,31.01696567185455,62.100831911934364,-37.87498474101004,0.2353846153846154,0.06388156540951684,-2.9016083260719725,-37.92014343136197,0.15300140890199437,-0.33849625525960003,0.3714689030736861,-2.009449435896143
2021,16.76343829999996,131.77917085226045,263.8393495377022,31.018789446762845,62.10372381425914,-37.874984741170756,0.2353846153846154,0.0657053403178125,-2.904500228396749,-37.9291751706474,0.17115760738334457,-0.4245437876111694,0.4577470416774191,-2.0549415778777385
2022,16.776673200000005,131.7774915350866,263.85617680092946,31.018394161335767,62.107684693141856,-38.10077819823415,0.2353846153846154,0.06531005489073394,-2.9084611072794644,-37.93098151850448,0.20462466299241477,-0.4154997123916328,0.46315360702718156,-4.805516567892219
2023,16.780540199999905,131.78135179612516,263.8671356308964,31.019302807395615,62.1102642331187,-37.92014343261558,0.2353846153846154,0.06621870095058213,-2.911040647256307,-37.97650147948215,0.11164655003539148,-0.5455110214864385,0.5568188454946391,-4.23182322968062
2024,16.792099399999643,131.78592175030082,263.8753456142671,31.020378504301576,62.11219673689671,-37.88401647949187,0.2353846153846154,0.06729439785654279,-2.912973151034322,-37.98560547167769,0.04052325464904258,-0.3881941215739069,0.3903034847293685,
2025,16.79545599999983,131.7824064934834,263.88662204809805,31.01955106692763,62.11485103593692,-38.102584545898374,0.2353846153846154,0.0664669604825967,-2.915627450074531,-30.36544983203085,0.04649663453218901,-0.3283390583289662,0.3316149487691594,
2026,16.80843249999998,131.79072872908375,263.8875414373175,31.02150999315356,62.115067446014734,-37.92050470214843,0.2353846153846154,0.06842588670852834,-2.915843860152343,-22.781421145507736,-0.0004982483160994901,-0.19492607788369642,0.19492671466606465,
