frame,t_s,x_px_filt,y_px_filt,x_mm_abs,y_mm_abs,angle_deg_raw,mm_per_px,x_mm,y_mm,angle_deg_unwrapped,vx_mm_s,vy_mm_s,speed_mm_s,angular_vel_dps
438,3.622537100000045,131.2063175226592,250.35812520524328,29.974485992647384,57.19508220946777,-5.730935850660847,0.22845306962807505,0.0,-0.0,-3.431401241354517,,,,
439,3.6363767000002554,131.21215143266676,250.35060536747292,29.975818767296545,57.19336427944603,-5.7146625119290455,0.22845306962807505,0.0013327746491604842,0.001717930021740699,-4.6742874867624495,,,,
440,3.640636000000086,131.21737501636983,250.34393033356744,29.97701211102797,57.19183934746045,-5.711407844182685,0.22845306962807505,0.002526118380586695,0.0032428620073190473,-5.88430638623466,,,,
441,3.6518879000000197,131.2094226420319,250.35506751381178,29.97519536669964,57.194383670474274,-6.214431227039663,0.22845306962807505,0.0007093740522563508,0.0006985389934968111,-5.994552927637558,-0.022318242518494274,-0.0913185364477336,0.09400627132308981,
442,3.6566783000002943,131.20621003062516,250.36469537576738,29.974461435762247,57.19658318509198,-6.050094497361058,0.22845306962807505,-2.4556885136917117e-05,-0.0015009756242108097,-6.016602235918137,-0.008441626755665739,-0.0703919911637782,0.07089635732732254,-7.814485535757016
443,3.6683060000000296,131.19738456942386,250.37759657343403,29.97244523205993,57.19953050330081,-6.282168557675337,0.22845306962807505,-0.0020407605874552814,-0.004448293833036132,-6.1217469608555035,-0.09433232389417757,-0.1807702036410816,0.20390305013832954,1.3344904880720554
444,3.672822200000155,131.20065992409425,250.37307422270422,29.9731934968885,57.19849735839465,-5.824909053331943,0.22845306962807505,-0.0012924957588857922,-0.0034151489268765545,-6.042041042561726,-0.023150054584096823,-0.07935931127922316,0.0826669541833936,4.928673783690543
445,3.6831280999999763,131.1939256621759,250.38181988624245,29.97165503408157,57.200495332075896,-6.237131468869514,0.22845306962807505,-0.0028309585658128356,-0.00541312260812532,-5.9783532768717205,0.03191299698429433,0.04691340854501767,0.05673893969604398,12.360113095079324
446,3.6880879000000277,131.1981472480635,250.3757207796661,29.97261946833629,57.19910197245653,-5.815901635570778,0.22845306962807505,-0.001866524311093798,-0.004019762988761499,-5.912627442483717,0.07827372370975694,0.019252985419963314,0.08060678179267974,6.847068224147192
447,3.6999330000003283,131.20447837085376,250.36679167562943,29.97406583277192,57.19706209123033,-5.731655668911031,0.22845306962807505,-0.00042015987546406564,-0.0019798817625584775,-5.8994822756061165,0.06575986306816772,-0.002353818522889819,0.0658019760522651,12.238094454187717
448,3.704557200000181,131.20566060833843,250.37472175313587,29.974335918554324,57.19887374177907,-5.953539385735332,0.22845306962807505,-0.00015007409306022623,-0.003791532311296919,-5.796118378949345,0.14746017980342446,0.1182195365961935,0.188998316026035,8.448783916836867
449,3.7155313000002934,131.21061391307094,250.3689222900906,29.97546751622527,57.19754883664418,-5.759183218943942,0.22845306962807505,0.0009815235778845022,-0.002466627176410441,-5.775445599617993,0.1300239459725515,0.09836111562034147,0.16303722149359384,4.953630590520388
450,3.7201829000000544,131.21589200365835,250.36059452515937,29.976673312221738,57.195646333182495,-5.720311985585664,0.22845306962807505,0.0021873195743538076,-0.0005641237147244738,-5.819057625782972,0.09251771436113462,0.01582913805465442,0.09386207478082831,-2.783860154151907
451,3.730329299999994,131.22065619793608,250.3525273239168,29.977761707028787,57.19380335629533,-5.712537738914008,0.22845306962807505,0.003275714381402395,0.0012788531724439167,-5.827780031015971,0.07144485508882448,0.044733990509828465,0.0842941114526783,-10.365856247123082
452,3.735241500000029,131.2192494376676,250.35769741325458,29.977440328327223,57.19498447907479,-5.949715799735927,0.22845306962807505,0.0029543356798384934,9.773039298011099e-05,-5.93025937534382,-0.04662652998464081,-0.10497922706130489,0.11486806089073506,-9.275990132793373
453,3.7464176000003135,131.21695225199502,250.36979315824527,29.976915529208817,57.19774778914736,-5.997151411900311,0.22845306962807505,0.0024295365614328546,-0.0026655796795864717,-5.998501826240642,-0.11291345015777166,-0.21477470758518027,0.24264711464353184,-9.979729592534813
454,3.751011700000163,131.2071540175886,250.38241868751055,29.974677092481738,57.20063213006369,-6.271579940583187,0.22845306962807505,0.00019109983435328104,-0.005549920595917968,-6.012150316420004,-0.10248562058331305,-0.18596104754019743,0.21233184789049986,-1.701676674053373
455,3.7623453999999583,131.20357149389912,250.38936306421164,29.973858653947858,57.202218594237706,-6.061524240069763,0.22845306962807505,-0.0006273386995268027,-0.007136384769935944,-5.967133432424628,-0.06813314264080364,-0.09442997541568274,0.11644374342625087,-2.4621956645101326
456,3.767589400000361,131.20723061151187,250.38188666449042,29.97469459059862,57.200510587771625,-5.780780189810828,0.22845306962807505,0.0002085979512358449,-0.005428378303854231,-6.01111833687555,-0.08040196990219924,-0.06477468996806454,0.10324842480451231,-1.7473903758977076
457,3.7782336000000214,131.2121851553194,250.37176637437454,29.975826471340056,57.19819857642913,-5.724631379759042,0.22845306962807505,0.0013404786926720647,-0.0031163669613576417,-6.019915317765734,-0.08773035995722851,-0.04798126076085779,0.09999408703731594,-3.1075378280160777
458,3.794450300000335,131.2044973996697,250.378792118496,29.97407017996333,57.199803629240094,-6.217075934154934,0.22845306962807505,-0.00041581268405366245,-0.004721419772323543,-6.021674713943771,-0.08217010413969558,-0.040839457203516595,0.09175939885922467,-2.78944480190278
459,3.79870690000007,131.1947362578764,250.38892562972165,29.971840217157578,57.202118660985704,-6.315564845034112,0.22845306962807505,-0.002645775489806823,-0.0070364515179335285,-6.053315655679377,-0.09459929319727373,-0.09715685954991636,0.1356041357445485,-2.697493180713432
460,3.810200100000202,131.19250196608044,250.39417125728392,29.971329786338348,57.20331704070443,-6.070321220959948,0.22845306962807505,-0.0031562063090362358,-0.008234831236656248,-6.0596438440265015,-0.09252293075544579,-0.10131446161977364,0.13720463858369222,1.7868976327294788
461,3.8140760000001137,131.19415210284825,250.39342272765106,29.97170676514826,57.20314603681209,-5.938984898488865,0.22845306962807505,-0.002779227499125625,-0.00806382734432276,-6.007921200445925,-0.057673196201449256,-0.0920358635161299,0.10861306428441539,7.37159084709398
462,3.825993500000095,131.20024090657142,250.3831762385534,29.973097771049183,57.200805194924826,-5.756272321494649,0.22845306962807505,-0.0013882215982015111,-0.005722985457055074,-5.896841808448562,0.06576995317877096,0.048460064023301094,0.08169494810745745,13.87958683977881
463,3.8296809000003122,131.20130534383037,250.38402495563446,29.973340945008413,57.20099908694724,-5.958462716252055,0.22845306962807505,-0.001145047638971164,-0.005916877479471339,-5.826879348017838,0.15031983183215508,0.20584369642121894,0.2548875814911317,8.93677686170389
464,3.8428257000000485,131.2066755180865,250.37489875599846,29.974567777801667,57.19891417862635,-5.760167885047286,0.22845306962807505,8.178515428269861e-05,-0.0038319691585826376,-5.846382949681693,0.12377210928004688,0.15780670115628484,0.2005554535919202,5.458985118704795
465,3.8463314000000537,131.21248125745132,250.36442323636288,29.975894116781017,57.19652101400966,-5.720508918806333,0.22845306962807505,0.001408124133632782,-0.0014388045418911588,-5.850283670014462,0.14751260651815606,0.19477610695211828,0.24433112966055584,-1.3750268735528066
466,3.857987900000353,131.21067112613042,250.37442718970595,29.97548058672433,57.1988064478593,-6.036502906808142,0.22845306962807505,0.0009945940769462425,-0.003724238391527024,-5.868102388299768,0.12518525253202803,0.16728091590191932,0.20893600043193283,-1.2101266347556021
467,3.861591100000169,131.21438424271423,250.36841377374486,29.976328859605786,57.19743266452404,-5.775775923158504,0.22845306962807505,0.0018428669584018564,-0.0023504550562662985,-5.871666131956828,0.14945467140294794,0.21652480673165192,0.2630963525675382,-3.4554269836572526
468,3.8745167000001857,131.21179918567856,250.379167042069,29.975738295390823,57.19988928168122,-6.047556307678576,0.22845306962807505,0.0012523027434383494,-0.004807072213452557,-5.97311374396949,0.0427117822939561,0.051897587063507916,0.06721350972639865,1.2751597601629427
469,3.8780305000000226,131.21510113308955,250.3729404116403,29.976492635412615,57.19846678884634,-5.777986603332591,0.22845306962807505,0.0020066427652309926,-0.0033845793785687306,-5.928618110122023,0.07559765184883319,0.16613236362187345,0.18252388119818122,1.8500790501808253
470,3.890126499999951,131.20687434333098,250.38037881018545,29.974613200039087,57.2001661138271,-6.227746978869644,0.22845306962807505,0.0001272073917029104,-0.00508390435933137,-5.919718983352528,0.04593220478131965,0.1266524430875025,0.1347241952141713,9.621672812590441
471,3.8944304000001466,131.20930372987573,250.3733120182202,29.975168200852547,57.19855168351022,-5.814024737570804,0.22845306962807505,0.0006822082051627376,-0.0034694740424470183,-5.85315400174863,0.113667993234948,0.28289778582127434,0.30487959903647177,5.772007744915521
472,3.9063798000001952,131.21385928818182,250.36369467325622,29.976208932131442,57.19635457153152,-5.731280289311036,0.22845306962807505,0.0017229394840576617,-0.0012723620637515864,-5.839841005427849,0.08545674028628376,0.2312881081803112,0.2465705648409491,10.74324294379602
473,3.909935900000164,131.2184199612056,250.35449254648788,29.977250831883296,57.19425231742419,-5.714731399659083,0.22845306962807505,0.0027648392359118645,0.0008298920435834134,-5.784190124913693,0.09377840056830898,0.19828168440335842,0.21933995254623184,3.2160871374430133
474,3.922529200000099,131.22247837286977,250.34640130434659,29.97817798848579,57.192403848319906,-5.711421621728692,0.22845306962807505,0.003691995838405404,0.002678361147864905,-5.873794812092114,0.17187077631657677,0.09003663681840077,0.1940261830816433,1.3789342625051182
475,3.926604600000246,131.22044884736783,250.35185148575462,29.977714337154982,57.193648958992604,-5.949492576298864,0.22845306962807505,0.003228344507597569,0.0014332504751664032,-5.891715749527798,0.22859318210786167,0.106574545023501,0.2522161306363339,-5.781029470293943
476,3.9383308000001307,131.24710973991813,250.36037803257148,29.983805099897122,57.19559687478624,-6.262048173462898,0.22845306962807505,0.009319107249737613,-0.0005146653184695538,-5.960085093264934,0.14549069492499228,-0.059411153845920536,0.15715351574514907,
477,3.941937600000074,131.25296243253814,250.3561696424202,29.985142165491755,57.19463545513799,-5.820884976489455,0.22845306962807505,0.010656172844370815,0.0004467543297792531,-6.074493825293613,0.31012826073414884,-0.22273977598569547,0.3818279009084407,
478,3.9545090000001437,131.24622019187478,250.36930821871053,29.983601879916037,57.197637003222056,-6.056578118344767,0.22845306962807505,0.009115887268652756,-0.002554793754285356,-6.049628989668098,0.33592416559869287,-0.1407092546026435,0.3642034312908235,
479,3.957857800000056,131.25936617467767,250.37912743919912,29.986605120040636,57.19988023428403,-6.283465281872079,0.22845306962807505,0.012119127393251716,-0.004798024816260238,-5.943921159261747,0.20361040867891914,0.00016618627013692544,0.20361047649930208,
480,3.9702635000003283,131.26019219064207,250.3734454950537,29.986793825923264,57.19858217670255,-5.825168398171291,0.22845306962807505,0.012307833275880142,-0.003499967234780854,-5.9227795931804765,0.11818481045636745,-0.021288231077795025,0.12008679446562431,
481,3.9739410000001953,131.25790388262146,250.3647808989099,29.986271054931702,57.19660272311642,-5.733509021431134,0.22845306962807505,0.01178506228431786,-0.0015205136486500237,-5.954500986995474,-0.02805670014339043,-0.189951306633798,0.19201218012101023,0.2648762714303414
482,3.9861737000001085,131.25488276997177,250.3562518348349,29.98558087247319,57.19465423224743,-5.715177146083103,0.22845306962807505,0.011094879825805037,0.0004279772203403809,-5.860110402477221,-0.2235711001230818,-0.043431671285629816,0.2277506243260555,-7.3189155605358
483,3.990062900000339,131.24034880528592,250.37467315768333,29.98226054362684,57.198862639998765,-6.215185087419746,0.22845306962807505,0.007774550979455341,-0.0037804305309947495,-5.94196714885482,-0.2656013453468607,-0.08881742013055893,0.2800582238905163,-4.8866780666279555
484,4.002380600000379,131.23599433633126,250.37129051232122,29.981265751827546,57.19808986428232,-5.811512359280825,0.22845306962807505,0.006779759180162159,-0.003007654814553007,-5.958338498130338,-0.2704865985323371,-0.11243424333771188,0.29292398170944883,-8.483789370054403
485,4.018972300000314,131.22183656626055,250.38017232900805,29.978031365795804,57.2001189425683,-6.2344521300592906,0.22845306962807505,0.0035453731484196283,-0.005036733100531876,-6.009359350016693,-0.27720445936519456,-0.15640182800674618,0.31828264812239077,2.7923739820083906
486,4.0223197000000255,131.21939575655537,250.37401570798443,29.97747375532628,57.19871244359692,-5.815365767808734,0.22845306962807505,0.0029877626788952227,-0.003630234129147425,-5.966575239143962,-0.1578988845748574,0.006576231679672036,0.15803576991646184,3.4620236113357867
487,4.0349059000000125,131.21443679924627,250.377351735834,29.97634086630686,57.19947456939952,-5.970281405514872,0.22845306962807505,0.0018548736594752313,-0.004392359931749468,-5.958018416969416,-0.1367557192087318,0.02289896268204124,0.13865961642890484,8.694457358323362
488,4.039239500000349,131.2095578387276,250.38242005676125,29.975226252799775,57.200632442873214,-6.0012645330561,0.22845306962807505,0.0007402601523907038,-0.005550233405443805,-5.903318771284507,-0.13190941450846985,0.01356282412053919,0.13260484091499825,3.3923206913922126
489,4.051017200000388,131.21084435470144,250.37497818313562,29.975520161323125,57.19893232399966,-5.768728248408095,0.22845306962807505,0.0010341686757406876,-0.0038501145318861063,-5.940125424178776,-0.11081507641861327,-0.08816208545439398,0.1416069718387162,6.784451662889541
490,4.0547372000000905,131.20806463481793,250.37772968372337,29.974885125783032,57.19956091275501,-5.960953901634745,0.22845306962807505,0.0003991331356480998,-0.0044787032872406485,-5.899740172726379,-0.053950284467114216,0.0380765869754949,0.0660337767342212,2.798065114645622
491,4.066918700000315,131.20480622828455,250.3824458791828,29.974140732808387,57.20063834208468,-5.999399032280074,0.22845306962807505,-0.0003452598389976913,-0.005556132616909792,-5.891663122435902,-0.00853110101719657,0.08226212350569083,0.08270330494140572,4.014671467775534
492,4.069997400000375,131.20742485419026,250.37475575690507,29.97473896593475,57.198881510044515,-5.7683551482528905,0.22845306962807505,0.0002529732873668422,-0.003799300576744713,-5.8900477123778066,0.02908534508500403,0.15754094114137523,0.16020332529140593,-0.990658110329432
493,4.082658100000117,131.20575636003196,250.37731931032002,29.974357793322632,57.19946716169132,-5.960879281603703,0.22845306962807505,-0.00012819932475238716,-0.004384952223546179,-5.942712911616189,0.03758071943752918,0.13312312615683286,0.13832598162026655,2.4432661907792217
494,4.086052000000109,131.20892123722479,250.36958312347844,29.97508081923233,57.19769980606014,-5.760651198117616,0.22845306962807505,0.0005948265849440304,-0.0026175965923727063,-5.905499369432615,0.07685762784094585,0.209392512617017,0.2230522792921089,2.4567669290060667
495,4.099220100000366,131.20152993088823,250.38636016685592,29.97339225261118,57.20153257311901,-6.224279897826649,0.22845306962807505,-0.001093740036203883,-0.006450363651239854,-5.8980566609959,0.05516197269801512,0.13237789384416176,0.14341112233907358,-0.18428720590960257
496,4.103482299999996,131.2040537473705,250.38089561422373,29.973968826233733,57.20028417929604,-5.813331321362205,0.22845306962807505,-0.0005171664136511822,-0.005201969828270592,-5.9495564005585555,0.2875433944145876,0.09901699010266607,0.30411439952829356,-4.119536108388981
497,4.115730800000165,131.20865580134458,250.37094640721804,29.975020179590704,57.19801125241523,-5.7311416060693166,0.22845306962807505,0.0005341869433195257,-0.0029290429474571056,-5.959856348471087,0.27012744685790646,0.024738511816340288,0.2712578690339845,3.872836552648712
498,4.119751400000041,131.22857462538497,250.37469613549592,29.979570696086114,57.19886788935058,-6.218377979416989,0.22845306962807505,0.005084703438729576,-0.0037856798828102,-5.861181474772343,0.3212014052197881,0.17978509953900504,0.3680937716552896,8.489408604432166
499,4.1309212000001025,131.23473307285013,250.36739382147164,29.980977612313673,57.197199653296344,-5.812150937680274,0.22845306962807505,0.006491619666288528,-0.0021174438285740393,-5.841446500032594,0.2987008451547771,0.1552211453675093,0.3366241210391489,9.07949322921702
500,4.1351683000002595,131.2370966593258,250.35839279740892,29.98151758089937,57.19514334171942,-5.73090552933293,0.22845306962807505,0.007031588251987131,-6.11322516519408e-05,-5.837499505084647,0.28699508504988397,0.18851046246709174,0.3433691501902099,1.980227932786398
501,4.146491700000297,131.23822542825917,250.34996273182293,29.9817754516271,57.19321746735913,-5.714656447663462,0.22845306962807505,0.0072894589797165565,0.0018647421086370741,-5.800760399063806,0.03164053511663562,0.18848202667770222,0.1911193288053333,
502,4.15124620000006,131.23879372278745,250.34263670956705,29.98190528025654,57.19154381508662,-5.711406631329568,0.22845306962807505,0.007419287609156555,0.003538394381152443,-5.953291728250264,0.14756461404746296,-0.046437167170144095,0.15469882292300938,
503,4.162564100000054,131.23161157766953,250.3531991554191,29.980264497157837,57.1939568382643,-6.034682449312789,0.22845306962807505,0.005778504510452365,0.001125371203471559,-5.983797994087555,0.13146046355256835,-0.13177539438864128,0.18613599341271453,
504,4.166977600000337,131.24524267713224,250.37300590457744,29.9833785636725,57.198481750908876,-6.574807583612559,0.22845306962807505,0.008892571025114648,-0.003399541441105214,-5.989899247255014,0.11977633587080282,-0.07960215360035473,0.14381541465520944,-1.3955729541132125
505,4.178181600000244,131.2475289310018,250.37018705353694,29.983900865386946,57.19783777573585,-5.883436858519388,0.22845306962807505,0.009414872739561986,-0.002755566268078269,-5.991119497888503,0.10916623413723127,-0.12035667959203358,0.1624899904551792,4.83083690722803
506,4.182219499999974,131.24689886483054,250.3625701093315,29.983756924836054,57.19609766145093,-5.745162713500753,0.22845306962807505,0.009270932188670145,-0.0010154519831573339,-5.926578391765203,0.12498708421929577,-0.016243071301323915,0.1260381235457797,8.690170174192762
507,4.194483700000092,131.24551683046545,250.3546119487196,29.983441194843017,57.19427959523055,-5.717507884497026,0.22845306962807505,0.00895520219563295,0.0008026142372230538,-5.801537602181168,-0.04730814828435708,0.1619555553578677,0.16872362847381533,10.279968906323756
508,4.199849699999959,131.2439696922355,250.34739245861545,29.98308774636525,57.1926302805551,-5.711976918696281,0.22845306962807505,0.008601753717865535,0.0024519289126700983,-5.776529444264359,-0.08108458990705485,0.19318987382681407,0.20951620001712423,3.0223421531022243
509,4.210176700000375,131.23692244625224,250.35346112124566,29.981477781387948,57.194016685161515,-5.949603635692381,0.22845306962807505,0.00699178874056372,0.0010655243062558384,-5.836312968930995,-0.10393325781937485,0.06634355926517602,0.12330283831656336,-1.3678703803844134
510,4.214195700000346,131.23477153563533,250.34970256058486,29.98098639925502,57.19315803044117,-5.758396068935352,0.22845306962807505,0.006500406607635512,0.0019241790266022463,-5.848269673864323,-0.10285374205107875,0.04587705230481659,0.11262147300621105,-4.694580627693796
511,4.2268237000002955,131.22648615783461,250.36093943409153,29.979093579263417,57.195725128686796,-6.044080336833946,0.22845306962807505,0.004607586616032222,-0.000642919219025373,-5.915446171100988,-0.18919605398761558,-0.16527083934989906,0.25121623590824077,-4.1658306210646545
512,4.2426282999999785,131.22507857070866,250.35776339245842,29.978772011663725,57.19499955222644,-5.777291409163665,0.22845306962807505,0.004286019016340958,8.265724132883179e-05,-5.981869751798321,-0.0731692844327157,-0.19840156977451595,0.21146377248452694,-4.536223009676106
513,4.245879400000376,131.2179975479506,250.36841347384703,29.97715433027854,57.19743259601146,-6.047859404879608,0.22845306962807505,0.002668337631156703,-0.0023503865436893534,-5.995154467937789,0.0034249856391531733,-0.19314924116358334,0.193179605260743,-1.2447227013301576
514,4.259519400000045,131.2433269016361,250.3863195244676,29.982940898879686,57.201523288240644,-6.281721539179047,0.22845306962807505,0.00845490623230205,-0.006441078772873254,-5.933026254915683,0.03130229554503939,-0.11420561389419112,0.11841771806337957,1.1701847657189297
515,4.263604200000373,131.24798840265512,250.38202986280635,29.984005833096557,57.20054330186646,-5.824819649632685,0.22845306962807505,0.009519840449172534,-0.005461092398689971,-5.920600612311263,0.014490099466677134,-0.00995821192777134,0.017582063796739118,1.4940469016536708
516,4.274348500000087,131.24749438459932,250.3730266917758,29.983892973155257,57.19848649980815,-5.733439271723412,0.22845306962807505,0.009406980507872476,-0.0034042903403772584,-5.9540651908216295,0.1984070722477605,0.0914944387563074,0.21848706744624438,8.333040608583211
517,4.278099399999974,131.24578015132562,250.36371489437948,29.983501351301822,57.1963591911092,-5.7151631961415585,0.22845306962807505,0.009015358654437478,-0.0012769816414319735,-5.860023243242452,0.12997961105736439,0.21393429791930424,0.25032495504213986,7.810901109721107
518,4.290846500000043,131.26932696532162,250.3771683476183,29.98888069323917,57.19943267379871,-6.215182297431437,0.22845306962807505,0.014394700591786602,-0.00435046433094044,-5.8412148537266155,0.0627376933333126,0.19711537338446794,0.20685861980899656,3.009825038694732
519,4.294330000000173,131.2705788116429,250.37240640575223,29.98916668137397,57.198344793562015,-5.811511801283163,0.22845306962807505,0.014680688726585345,-0.003262584094244403,-5.902238332073449,0.3331881137799517,0.09486587036412152,0.346430155333199,-8.395803996282023
520,4.3066797999999835,131.26649724197324,250.3639832542701,29.988234234254033,57.19642049874998,-5.7307777020535084,0.22845306962807505,0.013748241606649003,-0.0013382892822093595,-6.015177891024066,0.43703046224686576,-0.07492337445851098,0.44340628882770644,-7.5872963702991285
521,4.310105000000021,131.28661408710462,250.36877825375308,29.99282998927553,57.19751593110073,-6.038556663457577,0.22845306962807505,0.018343996628146897,-0.0024337216329612943,-6.0018160957829405,0.5780279374693754,-0.11289021266646393,0.5889486366492239,-1.6793162842629588
522,4.323072800000318,131.31015983891484,250.3847742143172,29.998209088553274,57.20117025739325,-6.27986099089464,0.22845306962807505,0.023723095905889835,-0.006088047925480566,-5.999143736734717,0.5334618914089087,-0.14392866930850806,0.5525369231413301,1.4101383148005413
523,4.327407100000073,131.33154157716035,250.39295029796406,30.003093812289446,57.203038108799916,-6.148373321225804,0.22845306962807505,0.028607819642061827,-0.007955899332145577,-5.998609264925073,0.3614245812724922,-0.022590138817865646,0.3621298694112469,-0.9516280826894401
524,4.338663300000007,131.32460750122368,250.38520962038945,30.00150970135668,57.201269727246995,-5.798150006042036,0.22845306962807505,0.027023708709297267,-0.0061875177792245495,-6.034452077594394,0.007057599037139067,-0.01220888308663546,0.014102004481355112,-1.7656015362478206
525,4.34186950000003,131.31147566680983,250.3745082766794,29.998509693474986,57.19882497242729,-5.728105343005283,0.22845306962807505,0.024023700827601857,-0.0037427629595185863,-6.041620640128258,0.03817933139485288,-0.0292307376247899,0.048084273602159236,-0.22398386980794016
526,4.355211800000234,131.28635738105794,250.39015493171868,29.992771343991173,57.202399498800425,-6.217770726804182,0.22845306962807505,0.018285351343788392,-0.007317289332654298,-5.978269196385029,-0.21485621776200076,0.09029571330609495,0.23305902718506483,1.8632418460030307
527,4.3593290000003435,131.29663741045005,250.39676740114257,29.995119848261666,57.203910137738134,-6.315703803563962,0.22845306962807505,0.02063385561428177,-0.008827928270363827,-5.965598907636382,-0.3180293612014955,0.2016060216172644,0.3765470256668776,-0.07205418921811946
528,4.371540399999958,131.2892510579348,250.38785762177002,29.993432413356203,57.20187467129077,-5.831616102509668,0.22845306962807505,0.01894642070881858,-0.006792461822996643,-6.063799713167901,-0.07870242191882568,0.04327045559586715,0.08981315907684555,-0.195073585726794
529,4.375264799999968,131.27854674275517,250.37622313346986,29.99098697969515,57.19921673672504,-5.734798562298809,0.22845306962807505,0.016500987047766813,-0.004134527257271259,-6.047490167242953,-0.1466667539790964,0.0029434108279453863,0.1466962862177051,1.6055082712160043
530,4.387529800000266,131.29255614980013,250.3777891512874,29.994187471738243,57.19957449830255,-6.2191093706628875,0.22845306962807505,0.019701479090858953,-0.004492288834782698,-5.943493394776713,-0.30601777204295066,0.10741837213063919,0.3243232700213289,-2.2583879587857574
531,4.391601199999968,131.27883514340706,250.3861571877242,29.99105286570936,57.2014862019133,-6.136222997179453,0.22845306962807505,0.016566873061975684,-0.006403992445527251,-6.023428903564717,-0.08575433689874568,-0.06342708717986491,0.10666209113394391,-7.170197677008924
532,4.402871799999957,131.2676686857541,250.37848738653065,29.988501854181667,57.199734012287195,-5.7957199412327665,0.22845306962807505,0.014015861534282692,-0.004651802819424233,-6.140150868603569,0.11316874774515204,-0.22454652533755817,0.2514523961058564,-12.044065314912839
533,4.406672300000082,131.28369115825492,250.38992519135923,29.992162237207513,57.20234701391009,-6.231293646449679,0.22845306962807505,0.017676244560128396,-0.007264804442321804,-6.163495261611338,-0.12936275491926108,-0.40014898422070294,0.4205400479540102,-3.9836400626040445
534,4.419890900000155,131.30324929713208,250.3952451223027,29.996630354070213,57.20356236846434,-6.318408387493061,0.22845306962807505,0.022144361422828496,-0.008480158996569287,-6.1033789839628945,-0.025269967917064623,-0.27232596625189154,0.2734958924253815,-7.57280704845612
535,4.424090500000148,131.2857541882967,250.41192163213816,29.99263354275329,57.207372168326934,-6.335831335701737,0.22845306962807505,0.01814755010590474,-0.012289958859163619,-6.192090591714456,0.16144953584369132,-0.2943527164929249,0.3357223172964639,-5.003736169858825
536,4.435726400000021,131.2730491122597,250.40328482087634,29.989731029132784,57.20539906228237,-5.835641608937223,0.22845306962807505,0.015245036485399766,-0.010316852814597155,-6.173883206233517,-0.08162807086980332,-0.17507525747975725,0.1931695828424572,-2.3594670188512374
537,4.440263800000139,131.28709620140478,250.40238446815854,29.992940129767312,57.20519337394024,-6.23927797999057,0.22845306962807505,0.01845413711992805,-0.010111164472469625,-6.117253447887332,-0.13172528515201967,-0.15282559390373196,0.20176028573633933,6.001508641444294
538,4.452204800000345,131.2739110437594,250.40714900400252,29.989927940029695,57.20628184677915,-6.14025671904499,0.22845306962807505,0.015441947382310417,-0.011199637311378297,-6.069977789186846,-0.07376975824184588,-0.00917422122132026,0.07433803579647576,4.645232934520173
539,4.4674965000003795,131.27977002778556,250.4058567700436,29.991266442915375,57.205986631964564,-6.035259595762123,0.22845306962807505,0.016780450267990688,-0.010904422496793131,-6.108269239477997,-0.08481181793683083,-0.04434965946525559,0.0957075585125557,2.4058741462107296
540,4.472406000000319,131.2655449239386,250.40991679871206,29.988016674275755,57.20691415797665,-6.0994530421993005,0.22845306962807505,0.0135306816283709,-0.011831948508877588,-6.079977822504977,-0.3897577240446809,-0.09207976827003769,0.4004869126165716,3.1315510972004184
541,4.483886100000291,131.25023556570144,250.41023371627958,29.984519204392445,57.20698655876777,-6.027098860392986,0.22845306962807505,0.010033211745060555,-0.011904349299996397,-6.009534382860373,-0.36637601131540326,-0.022346895456100947,0.3670568966848469,8.628162499509047
542,4.48830739999994,131.23441481793904,250.41397505504645,29.980904906002312,57.20784127909357,-6.097820895125473,0.22845306962807505,0.006418913354927724,-0.01275906962580109,-5.947699112900202,-0.42842016787864695,0.16026700024337173,0.45741595032549637,7.072349342027146
543,4.4996000000001,131.227724493059,250.4012461441327,29.979376480746655,57.204933320322304,-5.78803952082197,0.22845306962807505,0.00489048809927084,-0.009851110854533829,-5.935332058908168,-0.3311537778549383,0.18922606631186661,0.38140441628206245,9.508658205872123
544,4.503335200000038,131.2240835280499,250.38600184365038,29.97854469111392,57.201450713082785,-5.72608324596127,0.22845306962807505,0.004058698466536725,-0.006368503615014731,-5.885112066078512,-0.29268148564552326,0.29531862538688536,0.41578304744189626,5.5655508837864325
545,4.515894099999969,131.21443000066483,250.38842779855906,29.976339313150064,57.20200492992846,-6.0376177722391295,0.22845306962807505,0.0018533205026791677,-0.006922720460686094,-5.858029493293831,-0.15127206207691285,0.3336943922867407,0.3663812006757696,-1.7308845986134882
546,4.520478000000367,131.2121768361037,250.3779106300597,29.975824570789698,57.19960225050097,-5.775998896244701,0.22845306962807505,0.001338578142313196,-0.004520041033202915,-5.953347842018145,0.12325964009493523,0.2522464912391832,0.28075119094816375,-6.772646830836017
547,4.5318239000002905,131.20669258549077,250.3779821435989,29.97457167690256,57.19961858798853,-5.962408031202066,0.22845306962807505,8.568425517552214e-05,-0.004536378520761275,-5.972411511763007,0.18638679787212975,0.10171734140223895,0.2123357152317193,-10.404653133728585
548,4.536373600000388,131.23133394349185,250.3809640417591,29.98020107077771,57.200299811776546,-6.264631264443539,0.22845306962807505,0.005715078130325679,-0.0052176023087753265,-6.012173952743229,0.4898537051818429,-0.005146498371346023,0.48988073949265054,-3.698560363748312
549,4.54813970000032,131.23612099197646,250.3717073800687,29.98129468669848,57.19818509899886,-5.821401594685583,0.22845306962807505,0.006808694051095188,-0.003102889531092501,-6.02012644093927,0.5208326657332598,-0.0805756634146777,0.5270285601649393,-7.327990411412374
550,4.552482200000213,131.2616250050742,250.38270269340586,29.987121156778493,57.200697012082266,-6.236429977140242,0.22845306962807505,0.012635164131108212,-0.005614802614495318,-6.0747052198284806,0.40065179682513785,-0.22763553321238508,0.4608034269404888,-1.8079463597388905
551,4.5639672000002065,131.26376669438378,250.37531205640812,29.987610432275456,57.199008598373624,-5.815761337224924,0.22845306962807505,0.013124439628072082,-0.003926388905853173,-5.984886112325072,0.12665054527413724,-0.16583511690639405,0.2086663523848387,-0.32673987304318475
552,4.568735000000288,131.24892125733618,250.39068775531297,29.98421894661196,57.20252122398611,-6.23530192564811,0.22845306962807505,0.009732953964576296,-0.007439014518340059,-5.966922290824391,0.08306170555273885,-0.11597710715069241,0.14265320295167955,3.981181291968707
553,4.57884839999997,131.24304696472467,250.38363690464854,29.982876946432967,57.200910435508334,-5.815535726926497,0.22845306962807505,0.008390953785582411,-0.005828226040563322,-5.9633295265242525,-0.25070327521288915,-0.02528548884476894,0.2519751736750837,1.4139085340632491
554,4.584899899999982,131.2397358927925,250.37227259896486,29.98212052188631,57.1983142249907,-5.731582487182175,0.22845306962807505,0.007634529238924159,-0.0032320155229328407,-5.9626109736642245,-0.29190486327473397,0.020139775452536937,0.29259880341300054,1.865953218172011
555,4.595269400000234,131.22488911235828,250.37794592684082,29.978728729322015,57.199610314158974,-6.21846615563956,0.22845306962807505,0.004242736674630265,-0.004528104691203794,-5.909478981842218,-0.17377949335967963,0.15780292986256367,0.23473618593126225,2.4896248989181546
556,4.600042600000052,131.22147496363644,250.37012887672972,29.97794875656634,57.19782448506566,-5.812168572924787,0.22845306962807505,0.003462763918957279,-0.002742275597888977,-5.898852583477817,-0.14845536668957907,0.19587625710837686,0.2457773463884016,-0.5163347694863423
557,4.611123399999997,131.21562035834074,250.3724775927176,29.97661125401508,57.19836105644277,-5.969641966538083,0.22845306962807505,0.002125261367694975,-0.003278846975000249,-5.997462167086187,-0.019037357610893146,0.0959511813158003,0.09782152207312364,3.050194270775093
558,4.616243200000099,131.21548422166526,250.36464192015205,29.97658015317368,57.196570972992575,-5.762403735104492,0.22845306962807505,0.0020941605262940755,-0.0014887635248044262,-5.916449220526614,0.09046859030437233,0.1855378602296195,0.20641914497024297,1.3765583957430088
559,4.6275305000003755,131.24127950268195,250.36813038970598,29.98247316430386,57.19736792457047,-6.2246304052240236,0.22845306962807505,0.00798717165647389,-0.002285715102701147,-5.947993213245949,0.2284765481811497,0.1079971472602709,0.2527150903391601,7.159363467134394
560,4.632434800000283,131.24601170916657,250.361197636489,29.983554251401383,57.195784115817084,-5.813401422841681,0.22845306962807505,0.009068258753998748,-0.0007019063493132194,-5.906555429758566,0.26639260423062394,0.18327216228102086,0.3233476535494493,0.1256821631569225
561,4.64314000000013,131.27068948124673,250.3618333751867,29.989191964184677,57.19592935227405,-5.969888536521461,0.22845306962807505,0.014705971537292584,-0.0008471428062790665,-5.963053029311091,0.22259754325108333,0.07769653775752447,0.23576772094780987,0.25112944573846496
562,4.647812500000327,131.27209818207928,250.355125854783,29.98951378621406,57.19439699864824,-5.762453049101168,0.22845306962807505,0.015027793566677161,0.0006852108195332107,-5.974352549221595,-0.03552444497854296,-0.09389047552467317,0.10038629181956457,-3.9814127218350017
563,4.659583300000122,131.26050272545146,250.3643094177973,29.986864768553698,57.19649501180897,-6.044891732867109,0.22845306962807505,0.012378775906313422,-0.0014128023411998925,-6.024359035234943,-0.1275494270175928,-0.1928765321085394,0.23123627088052745,-2.8592593572379186
564,4.664816500000143,131.24289820333553,250.38557961275012,29.982842961436976,57.20135425313753,-6.281128004776547,0.22845306962807505,0.00835696878959169,-0.006272043669760308,-6.034360332437615,-0.30790177619269055,-0.22681098009557563,0.38242218093950736,-4.105221397627172
565,4.675665000000208,131.23151617681043,250.39374674034573,29.980242702538728,57.203220058506794,-6.063433852908434,0.22845306962807505,0.005756709891343803,-0.008137849039023592,-6.101145748128148,-0.36142356376577467,-0.32384350179356486,0.48528507714442615,-3.515927856980115
566,4.681049900000289,131.2226739660776,250.3980658965122,29.978222672354516,57.20420678299123,-6.019895022534812,0.22845306962807505,0.0037366797071314295,-0.009124573523457968,-6.114502831266253,-0.34021689739978644,-0.3086039491923567,0.4593298757249037,0.21479297930942698
567,4.691615900000215,131.2134825173983,250.40533693921594,29.9761228576894,57.20586787501629,-6.096380127553838,0.22845306962807505,0.0016368650420162112,-0.010785665548517898,-6.016439384612627,-0.18202807178381464,-0.03024558757889305,0.18452375046406916,2.6832135169119233
568,4.707317700000203,131.20530239204487,250.41235031756764,29.97425408294247,57.2074701028292,-6.111677148557643,0.22845306962807505,-0.0002319097049152674,-0.01238789336142787,-5.996826695281903,-0.14370135274959106,-0.007532791870011031,0.14389865091591134,3.7576108753725115
569,4.712598999999955,131.20582083726902,250.4016410461888,29.97437252334536,57.20502353690922,-5.790810771508404,0.22845306962807505,-0.00011346930202549288,-0.00994132744145304,-5.992904157415759,-0.0964616469138584,-0.03110144873828124,0.10135161290751038,1.1948639595399877
570,4.723788799999966,131.20346708065514,250.40450266877377,29.973834800421763,57.20567728337288,-5.965370406254806,0.22845306962807505,-0.0006511922256215996,-0.010595073905108165,-5.975081075623779,-0.0666012526687548,-0.0033691637370546063,0.06668641631797591,6.296236060130976
571,4.727917900000193,131.2009560340798,250.40994448433213,29.973261144123647,57.20692048284153,-6.000282333204087,0.22845306962807505,-0.0012248485237371654,-0.011838273373761865,-5.906731303015382,-0.01005546868318407,0.13753860003899843,0.13790568861046332,3.564166903225055
572,4.739598999999998,131.1984285531977,250.410892950917,29.9726837333577,57.207137162944285,-6.007264718593943,0.22845306962807505,-0.001802259289682695,-0.01205495347651464,-5.993796211774952,0.10178834454585901,0.05220531102835306,0.11439519913420138,-1.8685070366294125
573,4.744386500000019,131.20185933556505,250.39826690838356,29.97346750612075,57.20425270477027,-5.769928285515665,0.22845306962807505,-0.0010184865266360532,-0.009170495302498693,-6.064197474776866,0.04773719110940146,0.11149836977014815,0.1212877812329676,-9.3436476689448
574,4.755807800000184,131.23093816152797,250.39643791239862,29.98011065317316,57.203834865023175,-6.226135315306259,0.22845306962807505,0.005624660525775482,-0.008752655555404942,-6.131266008627248,0.026073589719289594,0.18884359672814105,0.19063508624088749,-15.143891457537958
575,4.760035799999969,131.2250471624523,250.39203245173246,29.97876483635115,57.20282842401086,-6.317376721264377,0.22845306962807505,0.0042788437037657445,-0.007746214543089991,-6.236349637272326,-0.16401785463992546,0.3304526055555372,0.3689183936307963,-17.023540568600012
576,4.772192800000084,131.21188999495877,250.38747497084327,29.97575904104964,57.20178725351195,-6.335625002456001,0.22845306962807505,0.0012730484022540622,-0.006705044044181818,-6.483673736048218,-0.3221449454589227,0.23103060331575298,0.39642465305928326,-22.94012055164982
577,4.776790600000368,131.19176644405218,250.37359832645106,29.97116175407321,57.19861709150442,-6.532682861819326,0.22845306962807505,-0.0033242385741729663,-0.003534882036646536,-6.5922828429127724,-0.6523938519608881,0.29769269836355067,0.7171043722745923,-16.44648302159819
578,4.788032000000385,131.1609176852318,250.36841255158348,29.964114260426477,57.19743238531752,-7.006548779395115,0.22845306962807505,-0.010371732220907148,-0.0023501758497488368,-6.652686304910683,-0.5116701854225594,0.2724614913933134,0.5796909891852942,-13.427522636124925
579,4.792529300000297,131.13986168449154,250.3611308478568,29.959303952423276,57.19576885774904,-6.7691808496290236,0.22845306962807505,-0.015182040224107851,-0.0006866482812668551,-6.7034486379352645,-0.528594201864165,0.36287514596441883,0.6411631631676229,-8.413307177028532
580,4.803840600000058,131.15893926755842,250.35559109209115,29.96366228483599,57.19450328353938,-6.619394031253931,0.22845306962807505,-0.010823707811393746,0.0005789259283872639,-6.800491973680806,-0.4137545738573877,0.2278002401538346,0.47231959180416516,-1.470460053860772
581,4.808206900000187,131.1525964501904,250.34531409382356,29.962213248738177,57.19215547173859,-6.589436667578912,0.22845306962807505,-0.012272743909207406,0.00292673772918306,-6.7330097716892885,-0.40973909358359817,0.28352821720627336,0.49827138665879295,3.2397961603021286
582,4.820149700000002,131.13034271606324,250.34457589894419,29.957129314866137,57.191986828852414,-7.017899540547033,0.22845306962807505,-0.017356677781247498,0.0030953806153561914,-6.699050684806609,-0.2330303887378919,0.28187834174742454,0.36573017597897345,3.507998976595066
583,4.8246438000001035,131.1184049234006,250.33702135510714,29.954402089487772,57.1902609701232,-6.6691377694375324,0.22845306962807505,-0.020083903159612504,0.004821239344572348,-6.733991045164448,-0.43381422005822295,0.35045280503924603,0.5576844502804432,-3.1033851836076485
584,4.835769900000287,131.10934366249077,250.31940853701897,29.952332016618225,57.18623726776616,-6.599385415215632,0.22845306962807505,-0.02215397602915914,0.008844941701610765,-6.78271129497039,-0.37064198914621127,0.26861176729132263,0.4577420295817589,4.741857860841248
585,4.840160800000376,131.09745386606215,250.3106680217059,29.949615756126853,57.18424047021276,-6.7940958330431265,0.22845306962807505,-0.024870236520531108,0.01084173925501375,-6.666882835165953,-0.17197105809254914,0.4937123763741673,0.5228058486728112,3.4371233266770416
586,4.852040900000247,131.096621462121,250.30398536480146,29.949425590891323,57.182713796729665,-6.8330379166086255,0.22845306962807505,-0.025060401756061168,0.012368412738105405,-6.805748393205066,-0.09603632046395752,0.4245751001700649,0.43530103438043494,
587,4.856516700000157,131.10774301201462,250.28165811488202,29.951966343103546,57.17761306794922,-6.438757241524851,0.22845306962807505,-0.022519649543838227,0.0174691415185535,-6.9567917684847655,-0.06823491891434776,0.49600015022191435,0.500671701995838,
588,4.8678187000000435,131.09650438703687,250.27976129996074,29.94939884472898,57.177179734757935,-7.363465559633095,0.22845306962807505,-0.025087147918405606,0.017902474709835303,-7.081182572446953,0.05651767209483282,0.46186593821034616,0.4653110702937792,
589,4.872181500000352,131.0956058941225,250.26603483792962,29.949193581264655,57.17404388237179,-7.354602291614119,0.22845306962807505,-0.025292411382729085,0.021038327095979525,-7.15121942464564,0.10114256617916921,0.7272894528468279,0.7342886128189282,-15.053955819776892
590,4.884042800000316,131.09587336684118,250.25128501563475,29.949254686228276,57.17067424019206,-7.416049852854074,0.22845306962807505,-0.025231306419108535,0.02440796927571398,-7.365939685710377,0.012651557324118885,0.644543932649354,0.6446680874820937,-16.899641655420385
591,4.8891404999999395,131.100494983556,250.2188042251001,29.950310508753418,57.16325390389047,-7.183222177602065,0.22845306962807505,-0.024175483893966287,0.03182830557729943,-7.450271677376449,0.13240276579042487,1.0262981615447087,1.0348035604785109,-13.137288000072878
592,4.900811900000008,131.10689178177768,250.18171903112852,29.951771876942956,57.154781677489915,-7.512358546848538,0.22845306962807505,-0.02271411570442794,0.04030053197785577,-7.505899062037787,0.15454536211290543,1.0945533014023452,1.1054099685462324,-16.78046900297106
593,4.905045700000301,131.11377815174325,250.14563422555557,29.953345089300186,57.14653799288984,-7.785125517963458,0.22845306962807505,-0.02114090334719876,0.0485442165779304,-7.62881531045443,0.13204846546443386,1.1543832540953172,1.1619111388429002,-16.914281523906062
594,4.915987100000166,131.11682725888306,250.09486497728733,29.9540416671859,57.13493960228025,-7.632739214920816,0.22845306962807505,-0.020444325461483004,0.0601426071875224,-7.814212769122136,0.0013879722801311,1.189189112228669,1.1891899222202735,-17.873124990818464
595,4.932048699999996,131.1092811250235,250.0538599821148,29.95231772974186,57.125571885263,-8.030631094937288,0.22845306962807505,-0.02216826290552376,0.06951032420477077,-7.936966088980678,-0.07045883191726077,1.2426067080481877,1.244602698808539,-17.69853103680994
596,4.9367120000001705,131.10017336963477,250.02059466471815,29.950237035065882,57.11797232139158,-8.110209470940584,0.22845306962807505,-0.02424895758150214,0.0771098880761869,-8.06990908693676,-0.24536909865262882,1.256800933784667,1.2805290241675957,-17.149751638716264
597,4.948240700000042,131.08836350232082,249.9704845121268,29.94753903462611,57.10652450321256,-8.126125146141241,0.22845306962807505,-0.02694695802127356,0.08855770625520876,-8.246277959965475,-0.28783777320091103,1.1644040669995894,1.1994529648662524,-22.7103690382295
598,4.952326300000095,131.07936855502356,249.93439358896921,29.945484111304907,57.0982794210315,-8.449840507743874,0.22845306962807505,-0.029001881342477276,0.09680278843627121,-8.345658179883719,-0.41784926014083296,1.3809802982208104,1.4428113488167051,-17.48495430399566
599,4.964380400000209,131.0715236573106,249.90283744143176,29.94369192034146,57.091070322260926,-8.5145835800644,0.22845306962807505,-0.030794072305923237,0.10401188720684473,-8.500337690664242,-0.3601655657458865,1.1763634279457174,1.230264259969074,-21.013872395578417
600,4.969383500000276,131.05493688356592,249.866349619147,29.939902620964265,57.08273456725593,-8.527532194528504,0.22845306962807505,-0.034583371683119424,0.11234764221183724,-8.629842928757846,-0.49879259435957335,1.305864955706496,1.3978831620454848,-14.948641035573878
601,4.979232700000011,131.04813516083289,249.84019885498208,29.938348746527144,57.07676034490934,-8.8836070248432,0.22845306962807505,-0.03613724612024072,0.11832186455843186,-8.690206867001569,-0.4335454888809469,1.0842561668503672,1.1677213393109123,-17.94275620623047
602,4.983889900000122,131.02923426017892,249.80675610412638,29.93403077775401,57.06912024581955,-8.773651336609266,0.22845306962807505,-0.04045521489337389,0.12596196364822276,-8.791801139025313,-0.5511140134821038,1.2336667465943036,1.351169973581757,-12.04561508219047
603,4.994998099999975,131.02064093198808,249.76250674453746,29.932067605550493,57.05901134379238,-8.75166019896248,0.22845306962807505,-0.04241838709689105,0.13607086567539284,-8.88281701491444,-0.4829916537725486,1.0760964475389967,1.1795187586554061,-16.256941718159446
604,5.00014420000025,131.00405015609272,249.73220688632966,29.928277391869685,57.05208924817551,-9.022554940183122,0.22845306962807505,-0.046208600777699615,0.1429929612922578,-8.979372240873515,-0.6192900830513725,1.2593423752776802,1.4033757248633758,-10.77381619185477
605,5.010497300000225,130.9851624718845,249.69240535927773,29.923962442434153,57.04299646714461,-8.982611573974125,0.22845306962807505,-0.050523550213231516,0.15208574232315897,-9.034917416924705,-0.4882107978543726,1.041027863636109,1.1498212017563272,-12.967569930439987
606,5.014975700000377,130.96871035674064,249.66255370187997,29.920203906227663,57.03617676437861,-9.366383154638577,0.22845306962807505,-0.054282086419721765,0.15890544508916093,-9.101085045884941,-0.5709509627618803,1.128976810388853,1.2651377949751188,-6.555217037566293
607,5.026764400000047,130.9546867444586,249.63422820818482,29.917000168954555,57.02970571839522,-9.051377216865216,0.22845306962807505,-0.057485823692829285,0.16537649107254992,-9.095494108786365,-0.46841411454806575,0.985475028063024,1.0911337285794378,-10.183585340221658
608,5.031517200000053,130.9424032229799,249.60614692631378,29.9141939607669,57.023290463352694,-9.08249834376367,0.22845306962807505,-0.06029203188048271,0.1717917461150762,-9.172727972147898,-0.4685114338723807,1.0137364679727874,1.1167652350279786,-5.717198262177719
609,5.042745700000069,130.93140158699498,249.57530000672494,29.91168060325522,57.01624338988405,-8.994600254690233,0.22845306962807505,-0.06280538939216385,0.17883881958371717,-9.188174744820207,-0.34820381426301983,0.8906483491077568,0.9562951312412337,
610,5.047453300000143,130.92280324709054,249.55429024215977,29.909716286110346,57.01144364467697,-9.368780890781798,0.22845306962807505,-0.06476970653703873,0.18363856479079743,-9.334174255604667,-0.24539028681938102,1.330748054570059,1.3531839407882782,
611,5.0579875000003085,130.91184171143084,249.51245103954386,29.90721208964105,57.00188535040858,-9.44361701800011,0.22845306962807505,-0.06727390300633473,0.19319685905919215,-9.510206433152186,-0.10114922706344756,1.1921750832533518,1.196458355006838,
612,5.061564800000269,130.91563590393193,249.46939846545237,29.90807888456468,56.992049857701986,-9.781374770787522,0.22845306962807505,-0.06640710808270356,0.20303235176578482,-9.623764919442937,-0.014201650509602468,1.693186101022417,1.6932456583652271,
613,5.074457500000335,130.92301603164705,249.4323253548885,29.909764897395448,56.98358039179301,-9.962659231501256,0.22845306962807505,-0.06472109525193659,0.21150181767475829,-9.64647661670109,0.08121324004200592,1.6910568557623118,1.6930058711589977,
614,5.0785635000002,130.9268065591813,249.37602185996235,29.910630855046158,56.97071768554634,-9.562392686144001,0.22845306962807505,-0.06385513760122663,0.22436452392143025,-9.785822422949595,0.16190625892137905,1.9329172065897124,1.9396862025102135,
615,5.090488600000299,130.92992856850626,249.32335650869175,29.911344087659852,56.95868612438553,-9.48233937707255,0.22845306962807505,-0.06314190498753192,0.23639608508224086,-9.88393694552742,0.1251532225873824,1.4970079584675386,1.5022303940604966,
616,5.094829600000139,130.93307799783946,249.2831363378663,29.9120635844586,56.94949770289949,-10.140346049242636,0.22845306962807505,-0.06242240818878386,0.24558450656827802,-9.95105862933986,0.1310970052918405,1.6039534900799526,1.609302091944253,-11.893378830425062
617,5.107191900000089,130.93624572626652,249.2522988244568,29.91278726174151,56.942452778301394,-10.271947383676654,0.22845306962807505,-0.0616987309058743,0.25262943116637615,-10.099286432899223,0.10091076471549938,1.0434341856267788,1.0483023810762264,
618,5.111609800000224,130.93934936491624,249.22925436309663,29.913496297518055,56.93718820036574,-10.298267650563456,0.22845306962807505,-0.06098969512932939,0.2578940091020314,-10.263735460407974,0.07658249453885967,1.1730467727183693,1.1755439632165086,
619,5.122979700000087,130.94233398429546,249.2128273542019,29.91417814297691,56.93343539975893,-10.303531703940816,0.22845306962807505,-0.06030784967047609,0.2616468097088429,-10.373337912394096,0.09681437721375061,0.8821788702633007,0.8874753984051162,
620,5.127537800000027,130.94110031125942,249.1797670497321,29.913896306584906,56.92588267171997,-10.30458451461629,0.22845306962807505,-0.060589686062478165,0.26919953774780225,-10.471971049275696,0.09587640363176861,0.8422724931643742,0.8477117655870376,-13.262596619793499
621,5.1388716000001295,130.9543416976879,249.1469086203432,29.916921341960627,56.918376062662915,-10.688358309173259,0.22845306962807505,-0.05756465068675709,0.2767061468048553,-10.568410323136389,0.07931397036545872,0.8593186269788666,0.8629711516429605,-12.120302638864008
622,5.154323600000225,130.95798392295714,249.12185975396275,29.91775341950366,56.9126535722476,-10.765113068084652,0.22845306962807505,-0.05673257314372293,0.2824286372201712,-10.664410824392903,0.06876928083370089,0.8396195023370975,0.8424310788967722,-14.544613748023028
623,5.15764100000024,130.9591119170186,249.1033180268696,29.91801111320952,56.908417657776965,-10.78046401986693,0.22845306962807505,-0.056474879437864445,0.28666455169080507,-10.76032357112858,0.08266004649198404,0.594977252532482,0.6006917797982239,-12.20549616827098
624,5.170501000000058,130.95951980054372,249.0902826317174,29.918104295452885,56.905439681740624,-10.783534210223387,0.22845306962807505,-0.05638169719449948,0.28964252772714616,-10.779506120475716,0.07226689345825564,0.4876940298837789,0.493019239659455,-10.423330243270629
625,5.174929499999962,130.95966754779218,249.08187394162076,29.918138048765325,56.9035186906765,-10.784148248294677,0.22845306962807505,-0.056347943882059326,0.2915635187912713,-10.783342630345144,0.0761279218243745,0.4329200400603674,0.4395625343078823,-0.8067008285783738
626,5.187278400000196,130.97128590550273,249.07506824736808,29.920792298248337,56.901963908933524,-10.784271055908935,0.22845306962807505,-0.05369369439904759,0.29311830053424615,-10.78410993231903,0.05611201593238249,0.17325816309850053,0.18211795466746972,1.7466086900889453
627,5.191524400000162,130.9726455425378,249.07327527107054,29.921102911502583,56.90155429799458,-10.784295617431788,0.22845306962807505,-0.05338308114480128,0.29352791147319124,-10.757919398573181,-0.016110966773601645,0.16982752724514072,0.17059001219467426,-0.14496890923093764
628,5.203580900000361,130.97146338758756,249.07440631166412,29.920832844575422,56.90181268769006,-10.784300529736358,0.22845306962807505,-0.05365314807196242,0.2932695217777095,-10.836781633620886,0.0017366046827510216,0.17290232703000258,0.17291104790676076,-7.5375623469128215
629,5.208071600000039,130.96450738742425,249.07019154373634,29.91924372498578,56.900849811019185,-10.652581541494147,0.22845306962807505,-0.05524226766160467,0.2942323984485853,-10.9366544224273,0.03514233346871232,0.39970461929694573,0.4012465156097215,-12.720466005400649
630,5.2191665000000285,130.96921141106503,249.04837826923486,29.92031837362612,56.895866501500684,-11.178459423533205,0.22845306962807505,-0.0541676190212641,0.2992157079670861,-11.040729321985458,0.04525880395145242,0.4532729656761483,0.45552688257441704,-19.14516177636365
631,5.223230600000079,130.97600646604752,249.02596480656652,29.921870724795163,56.8907460771531,-11.283634999941016,0.22845306962807505,-0.05261526785222159,0.30433613231466694,-11.145644643693963,0.12128041141422467,0.6504202042044048,0.6616308489105562,-15.379395715073182
632,5.235241200000019,130.9825117483478,249.00681163621195,29.92335687650546,56.8863704765925,-11.304670115222578,0.22845306962807505,-0.051129116141925834,0.308711732875274,-11.277072043973165,0.20986363211998035,0.6512399328531292,0.6842194050369652,-14.668975761117771
633,5.238867200000186,130.988189277419,248.99150622326198,29.924653925449675,56.88287390802215,-11.308877138278891,0.22845306962807505,-0.04983206719770905,0.3122083014456223,-11.303357524029005,0.23081870963758466,0.6495464815488126,0.6893387472144602,-6.207048504465896
634,5.251111200000196,130.99296177858326,248.97979489077642,29.925744217990456,56.88019841816639,-11.309718542890153,0.22845306962807505,-0.04874177465692853,0.31488379130138355,-11.308614620040174,0.16647818472321022,0.42011235093783317,0.45189531243336484,1.650628734073849
635,5.25553600000012,130.9968671536302,248.9712594526746,29.92663641290798,56.87824847113141,-11.309886823812406,0.22845306962807505,-0.04784957973940607,0.3168337383363635,-11.252727562679906,0.17870242118873922,0.32930686997328384,0.37466994802134695,4.382395036945268
636,5.267349800000375,130.99998354255794,248.9654291514987,29.927348361524675,56.87691652093092,-11.309920479996856,0.22845306962807505,-0.04713763112270897,0.3181656885368511,-11.241550151207854,0.1146115611749376,0.14052755199706005,0.1813389170179498,9.173171577884107
637,5.271593800000119,131.00341766908676,248.9670958132653,29.928132898271674,56.87729727492753,-11.025234828421247,0.22845306962807505,-0.04635309437571067,0.31778493454024215,-11.182376192350942,0.12315033723945466,0.04285456148352401,0.13039370767846337,6.895675732319738
638,5.2834554999999455,131.00535194534785,248.96603619086517,29.92857478962103,56.87705520093757,-11.252990080918625,0.22845306962807505,-0.04591120302635332,0.31802700853020127,-11.113602924017062,0.08979801450862249,-0.06842648772151783,0.11289759798859232,12.724535215787546
639,5.287290700000085,131.00756357227448,248.97056635972802,29.92908004258129,56.878090131920224,-11.0138487486056,0.22845306962807505,-0.045405950066093936,0.3169920775475461,-11.042909793787786,0.09371352645934757,-0.16597650139547188,0.1906054145530182,6.889834189084215
640,5.299309300000004,131.00939821728736,248.9766541936918,29.92949917286616,56.879480916276634,-10.966020482142996,0.22845306962807505,-0.04498681978122576,0.3156012931911363,-11.085709644304432,0.05653530312953433,-0.1523070268347909,0.16246129053778333,4.231524738040187
641,5.3032413000000815,131.01077240588432,248.98310855574715,29.929813110469386,56.880955435100674,-10.956454828850475,0.22845306962807505,-0.044672882177998474,0.3141267743670966,-11.09426961440776,0.04304332059868944,-0.15930214959324573,0.16501485482583197,-3.4640901265946686
642,5.315843100000166,131.0107154098207,248.9842872707727,29.929800089543694,56.88122471616648,-11.23923408100447,0.22845306962807505,-0.044685903103690805,0.31385749330129187,-11.152920084990928,0.01369888723202123,-0.1067981784830494,0.1076731648958686,-3.194397765259234
643,5.320105400000102,131.01015184439854,248.98455906134552,29.929671341293062,56.88128680755713,-11.29578993143527,0.22845306962807505,-0.044814651354322166,0.3137954019106388,-11.16465017910756,0.008491571484520039,-0.15817498904731084,0.1584027586451499,-4.151018392534693
644,5.3318521999999575,131.00938152799415,248.98493599946724,29.929495360145896,56.881372920228095,-11.307101101521429,0.22845306962807505,-0.04499063250148794,0.3137092892396751,-11.223934674493385,-0.010462489342090143,-0.0889460665522549,0.08955929007284229,-3.697135461031786
645,5.335453400000006,131.00952082755518,248.99080950035508,29.92952718355821,56.88271473953539,-11.024670952726161,0.22845306962807505,-0.04495880908917371,0.31236746993238285,-11.235791573570554,-0.022042169797764084,-0.09131936603124703,0.09394191749023616,-2.845237937057905
646,5.347529800000302,131.00873167783607,248.99233509603604,29.929346899882486,56.883063266551716,-11.252877305779608,0.22845306962807505,-0.04513909276489869,0.3120189429160547,-11.238162953385984,-0.01986391406826358,-0.0900381118732287,0.0922032356905516,-1.2028824287567002
647,5.35148879999997,131.0077104157969,248.99291104451683,29.929113589434742,56.8831948437501,-11.298518576390297,0.22845306962807505,-0.045372403212642354,0.3118873657176735,-11.238637229349072,-0.028972657170016215,-0.09431182655754827,0.09866172252759609,-1.643565201992679
648,5.363848299999972,131.00666545795315,248.99335257802375,29.928874865607703,56.883295713435096,-11.307646830512434,0.22845306962807505,-0.045611127039681065,0.31178649603267417,-11.29567056110419,-0.03477504526377817,-0.022076135926357328,0.041190527436982705,-2.5803302388116958
649,5.367642100000012,131.0056603525254,248.99382917233797,29.92864524618744,56.88340459286915,-11.309472481336861,0.22845306962807505,-0.045840746459944626,0.31167761659862236,-11.307077227455213,-0.03424079822213021,-0.017914926592617113,0.03864423446916106,-2.611998826820136
650,5.37826270000005,131.00472243066065,248.99436030822122,29.92843097505836,56.88352593249207,-11.309837611501747,0.22845306962807505,-0.04605501758902264,0.31155627697570054,-11.309358560725418,-0.030788680229379094,-0.017456767486259198,0.03539324174664247,-1.0832664942146553
651,5.394364200000382,131.00385852514563,248.9949279676803,29.928233613191587,56.883655616038,-11.309910637534724,0.22845306962807505,-0.04625237945579741,0.31142659342977197,-11.30981482737946,-0.029493174061649655,-0.01799092046581422,0.03454736654852316,-0.08818969937683263
652,5.398622500000329,131.00308178826884,248.99550475803335,29.92805616526779,56.88378738556468,-11.30992524274132,0.22845306962807505,-0.046429827379594,0.31129482390308993,-11.309906080710268,-0.023505923976063717,-0.017975552345543218,0.02959136603970576,-0.017086933709535426
653,5.410835399999996,131.00239550810238,248.9960838311099,29.927899382457138,56.88391967658656,-11.30992816378264,0.22845306962807505,-0.04658661019024635,0.31116253288121243,-11.309924331376427,-0.021645006527235847,-0.01792092203361398,0.028100992048305934,-0.007915098854839368
654,5.415279199999986,131.00180050666427,248.99664058668372,29.927763452552167,56.884046869106434,-11.309928747990902,0.22845306962807505,-0.04672254009521737,0.31103534036133595,-11.309927981509661,-0.023435199721226162,-0.02104039938089431,0.031494554959251235,-0.0007944101190474231
655,5.426101600000038,131.00128554536724,248.99716887469827,29.927645808063122,56.88416755812501,-11.309928864832555,0.22845306962807505,-0.04684018458426209,0.3109146513427632,-11.30992871153631,-0.016434692278939806,-0.016486529011401744,0.0232788476765332,-0.0003068835038478237
656,5.430693499999961,131.00085925865625,248.9976442694558,29.927548421555457,56.884276163516645,-11.309928888200886,0.22845306962807505,-0.04693757109192731,0.31080604595112504,-11.309928857541639,-0.19579086773247978,-0.05447660220168433,0.2032283545051673,-3.387670142449265e-05
657,5.442969700000049,131.00050091695897,248.9980835527155,29.927466557294736,56.884376519125766,-11.309928892874552,0.22845306962807505,-0.04701943535264874,0.31070569034200446,-11.309928886742707,-0.19876100127837257,-0.051820340445763405,0.2054051686620764,-1.1862388604745482e-05
658,5.447105200000351,130.98403483617335,249.0017181538039,29.923704830594517,56.88520685490128,-11.309928893809285,0.22845306962807505,-0.050781162052867757,0.3098753545664934,-11.30992889258292,-0.18322826923132512,-0.04963041280851705,0.18983091560926207,-1.298562993681016e-06
659,5.458250500000304,130.9818180352152,249.00246658679083,29.923198395610875,56.885377836714554,-11.309928893996233,0.22845306962807505,-0.051287597036509425,0.3097043727532167,-11.30992889375096,-0.17085321648650825,-0.044160134871954616,0.17646795486913447,-5.228853579564398e-07
660,5.462774300000092,130.98314066603035,249.00247058956882,29.92350055468058,56.885378751161475,-11.309928894033622,0.22845306962807505,-0.05098543796680488,0.309703458306295,-11.309928893984571,-0.15270914070909325,-0.040680717714722064,0.1580348140439142,-5.345025305864006e-08
661,5.474725200000194,130.98526804614625,249.00227704070275,29.923986561198323,56.8853345343289,-11.3099288940411,0.22845306962807505,-0.05049943144906166,0.3097476751388726,-11.309928894031291,0.03847051977911317,0.0005956678281728428,0.03847513108797237,-1.903398739636572e-08
662,5.480743200000234,130.9874821726694,249.0020341039257,29.924492385199077,56.88527903467645,-11.309928894042596,0.22845306962807505,-0.04999360744830739,0.3098031747913197,-11.309928894040633,0.06687460967308458,0.006128719204685117,0.06715485550589245,-1.88041249785507e-09
663,5.491158499999983,130.98959210078453,249.00177882017087,29.924974404753677,56.88522071431904,-11.309928894042894,0.22845306962807505,-0.0495115878937078,0.3098614951487306,-11.309928894042503,0.06046442681967293,0.007099766332420758,0.060879829111180644,-6.044694842987538e-10
664,5.495735800000148,130.99152720610434,249.00153189376343,29.92541648550404,56.885164303223284,-11.309928894042955,0.22845306962807505,-0.04906950714334357,0.3099179062444861,-11.309928894042876,0.06892537956071165,0.008706218375449258,0.06947306086526761,-8.90964787283753e-11
665,5.507194700000127,130.99326983253195,249.0012985007846,29.925814593860643,56.88511098388084,-11.309928894042965,0.22845306962807505,-0.048671398786741094,0.3099712255869278,-11.309928894042947,0.04420025627493057,0.07539670597156761,0.08739751670460985,-3.034551005151536e-11
666,5.511450700000296,130.99481556604314,249.00107993525475,29.926167721426104,56.88506105191463,-11.309928894042969,0.22845306962807505,-0.048318271221280185,0.3100211575531375,-11.309928894042962,0.043059514043041584,0.09758712330610325,0.10666474761974312,-2.827518849733141
667,5.522366800000327,130.99292462515336,248.98470601896994,29.925735730175347,56.88132038047754,-11.309928894042969,0.22845306962807505,-0.048750262472037065,0.31376182899023064,-11.402525329589839,0.011773669788228747,0.16932520315568533,0.1697340382009347,
668,5.526599499999975,130.99367640775318,248.98254659141242,29.92590747721797,56.88082705262338,-11.309928894042969,0.22845306962807505,-0.0485785154294156,0.3142551568443892,-11.54661712646484,0.012476783993437537,0.17356527776160424,0.174013148305758,
669,5.538812700000108,130.99047690223125,248.9627119957535,29.92517654036019,56.876295778360266,-11.772911071777344,0.22845306962807505,-0.04930945228719352,0.3187864311075046,-11.57543548583984,-0.02208699679071474,0.273665430633,0.27455528286809266,
670,5.54298850000032,130.99117620187616,248.96223943082313,29.92533629751066,56.876187819451324,-12.03038787841797,0.22845306962807505,-0.04914969513672318,0.31889439001644604,-11.673795593261715,-0.04954240228365091,0.3980964444101115,0.4011673325135137,-11.617040906748603
671,5.55555110000023,130.9862355177542,248.93407182059642,29.92420758305694,56.86975284243095,-11.45402069091797,0.22845306962807505,-0.05027840959044383,0.32532936703682225,-11.786064050292966,-0.0697918878265998,0.4393083477536613,0.4448176390527387,-12.403156709158951
672,5.56031030000031,130.9825513110792,248.9139722092995,29.923365914732887,56.86516102453183,-11.801729431152344,0.22845306962807505,-0.05112007791449713,0.3299211849359409,-11.808517741699216,-0.08287844933257535,0.49549625877089065,0.5023797167678267,-0.9558644572202195
673,5.57153500000004,130.97957032288699,248.8981211956354,29.922684898829853,56.86153981180356,-11.87127117919922,0.22845306962807505,-0.05180109381753084,0.33354239766421045,-11.68743597021484,-0.10642662676442612,0.5747933451113303,0.5845630987915054,-5.53791539949407
674,5.5760033999999905,130.9771199061612,248.8853693797194,29.922125093606976,56.85862662031421,-11.885179528808594,0.22845306962807505,-0.052360899040408526,0.3364555891535588,-11.78879212568359,-0.09962287100443978,0.5277553329731184,0.537075793448871,-4.551306842580432
675,5.587533400000211,130.97310840671608,248.86405398433413,29.92120865424493,56.85375705280811,-11.424979020996094,0.22845306962807505,-0.053277338402455854,0.3413251566596571,-11.809063356777342,-0.05322433890185115,0.28173696269072646,0.2867203278418447,-10.962053234798235
676,5.5919182000002365,130.972036867304,248.8587365795796,29.920963857777014,56.85254227536949,-11.960801468261721,0.22845306962807505,-0.05352213487037005,0.34253993409828354,-11.846093677214842,-0.039769439416903384,0.20902845539794207,0.21277806155143017,-4.6485200533229385
677,5.602709000000232,130.97464144949203,248.871266023557,29.921558882572967,56.85540466530686,-11.903085586621094,0.22845306962807505,-0.05292711007441753,0.33967754416091367,-11.886475815521093,-0.028657308779569863,0.13360172554162,0.13664063236894788,-4.224765659239695
678,5.619297600000209,130.97512093366208,248.8742381672662,29.921668422203453,56.8560836606606,-12.05642278138672,0.22845306962807505,-0.052817570443931317,0.33899854880716873,-11.894552243182343,-0.03652065594877969,0.16897864137418137,0.17288013058646542,-1.5484087959498603
679,5.623179700000037,130.97393617823974,248.86956814777358,29.92139776119046,56.85501678037228,-12.087090220339846,0.22845306962807505,-0.05308823145692543,0.340065429095489,-11.896167528714594,-0.05829137631242029,0.26147269877698065,0.2678915018400432,-0.3100980480023159
680,5.634994900000038,130.96779205847594,248.83857733967778,29.91999411817026,56.84793683513254,-11.465361159302343,0.22845306962807505,-0.05449187447712589,0.3471453743352271,-11.896490585821045,-0.07735705012960231,0.34921605489242363,0.3576813752481139,-0.1529632399727396
681,5.639173700000356,130.9647797406932,248.8250503712964,29.919305944926094,56.84484655768306,-11.96887789592297,0.22845306962807505,-0.05518004772129004,0.3502356517847076,-11.896555197242336,-0.3170842118715817,0.3751136383571067,0.4911747541351533,-0.014646833779980611
682,5.650546100000156,130.96277925524166,248.81641579106628,29.918848927883943,56.842873961324536,-11.904700872153345,0.22845306962807505,-0.05563706476344166,0.3522082481432349,-11.896568119526593,-0.3141813701354019,0.3297939326595952,0.45549310791628894,
683,5.654107300000305,130.94419746883972,248.81503534425093,29.91460386174125,56.84255859401211,-12.056745838493171,0.22845306962807505,-0.0598821309061357,0.35252361545565947,-12.0612362313272,-0.4143477279326917,0.16133887395475022,0.44465073022763685,
684,5.666748300000108,130.941142750999,248.81236708191233,29.91390600207369,56.84194902129028,-12.087154831761136,0.22845306962807505,-0.06057999057369301,0.3531331881774875,-12.061193779468567,-0.386184289106169,0.04913822920559327,0.3892979202640293,
685,5.670768200000111,130.93023960620678,248.81664386398393,29.91141514517731,56.84292606528267,-12.288701718305354,0.22845306962807505,-0.06307084747007607,0.352156144185102,-12.094161363315589,-0.5666146623775091,0.1808975555762436,0.5947908045982544,-2.906755007454558
686,5.683386700000028,130.92892144329974,248.80678395183583,29.911114006814923,56.84067353808617,-11.96866563662982,0.22845306962807505,-0.06337198583246106,0.3544086713815986,-12.100754880084995,-0.33649597092243744,0.2353441035551505,0.41062925556420266,-3.0099072946738668
687,5.687694800000372,130.91115110667454,248.7910896036816,29.90705431886457,56.83708811607453,-12.069538791388466,0.22845306962807505,-0.06743167378281356,0.35799409339323773,-12.102073583438877,-0.4896976606257917,0.36787569370512685,0.6124837343484326,0.8196789966361833
688,5.699505400000362,130.90900878496942,248.77243747050048,29.906564898894906,56.83282697899419,-12.089713422340195,0.22845306962807505,-0.0679210937524779,0.3622552304735791,-12.063244306531528,-0.42786441007229736,0.45488736811741814,0.6244921705508457,-0.9836497906725795
689,5.703754900000149,130.89373321430875,248.75921425654113,29.903075147887158,56.82980609517483,-12.093748348530541,0.22845306962807505,-0.07141084476022641,0.36527611429293927,-12.08845452536881,-0.5750538006088863,0.5002407770203132,0.7621861377567893,-1.0219004890069903
690,5.715735500000392,130.8774517056768,248.74914499479934,29.89935558726201,56.82750574142103,-12.09455533376861,0.22845306962807505,-0.07513040538537297,0.3675764680467424,-12.093496569136267,-0.37119210580186457,0.39316742524815285,0.5407071330081419,-2.195215832989901
691,5.720076800000243,130.86301298135083,248.7414435057799,29.896057016368232,56.82574631261383,-12.094716730816224,0.22845306962807505,-0.07842897627915235,0.36933589685393997,-12.094504977889757,-0.45858201341657856,0.4376200282314828,0.6338838632892676,-0.22347161198509402
692,5.7317471999999725,130.8669449567635,248.72627731931607,29.896955288220955,56.822281550761616,-12.094749010225746,0.22845306962807505,-0.07753070442642951,0.3728006587061543,-12.094706659640455,-0.33461188935760267,0.3271090746511293,0.46793745652446184,-0.08631373471105483
693,5.73604880000039,130.857937258478,248.71529888305167,29.894897451897346,56.8197734932973,-12.094755466107651,0.22845306962807505,-0.07958854075003785,0.3753087161704727,-12.094746995990592,-0.3851169956832664,0.41603915716968864,0.5669247574965922,0.9143468997290382
694,5.7479519000003165,130.84744558781284,248.70704966583128,29.892500597528368,56.81788893430127,-12.094756757284031,0.22845306962807505,-0.08198539511901615,0.3771932751664977,-12.061778989041873,-0.26482880644811124,0.36921650875617423,0.454373334453981,1.436123434648645
695,5.752211200000147,130.83694913499033,248.69517977485626,29.89010265066086,56.815177221271874,-12.094757015519308,0.22845306962807505,-0.08438334198652342,0.37990498819589646,-12.055185387652127,-0.3652936074389742,0.41294204717793875,0.5513261774696413,1.477655913340794
696,5.763656399999945,130.82901496319096,248.68660469713203,29.888290064758337,56.813218218443474,-11.929876696072611,0.22845306962807505,-0.0861959278890474,0.38186399102429647,-12.05386666737418,-0.2905384279468635,0.3225350995559938,0.43409845491481497,
697,5.767426200000045,130.82199601985047,248.6780980126619,29.886686565606656,56.81127484026392,-12.061781003277023,0.22845306962807505,-0.08779942704072852,0.3838073692038506,-12.167124651834214,-0.16310209403603815,0.38086925725355736,0.4143231639672311,
698,5.77955540000039,130.8164418455388,248.6711419348061,29.885417697435905,56.80968570292519,-12.088161864717906,0.22845306962807505,-0.08906829521147941,0.38539650654258395,-12.303297977241845,-0.005838467152287537,0.28388362327757577,0.2839436550865205,
699,5.784034600000268,130.82498677364055,248.66231902251988,29.8873698124905,56.80767008153035,-12.661046679584206,0.22845306962807505,-0.08711618015688316,0.38741212793742363,-12.477030445057746,0.14726880781085705,0.3150687591485462,0.34778790195381404,
700,5.795643800000107,130.8363354995625,248.65460868629404,29.889962463763737,56.80590863155169,-12.775623642557466,0.22845306962807505,-0.084523528883647,0.38917357791608254,-12.625298667136553,0.27320409952393754,0.22959013795924127,0.35686427594371084,
701,5.799867600000198,130.84756120033006,248.6485612291907,29.892527009562816,56.804527071412984,-12.79853903515212,0.22845306962807505,-0.08195898308456862,0.39055513805478625,-12.768474040067938,0.4063745181119597,0.27344057199424,0.48980607936535925,
702,5.811412200000177,130.85788639383253,248.64410823332307,29.89488583171296,56.803509770837984,-12.80312211367105,0.22845306962807505,-0.0796001609344259,0.39157243862978675,-12.784323470122963,0.2601552908700465,0.1982183758069687,0.32706467231303227,
703,5.816310700000031,130.86992051203237,248.6365977370417,29.897635062955978,56.80179397490808,-12.804038729374835,0.22845306962807505,-0.07685092969140683,0.39328823455969086,-12.78749335613397,0.23493274080892165,0.18280163984738004,0.2976740368841112,-0.6914270776871012
704,5.827990300000238,130.85482448835967,248.63282039373308,29.894186330008772,56.80093102923418,-12.740293829859343,0.22845306962807505,-0.08029966263861255,0.3941511802335924,-12.78812733333617,0.21124425983273554,0.1567455291805349,0.26304619029814175,-0.8871123571412105
705,5.843594500000108,130.86146460597664,248.62772185258365,29.895703285261057,56.79976625185797,-12.791473072612494,0.22845306962807505,-0.07878270738632764,0.3953159576098031,-12.818710671745361,0.11150468904537525,0.1275096780729687,0.16938717094685166,-0.2326275902319822
706,5.848660800000289,130.87230279700196,248.62335731251113,29.89817930327001,56.79876915928089,-12.801708921163124,0.22845306962807505,-0.07630668937737539,0.39631305018688323,-12.81204169489595,-0.21099203268562874,0.1171689143494628,0.24134247936624248,-1.4982915190138408
707,5.859542500000316,130.8582810825513,248.62612283642858,29.894975999562305,56.799400951708954,-12.956038805717,0.22845306962807505,-0.07950999308507889,0.3956812577588167,-12.853950087026067,-0.2291764012251672,0.11268613432422847,0.2553820427270815,-1.4395870193152844
708,5.864241200000379,130.83665965662414,248.61998209460518,29.890036518439512,56.797998080389604,-12.770693845127775,0.22845306962807505,-0.0844494742078723,0.39708412907816637,-12.862331765452092,-0.45736510548264186,0.11413330220945683,0.47139076188061146,-1.9276657309788776
709,5.875575800000206,130.8174985018025,248.6174283849794,29.88565909380289,56.79741467758666,-12.94983579050993,0.22845306962807505,-0.0888268988444949,0.3976675318811118,-12.864008101137294,-0.6374658597741845,0.09360352222171332,0.6443014370230373,-2.2762345604905443
710,5.8801988000000165,130.79637749410296,248.61577143340304,29.88083393476029,56.79703614191281,-12.833381464742612,0.22845306962807505,-0.09365205788709474,0.39804606755495797,-12.886646835071211,-0.6757409969036169,0.17916731212114312,0.6990899946566315,-3.7942484202281297
711,5.891255100000308,130.77644880467807,248.6112144342785,29.87628116448751,56.79599508147452,-12.810090599589149,0.22845306962807505,-0.09820482815987575,0.39908712799324775,-12.956720236154869,-0.4919076269372017,0.14966997050078445,0.5141733302191926,-7.435753144547444
712,5.896074100000078,130.76620235009528,248.60341472307158,29.87394033048527,56.79421321350709,-13.069232475386581,0.22845306962807505,-0.10054566216211569,0.4008689959606784,-13.010078178090351,-0.42453840133985193,0.16398078618835105,0.4551071878702279,-7.687839669590176
713,5.907294500000262,130.75971541296326,248.59599451939096,29.872458369784972,56.79251804519898,-13.121060850546067,0.22845306962807505,-0.10202762286241196,0.4025641642687887,-13.073509776243071,-0.22631330306590552,0.16660208977173405,0.28102307282660854,-11.173834454572406
714,5.912205600000107,130.75865443917831,248.5933498261368,29.87221598706701,56.791913856906845,-13.21662550018734,0.22845306962807505,-0.10227000558037602,0.4031683525609253,-13.155995900561114,-0.1300425659961385,0.15383958671807732,0.20143904143052524,-7.987843836387427
715,5.923098900000241,130.7561461537399,248.5888205497959,29.8716429615591,56.79087912982358,-13.15053945550622,0.22845306962807505,-0.10284303108828396,0.40420307964419067,-13.172493125424726,-0.036153121522622886,0.09077470897135202,0.09770924206370242,-7.711339581386625
716,5.927315400000225,130.75743024571037,248.58826043530053,29.871936316311437,56.79075116994776,-13.22252122117937,0.22845306962807505,-0.10254967633594703,0.4043310395200095,-13.19283236531932,0.01604850177169515,0.052118649516793854,0.054533549642128545,-2.2255420964986765
717,5.939334000000144,130.7565725272479,248.58539671282904,29.871740367895807,56.79009694375859,-13.151718599704624,0.22845306962807505,-0.10274562475157722,0.40498526570917903,-13.196900213298242,0.039152575206878926,0.020262433372207542,0.04408503545981857,-3.0653422448805983
718,5.943759900000259,130.75907034738816,248.58621429051195,29.87231100257423,56.79028372188991,-13.22275705001905,0.22845306962807505,-0.10217499007315567,0.40479848757786385,-13.214753577815898,0.08797953526228142,-0.021989630606579984,0.09068595524766146,-1.5600418370855507
719,5.955359600000065,130.76242994036267,248.58805519005963,29.87307851190196,56.79070428104246,-13.236964740081936,0.22845306962807505,-0.10140748074542572,0.40437792842531195,-13.21832425071943,0.06054048002115767,-0.004228740769485977,0.06068798867723088,-1.5037690271792385
720,5.95956920000026,130.76595920017854,248.5901976964407,29.873884782140408,56.79119374320191,-13.239806278094512,0.22845306962807505,-0.10060121050697646,0.4038884662658617,-13.219038385300138,-0.003855632158152822,0.13769615846875444,0.13775012869827497,0.9640395892110305
721,5.971202800000356,130.7625156484333,248.58413008206915,29.873098092173784,56.78980757807341,-13.240374585697028,0.22845306962807505,-0.10138790047360047,0.4052746313943629,-13.179837950497529,-0.06667449356641908,0.24806574369426457,0.25686981388813873,1.645439937100571
722,5.975718000000143,130.75582971777237,248.56902904151337,29.871570670790977,56.786357699003865,-13.155289272608156,0.22845306962807505,-0.10291532185640762,0.40872451046390523,-13.171997863537007,-0.09402320895139828,0.4417004256995556,0.45159675583941805,2.237018145377931
723,5.987311000000318,130.74643347314426,248.54316668420648,29.86942406986271,56.780449364089286,-13.026754876006006,0.22845306962807505,-0.10506192278467452,0.41463284537848466,-13.153390051223028,-0.1469922179839359,0.5066171963068187,0.5275108489326249,1.4043559711480285
724,5.991580800000065,130.74511438024896,248.52574909903012,29.869122719041652,56.776470263290236,-13.197764305279327,0.22845306962807505,-0.10536327360573239,0.41861194617753483,-13.14966848876023,-0.1734524867480917,0.5805424929687464,0.6059004466919164,-0.3116227380897152
725,6.0034850000001825,130.7412941590271,248.51489445859542,29.86824997777686,56.77399048736322,-13.146767216524616,0.22845306962807505,-0.10623601487052525,0.42109172210454915,-13.190280377439544,-0.09180562375849886,0.4858396552386469,0.4944375017695304,-9.381066635884192
726,6.0077541000000565,130.73755818941498,248.5057606629887,29.867396484050936,56.771903843719514,-13.221766773383049,0.22845306962807505,-0.10708950859644872,0.4231783657482566,-13.299583175097283,0.025237538319998032,0.5222387363752048,0.5228481912670484,-10.989921464869795
727,6.019429800000125,130.74113316917993,248.49091160129404,29.868213199152095,56.76851152999427,-13.358348716004736,0.22845306962807505,-0.10627279349528962,0.4265706794734996,-13.345760140878832,0.038857722609139236,0.40866648192044,0.4105097027496404,-16.27215704162732
728,6.024005100000068,130.7491451392188,248.47705987053837,29.87004355830124,56.765347059583476,-13.573268864294699,0.22845306962807505,-0.10444243434614364,0.4297351498842943,-13.43387248716014,0.1514733336994135,0.48209558052488305,0.5053318905270454,-8.94414175641567
729,6.035593000000063,130.74901953065432,248.45859373350373,29.870014862639117,56.761128413893736,-13.428649134187065,0.22845306962807505,-0.10447113000826747,0.433953795574034,-13.475811362666406,0.1891377405098139,0.4374949305544914,0.47662868057434077,-8.284429188197924
730,6.039838200000304,130.7581205137671,248.44790038650092,29.872094010167864,56.758685485946344,-13.587328947931164,0.22845306962807505,-0.10239198247952075,0.4363967235214261,-13.484199137767657,0.16761822257650189,0.4129488746403882,0.4456710015319246,-1.6519510825439947
731,6.051373100000092,130.75753473659609,248.43448104755296,29.871960187575027,56.755619796771306,-13.431461150914359,0.22845306962807505,-0.1025258050723572,0.43946241269646436,-13.476826399819158,0.1238058254283437,0.31935992325140505,0.3425180914771318,-0.41527937177286084
732,6.067609100000027,130.7548591480162,248.4225545880601,29.87134894115089,56.75289516049037,-13.400287591510997,0.22845306962807505,-0.10313705149649266,0.44218704897740224,-13.475351852229458,0.04061784385873296,0.25563329322594996,0.25884008546837745,-4.553851110714688
733,6.072138400000313,130.75844745301967,248.4181195735287,29.872168700443694,56.751881967806824,-13.5364051745522,0.22845306962807505,-0.1023172922036899,0.4432002416609464,-13.540535458336517,-0.12473286167267444,0.15643697709588103,0.200077021629051,-8.180071597911558
734,6.083470600000055,130.73769230759086,248.41586641071615,29.867427123759906,56.751367225845925,-13.421276396238566,0.22845306962807505,-0.10705886888747784,0.44371498362184525,-13.656571447136054,-0.2091357341433147,0.0859832531181982,0.2261213725246938,-17.95594255323555
735,6.087787299999945,130.73132477977856,248.41436470448568,29.865972442485244,56.7510241564479,-13.913246978466464,0.22845306962807505,-0.10851355016214015,0.444058053019873,-13.782777912474087,-0.4534958200349194,-0.011115122409280503,0.4536320146719335,-16.007667948644627
736,6.099460800000088,130.70916786486652,248.41878435239096,29.8609106272601,56.752033838578534,-14.011641094912044,0.22845306962807505,-0.11357536538728397,0.44304837088923676,-13.882548014135443,-0.49372428358661485,-0.06024119051202308,0.4973858353807655,-22.31059780924801
737,6.103679000000284,130.68591318203693,248.42465000655477,29.855598023584452,56.75337386527763,-14.03131991820116,0.22845306962807505,-0.11888796906293209,0.4417083441901397,-14.00550130204584,-0.5713964351801885,-0.12516970674766695,0.5849455886011315,-13.251707715206893
738,6.115615500000331,130.68486025351706,248.4257959855254,29.85535747883199,56.7536356676912,-14.035255682858983,0.22845306962807505,-0.11912851381539369,0.44144654177657117,-14.030091959627923,-0.5660799539865828,-0.16368526862692465,0.5892702109142463,-10.781743631962867
739,6.119941700000254,130.66958237294958,248.4310835483833,29.85186720011894,56.75484362765694,-14.036042835790548,0.22845306962807505,-0.12261879252844565,0.4402385818108314,-14.035010091144336,-0.6293963796110857,-0.2060246583723716,0.6622582294883125,-1.092743711131642
740,6.132042900000215,130.65314006955575,248.4370746285509,29.84811090543686,56.75621230831162,-14.036200266376861,0.22845306962807505,-0.1263750872105227,0.43886990115615276,-14.03599371744762,-0.42621598705809954,-0.1639516891162259,0.4566620457055454,-0.4208499336764385
741,6.136469500000203,130.63860392608035,248.44285248892484,29.844790078839353,56.757532278249926,-14.036231752494123,0.22845306962807505,-0.1296959138080318,0.4375499312178448,-14.036190442708277,-0.5207542981119591,-0.208190471720484,0.5608282370898213,-0.043067954110037956
742,6.147779200000059,130.626547038649,248.44816505704566,29.8420356458955,56.75874595074473,-14.036238049717575,0.22845306962807505,-0.1324503467518845,0.4363362587230384,-14.036229787760407,-0.4662282557436028,-0.18813864517942064,0.5027573333763221,-0.016559774861787915
743,6.152253200000359,130.61689524354898,248.45292642661494,29.83983066367748,56.75983370023847,-14.036239309162266,0.22845306962807505,-0.13465532896990595,0.4352485092293037,-14.036237656770831,-0.6841536659561052,-0.2580092813804627,0.7311874095740712,-0.0017909010454320088
744,6.163911399999961,130.58963717148293,248.46205896871427,29.833603473441848,56.76192005751457,-14.036239561051204,0.22845306962807505,-0.14088251920553674,0.43316215195319785,-14.03623923057292,-0.5524399271932996,-0.21145152281290003,0.5915248259010204,-0.0006544305142215796
745,6.168442600000162,130.56186852138637,248.47123144750083,29.82725964008786,56.764015538449456,-14.036239611428993,0.22845306962807505,-0.14722635255952454,0.4310666710183142,-14.036239545333336,-0.6873278077754597,-0.25599738461437826,0.7334535951720607,-7.001244249503358e-05
746,6.179730600000312,130.55734106223136,248.47446298272482,29.826225328146283,56.76475379259099,-14.03623962150455,0.22845306962807505,-0.14826066450110176,0.43032841687678314,-14.03623960828542,-0.6597175907168571,-0.23206763935480584,0.6993444707273854,-2.5964161174834656e-05
747,6.18414759999996,130.53959237615354,248.4808441392359,29.82217058632994,56.76621158738372,-14.036239623519661,0.22845306962807505,-0.15231540631744522,0.42887062208404814,-14.03623962087584,-0.5068338679703133,-0.20132378311276103,0.5453547793579726,-2.8814040674838647e-06
748,6.19575900000018,130.5215596235794,248.48712006190857,29.818050948650534,56.76764534118304,-14.036239623922683,0.22845306962807505,-0.1564350439968507,0.4274368682847296,-14.036239623393923,-0.20714445669840453,-0.025992599812094813,0.20876887025097612,-8.651057239796017
749,6.200119600000107,130.52595493885383,248.48760185385606,29.81905507191696,56.76775540803237,-14.036239624003288,0.22845306962807505,-0.1554309207304243,0.4273268014353988,-14.14941101061629,-0.3630235690358702,0.44686081103966757,0.5757349182727852,-11.31930275471894
750,6.211623099999997,130.530910426608,248.46674528157925,29.820187168305903,56.76299066007381,-14.036239624019409,0.22845306962807505,-0.15429882434148112,0.43209154939395944,-14.24149353024826,-0.2465613014201375,0.6747481319146095,0.7183853540268254,-12.673975345959681
751,6.216154700000061,130.51363275801918,248.42114493855888,29.816240031880774,56.75257312173471,-14.602096557616383,0.22845306962807505,-0.15824596076661024,0.4425090877330575,-14.259910034174656,-0.015373132637901493,1.373859244970928,1.3739452529846998,-4.126597270855634
752,6.2279968000002555,130.49623274394816,248.37918912770613,29.812264945254675,56.74298818795667,-14.496652221679527,0.22845306962807505,-0.16222104739270904,0.4520940215111011,-14.263593334959934,-0.053764155302775805,1.6100887585813097,1.6109861560253471,-1.5151445391724014
753,6.23232040000039,130.51139491694408,248.3153707072195,29.815728790217825,56.72840867389768,-14.128322143554657,0.22845306962807505,-0.15875720242955893,0.46667353557008795,-14.26432999511699,-0.07996745351052062,1.986678628949091,1.988287395811782,3.2017482252410803
754,6.243525700000191,130.51327429686296,248.25867513530096,29.81615814032929,56.71545639645857,-14.054656127929682,0.22845306962807505,-0.1583278523180951,0.47962581300919993,-14.151305940429651,0.09132264285935772,1.6920511749667915,1.6945137956963694,9.688823368055028
755,6.24833260000014,130.5125882885712,248.21034062830768,29.81600141962925,56.704414229967,-14.039922924804689,0.22845306962807505,-0.15848457301813568,0.49066797950077046,-14.059252887304684,0.1563680064252515,1.8360352903819894,1.8426818881623284,10.297523697867458
756,6.259452000000238,130.51187891418382,248.17015031210622,29.815839360872936,56.695232628861454,-14.036976284179689,0.22845306962807505,-0.15864663177444882,0.4998495806063161,-14.040842276679687,-0.0027476848808591424,1.2661332606655165,1.2661362420907543,7.1868662208084615
757,6.264331000000311,130.5116557942198,248.13748920766523,29.815788388432257,56.687771099294466,-14.036386956054688,0.22845306962807505,-0.1586976042151278,0.5073111101733048,-14.03716015455469,-0.0035556196410683628,1.2306091945148605,1.2306143311596636,-1.2190608258737432
758,6.2756554000002325,130.51193189289089,248.11158558926982,29.81585146402119,56.68185333815756,-14.03626909042969,0.22845306962807505,-0.15863452862619454,0.5132288713102113,-14.105871972317189,0.026923662275663746,0.7565076595937861,0.7569866066281501,-7.727918274721461
759,6.280310500000269,130.51263034260748,248.09165143271784,29.816011027002926,56.67729931890281,-14.036245517304689,0.22845306962807505,-0.15847496564445862,0.5177828905649591,-14.18906257805719,0.04359817586656399,0.5835852617756464,0.5852115503821175,-11.827296070818207
760,6.291555799999969,130.51852700093508,248.0952624065193,29.817358136698413,56.6781242569521,-14.383482013617188,0.22845306962807505,-0.15712785594897127,0.5169579525156678,-14.318872085923937,0.05190373701957669,0.3740715263765324,0.37765527238775065,-12.753954784638253
761,6.307281400000193,130.5232627316791,248.09793898419818,29.818440028923817,56.67873572933894,-14.452929312879688,0.22845306962807505,-0.15604596372356738,0.5163464801288313,-14.45800537421604,0.049957100530888955,0.3135895467335633,0.31754387998198774,
762,6.312114300000303,130.52392023614243,248.08774768550268,29.81859023783676,56.67640749586845,-14.685434495388439,0.22845306962807505,-0.15589575481062568,0.5186747135993173,-14.61227002015571,0.051808222548789376,0.1609051504120153,0.1690401116681427,
763,6.323189600000205,130.52371840132076,248.077074555653,29.818544128052192,56.67396918659176,-14.731935531890189,0.22845306962807505,-0.15594186459519221,0.5211130228760084,-14.716903466921769,0.038384587106137125,0.15824395948703804,0.16283281991491755,
764,6.327669300000252,130.52457202586731,248.072861320798,29.81873914120016,56.67300666015607,-14.807568747003039,0.22845306962807505,-0.15574685144722267,0.5220755493117011,-14.781553300806232,0.025883328935181405,0.19485207588302225,0.19656367465198105,-8.348004056492664
765,6.3387697000002845,130.5271314708223,248.07707229431082,29.819323854256673,56.6739686699812,-14.906649247447483,0.22845306962807505,-0.15516213839071114,0.5211135394865707,-14.794483267583125,0.013895284447743926,0.127014325550525,0.12777213242698293,-5.388961158618544
766,6.343303900000137,130.52725634793018,248.0742111582945,29.819352382815293,56.673315034675646,-14.776178482301997,0.22845306962807505,-0.15513360983209168,0.5217671747921244,-14.797069260938502,-0.002534554454541673,0.15292837723834435,0.1529493789821861,-0.2182766766552668
767,6.355105399999957,130.52576550299818,248.06684685695643,29.81901179471424,56.6716326374293,-14.750084329272902,0.22845306962807505,-0.15547419793314532,0.5234495720384729,-14.784319858047075,-0.017129260122647625,0.13017452122473736,0.13129667752246788,0.36144634566764394
768,6.359545000000253,130.52408816530033,248.06005048987387,29.81862860176836,56.67007998650697,-14.744865498667082,0.22845306962807505,-0.1558573908790244,0.5250022229608007,-14.781769977468791,-0.031671859403451734,0.15085540603366945,0.15414428373331035,-0.2846037402905184
769,6.371324000000186,130.52257019806336,248.0548380619216,29.81828181749348,56.66888919134106,-14.743821732545918,0.22845306962807505,-0.15620417515390272,0.5261930181267118,-14.811317374400009,-0.03297556957637387,0.11625799287297985,0.1208441520957473,-9.73935716763917
770,6.375520100000358,130.52220215034592,248.05453059091985,29.81819773586266,56.66881894864689,-14.89389984455606,0.22845306962807505,-0.15628825678472325,0.5262632608208833,-14.925803513942501,-0.008113820042837113,0.003397614430344975,0.008796468581472549,-12.841428941062631
771,6.3875160000002325,130.52219024705914,248.05604445192918,29.81819501652026,56.66916479484146,-14.923915466958087,0.22845306962807505,-0.15629097612712428,0.5259174146263135,-15.030550107085375,0.00945720397006289,-0.07498300072464117,0.07557704085635342,-19.692415963025574
772,6.391973600000256,130.52405265820033,248.06427356415418,29.818620490062376,56.67104476078957,-15.32251502698537,0.22845306962807505,-0.15586550258500864,0.5240374486782002,-15.133348790948327,-0.028002594940937032,0.04271137610991972,0.05107256575333976,-12.72644383970177
773,6.403303300000061,130.52412916186455,248.0663651744858,29.8186379675593,56.6715225955903,-15.268598464381451,0.22845306962807505,-0.15584802508808338,0.5235596138774739,-15.205700519908419,-0.027241203969403455,0.042711753393742974,0.05065942233850044,-8.636808503235986
774,6.4077101000002585,130.51994830609112,248.0530636141781,29.81768283822419,56.668483813307155,-15.257815151860667,0.22845306962807505,-0.15680315442319426,0.5265983961606153,-15.19011349265356,-0.09837808142168197,0.2921493576578421,0.30826854215780897,-0.08383697122708311
775,6.419200000000274,130.51913197398372,248.05222159202108,29.81749634464842,56.66829145076069,-15.25565848935651,0.22845306962807505,-0.15698964799896586,0.5267907587070795,-15.160268792280716,-0.13467457012101205,0.43149473463515076,0.45202316959989847,0.5226738139913154
776,6.423745800000233,130.51204999178694,248.0279784937084,29.815878444076514,56.662753040533865,-14.845980330683803,0.22845306962807505,-0.15860754857087045,0.5323291689339058,-15.181027147128022,-0.14642016047660705,0.46107155721933407,0.4837621773874607,-2.5165956708406045
777,6.435588499999994,130.5075901346655,248.01372374940365,29.814859576027015,56.65949650044068,-15.173291525121137,0.22845306962807505,-0.15962641662036958,0.5355857090270888,-15.247118515363107,-0.10192656743244209,0.31227308657160824,0.3284866903628202,-4.392342674667147
778,6.439951300000303,130.50649805856872,248.01170501572005,29.81461008789044,56.6590353145339,-15.372390238617978,0.22845306962807505,-0.15987590475694446,0.5360468949338681,-15.260336789010124,-0.11983949220198707,0.3668082628015598,0.38588833300674985,-3.820017152142377
779,6.4514272999999775,130.50678580004256,248.01443901027767,29.8146758233134,56.659659903982934,-15.588271993036095,0.22845306962807505,-0.1598101693339835,0.5354223054848362,-15.293037816786402,-0.08384060459224058,0.24791800401179875,0.26171087805360077,-2.4795674675886854
780,6.455621300000075,130.50484357525477,248.0091258048155,29.81423211609872,56.658446085885544,-15.321749857591595,0.22845306962807505,-0.16025387654866563,0.5366361235822268,-15.29957802234166,-0.11662512254831295,0.36071784456184963,0.37910260167236487,0.7074971555883416
781,6.467442800000299,130.49574061793479,247.97684123513943,29.812152517556278,56.65107057684142,-15.009485469565195,0.22845306962807505,-0.1623334750911063,0.5440116326263507,-15.222366776343334,-0.1370036453553612,0.45312154039093416,0.4733805331938678,4.354061442297082
782,6.471687900000234,130.49109595160283,247.96125132440986,29.811091429275344,56.64750901388002,-15.205992552897415,0.22845306962807505,-0.16339456337204084,0.5475731955877521,-15.188023159956172,-0.198532273187522,0.6696868235533676,0.698495171878807,6.565148581284369
783,6.483249300000352,130.48304544175812,247.93252016752825,29.809252265589247,56.640945292896454,-14.986334008626358,0.22845306962807505,-0.165233727058137,0.5541369165713164,-15.12936244449124,-0.20210740977141098,0.7003766615685647,0.7289546440996428,-2.0758097855400246
784,6.487534600000345,130.47738214901375,247.91322952918676,29.807958468977596,56.63653828735225,-15.416553911100273,0.22845306962807505,-0.16652752366978874,0.5585439221155184,-15.212460623663876,-0.2026910801284418,0.6950553856770023,0.7240066733962062,-6.43239892090515
785,6.499515100000281,130.47089659316163,247.890004769992,29.80647682383493,56.63123251982284,-15.02844628026693,0.22845306962807505,-0.16800916881245342,0.5638496896449325,-15.272118589576529,-0.1714220600374892,0.590637374133536,0.6150105937224619,-15.834904930978794
786,6.504130100000111,130.46728393222594,247.8779386619804,29.80565150035465,56.62847598040913,-15.424976365428387,0.22845306962807505,-0.16883449229273495,0.5666062290586424,-15.378880505024682,-0.15208051127540673,0.5192441178201941,0.5410572389319458,-9.98528739730696
787,6.515718300000117,130.46253555214827,247.86186442623728,29.804566718350145,56.62480377191168,-15.504282382460678,0.22845306962807505,-0.1699192742972393,0.570278437556091,-15.400232888114312,-0.13526770934399346,0.4605792432626268,0.480031866145931,-10.445381763503173
788,6.53130050000027,130.4582814405273,247.84748896422533,29.80359485349179,56.62151965348773,-15.520143585867135,0.22845306962807505,-0.17089113915559295,0.5735625559800397,-15.499333686997865,-0.1199116721474016,0.4034052538929457,0.4208498639486746,-4.569611282438514
789,6.534900000000107,130.45484898562012,247.83590712264814,29.802810698631887,56.61887374622747,-15.523315826548428,0.22845306962807505,-0.17167529401549686,0.5762084632402988,-15.519153846774573,-0.10384937030126357,0.3492961816535308,0.3644070721455682,-4.058458714425489
790,6.547722799999974,130.4522170376648,247.82709506679484,29.802209422042395,56.616860605018054,-15.523950274684687,0.22845306962807505,-0.17227657060498913,0.5782216044497162,-15.523117878729915,-0.09034552072657581,0.3029591646415807,0.31614327219740185,-1.9979584116030875
791,6.552167499999996,130.4503002005783,247.82073784750926,29.80177151472601,56.61540827875797,-15.524077164311938,0.22845306962807505,-0.1727144779213745,0.5796739307098022,-15.523910685120985,-0.08628206287661765,0.2875820054880701,0.3002465724280379,-0.16713557684002506
792,6.563577900000382,130.44899701669732,247.81648206929918,29.801473798368107,56.614436033162214,-15.524102542237388,0.22845306962807505,-0.17301219427927705,0.5806461763055566,-15.524069246399197,-0.04418561269574016,0.14485682169585049,0.15144592157308617,-0.0665724503407942
793,6.567834599999969,130.4482134570552,247.81398761327205,29.80129479176263,56.61386616702577,-15.524107617822478,0.22845306962807505,-0.17319120088475515,0.5812160424420014,-15.524100958654838,-0.035144357849820035,0.11272021794824946,0.11807189937905237,-0.007300921325339592
794,6.579229700000269,130.4478459057677,247.8129176796852,29.801210823542753,56.61362173741355,-15.524108632939496,0.22845306962807505,-0.17327516910463103,0.5814604720542178,-15.524107301105971,-0.014534828636388405,0.043629898966371476,0.04598727353632698,-0.002758808578047238
795,6.583930100000089,130.44781123840482,247.81299351904238,29.80120290367729,56.613639063147495,-15.524108835962899,0.22845306962807505,-0.17328308897009492,0.5814431463202752,-15.524108569596198,0.2146312177933617,0.07122431255099361,0.22614035984278233,-0.00028271688553325043
796,6.595628000000033,130.44804289749183,247.81395089440903,29.80125582690682,56.6138577784888,-15.524108876567581,0.22845306962807505,-0.17323016574056282,0.5812244309789705,-15.52410882329424,0.23550975268931496,0.039288697486149264,0.2387644139354532,-0.00010093459349759334
797,6.6001390999999785,130.47015357715617,247.80954393698116,29.806307079547704,56.612850995536675,-15.524108884688516,0.22845306962807505,-0.16817891309968047,0.5822312139310952,-15.52410887403385,0.22422447727262806,0.007070938795243804,0.22433594090922968,-1.8997405871819384
798,6.611966400000256,130.4733809846211,247.81087978917694,29.807044390690002,56.613156175071374,-15.524108886312703,0.22845306962807505,-0.1674416019573819,0.5819260343963961,-15.591514890041147,0.2047898688631101,0.024640426253350577,0.20626691686966342,-2.8329727666723095
799,6.616781600000195,130.4720363472295,247.81382300515557,29.80673720415036,56.61382856179627,-15.524108886637542,0.22845306962807505,-0.16774878849702546,0.5812536476715024,-15.604996093242605,0.179377199447452,0.004379458595524327,0.1794306532875609,-7.265903820513088
800,6.627396500000032,130.46744298573316,247.80991250788068,29.80568783661661,56.61293519669005,-15.861138915999383,0.22845306962807505,-0.16879815603077475,0.5821470127777175,-15.746161572164148,-0.007075835070003651,-0.07855954109694012,0.0788775566260753,-7.281126277578191
801,6.6323110000003,130.4648069134255,247.8124939961108,29.80508561780616,56.613524945600425,-15.591514892574878,0.22845306962807505,-0.16940037484122428,0.5815572638673459,-15.774394667948453,-0.2400228346463865,-0.18289383487099764,0.30176334433709195,-8.565433085630241
802,6.643292000000201,130.47381815291692,247.82169954883238,29.807144263129132,56.6156279823773,-16.229936279296226,0.22845306962807505,-0.16734172951825244,0.5794542270904728,-15.847447292964691,-0.2566928695268417,-0.14293353373496448,0.29380473844355953,-10.41351949392352
803,6.647838700000193,130.45187815273118,247.83259544995224,29.802132002739057,56.618117184434496,-15.665274365234247,0.22845306962807505,-0.17235398990832707,0.5769650250332745,-15.933121050389818,-0.35433597022333024,-0.28354922818133244,0.45382171014214173,-12.12995313251696
804,6.659179600000243,130.44457354208905,247.82960882342556,29.800463242015425,56.61743488043664,-15.889372011718724,0.22845306962807505,-0.17402275063195916,0.5776473290311301,-16.056670596796714,-0.24195087573134372,-0.253017340315577,0.35008284843381376,-11.579303568034929
805,6.6641208999999435,130.4318755022215,247.84299562016304,29.797562335829422,56.620493135243805,-16.289507703124997,0.22845306962807505,-0.17692365681796218,0.5745890742239652,-16.081380506078094,0.007608145165925506,-0.23205035296657142,0.23217504212291246,-9.516457921826051
806,6.675453700000162,130.45367200055537,247.84137558350756,29.80254181278094,56.62012303289695,-16.209262624609373,0.22845306962807505,-0.1719441798664434,0.5749591765708217,-16.22479172621562,0.2518499564319066,-0.15969432838155065,0.29821247303221204,-12.923875704042025
807,6.680177300000196,130.48334826747282,247.8431678399687,29.809321447053332,56.62053247938706,-16.353485825703125,0.22845306962807505,-0.16516454559405247,0.5745497300807116,-16.324537202665,0.5019228674610965,-0.20098432290710225,0.5406674235930955,-13.344738583105272
808,6.691273899999942,130.48911938498344,247.85218752883983,29.81063987656382,56.62259305499676,-16.382330465921875,0.22845306962807505,-0.16384611608356536,0.5724891544710076,-16.394038299908,0.6258295565362849,-0.1195242762877876,0.6371410255638248,-12.422647051112117
809,6.695921300000009,130.51156207280837,247.85516342884083,29.81576697748813,56.62327290848689,-16.388099393965625,0.22845306962807505,-0.15871901515925302,0.5718093009808811,-16.439992962715976,0.7024303082028702,-0.14147760379434415,0.716536286769462,-5.649340101265786
810,6.707460600000104,130.51320164491108,247.86585231961254,29.81614154276787,56.62571481839461,-16.637013189340003,0.22845306962807505,-0.15834444987951457,0.5693673910731576,-16.44918389527757,0.4041004124131408,-0.1491941673163764,0.4307621650907812,-6.896353740435664
811,6.71259740000005,130.53169320297582,247.86758612677812,29.820365995969965,56.62611091196373,-16.43903593864925,0.22845306962807505,-0.15411999667741938,0.5689712975040422,-16.500574083743015,0.5375353488800474,-0.13193045384755508,0.5534888399489335,-3.9106419137753785
812,6.723635800000011,130.5289689855584,247.8736386276418,29.819743640138622,56.627493624364966,-16.3994404885111,0.22845306962807505,-0.15474235250876234,0.5675885851028042,-16.510852121436105,0.3897421138545309,-0.09510102561323329,0.40117716832402983,-3.790469345763681
813,6.728350800000044,130.54519085478805,247.87568962517219,29.823449575959238,56.62796218104658,-16.639281408249097,0.22845306962807505,-0.1510364166881466,0.5671200284211935,-16.512907728974724,0.43030591398906143,-0.052342512512941156,0.43347770211410985,-1.989940400279928
814,6.739205900000343,130.56249858039624,247.8738906680118,29.82740357900271,56.62755120376116,-16.43948958243107,0.22845306962807505,-0.14708241364467511,0.5675310057066127,-16.562870852435573,0.17472937688774687,-0.10703192739699154,0.204905316255814,-2.921618285879124
815,6.755186100000174,130.57895624910296,247.8737384751084,29.83116338393768,56.6275164348252,-16.64729122703309,0.22845306962807505,-0.1433226087097026,0.5675657746425671,-16.622415479080868,0.2208535756469627,-0.085141825892002,0.23669692096069322,-0.021224009660741228
816,6.7597405000001345,130.56987562843784,247.88072709924586,29.829088888272608,56.62911300746188,-16.688851555953494,0.22845306962807505,-0.14539710437477638,0.5659692020058884,-16.584772402456803,-0.06856372069522973,-0.09981499735049215,0.12109507624859166,0.2791902003767266
817,6.771093600000313,130.57853458093757,247.88151295156928,29.831067052550935,56.62929253783744,-16.697163621737573,0.22845306962807505,-0.14341894009644918,0.565789671630327,-16.626795789085115,-0.20649515052589906,-0.13256261815361187,0.24538356693644753,0.8788871240625508
818,6.775454999999965,130.56591355246096,247.88481076352707,29.82818373985359,56.63004593310226,-16.451066025128764,0.22845306962807505,-0.14630225279379516,0.565036276365511,-16.635200466410772,-0.1586637720432209,-0.12118302385921256,0.19964848567080504,-0.44292630206237593
819,6.786588400000255,130.55005535344728,247.89094527511028,29.824560885610143,56.63144738110411,-16.64960651557263,0.22845306962807505,-0.14992510703724093,0.5636348283636607,-16.58732939992278,-0.11152428159929095,-0.05672029643092798,0.12511937265447862,1.639365570876783
820,6.790349800000058,130.55786677415284,247.88997264690258,29.826345428648484,56.63122518120446,-16.689314613661402,0.22845306962807505,-0.14814056399890063,0.563857028263314,-16.577755186625183,-0.31921977606410135,-0.10775574747686473,0.3369162604338248,0.9797835039918434
821,6.802546300000358,130.54613249554018,247.89148043589557,29.82366469667955,56.63156964022826,-16.44949622351353,0.22845306962807505,-0.1508212959678339,0.5635125692395135,-16.625392345918787,-0.15359480578833587,-0.06483453160928783,0.16671796800030989,3.056899554568136
822,6.806346900000335,130.53175483409012,247.8959887002825,29.820380075787213,56.63259956706614,-16.64929255524958,0.22845306962807505,-0.15410591686017128,0.5624826424016334,-16.58536777582438,0.058797736400584416,0.03388370252281753,0.06786220673163673,2.4133482828857047
823,6.819368700000268,130.54127534792684,247.89360243019757,29.822555066397648,56.63205441634028,-16.68925182159679,0.22845306962807505,-0.1519309262497366,0.563027793127489,-16.5773628618055,-0.0722841574488515,0.01214226601388466,0.07329688971601928,-0.3053617124725543
824,6.823344100000213,130.55409248810474,247.88720370813533,29.82548318141514,56.63059260864346,-16.449483665100608,0.22845306962807505,-0.14900281123224346,0.5644896008243094,-16.62531388095485,-0.17317228199884374,-0.02744697207967441,0.17533389726185147,-4.0748439064255315
825,6.835681500000192,130.54431917305158,247.8898841179518,29.823250437590804,56.631204956493896,-16.649290043567,0.22845306962807505,-0.15123555505658004,0.5638772529738745,-16.634904084784722,-0.05436635466458857,0.009914348339471035,0.05526296067450787,-4.4251035554266736
826,6.840080200000102,130.53037453203243,247.89423921796453,29.820064741545117,56.63219989246034,-16.689251319260276,0.22845306962807505,-0.15442125110226712,0.5628823170074284,-16.636822125550697,-0.21222091322472858,-0.03644768145042686,0.21532800443288738,-1.8603494616931222
827,6.851513200000227,130.51685190327177,247.89845223002823,29.816975455495307,56.63316236799867,-16.697243574398932,0.22845306962807505,-0.15751053715207775,0.5619198414690985,-16.686757735657018,-0.4023849917083193,-0.12268279226241774,0.42067178306775904,-2.356981555722573
828,6.85591820000036,130.50485384495857,247.90211473597384,29.81423446224408,56.63399907872448,-16.698842025426664,0.22845306962807505,-0.1602515304033041,0.5610831307432917,-16.696744857678283,-0.4552767743825275,-0.13803120966628202,0.47574105996234545,-2.272388616924227
829,6.866876900000079,130.49457588799746,247.90515896353446,29.811886431426807,56.63469454185535,-16.699161715632208,0.22845306962807505,-0.16259956122057773,0.5603876676124173,-16.698742282082534,-0.2480297725880588,-0.07329728743080065,0.2586334480201615,-0.8466456895788254
830,6.8712938000003305,130.48596391828843,247.90760230191876,29.809919000511236,56.635252730009384,-16.699225653673317,0.22845306962807505,-0.16456699213614812,0.5598294794583865,-16.699141766963383,-0.22394215408115958,-0.06292869817932191,0.2326157978922627,-0.09316823620671409
831,6.883057700000336,130.5020299200018,247.9025826433508,29.813589327919306,56.634105973601045,-16.69923844128154,0.22845306962807505,-0.16089666472807806,0.5609762358667254,-16.699221663939554,-0.12429838429540281,-0.031363799901327885,0.12819429114706385,3.79663677554173
832,6.887370000000374,130.49920285353562,247.90319311567168,29.812943475907062,56.63424543787668,-16.699240998803184,0.22845306962807505,-0.16154251674032238,0.5608367715910916,-16.64968564138166,-0.15303567133957727,-0.007878048074750621,0.1532383122584662,4.10030977114913
833,6.899443499999961,130.49264815601086,247.90489068614448,29.81144603513705,56.6346332530621,-16.699241510307512,0.22845306962807505,-0.1630399575103354,0.560448956405672,-16.639778436870085,0.0030108598826609906,0.04001130879220524,0.04012443281216842,4.244713321536636
834,6.904090200000155,130.48536754437382,247.90379301455368,29.809782757059796,56.63438248661774,-16.451481602842755,0.22845306962807505,-0.16470323558758793,0.5606997228500319,-16.63779699596777,0.16436130755376155,0.08761598954749403,0.18625574097237588,0.4268230804124886
835,6.915928200000053,130.50271624522432,247.89793387985912,29.81374612102315,56.6330439493114,-16.64968963111543,0.22845306962807505,-0.16073987162423364,0.5620382601563705,-16.637400707787307,0.1824571149868252,0.08990636646509068,0.20340539211208422,3.9512214341399856
836,6.920284199999969,130.5240478967553,247.89153669262103,29.81861940229564,56.63158249224987,-16.689331236769963,0.22845306962807505,-0.15586659035174577,0.5634997172179013,-16.587769448198088,0.11072905797367324,0.09796738006825534,0.14784631154403238,2.652544298299846
837,6.931704999999965,130.5210838430853,247.89258098101658,29.817942255136188,56.63182106313941,-16.697259557900868,0.22845306962807505,-0.1565437375111962,0.5632611463283581,-16.627395198233373,0.24013676387382787,0.1052763756757486,0.26219988680244677,2.0143165599742865
838,6.93591779999997,130.51218319221664,247.8924300658108,29.815908874123554,56.6317865860974,-16.451085212361424,0.22845306962807505,-0.15857711852383005,0.5632956233703723,-16.635320348240427,0.12299597660096424,0.06321428841028845,0.13828975565545001,-1.829878613347126
839,6.947336000000178,130.52663207124752,247.88790625302497,29.819209764890843,56.63075310718005,-16.64961035301916,0.22845306962807505,-0.15527622775654137,0.5643291022877222,-16.636905378241835,-0.04507613807638519,0.010643551159521215,0.046315692860699906,-0.6968502171679278
840,6.9518308000001525,130.52169555443297,247.88981942824648,29.818082002471286,56.63119017793214,-16.689315381150706,0.22845306962807505,-0.15640399017609852,0.5638920315356302,-16.63722238424212,-0.10401870669468022,-0.012796092569666458,0.10480282118094619,-1.4829630206175872
841,6.9635338000002776,130.5359567255223,247.8860977403624,29.82134001078314,56.63033994691083,-16.697256386777017,0.22845306962807505,-0.15314598186424533,0.5647422625569405,-16.6868377873953,-0.045183266733828206,-0.027615916365256198,0.05295438064441026,-2.277829615764619
842,6.967466200000217,130.52986320481807,247.88847466092068,29.819947927273414,56.63088296170863,-16.69884458790228,0.22845306962807505,-0.15453806537396986,0.5641992477591415,-16.696760868025937,-0.0641106277542099,-0.03540883562727162,0.0732390485432328,-2.307962856854104
843,6.979798600000322,130.51968809124358,247.89203291083564,29.817623391343506,56.6316958548242,-16.69916222812733,0.22845306962807505,-0.15686260130387808,0.5633863546435691,-16.698745484152063,0.16705302974514882,0.03409499489474851,0.17049687218217965,-0.9034685577217919
844,6.995028100000127,130.53265105723472,247.88859660661515,29.820584820715666,56.63091082057686,-16.699225756172343,0.22845306962807505,-0.15390117193171804,0.5641713888909123,-16.699142407377288,0.08375299849275569,0.009958250335715558,0.08434293987214529,-0.06856821188446938
845,6.999269899999945,130.5494530475118,247.88394953617527,29.82442328697033,56.629849183070085,-16.699238461781345,0.22845306962807505,-0.1500627056770547,0.565233026397685,-16.699221792022335,0.27866230439708645,0.07160096640063918,0.28771405645432047,1.360974401561876
846,7.011270800000148,130.54219800919242,247.8864727661239,29.822765851195996,56.63042562269723,-16.699241002903143,0.22845306962807505,-0.15172014145138846,0.5646565867705391,-16.649685666998217,0.3664418753035059,0.11010212288543302,0.3826253068470892,6.257150239502136
847,7.0153260000001865,130.55321307651684,247.88345290832785,29.82528227713842,56.629735726913886,-16.699241511127504,0.22845306962807505,-0.14920371550896405,0.5653464825538848,-16.59022644004027,0.4560217122777218,0.17169879715103542,0.4872743365003104,6.604925671826566
848,7.026932200000374,130.56593464730304,247.8770216743476,29.828188559035016,56.628266491769594,-16.45148160300675,0.22845306962807505,-0.1462974336123679,0.5668157176981765,-16.578334594648677,0.3189224643797096,0.1345080377767633,0.34612707278192256,5.421137658624985
849,7.031058900000062,130.5775378915621,247.87052723865526,29.83083935580364,56.62678281800018,-16.4019296213826,0.22845306962807505,-0.14364663684374435,0.5682993914675905,-16.57595622557036,0.44845611850734224,0.16610733494534666,0.47823063154645057,2.921916690973972
850,7.042515200000253,130.58854111961904,247.86730145688063,29.83335307702907,56.626045878251816,-16.639779234823397,0.22845306962807505,-0.14113291561831431,0.5690363312159548,-16.4938741064422,0.2572960452216932,0.14714531116597576,0.29640006323355506,3.877279877008821
851,7.046734600000036,130.59795238805907,247.86527049361467,29.83550311019329,56.62558189845941,-16.687349157511555,0.22845306962807505,-0.13898288245409418,0.5695003110083618,-16.477457682616567,0.22591945670799557,0.16018529563828635,0.27694571644631205,2.4313849620295227
852,7.059035700000095,130.57990038949524,247.86121508434115,29.83137907570846,56.62465542776228,-16.288830915486685,0.22845306962807505,-0.14310691693892608,0.5704267817054927,-16.523726399804563,0.03222987492570942,0.06312082865260314,0.0708731532212174,8.157419604655367
853,7.063610400000016,130.58177319307694,247.85737454134897,29.83180692343551,56.62377804392667,-16.36939948387859,0.22845306962807505,-0.1426790692118729,0.5713041655411004,-16.412364908867165,-0.45061738201663176,0.08384635339485685,0.45835165097677816,8.973750746884528
854,7.074939699999959,130.5656016844997,247.86361273934114,29.828112492660527,56.62520317940693,-16.633273207322596,0.22845306962807505,-0.14637349998685778,0.5698790300608394,-16.34054060872656,-0.547787276307088,0.07463189655289303,0.5528479176654459,8.9925550138981
855,7.079714299999978,130.51973065183782,247.86010255617316,29.817633114441907,56.62440126728725,-16.082971780136393,0.22845306962807505,-0.156852878205477,0.5706809421805232,-16.35823019205781,-0.5939151500510881,0.017524485595909245,0.5941736388090672,0.7733326738047168
856,7.090954300000249,130.5208971710161,247.8569590802054,29.81789960932896,56.62368313055311,-16.32822765680853,0.22845306962807505,-0.15658638331842312,0.5713990789146592,-16.36176810872406,-0.5728885872181559,-0.0159296237062717,0.5731100123678159,-1.3932719140543004
857,7.095373399999971,130.50995070266612,247.86102550613532,29.815398855032825,56.62461211803922,-16.377278832142956,0.22845306962807505,-0.15908713761455928,0.5704700914285539,-16.36247569205731,-0.35890134787658756,0.006761498885423971,0.3589650336381092,-3.494161460627194
858,7.107439900000372,130.52044345569584,247.85973040607485,29.817795956671315,56.624316248454925,-16.387089067209843,0.22845306962807505,-0.15669003597606945,0.5707659610128459,-16.48323244309896,0.14373305700016165,-0.029546884828359998,0.1467385773328612,-5.06206183125523
859,7.112252400000216,130.5361129086017,247.85999027974137,29.82137569128705,56.624375617391756,-16.636811123988846,0.22845306962807505,-0.15311030136033565,0.5707065920760144,-16.507383793307294,0.24733783730289294,-0.02729903091609733,0.24883979354321603,-5.153775859877662
860,7.123349800000142,130.5515773604512,247.86065034093144,29.824908592782183,56.624526410396776,-16.686755535344645,0.22845306962807505,-0.14957739986520124,0.5705557990709949,-16.512214063348956,0.4098781738433872,0.024171867326081817,0.41059030256841145,-1.8773866917700361
861,7.128763800000343,130.56441564138234,247.85886986062349,29.82784153746965,56.62411965420501,-16.44898440785018,0.22845306962807505,-0.14664445517773572,0.57096255526276,-16.513180117357294,0.3132911368402195,-0.008072747793052566,0.3133951270833153,-0.2109491282105425
862,7.138853300000392,130.5753156413026,247.85678823541954,29.830331675910383,56.623644100537355,-16.401430182351287,0.22845306962807505,-0.1441543167370014,0.5714381089304155,-16.513373328158963,0.19200331992565656,-0.011217922711809769,0.19233074806811873,-0.06947276511855259
863,7.14242060000015,130.57087663981784,247.85892285841544,29.8293175723951,56.624131761713265,-16.391919337251508,0.22845306962807505,-0.14516842025228271,0.5709504477545053,-16.513411970319297,-0.04922583570908223,-0.1091867690956052,0.11977033625566291,-1.410259322667965
864,7.154218300000139,130.577972303265,247.86037204150816,29.830938598490654,56.62446283203925,-16.63777717799718,0.22845306962807505,-0.14354739415673023,0.5706193774285211,-16.562971700704487,-0.13895208290156152,-0.13099899079307747,0.1909670571891582,-2.2978589989637115
865,7.157914100000198,130.5636100496932,247.86851631970322,29.8276574975754,56.62632341739282,-16.686948746146314,0.22845306962807505,-0.1468284950719827,0.5687587920749522,-16.572883646781527,-0.4436265693907761,0.07597013011128453,0.45008442956689204,-3.6379588004531245
866,7.170698200000061,130.56881999289206,247.8704150601504,29.828847725091766,56.626757190476404,-16.696783059776138,0.22845306962807505,-0.14563826755561848,0.5683250189913664,-16.624418037950058,-0.3681726610585925,0.11222212246237137,0.3848959770131726,-3.126600618880465
867,7.174563200000193,130.5472228510062,247.85210999062355,29.823913791732753,56.62257534115324,-16.45098991273648,0.22845306962807505,-0.15057220091463108,0.5725068683145338,-16.634724916183767,-0.27729588410167794,0.10164823038170225,0.2953394150455757,-0.9593149897962507
868,7.186995600000046,130.55228346543709,247.84968521249965,29.82506990463369,56.62202139314766,-16.649591293094172,0.22845306962807505,-0.14941608801369455,0.5730608163201083,-16.587234289877383,-0.25159314772012764,0.16732070878692232,0.3021511733696893,5.219061599873177
869,7.191066900000351,130.56282977749208,247.85112751040032,29.82747924199591,56.62235089053039,-16.68931156916571,0.22845306962807505,-0.1470067506514745,0.5727313189373788,-16.52818416266298,-0.33218882576005193,0.16626723147218284,0.3714757168662126,6.459680547769288
870,7.20225980000032,130.5256294719609,247.85970494278564,29.81898071800621,56.62431043128834,-16.449495614614392,0.22845306962807505,-0.15550527464117536,0.5707717781794273,-16.516374137220097,0.022563202074104394,-0.03848661973455361,0.04461298002183894,5.236316936090285
871,7.218025699999998,130.5042444346406,247.86241006138,29.814095240586276,56.62492842393493,-16.40153242370413,0.22845306962807505,-0.1603907520611081,0.5701537855328382,-16.51401213213152,0.06420519887747651,-0.050346629746675024,0.08159099637671484,0.4415341630230898
872,7.221973900000194,130.51283707911915,247.86140405953444,29.81605825659362,56.624698599725264,-16.391939785522077,0.22845306962807505,-0.15842773605376337,0.5703836097425068,-16.513539731113806,0.14039674886750036,-0.047328261363325574,0.14815941217566714,0.09243315901184261
873,7.234036600000309,130.52874103857863,247.86218252733477,29.81969156495138,56.624876443083856,-16.63778126765129,0.22845306962807505,-0.15479442769600382,0.5702057663839142,-16.51344525091026,0.2612678134695295,-0.03013432722828923,0.262999901202739,-4.288496509992283
874,7.237848900000245,130.54497365075792,247.86328122753682,29.82339995503182,56.62512744451762,-16.686949564077135,0.22845306962807505,-0.15108603761556338,0.569954764950154,-16.56297835682268,0.1438747805043068,-0.13703967930943642,0.19869530988525028,-4.576263416607606
875,7.251170500000171,130.53593976278714,247.86847686206,29.82133613559422,56.6263144031731,-16.44902321359668,0.22845306962807505,-0.1531498570531653,0.568767806294673,-16.572884978005163,-0.011437941362335141,-0.15183826925713473,0.152268468546874,-4.777545046818504
876,7.254494799999975,130.52288951223,247.87682533123765,29.818354765795025,56.62822163658343,-16.64919795326621,0.22845306962807505,-0.15613122685235936,0.5668605728843374,-16.574866302241656,0.08277281074695511,-0.14035413352041745,0.16294361293164705,-0.45757212877780745
877,7.266483600000356,130.50822863416101,247.87765359843442,29.815005443196725,56.628410856767005,-16.441472891434493,0.22845306962807505,-0.15948054945065948,0.5666713527007659,-16.575262567088956,-0.052548289864808306,-0.12353203421164201,0.13424412927268814,-0.2172664589161659
878,7.269969700000274,130.52001293856955,247.87700235834885,29.817697603712286,56.628262078970394,-16.647687888833776,0.22845306962807505,-0.15678838893509806,0.5668201304973763,-16.57534182005842,-0.10376883763325973,-0.13875416588155423,0.1732647979632438,-0.019004864444869842
879,7.282880700000078,130.53674914528693,247.87596979735088,29.821521041510803,56.62802618724083,-16.68893088831363,0.22845306962807505,-0.15296495113658182,0.567056022226943,-16.57535767065231,0.11806850281869699,-0.021852586723434847,0.12007375610163072,-3.940375619227307
880,7.287081299999954,130.52919155878266,247.8790075555389,29.81979448767492,56.62872017242367,-16.44941947844398,0.22845306962807505,-0.1546915049724653,0.5663620370441009,-16.624912842724218,0.3282596563046636,-0.003756179938916006,0.32828114603947234,-2.8774190889555715
881,7.299601600000187,130.54082907866052,247.87841659225387,29.822453114813875,56.62858516504716,-16.649277206235674,0.22845306962807505,-0.15203287783350916,0.5664970444206077,-16.58527187518547,0.22805461265490018,0.0050171474578866344,0.22810979400672549,-2.272514878275309
882,7.303973400000359,130.55559453773154,247.87698711315136,29.825826329263116,56.628258596158226,-16.68924875179401,0.22845306962807505,-0.14865966338426873,0.5668236133095448,-16.57734368167772,0.3243667836850074,0.024475667024934793,0.32528890026324575,1.7088510762630424
883,7.3147650000000795,130.5684068436614,247.87289896944995,29.828753339881807,56.62732464718056,-16.449483051140053,0.22845306962807505,-0.14573265276557734,0.5677575622872126,-16.57575804297617,0.4396198315400733,0.07050454601601824,0.4452375627597555,0.683366001488622
884,7.318301199999951,130.58044475901104,247.8711101793742,29.83150343859536,56.626915992596835,-16.649289920774887,0.22845306962807505,-0.14298255405202553,0.5681662168709352,-16.575440915235855,0.3896383871878417,0.40192876614187834,0.5597899658109952,0.08051666942205399
885,7.331148300000223,130.58973704424494,247.86745863615215,29.8336262896809,56.62608178633888,-16.441491284936227,0.22845306962807505,-0.14085970296648398,0.569000423128891,-16.575377489687792,0.25929684127867375,0.4039303908374637,0.47999438802886424,0.032503280198344905
886,7.335533800000121,130.58901598713544,247.83544070884273,29.833461561970857,56.61876719256191,-16.64769156753412,0.22845306962807505,-0.14102443067652715,0.5763150169058591,-16.575364804578182,0.014929060339173822,0.3118294102932352,0.31218657557050317,1.4473275076538665
887,7.34696729999996,130.5950155324284,247.83120133321654,29.834832176509405,56.6177986941868,-16.6889316240537,0.22845306962807505,-0.13965381613797945,0.5772835152809677,-16.525810265603138,-0.13431547733769922,0.2805692075315119,0.31106225689934575,-1.7341275655510888
888,7.351122800000212,130.57772422002117,247.83800358037445,29.830881923112077,56.619352688430396,-16.44941962559199,0.22845306962807505,-0.14360406953530713,0.5757295210373741,-16.565451359761255,-0.17768502362691052,0.20697833051896333,0.27278562448507615,-1.9511430449890517
889,7.363354800000252,130.57940954011272,247.8401847940194,29.8312669396603,56.619850993383096,-16.40151722589965,0.22845306962807505,-0.14321905298708515,0.5752312160846742,-16.573379578592878,-0.14675243128052198,-0.14248713268345994,0.20454549388118587,-3.51284787584085
890,7.3678727999999865,130.5783889145692,247.84617748512593,29.831033774621936,56.62122004206172,-16.639696755726806,0.22845306962807505,-0.14345221802544827,0.5738621674060482,-16.574965222359204,-0.09219803222038384,-0.19771693993193998,0.21815697440458165,-0.3420108082436849
891,7.379654500000015,130.58442800867158,247.85027346674048,29.832413424207402,56.6221557816347,-16.68733266169224,0.22845306962807505,-0.14207256843998195,0.5729264278330675,-16.575282351112467,0.11712904002667576,-0.12431093752853527,0.1707993595034654,-0.1312345603135123
892,7.383662400000048,130.59131650534172,247.85363205687065,29.83398712241682,56.62292306185957,-16.696859842885324,0.22845306962807505,-0.14049887023056584,0.572159147608204,-16.575345776863116,0.15159278626746725,-0.11305755784507218,0.1891094504096129,1.3381329820141317
893,7.395872800000234,130.59644896886473,247.85400249663954,29.835159649463403,56.62300768996188,-16.451005269358316,0.22845306962807505,-0.1393263431839813,0.5720745195058896,-16.525806460060124,0.17481997763310003,-0.050703734295735346,0.18202443036903074,2.076144677461615
894,7.400402900000245,130.60049011086852,247.85369456336886,29.83608286075897,56.62293734166095,-16.401834354652912,0.22845306962807505,-0.13840313188841336,0.57214486780682,-16.515898596699525,0.18934900710850033,-0.05742133042545182,0.1978642354767628,2.1400033377627983
895,7.411677800000234,130.6036747738109,247.8532628132055,29.83681040678389,56.62283870701082,-16.39200017171183,0.22845306962807505,-0.13767558586349438,0.5722435024569492,-16.51391702402741,0.03361094095479435,-0.055439822866299046,0.06483262536187538,-3.029108748065723
896,7.415970800000196,130.60724040976132,247.85538647356503,29.83762498726194,56.623323863738804,-16.637793344889243,0.22845306962807505,-0.13686100538544466,0.5717583457289663,-16.563072711446107,-0.00843051176874187,0.008047235456628277,0.011654678338646265,-5.425352103003943
897,7.42784359999996,130.58717768666884,247.86482089207288,29.833041596586362,56.62547918560708,-16.686951979524725,0.22845306962807505,-0.1414443960610221,0.5696030238606937,-16.622455850882975,-0.019394722341424968,0.018655976772947523,0.026910977761012814,-6.878430917831467
898,7.442527200000313,130.57983885526096,247.84486351769596,29.83136501802375,56.620919862168954,-16.69678370645182,0.22845306962807505,-0.14312097462363482,0.5741623472988167,-16.683884480723474,-0.012678788915333715,0.005955122046296744,0.014007682425936084,-3.9143417420170046
899,7.447330200000124,130.58297088324883,247.84342184255877,29.832080539431743,56.62059050705845,-16.69875005183724,0.22845306962807505,-0.14240545321564113,0.5744917024093183,-16.696170206691573,-0.004532426870092407,-0.0042705153342903895,0.006227374611595565,-2.315072468295315
900,7.459386600000016,130.58814842149582,247.84631154584477,29.83326336393738,56.62125066864446,-16.699143320914324,0.22845306962807505,-0.14122262871000402,0.5738315408233134,-16.698627351885193,0.0912879709757467,0.017680229439104835,0.09298432210802078,2.2966571718233064
901,7.464469700000336,130.5932765768095,247.84996365916626,29.834434906760322,56.62208500514338,-16.699221974729742,0.22845306962807505,-0.1400510858870625,0.5729972043243876,-16.649566778970794,0.1429163723894069,-0.05085795516126443,0.15169581767515153,4.914481291278793
902,7.475679900000159,130.59784306998364,247.85348594042634,29.83547813614339,56.622889681109335,-16.699237705492823,0.22845306962807505,-0.13900785650399428,0.5721925283584355,-16.590202662434788,0.12177845843479145,-0.06416934838443697,0.13765063825074503,5.869155689469402
903,7.480143000000226,130.6006555306795,247.85411474072183,29.836120651422565,56.623033332467024,-16.451480841879814,0.22845306962807505,-0.13836534122481936,0.5720488770007464,-16.578329839127584,0.12787553943652247,-0.07533219632793692,0.14841527343832386,2.725773764834146
904,7.49086060000036,130.6026861605019,247.85402017077615,29.836584555038772,56.62301172767264,-16.401929469157214,0.22845306962807505,-0.13790143760861184,0.5720704817951301,-16.575955274466143,0.09173591870884329,-0.05306916071161979,0.10598025570827442,4.505734021443761
905,7.4955644000001485,130.60533386312352,247.8562967907409,29.837189430830144,56.62353182849197,-16.639779204378318,0.22845306962807505,-0.13729656181724081,0.5715503809758005,-16.52592835958073,0.0819784273920503,-0.03674301687827128,0.0898360275557117,2.428544693640292
906,7.506637700000283,130.60774673482385,247.85885721770475,29.837740658776703,56.624116765891415,-16.687349151422538,0.22845306962807505,-0.13674533387068166,0.5709654435763554,-16.56547497855677,0.058644441828551955,-0.03674761692546595,0.06920663195881739,-1.87360760326183
907,7.511167600000135,130.60862461095206,247.85866190574455,29.83794121227295,56.62407214627457,-16.44910313106576,0.22845306962807505,-0.13654478037443596,0.5710100631931994,-16.622936304305107,0.061759540355710366,-0.054650604927609925,0.08246774790123906,-5.738205335143098
908,7.523159100000157,130.6100571537146,247.86035257970764,29.83826848106442,56.62445838593118,-16.649213936760027,0.22845306962807505,-0.1362175115829629,0.570623823536593,-16.634428569454773,0.04007904546896917,-0.03940169318045601,0.05620341013844705,-4.701357584294744
909,7.52814699999999,130.61134226084076,247.862262980132,29.838562067732195,56.62489482277234,-16.68923609789888,0.22845306962807505,-0.1359239249151898,0.5701873866954301,-16.636727022484706,0.037423759131258845,-0.04314136118728637,0.05711142436156166,-1.9348109713220438
910,7.539551500000016,130.6123501831301,247.86397654215213,29.838792330673144,56.62528629127584,-16.697240530126653,0.22845306962807505,-0.1356936619742406,0.5697959181919288,-16.686738715043816,0.03049498433732662,-0.04969529007886674,0.058305796673714244,1.259875785969943
911,7.544136600000002,130.6130828155579,247.8654120127353,29.83895970280018,56.625614228936925,-16.698841416572208,0.22845306962807505,-0.13552628984720272,0.5694679805308454,-16.64718905160251,0.01744809861172193,-0.02840058815082263,0.03333210993137127,1.6392951274812602
912,7.555812600000081,130.61357496414337,247.86658341089867,29.839072135655243,56.62588183844311,-16.69916159386132,0.22845306962807505,-0.13541385699214104,0.5692003710246638,-16.639279118914253,0.005578291258610489,-0.012497342459259066,0.013685791972329905,3.206973797215413
913,7.560790900000029,130.6127481416706,247.86496509710943,29.838883245523306,56.625512129690335,-16.451465619553513,0.22845306962807505,-0.1356027471240786,0.569570079777435,-16.637697132376598,0.002308400832427189,-0.012346166870687476,0.012560117467683634,0.3413135656747892
914,7.57181060000039,130.61272454152117,247.86535016099612,29.838877853996724,56.62560009871725,-16.64968643445758,0.22845306962807505,-0.13560813865066024,0.5694821107505206,-16.63738073506907,-0.004845885123181157,-0.0011703382591004962,0.004985207545106105,0.11963668298715519
915,7.576904900000045,130.61281019421818,247.8660987402002,29.838897421618277,56.62577111393428,-16.689330597438392,0.22845306962807505,-0.13558857102910693,0.569311095533493,-16.63731745560756,-0.2591073388219192,-0.0785264815358943,0.2707453071315992,-1.596727406384928
916,7.5871587000001455,130.61284305148422,247.86680086913208,29.83890492796156,56.625931517444045,-16.697259430034556,0.22845306962807505,-0.1355810646858231,0.5691506920237259,-16.686856801668384,-0.3491088827577439,-0.12419480889978336,0.370541984905913,1.5440371009072569
917,7.591353400000116,130.58967697991207,247.87432350829863,29.83361256779968,56.62765008745335,-16.698845196553787,0.22845306962807505,-0.1408734248477046,0.5674321220144236,-16.647212668927427,-0.6167901150656186,-0.17344093706948116,0.6407119514213847,1.7564264505940501
918,7.603559300000143,130.56360653135496,247.88255563903755,29.82765669380023,56.629530742990234,-16.699162349857634,0.22845306962807505,-0.14682929884715534,0.5655514664775367,-16.63928384237924,-0.6083532589172903,-0.16312875967247145,0.6298449649457926,3.4922745387549594
919,7.607774200000222,130.53890425735045,247.88724581283554,29.822013383477106,56.630602227591474,-16.451465770752776,0.22845306962807505,-0.15247260917027816,0.5644799818762962,-16.6376980770696,-0.7649969291034232,-0.2107089701059995,0.7934850796459874,0.35132124103308715
920,7.619042499999978,130.5411744285954,247.88635841976162,29.822532011066595,56.63039949991977,-16.64968646469743,0.22845306962807505,-0.15195398158078888,0.564682709548002,-16.63738092400768,-0.5767268820985334,-0.14957521522049017,0.5958075541173942,4.021899142731804
921,7.623297200000252,130.5266014379594,247.89108041914938,29.81920276662214,56.631478255174684,-16.68933060348636,0.22845306962807505,-0.1552832260252437,0.563603954293086,-16.587765491442163,-0.6477737934941885,-0.14047224717774387,0.6628297969803536,2.768906347879073
922,7.635012200000347,130.5101751397633,247.8964151243186,29.815450128376614,56.63269698494615,-16.69725943124415,0.22845306962807505,-0.15903586427076988,0.5623852245216199,-16.627394406882186,-0.4284125603577259,-0.10385885358549896,0.44082194062949753,6.079635097981145
923,7.6391914000000725,130.49475035842715,247.8984011138433,29.81192628973203,56.63315069034932,-16.45108518703008,0.22845306962807505,-0.16255970291535604,0.5619315191184526,-16.585768188017063,-0.30407165125446844,-0.04160326684356967,0.30690454690127406,2.4304661950053443
924,7.6508544000002985,130.48239120288804,247.90203329237684,29.80910280271111,56.63398047268475,-16.649610347952894,0.22845306962807505,-0.165383189936275,0.5611017367830229,-16.57744294424404,-0.07878294478798405,0.028825941321351335,0.08389092491162875,3.690774533759366
925,7.655036099999961,130.49461360882748,247.8960062173813,29.811895048866212,56.63260356890114,-16.44155537037183,0.22845306962807505,-0.16259094378117211,0.5624786405666313,-16.575777895489434,0.038478861319277316,0.06322691935967953,0.0740153099037192,-0.984279365254339
926,7.667144600000029,130.51284407603498,247.89078011879846,29.81605985506052,56.63140965063771,-16.647704384621242,0.22845306962807505,-0.15842613758686497,0.5636725588300635,-16.62499688769164,0.36517382673937404,0.12401674573539766,0.38565797924881146,-0.37704097330972575
927,7.682805300000382,130.53107738253414,247.88612047525626,29.820225309899723,56.63034514076712,-16.688934187471126,0.22845306962807505,-0.1542606827476618,0.5647370687006514,-16.58528868417896,0.46851367491210016,0.16295981499562665,0.49604532543211205,-3.382794652684922
928,7.687633000000005,130.5477778905554,247.8819915445953,29.824040592221532,56.62940187388334,-16.697180148041102,0.22845306962807505,-0.15044540042585197,0.5656803355844318,-16.626899045429543,0.21681407129037883,0.0574821117785311,0.22430455787618095,-2.271916871846282
929,7.698998900000333,130.56144016966033,247.87584380289687,29.827161781821165,56.627997403421055,-16.451069330389473,0.22845306962807505,-0.14732421082621983,0.5670848060467151,-16.63522111767966,0.08894629960401335,0.01657178415546764,0.09047689342225623,-3.2541743828270513
930,7.703046200000244,130.55097405608694,247.87935371195468,29.82477076604825,56.62879925291942,-16.64960717662477,0.22845306962807505,-0.1497152265991346,0.5662829565483491,-16.636885532129682,0.15446603639154333,0.025861246785419692,0.1566159649710398,-0.39074019832585943
931,7.7146113000003425,130.53602079673658,247.8847172732035,29.821354648048715,56.63002457495086,-16.68931474587183,0.22845306962807505,-0.15313134459866973,0.5650576345169114,-16.637218415019685,0.041757108680827694,-0.002535850205502047,0.04183403711868125,-5.14456735644039
932,7.71792060000007,130.54461921285602,247.88305981146493,29.82331898260514,56.62964592272889,-16.697256259721243,0.22845306962807505,-0.15116701004224353,0.5654362867388798,-16.686836993550813,-0.1494512024891851,-0.07784626806024192,0.1685102470960459,-5.259400921137113
933,7.73105170000008,130.5576521481847,247.87999041673342,29.82629639668724,56.628944710080575,-16.698844562491125,0.22845306962807505,-0.1481895959601438,0.5661374993871959,-16.69676070925704,-0.08309769201536991,-0.0559710697499881,0.10018975530082558,-5.439235530497261
934,7.734544200000073,130.54723469231962,247.88385792522828,29.82391649691715,56.62982825426804,-16.6991622230451,0.22845306962807505,-0.1505694957302346,0.5652539551997293,-16.698745452398285,0.0742180576583663,-0.01120202148105275,0.07505867949706117,-0.45153908030310647
935,7.747521200000392,130.53252247923226,247.8888988990317,29.820555446676316,56.63097988020734,-16.699225755155897,0.22845306962807505,-0.15393054597106826,0.5641023292604288,-16.69914240102653,0.006730893019526278,-0.020366078642027212,0.02144952400622318,-0.20601089441756165
936,7.751665400000093,130.54143292693698,247.88676024721886,29.822591065806222,56.63049129863583,-16.699238461578055,0.22845306962807505,-0.15189492684116246,0.5645909108319387,-16.699221790752183,0.11398728588890317,0.010612836672215069,0.11448027623372357,-0.0170259035708762
937,7.763583500000095,130.5547956401815,247.88318145584768,29.825643818665494,56.62967371276153,-16.699241002862486,0.22845306962807505,-0.14884217398189037,0.5654084967062403,-16.699237668697315,0.2065908234068155,0.047087362486185495,0.2118890936830196,-0.007100708986421532
938,7.767489300000307,130.5678409083364,247.8796202846162,29.8286240502196,56.62886015226223,-16.699241511119375,0.22845306962807505,-0.1458619424277856,0.5662220572055432,-16.69924084428634,0.07562916259115698,0.007677880527114225,0.07601789318067358,-0.0007326278112829903
939,7.77956740000036,130.55629357058996,247.88335340489428,29.825986025465394,56.62971299504905,-16.699241612770752,0.22845306962807505,-0.14849996718199066,0.5653692144187232,-16.699241479404144,0.008498467146566824,-0.007175743383711965,0.011122735138002778,-0.0002990967992833009
940,7.783579300000383,130.54024603058696,247.88837222573528,29.82231991569173,56.63085956007609,-16.699241633101025,0.22845306962807505,-0.15216607695565543,0.5642226493916809,-16.699241606427705,-0.1878847400237944,-0.06576548635013446,0.19906223832931885,-2.884023386074552e-05
941,7.794747400000233,130.54784989876003,247.88623947977368,29.824057042716916,56.63037232771442,-16.69924163716708,0.22845306962807505,-0.1504289499304683,0.5647098817533518,-16.699241631832418,-0.39116928952272356,-0.12283478780279612,0.41000219287251416,-1.1802466948802126e-05
942,7.798201600000084,130.5368762625318,247.88963161676958,29.821550081835593,56.631147271823735,-16.699241637980293,0.22845306962807505,-0.1529359108117916,0.563934937644035,-16.699241636913364,-0.49035760710692655,-0.15187740041236114,0.5133393883228206,-1.2753961921515734e-06
943,7.810827499999959,130.52287186714662,247.89388999037402,29.818350734721566,56.63212011034529,-16.699241638142936,0.22845306962807505,-0.1561352579258184,0.5629620991224797,-16.699241637929553,-0.35187397397906695,-0.10798111811958318,0.3680695796098564,-5.332129294472918e-07
944,7.815043400000377,130.50968906664016,247.89787282718333,29.815339083479568,56.63303000164021,-16.699241638175465,0.22845306962807505,-0.15914690916781637,0.5620522078275627,-16.69924163813279,-0.49301828084102467,-0.14946758919789147,0.5151772369428497,-4.403896224429274e-08
945,7.826911399999972,130.4981879526952,247.90131757203022,29.8127116186947,56.633816964174564,-16.69924163818197,0.22845306962807505,-0.16177437395268512,0.5612652452932068,-16.69924163817344,-0.380080930898999,-0.11411156135449255,0.3968412308062379,-1.7883479702221094e-08
946,7.830937500000346,130.488491995498,247.90420436248996,29.81049654751002,56.63447646031646,-16.69924163818327,0.22845306962807505,-0.16398944513736424,0.560605749151307,-16.699241638181565,-0.3999782346989078,-0.11925580564405737,0.41737816834696534,-1.8623183367376432e-09
947,7.842263100000309,130.48050617758543,247.90656256523187,29.8086721628944,56.63501519897166,-16.69924163818353,0.22845306962807505,-0.16581382975298453,0.5600670104961125,-16.699241638183192,-0.18636987465085625,-0.05467634414566329,0.19422469664414688,-7.464955495402852e-10
948,7.846422800000255,130.4740808595819,247.9084338541986,29.807204279273158,56.635442700680265,-16.699241638183583,0.22845306962807505,-0.16728171337422637,0.5596395087875052,-16.699241638183516,0.10515057154246854,0.03336882705079747,0.11031827280398215,-7.561898438384637e-11
949,7.858121600000231,130.49219270024705,247.9029507487059,29.811341984869724,56.63419006839937,-16.699241638183594,0.22845306962807505,-0.16314400777766025,0.5608921410684005,-16.69924163818358,0.20710840250379361,0.0639162939579517,0.21674681778746527,-2.8885702327518422e-11
950,7.8622174000001905,130.51435600587232,247.8962470255554,29.816405260072923,56.6326585822677,-16.699241638183594,0.22845306962807505,-0.15808073257446154,0.5624236272000687,-16.699241638183594,0.41835986761179317,0.1277814817016589,0.4374392368021283,-2.978630120782793e-12
951,7.873923200000263,130.5122865112337,247.89681413675993,29.815932477670152,56.63278814056319,-16.699241638183594,0.22845306962807505,-0.1585535149772319,0.5622940689045777,-16.699241638183594,0.47043907949997976,0.14304740711227168,0.4917067095356054,-1.1565387889499664e-12
952,7.877979300000334,130.52817996521077,247.89198917872125,29.819563386018206,56.63168586408843,-16.699241638183594,0.22845306962807505,-0.154922606629178,0.5633963453793385,-16.699241638183594,0.3738823420920165,0.11405929225923428,0.3908932435830646,1.9637461897656676
953,7.889903000000231,130.52335282211322,247.89336930395766,29.818460610360038,56.63200115793516,-16.699241638183594,0.22845306962807505,-0.1560253822873463,0.5630810515326132,-16.62899627685547,-0.0013058176985049352,0.12090068493953729,0.12090773663711925,2.255920238543844
954,7.905931199999941,130.5142953893662,247.89602604180973,29.81639141204603,56.63260809785266,-16.699241638183594,0.22845306962807505,-0.15809458060135384,0.56247411161511,-16.614947204589846,-0.02338211636303436,0.11903774599320445,0.12131244098095273,2.473179532832321
955,7.910242200000084,130.50222344450953,247.88832459516922,29.81363353918714,56.63084867872706,-16.34801483154297,0.22845306962807505,-0.1608524534602438,0.564233530740708,-16.61213739013672,-0.2625583425099662,0.03783155840893239,0.2652698815041564,1.7892383572762143
956,7.923294700000042,130.4936092974067,247.88948913829427,29.811665610839274,56.631114722178694,-16.62899627685547,0.22845306962807505,-0.16282038180811043,0.5639674872890765,-16.56202342529297,-0.16869863936598184,0.07185479282128794,0.1833639609501382,2.136256737827343
957,7.928521499999988,130.48672935071886,247.89256118838216,29.81009386589956,56.63181654145132,-16.68519256591797,0.22845306962807505,-0.1643921267478241,0.5632656680164487,-16.55200063232422,0.06731000459227454,0.1303597340965033,0.14671161164653282,-0.3709009059131545
958,7.938455100000283,130.50311391726956,247.88631397263265,29.813836970422592,56.63038934583672,-16.448671813964843,0.22845306962807505,-0.16064902222479205,0.564692863631052,-16.620241435058595,0.18422122270995578,0.03873436026686425,0.18824932818481546,-2.63659536627989
959,7.943069599999944,130.52434186432714,247.88117016796286,29.818686560089798,56.62921422787034,-16.649127673339844,0.22845306962807505,-0.15579943255758621,0.5658679815974281,-16.63388959560547,0.38087131536871915,0.0733061533473359,0.38786176788809884,-3.351902683495019
960,7.955023600000004,130.521454881365,247.88378665209814,29.818027019970135,56.62981197170267,-16.689218845214846,0.22845306962807505,-0.15645897267724962,0.5652702377650982,-16.636619227714846,0.41777570202272307,0.08659941569775023,0.4266567660306946,-5.105812319941774
961,7.959153199999946,130.53650309412055,247.8810304337765,29.821464830366555,56.62918230516653,-16.697237079589847,0.22845306962807505,-0.15302116228082951,0.56589990430124,-16.686717156089845,0.24031515886046995,0.012526853162014566,0.24064142957578102,-4.417805668251677
962,7.970365200000288,130.53080088339343,247.88435825541677,29.820162142822277,56.62994255623543,-16.698840726464844,0.22845306962807505,-0.15432384982510783,0.5651396532323432,-16.696736741764845,0.08316236448017277,-0.027584128585270283,0.08761770948696289,-4.491854298649278
963,7.974813499999982,130.52086092641477,247.88877221155929,29.817891329138533,56.63095093806539,-16.699161455839846,0.22845306962807505,-0.15659466350885154,0.5641312714023812,-16.698740658899847,0.011281905374767143,-0.05672709486678613,0.05783809022530527,-0.4598822397887429
964,7.986100699999952,130.53396279019745,247.88609915030193,29.820884490137534,56.63034026901584,-16.699225601714843,0.22845306962807505,-0.15360150250985072,0.5647419404519312,-16.699141442326844,-0.19121538575488756,-0.10126622864905091,0.21637507438286951,-0.16973396410350602
965,7.989555200000268,130.5276938835845,247.8890586620872,29.819452339178596,56.631016378567786,-16.699238430889846,0.22845306962807505,-0.15503365346878795,0.5640658308999846,-16.699221599012247,-0.2868729945010412,-0.13243655193024037,0.31596764907370767,-0.019988091699529725
966,8.002350200000365,130.51761225263442,247.89299144164485,29.817149159641193,56.6319148341299,-16.699240996724846,0.22845306962807505,-0.15733683300619106,0.5631673753378692,-16.69923763034933,-0.1314374564696099,-0.07340176278954891,0.15054442448597624,-0.008430139017571602
967,8.006195000000389,130.50760740886173,247.8967555508409,29.81486352237017,56.63277475643016,-16.699241509891845,0.22845306962807505,-0.15962247027721332,0.5623074530376115,-16.699240836616745,-0.24753441173585375,-0.10940268731576405,0.2706330227177127,-0.0007132403328021226
968,8.018326100000195,130.52176879557481,247.89311894142116,29.818098734634965,56.63194396184518,-16.699241612525245,0.22845306962807505,-0.15638725801241904,0.5631382476225895,-16.699241477870224,-0.11039404825668508,-0.055394346592158535,0.12351266949131777,-0.00030759451858682784
969,8.021888600000239,130.5168519584152,247.89508225610723,29.81697546809299,56.63239248711186,-16.699241633051926,0.22845306962807505,-0.15751052455439307,0.5626897223559126,-16.69924160612092,-0.15250608276777577,-0.06852061864080275,0.16719204664125026,-3.0322424809998565e-05
970,8.034063600000081,130.531301154887,247.89112133306978,29.82027643138063,56.631487602085386,-16.69924163715726,0.22845306962807505,-0.15420956126675378,0.5635946073823845,-16.69924163177106,0.014397976079535121,-0.010090611811205715,0.01758187026204294,-1.3205834223770595e-05
971,8.037459800000306,130.5254949664561,247.893140898453,29.818949989810758,56.6319489779965,-16.69924163797833,0.22845306962807505,-0.1555360028366266,0.5631332314712694,-16.699241636901085,-0.12980386180921094,-0.05277487091223413,0.14012219503129297,-1.2327653339451342e-06
972,8.050128300000324,130.53880629776637,247.88934281128317,29.82199100430942,56.63108129332384,-16.699241638142542,0.22845306962807505,-0.15249498833796338,0.5640009161439323,-16.699241637927095,-0.10608513197835473,-0.03962788248485134,0.11324497471013065,-5.500454604945289e-07
973,8.053628300000128,130.53184589206853,247.89156330291846,29.820400878261893,56.631588571454,-16.699241638175383,0.22845306962807505,-0.15408511438549155,0.5634936380137674,-16.699241638132293,-0.27964522122900537,-0.09044468200443961,0.2939076219819819,-4.7618979751089705e-08
974,8.06629520000024,130.5209390731148,247.89489934013392,29.817909181992032,56.63235069939627,-16.699241638181952,0.22845306962807505,-0.156576810655352,0.5627315100715009,-16.699241638173334,-0.23815303540238036,-0.07416969515116718,0.24943538632316087,-2.1285502865036324e-08
975,8.07042390000015,130.51015572775134,247.8981480528069,29.815445693642893,56.63309287777875,-16.699241638183267,0.22845306962807505,-0.15904029900449146,0.5619893316890199,-16.699241638181544,-0.39837880924902386,-0.12097413327077994,0.41634170650955277,-1.788294755714234e-09
976,8.082468600000084,130.500501883598,247.9010201674986,29.81324024331235,56.633749021196394,-16.69924163818353,0.22845306962807505,-0.1612457493350341,0.5613331882713766,-16.699241638183185,-0.2517238034187355,-0.07504317683954889,0.26267156602450525,-7.404121930530018e-10
977,8.08586030000015,130.49217182710066,247.90347769812465,29.81133721633536,56.63431045161162,-16.699241638183583,0.22845306962807505,-0.16314877631202407,0.560771757856152,-16.699241638183512,-0.24931449583359588,-0.07311012183332345,0.2598130245912308,3.0488187792886463
978,8.099047400000018,130.5082739748416,247.89858747262687,29.81501580141438,56.63319326458548,-16.699241638183594,0.22845306962807505,-0.1594701912330052,0.5618889448822912,-16.578626403808578,-0.09113682727370719,0.04555676277307758,0.10188886062705778,5.231208689790725
979,8.10273189999998,130.50529572759712,247.89940196459227,29.814335411689267,56.63337933777516,-16.699241638183594,0.22845306962807505,-0.16015058095811696,0.56170287169261,-16.554503356933587,-0.06867758168638327,0.059326226046783684,0.0907535747133077,5.361923966863748
980,8.115035000000262,130.51575493165512,247.87712939129455,29.81672484896219,56.62829110003678,-16.096165466308594,0.22845306962807505,-0.157761143685196,0.5667911094309872,-16.54967874755859,0.2534405211662431,0.13261177519085626,0.28603842519543965,2.3337717958004083
981,8.130598300000202,130.51093107300167,247.87615032878068,29.815622823645352,56.62806743020013,-16.578626403808595,0.22845306962807505,-0.15886316900203212,0.5670147792676374,-16.548713825683596,0.18112174191717245,0.10180420840196602,0.2077719476817353,0.17058660381755086
982,8.133947900000294,130.52631904144377,247.87320475748814,29.81913825227129,56.62739450539654,-16.675118591308596,0.22845306962807505,-0.15534774037609367,0.5676877040712327,-16.54852084130859,0.10198845498722817,0.042521575094173966,0.11049764386253375,-3.007902495233057
983,8.147135300000173,130.52154863243126,247.8772062186689,29.818048437689,56.628308651486286,-16.694417028808594,0.22845306962807505,-0.15643755495838363,0.5667735579814845,-16.669097478808595,0.11756179992230106,-0.033380278899735716,0.12220891874325412,-5.330264928663644
984,8.150627700000314,130.51267704458243,247.88250956247973,29.816021696212463,56.62952021665916,-16.698276716308595,0.22845306962807505,-0.15846429643492144,0.5655619928086111,-16.693212806308598,0.05860966380988446,-0.08965775100281732,0.10711491495954646,-5.48448442774036
985,8.162535200000093,130.52685853116515,247.88073404955549,29.819261500354173,56.62911459528145,-16.699048653808596,0.22845306962807505,-0.1552244922932111,0.5659676141863201,-16.698035871808596,-0.18265560776135348,-0.14610208594208088,0.23389931715012893,-2.5352632018135655
986,8.165797800000291,130.5216377284944,247.88454737347286,29.81806879195812,56.62998576083586,-16.699203041308596,0.22845306962807505,-0.15641720068926546,0.5650964486319126,-16.699000484908595,-0.27497862430187425,-0.18573281611110432,0.33182815251800535,-0.23841901835533771
987,8.179052599999977,130.51253910131305,247.88926581065337,29.815990182649138,56.631063702293595,-16.699233918808595,0.22845306962807505,-0.15849580999824653,0.5640185071741755,-16.699193407528593,-0.10115180302048335,-0.10477916616560233,0.14563777297340677,-0.10676883462343763
988,8.182875200000126,130.50343232171497,247.893741318386,29.81390971089553,56.63208614577326,-16.699240094308596,0.22845306962807505,-0.16057628175185457,0.5629960636945128,-16.699231992052592,-0.2098986233758725,-0.144339136047355,0.2547375478605053,-0.008433303078441827
989,8.19472560000031,130.51841331724515,247.89074032227228,29.817332165310482,56.63140055899914,-16.699241329408594,0.22845306962807505,-0.1571538273369022,0.5636816504686308,-16.699239708957393,-0.08190341261810184,-0.07828753270888447,0.11330095664263255,-0.0037278190608854077
990,8.198245500000212,130.51422781051247,247.89326308349774,29.816375973449453,56.63197689154504,-16.699241576428594,0.22845306962807505,-0.158110019197931,0.5631053179227337,-16.69924125233835,0.19362604714899312,-0.0004242927327834309,0.19362651202474107,-0.00037141240743314517
991,8.21080830000028,130.52931760326288,247.88978534484903,29.819823282923338,56.63118239147537,-16.699241625832595,0.22845306962807505,-0.15466270972404672,0.5638998179924002,-16.699241561014546,0.278562354554818,0.04336733979589438,0.2819179163091567,-0.00016050114914127183
992,8.214152600000034,130.54718917254422,247.88527668899548,29.82390609778473,56.63015237520573,-16.699241635713395,0.22845306962807505,-0.15057989486265555,0.5649298342620384,-16.699241622749785,0.34609939349115215,0.06374434678597729,0.35192063298720394,-1.4673393117192887e-05
993,8.226628300000357,130.54065929264777,247.88792607532503,29.822414326678082,56.630757635645345,-16.699241637689553,0.22845306962807505,-0.15207166596930222,0.5643245738224252,-16.699241635096833,0.3658804375044377,0.08459551735600972,0.3755328162826382,-6.678014317937247e-06
994,8.230853000000025,130.55224474869905,247.88497208889962,29.825061059676038,56.63008278837882,-16.699241638084786,0.22845306962807505,-0.14942493297134618,0.5649994210889488,-16.69924163756624,0.1568619634884525,0.022348699399784802,0.15844601589915266,-5.387902068146403e-07
995,8.242565700000341,130.5433880304365,247.88802158667804,29.823037715202126,56.630779455507124,-16.699241638163834,0.22845306962807505,-0.15144827744525813,0.5643027539606464,-16.699241638060123,-0.13608654016246083,-0.05460703947816107,0.14663381320131624,-2.1760308196081821e-07
996,8.24634640000022,130.53063384232593,247.89212563592733,29.820123981777655,56.63171703815603,-16.699241638179643,0.22845306962807505,-0.154362010869729,0.5633651713117374,-16.6992416381589,-0.2250075473914871,-0.07970480814327849,0.23870746285838895,-2.332714883213374e-08
997,8.258047100000113,130.5181412486674,247.89605844755604,29.81727001040875,56.63261550104488,-16.699241638182805,0.22845306962807505,-0.1572159822386361,0.5624667084228889,-16.699241638178655,-0.38801190832490623,-0.12309149241400094,0.4070684911739565,-9.56193178132179e-09
998,8.26258340000004,130.5069385714442,247.89951357429135,29.814710724409057,56.63340483535352,-16.699241638183437,0.22845306962807505,-0.15977526823832733,0.5616773741142538,-16.699241638182606,-0.4370515279943413,-0.13611136522354272,0.4577557666105422,-8.754674767908447e-10
999,8.274353000000247,130.49722567069307,247.90246018068223,29.812491782417467,56.6340779966285,-16.699241638183565,0.22845306962807505,-0.161994210229917,0.561004212839272,-16.699241638183395,-0.21617643776387782,-0.0662689299828812,0.22610577906226934,-3.2447942998719524e-10
1000,8.278851800000211,130.48899529096428,247.90491344604948,29.81061152690422,56.63463845263226,-16.69924163818359,0.22845306962807505,-0.163874465743163,0.560443756835511,-16.699241638183555,-0.19749188640473997,-0.059032696137581636,0.2061259430760106,-3.513931062941311e-11
1001,8.28999470000008,130.5052711310907,247.8999763778698,29.814329792541873,56.633510564251644,-16.699241638183594,0.22845306962807505,-0.16015620010551146,0.5615716452161266,-16.699241638183587,-0.020649750503898875,-0.004617001916249142,0.021159605444523773,5.582205798404786
1002,8.294189300000198,130.50250796831955,247.90072193870571,29.813698539524925,56.63368088991321,-16.699241638183594,0.22845306962807505,-0.16078745312245957,0.5614013195545624,-16.628996276855467,-0.06020882302007602,0.11406367908987114,0.1289791659803239,7.378587512318584
1003,8.305991000000176,130.51904053578107,247.89565549077994,29.817475455310344,56.632523444332456,-16.699241638183594,0.22845306962807505,-0.1570105373370403,0.5625587651353143,-16.565395202636715,0.07513145864914533,0.17112133907734733,0.1868883323441373,8.440809526667696
1004,8.309982700000091,130.5122903463476,247.88628646180632,29.815933353813698,56.630383060903995,-16.34801483154297,0.22845306962807505,-0.15855263883368664,0.5646991485637756,-16.552674987792965,-0.05200158632039533,0.12622753278424073,0.1365194308977081,2.9289824492479783
1005,8.322032000000036,130.52593788199707,247.87781017135978,29.819051175225674,56.628446626332426,-16.381236267089843,0.22845306962807505,-0.1554348174217104,0.5666355831353442,-16.550130944824218,0.030256954155847275,0.1436799455538977,0.14683122974748952,1.1758579442245587
1006,8.325952800000323,130.52075525296996,247.879925412713,29.817867187715688,56.62892985971257,-16.635640563964845,0.22845306962807505,-0.15661880493169633,0.5661523497551997,-16.549622136230468,0.015876577031709672,0.13344558844368032,0.1343867209709498,-1.7676359852575763
1007,8.338381200000185,130.53494345191436,247.87738720644973,29.82110852531703,56.62834999870038,-16.686521423339844,0.22845306962807505,-0.15337746733035473,0.5667322107673911,-16.619765735839845,0.3021452713025556,0.06496751815369241,0.30905103686211,-1.6964103052712438
1008,8.354069600000003,130.551983085879,247.87416629013782,29.825001282001587,56.627614170481905,-16.696697595214843,0.22845306962807505,-0.1494847106457975,0.5674680389858651,-16.61310109638672,0.20633201428817416,0.053952577280100486,0.2132692680987594,-1.6111838679638224
1009,8.357527699999991,130.56780152708498,247.87123245998563,29.828615053451827,56.62694392797788,-16.698732829589844,0.22845306962807505,-0.14587093919555727,0.5681382814898939,-16.6117681684961,0.08613903633039269,0.0231652195399812,0.08919955704074005,0.27703151909698864
1010,8.370325600000342,130.55545975066772,247.8653148288636,29.825795536744643,56.62559202698312,-16.34791306982422,0.22845306962807505,-0.14869045590274155,0.5694901824846497,-16.611501582917974,-0.01979544446718899,-0.011159621673326046,0.022724365283662635,0.14016464860196304
1011,8.374076999999943,130.54063266837983,247.86986645746003,29.822408244282343,56.62663186050778,-16.62897592451172,0.22845306962807505,-0.1520777483650413,0.5684503489599919,-16.61144826580235,0.054639948790566925,-0.015199288136244743,0.056714569236523044,0.011976774814331794
1012,8.386094599999979,130.5264888860891,247.87644030821266,29.81917705380188,56.628133676891494,-16.68518849544922,0.22845306962807505,-0.15530893884550423,0.5669485325762764,-16.611437602379226,-0.18466759259437648,-0.07250110682603583,0.19838984410902405,-6.066223645219881
1013,8.389951200000269,130.53696050887578,247.875989502102,29.82156932817148,56.6280306888517,-16.69643100963672,0.22845306962807505,-0.15291666447590302,0.5670515206160687,-16.681680831022724,-0.2772190571583035,-0.16186823619579765,0.3210167153605514,-5.11336502126518
1014,8.402309700000387,130.52876374782443,247.88100375369933,29.819696752948293,56.62917621002101,-16.69867951247422,0.22845306962807505,-0.15478923969909175,0.5659059994467626,-16.6461774747983,-0.05475187626965543,-0.09062511520957861,0.1058804961350156,-4.501428404830076
1015,8.406175699999949,130.51720451727837,247.88677773285843,29.817056011247505,56.63049529328387,-16.699129213041722,0.22845306962807505,-0.15742998139987918,0.5645869161838988,-16.639076803553415,0.1925107422747493,-0.024353000231221764,0.1940449806396363,1.6095918409944587
1016,8.41808059999994,130.5281162843489,247.88265939903494,29.819548837929833,56.62955444728014,-16.451459143389595,0.22845306962807505,-0.1549371547175511,0.565527762187628,-16.637656669304437,0.12697198626771303,-0.018673037871323322,0.1283377093457421,0.6769951892278276
1017,8.421867700000348,130.5441537048763,247.8792380003935,29.823212635878235,56.628772818258085,-16.649685139224793,0.22845306962807505,-0.1512733567691491,0.5663093912096855,-16.63737264245464,0.35468248150651993,0.03595549133846297,0.3565002945931646,0.06631725507217723
1018,8.434048900000107,130.55975592499837,247.87629982602613,29.826777010958136,56.628101583304755,-16.689330338391834,0.22845306962807505,-0.14770898168924873,0.5669806261630157,-16.637315837084678,0.4519497923555375,0.08749649566526102,0.4603414510598785,-5.126521920790877
1019,8.437253500000224,130.57360139580038,247.87376856002214,29.8299400512633,56.6275233078161,-16.697259378225244,0.22845306962807505,-0.1445459413840844,0.5675589016516724,-16.68685647796381,0.4925083043363254,0.08283489137877618,0.4994257192716212,-5.403434728981447
1020,8.450364000000263,130.5623113291747,247.8785602430329,29.827360800886357,56.62861798250859,-16.698845186191924,0.22845306962807505,-0.14712519176102745,0.5664642269591837,-16.696764606139638,0.3360560487182354,0.04920411837451154,0.33963909248660695,-5.5739473313593795
1021,8.4542735,130.56936506373899,247.87760667452775,29.82897224819991,56.62840013685649,-16.69916234778526,0.22845306962807505,-0.14551374444747367,0.5666820726112789,-16.698746231774805,0.3774515658028179,0.06027355302332839,0.3822336794698434,-0.43132538095676143
1022,8.466910699999971,130.57960856940156,247.8754914513468,29.83131240851228,56.62791690762785,-16.69922578010393,0.22845306962807505,-0.1431735841351056,0.5671653018399212,-16.699142556901837,0.2131632397436869,0.031774509541230546,0.21551841275076775,-0.18537458647508798
1023,8.471342000000277,130.58929911500664,247.87334902860817,29.83352624340213,56.62742746457677,-16.699238466567664,0.22845306962807505,-0.14095974924525478,0.5676547448910014,-16.699221821927246,0.33147358505345853,0.06712483143659055,0.3382018340925772,3.4824732925397752
1024,8.48283130000027,130.5976269027751,247.8714401319079,29.835428752081043,56.62699137126599,-16.699241003860408,0.22845306962807505,-0.13905724056634128,0.5680908382017833,-16.57862244055733,0.07031514790227036,0.07977431810726954,0.10633984132956936,5.516780303402578
1025,8.486803900000268,130.6044924800883,247.86981849855314,29.836997214293017,56.62662090414828,-16.69924151131896,0.22845306962807505,-0.13748877835436701,0.568461305319488,-16.554502564283343,-0.3146523366659034,-0.0014487719496586865,0.3146556719804605,5.6633420914621
1026,8.498240600000372,130.5597573058131,247.86386270569298,29.8267773264095,56.62526028498731,-16.096165440935668,0.22845306962807505,-0.14770866623788592,0.5698219244804577,-16.549678589028545,-0.47859756521706437,-0.049597302105418795,0.4811605987690995,2.26242297805681
1027,8.501523200000065,130.53476049344545,247.8691486598217,29.821066727893193,56.62646787743393,-16.57862639873401,0.22845306962807505,-0.15341926475419143,0.5686143320338388,-16.548713793977587,-0.7047303596044899,-0.1521338834058649,0.7209643529526428,0.2435512820240768
1028,8.514435200000207,130.51666665534378,247.8765126288226,29.816933135037512,56.628150198756835,-16.67511859029368,0.22845306962807505,-0.15755285760987192,0.5669320107109357,-16.54852083496739,-0.7429670803809248,-0.16866832628008943,0.7618720934775616,
1029,8.517871000000014,130.5021525036797,247.8836522355748,29.813617332536804,56.62978126383531,-16.694417028605613,0.22845306962807505,-0.1608686601105802,0.5653009456324583,-16.66909747754035,-0.3537529235762731,-0.16260688629614767,0.38933549852240396,
1030,8.530477799999971,130.5133898410078,247.8830682102609,29.816184536743858,56.62964784145961,-16.698276716267998,0.22845306962807505,-0.1583014559035263,0.5654343680081624,-16.693212806054945,-0.030181714061966212,-0.10429420449200001,0.108573555501961,
1031,8.534011400000054,130.52966887138476,247.88075927058281,29.81990353120404,56.629120357102565,-16.699048653800475,0.22845306962807505,-0.15458246144334353,0.5659618523652057,-16.698035871757863,-0.0909577071698063,-0.13774811870094505,0.1650692239614577,-1.116941718912001
1032,8.547220400000242,130.52262641584423,247.8851716596867,29.81829466061809,56.63012838093774,-16.699203041306973,0.22845306962807505,-0.15619133202929447,0.5649538285300295,-16.69900048489845,0.1500558009485181,-0.03524136637587183,0.15413856526625552,-0.49474268437849533
1033,8.55138850000003,130.51124132075793,247.8906006236619,29.815693700697615,56.63136864442277,-16.69923391880827,0.22845306962807505,-0.1587922919497693,0.5637135650449991,-16.699193407526565,0.33700823966106674,0.010567176110509204,0.33717387029602625,-0.0408885352003646
1034,8.562895500000195,130.52332958678127,247.88869629849358,29.81845530217713,56.6309335954925,-16.69924009430853,0.22845306962807505,-0.15603069047025286,0.56414861397527,-16.69923199205219,0.18354059027514522,-0.006586806738414771,0.1836587441467407,-0.017330524607629193
1035,8.566175200000089,130.53967257613868,247.88525619742614,29.822188908262728,56.63014769384382,-16.699241329408583,0.22845306962807505,-0.1522970843846565,0.5649345156239534,-16.699239708957318,0.18211371707468577,-0.0018829298498730558,0.18212345091057944,-0.0019427076103737046
1036,8.578819900000326,130.55545418529442,247.88174114286238,29.825794265318027,56.62934466883881,-16.69924157642859,0.22845306962807505,-0.1486917273293571,0.5657375406289589,-16.69924125233834,0.42709049709513563,0.08353368651776741,0.43518291498198625,-0.0008313847371272519
1037,8.594924900000024,130.54636476702672,247.8854629041238,29.823717759813636,56.63019491662341,-16.699241625832595,0.22845306962807505,-0.15076823283374807,0.5648872928443609,-16.699241561014546,0.424444118496216,0.08735324883473804,0.4333398202427438,-5.291037131252519e-05
1038,8.5984512,130.55563950108285,247.88346365693917,29.825836601278745,56.629738182467136,-16.699241635713395,0.22845306962807505,-0.14864939136863953,0.5653440270006342,-16.69924162274979,0.33796224871529346,0.07639160330701036,0.3464883239194555,1.328195841570161
1039,8.610887000000275,130.56798320901095,247.8803660363051,29.828656559245513,56.62903052152474,-16.699241637689553,0.22845306962807505,-0.1458294334018717,0.5660516879430304,-16.64968963314371,0.3133359130643823,0.08259789930324989,0.32403982376430207,2.2039188949540485
1040,8.614659300000312,130.57964076074882,247.877314256879,29.831319762724377,56.62833333314702,-16.699241638084786,0.22845306962807505,-0.14316622992300765,0.5667488763207515,-16.639779235222495,0.46000885712880024,0.13161856696340363,0.4784679673775925,2.255898707581978
1041,8.62737130000005,130.58865484961103,247.8720537839463,29.83337905899485,56.62713156195785,-16.451481628398206,0.22845306962807505,-0.14110693365253368,0.5679506475099174,-16.637797155638253,0.36628420736207834,0.11221536067516043,0.38308798954590356,0.9696008317700169
1042,8.630524200000309,130.5969966286625,247.8693997069729,29.835284764025317,56.626525229926244,-16.64968963622652,0.22845306962807505,-0.13920122862206696,0.5685569795415262,-16.637400739721404,0.38444815912485636,0.11502863599181606,0.4012878943509617,0.09606052479879099
1043,8.642667300000085,130.60402592108164,247.86767188719244,29.836890627455784,56.62613050419363,-16.68933123779218,0.22845306962807505,-0.13759536519160065,0.568951705274138,-16.637321456538032,0.2590805163842944,0.08141605395347079,0.2715718833224587,-4.003380958168415
1044,8.64674690000038,130.60969712358096,247.86640451354617,29.838186231075234,56.62584096879378,-16.697259558105312,0.22845306962807505,-0.1362997615721504,0.5692412406739891,-16.686857601854484,0.25955449394611724,0.069256453917469,0.2686354253199818,-4.304378859220339
1045,8.65949320000027,130.61411327625657,247.86546968917756,29.839195114709923,56.62562740529721,-16.69884522216794,0.22845306962807505,-0.13529087793746086,0.5694548041705616,-16.696764830917772,0.14943826313213604,0.03287450348978165,0.15301152723781694,-4.450001037660081
1046,8.664097600000332,130.61742602414228,247.86478966350532,29.839951922133316,56.62547205134496,-16.699162354980466,0.22845306962807505,-0.13453407051406785,0.5696101581228135,-16.69874627673043,0.13990282466328877,0.029319032876292898,0.14294196737686263,-0.4157173301312324
1047,8.674117200000182,130.6197877194145,247.86433355479235,29.84049145866778,56.625367851909395,-16.69922578154297,0.22845306962807505,-0.13399453397960315,0.5697143575583752,-16.699142565892963,0.07973694192486999,0.015630707309530357,0.08125453167993953,-0.1628405128190535
1048,8.678370900000118,130.62136233512706,247.86405931032894,29.840851184460803,56.6253051999199,-16.69923846685547,0.22845306962807505,-0.13363480818658147,0.5697770095478703,-16.69922182372547,0.06787898446547949,0.012528876933265657,0.06902556982215882,-0.01982109475821421
1049,8.690762600000198,130.62227097318606,247.8639220846623,29.841058765614562,56.62527385029512,-16.69924100391797,0.22845306962807505,-0.13342722703282206,0.5698083591726473,-16.699237675291972,-0.06062144566230417,-0.023067241123381012,0.06486183228395492,-0.0068893585297438165
1050,8.694955100000243,130.62263546180236,247.86389922233747,29.841142034157798,56.62526862732684,-16.69924151133047,0.22845306962807505,-0.13334395848958636,0.5698135821409309,-16.69924084560527,-0.10546448733076447,-0.035495384397177074,0.11127749278917251,-0.0006975338225006418
1051,8.706038900000294,130.5994378571498,247.87089729093594,29.835842470166906,56.62686735757963,-16.69924161281297,0.22845306962807505,-0.1386435224804785,0.5682148518881434,-16.699241479667933,-0.11649519047281204,-0.036670105165298984,0.1221303648407342,-0.00028087265000541694
1052,8.71037810000007,130.59620193254918,247.87188005393517,29.835103213258805,56.62709187280352,-16.69924163310947,0.22845306962807505,-0.1393827793885798,0.567990336664252,-16.699241606480463,-0.09338453329697702,-0.029032636517179924,0.09779348159377954,-2.9534727588623416e-05
1053,8.722049400000287,130.597704657942,247.87142765508537,29.8354465154876,56.626988520897584,-16.699241637168768,0.22845306962807505,-0.13903947715978404,0.5680936885701868,-16.69924163184297,-0.1773102172358769,-0.05311319999882946,0.18509436822969388,-1.0871831988863071e-05
1054,8.726215500000308,130.60011738763004,247.8706851303241,29.83599771099102,56.626818888836596,-16.69924163798063,0.22845306962807505,-0.13848828165636462,0.5682633206311749,-16.69924163691547,-0.08970586459766604,-0.026213355740136217,0.0934573815296241,-1.1587111622594545e-06
1055,8.738080800000262,130.57935445066727,247.87687385826462,29.83125435430738,56.6282327227317,-16.699241638143,0.22845306962807505,-0.14323163834000496,0.5668494867360678,-16.699241637929973,-0.040526988037996446,-0.011132539088512482,0.04202820702800877,-4.509398192074705e-07
1056,8.742159000000356,130.57863835631917,247.87704774923412,29.831090760355416,56.62827244865746,-16.699241638175476,0.22845306962807505,-0.1433952322919687,0.5668097608103082,-16.69924163813287,0.006558923263347401,0.0035940974549424215,0.00747910495247281,-4.621593142629456e-08
1057,8.754113800000141,130.5825906498708,247.87580948369526,29.831993673949356,56.6279895630941,-16.69924163818197,0.22845306962807505,-0.1424923186980287,0.5670926463736734,-16.699241638173447,-0.002399589774066086,0.000934729360690903,0.0025752184492854493,-1.837697189483196e-08
1058,8.758204000000205,130.5873323853681,247.87433261994727,29.833076937979076,56.62765216903745,-16.69924163818327,0.22845306962807505,-0.14140905466830844,0.5674300404303239,-16.699241638181565,-0.1892953805280335,-0.05445115758043194,0.1969712406700583,1.3941031366012313
1059,8.770052000000305,130.5918709381389,247.87291054756494,29.834113784291237,56.62732729223647,-16.69924163818353,0.22845306962807505,-0.1403722083561476,0.5677549172312979,-16.649689636230065,-0.18254985891236397,-0.04237470762969569,0.18740348672216903,2.407343268027904
1060,8.77331230000027,130.5728296424937,247.87856317766273,29.829763741851394,56.62861865293378,-16.699241638183583,0.22845306962807505,-0.14472225079599,0.5664635565339893,-16.639779235839764,-0.13097977491453547,-0.021836529139662192,0.13278755755540386,2.4594681550304007
1061,8.785987500000374,130.5724752939242,247.87575346531412,29.829682789832976,56.62797676552297,-16.451481628417966,0.22845306962807505,-0.1448032028144084,0.5671054439447971,-16.637797155761703,-0.16361101273521314,-0.032952319639796473,0.16689643153131045,1.1032923047756207
1062,8.789471500000218,130.57755943627402,247.8738265194047,29.830844277759216,56.62753654881496,-16.64968963623047,0.22845306962807505,-0.1436417148881688,0.5675456606528115,-16.637400739746088,-0.2328225991777953,-0.05498235201855785,0.23922671615310223,0.09203628330951795
1063,8.802791200000229,130.5834882172228,247.87225759420664,29.832198725966116,56.627178123037446,-16.68933123779297,0.22845306962807505,-0.14228726668126868,0.5679040864303246,-16.63732145654297,0.06173778464429652,0.027811068394307945,0.06771269879437986,0.04025291998916312
1064,8.818267600000127,130.56597322007718,247.8778620670087,29.828197371103673,56.62845848205272,-16.697259558105472,0.22845306962807505,-0.14628862154371092,0.566623727415049,-16.637305599902344,0.08319522119490295,0.03312648902276094,0.08954780346074341,0.0026199027552268415
1065,8.821859900000163,130.5681519353904,247.87758090371506,29.828695105304824,56.62839424943522,-16.69884522216797,0.22845306962807505,-0.14579088734256018,0.566687960032553,-16.637302428574223,0.10840634373876568,0.0358769281765989,0.11418883193288325,0.0006531326836414894
1066,8.83405350000021,130.5735374650488,247.87345940439556,29.829925446086857,56.62745268026421,-16.451402345214845,0.22845306962807505,-0.14456054656052686,0.5676295292035576,-16.6373017943086,0.11186740228010664,0.035613837034844414,0.11739957870982189,0.000324126498823299
1067,8.837431700000252,130.58033123515867,247.87138761721218,29.831477503722805,56.626979374122556,-16.649673779589847,0.22845306962807505,-0.14300848892457907,0.5681028353452149,-16.637301667455475,0.24365731400327847,0.06712278744324285,0.2527337635960874,3.053275019079281e-05
1068,8.84992050000028,130.58683619624082,247.86998847534795,29.832963582049835,56.62665973586883,-16.689328066464846,0.22845306962807505,-0.141522410597549,0.5684224735989432,-16.637301642084847,0.20063876647696355,0.17806624074170052,0.26826013625822,-4.998271709982304
1069,8.853225100000145,130.59262808592544,247.86890626800692,29.834286757027233,56.62641250227979,-16.697258923839847,0.22845306962807505,-0.1401992356201518,0.5686697071879792,-16.686853638963846,0.2237544591830428,0.22498783851712345,0.3173099202434478,-5.259322579627619
1070,8.865880199999992,130.58838834472354,247.83718735191383,29.83331817513523,56.619166218533046,-16.698845095314844,0.22845306962807505,-0.14116781751215512,0.5759159909347247,-16.696764038339648,0.14744106878335003,0.1887793336413416,0.2395339340762505,-0.421294059892662
1071,8.86915769999996,130.59149405883713,247.83271373861322,29.834027685057865,56.6181442078422,-16.699162329609845,0.22845306962807505,-0.14045830758951894,0.576938001625571,-16.649194116261683,0.1612550856467821,0.16691209354032635,0.23208371251978385,4.823702331077953
1072,8.882012100000338,130.59587537628155,247.83501711873532,29.83502861047706,56.61867042210161,-16.699225776468843,0.22845306962807505,-0.139457382170324,0.5764117873661618,-16.639680131846088,0.09384240432403675,0.13805582465090543,0.16693054714268907,9.727963189511467
1073,8.885706000000027,130.59891620124813,247.83637116200805,29.835723296274878,56.618979757443675,-16.45147845607502,0.22845306962807505,-0.13876269637250616,0.5761024520240952,-16.588225333009845,0.13322963420457767,0.0037223989656841074,0.1332816254565696,5.165645504902311
1074,8.898147700000209,130.60236576906203,247.8401543444571,29.836511360630855,56.61984403708712,-16.649689001761878,0.22845306962807505,-0.1379746320165296,0.5752381723806508,-16.577934373242595,0.09878558655537761,-0.0719475565152634,0.12220901357758773,5.101184571646718
1075,8.901912100000118,130.60434968201162,247.84178678557717,29.83696459163406,56.620216973271994,-16.441571101133626,0.22845306962807505,-0.13752140101332344,0.5748652361957767,-16.575876181289146,0.11055399135728075,-0.1123378476117923,0.1576133782744218,-0.8418102919712762
1076,8.914514400000371,130.60679115585447,247.84545646201929,29.837522353827875,56.62105532211974,-16.6477075307736,0.22845306962807505,-0.13696363881950901,0.5740268873480332,-16.62501654485158,0.07958225827271094,-0.10914494846478096,0.13507759106218972,-2.0175284629304384
1077,8.918154400000276,130.60896936489135,247.8493264568134,29.838019972368645,56.621939434309894,-16.688934816701597,0.22845306962807505,-0.1364660202787391,0.5731427751578764,-16.63484461756407,0.08395721499371013,-0.13559986728176307,0.15948710906004857,-3.6106484859310584
1078,8.93032600000015,130.61073843497283,247.85293754071702,29.838424121859145,56.62276439751236,-16.697180273887195,0.22845306962807505,-0.1360618707882395,0.5723178119554078,-16.68636223405969,0.06352550502876592,-0.1259912189180804,0.14110023753921688,-3.2543962966619113
1079,8.933966100000362,130.61209622983696,247.8561520182359,29.83873431426378,56.6234987547688,-16.698829365324315,0.22845306962807505,-0.13575167838360258,0.571583454698974,-16.696665757358815,0.0634324532656888,-0.1429252203286679,0.15636909775688435,-2.409059664909226
1080,8.946530600000187,130.61309943587722,247.85895835368007,29.838963499763146,56.624139870715425,-16.69915918361174,0.22845306962807505,-0.13552249288423823,0.5709423387523458,-16.69872646201864,0.03767598896039502,-0.10166961824754613,0.10842597206733066,-1.0359673255659865
1081,8.950167200000124,130.61379655696734,247.86136510721883,29.83912275921609,56.6246897009492,-16.699225147269225,0.22845306962807505,-0.13536323343129553,0.570392508518573,-16.699138602950605,0.03418146481811737,-0.11146465068053492,0.11658791055871046,-0.09462608467810373
1082,8.96277710000004,130.61423405135122,247.86338586298635,29.83922270615103,56.62515134880725,-16.699238340000722,0.22845306962807505,-0.13526328649635389,0.56993086066052,-16.699221031137,-0.06634468205687538,-0.10106627420370154,0.12089668572233761,-0.0416467883016304
1083,8.96602729999995,130.61445786586515,247.8650469051997,29.839273837263764,56.62553081899968,-16.69924097854702,0.22845306962807505,-0.13521215538361986,0.5695513904680922,-16.699237516774275,-0.11102075331923658,-0.11780436533469667,0.16187487809873854,1.3040672534343896
1084,8.978655000000344,130.59138530997214,247.8733242568175,29.83400284104584,56.627421805385154,-16.69924150625628,0.22845306962807505,-0.14048315160154345,0.5676604040826163,-16.649688811948607,-0.11684445782864565,-0.07943774655515952,0.14129042042202264,2.3265541314710516
1085,8.981892499999958,130.5884781939481,247.8752333774368,29.833338701466385,56.62785794985093,-16.699241611798133,0.22845306962807505,-0.14114729118099945,0.5672242596168431,-16.639779070983476,-0.08648081463143573,-0.06442944176148205,0.10784286840126682,2.378024794630639
1086,8.99516390000008,130.58933069961006,247.87287252282601,29.833533459001735,56.62731860536814,-16.45148162314088,0.22845306962807505,-0.14095253364564897,0.5677636040996319,-16.63779712279045,-0.07877398997686068,-0.0398812623407118,0.08829414806635388,1.102690809140185
1087,8.999216600000182,130.59216452304705,247.87219075643893,29.834180854664698,56.62716285374424,-16.64968963517505,0.22845306962807505,-0.1403051379826863,0.5679193557235322,-16.637400733151846,-0.206140304019505,-0.07899322506515936,0.220757229887152,0.0844075586683132
1088,9.012268400000266,130.59526479409183,247.8718486534652,29.834889121101558,56.627084699269766,-16.689331237581886,0.22845306962807505,-0.13959687154582667,0.5679975101980048,-16.637321455224125,-0.1660081803447611,-0.054223706604817866,0.17463941794264,-3.735074394203172
1089,9.01664860000028,130.57505139749756,247.87846936551475,29.830271308601986,56.628597221260605,-16.69725955806325,0.22845306962807505,-0.14421468404539795,0.566484988207165,-16.686857601591704,-0.1571678685045862,-0.05961414932448739,0.16809397874390736,-4.089712831496492
1090,9.026903400000265,130.57485034327087,247.87895724616385,29.83022537714674,56.628708679092504,-16.698845222159527,0.22845306962807505,-0.14426061550064517,0.5663735303752659,-16.69676483086522,-0.2296118527576521,0.2557196222683272,0.34367736052853065,-4.130012361376955
1091,9.044159700000364,130.57929760779038,247.87792336305463,29.83124136837767,56.62847248532257,-16.69916235497878,0.22845306962807505,-0.14324462426971607,0.5666097241452022,-16.698746276719923,-0.22294352135381473,0.2780890266343526,0.3564229516292133,-0.38930364467121914
1092,9.048715800000082,130.57525958261166,247.84571298798045,29.830318869130355,56.621113926263,-16.699225781542633,0.22845306962807505,-0.14416712351702898,0.5739682832047706,-16.69914256589086,0.0559529444294236,0.32779759381139056,0.3325387112786413,-0.06990457770898315
1093,9.058736599999975,130.57910237123886,247.84054430534474,29.83119676598817,56.61993312484894,-16.6992384668554,0.22845306962807505,-0.1432892266592134,0.575149084618829,-16.699221823725047,0.07725036280196788,0.3180024212932685,0.3272509106196912,-0.033099199586867585
1094,9.062332400000287,130.58445759964565,247.84206738126784,29.83242018435626,56.62028107621885,-16.699241003917955,0.22845306962807505,-0.14206580829112525,0.5748011332489185,-16.699237675291883,0.11718474561234282,0.27923121378342636,0.3028239345811276,-0.0041957292594491605
1095,9.074096100000133,130.5897102861419,247.84514895591266,29.833620176710124,56.62098507140575,-16.699241511330467,0.22845306962807505,-0.14086581593726066,0.5740971380620223,-16.69924084560525,0.17401738095729347,-0.05630272378887691,0.1828990037733458,-0.0016098025437089952
1096,9.078279900000325,130.5944452412132,247.84844849386099,29.834701891730713,56.6217388609784,-16.69924161281297,0.22845306962807505,-0.13978410091667115,0.5733433484893737,-16.699241479667926,0.191512941453532,-0.10862580792884842,0.22017441470883725,-0.00014401479980150793
1097,9.089815799999997,130.59857011157283,247.85160797307464,29.835644231026187,56.62246065370318,-16.69924163310947,0.22845306962807505,-0.13884176162119743,0.5726215557645915,-16.69924160648046,0.1347665555894521,-0.09918714291370521,0.16733234542319866,3.590044394501727
1098,9.094416600000386,130.60209614117446,247.85450355576864,29.83644976331228,56.62312215845799,-16.699241637168768,0.22845306962807505,-0.1380362293351034,0.571960051009782,-16.649689629889842,0.1269172558578154,-0.08494050518827352,0.15271830033141837,3.8657213129749444
1099,9.106401900000037,130.6050604732819,247.85710428249683,29.83712697408162,56.623716302462306,-16.69924163798063,0.22845306962807505,-0.13735901856576405,0.5713659070054646,-16.63977923457172,0.08260883807328429,-0.05573116532785882,0.09965030314363944,4.001566624815834
1100,9.111265600000024,130.6063966490822,247.85686182501874,29.837432227544763,56.62366091230718,-16.451481628377376,0.22845306962807505,-0.13705376510262113,0.5714212971605903,-16.637797155508096,0.08487404801196735,-0.0650329258840151,0.10692467196570463,0.42314406152101175
1101,9.122582700000294,130.60822986905765,247.85855215669415,29.83785103227546,56.624047073767116,-16.64968963622235,0.22845306962807505,-0.13663496037192502,0.5710351357006545,-16.63740073969537,0.05523723618671494,-0.04347596769831351,0.07029446655926574,0.15404479630991677
1102,9.12663160000011,130.60987835959838,247.86048535973018,29.83822763499974,56.62448871993492,-16.689331237791347,0.22845306962807505,-0.1362583576476446,0.5705934895328539,-16.637321456532824,0.0565924648563419,-0.05294846785741783,0.07749998275460648,-1.4463060611641174
1103,9.137906400000247,130.61120600957733,247.86226184286224,29.838530940712822,56.624894562959575,-16.697259558105145,0.22845306962807505,-0.13595505193456248,0.5701876465081952,-16.68685760185344,0.046550613882853545,-0.05971713026664776,0.07571720610372715,-2.3662605436450797
1104,9.14154230000031,130.6122131234881,247.86380459645775,29.838761018977202,56.62524700975415,-16.698845222167904,0.22845306962807505,-0.13572497367018244,0.5698351997136228,-16.696764830917562,-0.2272775125211785,-0.1470563423177331,0.27070396287029996,-2.4231216178625385
1105,9.15466430000015,130.61293410972945,247.86509436810857,29.838925730497202,56.6255416620469,-16.69916235498046,0.22845306962807505,-0.13556026215018235,0.5695405474208712,-16.698746276730386,-0.2557183523172478,-0.13177379095709196,0.28767378694460755,-0.9926359462600752
1106,9.158546800000295,130.5902948372468,247.87309579661698,29.833753719204392,56.62736961295106,-16.699225781542967,0.22845306962807505,-0.14073227344299255,0.5677125965167136,-16.699142565892952,-0.23914223119618433,-0.12467965967105762,0.2696924624033457,-0.08659090943690848
1107,9.170375800000329,130.5877478120949,247.87478716326558,29.83317184349002,56.627756010853794,-16.69923846685547,0.22845306962807505,-0.1413141491573633,0.5673261986139764,-16.699221823725466,-0.23974965473687918,-0.10350568935537949,0.26113851626174395,3.4591705629865963
1108,9.175099700000374,130.59001785512334,247.87479801762305,29.833690441788054,56.62775849056508,-16.69924100391797,0.22845306962807505,-0.14079555085933038,0.5673237189026921,-16.649685673338844,-0.4404994429204453,-0.13265361336560505,0.46003993343205984,3.7634271525348995
1109,9.18732030000001,130.5932403951773,247.87432007935695,29.83442664095538,56.62764930410109,-16.69924151133047,0.22845306962807505,-0.14005935169200256,0.5674329053666796,-16.63977844326152,-0.17405477930696,-0.03760501456561168,0.17807078176970645,3.904265891614394
1110,9.192085500000303,130.57256546988808,247.87782837189002,29.829703390808728,56.628450784299424,-16.451481603047345,0.22845306962807505,-0.14478260183865643,0.566631425168346,-16.637796997246053,-0.390950175085482,-0.10330528891618465,0.40436867103847873,0.4217170160109649
1111,9.202342500000213,130.57256946805796,247.87762970039438,29.829704304202913,56.6284053971864,-16.649689631156345,0.22845306962807505,-0.14478168844447126,0.5666768122813721,-16.63740070804296,-0.4835948224479303,-0.12574886308133595,0.4996766242928458,0.158630878215991
1112,9.206039099999998,130.55422558845004,247.88347373979587,29.825513588597595,56.629740485926696,-16.689331236778145,0.22845306962807505,-0.14897240404978973,0.5653417235410743,-16.637321450202343,-0.44517595199890786,-0.11594818756269626,0.46002783658949176,-1.2321204906476086
1113,9.219226100000014,130.53382388368476,247.88998159412864,29.82085275651832,56.631227225225715,-16.697259557902505,0.22845306962807505,-0.153633236129064,0.5638549842420559,-16.68685760058735,-0.2074348411462702,-0.07145912067010646,0.21939831186297487,-2.033333165029678
1114,9.22341520000009,130.5384509355208,247.88891919613957,29.821909820713593,56.63098451714394,-16.698845222127378,0.22845306962807505,-0.15257617193379147,0.564097692323827,-16.696764830664346,-0.3408486919806759,-0.11422685682213435,0.3594796317517893,-2.0966015186407656
1115,9.235184000000118,130.54862564281575,247.8861244523552,29.82423426382769,56.63034604934758,-16.69916235497235,0.22845306962807505,-0.1502517288196934,0.5647361601201908,-16.69874627667975,-0.08425146074353272,-0.03349861362969735,0.09066678417441958,-0.8755801705303581
1116,9.239428100000168,130.53623477984456,247.89001484721967,29.82140353314658,56.631234821996436,-16.699225781541347,0.22845306962807505,-0.1530824595008049,0.5638473874713341,-16.69914256588283,0.12286041234916135,0.029241796549825366,0.1262923734358783,-0.08964380966167856
1117,9.250446900000043,130.54343674671895,247.8879662057014,29.823048844586395,56.630766803553016,-16.699238466855146,0.22845306962807505,-0.15143714806098885,0.5643154059147548,-16.699221823723445,0.026096629660567014,0.0037162989809870466,0.02635991194516536,-0.034938725043532654
1118,9.254177499999969,130.5545756173438,247.88468457510697,29.825593553772833,56.630017104970335,-16.699241003917905,0.22845306962807505,-0.14889243887455095,0.5650651044974353,-16.699237675291567,0.006785183676530637,-0.0010251437000279601,0.006862188945953385,1.3880149222046432
1119,9.266044100000272,130.54255168021484,247.88830447507559,29.822846648426708,56.630844082229906,-16.699241511330456,0.22845306962807505,-0.15163934422067626,0.5642381272378643,-16.649688843652065,0.2505701567580293,0.1064301616219224,0.27223663008605564,1.5914885176210043
1120,9.282472000000325,130.5498110462744,247.88610810119076,29.82450507288657,56.63034231387387,-16.69924161281297,0.22845306962807505,-0.1499809197608144,0.5647398955939025,-16.639779077324164,0.17509178735964442,0.08574645481956539,0.19496047936676475,1.754409564064098
1121,9.286562600000252,130.5596939725061,247.88023750503402,29.826762857721103,56.629001158161316,-16.451481623343845,0.22845306962807505,-0.14772313492628086,0.5660810513064547,-16.637797124058583,0.12072801728375242,0.06796520760985064,0.1385443019496512,0.3731738453797353
1122,9.299035700000331,130.5472416083609,247.88356493045774,29.82391807690801,56.62976131871332,-16.649689635215644,0.22845306962807505,-0.1505679157393729,0.5653208907544496,-16.637400733405467,0.20986251565105718,0.09349702353261577,0.22974761997646184,0.17890803878829004
1123,9.302916099999948,130.55421076219764,247.8816616488742,29.825510201494723,56.629326508193195,-16.689331237590004,0.22845306962807505,-0.14897579115266169,0.5657557012745755,-16.637321455274844,0.3266159181702245,0.12421505954130599,0.34943860550750394,-1.4321282047429802
1124,9.314307399999961,130.56489088635018,247.87877112510918,29.827950108641378,56.628666159166244,-16.69725955806488,0.22845306962807505,-0.14653588400600626,0.5664160503015268,-16.686857601601844,0.16441791798943592,0.04195669061058736,0.16968681634992575,-2.387643950176008
1125,9.31780230000004,130.5753657879938,247.8759542253691,29.830343132075917,56.62802262977379,-16.698845222159854,0.22845306962807505,-0.14414286057146697,0.5670595796939821,-16.696764830867245,0.00019485940204647112,-0.011956721949969183,0.011958309662132051,-2.4487102451236993
1126,9.329975699999977,130.5615622416762,247.88039984174267,29.827189669547906,56.62903824448072,-16.699162354978846,0.22845306962807505,-0.1472963230994786,0.5660439649870526,-16.69874627672032,-0.05969748072778337,-0.028583319724266438,0.06618757717052125,-1.0329750364892452
1127,9.333884300000136,130.54361169079016,247.88605455027943,29.823088811096476,56.630330080003795,-16.699225781542644,0.22845306962807505,-0.15139718155090875,0.5647521294639759,-16.699142565890938,0.049508589582387366,0.0026966278975043764,0.0495819749955049,-0.09017834315992666
1128,9.346312000000125,130.54964117342996,247.8844813194546,29.82446626491381,56.629970670592634,-16.699238466855405,0.22845306962807505,-0.15001972773357508,0.5651115388751364,-16.69922182372506,-0.12777837459536948,-0.04678994303499287,0.13607575751562967,-0.037536559006236044
1129,9.349585000000388,130.56053269936336,247.88141009426795,29.826954467446228,56.62926903977122,-16.699241003917958,0.22845306962807505,-0.1475315252011562,0.5658131696965469,-16.69923767529189,0.0031893328089854234,-0.007990267216846151,0.008603267632886774,-0.0038168403650548437
1130,9.363376400000107,130.54835537332718,247.88523136878183,29.8241725199334,56.63014202166381,-16.699241511330467,0.22845306962807505,-0.15031347271398587,0.5649401878039626,-16.699240845605253,0.2546345793607404,0.0701539018591043,0.2641218259672571,-0.001743115158381885
1131,9.367432100000315,130.5553818425994,247.8832684440021,29.825777738407282,56.62969358547243,-16.69924161281297,0.22845306962807505,-0.14870825424010192,0.5653886239953394,-16.699241479667926,0.3551818238926687,0.10012474897616588,0.36902451596237207,-0.00013234535042413987
1132,9.37915090000024,130.5660534074272,247.8801799039693,29.828215690149932,56.62898799902126,-16.69924163310947,0.22845306962807505,-0.14627030249745232,0.5660942104465079,-16.699241606480463,0.15052413901434838,0.04122107346817017,0.15606631066274093,-5.789759957747911e-05
1133,9.383033200000227,130.57648039287244,247.8771418387853,29.830597766981864,56.62829394370425,-16.699241637168768,0.22845306962807505,-0.1438882256655205,0.5667882657635204,-16.69924163184297,-0.007748670297984539,-0.006234904786802019,0.009945648751456817,-5.924948624869726e-06
1134,9.395090500000151,130.56259620295444,247.88137194651273,29.827425881175795,56.62926032479944,-16.69924163798063,0.22845306962807505,-0.14706011147158904,0.5658218846683312,-16.69924163691547,-0.1504131108382677,-0.047512715134199066,0.1577389045589849,-2.3992889081560693e-06
1135,9.399243000000297,130.5445453825257,247.88683544878637,29.82330211583955,56.63050847866477,-16.699241638143,0.22845306962807505,-0.15118387680783485,0.5645737308029979,-16.699241637929973,-0.3439395750912819,-0.10532100329320057,0.35970396863067544,-2.2713788443893621e-07
1136,9.411612700000205,130.5273526237076,247.89202365101494,29.819374377312176,56.63169373938974,-16.699241638175476,0.22845306962807505,-0.15511161533520834,0.5633884700780314,-16.69924163813287,-0.5191749468817014,-0.15685135640648132,0.5423513376734407,-8.986912550640538e-08
1137,9.416175199999998,130.51218254679605,247.896593711826,29.81590872667524,56.63273778381041,-16.69924163818197,0.22845306962807505,-0.15857726597214494,0.5623444256573578,-16.699241638173447,-0.5893738141259444,-0.1777307741875279,0.6155889219850056,-8.672291601606282e-09
1138,9.427439200000208,130.49923475413067,247.90048280906,29.812950763695923,56.63362626001161,-16.69924163818327,0.22845306962807505,-0.1615352289514611,0.5614559494561604,-16.699241638181565,-0.42516627223779235,-0.12790750899457484,0.4439895155358714,-3.3394828717107066e-09
1139,9.43146200000001,130.48842181719476,247.9037324576361,29.810480515061222,56.634368652204024,-16.69924163818353,0.22845306962807505,-0.16400547758616213,0.560713557263746,-16.699241638183192,-0.15180235864915773,-0.04567134695557684,0.15852390363659416,-3.8424299024535934e-10
1140,9.443196900000203,130.47958454975767,247.90637592446762,29.808461614188094,56.63497256031615,-16.699241638183583,0.22845306962807505,-0.16602437845929074,0.5601096491516202,-16.699241638183516,0.07512278762727234,0.02265936422222988,0.07846578877350265,-1.5009939493906098e-10
1141,9.446697500000028,130.4956628915898,247.901543627113,29.812134760734175,56.63386860715213,-16.699241638183594,0.22845306962807505,-0.16235123191320966,0.5612136023156395,-16.69924163818358,0.0920948936844114,0.027910026633253034,0.0962311749352149,-1.565222587660559e-11
1142,9.459177700000055,130.51615052514353,247.8953802610263,29.81681522350894,56.632460567250384,-16.699241638183594,0.22845306962807505,-0.1576707691384449,0.5626216422173869,-16.699241638183594,0.270163748689745,0.08146830651073501,0.282179971067797,-6.468879767547763e-12
1143,9.463567499999954,130.5127351410515,247.89639145197532,29.816034968529156,56.63269157692667,-16.699241638183594,0.22845306962807505,-0.15845102411822864,0.5623906325411028,-16.699241638183594,0.4892550980820185,0.1473979367177702,0.5109762252276532,-3.795573445716941e-13
1144,9.475844600000073,130.52758258897381,247.89191783980047,29.81942691358315,56.631669566492995,-16.699241638183594,0.22845306962807505,-0.15505907906423388,0.5634126429747752,-16.699241638183594,0.2500173886859463,0.07560459931230266,0.2611986793276593,0.0
1145,9.480174600000282,130.54508458156963,247.8866452314345,29.823425297516273,56.63046502292684,-16.699241638183594,0.22845306962807505,-0.1510606951311111,0.5646171865409286,-16.699241638183594,0.2063697948535842,0.062490855308956345,0.21562374457641567,0.0
1146,9.490776000000096,130.53826775794124,247.8886687541477,29.821867973233253,56.63092730290213,-16.699241638183594,0.22845306962807505,-0.1526180194141311,0.5641549065656406,-16.699241638183594,0.15964047329452458,0.048547935593898445,0.1668591704525979,3.7658853383792312
1147,9.507418500000313,130.54968992532514,247.88522642315607,29.82447740243391,56.630140891820425,-16.699241638183594,0.22845306962807505,-0.15000859021347424,0.5649413176473459,-16.51122039794922,0.010990037639524289,0.1565021540605871,0.15688755576183186,6.296266538086649
1148,9.5123722000003,130.54076949671213,247.8878791765898,29.82243950313487,56.63074692148532,-16.699241638183594,0.22845306962807505,-0.15204648951251443,0.5643352879824519,-16.473616149902345,-0.3081140414609371,0.10326843678932203,0.3249594322100872,6.536375136941132
1149,9.522813100000349,130.5194277562581,247.85940570723338,29.81756391701694,56.62424207000789,-15.75913543701172,0.22845306962807505,-0.1569220756304439,0.5708401394598823,-16.46609530029297,-0.3206730261967598,0.0862341615174806,0.3320655362165889,2.880167141665142
1150,9.527384600000005,130.50597846006062,247.8591652390642,29.81449138401629,56.62418713431649,-16.51122039794922,0.22845306962807505,-0.15999460863109505,0.5708950751512774,-16.464591130371094,-0.20374302866280153,0.07257542791321336,0.21628318118956266,0.35875430831834093
1151,9.538565900000322,130.49571534865774,247.86546803706096,29.81214674471237,56.625627027866095,-16.66163739013672,0.22845306962807505,-0.16233924793501586,0.5694551816016755,-16.46429029638672,-0.1366442340967991,0.07346843734962225,0.15514270204716754,
1152,9.543124499999976,130.51051025806288,247.86588788328868,29.815526687180842,56.62572294302559,-16.69172078857422,0.22845306962807505,-0.15895930546654213,0.5693592664421772,-16.65225136982422,-0.12824764711604336,-0.12863622810310454,0.18164453796190827,
1153,9.555105500000082,130.50652999981844,247.87206965758975,29.814617384966986,56.62713518834042,-16.69773746826172,0.22845306962807505,-0.1598686076803979,0.5679470211273525,-16.68984358451172,-0.023263628489137947,-0.1563472224802655,0.15806849903688674,
1154,9.55921460000036,130.49888591792336,247.87903960067672,29.812871070993566,56.62872749323377,-16.69894080419922,0.22845306962807505,-0.1616149216538183,0.5663547162340024,-16.697362027449223,-0.04853366074731176,-0.18906221322005734,0.19519230695189185,-1.69847653918682
1155,9.570955600000161,130.49132151610195,247.88554282863598,29.811142960177566,56.63021317562355,-16.69918147138672,0.22845306962807505,-0.16334303246981818,0.5648690338442179,-16.69886571603672,-0.22016177353895822,-0.20574192891740972,0.30133195622515047,-0.674875180210221
1156,9.575454400000126,130.48470400573447,247.89129995276446,29.80963116962082,56.631528408302934,-16.699229604824218,0.22845306962807505,-0.16485482302656607,0.5635538011648364,-16.69916645375422,0.05854124448701875,-0.14321412999862618,0.15471704604649192,-0.06682400662072172
1157,9.586287900000116,130.47917008102345,247.89625256997823,29.8083669275335,56.63265984890811,-16.69923923151172,0.22845306962807505,-0.16611906511388597,0.5624223605596583,-16.69922660129772,0.21974533784001085,-0.05103385157068035,0.22559358924525924,-0.02537395046618726
1158,9.58952040000031,130.49781376049023,247.89349673624457,29.812626133336845,56.63203027023228,-16.69924115684922,0.22845306962807505,-0.16185985931053892,0.5630519392354927,-16.69923863080642,0.22888626671277829,-0.05188716143012731,0.23469384442500651,-0.003150825701524932
1159,9.60295700000006,130.52022446673388,247.88918000071152,29.81774592797074,56.63104409874898,-16.69924154191672,0.22845306962807505,-0.1567400646766437,0.5640381107187906,-16.699241036708163,0.26533319217143736,-0.009418059580519667,0.26550028759710814,-0.0013352491160946855
1160,9.607528100000309,130.5181939340663,247.89179725847868,29.81728204654985,56.63164201931989,-16.69924161893022,0.22845306962807505,-0.1572039460975354,0.5634401901478796,-16.69924151788851,0.4996281921210953,0.056710265110082834,0.5028363397081103,-9.770268189344674e-05
1161,9.618480900000122,130.51081984582126,247.89563303043997,29.81559741345456,56.632518313198844,-16.69924163433292,0.22845306962807505,-0.15888857919282273,0.5625638962689266,-16.69924161412458,0.3003933051931458,0.03359066690467004,0.3022655632187744,
1162,9.621777300000304,130.52603946462915,247.89236910355726,29.819074382089795,56.631772659083445,-16.69924163741346,0.22845306962807505,-0.15541161055758934,0.5633095503843251,-16.511220393137418,0.03211831897904491,0.41938885836662315,0.42061692896993474,
1163,9.635063000000173,130.54473313275884,247.88776512745181,29.82334500795663,56.630720866609664,-16.69924163802957,0.22845306962807505,-0.15114098469075543,0.5643613428581062,-16.473616148939985,0.09709161920235616,0.47376295756939074,0.48360947311258456,
1164,9.638464999999997,130.53043224559207,247.85794668347427,29.820077926384975,56.62390875155146,-15.759135436980914,0.22845306962807505,-0.154408066262409,0.5711734579163092,-16.4660953001005,0.33597608429003123,0.5048792528107475,0.6064511432371127,1.723847780124481
1165,9.650000099999943,130.5417114549527,247.850823951142,29.82265469638639,56.62228154148601,-16.51122039794306,0.22845306962807505,-0.151831296260994,0.5728006679817597,-16.464591130332604,0.09483225255537135,0.4320551383545646,0.442340139150075,0.8094751490251748
1166,9.653445599999941,130.55740586056436,247.84968413719957,29.82624013152436,56.62202114749206,-16.66163739013549,0.22845306962807505,-0.14824586112302285,0.5730610619757073,-16.464290296379023,-0.1391996537691179,0.29961908306216833,0.3303757535662338,-3.0775278995313227
1167,9.665901900000335,130.54917583647898,247.85720405431942,29.824359957258945,56.62373909564144,-16.691720788573974,0.22845306962807505,-0.15012603538843905,0.5713431138263303,-16.58200600849456,-0.004346413847702776,-0.09418016628791455,0.09428040642336423,-5.358085046339181
1168,9.669409900000119,130.53614344642443,247.86615648232987,29.82138266774639,56.62578430530105,-16.69773746826167,0.22845306962807505,-0.153103324900993,0.5692979041667172,-16.605549150917668,0.09457258032764788,-0.11542235243487675,0.14921894112823048,-5.5105934344656635
1169,9.682128599999942,130.52021673929164,247.8642976044692,29.81774416261284,56.625359638947714,-16.347713997558586,0.22845306962807505,-0.15674183003454445,0.5697225705200566,-16.610257779402282,-0.13973208277774518,-0.15536088045235308,0.20895467961339603,-2.4502858137822154
1170,9.68562460000021,130.53120393457877,247.86376422045322,29.820254221102786,56.625237785731976,-16.628936110058593,0.22845306962807505,-0.15423177154459822,0.5698444237357947,-16.611199505099208,0.017904845908719935,-0.1368266414372958,0.1379931640119369,-0.21819303085973424
1171,9.698186200000237,130.52400581762907,247.87058888226176,29.818609789190088,56.62679690067131,-16.685180532558594,0.22845306962807505,-0.15587620345729647,0.5682853087964617,-16.611387850238593,0.15816683096478976,-0.045972557802891556,0.16471254502430768,-5.287092939096939
1172,9.702698200000214,130.53659151178033,247.87148251719628,29.82148502965234,56.62700105431523,-16.696429417058596,0.22845306962807505,-0.15300096299504418,0.5680811551525409,-16.681670880594595,0.2502223669560107,-0.05287081463099755,0.25574705465520764,-5.607472105109444
1173,9.714121599999999,130.5292208149568,247.87792006777562,29.81980117133771,56.628471732505965,-16.698679193958597,0.22845306962807505,-0.15468482130967587,0.5666104769618059,-16.695727486665795,0.3119179212980111,-0.04078572574127748,0.3145731473777044,-5.662055527549961
1174,9.72984980000001,130.54121404773335,247.8779959471197,29.822541062180274,56.62848906737504,-16.699129149338596,0.22845306962807505,-0.15194493046710988,0.5665931420927279,-16.698538807880034,0.3066893911779378,-0.034540419311748956,0.30862829297931454,-0.5255813065182019
1175,9.733206800000062,130.55629731686497,247.87659584957288,29.82598688131342,56.62816921079269,-16.699219140414595,0.22845306962807505,-0.14849911133396532,0.5669129986750789,-16.699101072122883,0.3076338447663005,-0.015890612389226785,0.3080439806388058,-0.11828528329635504
1176,9.746249700000135,130.54733085997796,247.88189920653383,29.823938466713894,56.629380778969754,-16.699237138629794,0.22845306962807505,-0.15054752593349008,0.5657014304980166,-16.699213524971455,0.29933815248114504,-0.007595362891940606,0.2994344987944534,-0.0609188130331195
1177,9.749634499999956,130.5568423280316,247.88118799743424,29.826111390787418,56.6292183010678,-16.699240738272835,0.22845306962807505,-0.14837460185996676,0.5658639083999688,-16.699236015541167,0.37493580167842994,0.009434870376432338,0.37505449225314846,-0.005205860899523603
1178,9.762441000000308,130.54625403903916,247.88607992782536,29.823692463664987,56.63033587758206,-16.699241458201442,0.22845306962807505,-0.15079352898239762,0.5647463318857078,-16.699240513655113,0.2153706650214803,0.0003925232915585764,0.2153710227173774,-0.0024128587198694847
1179,9.766146800000115,130.55521127587306,247.88471654567704,29.825738771915077,56.6300244087452,-16.699241602187165,0.22845306962807505,-0.14874722073230728,0.5650578007225704,-16.6992414132779,0.39718085593339164,0.05497633699410199,0.40096761708306405,-0.0002028704712402351
1180,9.778458700000101,130.5675328299546,247.8820182172298,29.82855366876759,56.62940796732857,-16.69924163098431,0.22845306962807505,-0.14593232387979427,0.5656742421392025,-16.69924159320246,0.2228364824153335,0.02994934405465598,0.22484007895511732,6.582369073714515
1181,9.78201590000026,130.57924206368983,247.8792150340438,29.831228679157398,56.628767571524996,-16.69924163674374,0.22845306962807505,-0.14325731348998616,0.5663146379427744,-16.628996267859247,0.28661481352511675,0.1792572268036712,0.33805503204860043,6.946258953549261
1182,9.794888100000207,130.56629641680138,247.8835610827297,29.82827120638741,56.62976043968804,-16.699241637895625,0.22845306962807505,-0.14621478625997497,0.5653217697797288,-16.614947202790603,0.12610176098597453,0.15177963049048576,0.19732893947820285,13.056037460501994
1183,9.798873800000365,130.56856461323355,247.8720590939246,29.82878938282486,56.62713277503869,-16.348014831485376,0.22845306962807505,-0.14569660982252586,0.5679494344290816,-16.54189202844875,0.10940045743719982,0.2532280905694722,0.2758494624626436,6.843326825993868
1184,9.81204600000001,130.5541284579959,247.8751345244577,29.825491398847188,56.62783536658441,-16.62899627684395,0.22845306962807505,-0.14899459380019664,0.5672468428833639,-16.527280993580376,-0.09541694941139192,0.20060992633115465,0.22214575570459907,6.696982813531967
1185,9.816525200000342,130.5569738869599,247.8642075202746,29.826141445828423,56.62533905893693,-16.333965759275042,0.22845306962807505,-0.14834454681896148,0.5697431505308401,-16.5243587866067,0.03145839241894919,0.21433643800493277,0.21663272862203206,-1.489165588036642
1186,9.827708300000268,130.54365478765794,247.86827355975615,29.82309865670821,56.626267958137724,-16.626186462401883,0.22845306962807505,-0.15138733593917308,0.5688142513300463,-16.59401970654009,0.05307255389862678,0.08521225339101907,0.10038836638424735,6.504649248262899
1187,9.83196020000014,130.5511854559477,247.86843176274178,29.824819060995356,56.62630410009542,-16.68463060302725,0.22845306962807505,-0.14966693165202827,0.568778109372353,-16.48733665615177,0.17103549435750198,0.3219046709877835,0.36452127171657384,4.807777311658247
1188,9.842980100000204,130.5626697160377,247.86777322388858,29.827442675465328,56.62615365487293,-16.696319431152325,0.22845306962807505,-0.14704331718205665,0.5689285545948408,-16.536245407402227,0.08987473712939564,0.19459227830506656,0.21434463639203674,5.988928471819451
1189,9.846622300000035,130.5680813694391,247.84975580597214,29.82867898429664,56.62203752044315,-16.09558102490234,0.22845306962807505,-0.14580700835074367,0.5730446890246199,-16.54602715765232,-0.06118525010107803,0.1026010188801588,0.11945963295263455,-2.428287735068604
1190,9.858775700000024,130.55421364069963,247.85397184944225,29.82551085909734,56.62300068851558,-16.578509515527344,0.22845306962807505,-0.14897513355004577,0.5720815209521888,-16.547983507702337,-0.20027581674871497,0.07049848747120438,0.21232154744653783,-0.9836056681513298
1191,9.862531600000239,130.537322788837,247.86289939546603,29.82165209214069,56.62504021380896,-16.675095213652344,0.22845306962807505,-0.1528339005066961,0.5700419956588121,-16.54837477771234,-0.13850925110393897,0.05004058865037689,0.14727142680727395,-3.3150579358302696
1192,9.874999900000148,130.52144999042213,247.87212362205986,29.818025902619222,56.62714751668926,-16.694412353277343,0.22845306962807505,-0.15646009002816186,0.5679346927785076,-16.66906826608934,-0.24015422532645928,-0.2004697850089972,0.31282932510189215,-5.35165708486413
1193,9.878849300000184,130.5306653845684,247.87361714819076,29.820131187699772,56.62748871731844,-16.698275781202344,0.22845306962807505,-0.15435480494761222,0.567593492149328,-16.693206963764744,-0.3409838695086727,-0.2731944838645349,0.4369270251187458,-5.448993489742259
1194,9.89103490000025,130.5216624704097,247.8801474511102,29.818074444324616,56.62898058506598,-16.699048466787346,0.22845306962807505,-0.15641154832276882,0.5661016244017887,-16.698034703299825,-0.08932738526748235,-0.16195112915327262,0.18495283180515298,
1195,9.8946162000002,130.50967281975085,247.88709008543378,29.815335371827832,56.630566651188516,-16.699203003904344,0.22845306962807505,-0.15915062081955256,0.564515558279254,-16.57838501683184,0.07436861453071306,0.0711034407654583,0.10289018474035715,
1196,9.906370500000321,130.5215527264221,247.88641104064556,29.818049372973775,56.63041152132223,-16.699233911327745,0.22845306962807505,-0.15643661967360956,0.5646706881455401,-16.554455079538247,-0.06713630675878754,0.0803946094492383,0.10474052183231464,
1197,9.910896900000353,130.53200713912506,247.86667188247583,29.820437715646925,56.625902050046484,-16.096163920937425,0.22845306962807505,-0.15404827700045942,0.5691801594212862,-16.549669092079526,0.07428663000449381,0.10611033990087743,0.12952956276967934,1.0589225046184598
1198,9.922350400000141,130.52395484874611,247.8687866534803,29.81859814519232,56.626385175974015,-16.57862609473436,0.22845306962807505,-0.155887847455066,0.5686970334937556,-16.548711894587782,0.19383528127800845,0.16802549278591106,0.2565242337364501,0.3930260063367742
1199,9.927367700000104,130.5357776831338,247.8686515889072,29.82129910799989,56.62635432005769,-16.675118529493748,0.22845306962807505,-0.15318688464749286,0.5687278894100771,-16.548520455089434,0.11656721027209786,0.14604960386058682,0.18686466037871852,-3.651398771776233
1200,9.938254099999995,130.5278157281565,247.87500362598655,29.819480174945085,56.627805462426856,-16.694417016445627,0.22845306962807505,-0.1550058177022997,0.5672767470409141,-16.669097401564766,-0.09988188167064163,-0.11922512887121761,0.1555346316433305,-4.152029169796598
1201,9.955256900000222,130.5162465345782,247.88219924023687,29.816837157159,56.629449322590204,-16.698276713836,0.22845306962807505,-0.15764883548838426,0.565632886877566,-16.693212790859832,-0.10926812674865867,-0.1352597760188109,0.17388136913372815,-4.514626495093771
1202,9.959851900000103,130.50509160190626,247.88883899462954,29.8142887785486,56.630966194862786,-16.699048653314076,0.22845306962807505,-0.1601972140987833,0.5641160146049842,-16.69803586871884,-0.050286388143852806,-0.11350347436962105,0.12414410790097709,-0.8524465840757127
1203,9.97064360000013,130.4952876404668,247.89461880627456,29.812049033463246,56.632286610574965,-16.699203041209692,0.22845306962807505,-0.16243695918413792,0.5627955988928051,-16.699000484290643,-0.032100770322456965,-0.09892822420391986,0.10400602386129455,-0.3954900338692995
1204,9.974709500000245,130.51011722872022,247.8925733111878,29.815436898421055,56.631819310943484,-16.699233918788813,0.22845306962807505,-0.1590490942263294,0.563262898524286,-16.69919340740501,-0.07421633527274699,-0.11688413713996297,0.1384556460974794,-0.04667552149556302
1205,9.986795300000267,130.50608841972888,247.89576982315828,29.81451650464004,56.63254956391524,-16.69924009430464,0.22845306962807505,-0.159969488007345,0.5625326455525297,-16.69923199202788,0.09981462336197394,-0.037082465594460746,0.10648036575565037,-0.017417229345521233
1206,9.991588200000024,130.49840931196348,247.89968174411965,29.812762188899033,56.63344325426701,-16.699241329407805,0.22845306962807505,-0.1617238037483517,0.5616389552007632,-16.699239708952454,0.1066449649822801,-0.03195383730465851,0.11132922471015566,-0.001646594057882207
1207,10.002841500000159,130.51395321910417,247.8962880812936,29.81631324219933,56.63266796157711,-16.699241576428438,0.22845306962807505,-0.15817275044805257,0.5624142478906577,-16.699241252337366,0.003940342118561695,-0.038717773876424125,0.03891776342439557,-0.0006029966693425104
1208,10.007839000000331,130.51016021029363,247.89840368536247,29.81544671769344,56.633151277820765,-16.699241625832563,0.22845306962807505,-0.159039274953944,0.5619309316470051,-16.699241561014354,-0.02856104053174003,-0.04581786217303718,0.05399082820593817,-6.816778006277957e-05
1209,10.018887800000357,130.5256227857277,247.8944808346707,29.81897919051571,56.63225509053854,-16.69924163571339,0.22845306962807505,-0.15550680213167567,0.5628271189292278,-16.699241622749746,0.10120539108834939,0.007218755093690561,0.10146251332609711,-2.333276071745185e-05
1210,10.023556800000279,130.5207451434534,247.89644125358956,29.8178648781656,56.63270295425831,-16.699241637689553,0.22845306962807505,-0.1566211144817835,0.5623792552094571,-16.69924163509683,0.2161773082443634,0.04518155036351381,0.2208483667429516,-2.816013604174056e-06
1211,10.03498720000016,130.53489514816803,247.89250249479386,29.821097490177905,56.63180313272091,-16.699241638084786,0.22845306962807505,-0.153388502469479,0.5632790767468592,-16.699241637566246,0.316789729495575,0.08411241763352009,0.3277661231946268,-9.913878616643335e-07
1212,10.039333100000022,130.55183368084084,247.88758103751684,29.824967149962006,56.63067881069893,-16.699241638163834,0.22845306962807505,-0.14951884268537796,0.5644033987688388,-16.699241638060126,0.3078872911335014,0.5076505364572925,0.5937201792148404,-1.1291348467865535e-07
1213,10.050237700000253,130.5675696262649,247.8829060015667,29.828562074997635,56.6296107843855,-16.699241638179643,0.22845306962807505,-0.14592391764974977,0.5654714250822721,-16.699241638158902,0.39384625727575534,0.5540202296970778,0.6797450178439878,-4.2711460773871633e-08
1214,10.053873900000326,130.571949932201,247.8479085072276,29.829562769334643,56.62161549937444,-16.699241638182805,0.22845306962807505,-0.1449232233127411,0.573466710093328,-16.69924163817866,0.467449914862976,0.5398946978727328,0.714139837634404,-4.9373957224158e-09
1215,10.066194100000303,130.5822575025815,247.84057820102566,29.83191756542848,56.619940868421295,-16.699241638183437,0.22845306962807505,-0.1425684272189045,0.575141341046475,-16.69924163818261,0.23956227833823948,0.45763822481495375,0.516548961875242,-1.9911034088106197e-09
1216,10.069790100000318,130.59250193668055,247.8404507941529,29.834257937845006,56.61991176193012,-16.699241638183565,0.22845306962807505,-0.1402280548023782,0.5751704475376513,-16.6992416381834,-0.039786134426056635,0.3222735682809298,0.3247201707702978,-1.8405004766850324e-10
1217,10.08293679999997,130.5781715657131,247.84923089311832,29.830984120608584,56.621917602490406,-16.69924163818359,0.22845306962807505,-0.14350187203880083,0.5731646069773646,-16.699241638183558,-0.07662157039217281,-0.1277268980889853,0.14894638479935232,-7.95175960716358e-11
1218,10.08696000000009,130.5593797749732,247.8594253380257,29.826691078330246,56.62424655472265,-16.699241638183594,0.22845306962807505,-0.14779491431713865,0.5708356547451174,-16.699241638183587,-0.01323128683479377,-0.16489121799867643,0.16542122211007756,1.3327846934115
1219,10.099353100000371,130.5643177525812,247.86220283108844,29.827819174472545,56.6248810815387,-16.699241638183594,0.22845306962807505,-0.14666681817483962,0.5702011279290673,-16.64968963623047,-0.10653671941781374,-0.15776784155123988,0.19037007225939453,2.0953578228920646
1220,10.103685100000348,130.5739522103621,247.86314897437367,29.8300201959268,56.62509723087653,-16.699241638183594,0.22845306962807505,-0.1444657967205849,0.5699849785912434,-16.639779235839846,0.0460690394621604,-0.1285108095518321,0.13651880664814411,2.158002380849471
1221,10.114231800000198,130.58246052573506,247.861131024111,29.83196394669111,56.62463622394466,-16.45148162841797,0.22845306962807505,-0.14252204595627305,0.5704459855231079,-16.63779715576172,0.252462310612818,0.09399582106017712,0.26939271084559774,0.8608605196491479
1222,10.117939100000058,130.590801746424,247.86123307341057,29.833869524161948,56.624659537420406,-16.64968963623047,0.22845306962807505,-0.14061646848543674,0.5704226720473642,-16.637400739746095,0.2876273631402324,0.1376198740325,0.31885534299384777,0.10032934022629718
1223,10.130881500000214,130.58881295491653,247.83100040702453,29.833415178637214,56.617752791981474,-16.68933123779297,0.22845306962807505,-0.1410708140101704,0.5773294174862968,-16.63732145654297,0.20783462833018,0.13401534483767769,0.2472960682766827,-3.9041730892045865
1224,10.135070400000131,130.593705924276,247.82793976850417,29.834532992506983,56.61705357971647,-16.697259558105472,0.22845306962807505,-0.13995300014040168,0.5780286297513015,-16.68685760185547,0.14219745491198793,0.045036617743158674,0.14915901957706157,-4.215547512030223
1225,10.14704729999994,130.59942669469206,247.8315004755733,29.835839920069166,56.61786703417646,-16.69884522216797,0.22845306962807505,-0.1386460725782186,0.5772151752913075,-16.69676483091797,-0.04121206223867469,-0.0032937096865360005,0.04134347103792299,-4.376999096307642
1226,10.151190600000064,130.59681712289176,247.83877645556325,29.835243755380976,56.619529254139714,-16.69916235498047,0.22845306962807505,-0.1392422372664086,0.5755529553280567,-16.698746276730468,-0.2694273854666215,-0.2414600087485055,0.36179283003427226,-0.446871552020207
1227,10.16245170000002,130.57695009981472,247.8509981300041,29.830705072974652,56.62232133318172,-16.69922578154297,0.22845306962807505,-0.1437809196727322,0.572760876286047,-16.69914256589297,-0.3473797536594609,-0.17093436868340506,0.38715791564903074,-0.1773464776100686
1228,10.166708400000061,130.5550346440943,247.8632431543272,29.82569841984302,56.62511874657601,-16.69923846685547,0.22845306962807505,-0.1487875728043626,0.5699634628917636,-16.69922182372547,-0.41460764305823683,-0.17149053220516197,0.4486741582911991,-0.018386242540948426
1229,10.178466000000299,130.54870891737124,247.8365039953689,29.824253288155514,56.61901010363271,-16.69924100391797,0.22845306962807505,-0.1502327044918701,0.5760721058350597,-16.699237675291972,-0.30926085177060214,-0.1438776565694194,0.3410909768636311,-0.00672178035923191
1230,10.194510499999978,130.53276515048537,247.84146929107857,29.820610885669,56.6201444406792,-16.69924151133047,0.22845306962807505,-0.1538751069783828,0.5749377687885726,-16.69924084560527,-0.22029832928884407,0.002425132245321121,0.22031167729801177,-0.00056695896885986
1231,10.198599000000286,130.53961676369556,247.8461781748204,29.822176157738774,56.62122019962454,-16.69924161281297,0.22845306962807505,-0.1523098349086105,0.5738620098432321,-16.699241479667933,0.14355083433594856,0.13383064370907147,0.19625871505268597,-0.00012092532723171677
1232,10.211158999999952,130.54191331567975,247.81959202905665,29.822700812089124,56.61514651301523,-16.69924163310947,0.22845306962807505,-0.15178518055826018,0.5799356964525373,-16.699241606480463,0.12484354276923317,-0.018790581317667567,0.12624973709845588,-5.731771525888026e-05
1233,10.21490410000024,130.55245525763087,247.8195945099497,29.825109151087698,56.615147079782865,-16.699241637168768,0.22845306962807505,-0.1493768415596861,0.5799351296849053,-16.69924163184297,0.26874076354940146,-0.105338521929521,0.2886482326213197,-5.760589898742853e-06
1234,10.227184800000032,130.54081996064795,247.83268717118858,29.822451031775916,56.618138138432485,-16.69924163798063,0.22845306962807505,-0.15203496087146817,0.5769440710352853,-16.69924163691547,0.23514683936098582,-0.07570122652287956,0.24703180313176196,-2.488501044350837e-06
1235,10.230804499999977,130.5486228063241,247.84066385822683,29.824233615822465,56.61996043707184,-16.699241638143,0.22845306962807505,-0.15025237682491976,0.5751217723959314,-16.699241637929973,0.35911279589818396,-0.23281729064915388,0.4279788441068359,-2.3664036414600792e-07
1236,10.243025799999941,130.56011789030174,247.84681223530868,29.82685970304279,56.62136505268941,-16.699241638175476,0.22845306962807505,-0.14762628960459523,0.5737171567783577,-16.69924163813287,0.26655174216993177,-0.2484197019871661,0.3643654478531385,-1.0244315739516169e-07
1237,10.246906800000033,130.57135729239965,247.85194277440334,29.829427378952843,56.62253714009444,-16.69924163818197,0.22845306962807505,-0.1450586136945411,0.5725450693733336,-16.699241638173447,0.40342086274085814,-0.2394191812943367,0.4691161230081831,-9.231852391724144e-09
1238,10.25961980000011,130.58138836484795,247.85629242577858,29.83171900824532,56.62353083130292,-16.69924163818327,0.22845306962807505,-0.1427669844020656,0.5715513781648482,-16.699241638181565,0.3335831604337318,-0.1506802507245707,0.3660358764976137,3.9198191581680137
1239,10.263833599999998,130.59001872207136,247.85995475927666,29.833690639844992,56.62436750263256,-16.69924163818353,0.22845306962807505,-0.14079535280239242,0.5707147068352114,-16.649689636230065,0.10292855228223496,-0.1972564018548887,0.2224957863593244,4.20468182057515
1240,10.275430300000153,130.59729182041042,247.86298749963362,29.835352201486256,56.62506034147649,-16.699241638183583,0.22845306962807505,-0.13913379116112878,0.5700218679912794,-16.639779235839764,-0.021633638277558258,-0.1467524543556138,0.14833845477326754,4.356684158091857
1241,10.279776900000343,130.57943770119635,247.86960505972286,29.8312733731463,56.62657214339233,-16.451481628417966,0.22845306962807505,-0.14321261950108521,0.5685100660754401,-16.637797155761703,-0.23359348344589573,-0.2140114711719757,0.31680723682009115,0.44846791427196947
1242,10.291165300000102,130.5813714187073,247.87207198026275,29.831715136847468,56.627135718962194,-16.64968963623047,0.22845306962807505,-0.14277085579991677,0.5679464905055767,-16.637400739746088,-0.3144735207229559,-0.1794462041320544,0.36206979356650887,0.16955717967151862
1243,10.295605499999965,130.56427672308502,247.88012737006568,29.8278098011582,56.628975997489725,-16.68933123779297,0.22845306962807505,-0.14667619148918476,0.5661062119780453,-16.63732145654297,-0.2596968157275306,-0.16255863528715497,0.30637843593412584,-1.325685327587657
1244,10.307898200000182,130.56769347886694,247.8815117924676,29.82859036950475,56.6292922730371,-16.697259558105472,0.22845306962807505,-0.1458956231426356,0.5657899364306687,-16.686857601855472,-0.1325767660696212,-0.11647472019235627,0.17647367890245488,-2.121839046801292
1245,10.312107500000366,130.57537979061516,247.88105681164228,29.830346331017747,56.62918833127094,-16.69884522216797,0.22845306962807505,-0.14413966162963732,0.5658938781968317,-16.69676483091797,-0.46598232767819414,0.1748081907988794,0.49769210690824234,-2.185258663696061
1246,10.32360060000019,130.56014667494873,247.88696265872113,29.82686627898375,56.63053754016486,-16.69916235498047,0.22845306962807505,-0.1476197136636337,0.5645446693029115,-16.698746276730475,-0.27436802939834515,0.2753821580144431,0.3887327468951167,-0.8755182876911379
1247,10.327543800000058,130.53204258914735,247.86267846985606,29.820445814313338,56.624989742675204,-16.69922578154297,0.22845306962807505,-0.15404017833404637,0.5700924667925662,-16.699142565892977,-0.23874954505585627,0.5326722980832538,0.5837303507696624,1.7722434977818335
1248,10.340096700000231,130.53635766266768,247.85782049637027,29.821431606104728,56.6238799237202,-16.69923846685547,0.22845306962807505,-0.15305438654265657,0.5712022857475674,-16.62897646239735,-0.2874700932989567,0.5804625542497408,0.6477467340152663,2.9430082446349903
1249,10.344298400000298,130.54080099403606,247.83463334674883,29.822446698795208,56.61858274821326,-16.69924100391797,0.22845306962807505,-0.15203929385217663,0.5764994612545138,-16.61494324169822,-0.18054067237239507,0.8233305379982754,0.8428927032435422,3.0679666127295566
1250,10.354527599999983,130.54857228830394,247.8228284111501,29.824222074825688,56.61588587443897,-16.348014704689845,0.22845306962807505,-0.15026391782169668,0.5791963350287972,-16.6121365975584,0.14890854427989958,0.6478423555521133,0.6647356408429367,1.2476578844746533
1251,10.358888900000238,130.55299847979083,247.80188706494573,29.82523325185763,56.61110175961644,-16.628996251484846,0.22845306962807505,-0.14925274078975548,0.5839804498513317,-16.61157526873043,0.009015028524759688,0.5288660806616774,0.5289429099758746,0.13742860317004543
1252,10.3710873,130.55401347492818,247.77361477160753,29.825465130612415,56.6046428674179,-16.685192560843845,0.22845306962807505,-0.14902086203496978,0.5904393420498693,-16.61146300296484,-0.1451934288752444,0.3254260468662282,0.35634708328753195,-4.603014292267038
1253,10.376122300000134,130.54032831990392,247.7847771365054,29.822338714938788,56.607192943943126,-16.696431822715645,0.22845306962807505,-0.15214727770859682,0.5878892655246446,-16.681685911139844,-0.32966272917026584,0.1168557628258623,0.34976103886739907,-5.083221759861549
1254,10.38682770000014,130.5155180235795,247.77336560980996,29.816670726585087,56.60458594564041,-16.698679675090006,0.22845306962807505,-0.1578152660622969,0.5904962638273616,-16.695730492774846,-0.32926751280316274,-0.15913578807069975,0.36570656821072217,-5.285372146931921
1255,10.391530800000055,130.5001029556019,247.78940692369272,29.813149106987083,56.60825063303779,-16.699129245564876,0.22845306962807505,-0.16133688566030102,0.5868315764299794,-16.698539409101844,-0.304096013145648,-0.23438675491423303,0.38394209991911915,-0.6528357346133684
1256,10.402915900000153,130.5117559329923,247.80351094112825,29.815811265442225,56.61147273911503,-16.69921915965985,0.22845306962807505,-0.15867472720515963,0.5836094703527408,-16.69910119236724,-0.09445747901206353,0.009288028076669202,0.0949130275929886,-0.21791157103031
1257,10.418645200000356,130.52173018197854,247.79296071257698,29.818089913240367,56.609062507017214,-16.699237142478847,0.22845306962807505,-0.15639607940701694,0.5860197024505567,-16.699213549020325,-0.0473634598672934,-0.011866478032087652,0.04882735536035852,-0.020404598732547727
1258,10.423399100000097,130.53062099153956,247.7781466417673,29.820121045976062,56.605678187067056,-16.699240739042644,0.22845306962807505,-0.15436494667132195,0.5894040224007142,-16.69923602035094,-0.00809495618307457,-0.027959570675462037,0.02910783241607066,-0.004083462715046585
1259,10.435216200000013,130.51541434212317,247.7710213406176,29.816647040238127,56.604050390147385,-16.699241458355406,0.22845306962807505,-0.15783895240925716,0.591031819320385,-16.699240514617067,-0.03816539310472508,0.09176547998998352,0.09938561540097371,-0.0017625850001837442
1260,10.440195700000004,130.50337293367534,247.78975927192198,29.813896143515574,56.608331128072344,-16.699241602217956,0.22845306962807505,-0.16058984913181007,0.5867510813954269,-16.69924141347029,-0.14384074381083134,-0.13915624101127771,0.2001365008998659,1.5375767923801236
1261,10.450936800000363,130.50729770119227,247.7749201341426,29.814792768702397,56.604941081496015,-16.699241630990468,0.22845306962807505,-0.15969322394498775,0.590141127971755,-16.649689591287814,-0.1765448605580794,-0.3315888853204974,0.375658457455122,2.383009300350686
1262,10.454844800000046,130.50073723657738,247.79205004085986,29.813294010422936,56.60885446126802,-16.69924163674497,0.22845306962807505,-0.16119198222444808,0.5862277481997538,-16.639779226851317,0.10036916256479234,-0.5207773451329462,0.5303612089865523,2.4375792277388717
1263,10.46696540000039,130.51472974981817,247.80532757369153,29.816490643024608,56.6118877544005,-16.451481628130246,0.22845306962807505,-0.15799534962277662,0.5831944550672716,-16.637797153964016,0.24524617284611858,-0.27407435436580957,0.3677804195667622,0.9339103916524458
1264,10.470841000000291,130.53323108247406,247.819038192251,29.820717329262056,56.61501998729691,-16.649689636172926,0.22845306962807505,-0.15376866338532835,0.5800622221708593,-16.637400739386557,0.2954421087376168,-0.0376849841892094,0.2978358568887748,0.09094965286744096
1265,10.4821108000001,130.54171307457358,247.80059618746705,29.822655066393754,56.61080685469392,-16.68933123778146,0.22845306962807505,-0.1518309262536306,0.5842753547738511,-16.637321456471064,0.38688137549741486,0.24724070383658392,0.45913523535052403,-4.493614550260527
1266,10.485755800000334,130.5470493623934,247.77670239159332,29.82387415772661,56.6053482436815,-16.69725955810317,0.22845306962807505,-0.1506118349207739,0.589733965786273,-16.68685760184109,0.3710556364896267,0.5366216321832279,0.6524147925190795,-4.797047662275725
1267,10.498017000000345,130.55100413136984,247.75398623632606,29.824777636838945,56.60015866828054,-16.69884522216751,0.22845306962807505,-0.1497083558084391,0.594923541187228,-16.696764830915093,0.19494676940160743,0.6483193945949183,0.6769950371369385,-0.6431617801213365
1268,10.50183220000008,130.55408709241277,247.73400208276314,29.82548194875275,56.595593227055176,-16.699162354980377,0.22845306962807505,-0.14900404389463517,0.5994889824125949,-16.64919427477677,0.20176584807187317,0.6998898082034317,0.7283922027830876,4.137336510864132
1269,10.514495200000056,130.56572971988055,247.74784301947008,29.8281417427363,56.59875523153241,-16.69922578154295,0.22845306962807505,-0.14634424991108475,0.5963269779353624,-16.639680163549105,0.1365275451960942,0.4508488804002069,0.4710673874886602,4.593649366494026
1270,10.517887500000143,130.56878914994084,247.73846298265073,29.828840678924884,56.5966123333278,-16.45147845708984,0.22845306962807505,-0.14564531372250045,0.5984698761399727,-16.637777341303575,0.2156878955423513,0.1825552575510217,0.28257333622089703,0.44723841645704415
1271,10.530805600000349,130.5692564610692,247.72419322979354,29.828947437586628,56.593352364484744,-16.649689001964845,0.22845306962807505,-0.14553855506075664,0.6017298449830264,-16.637396776854466,0.18000011965423876,-0.027669594758326792,0.1821143858942239,0.20269452105855798
1272,10.53510580000011,130.5780936868005,247.74147692683314,29.830966328931943,56.59730087812796,-16.689331110939847,0.22845306962807505,-0.14351966371544123,0.5977813313398102,-16.637320663964648,0.22469077705857007,-0.19427402907084984,0.2970325633101621,-1.3251595561681375
1273,10.54742030000034,130.57842616217863,247.73363278151297,29.83104228395265,56.59550885905096,-16.697259532734847,0.22845306962807505,-0.14344370869473266,0.5995733504168115,-16.686857443339807,0.21306048294883562,-0.40492465220962015,0.45755736619736864,-2.183589814060539
1274,10.5513119000002,130.58581061158958,247.75207656085675,29.832729284088096,56.59972239705758,-16.698845217093847,0.22845306962807505,-0.14175670855928857,0.5953598124101873,-16.69676479921484,0.18177788384688182,-0.33059903630927023,0.3772783082347415,-2.243144111853118
1275,10.563622000000123,130.59377931305363,247.77479205891535,29.834549758398506,56.604911822317206,-16.699162353965647,0.22845306962807505,-0.13993623424887858,0.5901703871505646,-16.698746270389847,0.10694702237266528,-0.20897470596175388,0.23475113061747085,-0.9408650162148106
1276,10.567044200000055,130.5915600626384,247.76544484090073,29.834042763828872,56.60277642166928,-16.699225781340004,0.22845306962807505,-0.140443228818512,0.5923057877984874,-16.699142564624847,0.18275014775190812,-0.5066216251567133,0.5385750528754312,-0.09461288609790028
1277,10.578247500000089,130.59623519998576,247.78065182912167,29.835110813306812,56.60625050480815,-16.699238466814876,0.22845306962807505,-0.13937517934057198,0.5888317046596185,-16.69922182347185,0.0886190588611572,-0.2713988798702583,0.2855007698558239,-0.04258331055539047
1278,10.58149960000037,130.60171840693005,247.79976577100112,29.83636346876464,56.610617143503205,-16.69924100390985,0.22845306962807505,-0.1381225238827426,0.5844650659645652,-16.699237675241246,-0.34702457967043987,-0.032510960115175735,0.3485441455871207,-0.004065853246975005
1279,10.59425020000026,130.59964453703526,247.79455356433232,29.83588968682117,56.609426398890186,-16.699241511328847,0.22845306962807505,-0.13859630582621563,0.5856558105775846,-16.699240845595128,-0.3987621511030396,-0.2244452794860251,0.45758817361890297,5.012141305571218
1280,10.597544500000367,130.570367066876,247.7834085937198,29.82920115889234,56.60688029614284,-16.699241612812646,0.22845306962807505,-0.14528483375504564,0.5882019133249301,-16.649689477712776,-1.021771302054226,-0.47937219021254884,1.1286338159255926,5.265557241553891
1281,10.610664199999974,130.54700308263696,247.80268656005103,29.82386358497419,56.61128440672739,-16.699241633109406,0.22845306962807505,-0.15062240767319324,0.5837978027403778,-16.63977920413631,-1.110981718030769,-0.18406516274615228,1.1261262637623577,10.366910803035006
1282,10.61403160000009,130.50249250039556,247.8260454803448,29.81369500583021,56.6166208237717,-16.451481627403133,0.22845306962807505,-0.16079098681717596,0.5784613856960732,-16.588245147467887,-1.1070428343525522,-0.23048045502142986,1.1307807379143924,5.61330922669459
1283,10.627232900000308,130.49897517588013,247.81831251754713,29.81289146224778,56.614854204683255,-16.649689636027503,0.22845306962807505,-0.16159453039960425,0.5802280047845159,-16.577938336134206,-0.6522392168798621,-0.21005686692466174,0.6852298033348089,5.401835663012893
1284,10.644275600000128,130.4976724133548,247.82865878734577,29.81259384214987,56.61721784177796,-16.44157122798675,0.22845306962807505,-0.16189215049751482,0.5778643676898128,-16.575876973867466,-0.6033827343118522,-0.20495519023259667,0.6372419901959749,-2.95096547495989
1285,10.649313200000051,130.50304588043832,247.80936425127982,29.81382142719965,56.61280994578664,-16.647707556144226,0.22845306962807505,-0.16066456544773544,0.5822722636811335,-16.625016703367244,-0.12468322311608143,-0.16422270141370904,0.2061916627466561,-3.5410074868974215
1286,10.659246600000188,130.4959778397385,247.8228511641383,29.812206711605516,56.615891072428965,-16.68893482177572,0.22845306962807505,-0.16227928104186873,0.579191137038805,-16.6348446492672,-0.0906629413917909,-0.12091183460077388,0.15112723344366566,-8.969292700109873
1287,10.662433800000144,130.48724137765925,247.8421187358588,29.81021084002582,56.62029280833279,-16.69718027490202,0.22845306962807505,-0.16427515262156334,0.5747894011349786,-16.68636224040032,0.15207458914407485,-0.15115666931389649,0.21441786152606276,-5.989458000348108
1288,10.675074799999948,130.4932855641414,247.82273137463852,29.811591652981072,56.61586370615003,-16.69882936552728,0.22845306962807505,-0.1628943396663125,0.5792185033177404,-16.696665758626942,0.14170130049615637,-0.24578198716734256,0.28370414832749585,-5.85523357191518
1289,10.678587100000186,130.5116766461623,247.82718858096433,29.81579315212253,56.61688196861713,-16.699159183652334,0.22845306962807505,-0.15869284052485355,0.5782002408506415,-16.69872646227227,0.3611801319470779,-0.24229438501294281,0.434922587045222,-0.47839409967312074
1290,10.690932400000293,130.52204223893315,247.805471919411,29.81816120360955,56.6119207306232,-16.699225147277343,0.22845306962807505,-0.15632478903783564,0.5831614788445734,-16.69913860300133,0.4279752035127024,0.08292599212847875,0.43593519586313695,-0.21333458760331783
1291,10.69507270000031,130.53898452823915,247.81077731212815,29.82203172160803,56.613132763875015,-16.699238340002346,0.22845306962807505,-0.15245427103935327,0.5819494455927554,-16.699221031147143,0.535652164605429,-0.0817544661503444,0.541855178236777,-0.018213764398725362
1292,10.707301200000074,130.52334171311446,247.79766121645977,29.81845807247517,56.61013635155803,-16.699240978547344,0.22845306962807505,-0.1560279201722139,0.5849458579097373,-16.699237516776307,0.3221697539458847,0.05076675970997646,0.3261450815956028,-0.007370312095408657
1293,10.711161700000048,130.53428544048563,247.8056546229626,29.820958200586286,56.61196246981039,-16.699241506256346,0.22845306962807505,-0.153527792061098,0.5831197396573771,-16.699240813902136,0.4493823623708024,-0.12261660804363653,0.465810412268865,-0.0007530637422144777
1294,10.72273210000003,130.5408093667132,247.7867789511508,29.822448611559004,56.607650264643695,-16.699241611798143,0.22845306962807505,-0.15203738108838039,0.5874319448240755,-16.699241473327305,0.31818476075669155,-0.11594624984112505,0.3386518489983683,-0.00031500864907841203
1295,10.726614900000186,130.5548800760533,247.79468286644982,29.825663108299594,56.609455938355836,-16.699241632906507,0.22845306962807505,-0.14882288434779056,0.5856262711119342,-16.699241605212336,0.41161431232388684,0.019023566699086253,0.4120536836382134,-3.107445750859307e-05
1296,10.73826310000004,130.5690979792184,247.8079083875109,29.828911231921335,56.61247734923967,-16.69924163712818,0.22845306962807505,-0.14557476072604913,0.582604860228102,-16.699241631589345,0.29250949804014575,0.17349010874085294,0.3400891416593758,-1.2477681132720089e-05
1297,10.742651600000045,130.57245790544914,247.7902377475125,29.829678817382472,56.608440437289744,-16.699241637972513,0.22845306962807505,-0.14480717526491205,0.5866417721780266,-16.69924163686475,0.356032468997877,-0.004588225720040445,0.3560620322303156,-1.1860703469650877e-06
1298,10.754164500000115,130.57508316532713,247.7751541939582,29.83027856606017,56.60499455317937,-16.69924163814138,0.22845306962807505,-0.14420742658721508,0.5900876562884037,-16.699241637919826,0.22481075866757844,0.031196681664723003,0.22696499765290298,-4.468175032665212e-07
1299,10.758681799999977,130.5839105618396,247.785390873929,29.832295211890262,56.60733315414149,-16.699241638175153,0.22845306962807505,-0.14219078075712233,0.5877490553262774,-16.69924163813084,0.23571413246800915,-0.042295846566557105,0.23947879004606631,-4.728875117846871e-08
1300,10.770703400000002,130.59294953377045,247.8004469921639,29.834360192774152,56.610772770568936,-16.699241638181906,0.22845306962807505,-0.14012579987323193,0.5843094388988348,-16.699241638173046,0.23028142178804328,-0.28681542212461997,0.36782145069210775,-1.7264252194690654e-08
1301,10.77607910000006,130.60079399355004,247.8151973498476,29.836152283690375,56.61414253505989,-16.699241638183256,0.22845306962807505,-0.1383337089570098,0.5809396744078796,-16.699241638181483,0.27926663093910736,-0.47933253588553953,0.5547517743230225,-1.750133780834447e-09
1302,10.786030500000379,130.6072297483875,247.82838353545995,29.837622551638365,56.61715495963972,-16.699241638183526,0.22845306962807505,-0.13686344100901948,0.5779272498280505,-16.699241638183175,0.12087461337541962,-0.4352427662855571,0.45171554961342786,-6.085283319302954e-10
1303,10.789952699999958,130.6123291350949,247.83977105476342,29.83878752218489,56.61975647338004,-16.69924163818358,0.22845306962807505,-0.1356984704624935,0.5753257360877271,-16.699241638183512,0.08673115859034089,-0.46571159957041053,0.4737188911631594,-8.70980147231513e-11
1304,10.802668799999992,130.59309616927177,247.85631651247016,29.834393692104545,56.623536333981555,-16.699241638183594,0.22845306962807505,-0.1400923005428396,0.5715458754862155,-16.69924163818358,0.037227401039940294,-0.36451610925023675,0.3664121631320651,-3.1486813684899177e-11
1305,10.80725080000002,130.59311733455428,247.86511062225816,29.8343985273783,56.62554537535727,-16.699241638183594,0.22845306962807505,-0.1400874652690831,0.5695368341105009,-16.699241638183594,0.05033898582381048,-0.34341539966929235,0.3470852204052912,-3.019629187473885e-12
1306,10.818197700000383,130.59723105483,247.87090259452938,29.83533831940288,56.626868569201825,-16.699241638183594,0.22845306962807505,-0.13914767324450494,0.5682136402659452,-16.6992416381836,-0.08872655041049717,-0.25156265298431846,0.2667511370627221,-1.2501778646881262e-12
1307,10.822963999999956,130.60168126834617,247.87501706098587,29.836354984341153,56.627808531693695,-16.699241638183594,0.22845306962807505,-0.1381310083062317,0.5672736777740752,-16.6992416381836,-0.2981012347185398,-0.31111544719296746,0.4308795279690114,-2.1636041123866158e-13
1308,10.8339833,130.58246911469396,247.88485762828358,29.83196590886514,56.63005663949974,-16.699241638183594,0.22845306962807505,-0.14252008378224446,0.5650255699680287,-16.6992416381836,-0.2913970568032913,-0.22841731638186397,0.37025223177816646,0.0
1309,10.83771360000037,130.5597331844352,247.89457332430723,29.826771815806676,56.632276220079916,-16.699241638183594,0.22845306962807505,-0.14771417684070798,0.5628059893878543,-16.6992416381836,-0.5257885445937877,-0.2841719766298404,0.5976682239568739,0.0
1310,10.849987700000383,130.56159085836467,247.89591505959243,29.82719620711823,56.63258274362445,-16.699241638183594,0.22845306962807505,-0.1472897855291535,0.5624994658433238,-16.6992416381836,-0.5509496113818889,-0.24087147534201134,0.6013023714532412,0.0
1311,10.853313000000071,130.54578177831186,247.90173221338443,29.82358457425217,56.63391169026473,-16.699241638183594,0.22845306962807505,-0.15090141839521465,0.5611705192030385,-16.6992416381836,-0.44233406556531474,-0.19100749449980162,0.48181250348515436,0.0
1312,10.86671860000024,130.55091611718538,247.90060013708634,29.824757529728338,56.63365306395938,-16.699241638183594,0.22845306962807505,-0.14972846291904673,0.5614291455083915,-16.6992416381836,-0.3374963706784742,-0.11714502019314553,0.357248871204927,0.0
1313,10.881764900000235,130.5604508920893,247.89761631234776,29.82693577832335,56.63297140003861,-16.699241638183594,0.22845306962807505,-0.1475502143240348,0.5621108094291571,-16.6992416381836,-0.4374379542271909,-0.018116966989704497,0.4378129603967612,0.0
1314,10.885284200000115,130.547076071411,247.90109322603615,29.823880259483666,56.63376571164356,-16.699241638183594,0.22845306962807505,-0.15060573316371872,0.5613164978242082,-16.6992416381836,-0.4639459558591586,0.06222209012650351,0.4680998167675128,0.0
1315,10.898196300000109,130.52078696218868,247.87451952232936,29.81787443178404,56.627694867460356,-16.699241638183594,0.22845306962807505,-0.15661156086334316,0.5673873420074145,-16.6992416381836,-0.44516009580585103,0.062355444133865505,0.4495060759444816,0.0
1316,10.901402100000269,130.50368612043,247.87449078146125,29.813967691991042,56.62768830152081,-16.699241638183594,0.22845306962807505,-0.1605183006563422,0.5673939079469577,-16.6992416381836,-0.27265119285026185,0.06953195359318126,0.2813776208818942,0.0
1317,10.914190299999973,130.51384190974616,247.8733735193399,29.81628781323482,56.627433059559614,-16.699241638183594,0.22845306962807505,-0.1581981794125653,0.5676491499081564,-16.6992416381836,-0.04410090887186621,0.1187829415283901,0.12670547486774827,0.0
1318,10.917745700000069,130.52951867445802,247.87211001191505,29.81986921825508,56.62714440740991,-16.699241638183594,0.22845306962807505,-0.1546167743923057,0.5679378020578625,-16.6992416381836,-0.07470696446729544,-0.057900477760870046,0.09451770133078115,0.0
1319,10.930796900000132,130.54520239200318,247.87093582817408,29.82345221167145,56.62687616152998,-16.699241638183594,0.22845306962807505,-0.15103378097593279,0.5682060479377924,-16.6992416381836,0.20556239487928546,-0.05818532533459007,0.21363855053056172,0.0
1320,10.934063600000172,130.53636315903594,247.87684497999274,29.82143286176693,56.628226125401845,-16.699241638183594,0.22845306962807505,-0.1530531308804548,0.5668560840659254,-16.6992416381836,0.32811135823044585,-0.045145656370619736,0.3312026474667164,0.0
1321,10.946268700000019,130.5461238708137,247.8768116478302,29.82366272633431,56.628218510566995,-16.699241638183594,0.22845306962807505,-0.15082326631307552,0.5668636989007751,-16.6992416381836,0.08700904758200712,-0.08115926878167266,0.11898487832621323,0.0
1322,10.950005900000178,130.55911550139484,247.87541857968216,29.826630704220047,56.627900259872376,-16.699241638183594,0.22845306962807505,-0.14785528842733697,0.567181949595394,-16.6992416381836,0.14775328417662398,-0.07610089749941791,0.16619981824657665,0.0
1323,10.962368500000139,130.54839017295615,247.88076947036,29.82418047001546,56.629122687272975,-16.699241638183594,0.22845306962807505,-0.15030552263192476,0.5659595221947953,-16.6992416381836,0.31173628801736497,0.013484083140204146,0.3120277772330173,0.0
1324,10.965568200000234,130.55648917531911,247.8801273651486,29.826030711966204,56.62897599636641,-16.699241638183594,0.22845306962807505,-0.14845528068117986,0.5661062131013637,-16.6992416381836,0.11640861314287551,-0.049749904370089866,0.1265939105908366,0.0
1325,10.978538800000024,130.5679438575505,247.87815867234184,29.828647569283575,56.62852624245154,-16.699241638183594,0.22845306962807505,-0.14583842336380926,0.5665559670162281,-16.6992416381836,-0.01884628235904351,-0.06290810057502168,0.06567047644652685,0.0
1326,10.982035200000155,130.55579287967083,247.8829880018257,29.825871641087986,56.62962951759638,-16.699241638183594,0.22845306962807505,-0.14861435155939873,0.5654526918713927,-16.6992416381836,-0.11993791393250247,-0.09301481626696592,0.1517789815608795,0.0
1327,10.995197700000062,130.56258561005444,247.88187218356188,29.827423461195277,56.62937460548886,-16.699241638183594,0.22845306962807505,-0.14706253145210724,0.5657076039789075,-16.6992416381836,-0.24448463978691645,0.03191704891247807,0.2465591959408933,0.0
1328,10.99937620000037,130.5497154637929,247.88643407982602,29.82448323677526,56.63041678469373,-16.699241638183594,0.22845306962807505,-0.15000275587212286,0.5646654247740415,-16.6992416381836,-0.145593107396341,0.1207294625068201,0.189137399893591,0.0
1329,11.010435700000016,130.54756222776462,247.85397470037643,29.82399132339497,56.62300133982025,-16.699241638183594,0.22845306962807505,-0.15049466925241362,0.5720808696475217,-16.6992416381836,0.05253527315187004,0.18418478608430286,0.19153065120252163,0.0
1330,11.013620000000174,130.55726638091576,247.84730181108043,29.82620826697049,56.621476897777285,-16.699241638183594,0.22845306962807505,-0.1482777256768948,0.5736053116904856,-16.6992416381836,0.04417448030370631,0.5090393821291928,0.5109525195833492,1.767005534773618
1331,11.026871300000039,130.5686760312641,247.8472014293326,29.828814836615948,56.621453965258866,-16.699241638183594,0.22845306962807505,-0.14567115603143677,0.5736282442089049,-16.628996276855478,0.11697459388990405,0.578634494657639,0.590339676816161,2.9196648063010273
1332,11.030934100000195,130.5700292678258,247.81797101163002,29.829123987662403,56.614776186608196,-16.699241638183594,0.22845306962807505,-0.14536200498498175,0.580306022859574,-16.614947204589853,-0.11790725595663457,0.2859727738981528,0.3093259582030376,2.9973436440046255
1333,11.042991499999971,130.5521028064584,247.812769120095,29.825028632535453,56.61358779851915,-16.34801483154297,0.22845306962807505,-0.14945736011193134,0.581494410948622,-16.612137390136724,-0.31370493942340233,0.13845477836894401,0.3429001526273121,1.2869510696818693
1334,11.046300299999984,130.53444904145834,247.82425169774837,29.8209955757307,56.616211028631305,-16.62899627685547,0.22845306962807505,-0.15349041691668575,0.5788711808364653,-16.611575427246102,-0.602273420128522,0.249133887962017,0.6517675710898618,0.13722673636071508
1335,11.059065200000077,130.51864872887046,247.83871520715195,29.817385945818913,56.61951526175215,-16.68519256591797,0.22845306962807505,-0.15710004682847156,0.5755669477156218,-16.611463034667974,-0.5764083302725407,-0.09031770206034632,0.5834413856704372,-6.145092827598272
1336,11.062837800000125,130.4980703853426,247.82954803396572,29.812684760072113,56.61742099289794,-16.69643182373047,0.22845306962807505,-0.16180123257527157,0.5776612165698296,-16.681685917480472,-0.4049714764145573,0.2270653896758813,0.4642850287248622,-6.592409202321336
1337,11.074820100000125,130.5088445311501,247.83236030561056,29.81514614675445,56.618063464987834,-16.698679675292972,0.22845306962807505,-0.1593398458929336,0.5770187444799362,-16.695730494042973,-0.187379814470666,0.35396923203742214,0.4005064445177176,-6.866563972560462
1338,11.078272300000208,130.51666502072698,247.80689073558233,29.816932761604285,56.61224486353277,-16.69912924560547,0.22845306962807505,-0.15755323104309937,0.5828373459349976,-16.698539409355472,-0.09201932636760418,0.38046107231554904,0.391430944066313,-0.6768287656659685
1339,11.09083550000014,130.5094648696837,247.81559521197175,29.815287864996666,56.61423342788344,-16.69921915966797,0.22845306962807505,-0.1591981276507184,0.5808487815843293,-16.699101192417974,-0.012389638028028893,0.4426746583299385,0.4428480058191449,-0.2884793850186279
1340,11.106745300000057,130.5229770267471,247.8243974602195,29.818374758755095,56.61624432851527,-16.69923714248047,0.22845306962807505,-0.15611123389228965,0.5788378809524986,-16.699213549030468,-0.007213371649524916,0.43661064847843206,0.43667023151951995,-0.019064782984431396
1341,11.110894600000393,130.50757531137427,247.80866513043574,29.814856189600633,56.61265022948377,-16.69924073904297,0.22845306962807505,-0.15962980304675156,0.5824319799840012,-16.69923602035297,0.0948199440157623,-0.0036639580263092136,0.09489070750906461,-0.004283764003108773
1342,11.122927400000208,130.51975805513848,247.81308623500152,29.81763937481006,56.61366024439297,-16.69924145835547,0.22845306962807505,-0.15684661783732423,0.5814219650748029,-16.699240514617472,0.1488405023535524,0.10887736600464408,0.1844119734967528,-0.002007668529076974
1343,11.126771700000063,130.53705163536665,247.82176749991248,29.821590146298046,56.61564350601013,-16.69924160221797,0.22845306962807505,-0.15289584634933817,0.5794387034576403,-16.69924141347037,0.2643219835842667,0.08492426151561333,0.2776296835712882,-0.0002072806007414736
1344,11.139147300000332,130.54459082021862,247.79985944699962,29.82331249621997,56.610638544072614,-16.69924163099047,0.22845306962807505,-0.15117349642741473,0.5844436653951561,-16.69924159324095,0.490709794204631,-0.13002566166193297,0.5076443389017303,-8.571563445833403e-05
1345,11.143230099999982,130.55837747190037,247.80425868499208,29.82646209911656,56.61164356349602,-16.699241636744972,0.22845306962807505,-0.1480238935308229,0.5834386459717535,-16.699241629195065,0.32831242480962863,-0.29578940981935076,0.44190544604661514,1.502209677908848
1346,11.154225400000087,130.5720437087954,247.81429633018357,29.829584192885495,56.61393669435185,-16.69924163789587,0.22845306962807505,-0.14490179976188955,0.5811455151159208,-16.649689634432765,0.0337709590787974,-0.1333792881732287,0.1375881978612228,2.2598381508187773
1347,11.158585700000003,130.56096060371252,247.83171739309276,29.8270522235083,56.61791658964964,-16.69924163812605,0.22845306962807505,-0.14743376913908435,0.5771656198181319,-16.639779235480304,0.07132304330384301,-0.2590941278397283,0.26873173163426634,3.5524036523800104
1348,11.171875600000021,130.5350727620121,247.81448910169115,29.821138066605794,56.613980733594495,-16.451481628406462,0.22845306962807505,-0.1533479260415902,0.5811014758732753,-16.588245153736686,-0.029699655282965975,-0.2380860425576093,0.23993130930470652,2.8139935445620736
1349,11.176373600000261,130.54150973713388,247.81890242678998,29.822608613331482,56.61498897126059,-16.649689636228167,0.22845306962807505,-0.15187737931590206,0.5800932382071835,-16.577938337387966,-0.2828037938053988,-0.04170682015650712,0.28586263246233096,2.1236311968364667
1350,11.186589300000378,130.55341866353152,247.82521281983225,29.825329244122997,56.61643059992165,-16.441571228026884,0.22845306962807505,-0.14915674852438698,0.5786516095461209,-16.57587697411822,-0.1720648842688746,0.24465312204269263,0.29910111087004987,-2.8060016614235117
1351,11.191092900000058,130.53406847203522,247.80996760315142,29.820908633477778,56.61294778337377,-16.647707556152252,0.22845306962807505,-0.15357735916960635,0.5821344260940009,-16.625016703417394,0.049667291068118236,0.12254087692225736,0.13222369802316453,-3.8621090512256404
1352,11.202300500000092,130.53274426034278,247.78450407730153,29.820606113251802,56.607130562729814,-16.688934821777327,0.22845306962807505,-0.153879879395582,0.587951646737956,-16.634844649277234,0.03966454716843421,0.11822305599595018,0.12469950790239115,-8.045311654190586
1353,11.206472700000177,130.54486437929467,247.79024604496016,29.82337499163062,56.60844233286713,-16.69718027490234,0.22845306962807505,-0.15111100101676556,0.5866398766006427,-16.686362240402325,0.16758625175069963,-0.033404716299921255,0.17088307946349487,-4.706479124756366
1354,11.217988700000205,130.55882351669868,247.80263353272443,29.826563999419925,56.61127229247186,-16.698829365527345,0.22845306962807505,-0.14792199322745958,0.5838099169959108,-16.696665758627343,0.40271368888848674,-0.22857513065179225,0.4630603692507671,-4.624452819019064
1355,11.221255400000246,130.57177756496569,247.81549221496823,29.829523391510634,56.61420989790183,-16.699159183652345,0.22845306962807505,-0.14496260113675064,0.5808723115659404,-16.698726462272347,0.5015624448228391,-0.4334094099098748,0.662879025656333,-0.5188539048384028
1356,11.234538600000178,130.58306127356565,247.82726706619323,29.832101189377084,56.61689989880859,-16.699225147277346,0.22845306962807505,-0.1423848032702999,0.5781823106591801,-16.699138603001344,0.372688492613665,-0.3138662603366713,0.4872460794140605,-0.22649349752660486
1357,11.239213500000005,130.59262277078398,247.83760366230027,29.83428554276685,56.61926132591875,-16.699238340002346,0.22845306962807505,-0.1402004498805347,0.5758208835490208,-16.699221031147143,0.30323567873741397,-0.07627360073681327,0.31268120990666987,-0.016697215093109414
1358,11.250722900000255,130.59359407770575,247.82333066411022,29.83450744081468,56.616000615669435,-16.699240978547344,0.22845306962807505,-0.13997855183270502,0.5790815937983353,-16.699237516776307,0.015475099286394733,0.14890462892318446,0.14970660377109302,-0.006599639439091485
1359,11.255211900000177,130.59221184340106,247.804816430676,29.83419166514483,56.61177098220958,-16.699241506256346,0.22845306962807505,-0.14029432750255566,0.5833112272581928,-16.699240813902136,-0.41783605558750475,0.2987525888545937,0.5136536563641363,-0.0007426096010338568
1360,11.266026300000249,130.56698682925847,247.79408817138972,29.82842893323254,56.609320078443865,-16.699241611798143,0.22845306962807505,-0.1460570594148436,0.5857621310239054,-16.699241473327305,-0.5221273888811573,0.44713876476551395,0.6874227848826986,-0.0002785888012769962
1361,11.269298900000194,130.5387308076564,247.78625626525954,29.821973758362073,56.607530855447386,-16.699241632906507,0.22845306962807505,-0.1525122342853109,0.587551354020384,-16.699241605212336,-0.4812714647552533,0.5755774333470349,0.7502743528643555,-3.4451220341981415e-05
1362,11.281996600000184,130.535718010752,247.77309452285786,29.821285475661096,56.60452401499407,-16.69924163712818,0.22845306962807505,-0.15320051698628845,0.5905581944737008,-16.699241631589345,-0.5286313734244236,0.4008620094080311,0.6634315937270675,-1.468222235129617e-05
1363,11.28515630000038,130.53881002636965,247.76029404697422,29.821991856120285,56.60159970698575,-16.699241637972513,0.22845306962807505,-0.15249413652709976,0.5934825024820185,-16.69924163686475,-0.6637150998820169,0.37215657995642637,0.7609324896574332,-1.2741515226127287e-06
1364,11.29912000000013,130.520036521485,247.756098292017,29.817702991301708,56.60064117388636,-16.69924163814138,0.22845306962807505,-0.15678300134567635,0.5944410355814114,-16.699241637919826,-0.2649626455443843,0.3223839207187158,0.4172967719403665,-5.989604812950494e-07
1365,11.303198900000098,130.49846310986345,247.7546144777894,29.812774479194417,56.60030219197131,-16.699241638175153,0.22845306962807505,-0.16171151345296764,0.5947800174964613,-16.69924163813084,-0.29552568616731884,0.2794387397812469,0.40672034676813995,-4.3651821665285225e-08
1366,11.314718300000095,130.49953566882328,247.7395950867325,29.81301950858115,56.596870965980415,-16.699241638181906,0.22845306962807505,-0.16146648406623498,0.5982112434873557,-16.699241638173046,-0.5722666370276517,0.16651609003676393,0.5960005973957322,-1.8642712072215456e-08
1367,11.330600000000231,130.48514392697143,247.73806039277687,29.809731670977797,56.59652036043531,-16.699241638183256,0.22845306962807505,-0.16475432166958726,0.5985618490324569,-16.699241638181483,-0.5719807443678666,0.17326888294357473,0.5976487912847586,-1.5547994029400266e-09
1368,11.334204300000238,130.4668403335495,247.73236666069423,29.805550158875334,56.59521960986339,-16.699241638183526,0.22845306962807505,-0.1689358337720499,0.5998625996043785,-16.699241638183175,-0.5075593232362119,0.2147283171672555,0.5511122542617637,-3.42404175362465e-10
1369,11.346825600000102,130.44995059242058,247.7267089137087,29.80169164566921,56.593927080197375,-16.69924163818358,0.22845306962807505,-0.17279434697817564,0.6011551292703956,-16.699241638183512,-0.4710716490150428,0.19287100960299872,0.5090262516324985,-1.7139644871369675e-10
1370,11.350522100000035,130.4356115799899,247.72201002261664,29.798415854263986,56.592853604103546,-16.699241638183594,0.22845306962807505,-0.17607013838339824,0.6022286053642247,-16.69924163818358,-0.22826208858449923,0.31456062153305886,0.38865404372555046,-1.5370607199228e-11
1371,11.363327500000196,130.44703003122794,247.71143970047837,29.801024434499713,56.590438781564096,-16.699241638183594,0.22845306962807505,-0.17346155814767172,0.6046434279036745,-16.699241638183594,0.07357230676576285,0.2798191999229871,0.2893296890545043,-7.083279892658605e-12
1372,11.367108700000244,130.4636976628363,247.70100369343015,29.804832206104074,56.588054643719275,-16.699241638183594,0.22845306962807505,-0.16965378654331076,0.6070275657484956,-16.6992416381836,0.011159928725579138,0.3576112485671932,0.35778533942986934,-9.963003265430674e-13
1373,11.37803090000034,130.48038440716414,247.69205466481262,29.808644344067865,56.58601021066141,-16.699241638183594,0.22845306962807505,-0.16584164857951933,0.609071998806364,-16.6992416381836,0.14172338005938914,0.29533643843732893,0.3275807203183732,-6.263820442813354e-13
1374,11.38177399999995,130.47026242259182,247.68400380902543,29.80633194562159,56.58417096794369,-16.699241638183594,0.22845306962807505,-0.16815404702579428,0.6109112415240787,-16.6992416381836,0.23750547337728306,0.2981186982060607,0.38116086906218954,0.0
1375,11.394132200000058,130.45763823748388,247.68513822032276,29.80344791178213,56.58443012768679,-16.699241638183594,0.22845306962807505,-0.17103808086525518,0.6106520817809837,-16.6992416381836,0.0779005536566907,0.24300812879645728,0.2551890415381791,0.0
1376,11.397943899999973,130.46902763188075,247.6817597137721,29.8060498538933,56.58365829749453,-16.699241638183594,0.22845306962807505,-0.16843613875408536,0.6114239119732403,-16.6992416381836,0.14050171362100217,0.4681659358062093,0.488794512018846,0.0
1377,11.41021290000026,130.48025205567527,247.6626960929938,29.80861410796396,56.5793031548095,-16.699241638183594,0.22845306962807505,-0.16587188468342262,0.6157790546582689,-16.6992416381836,0.2872676872010084,0.45912501815612744,0.5415888721222776,0.0
1378,11.413736299999982,130.49046248901647,247.64244633159805,29.810946712802995,56.57467703465941,-16.699241638183594,0.22845306962807505,-0.16353927984438954,0.6204051748083614,-16.6992416381836,0.4300517959450669,0.6687913596928514,0.7951266754394487,0.0
1379,11.426893700000164,130.49714641449043,247.61675019373936,29.812473676094687,56.568806673088005,-16.699241638183594,0.22845306962807505,-0.16201231655269765,0.6262755363797652,-16.6992416381836,0.31908840603965555,0.671544953065123,0.743498510325452,0.0
1380,11.430457299999944,130.50464243858355,247.6007245662571,29.814186165808763,56.565145569296966,-16.699241638183594,0.22845306962807505,-0.16029982683862087,0.6299366401708042,-16.6992416381836,0.0021959194561425033,0.8146189323787145,0.8146218920776034,0.0
1381,11.44264450000037,130.51146029226308,247.5891879469842,29.81574372541013,56.56250999321094,-16.699241638183594,0.22845306962807505,-0.1587422672372547,0.6325722162568326,-16.6992416381836,-0.1411959475839596,0.6305287177267428,0.6461445345216987,0.0
1382,11.446286500000042,130.48953270612242,247.57212456242965,29.81073430104676,56.558611810631206,-16.699241638183594,0.22845306962807505,-0.16375169160062342,0.6364703988365648,-16.6992416381836,-0.14656588228622577,0.830673540108374,0.8435046461558574,0.0
1383,11.459519600000021,130.48635107203842,247.54938795213084,29.810007446973838,56.55341756221551,-16.699241638183594,0.22845306962807505,-0.16447854567354625,0.6416646472522629,-16.6992416381836,-0.31911635083715323,0.6636401703887136,0.7363786533606076,-6.5267563887141025
1384,11.462816700000076,130.48763848822443,247.5285060456499,29.810301561153423,56.54864702658025,-16.699241638183594,0.22845306962807505,-0.1641844314939611,0.6464351828875223,-16.763799743652353,-0.5905939017533435,0.6200177132370933,0.8562844863221524,-6.870593165135509
1385,11.47533390000035,130.46669721971236,247.51797551043592,29.805517464079934,56.54624129348579,-16.699241638183594,0.22845306962807505,-0.1689685285674507,0.6488409159819781,-16.776711364746102,-0.3998913123124487,0.4171885510652875,0.5778921601846891,-7.077088244817479
1386,11.479502400000001,130.44426143261364,247.5180093500211,29.80039193964771,56.5462490242429,-17.022032165527346,0.22845306962807505,-0.17409405299967418,0.6488331852248734,-16.77929368896485,-0.3464616587169623,0.4345078855764067,0.5557272564747824,-0.5650005689674142
1387,11.491238600000088,130.42258498095615,247.51512245469277,29.79543988772791,56.54558950414345,-16.763799743652346,0.22845306962807505,-0.17904610491947537,0.6494927053243202,-16.779810153808597,-0.4525096083116554,0.27485582269936426,0.5294437353355993,-0.22889570729843858
1388,11.495691699999952,130.42672168469215,247.50578332973765,29.79638493039454,56.54345595237981,-16.712153259277343,0.22845306962807505,-0.17810106225284272,0.6516262570879618,-16.779913446777346,-0.4865661615573764,0.6543653500801969,0.8154389253391436,1.8294736119372559
1389,11.507308300000204,130.40429547244258,247.47280127066682,29.791261593366,56.535921099742424,-16.701823962402344,0.22845306962807505,-0.18322439928138579,0.6591611097253463,-16.715375999902346,-0.2575203614079269,0.6629339907224541,0.7111949188477573,2.8578539989482126
1390,11.511552599999959,130.39403117401883,247.4339771426179,29.788916682883514,56.527051608514014,-16.699758103027346,0.22845306962807505,-0.18556930976387065,0.668030600953756,-16.702468510527346,-0.21555229436288403,0.947874300799237,0.9720743190315984,2.9369179117158364
1391,11.523615900000095,130.38957682426644,247.43181276709979,29.78789907300938,56.526557150283075,-16.699344931152346,0.22845306962807505,-0.18658691963800322,0.6685250591846952,-16.699887012652347,-0.35289199781160724,1.026662147973871,1.085618684530526,1.1282295039674943
1392,11.527601000000232,130.38587687208224,247.40598023034917,29.787053807575422,56.520655627966114,-16.699262296777345,0.22845306962807505,-0.18743218507196246,0.6744265815016561,-16.699370713077347,-0.34265655741502615,1.027500887038095,1.0831304580721517,0.11737824697190424
1393,11.539634200000364,130.36088495898736,247.3599942030951,29.78134432831302,56.51014997887993,-16.699245769902344,0.22845306962807505,-0.19314166433436597,0.6849322305878403,-16.69926745316235,-0.4858155562916078,1.0217327420434574,1.1313507638652862,0.04648569398995386
1394,11.555299399999967,130.33415205639722,247.31522972142807,29.775237114656232,56.499923395632784,-16.699242464527345,0.22845306962807505,-0.19924887799115254,0.6951588138349862,-16.699246801179346,-0.48604327661324387,1.1500267019401433,1.248518915321775,0.0036209664751912034
1395,11.559587100000044,130.31034846942157,247.27654989251522,29.769799112143488,56.491086869984954,-16.699241803452345,0.22845306962807505,-0.20468688050389616,0.703995339482816,-16.699242670782745,-0.497471796577729,1.3457365469322666,1.4347421517957344,0.0007830607506856292
1396,11.571819100000084,130.30577086369328,247.24000920774796,29.768753344063313,56.48273903838356,-16.699241671237345,0.22845306962807505,-0.20573264858407114,0.712343171084207,-16.699241844703426,-0.603632821563566,1.3518578190809327,1.4805040176504243,-2.4342003670759453
1397,11.576819800000067,130.2998771641655,247.18617341399755,29.76740691031473,56.470440086045414,-16.699241644794345,0.22845306962807505,-0.2070790823326547,0.7246421234223561,-16.73576511698756,-0.8943926467606639,1.606576131030364,1.8387563926132353,-12.08407920269731
1398,11.586665400000129,130.2565526955824,247.14722847312828,29.75750930247691,56.461542994757345,-16.699241639505743,0.22845306962807505,-0.2169766901704726,0.7335392147104258,-17.020782173788138,-0.7532206816252489,1.3944348703558793,1.5848627709970422,
1399,11.591003900000032,130.22154021246982,247.1106443985555,29.749510593234543,56.453185250621694,-16.881858825948026,0.22845306962807505,-0.22497539941284117,0.7418969588460769,-17.355497987492,-0.9703819773416732,1.7296274055700749,1.9832428353705465,
1400,11.603033700000196,130.19192451234596,247.05797649880878,29.742744795632063,56.44115310725369,-18.12432708745523,0.22845306962807505,-0.23174119701532092,0.7539291022140802,-17.554653064295277,-0.9495799154368643,1.4110801556758938,1.7008377998925668,
1401,11.607763400000294,130.16767488419,247.00914973383306,29.737204893642495,56.429998482914975,-18.372820739756673,0.22845306962807505,-0.23728109900488903,0.7650837265527954,-17.872197702702806,-0.6364199710823937,1.6287304281364756,1.748654679212034,
1402,11.619309500000327,130.15932365879164,246.96534590513795,29.735297030565082,56.41999136378812,-17.69501702881071,0.22845306962807505,-0.23918896208230223,0.7750908456796495,-18.176896815931187,-0.30612102511897465,1.7068722255624598,1.7341057858205873,
1403,11.62403710000035,130.17092298623112,246.92412532516144,29.737946932524252,56.410574395760634,-18.286964831543393,0.22845306962807505,-0.23653906012313186,0.7845078137071368,-18.237837859279992,-0.3782946843907879,2.7576973927774593,2.783523267078959,-20.197887440922095
1404,11.634848000000147,130.16182940988784,246.81447401927863,29.735869477094734,56.38552421834298,-18.40535439208993,0.22845306962807505,-0.23861651555264984,0.809557991124791,-18.468254827715374,-0.3603066539401272,3.0032043400799977,3.0247408472708646,
1405,11.63983640000015,130.1416689003235,246.67790744524933,29.731263746799495,56.354325165297396,-18.429032304199236,0.22845306962807505,-0.24322224584788898,0.840757044170374,-18.878067469449327,-0.8359992784202281,4.8572263386725005,4.928645097652397,
1406,11.650910600000316,130.0892502328934,246.50407921726935,29.719288541319273,56.31461357302736,-19.5249055819336,0.22845306962807505,-0.25519745132811167,0.880468636440412,-19.207733855217995,-1.100730625118057,5.093327420940654,5.210910872964416,
1407,11.654632400000082,130.04780999474679,246.3389371321982,29.709821391708562,56.276886356768074,-19.74408023748047,0.22845306962807505,-0.26466460093882205,0.9181958526996965,-19.5213709897936,-1.5995706662612452,6.012703070874492,6.221834499154329,
1408,11.667141300000367,130.00602445913592,246.16523202474878,29.700275357832204,56.23720289176118,-19.93529676038672,0.22845306962807505,-0.27421063481518004,0.9578793177065918,-19.92347341670872,-1.6330936256895392,5.275392893262745,5.522387614841508,
1409,11.671940100000029,129.94959571439335,246.0199991072614,29.687384037880506,56.20402398595015,-19.97354006496797,0.22845306962807505,-0.2871019547668787,0.9910582235176193,-20.1727879450605,-1.814478461972506,5.549655295911201,5.838750379353218,
1410,11.68357240000023,129.89404947181123,245.88925423238175,29.674694328256315,56.174154917945756,-20.439544438774846,0.22845306962807505,-0.2997916643910692,1.020927291522014,-20.290807589012104,-1.5843758100851122,3.877620743839837,4.188817176798227,
1411,11.688414500000363,129.85190744851923,245.7841841330466,29.66506685367492,56.15015133122652,-20.771478223692473,0.22845306962807505,-0.30941913897246565,1.044930878241253,-20.60534047288055,-1.7981054082907517,4.840967726333641,5.1641215697084775,
1412,11.699198499999966,129.7861427556845,245.70031849419917,29.650042707723678,56.130991968595495,-20.334178457238494,0.22845306962807505,-0.32444328492370644,1.0640902408722752,-20.959176004732363,-1.52856837905107,4.002336433994878,4.284299034885129,
1413,11.70380520000026,129.74920521406762,245.53921918043454,29.641604212956786,56.094188335850994,-21.50796117972895,0.22845306962807505,-0.33288177969059873,1.1008938736167764,-21.22920092360273,-2.265467001833133,5.315989824580668,5.778588802764911,
1414,11.71537460000036,129.68141141093878,245.40142924579223,29.62611651053024,56.0627098023181,-21.74271772422704,0.22845306962807505,-0.3483694821171426,1.132372407149667,-21.599877049954927,-2.2208531761119525,5.032390345648167,5.500649181762043,
1415,11.71960990000025,129.59288016596713,245.2320559198465,29.605891275858475,56.02401594609268,-21.78966903312666,0.22845306962807505,-0.368594716788909,1.1710662633750886,-22.107171454912866,-2.71811570232651,6.537877300194199,7.080394944042919,
1416,11.731449700000212,129.50139615843514,245.0486298246882,29.584991473515913,55.982111691603876,-22.624858855453457,0.22845306962807505,-0.38949451913147115,1.2129705178638943,-22.50110592184195,-2.588793003597489,5.580203677857507,6.151465053290131,
1417,11.735803500000202,129.42746161895448,244.8713150184279,29.568100901020017,55.94160357982321,-22.870650482028193,0.22845306962807505,-0.40638509162736725,1.2534786296445617,-22.925665520305895,-3.089427625524321,6.271214072180161,6.990900442179342,
1418,11.747226200000114,129.36820268501205,244.71127510470464,29.554563015657983,55.90504197027012,-23.47763351437439,0.22845306962807505,-0.41992297698940106,1.2900402391976513,-23.23412724468619,-2.6121317358027207,5.220138076416215,5.8372145533668816,
1419,11.751768999999967,129.29180729356747,244.58846712212343,29.53711025397703,55.87698610967461,-23.865515716546756,0.22845306962807505,-0.4373757386703545,1.3180960997931592,-23.476432382530994,-3.5138493613403394,6.228740506247805,7.151527503153719,
1420,11.763104699999985,129.17327073208327,244.39591133619493,29.510030212642807,55.8329961493046,-23.331977655028105,0.22845306962807505,-0.46445578000457743,1.362086060163172,-23.887936622990576,-3.0794655652575145,4.911638840284176,5.797180716951549,
1421,11.767331300000023,129.0571993663704,244.2371309102206,29.483513352849783,55.79672227359391,-23.8363845446775,0.22845306962807505,-0.49097263979760086,1.398359935873863,-24.439944502332494,-3.007101297962267,4.65028355007528,5.537851145733975,
1422,11.779051100000288,128.96959921903402,244.09766621144186,29.46350083029091,55.764861135053145,-24.928171684326127,0.22845306962807505,-0.510985162356473,1.430221074414625,-24.96675599031025,-2.6595414228434775,4.557217449638199,5.276494239844028,
1423,11.794383800000105,128.91433965461204,243.97054921277257,29.4508766131724,55.73582086650524,-26.237672911083976,0.22845306962807505,-0.5236093794749834,1.4592613429625274,-25.6107511004058,-2.326331603741815,4.161934801996823,4.767968123492469,
1424,11.798458400000072,128.8768126053034,243.86869778903298,29.44230344356376,55.712552596105944,-26.499573156435545,0.22845306962807505,-0.5321825490836254,1.4825296133618266,-26.155960034534285,-1.4176078541105281,3.379084476607436,3.6643995317221085,
1425,11.811655200000132,128.83505550728287,243.75869742699456,29.432763906342206,55.68742267573806,-26.55195320550586,0.22845306962807505,-0.5417220863051782,1.5076595337297078,-26.48323058112561,-1.1069016577882198,2.979652449545282,3.178609759013445,
1426,11.816131300000052,128.80115584459415,243.66723630743223,29.425019424341613,55.66652810222243,-26.562429215319924,0.22845306962807505,-0.5494665683057711,1.5285541072453412,-26.548684690443878,-0.909362772615407,2.7117734003692613,2.860184544250431,-13.52941286179183
1427,11.827358600000025,128.79358501217393,243.63178252656508,29.423289844435576,55.65842857715341,-26.564524417282737,0.22845306962807505,-0.5511961482118082,1.536653632314362,-26.561775512307527,-0.518552546004396,1.362249537699991,1.457607816228865,-5.461324390106308
1428,11.8317591,128.7967505926431,243.6210994707526,29.424013031010908,55.65598800026004,-26.564943457675298,0.22845306962807505,-0.5504729616364763,1.5390942092077324,-26.564393676680258,-0.26149743458480607,-0.1329146634926509,0.29333805764987186,-0.601563789716636
1429,11.84373050000022,128.78889025436195,243.6754431721315,29.422217312602264,55.66840298565501,-26.565027265753812,0.22845306962807505,-0.5522686800451204,1.5266792238127636,-26.564917309554804,0.14998247657610683,-1.506991903753383,1.514436971702074,-0.22108103078974792
1430,11.847999300000083,128.79939922985025,243.77955186358952,29.424618120311216,55.69218693579355,-26.565044027369513,0.22845306962807505,-0.5498678723361685,1.5028952736742198,-26.565022036129715,0.3837840662358243,-2.8033355477835564,2.829484123115632,-0.023366469583160774
1431,11.85946950000016,128.81582804842935,243.89012798664933,29.42837133434597,55.71744839053414,-26.565047379692654,0.22845306962807505,-0.5461146583014127,1.4776338189336329,-26.565042981444694,0.4884715904963608,-3.4111090374378037,3.445906174000085,-0.009121003182892376
1432,11.863642199999958,128.83436625283,243.9953400716135,29.43260644404669,55.741484414306164,-26.565048050157284,0.22845306962807505,-0.5418795486006935,1.4535977951616061,-26.565047170507693,0.9108175097724185,-4.488777663821122,4.580252553225361,-0.0009667035835650591
1433,11.875589500000387,128.87033472727,244.12525789998347,29.440823552442353,55.7711645409967,-26.56504818425021,0.22845306962807505,-0.5336624402050312,1.42391766847107,-26.565048008320293,1.0005867326658329,-3.9307270964525207,4.056080536228658,-0.0003706859384542685
1434,11.879997800000183,128.90818884539172,244.24924431508376,29.449471441925322,55.79948961811854,-26.56504821106879,0.22845306962807505,-0.5250145507220623,1.395592591349228,-26.56504817588281,1.464867773655131,-4.874183284420294,5.08954814147735,-3.698888480991554e-05
1435,11.891838500000176,128.9606020514358,244.39340009854632,29.461445399735144,55.83242244935521,-26.56504821643251,0.22845306962807505,-0.5130405929122404,1.3626597601125638,-26.565048209395314,1.44587923198581,-4.187258437834175,4.429864555344935,
1436,11.896242900000289,129.01166540543707,244.52680537741978,29.473110979702234,55.86289929481843,-26.565048217505254,0.22845306962807505,-0.5013750129451502,1.3321829146493371,-26.737996824496253,1.8378260968531652,-4.656414985800346,5.005976955825963,
1437,11.907614100000046,129.05745889286317,244.64256560216745,29.483572642473703,55.88934507350288,-26.565048217719802,0.22845306962807505,-0.4909133501736811,1.3057371359648897,-26.963545409821126,1.6098593443599727,-3.688068716448231,4.024114556752481,
1438,11.912078000000292,129.1091904678447,244.7369429752489,29.49539087957493,55.910905874086765,-27.4297912597549,0.22845306962807505,-0.47909511307245367,1.2841763353810052,-27.3359207518861,1.9861878801754576,-3.6713020725757537,4.174134785012925,
1439,11.923622100000102,129.15072214699046,244.81696813516965,29.504878919162586,55.92918786751814,-27.692791137693167,0.22845306962807505,-0.4696070734847986,1.2658943419496325,-27.68810883299441,1.6563998539127882,-2.432274446693416,2.9427231368377265,
1440,11.927811200000178,129.20376864099566,244.866431517435,29.516997553551082,55.940487929030844,-28.426924926757383,0.22845306962807505,-0.4574884390963021,1.2545942804369261,-28.03625946191138,1.9656130527367779,-2.267819297773234,3.001106302756015,
1441,11.939927300000363,129.2567870393993,244.9048555600228,29.52910976941316,55.949266019507554,-28.32598862304679,0.22845306962807505,-0.44537622323422354,1.245816189960216,-28.26020660429634,1.5610170776923402,-1.3363025450976145,2.0548671024865564,
1442,11.944204200000058,129.30295484700804,244.9330009993807,29.53965694677937,55.95569593152489,-28.30580136230467,0.22845306962807505,-0.43482904586801396,1.2393862779428773,-28.441303405820207,1.2276819843576117,-1.0008000277780922,1.5839203737299654,
1443,11.955572100000154,129.3340318636075,244.94158231161276,29.5467565866164,55.95765635864574,-28.549526971679683,0.22845306962807505,-0.4277294060309842,1.237425850822028,-28.509575988781233,0.5358329503716246,-0.42491667102260855,0.683864846308754,
1444,11.960016600000017,129.31759686360695,244.93975653981727,29.543001960416937,55.957239255474626,-28.598275145312503,0.22845306962807505,-0.43148403223044696,1.2378429539931446,-28.604836340334373,0.08400953647239306,-0.10863030410670999,0.13732496200116945,-12.348793991309526
1445,11.971756000000369,129.28849421712243,244.9304080375422,29.53635337149325,55.95510356143346,-28.768287841562504,0.22845306962807505,-0.43813262115413565,1.2399786480343096,-28.71762071044969,-0.6050163764032559,0.25687094096065205,0.6572879856091521,-15.416624580572027
1446,11.976143900000352,129.26430418782553,244.9139489026961,29.530827085045978,55.95134342155444,-28.802290380812504,0.22845306962807505,-0.4436589076014066,1.2437387879133297,-28.784357271972752,-0.9817551945276348,0.5449255396206865,1.1228477660452865,-9.933853838065616
1447,11.987683800000013,129.21484924031574,244.89757749667012,29.51952895047907,55.94760332359368,-28.86972321288125,0.22845306962807505,-0.45495704216831356,1.247478885874088,-28.8418836614258,-0.9157116061904003,0.675299879360613,1.1377863036512001,-9.959325260349196
1448,11.992900300000201,129.1860975639852,244.8686280777808,29.512960541764404,55.940989739984474,-28.883209779295,0.22845306962807505,-0.4615254508829807,1.2540924694832967,-28.892398949082036,-0.8675978952381902,0.7469514888558642,1.1448417508659132,-9.869313192117346
1449,12.003580800000236,129.16204105359395,244.83376468546084,29.507464758120985,55.93302509099132,-28.885907092577753,0.22845306962807505,-0.4670212345263991,1.2620571184764486,-29.051956962667973,-0.8881277665812912,1.061991111520835,1.3844118067691893,-11.119799546175294
1450,12.019177900000159,129.13979920382818,244.79688492746874,29.50238353926779,55.92459979707089,-29.020864279843675,0.22845306962807505,-0.4721024533795948,1.2704824123968805,-29.18822037202579,-0.778817938958466,1.1576518977471801,1.3952473968444308,-17.89009630309095
1451,12.023565500000132,129.11363937615235,244.75017414324412,29.496407246334304,55.91392857503004,-29.600080448742176,0.22845306962807505,-0.47807874631308067,1.2811536344377288,-29.31982486053797,-0.7032099241375603,1.2429793759315133,1.4281113144277822,-17.599474139689647
1452,12.035198800000217,129.09161556303224,244.70931401310594,29.491375838622098,55.90459395287457,-29.551040259670312,0.22845306962807505,-0.4831101540252867,1.2904882565931999,-29.483474249451348,-0.6687094793519487,1.228972774044657,1.3991234567107271,-24.6954876706414
1453,12.039967400000023,129.07322356238893,244.6739448668019,29.487174129618534,55.89651376283129,-29.54123222185594,0.22845306962807505,-0.4873118630288502,1.2985684466364802,-29.626649073523083,-0.7445757145495955,1.4085503106363075,1.5932378894222543,-15.531611413070708
1454,12.051407599999948,129.0560942817105,244.6401086837415,29.483260892867026,55.88878378294664,-29.704154037144626,0.22845306962807505,-0.4912250997803582,1.3062984265211313,-29.655284038337435,-0.5191501337619044,1.0218336696049612,1.1461504742935564,-13.603541671744559
1455,12.056080199999997,129.0416724962089,244.6106955058963,29.479966191699667,55.88206425218039,-29.736738400202363,0.22845306962807505,-0.4945198009477174,1.3130179572873786,-29.693987715870616,-0.5997967983689767,0.998964729015086,1.1651981501658244,-4.79942015758788
1456,12.06735260000005,129.03007907375925,244.58609596509712,29.47731763875355,55.876444411573374,-29.74325527281391,0.22845306962807505,-0.4971683538938336,1.3186377978943966,-29.734705135947568,-0.520300714747197,0.8357396353902501,0.9844661354910449,-10.040712929230459
1457,12.072289900000214,129.01201729651598,244.5712256819481,29.473191370299386,55.873047249741745,-29.74455864733622,0.22845306962807505,-0.5012946223479986,1.3220349597260252,-29.824696764494206,-0.6482873532524737,1.0982205151077147,1.2752900815855785,-10.296877443089926
1458,12.083320700000058,128.9886648771075,244.52881563679563,29.46785643840228,55.8633585447436,-29.744819322240684,0.22845306962807505,-0.5066295542451051,1.3317236647241728,-29.924543234734784,-0.5727084655712033,0.9497618382365114,1.109072827143159,-16.339367650708528
1459,12.088004200000341,128.9685331016011,244.48805794362272,29.46325727249078,55.85404732462729,-30.154112179877828,0.22845306962807505,-0.5112287201566055,1.3410348848404823,-30.026360673314148,-0.652777314630631,1.1307156016786184,1.305617093322471,-13.227475759746955
1460,12.099500000000262,128.95206751001942,244.4530462852221,29.4594956575507,55.84604880379289,-30.235970751405254,0.22845306962807505,-0.5149903350966838,1.3490334056748807,-30.12857230556127,-0.5332691121131833,1.1966994565715365,1.3101395098586233,-17.4993458814262
1461,12.104177800000343,128.93905905279783,244.42431198634458,29.456523835567303,55.83948436501071,-30.25234246571074,0.22845306962807505,-0.5179621570800812,1.3555978444570584,-30.230862776541944,-0.6690312693327087,1.5026947681419456,1.644899512294326,-10.862412179595346
1462,12.11536440000009,128.92739553102172,244.37446483740646,29.453859268214874,55.828096630823595,-30.255616808571837,0.22845306962807505,-0.5206267244325105,1.3669855786441758,-30.251320870738077,-0.5178215934113307,1.2862701215834758,1.3865893509909193,-12.062836676462997
1463,12.119826099999955,128.9046928158609,244.32743044885356,29.448672763247494,55.81735148038061,-30.256271677144056,0.22845306962807505,-0.5258132293998905,1.3777307290871619,-30.307058607741368,-0.6450405360454857,1.5084547361062821,1.640583123167894,-8.351685914784404
1464,12.131408200000351,128.89323787071328,244.28149979360987,29.4460558458661,55.80685848120015,-30.2564026508585,0.22845306962807505,-0.528430146781286,1.3882237282676186,-30.43137815221234,-0.5722707454431137,1.3068557894353212,1.4266624900342175,-13.737933397928831
1465,12.135661700000128,128.87530226552988,244.2478613680802,29.441958401806314,55.79917367963045,-30.514659436421702,0.22845306962807505,-0.5325275908410703,1.395908529837321,-30.507888179270594,-0.7749979255575918,1.2200504040849083,1.4453874128157884,-13.2828184231664
1466,12.147207700000308,128.86158298215395,244.22788178489114,29.438824189405985,55.794609282521016,-30.873940188065593,0.22845306962807505,-0.5356618032413998,1.4004729269467546,-30.63636218175256,-0.6074231347893494,0.8160160436321131,1.0172733399349099,
1467,12.151686900000186,128.83703881194475,244.21643242132043,29.43321699838022,55.791993640268004,-30.63816694386312,0.22845306962807505,-0.5412689942671634,1.4030885691997668,-30.775228979319262,-0.7782974598647945,0.9686822171022946,1.2426150545370873,
1468,12.163448499999959,128.8203284285721,244.19644971909963,29.42939946000408,55.78742853060619,-30.898641689553877,0.22845306962807505,-0.5450865326433032,1.4076536788615783,-30.864528217738854,-0.6331733727157306,0.791764727341094,1.0138046672696523,
1469,12.167596600000252,128.80071275289498,244.16613971248975,29.42491819868281,55.78050411655572,-30.950736638692028,0.22845306962807505,-0.5495677939645738,1.414578092912052,-30.940777958000897,-0.6636698890322656,1.1864420400585183,1.3594493135186463,-13.752072230099103
1470,12.179360500000257,128.7884731711339,244.11865666274159,29.422122028658524,55.76965646808545,-30.961155628519656,0.22845306962807505,-0.55236396398886,1.4254257413823197,-31.120553052537684,-0.41177397854275505,1.190548001887703,1.2597469405415245,
1471,12.183784600000308,128.78026343438503,244.07278550357603,29.420246489097412,55.75917706096668,-31.255188889375805,0.22845306962807505,-0.5542395035499723,1.4359051485010923,-31.259507339023166,-0.34273572104343,1.3821784315048253,1.4240382687962774,
1472,12.19528530000025,128.78064859175055,244.0423548536772,29.420334479479852,55.75222508558652,-31.537042416547038,0.22845306962807505,-0.5541515131675325,1.4428571238812538,-31.36182639456245,-0.2295406815377101,1.099715277879255,1.1234156029189926,
1473,12.19977659999995,128.78105387157046,244.01588732792126,29.42042706689877,55.74617849808211,-31.593413121981285,0.22845306962807505,-0.5540589257486133,1.448903711385661,-31.54894975156875,-0.5442250578908201,1.0733885073016747,1.2034715622911842,
1474,12.211986900000284,128.75356348620318,244.00215222138462,29.414146803976355,55.743040670832144,-31.462331916388447,0.22845306962807505,-0.5603391886710298,1.4520415386356262,-31.694644076290317,-0.5934190874240389,0.6723166087167949,0.8967473644653945,
1475,12.215979100000368,128.7219144311211,243.9883386534907,29.406916480192024,55.73988491884427,-31.896772413551126,0.22845306962807505,-0.5675695124553606,1.4551972906235022,-31.748098126781507,-0.6571108079823494,0.6126511543558195,0.8984075082615541,-10.627815814256245
1476,12.227310100000068,128.6886878362959,243.97031693265978,29.399325762610925,55.73576780140046,-31.983660512983665,0.22845306962807505,-0.5751602300364596,1.459314408067307,-31.822449215200052,-0.8293201281014587,0.5238866337820671,0.980932760147058,-8.827300624371176
1477,12.243694900000264,128.66639650741382,243.94835926246182,29.394233240101723,55.73075150424186,-31.804312669002986,0.22845306962807505,-0.5802527525456611,1.4643307052259118,-31.929450780540016,-0.7716716618777976,0.5212442048569875,0.9312210665799153,-6.028218037395372
1478,12.24798150000015,128.65062698940227,243.93142575311546,29.39063064530543,55.726882992052104,-31.965168564074034,0.22845306962807505,-0.5838553473419559,1.4681992174156662,-31.95085109360801,-0.4975028226980094,0.45461678929801635,0.6739328480673159,-6.104926210321041
1479,12.259585100000095,128.63914295340527,243.9190441824195,29.388007082030192,55.7240543842198,-31.997339743088247,0.22845306962807505,-0.5864789106171919,1.4710278252479725,-32.02966118551848,-0.39208792800345593,0.40822194456240474,0.5660195220205345,
1480,12.263812400000006,128.63099621808766,243.91058151069277,29.38614593533944,55.722121060886565,-32.00377397889109,0.22845306962807505,-0.5883400573079456,1.4729611485812057,-32.15929832597089,-0.3880333064247704,0.39364574613432024,0.5527448058051613,
1481,12.275929200000064,128.62342059382854,243.9036135478392,29.38441526072309,55.72052920838362,-32.37771097253603,0.22845306962807505,-0.5900707319242926,1.4745530010841534,-32.32920341519418,-0.24237975323366742,0.2283815911195109,0.3330256685901148,
1482,12.280325000000175,128.61783024611339,243.89912497509457,29.383138128627277,55.71950378016186,-32.45249837126502,0.22845306962807505,-0.5913478640201077,1.4755784293059122,-32.507162094171655,-0.23993934384667495,0.2011817478428294,0.3131213572892605,
1483,12.29172600000038,128.61223267749514,243.89532491442793,29.381859346893986,55.71863564463779,-32.81469401019051,0.22845306962807505,-0.5926266457533984,1.4764465648299776,-32.61728385926402,-0.2445298621768597,0.1996414698875732,0.3156763690793227,
1484,12.296093000000383,128.60814392376832,243.89326482235697,29.380925258554143,55.718165010280465,-32.8871331379756,0.22845306962807505,-0.5935607340932414,1.4769171991873051,-32.834327133180935,-0.41625906848478256,0.4103078186039203,0.584486200096569,
1485,12.307512700000188,128.58498886180146,243.87078858718104,29.375635413570382,55.71303024536084,-32.55438280435293,0.22845306962807505,-0.598850579077002,1.4820519641069296,-32.87773578796431,-0.4433912693493437,0.49819308418995856,0.6669274074964422,
1486,12.31213820000039,128.5647118760949,243.8468017610531,29.371003073942912,55.707550381301274,-33.46292734212059,0.22845306962807505,-0.6034829187044721,1.487531828166496,-32.81696988708505,-0.6263073775501343,0.8303913627346242,1.0401013154870984,4.214334752851563
1487,12.324038600000222,128.54251082424832,243.8117599495406,29.365931175499593,55.69954497189592,-32.66954164518193,0.22845306962807505,-0.608554817147791,1.4955372375718525,-32.7776145584717,-0.6585366363496759,0.9335100352241741,1.142414761493821,
1488,12.328364800000145,128.52306743384528,243.77886390706288,29.361489273278043,55.69202977001327,-32.5108645057942,0.22845306962807505,-0.6129967193693417,1.5030524394544997,-32.96476241364746,-0.6443824339372696,0.9380192800576806,1.1380285105949013,
1489,12.339007800000218,128.50559519708438,243.74982309346495,29.357497687156744,55.685395307002324,-32.69035649490884,0.22845306962807505,-0.61698830549064,1.5096869024654467,-33.002191984682625,-0.4547652735016644,0.7071028264877754,0.840717468124723,
1490,12.343162699999993,128.4984576676793,243.74123537541703,29.355867096654595,55.68343341645318,-33.49012208023177,0.22845306962807505,-0.618618895992789,1.5116487930145937,-33.20469681978809,-0.37519527583671225,0.563446135726345,0.676936513179144,
1491,12.35623280000027,128.49540299113858,243.73951187730154,29.355169246422143,55.68303967801819,-33.65007519729636,0.22845306962807505,-0.6193167462252411,1.5120425314495805,-33.44021670770762,-0.16636139144363188,0.2000983361065897,0.2602219373451959,
1492,12.362848800000393,128.4945821015444,243.74083194881757,29.35498171167453,55.68334125240816,-33.682065820709276,0.22845306962807505,-0.6195042809728548,1.511740957059608,-33.64009534349465,-0.20406543774393396,0.22842688903072553,0.30630303053329194,
1493,12.371711300000243,128.49525807421423,243.74391999281963,29.355136139705937,55.684046725539574,-33.68846394539186,0.22845306962807505,-0.619349852941447,1.5110354839281968,-33.68007229135519,-0.17242043662006692,0.19970666747616916,0.2638400272867855,
1494,12.376244800000222,128.48407452831918,243.7287389398553,29.352581224316886,55.68057856738969,-33.689749673844,0.22845306962807505,-0.6219047683304986,1.5145036420780826,-33.56249639186479,-0.41483684802407766,0.6127542032885237,0.739971164388387,7.811243256989968
1495,12.387946100000136,128.47207759204073,243.71190885605756,29.34984048739794,55.676733683083995,-33.690006819534425,0.22845306962807505,-0.6246455052494433,1.5183485263837753,-33.538981211966714,-0.4501738166271938,0.6838306554015773,0.8187068037115882,9.652079341674215
1496,12.392594700000245,128.44632750347893,243.66927207485423,29.343957800622803,55.666993179539034,-33.06219569984439,0.22845306962807505,-0.6305281920245811,1.5280890299287364,-33.5342781759871,-0.5039111777255919,0.7678458288573804,0.9184300147155855,1.0351989689549672
1497,12.403771600000255,128.43629653651425,243.65411535147723,29.341666195428385,55.663530579558056,-33.56448992121888,0.22845306962807505,-0.6328197972189997,1.531551629909714,-33.53333634808805,-0.42555164820033875,0.8295806017719782,0.9323616144621047,0.38000267215126154
1498,12.408049500000288,128.43159152914808,243.64773980588689,29.34059132205296,55.66207406659739,-33.664948765493776,0.22845306962807505,-0.633894670594426,1.5330081428703792,-33.53314798250824,-0.4562299461584794,1.33497993042847,1.4107860143971414,-3.57559920165623
1499,12.419614100000217,128.42289650899602,243.5933886563057,29.338604918008745,55.64965737963775,-33.68504053434876,0.22845306962807505,-0.6358810746386396,1.5454248298300186,-33.658682819157896,-0.22856868987196302,1.129008569465025,1.1519131894006804,-5.391790963444073
1500,12.424294700000246,128.41495493169236,243.53488280860768,29.336790640296034,55.63629153913995,-33.68906499163538,0.22845306962807505,-0.6376953523513507,1.5587906703278236,-33.68379100719096,-0.4218623464167103,1.3704788668843326,1.4339386890312908,-5.556038338890469
1501,12.43548869999995,128.4087237793098,243.48267394922223,29.33536711440692,55.62436426495156,-33.6898698830927,0.22845306962807505,-0.6391188782404633,1.5707179445162112,-33.68881386550069,-0.46972107489978054,1.386485675315801,1.4638922146322515,-9.905808945985811
1502,12.440151000000242,128.3848156799349,243.45171173071375,29.329905235715746,55.6172908510908,-33.690030861384166,0.22845306962807505,-0.6445807569316386,1.5777913583769703,-33.80026338345171,-0.6069732366379323,1.3379506384986706,1.469193119046549,-13.411583411224191
1503,12.451680300000135,128.3600589004525,243.43049003594993,29.324249473448887,55.6124426897793,-33.69006305704246,0.22845306962807505,-0.6502365191984971,1.5826395196884704,-33.98336749602628,-0.5825305848863102,0.8334578755477778,1.016854912286213,
1504,12.456152800000382,128.34326103248617,243.41422117231755,29.320411948948774,55.60872601794312,-34.24228812410381,0.22845306962807505,-0.6540740436986106,1.5863561915246507,-34.18080252752557,-0.5860860024861535,0.6579910043206663,0.8811634150809478,
1505,12.467559600000186,128.33000928888328,243.3975883436165,29.317384547444767,55.60492619716977,-34.60458555450826,0.22845306962807505,-0.6571014452026169,1.590156012298003,-34.428601911755116,-0.5837714676428376,0.5904865616751582,0.8303393920276353,
1506,12.483639700000367,128.31980700972082,243.3843435275545,29.3150538054529,55.601900378283744,-34.67704504058916,0.22845306962807505,-0.6594321871944828,1.593181831184026,-34.60911393703853,-0.6082852325914527,0.664166156972966,0.9006262311620044,-17.108220615172762
1507,12.488345700000082,128.29591320872902,243.36004385918355,29.309595193271242,55.596349044453454,-34.9290277825319,0.22845306962807505,-0.6648907993761419,1.5987331650143162,-34.69558682549365,-0.6568357868555093,1.085813882174728,1.269025231276924,-12.862144784667713
1508,12.499573000000055,128.26578128069787,243.32127317182713,29.302711461818713,55.587491761915295,-34.59262318345951,0.22845306962807505,-0.6717745308286709,1.6075904475524752,-34.79647088072373,-0.722006195460513,1.1108519071596805,1.3248716563968241,-10.603385280076843
1509,12.504107600000225,128.2439317398522,243.2629316657595,29.297719867142558,55.57416346576742,-34.67465256637941,0.22845306962807505,-0.6767661255048267,1.6209187437003507,-34.81664769176975,-0.8208391197513206,1.4576203844809732,1.6728520693021791,-5.6575243111857665
1510,12.515451000000212,128.2145740909689,243.24017520769965,29.291013022138106,55.56896468306978,-35.109005830658695,0.22845306962807505,-0.6834729705092784,1.6261175263979908,-34.85677436257271,-0.6589185302319356,1.3507404392569584,1.5028883404055988,-10.598098236842896
1511,12.520553500000005,128.20029955911917,243.19724701847764,29.287751961519533,55.55915760646844,-34.77792909581924,0.22845306962807505,-0.6867340311278518,1.6359246029993315,-34.97825123481923,-0.846148175896939,1.3910134653220925,1.6281539227852793,-11.274543604662421
1512,12.531634700000268,128.18330700647903,243.16594993821315,29.283869960708074,55.55200769241162,-35.129661136546666,0.22845306962807505,-0.6906160319393102,1.6430745170561494,-35.05004477821385,-0.8061741702962792,0.8472652867681258,1.1695192426869978,-11.093296529336229
1513,12.536430999999993,128.1507805174889,243.14515951214116,29.276439184454055,55.5472580557566,-35.20000754469215,0.22845306962807505,-0.6980468081933289,1.64782415371117,-35.06440348689277,-1.0895622123812871,0.8360667807598716,1.373373028910711,-6.143207587116938
1514,12.547756200000094,128.10611935422574,243.13422841563295,29.266236204613424,55.544760813204896,-35.03362028335249,0.22845306962807505,-0.7082497880339602,1.6503213962628749,-35.1658439542145,-1.1017836901842775,0.4595774407821136,1.1937917423202093,-2.9053482317329524
1515,12.552641700000095,128.06317382049002,243.1256248224141,29.256425165604686,55.542795295924215,-35.180799374053315,0.22845306962807505,-0.7180608270426987,1.6522869135435556,-35.150040739085085,-1.3917655054215876,0.433057100548644,1.4575835051265522,-3.3508409949310094
1516,12.563739000000169,128.02916015434124,243.12370280594533,29.24865463916369,55.542356205362054,-35.28513143242785,0.22845306962807505,-0.7258313534836951,1.6527260041057161,-35.198094085317024,-1.1269690505621341,0.3051838006882601,1.1675600169273739,
1517,12.568323899999996,127.9930307002064,243.1134147151582,29.240400754462602,55.54000585944112,-35.05064506089963,0.22845306962807505,-0.7340852381847824,1.655076350026647,-35.37336027214153,-1.1263366694619137,0.31385659902071794,1.1692477315451195,
1518,12.57928179999999,127.98222450244418,243.09658335408253,29.237932045412812,55.536160683337364,-35.440274275851806,0.22845306962807505,-0.7365539472345723,1.6589215261304062,-35.45962749876425,-0.7475137294392432,0.3055456576717104,0.8075487134669983,
1519,12.583777000000282,127.96455980297921,243.09139132191908,29.23389649059598,55.53497454765202,-35.90995121747505,0.22845306962807505,-0.7405895020514031,1.6601076618157506,-35.59146590502629,-0.6017853819636034,0.46147621816081674,0.7583573998274757,-16.95848400176441
1520,12.595599900000252,127.95865589617938,243.07272118253056,29.232547724964764,55.530709296998324,-35.61213550716688,0.22845306962807505,-0.7419382676826203,1.664372912469446,-35.75313387924745,-0.23920020879130216,0.4262399031142209,0.4887711068512775,-23.868418803277518
1521,12.60020140000006,127.95922841191106,243.05622045676546,29.232678517941075,55.5269396555462,-35.944323463738066,0.22845306962807505,-0.7418074747063095,1.6681425539215695,-35.884747869599494,-0.15605371049309705,0.47981486681009966,0.5045543250935989,-15.89989802865213
1522,12.611736800000017,127.95986935883714,243.0392321161445,29.23282494423381,55.52305861698345,-35.85898493200543,0.22845306962807505,-0.7416610484135759,1.6720235924843223,-35.94730601923241,0.03007812266716088,0.4794495533010557,0.48039209779487696,
1523,12.616123000000243,127.9635257656126,243.02735182176073,29.23366026158547,55.5203445272634,-36.098344227612024,0.22845306962807505,-0.7408257310619142,1.6747376822043734,-36.17297194603398,0.04639126805953976,0.5535495284071861,0.5554900810563499,
1524,12.627552200000082,127.96517228918147,243.01424228283275,29.234036414948992,55.51734961285389,-36.22274196563959,0.22845306962807505,-0.7404495776983921,1.677732596613879,-36.27522244096461,0.056577490969032876,0.41567498529431257,0.419507694665757,
1525,12.632097700000031,127.96452534158247,242.99969246768086,29.233888617784114,55.51402566291992,-36.740465141174795,0.22845306962807505,-0.7405973748632704,1.6810565465478504,-36.36226311612261,0.09282004216270423,0.39983335423152355,0.4104659198802224,-13.172390164451272
1526,12.643591500000184,127.968517810005,242.99315965866828,29.23480070945063,55.5125332226477,-36.455575938391206,0.22845306962807505,-0.7396852831967529,1.6825489868200734,-36.4935451525214,0.0600185318696018,0.3027590460083291,0.3086507153849735,-19.437626916377205
1527,12.648091000000022,127.97233689573855,242.98809322887604,29.235673191309637,55.51137578120961,-36.29418830779543,0.22845306962807505,-0.7388128013377475,1.6837064282581622,-36.61837089573866,0.06561764896118868,0.3075001543704663,0.3144233146461222,-13.765199722839599
1528,12.659803900000043,127.97369221038483,242.98125334872293,29.23598281710089,55.50981318959274,-36.754754409605965,0.22845306962807505,-0.7385031755464944,1.6852690198750295,-36.64333665473367,0.07809659515501212,0.1768609846577167,0.19333619958223802,-16.12511389490517
1529,12.66427270000031,127.97488362388526,242.9756638315655,29.23625499917226,55.508536247240386,-36.84687068172588,0.22845306962807505,-0.7382309934751241,1.6865459622273846,-36.726017184462364,-0.12175812799089336,0.44232475545581745,0.4587768858834275,-10.276255584179694
1530,12.675562400000217,127.97636021871546,242.9718059725398,29.236592331793815,55.50765490750378,-36.86529393614987,0.22845306962807505,-0.7378936608535689,1.687427301963993,-36.84112201599404,-0.24184802763553415,0.5132358376238424,0.5673636342705137,-11.244129378421157
1531,12.68013450000035,127.95794961278433,242.9426432655959,29.232386372355137,55.50099259758378,-36.86897858703466,0.22845306962807505,-0.7420996202922474,1.6940896118839888,-36.86414298230037,-0.2624300024891492,0.5963308361510462,0.651521275440074,-5.209015133512093
1532,12.691749900000104,127.93727945641874,242.91153743383063,29.227664211683724,55.493886374833664,-36.86971246545381,0.22845306962807505,-0.7468217809636606,1.701195834634106,-36.868747175561644,-0.3859681698701187,1.0299078899538097,1.0998553040932235,-3.3084195735776722
1533,12.707409000000098,127.93203753073067,242.87391478448305,29.226466677669524,55.48529136510267,-36.86985924113764,0.22845306962807505,-0.74801931497786,1.7097908443651022,-36.93911564604983,-0.4001925418310316,1.129823093811974,1.1986051450949318,-7.897459458164475
1534,12.711851100000331,127.92121128697954,242.82620574690202,29.223993389052037,55.47439208901828,-36.869891648032215,0.22845306962807505,-0.7504926035953474,1.7206901204494898,-37.02263697198341,-0.35257890879482423,0.984766995557017,1.0459817983432327,-10.106443934084105
1535,12.724117700000079,127.91899682198903,242.79518974238957,29.22348748772737,55.46730638757982,-37.21713628859082,0.22845306962807505,-0.7509985049200161,1.7277758218879526,-37.108789479357625,-0.32180122318035576,0.8872505869038771,0.9438059287807253,-15.681447867807783
1536,12.72820270000011,127.90680456438398,242.7821027944841,29.220702129051798,55.46431663415875,-37.28658521670254,0.22845306962807505,-0.7537838635955865,1.7307655753090216,-37.195468223019965,-0.5257038008316519,0.9394746047940941,1.0765579497927011,-11.936301807183037
1537,12.739671700000144,127.89412057468974,242.77586703773235,29.21780443267102,55.46289205638736,-37.30047500232489,0.22845306962807505,-0.7566815599763643,1.7321901530804098,-37.28225160358837,-0.49105602624448985,0.5045222669133604,0.7040445573416679,-10.940667108312386
1538,12.743971700000202,127.87349161523005,242.76062096475536,29.21309168355922,55.45940904421599,-37.30325295944935,0.22845306962807505,-0.7613943090881641,1.7356731652517823,-37.299608279702056,-0.6522698186456918,0.503353844766322,0.8239059469120988,-3.966079381699644
1539,12.755738000000292,127.85373743627821,242.7462579938744,29.20857878073969,55.45612777942925,-37.30380855087425,0.22845306962807505,-0.7659072119076953,1.7389544300385182,-37.30307961492479,-0.5702050916829741,0.3897188622281469,0.6906624632608828,-4.591554934375512
1540,12.760295500000211,127.83683409356662,242.7348509364569,29.204717160210254,55.4535218021468,-37.30391966915923,0.22845306962807505,-0.7697688324371299,1.7415604073209678,-37.34611702161777,-0.7369009467427242,0.5527994090219127,0.9212004081226296,-4.706510793601023
1541,12.771924600000148,127.82301238691704,242.72651745213182,29.201559548898658,55.451617992072045,-37.303941892816226,0.22845306962807505,-0.7729264437487267,1.7434642173957258,-37.39706764260481,-0.5898667295353845,0.4860748470256233,0.7643373048096983,-6.631478224333304
1542,12.776276500000222,127.80232215800856,242.70861834618725,29.19683280259321,55.44752888637541,-37.51566203578981,0.22845306962807505,-0.7776531900541741,1.7475533230923617,-37.423483352739716,-0.6906186116886699,0.6694175479263987,0.9618076316408485,-4.099665019800707
1543,12.787916900000255,127.78393739680195,242.6843452908925,29.19263274746118,55.44198363238407,-37.55800606438453,0.22845306962807505,-0.7818532451862055,1.7530985770836978,-37.444992080704196,-0.5979743298393179,0.6585049797230222,0.8894954229600056,-4.144122589614074
1544,12.792463700000098,127.76627777571416,242.66055012887546,29.188598352815205,55.43654755457898,-37.43588710154878,0.22845306962807505,-0.785887639832179,1.7585346548887912,-37.46551941223459,-0.7273324114852152,0.8738558959642284,1.1369417591540663,-3.6429227590646986
1545,12.804098500000237,127.74671661494905,242.63420796678918,29.184129545592928,55.430529606789726,-37.41146330898163,0.22845306962807505,-0.7903564470544566,1.7645526026780445,-37.518647705689105,-0.5522867955694719,0.7615986929334366,0.9407727003045501,-7.714688961499178
1546,12.808340000000044,127.72966697722359,242.6111772663555,29.1802345035185,55.42526817257997,-37.406578550468204,0.22845306962807505,-0.7942514891288859,1.7698140368878015,-37.578296191528445,-0.5544215206663543,0.8220206178368608,0.9915145580004799,-8.700666007763889
1547,12.819991900000332,127.7189100456975,242.59188123065138,29.177777049491585,55.420859933991714,-37.78130350306239,0.22845306962807505,-0.7967089431557994,1.7742222754760562,-37.66536626955569,-0.3959846154432397,0.6286804042720213,0.7429958723864908,-14.09856384923587
1548,12.824450200000229,127.71166034223492,242.57668887455736,29.176120832481665,55.41738919360715,-37.85624849358123,0.22845306962807505,-0.7983651601657193,1.7776930158606206,-37.75792066602052,-0.3466342306036675,0.6060474399024374,0.6981753284372737,-12.155090380261692
1549,12.835825800000293,127.70692395091518,242.56529190858075,29.17503878934571,55.414785521745344,-37.871237491684994,0.22845306962807505,-0.7994472033016748,1.7802966877224264,-37.85157192617285,-0.16781377071751666,0.37988455670398424,0.4152995762875443,
1550,12.840413000000353,127.70416629046318,242.55717838486004,29.17440879335046,55.41293196234585,-37.87423529130575,0.22845306962807505,-0.8000771992969256,1.782150247121919,-37.995873467265824,-0.07739084256051877,0.3437298016747371,0.35233438530972405,
1551,12.85150590000012,127.7029905014488,242.55185410549234,29.17414018074089,55.41171561438074,-37.8748348512299,0.22845306962807505,-0.8003458119064959,1.7833665950870312,-38.05226307235942,0.0008435844212362938,0.20310409376892527,0.2031058456578051,
1552,12.856327200000123,127.70808099938563,242.5476849008848,29.175303120620494,55.410763146790245,-38.502811208527234,0.22845306962807505,-0.7991828720268899,1.7843190626775254,-38.06354099337814,-0.16587410107292608,0.18031613206965505,0.24500637724621085,-4.473548569048503
1553,12.867778300000282,127.70906752157492,242.54390746179348,29.175528494642894,55.4099001792345,-38.138196519049195,0.22845306962807505,-0.7989574980044907,1.7851820302332726,-38.13222541058969,-0.19665091572343724,0.08147019771620563,0.212859051418501,-3.7353443910595066
1554,12.872566700000334,127.68960170400213,242.54149825827062,29.17108146886557,55.40934978929434,-37.92762709677859,0.22845306962807505,-0.8034045237818148,1.7857324201734315,-38.14596229403201,-0.468578934633219,0.1684641935876084,0.4979421678298854,0.9297909032371439
1555,12.883103900000151,127.67616934689897,242.54565669957742,29.16801280565301,55.410299797975746,-38.21765737736354,0.22845306962807505,-0.8064731869943742,1.7847824114920243,-38.023138381657965,-0.5794399823944005,0.21566523302219553,0.618273552670451,3.4408308755502546
1556,12.88762190000034,127.64880155303334,242.53488600716975,29.161760549135458,55.40783920023319,-37.943519268441456,0.22845306962807505,-0.8127254435119262,1.7872430092345795,-38.016202993714415,-0.7964339881594865,0.3293936341135084,0.8618626710155911,0.7287117634645393
1557,12.898906100000204,127.63333648139798,242.51347079988813,29.15822750604834,55.402946830392985,-37.888691646657044,0.22845306962807505,-0.8162584865990432,1.7921353790747858,-38.140387205188205,-0.6604053998971946,0.3353374980843364,0.7406662742658369,-9.944710683521231
1558,12.903029999999944,127.61410652025184,242.50184563576306,29.153834362395678,55.40029102596368,-38.10351957933141,0.22845306962807505,-0.8206516302517066,1.7947911835040884,-38.224366503537645,-0.6492096435543773,0.3952258219741718,0.7600504007229792,-14.712476258606962
1559,12.914180100000067,127.6019748112153,242.49478513940952,29.151062836226448,55.39867803389862,-38.54854815414754,0.22845306962807505,-0.8234231564209367,1.796404175569151,-38.366733652270035,-0.8124405146236287,0.2610238539352462,0.8533422772399802,-14.21511055435646
1560,12.930373099999997,127.5853005265343,242.4799508624891,29.14725354470722,55.395289097800436,-38.63755386911076,0.22845306962807505,-0.8272324479401654,1.7997931116673342,-38.52077837107901,-0.8028872513232432,0.21004846778362593,0.8299086077127057,
1561,12.934074600000258,127.54965498087674,242.48199867143282,29.139110210383183,55.395756926039645,-38.655355012103406,0.22845306962807505,-0.835375782264201,1.799325283428125,-38.63199991249706,-0.6955076235145501,0.23276529798494863,0.7334238462941324,
1562,12.946895900000072,127.53476405649849,242.47197061512384,29.13570833299937,55.393465985793455,-38.65891524070194,0.22845306962807505,-0.838777659648013,1.8016162236743156,-38.723691852616604,-0.75340092021542,0.20355904476857348,0.7804160629360058,
1563,12.950229800000216,127.52705305941271,242.46091486447432,29.13394673204523,55.39094026562053,-38.65962728642164,0.22845306962807505,-0.8405392606021529,1.8041419438472417,-38.811477872476445,-1.0867346545137426,0.12109391598543218,1.0934605369238481,-14.346970450108843
1564,12.962606100000357,127.4979055378024,242.46098906157755,29.127287891261307,55.39095721617652,-39.00700785474527,0.22845306962807505,-0.847198101386077,1.8041249932912535,-38.92977116043279,-0.7675454360654217,0.15951040416011675,0.7839448739931795,
1565,12.966206600000078,127.46793074541252,242.4641890683729,29.120440057928374,55.39168826755174,-39.07648396840999,0.22845306962807505,-0.8540459347190108,1.8033939419160276,-39.054165902008435,-1.1245742912367827,0.1843430843227508,1.1395831295909644,
1566,12.978229199999987,127.43614124043027,242.4607318679233,29.113177647933224,55.39089845949672,-39.246821451885125,0.22845306962807505,-0.8613083447141605,1.8041837499710525,-39.262367604229816,-1.0756912892910468,0.0809161742863673,1.0787303542210056,
1567,12.981324300000324,127.40836125310074,242.4566288898324,29.10683122455356,55.38996112155723,-39.280888948580156,0.22845306962807505,-0.8676547680938249,1.8051210879105426,-39.417882456392846,-1.2153121635703519,0.17477749106107224,1.227815469157989,
1568,12.994313500000317,127.39221520646366,242.4429574238741,29.10314261063696,55.38683783319274,-39.700635797528534,0.22845306962807505,-0.8713433820104228,1.8082443762750273,-39.56286054889576,-0.828209600627034,0.3399086782612951,0.8952480394438916,
1569,12.997786800000085,127.37342153843232,242.43584311573414,29.098849139485633,55.38521254765989,-39.7845821155604,0.22845306962807505,-0.8756368531617511,1.8098696618078804,-39.674442226966654,-0.8502834689639202,0.4160569424087495,0.9466178515746654,
1570,13.010037400000328,127.37522336556512,242.40245595715618,29.09926077242506,55.3775851487966,-39.80137443092458,0.22845306962807505,-0.8752252202223261,1.8174970606711724,-39.665470110432395,-0.5133121082854734,0.3905507597709149,0.6449955166279192,
1571,13.013342400000056,127.36488776582976,242.3959974426582,29.09689957293907,55.37610968133429,-39.80472984223961,0.22845306962807505,-0.8775864197083152,1.8189725281334788,-39.58109023790679,-0.7878425807874926,0.5596849782248949,0.9664073711186696,9.175393479609395
1572,13.026705600000241,127.34350122307364,242.38574252472705,29.092013751597705,55.37376691385414,-39.23602836590886,0.22845306962807505,-0.8824722410496797,1.8213152956136298,-39.56421487375324,-0.5584088348241941,0.5731762626448493,0.8002196291451688,9.23279237715427
1573,13.030436700000337,127.31644514524595,242.3680039295216,29.08583270756587,55.369714477328564,-39.27873643490052,0.22845306962807505,-0.8886532850815136,1.8253677321392061,-39.56083980092253,-0.63188485020604,0.6598906095372558,0.9136378278483004,0.7414237066968464
1574,13.042295600000216,127.31182689300094,242.34021188936282,29.08477765366418,55.363365300443064,-39.70020529479261,0.22845306962807505,-0.8897083389832048,1.8317169090247063,-39.560165396707944,-0.507089952715188,0.6272052859153412,0.8065523484714655,
1575,13.046536199999991,127.30563120750317,242.32060671379577,29.083362230293766,55.358886437904175,-39.784499066771026,0.22845306962807505,-0.8911237623536188,1.8361957715635953,-39.721158445552526,-0.3895833529008473,0.7955463719219305,0.885815566997788,
1576,13.058612900000298,127.3008493301961,242.30564606321457,29.08226979574438,55.355468631355265,-39.801357821166704,0.22845306962807505,-0.8922161969030036,1.8396135781125054,-39.88319531215739,-0.032854373841881446,0.6423764703811017,0.6432160908900092,
1577,13.062789800000246,127.3049066990041,242.28705146941692,29.08319671410318,55.35122063932371,-40.04099361013178,0.22845306962807505,-0.8912892785442033,1.843861570144064,-39.962855493095546,0.08210391399530334,0.7151519928855831,0.7198495854145984,-12.608796361270663
1578,13.074628000000303,127.31148859186528,242.27045518913158,29.08470036773128,55.34742916814811,-40.0889207679248,0.22845306962807505,-0.8897856249161045,1.84765304131966,-40.02604155760349,0.16710280224035365,0.5495834938651154,0.5744261164375851,-13.95296227850183
1579,13.078060199999982,127.31878744642823,242.2569448519704,29.086367813460956,55.344342690151926,-40.0985061994834,0.22845306962807505,-0.8881181791864279,1.8507395193158445,-40.08593279882539,0.2360653609015274,0.6071616959051128,0.6514385462896259,-7.90165397492332
1580,13.0911143000003,127.32399961124085,242.24389701011174,29.087558548511804,55.341361870627296,-40.10042938931075,0.22845306962807505,-0.8869274441355799,1.8537203388404748,-40.0979122677729,0.2091474355396553,0.4345063382341307,0.4822223633951946,-8.006169704097507
1581,13.095373399999971,127.32874160202897,242.23325361043808,29.0886418708635,55.33893035330057,-40.100814027276215,0.22845306962807505,-0.885844121783883,1.8561518561672017,-40.12198052484365,0.21842687891864548,0.4571420495614781,0.506644998901015,-3.4989886939221084
1582,13.10733670000036,127.33331455089787,242.22520259328334,29.08968657506985,55.33709107371794,-40.10089095486931,0.22845306962807505,-0.8847994175775327,1.8579911357498275,-40.16897557274217,0.12442055230357121,0.3010935484017963,0.32578796589915743,-8.750042448584082
1583,13.111021300000175,127.33611145937974,242.21821165906303,29.090325537398005,55.335493973335744,-40.20926205327855,0.22845306962807505,-0.8841604552493791,1.8595882361320264,-40.230400949509374,-0.05723052634052381,0.513098453688504,0.5162803078975097,-8.625776682382188
1584,13.123205600000347,127.33695373764766,242.2118634006056,29.09051795845379,55.334043694204354,-40.33348143897602,0.22845306962807505,-0.8839680341935932,1.8610385152634166,-40.294712392050315,-0.159218691093033,0.4712822103931215,0.497451016107521,-13.500112939715407
1585,13.126703400000224,127.32444419918242,242.1921374504932,29.087660115991778,55.32953724034984,-40.40755627314677,0.22845306962807505,-0.8868258766556067,1.865544969117927,-40.359601047746004,-0.18221579709182645,0.4707066901992739,0.504744871106349,-9.83427661765375
1586,13.139282999999978,127.3103705407624,242.1722142027112,29.08444494552483,55.32498571323708,-40.42237123998092,0.22845306962807505,-0.8900410471225548,1.870096496230687,-40.430969281814825,-0.30668130272168886,0.4896790349383461,0.5777880049786618,-12.357847924632832
1587,13.143342100000154,127.30987908843767,242.16953365321686,29.084332671732664,55.324373333476814,-40.42533423334775,0.22845306962807505,-0.8901533209147203,1.8707088759909567,-40.48312439835516,-0.38359835843429085,0.5499176482044922,0.6704902090263827,-7.273123068494232
1588,13.15500880000036,127.28695387245122,242.14255354880225,29.079095335768674,55.31820964580441,-40.566103223622676,0.22845306962807505,-0.8953906568787104,1.8768725636633619,-40.52159069998353,-0.593536428743907,0.5363940249615919,0.8000025264088657,-6.141209083875911
1589,13.170695799999976,127.26163028329836,242.11369853734703,29.073310084092704,55.31161762986331,-40.59425702167766,0.22845306962807505,-0.9011759085546807,1.883464579604457,-40.557319238629525,-0.6364786458437091,0.5137478591191412,0.8179498330365639,-5.072867265560868
1590,13.174343800000315,127.23182183168885,242.0942052739852,29.06650025182165,55.30716433401123,-40.59988778128866,0.22845306962807505,-0.9079857408257332,1.8879178754565373,-40.592500224679036,-0.9521827844267454,0.5345756694413984,1.0919813191247318,-5.013041318233479
1591,13.187572700000146,127.20458860611558,242.07981047376973,29.060278737843564,55.30387579771533,-40.60101393321086,0.22845306962807505,-0.91420725480382,1.8912064117524423,-40.63374296485769,-0.9736396577985909,0.4451999491624365,1.0705966457879423,-9.977812306989394
1592,13.191852700000254,127.17449729496151,242.0750330322608,29.053404285441285,55.30278437653764,-40.6012391635953,0.22845306962807505,-0.921081707206099,1.892297832930133,-40.707238705276225,-1.1832558257079868,0.41937824684884517,1.2553774185486613,-8.962827108428016
1593,13.203967700000248,127.14500181092299,242.070714434823,29.046665951572518,55.30179777969649,-40.772316924515934,0.22845306962807505,-0.9278200410748667,1.8932844297712776,-40.787185045742746,-0.9249655444436806,0.2181091296116009,0.9503330210131208,-13.961933235532394
1594,13.20845220000001,127.11718879196414,242.06499992828583,29.040311982015744,55.30049228313666,-40.961735723770374,0.22845306962807505,-0.9341740106316401,1.8945899263311077,-40.86842150621886,-1.028744324174716,0.20601761615451314,1.0491702162602985,-12.528493647001712
1595,13.219936899999993,127.08826860302034,242.0542214786535,29.033705076077307,55.29802991323233,-40.99961948362126,0.22845306962807505,-0.9407809165700769,1.8970522962354437,-41.01624777780627,-0.8160502487719962,0.21159985993886712,0.8430376677509641,-16.88063843240017
1596,13.224459800000204,127.06868465868965,242.0504968979837,29.029231063879536,55.29717902134523,-41.00719623559144,0.22845306962807505,-0.9452549287678487,1.897903188122541,-41.105147138569066,-0.9968099173096437,0.4083934713356103,1.0772257138949148,-12.336358523910272
1597,13.23473920000015,127.04426505200152,242.03776689417367,29.023652329772524,55.29427081289845,-41.34037052153235,0.22845306962807505,-0.9508336628748602,1.900811396569317,-41.15122046775288,-0.8134765785089492,0.4284488331927381,0.9194088026807473,-10.767360529642565
1598,13.239333200000146,127.01490575579822,242.01634251089695,29.01694510843276,55.289376346774,-41.21681372832991,0.22845306962807505,-0.9575408842146231,1.9057058626937717,-41.1887285906209,-0.9095617403286811,0.5570141124065499,1.0665679916863227,-5.215111175071721
1599,13.251270300000215,126.98876901097104,241.99589165799767,29.010974088846904,55.28470428665265,-41.19210236968942,0.22845306962807505,-0.9635119038004802,1.9103779228151225,-41.224523672225736,-0.8005642162784185,0.6003845858668655,1.0006821250187323,-4.237622759895846
1600,13.255890100000215,126.9674204479332,241.97855665473378,29.00609694408876,55.280744051945,-41.187160097961325,0.22845306962807505,-0.968389048558624,1.9143381575227707,-41.23168268854671,-0.8302090104762266,0.7220707257371517,1.1002877505645932,-2.6862233246892018
1601,13.267133900000317,126.94555803861904,241.95862460679868,29.001102409571477,55.27619051441025,-41.18617164361571,0.22845306962807505,-0.9733835830759077,1.9188916950575177,-41.27115282188903,-0.5809041843504481,0.575476030960988,0.8176933004534593,-7.063986834249533
1602,13.272062800000185,126.93065106055808,241.9393937005278,28.997696864674573,55.27179715484094,-41.3761656031372,0.22845306962807505,-0.9767891279728111,1.923285054626831,-41.35066550090125,-0.5189911314910208,0.6367199288665525,0.8214402366466825,-9.17622585765342
1603,13.283160599999974,126.92028102075476,241.92324487898938,28.995327797249338,55.26810790698961,-41.4141643950415,0.22845306962807505,-0.9791581953980462,1.9269743024781576,-41.43818668904744,-0.3107509179276506,0.5105638226335178,0.5976968713110582,-14.348729737084659
1604,13.287844400000267,126.91637244024729,241.90894232326298,28.994434870034517,55.26484044423039,-41.58966576475049,0.22845306962807505,-0.980051122612867,1.9302417652373833,-41.52730957902043,-0.20953690446187123,0.5133008562862224,0.5544217558823178,-10.459371903638967
1605,13.299360200000137,126.91564134309405,241.8975274814505,28.994267848645666,55.26223268857901,-41.624766038692286,0.22845306962807505,-0.9802181440017179,1.9328495208887588,-41.578714479280656,-0.06050315689389127,0.35986286471732953,0.3649135697623341,-13.067979118238497
1606,13.304052200000115,126.91691196846395,241.88892883691537,28.994558126911766,55.26026830184032,-41.63178609348065,0.22845306962807505,-0.9799278657356183,1.9348139076274506,-41.652436011090515,0.022137702994823785,0.36933665179582625,0.36999951385594876,-7.163369656562141
1607,13.315272499999992,126.91957566362478,241.88283096411166,28.99516665624781,55.25887522408011,-41.63319010443832,0.22845306962807505,-0.9793193363995734,1.9362069853876633,-41.66718031745248,0.07741915191908737,0.2403152218877621,0.25247798112872155,-5.885608354314754
1608,13.319948000000295,126.92366337086224,241.87505802178964,28.99610050551395,55.2570994715466,-41.78277205409079,0.22845306962807505,-0.9783854871334334,1.9379827379211676,-41.670128568373315,0.08038217862328877,0.2484094505229057,0.26109107558344125,-0.6651531554924399
1609,13.331540800000312,126.9280155283845,241.87239380842593,28.997094769259416,55.256490823825516,-41.663387296560344,0.22845306962807505,-0.9773912233879685,1.9385913856422547,-41.67071760820592,0.0662803887730306,0.18526413588378288,0.19676353823986,-0.23523170501925214
1610,13.336361800000304,126.92802210109026,241.86676101924516,28.99709627081422,55.2552039958466,-41.63950729329645,0.22845306962807505,-0.9773897218331626,1.9398782136211707,-41.670834805820874,-0.1709543598140143,0.45026598568298903,0.48162729470254606,0.8792549639172033
1611,13.347360200000367,126.92760603491612,241.86180515349292,28.997001219219573,55.25407181310284,-41.634731292643664,0.22845306962807505,-0.9774847734278111,1.9410103963649306,-41.64099740550011,-0.29465203652310157,0.47996279017943333,0.5631910000914768,1.3214058599387348
1612,13.352038700000321,126.9044250072642,241.83212761893964,28.991705442295356,55.24729188923515,-41.63377609251311,0.22845306962807505,-0.9827805503520288,1.9477903202326203,-41.635029315084395,-0.6370467973327344,0.7513356762474904,0.9850552879885309,-1.634586941944836
1613,13.36342280000008,126.88355788145472,241.8058025956529,28.986938283349865,55.24127785685726,-41.63358505248699,0.22845306962807505,-0.9875477092975196,1.9538043526105113,-41.7362600134075,-0.6645415001534175,0.7860623824749178,1.0293247663241658,-11.576178683755364
1614,13.367947400000048,126.85135020949943,241.77788955272183,28.979580341826104,55.234901036517,-41.63354684448177,0.22845306962807505,-0.9949056508212806,1.9601811729507688,-41.85893046947838,-0.6733202262119375,0.8291786312044751,1.0681279555709708,-15.634620015753374
1615,13.379595300000346,126.8443568700018,241.75542743578788,28.97798269195092,55.22976949695309,-42.14566078491198,0.22845306962807505,-0.9965033006964639,1.965312712514681,-41.9858888770988,-0.5083128950455229,0.6940369085138529,0.8602727646793353,-15.356253073538962
1616,13.395458899999994,126.84070881588912,241.7333095261833,28.97714928279071,55.224716592610164,-42.24808357299803,0.22845306962807505,-0.9973367098566754,1.970365616857606,-42.11370487502914,-0.44442051950978784,0.6298949931184127,0.7708938321954554,
1617,13.399860500000159,126.83479573424572,241.71840733760052,28.97579842113831,55.22131214188426,-42.268568130615236,0.22845306962807505,-0.9986875715090733,1.9737700675835086,-42.279573860748016,-0.16740392732957,0.49465857560427084,0.5222175612751931,
1618,13.411555700000008,126.82971257491886,241.7077810031013,28.974637157786685,55.218884523149015,-42.27266504213868,0.22845306962807505,-0.9998488348606998,1.9761976863187556,-42.432967994805864,-0.09758932164111568,0.44743368990690624,0.45795259859736864,
1619,13.416088400000262,126.8249284489055,241.69323400809955,28.97354420951344,55.215561217487,-42.46289177307618,0.22845306962807505,-1.0009417831339427,1.9795209919807704,-42.53335873567993,-0.16683014176653316,0.6095729695756283,0.6319901118206609,-13.928340437542332
1620,13.427518899999995,126.83553127604473,241.6830054624741,28.975966457920137,55.21322447484104,-42.91263145520118,0.22845306962807505,-0.9985195347272473,1.981857734626729,-42.60789611237037,-0.14918193343929548,0.5352067292916723,0.5556091183051047,-19.364845808632055
1621,13.432111100000384,126.82751608927485,241.66030672450523,28.974135363898917,55.208038878475364,-42.750037277368364,0.22845306962807505,-1.0003506287484676,1.9870433309924067,-42.74302392462252,-0.15311250070222032,0.674745105926525,0.6918991225916427,-13.74062326135518
1622,13.443267699999979,126.81683767100036,241.64069313620445,28.971695846465334,55.20355809402163,-42.641255014067426,0.22845306962807505,-1.0027901461820505,1.9915241154461398,-42.80187993140889,-0.1333935254531292,0.5864117557048323,0.6013922013641668,-12.438749730893338
1623,13.447768600000018,126.81449422304794,241.62285791539875,28.97116047858709,55.199483583081076,-42.94830410339942,0.22845306962807505,-1.0033255140602932,1.9955986263866947,-42.813651132766154,-0.1411049688612469,0.6928520262045597,0.7070746371162646,-2.6965558793439537
1624,13.459603400000105,126.8071105705325,241.60775610482625,28.96947366050487,55.196033528098845,-42.75717180700801,0.22845306962807505,-1.0050123321425133,1.9990486813689259,-42.81600537303761,-0.08018498613083794,0.5025930528083816,0.50894931843166,-5.999822607815546
1625,13.463965000000371,126.81042022075812,241.59369241365772,28.97022976025831,55.19282063468109,-42.97148746198754,0.22845306962807505,-1.004256232389075,2.0022615747866794,-42.88223732949034,-0.016404569879535213,0.4799096356490078,0.4801899294047054,-5.506877287288904
1626,13.475620800000343,126.80561714015047,241.5846146622523,28.969132481749824,55.190746794507206,-42.761808478725634,0.22845306962807505,-1.0053535108975602,2.0043354149605648,-42.89548372078089,0.09171384544431578,0.3762388176679012,0.38725582935099123,-9.593871202114183
1627,13.47988710000027,126.80748910864602,241.57923243143222,28.969560138698878,55.18951720735491,-42.972414796331066,0.22845306962807505,-1.0049258539485066,2.00556500211286,-42.94864142189056,0.37402158965819327,0.5319467562413843,0.650276480434417,-13.874853879482576
1628,13.491540400000304,126.82899706353845,241.55949621820963,28.974473697015476,55.18500840886138,-43.014536059852155,0.22845306962807505,-1.0000122956319082,2.010073800606392,-43.2752623419953,0.29679176766294346,0.29601126260612404,0.41917540593666314,
1629,13.496405300000333,126.85602055189536,241.53670938170086,28.98064729588267,55.17980268611383,-43.02296031255637,0.22845306962807505,-0.9938386967647155,2.0152795233539393,-43.707084328750625,0.1308556158556538,-0.05618439649602808,0.14240743874736786,
1630,13.507772000000386,126.84543290286642,241.55875315108926,28.978228514961863,55.18483865289679,-44.60459206251127,0.22845306962807505,-0.9962574776855213,2.010243556570984,-44.1094381059845,0.039247616520471124,-0.2357568206002555,0.23900136790838458,
1631,13.512228700000378,126.82741085328009,241.58963564495005,28.974111322412877,55.19189385341706,-44.92091841250225,0.22845306962807505,-1.0003746702345069,2.003188356050714,-44.18990886143128,0.18998749322406017,-0.13913985489935413,0.2354891649375309,
1632,13.523672900000292,126.80948714325166,241.6201757874582,28.97001659583776,55.19887084271992,-44.98418368250045,0.22845306962807505,-1.0044693968096254,1.9962113667478505,-44.20600301252063,0.02059694072023939,-0.2835149431445256,0.2842621271877009,-6.725216273748037
1633,13.528186100000312,126.83270663993889,241.60298858797785,28.975321161131177,55.19494437424032,-43.41688983708603,0.22845306962807505,-0.9991648315162074,2.0001378352274486,-44.20922184273851,-0.053443462042367385,-0.40794850098211627,0.4114342998446164,-0.7251183493668516
1634,13.539715600000363,126.85400681440368,241.58541664162337,28.98018725137127,55.190930009156304,-43.10343106800315,0.22845306962807505,-0.9942987412761148,2.0041522003114665,-44.20986560878208,0.05991875620410664,-0.20304368484787214,0.211700248704741,-0.26589602513914334
1635,13.544209900000169,126.84253765330794,241.60637231836483,28.97756708631289,55.195717397834024,-44.62068621360063,0.22845306962807505,-0.9969189063344928,1.9993648116337468,-44.209994361990795,-0.049031793761149745,-0.357243807142152,0.3605929208135609,-9.305070761780673
1636,13.555564799999956,126.82479304369808,241.63413321020644,28.973513275778163,55.202059458790856,-44.92413724272013,0.22845306962807505,-1.0009727168692208,1.9930227506769143,-44.52600949251535,-0.34573511541146484,-0.6251302474845333,0.7143672699309878,
1637,13.559974000000238,126.80737356915206,241.66078015924106,28.96953374334682,55.20814703609403,-44.984827448544024,0.22845306962807505,-1.0049522493005654,1.9869351733737375,-44.90520189850307,-0.5637969298139345,-0.8985087345210875,1.0607473422442804,
1638,13.571469700000307,126.7918664330595,241.6844020405427,28.965991090505334,55.213543527387785,-44.996965489708806,0.22845306962807505,-1.0084949021420506,1.9815386820799858,-44.981040379700616,-0.49088658498371635,-0.7522277621155348,0.8982295059806936,
1639,13.576014900000246,126.77857116148753,241.70466984607316,28.962953744903178,55.218173769775845,-44.99939309794176,0.22845306962807505,-1.0115322477442064,1.9769084396919254,-44.996208075940125,-0.5105760121186279,-0.7802516730008118,0.9324594025326395,-3.398236653369443
1640,13.58765940000012,126.76743675094318,241.7216844292917,28.960410054635823,55.222060803540565,-44.99987861958835,0.22845306962807505,-1.0140759380115618,1.9730214059272058,-44.999241615188026,-0.3590980329562008,-0.5487943384350579,0.6558403945865072,-1.2433615928470911
1641,13.5922386000002,126.75830739940571,241.7356884413073,28.958324426253373,55.22526006307263,-44.99997572391767,0.22845306962807505,-1.0161615663940111,1.9698221463951384,-44.999848323037604,-0.31389792614378514,-0.4803317236570072,0.5738035140957929,-0.1345136842834186
1642,13.603755099999944,126.75098966113072,241.74694853854947,28.956652666481716,55.227832466851915,-44.99999514478353,0.22845306962807505,-1.0178333261656682,1.9672497426158557,-44.99996966460752,-0.2251982860621309,-0.34645302414143997,0.4132117689297711,-0.04818631808704896
1643,13.619611300000088,126.74528640148873,241.7557717110534,28.955349739309618,55.2298481476943,-44.99999902895671,0.22845306962807505,-1.0191362533377664,1.9652340617734723,-44.9999939329215,-0.1933545071613417,-0.2983223143926327,0.35550269858916983,-0.004392593650735004
1644,13.623980300000312,126.74098811953722,241.76245214407194,28.95436778360367,55.23137431312383,-44.99999980579134,0.22845306962807505,-1.0201182090437158,1.9637078963439407,-44.9999987865843,-0.5611418687178962,0.24483367674405834,0.6122284917383596,-0.0009077461486275604
1645,13.635850200000277,126.7379108329849,241.76729226575432,28.953664768044664,55.23248005377954,-44.99999996115827,0.22845306962807505,-1.0208212246027202,1.9626021556882307,-44.99999975731686,-0.7303946664341671,0.47480301488959487,0.8711568582659078,-0.00041231600784931216
1646,13.640239199999996,126.69383134594153,241.72853952762023,28.94359467392198,55.22362687179631,-44.99999999223165,0.22845306962807505,-1.0308913187254056,1.9714553376714576,-44.99999995146338,-0.7312285002725736,0.5035642297097027,0.8878468635153268,-4.316657866486639e-05
1647,13.65138449999995,126.6454636806016,241.683340326241,28.932544932304324,55.213300975496495,-44.99999999844633,0.22845306962807505,-1.0419410603430599,1.981781233971276,-44.99999999029268,-0.8147269914250741,0.7019146272686442,1.075390261500555,-1.6468260172768717e-05
1648,13.655990400000064,126.64372294529689,241.6830039658376,28.932147255980556,55.21322413292983,-44.999999999689265,0.22845306962807505,-1.042338736666828,1.9818580765379394,-44.999999998058534,-1.082576850822589,1.0090436457431133,1.4799127396409248,-1.7685314622656898e-06
1649,13.667443600000297,126.61152468468848,241.6507963100629,28.92479146450788,55.20586619510258,-44.999999999937856,0.22845306962807505,-1.0496945281395043,1.9892160143651907,-44.99999999961171,-0.7622252645743137,0.7527581361146156,1.0712759520506996,-6.254398780604202e-07
1650,13.673128500000075,126.57672455496117,241.61490092077744,28.91684126804822,55.197665783234825,-44.99999999998757,0.22845306962807505,-1.0576447245991645,1.9974164262329452,-44.999999999922345,-0.7769561942055148,0.80116959210327,1.116034785759493,-6.54549254648762e-08
1651,13.683292500000334,126.5459088151319,241.58216913888577,28.90980131769136,55.190188107187275,-44.99999999999751,0.22845306962807505,-1.0646846749560233,2.0048941022804954,-44.99999999998447,-1.03781893765008,1.088751869727611,1.5041438698410832,-2.1005122275751196e-08
1652,13.68878530000029,126.52030059855836,241.5540734736863,28.90395104200744,55.18376956622921,-44.9999999999995,0.22845306962807505,-1.0705349506399457,2.0113126432385613,-44.99999999999689,-1.082896839335182,1.1592441801539226,1.5863519892706246,-2.871740368999192e-09
1653,13.699062200000299,126.45774238596772,241.48863891285515,28.88965942631066,55.16882083994757,-44.9999999999999,0.22845306962807505,-1.084826566336723,2.026261369520199,-44.999999999999375,-0.8368531920100072,0.9177084132071839,1.241979064496896,-8.642466905453937e-10
1654,13.704615999999987,126.43664972307884,241.4644525138583,28.884840742727068,55.16329538285349,-44.99999999999998,0.22845306962807505,-1.0896452499203164,2.0317868266142796,-44.99999999999987,-0.7233371082783101,0.8257532519815853,1.097763638207511,-1.1377337487858023e-10
1655,13.71552040000006,126.42861853123358,241.45324462870872,28.883005992297246,55.16073490708703,-45.0,0.22845306962807505,-1.0914800003501384,2.0343473023807377,-44.99999999999998,-0.5084525521903364,0.6026729745390722,0.7885040976866512,-3.4604589866506674e-11
1656,13.720275399999991,126.42601564049883,241.44750152582952,28.882411353918986,55.15942287760509,-45.0,0.22845306962807505,-1.0920746387283984,2.035659331862682,-45.0,-0.5639219345012378,0.6696296974983299,0.8754495302319393,-4.752361658795744e-12
1657,13.731368700000075,126.42646927267353,241.44492134093002,28.882514987581775,55.15883342644459,-45.0,0.22845306962807505,-1.0919710050656093,2.036248783023183,-45.0,-0.5767868430054534,0.6685343721157896,0.8829616463722818,-1.494306489527396e-12
1658,13.736781100000371,126.38695179082464,241.40252824783016,28.873487097549425,55.1491485941949,-45.0,0.22845306962807505,-1.100998895097959,2.0459336152728724,-45.0,-0.8916924631136687,0.9922146900016202,1.334018530541736,0.0
1659,13.747374700000364,126.34373578095811,241.35664783954542,28.86361426743834,55.138667074086456,-45.0,0.22845306962807505,-1.1108717252090443,2.0564151353813145,-45.0,-0.9977918141560408,1.0770989767478616,1.468240685346954,0.0
1660,13.752398800000265,126.30540873772,241.31589230656604,28.854858336760824,55.12935634747299,-45.0,0.22845306962807505,-1.1196276558865605,2.0657258619947783,-45.0,-1.2270927002824477,1.3109070144016886,1.7956151301139167,0.0
1661,13.763490900000306,126.27357966245734,241.2818882682919,28.847586886813648,55.12158802054952,-45.0,0.22845306962807505,-1.1268991058337363,2.0734941889182537,-45.0,-0.9768328064555944,1.043377887474625,1.429279450576032,0.0
1662,13.768611700000292,126.24809004500887,241.25449306316673,28.841763705463897,55.11532950184558,-45.0,0.22845306962807505,-1.132722287183487,2.079752707622191,-45.0,-0.9398050225434389,1.0092756507354734,1.3790833258238557,0.0
1663,13.77944290000005,126.22833377529031,241.233075933028,28.837250325002294,55.110436692722764,-45.0,0.22845306962807505,-1.1372356676450899,2.084645516745006,-45.0,-0.6321527429477856,0.6842614932353577,0.9315744100935204,0.0
1664,13.783950400000322,126.21359856528254,241.21691842783707,28.833884021044405,55.106745461064364,-45.0,0.22845306962807505,-1.1406019716029796,2.0883367484034068,-45.0,-0.5714427776400997,0.6248431282934276,0.8467442253080615,0.0
1665,13.795581600000332,126.20318563680404,241.20530306276981,28.831505155569673,55.1040918952599,-45.0,0.22845306962807505,-1.1429808370777117,2.090990314207872,-45.0,-0.35912942045092333,0.3987228446103158,0.5366133127751846,0.0
1666,13.799982100000307,126.19640531117855,241.19753548248934,28.829956169367453,55.10231736770124,-45.0,0.22845306962807505,-1.1445298232799317,2.092764841766531,-45.0,-0.2895309127975553,0.32863320435886323,0.4379816576896342,0.0
1667,13.811364500000309,126.19263884915694,241.19297289039773,28.829095709556977,55.101275029532445,-45.0,0.22845306962807505,-1.145390283090407,2.0938071799353253,-45.0,-0.1378169728531179,0.1643496257454538,0.21448617085739527,0.0
1668,13.815770000000157,126.19131385657634,241.19101971185725,28.828793010934707,55.10082881989935,-45.0,0.22845306962807505,-1.1456929817126777,2.094253389568422,-45.0,-0.09085149959290675,0.11365316802408709,0.1455027064359674,0.0
1669,13.827578200000062,126.19192102395854,241.19114939817916,28.828931720186947,55.100858447137675,-45.0,0.22845306962807505,-1.145554272460437,2.0942237623300954,-45.0,0.012848551852613889,0.002214038720027886,0.01303791594401078,0.0
1670,13.84334650000028,126.19401258936367,241.19289843352917,28.829409544724076,55.10125801963227,-45.0,0.22845306962807505,-1.1450764479233086,2.0938241898355017,-45.0,0.043486383238707606,-0.03102297937301531,0.05341807537119138,0.0
1671,13.847714800000176,126.1971962320577,241.1958419484702,28.83013685767013,55.101930474656044,-45.0,0.22845306962807505,-1.1443491349772543,2.093151734811727,-45.0,0.10022725605081079,-0.09357611602360581,0.13712035715216805,0.0
1672,13.859324000000015,126.20113926797536,241.1996333997152,28.831037656329173,55.10279664333131,-45.0,0.22845306962807505,-1.1434483363182117,2.0922855661364608,-45.0,0.11722095769975434,-0.1123188797048627,0.16234618462471798,0.0
1673,13.86401960000012,126.20555825449384,241.2039801577901,28.832047187363962,55.103789673556456,-45.0,0.22845306962807505,-1.1424388052834225,2.0912925359113146,-45.0,0.16339085941562329,-0.15985777797835626,0.2285849560245674,0.0
1674,13.87504970000009,126.21022783571819,241.20862595985767,28.833113967528543,55.10485102129967,-45.0,0.22845306962807505,-1.1413720251188408,2.0902311881680973,-45.0,0.14817786747108844,-0.14743471726681553,0.20903032379017472,0.0
1675,13.879189400000087,126.214960065619,241.2133922992906,28.834195059975567,55.105939906174015,-45.0,0.22845306962807505,-1.1402909326718174,2.0891423032937553,-45.0,0.1902530950922911,-0.19144822716918983,0.26990491636578623,0.0
1676,13.890923400000247,126.21960496086275,241.21810866442226,28.835256200552106,55.10701737426583,-45.0,0.22845306962807505,-1.1392297920952785,2.0880648352019406,-45.0,0.1626202814502988,-0.16497176518087958,0.23164852524000595,0.0
1677,13.894454799999949,126.2240563610653,241.22266376278526,28.836273136592517,55.10805800046931,-45.0,0.22845306962807505,-1.1382128560548672,2.087024208998457,-45.0,0.18444518578136215,-0.18820438995822358,0.26351644912124234,0.0
1678,13.906866400000126,126.2282305056716,241.22696110671194,28.837226732740902,55.109039741880615,-45.0,0.22845306962807505,-1.1372592599064824,2.0860424675871556,-45.0,0.14524236660845405,-0.1491030406682511,0.20815153565261707,0.0
1679,13.911136400000032,126.23207784431341,241.23093079791823,28.83810566906352,55.109946630022165,-45.0,0.22845306962807505,-1.1363803235838645,2.0851355794456055,-45.0,0.158898815368462,-0.16386187330146323,0.22825325199734914,0.0
1680,13.923359900000378,126.23556310121506,241.2345439177413,28.838901886701144,55.11077205833668,-45.0,0.22845306962807505,-1.13558410594624,2.084310151131092,-45.0,0.11176922980668696,-0.11589335782897443,0.1610081709741922,0.0
1681,13.927826200000254,126.23866601334088,241.23778179242362,28.839610756501074,55.11151176074693,-45.0,0.22845306962807505,-1.1348752361463106,2.0835704487208417,-45.0,0.12063710074665351,-0.12540868295161914,0.17401335533865772,0.0
1682,13.939732900000308,126.2413929590237,241.24063975352584,28.840233735613023,55.112164670733605,-45.0,0.22845306962807505,-1.1342522570343618,2.082917538734165,-45.0,0.08745065188256763,-0.09136178348671849,0.126469727589491,0.0
1683,13.944179200000235,126.24375125489264,241.2431051898463,28.840772495543376,55.11272790722899,-45.0,0.22845306962807505,-1.133713497104008,2.082354302238784,-45.0,0.09243016323003936,-0.09684342041858944,0.13387301129467202,0.0
1684,13.955645000000004,126.24575417419679,241.24522072495182,28.841230068606624,55.113211207717754,-45.0,0.22845306962807505,-1.1332559240407605,2.0818710017500166,-45.0,0.06618304202100807,-0.06958289523442152,0.0960311114189511,0.0
1685,13.959891900000002,126.24742792343201,241.24698557064227,28.8416124417572,55.11361439213315,-45.0,0.22845306962807505,-1.132873550890185,2.0814678173346195,-45.0,0.06996710857061181,-0.07390396341433608,0.10177029080276477,0.0
1686,13.971267300000363,126.24879622035996,241.24844530623477,28.841925033390552,55.11394787321011,-45.0,0.22845306962807505,-1.132560959256832,2.081134336257662,-45.0,0.04884359531891972,-0.05194048746162555,0.07129874502001896,0.0
1687,13.974786300000233,126.24989360465054,241.2496227706505,28.842175734200296,55.11421686857025,-45.0,0.22845306962807505,-1.132310258447088,2.0808653408975175,-45.0,0.047770645925056976,-0.05104198346388975,0.06990936051792462,0.0
1688,13.987305200000264,126.25074587735892,241.25054656180325,28.842370438516685,55.1144279114948,-45.0,0.22845306962807505,-1.1321155541306993,2.08065429797297,-45.0,0.03161487619573827,-0.034103431673535495,0.04650316600816941,0.0
1689,13.991552599999977,126.2513880989784,241.25124671735512,28.842517156017035,55.11458786417984,-45.0,0.22845306962807505,-1.1319688366303495,2.0804943452879314,-45.0,0.029930520063913228,-0.032708415776805264,0.04433595035549228,0.0
1690,14.00285810000014,126.25184620076999,241.25175363490519,28.84262181077753,55.1147036710502,-45.0,0.22845306962807505,-1.1318641818698545,2.0803785384175697,-45.0,0.016322964287884444,-0.018215379653184805,0.024458929229490195,0.0
1691,14.006494500000372,126.25214955373254,241.25210924612864,28.842691112693004,55.114784911525796,-45.0,0.22845306962807505,-1.1317948799543807,2.080297297941975,-45.0,0.014069064459928792,-0.01602917412317457,0.0213277518235908,0.0
1692,14.018836800000372,126.25232266675344,241.25232403394426,28.84273066089402,55.11483398046159,-45.0,0.22845306962807505,-1.1317553317533644,2.0802482290061803,-45.0,0.007119824067949697,-0.008504949781885655,0.011091711569949547,0.0
1693,14.022671000000173,126.25239455523817,241.25242350726535,28.84274708403903,55.11485670544714,-45.0,0.22845306962807505,-1.1317389086083551,2.080225504020632,-45.0,0.004472035360606416,-0.005822880863427888,0.007342005299384417,0.0
1694,14.034625000000233,126.25238391712986,241.25242548741204,28.84274465373053,55.11485715781773,-45.0,0.22845306962807505,-1.1317413389168536,2.0802250516500393,-45.0,0.00022465218337010061,-0.0009733253611139238,0.0009989148422565879,0.0
1695,14.03871700000036,126.252312593052,241.25236876198971,28.842728359526003,55.114844198720874,-45.0,0.22845306962807505,-1.1317576331213814,2.0802380107468963,-45.0,-0.0020092568556878813,0.0013763506184356214,0.00243545768532259,0.0
1696,14.05138450000004,126.25219176520636,241.25226302789977,28.84270075603377,55.11482004344346,-45.0,0.22845306962807505,-1.131785236613613,2.080262166024312,-45.0,-0.003566069367664277,0.0032581352005521622,0.0048303515110259395,0.0
1697,14.05586140000014,126.25203567323518,241.2521107093675,28.84266509634381,55.114785245807205,-45.0,0.22845306962807505,-1.131820896303573,2.0802969636605653,-45.0,-0.004106237612880156,0.003828041314780969,0.005613830033150428,0.0
1698,14.067369900000358,126.25185932114083,241.2519353006329,28.84262480816652,55.11474517314335,-45.0,0.22845306962807505,-1.131861184480865,2.0803370363244227,-45.0,-0.005309733907512852,0.005239133304072462,0.007459342594788963,0.0
1699,14.08209110000007,126.25167218196978,241.25175411934768,28.842582055648446,55.114703781722575,-45.0,0.22845306962807505,-1.1319039369989383,2.0803784277451953,-45.0,-0.005620145893541307,0.005585718706777872,0.007923780242784215,0.0
1700,14.086428200000228,126.25148234602955,241.251560050833,28.842538687045174,55.114659446174684,-45.0,0.22845306962807505,-1.1319473056022105,2.080422763293086,-45.0,-0.005678435748905912,0.005724496208603855,0.008063156292468386,0.0
1701,14.09809290000021,126.25129183589704,241.25137420460277,28.84249516442061,55.1146169890329,-45.0,0.22845306962807505,-1.131990828226776,2.080465220434867,-45.0,-0.005647607625818376,0.0057018796551539805,0.008025391174083712,0.0
1702,14.103052100000241,126.25111260130825,241.25119041394368,28.842454217728616,55.11457500149267,-45.0,0.22845306962807505,-1.1320317749187687,2.080507207975103,-45.0,-0.006541651565568135,0.006724516994138001,0.009381488901541737,0.0
1703,14.114704400000392,126.25094190765128,241.25101858126914,28.842415222238717,55.114535745790704,-45.0,0.22845306962807505,-1.1320707704086672,2.0805464636770665,-45.0,-0.005131606523788834,0.005304374074654154,0.00738036380125365,0.0
1704,14.119571700000051,126.25078479331907,241.25084973809072,28.84237932898724,55.114497173048306,-45.0,0.22845306962807505,-1.1321066636601458,2.080585036419464,-45.0,-0.005715155432162193,0.005928571962507479,0.008234741473076297,0.0
1705,14.13103590000037,126.25063679586395,241.25069308637813,28.84234551851432,55.11446138548371,-45.0,0.22845306962807505,-1.1321404741330632,2.080620823984063,-45.0,-0.17999703715552995,0.1801707350894534,0.2546771037361687,0.0
1706,14.135452900000018,126.2505082437658,241.2505623707156,28.84231615039289,55.11443152308936,-45.0,0.22845306962807505,-1.1321698422544948,2.080650686378412,-45.0,-0.25099315544298495,0.2513208138069578,0.3551896895066325,0.0
1707,14.146398500000032,126.20836184792876,241.2084154339875,28.83268767689016,55.1048029260184,-45.0,0.22845306962807505,-1.1417983157572245,2.0902792834493695,-45.0,-0.38937238548649467,0.3895795943540025,0.5508022466516205,0.0
1708,14.14973800000007,126.20312386347145,241.20316587021563,28.831491043262222,55.1036036470605,-45.0,0.22845306962807505,-1.1429949493851623,2.091478562407268,-45.0,-0.9401250446166594,0.9403646141597588,1.3297070004626237,0.0
1709,14.162221600000066,126.16491289335809,241.16495772731952,28.822761629846358,55.0948748795311,-45.0,0.22845306962807505,-1.1517243628010263,2.100207329936673,-45.0,-1.0713368468816686,1.0715788183249393,1.5152702080384968,0.0
1710,14.165649300000041,126.12355129768034,241.12359111640018,28.81331244634906,55.08542455028647,-45.0,0.22845306962807505,-1.1611735462983255,2.109657659181302,-45.0,-1.3433166521224325,1.3435003288931564,1.8998665115227016,0.0
1711,14.178510500000357,126.08624289644158,241.0862757393051,28.80478922756315,55.07689973784477,-45.0,0.22845306962807505,-1.169696765084236,2.118182471623001,-45.0,-1.2162256972299406,1.2162474426956447,1.7200182523642447,0.0
1712,14.181754100000035,126.05444532188872,241.0544821428341,28.79752497404982,55.06963639313645,-45.0,0.22845306962807505,-1.176961018597563,2.1254458163313217,-45.0,-1.256133915102468,1.256291226197256,1.7765528581190202,0.0
1713,14.194719999999961,126.07017375417823,241.07021156964407,28.801118182686796,55.07322982897468,-45.0,0.22845306962807505,-1.1733678099605882,2.121852380493088,-45.0,-0.7811403920907101,0.7812199960358194,1.104755626535495,0.0
1714,14.1988051000003,126.05410158978967,241.05412820979382,28.797446447396663,55.069555536046956,-45.0,0.22845306962807505,-1.1770395452507216,2.125526673420815,-45.0,-0.8806358834336099,0.8806815536624488,1.245439504011415,0.0
1715,14.211109400000169,126.03354111400014,241.03357065718478,28.792749343589534,55.06485910004938,-45.0,0.22845306962807505,-1.18173664905785,2.130223109418388,-45.0,-0.4938697915608582,0.49397076396292644,0.6985087591909516,0.0
1716,14.214758100000381,126.01501140765043,241.01504168163018,28.788516175294635,55.06062609870687,-45.0,0.22845306962807505,-1.185969817352749,2.134456110760901,-45.0,-0.7121506577066281,0.712411221942429,1.0073173821698342,0.0
1717,14.226121000000148,125.99980464024269,240.99983509692123,28.785042142601217,55.05715210775155,-45.0,0.22845306962807505,-1.1894438500461675,2.137930101716222,-45.0,-0.5644753553744782,0.5646415413047846,0.7984062230419965,0.0
1718,14.229457600000387,125.98791197549036,240.9879310337518,28.78232522683249,55.05443258797945,-45.0,0.22845306962807505,-1.1921607658148936,2.140649621488322,-45.0,-0.57632400922439,0.576530870052211,0.8151915159835965,0.0
1719,14.242157000000134,125.9789936036138,240.97900409022506,28.780287797401204,55.05239320032837,-45.0,0.22845306962807505,-1.1941981952461802,2.142689009139403,-45.0,-0.3593132468306116,0.35953119436074904,0.5082998023474166,0.0
1720,14.245440400000007,125.97265558168958,240.9726639253883,28.778839856837244,55.05094477020946,-45.0,0.22845306962807505,-1.19564613581014,2.1441374392583086,-45.0,-0.325684006702421,0.3259712543901636,0.4607898988806497,0.0
1721,14.258088000000043,125.96849615555423,240.96850396352482,28.777889623168736,55.049994414152216,-45.0,0.22845306962807505,-1.1965963694786481,2.145087795315554,-45.0,-0.16606265843908674,0.1661781594417504,0.23492974950675066,0.0
1722,14.26199029999998,125.96614595050966,240.9661479025023,28.777352711612046,55.04945616477939,-45.0,0.22845306962807505,-1.1971332810353381,2.1456260446883775,-45.0,0.3521362256180074,-0.35199805511598886,0.4978981343587611,0.0
1723,14.27441429999999,125.96526657490769,240.96527278495176,28.77715181555642,55.049256241488685,-45.0,0.22845306962807505,-1.1973341770909656,2.1458259679790856,-45.0,0.46402853470150707,-0.463915819315916,0.6561557501300933,0.0
1724,14.278391300000294,126.00757869817028,241.00758025068131,28.78681814999824,55.05892151190278,-45.0,0.22845306962807505,-1.1876678426491445,2.136160697564989,-45.0,0.4731637250603853,-0.4730521121772961,0.6690756396315898,0.0
1725,14.29057980000016,126.01389952683749,241.01389991496524,28.78826216270986,55.06036525860746,-45.0,0.22845306962807505,-1.186223829937525,2.1347169508603088,-45.0,0.45357475572858585,-0.45353074819009703,0.6414204538273749,0.0
1726,14.306549200000063,126.01184051281288,241.01184060984482,28.78779177463553,55.0598948040314,-45.0,0.22845306962807505,-1.186694218011855,2.135187405436369,-45.0,0.4451950303144866,-0.4451353013698546,0.6295586164467515,0.0
1727,14.310012200000074,126.00827018679698,241.00827021105496,28.786976122697624,55.05907913546807,-45.0,0.22845306962807505,-1.1875098699497606,2.136003073999703,-45.0,-0.0706604099597399,0.07060766142688048,0.09989161820619133,0.0
1728,14.32342890000018,126.00485990509767,241.00485991116219,28.78619703337512,55.058300041989206,-45.0,0.22845306962807505,-1.1882889592722634,2.1367821674785645,-45.0,-0.10409550096111905,0.10403236484064957,0.14716863203374678,0.0
1729,14.32785899999999,126.0019760083789,241.00198173194093,28.785538198317226,55.05764251311117,-45.0,0.22845306962807505,-1.1889477943301578,2.1374396963566014,-45.0,-0.11985703458269795,0.11978874542045283,0.1694551630029729,0.0
1730,14.338702800000192,125.99966430543945,240.99967145837587,28.785010082684643,55.057114724023556,-45.0,0.22845306962807505,-1.1894759099627414,2.1379674854442143,-45.0,-0.07757144075917648,0.07752253785069631,0.10966800944791086,0.0
1731,14.342482100000325,125.99787330597412,240.9978808162541,28.784600923359086,55.05670564633423,-45.0,0.22845306962807505,-1.189885069288298,2.1383765631335407,-45.0,-0.0788461619806827,0.07865962335883725,0.1113734869977509,-5.891073971281267
1732,14.355131100000108,125.99653863899353,240.99654051656353,28.784296014590435,55.0563994507557,-45.0,0.22845306962807505,-1.1901899780569494,2.138682758712072,-45.223548583984375,-0.04246011987738309,-0.013437973361310522,0.0445358384681487,-10.362358640944521
1733,14.358464200000071,125.99559843538314,240.99561034886744,28.78408122218957,55.056186951090254,-45.0,0.22845306962807505,-1.190404770457814,2.1388952583775165,-45.26825830078125,-0.5189338033927328,0.4405076294911735,0.680690284889964,-15.378487003776065
1734,14.371489099999962,125.99749198555477,241.0134022515235,28.784513809538772,55.06025156586656,-46.117742919921874,0.22845306962807505,-1.1899721831086119,2.1348306436012123,-45.464262011718745,-0.5456114809993048,0.4186816292772794,0.687739918059532,
1735,14.375440900000285,125.9554391279805,240.9732983778223,28.774906705139298,55.05108971281554,-45.223548583984375,0.22845306962807505,-1.1995792875080866,2.1439924966522312,-45.727011337890616,-0.48020958075950915,0.1778436094955151,0.5120835780335246,
1736,14.38697030000003,125.94324363209279,240.97334321017823,28.772120606668114,55.05109995490487,-45.9800185546875,0.22845306962807505,-1.2023653859792702,2.1439822545629,-46.00310978710937,-0.4319971127690297,0.0746376137149493,0.4383973982836118,
1737,14.390967300000284,125.94854322308667,240.99398811577697,28.77333131449844,55.05581634696109,-46.31374663085937,0.22845306962807505,-1.2011546781489457,2.139265862506683,-46.05833069765625,-0.24754578151993487,-0.05568568155406267,0.2537317660019254,-18.633601465854678
1738,14.402806000000055,125.95769587962421,241.0174255567763,28.775422266979692,55.06117070230161,-46.38049224609375,0.22845306962807505,-1.199063725667692,2.133911507166161,-46.27305957214844,0.23045350440276705,-0.538766534755654,0.5859848092434917,-18.922023383327378
1739,14.406007300000056,125.97108481280156,241.03092957034642,28.778481009863103,55.064255735654,-46.393847472656255,0.22845306962807505,-1.196004982784281,2.1308264738137694,-46.35249216345312,0.34395578907974317,-0.5292260130922931,0.63117807136737,-14.723619698801214
1740,14.419025000000147,125.96874433247285,241.03645706299676,28.777946319947603,55.06551850831732,-46.297192956445315,0.22845306962807505,-1.1965396726997817,2.1295637011504525,-46.36837868171406,0.2802836344694913,-0.31630164930800264,0.42261761570761586,-8.936559291420814
1741,14.423115800000232,125.97457934788872,241.03561878235075,28.779279347130686,55.06532700053053,-46.377181511210935,0.22845306962807505,-1.1952066455166985,2.1297552089372402,-46.37155598536625,0.22237654133113122,-0.29651963911378787,0.3706416362398689,-0.6835383353471518
1742,14.4349615000001,125.9737778936128,241.04160046585136,28.779096252441185,55.06669353448779,-46.393179222164065,0.22845306962807505,-1.195389740206199,2.1283886749799805,-46.37219022539357,0.02264775812059193,-0.12742996996142128,0.12942688357623994,-1.8198124235111517
1743,14.439279900000201,125.97164347853015,241.0482800603105,28.778608638763696,55.06821950834585,-46.39637876435469,0.22845306962807505,-1.195877353883688,2.1268627011219223,-46.392180965000584,0.009681016487265413,-0.16310719096122864,0.16339424048444734,-1.6772831109795459
1744,14.450732400000106,125.96947909167844,241.05420716107372,28.778114177943557,55.0695735727092,-46.39701867279281,0.22845306962807505,-1.1963718147038271,2.1255086367585676,-46.39617911292199,0.06313360066792095,-0.05678677122726018,0.08491518662591335,-1.7249609938055588
1745,14.454800200000136,125.96759331417937,241.05911071971178,28.77768336628526,55.07069380573217,-46.39714665448044,0.22845306962807505,-1.1968026263621248,2.124388403735601,-46.39697874250627,0.10811022936987409,-0.004961306821851655,0.10822400962719567,-0.18644274385802978
1746,14.466519999999946,125.99802091765616,241.02943756151973,28.784634645700958,55.06391488165763,-46.39717225081796,0.22845306962807505,-1.1898513469464262,2.1311673278101395,-46.397138668423125,0.13997543678119134,0.07061774429963881,0.15678006477883105,-0.8217058020457831
1747,14.47161589999996,126.00269240897947,241.02623069775296,28.78570186223351,55.06318226378624,-46.397177370085465,0.22845306962807505,-1.1887841304138753,2.131899945681532,-46.40862939384087,0.11894805682752686,0.052385838235285226,0.1299727520315625,-1.1580691788396624
1748,14.483026100000188,126.00501041303588,241.0250055504148,28.786231417375607,55.06290237511608,-46.397178393938965,0.22845306962807505,-1.1882545752717775,2.132179834351689,-46.42238627915879,0.2455628104516039,0.2155490387568386,0.32674528609589376,-1.3638463910103353
1749,14.487386600000264,126.00217957469451,241.02900224209588,28.7855847036669,55.06381543159899,-46.454472299881544,0.22845306962807505,-1.1889012889804853,2.131266777868781,-46.42513765622239,0.12588442417567974,0.09691022893657508,0.1588662353131774,-0.9745461075882169
1750,14.498434500000258,126.02767311327813,241.00286747336577,28.79140878081201,55.05784486345857,-46.46593108107006,0.22845306962807505,-1.183077211835375,2.1372373460092007,-46.437146671869485,0.17483668468768312,0.16336908787396637,0.23928502917097025,-1.6572835245227668
1751,14.50269419999995,126.02757486401289,241.00314301580238,28.791386335465777,55.057907811974026,-46.410929136135884,0.22845306962807505,-1.1830996571816073,2.1371743974937445,-46.451007215233275,0.15468949574156088,0.14716062224500642,0.2135066482157309,-1.8911439335002866
1752,14.514303800000107,126.05065592303447,240.97895042680216,28.796659274249524,55.05238094075468,-46.457222448320934,0.22845306962807505,-1.17782671839786,2.1427012687130897,-46.46647768816385,0.055804620609640115,0.05286879345177059,0.07687174384929647,-1.8620074841400425
1753,14.53010280000035,126.04689898136897,240.98285863941538,28.795800989393626,55.053273783922926,-46.46648111075794,0.22845306962807505,-1.178685003253758,2.141808425544845,-46.48227014700777,-0.08740818930132807,-0.09490124375488593,0.1290210743373387,-4.666832470541893
1754,14.533656200000223,126.03690174729536,240.99344872967805,28.79351709058172,55.05569312255108,-46.531824664534405,0.22845306962807505,-1.1809689020656648,2.139389086916694,-46.52373247178438,0.08707967374782533,0.09073389835027273,0.12575973079593214,-4.759946832942807
1755,14.546678600000178,126.02613408245372,241.00475942973395,28.791057184495923,55.05827708669849,-46.544893375289696,0.22845306962807505,-1.1834288081514615,2.1368051227692817,-46.544723300997504,0.09216517966357343,0.0976675642311993,0.1342883965399625,-5.63919778649081
1756,14.55132390000017,126.04376687327456,240.98618665308777,28.795085449685054,55.05403407886215,-46.61824076001888,0.22845306962807505,-1.1794005429623304,2.1410481306056184,-46.56161983109794,-0.05013142911288879,0.07370258786075559,0.08913602886752917,-2.764349933702028
1757,14.562292600000092,126.06679460833328,240.96166507147507,28.8003462064458,55.04843204827059,-46.56217659438659,0.22845306962807505,-1.1741397862015859,2.1466501611971793,-46.59500646133678,0.10607883981483471,0.28213972603093185,0.30142253608725184,-5.731941083614549
1758,14.565781499999957,126.05509930210773,240.96435807084728,28.797674377838334,55.04904727224368,-46.550963761260135,0.22845306962807505,-1.1768116148090506,2.146034937224087,-46.631691111603295,-0.07372777123118796,0.23220658273636613,0.2436302142937514,-5.150297743415891
1759,14.578039700000318,126.06252093453573,240.94496982777042,28.79936987254816,55.044617968598075,-46.69875781572859,0.22845306962807505,-1.1751161200992257,2.1504642408696952,-46.654888637359726,-0.22323177993615623,0.10843866200995875,0.24817608867893487,-4.5823248647975685
1760,14.581502300000011,126.04603146349233,240.9517614083586,28.795602802271752,55.04616952603107,-46.72831662662228,0.22845306962807505,-1.1788831903756325,2.1489126834366985,-46.65952814251102,-0.19780583875842483,0.3582268904768994,0.4092110151348231,-1.4706965011441349
1761,14.594280199999957,126.05272376247953,240.93528608573223,28.797131678518245,55.04240568800397,-46.73422838880102,0.22845306962807505,-1.1773543141291398,2.1526765214638033,-46.674603382408456,-0.010009909526372575,0.4750934885550798,0.4751989279829679,-1.1358085265417162
1762,14.597676500000034,126.06174394415993,240.90912593427487,28.799192366711736,55.03642932110159,-46.58537412014302,0.22845306962807505,-1.1752936259356481,2.158652888366177,-46.677618430387945,0.08136378323229337,0.5934514493452043,0.5990030784159588,-3.0841572879310206
1763,14.610117500000342,126.07117443513667,240.8869074906488,28.80134679132347,55.031353449452865,-46.62633996074736,0.22845306962807505,-1.173139201323913,2.163728760014905,-46.7670062300229,0.30088784738045476,0.7020533688678683,0.7638143946273642,-1.5745278154920712
1764,14.613739300000361,126.0806102286572,240.8717970630919,28.803502427317614,55.02790142589409,-46.71383305562603,0.22845306962807505,-1.1709835653297702,2.167180783573677,-46.754876465731144,0.32555406871834736,0.8236075754544232,0.8856155430010157,-4.464047606150718
1765,14.62591620000012,126.08112667825804,240.8667377179214,28.803620411814236,55.026745602959586,-47.17525562479708,0.22845306962807505,-1.1708655808331478,2.168336606508184,-46.8712426271306,0.19780434778212944,0.47717680734569196,0.5165503513406425,-4.2067182292187155
1766,14.629545300000245,126.08498656458404,240.85240372879676,28.804502214693827,55.02347095914405,-46.67357956734223,0.22845306962807505,-1.1699837779535578,2.1716112503237213,-46.8945158594105,0.20885964991156794,0.4921202013451306,0.53460700138808,-7.804005672467846
1767,14.642099700000017,126.08322784231788,240.85089161213082,28.804100429193497,55.023125511450075,-47.16720492714032,0.22845306962807505,-1.1703855634538876,2.171956698017695,-46.987955295905536,0.08053706266821693,0.29298341972062975,0.3038511192910419,-3.8224110765542756
1768,14.645631200000025,126.08675926160487,240.84342969014207,28.804907192769754,55.021420812466424,-46.742706122146814,0.22845306962807505,-1.1695787998776304,2.1736613970013465,-46.97952038047017,0.02125182389437366,0.2743469062046711,0.27516879358479607,-4.830668535062628
1769,14.658039400000234,126.08423749911704,240.84574130315076,28.804331088388537,55.02194890755405,-47.181030238101236,0.22845306962807505,-1.1701549042588475,2.1731333019137224,-47.09662551164091,-0.04244851757105767,0.07554910415446443,0.08665762391458992,-4.422496101566135
1770,14.661805900000218,126.0795100736318,240.8457126695377,28.803251093524995,55.02194236611725,-47.133081047620244,0.22845306962807505,-1.171234899122389,2.173139843350519,-47.120046537875055,-0.08606224491090046,-0.01280048968607636,0.08700897962456036,-8.194274332582411
1771,14.674053100000037,126.07546147226537,240.8506264706071,28.802326178115134,55.0230649390551,-47.259105223195924,0.22845306962807505,-1.1721598145322503,2.172017270412674,-47.22937551851251,-0.14300732361291466,-0.13025481153026555,0.19343580468391547,-7.25496070829876
1772,14.677356200000304,126.07184579103998,240.85661566306192,28.801500164640395,55.024433188455994,-47.284310058311064,0.22845306962807505,-1.1729858280069898,2.1706490210117764,-47.251241314640005,-0.17072014026789942,-0.19558689760283063,0.25961433089679664,-5.982218966749009
1773,14.690479400000186,126.06861299805297,240.8626219333436,28.80076162315904,55.02580533933886,-47.289351025334085,0.22845306962807505,-1.173724369488344,2.169276870128911,-47.28273727659988,-0.1224310120923923,-0.21508164869100896,0.24748629926848498,-3.6017961085836836
1774,14.694007200000215,126.06575630737457,240.86832348260347,28.800109003404582,55.02710787576891,-47.29035921873869,0.22845306962807505,-1.174376989242802,2.167974333698858,-47.28903646899185,-0.13709890682115136,-0.2631931670270497,0.2967604310235501,-1.4286653390180797
1775,14.706556900000123,126.06326830047645,240.8735826406704,28.799540610591453,55.02830934657297,-47.290560857419614,0.22845306962807505,-1.174945382055931,2.1667728628948026,-47.29029630747025,-0.093772353344283,-0.1960980419641266,0.21736535214677022,-0.6543201991708437
1776,14.70982980000008,126.06113567863474,240.878342101818,28.799053406585358,55.02939666008191,-47.2906011851558,0.22845306962807505,-1.1754325860620263,2.165685549385863,-47.29054827516593,-0.23830287923413884,-0.09746145300710751,0.2574626129626148,5.008493143579484
1777,14.722111600000062,126.05933795103076,240.88257609552286,28.79864271019587,55.030363928940574,-47.290609250703035,0.22845306962807505,-1.1758432824515133,2.1647182805271967,-47.10382986987693,-0.34510108750508073,0.20235003053647876,0.400050366148193,11.166920995251342
1778,14.725620000000163,126.04737576278211,240.8766079215858,28.795909911571,55.02900048128457,-47.29061086381248,0.22845306962807505,-1.1785760810763826,2.166081728183201,-47.039363386084766,-0.4105921155536408,0.3477932827308585,0.5380948363137499,12.860610368230168
1779,14.738290000000234,126.00750090785861,240.81394720744723,28.786800378562752,55.01468544879453,-46.356767192293745,0.22845306962807505,-1.1876856140846321,2.18039676067324,-46.97596166647477,-0.45670086887463424,0.4937529674483421,0.6725828398754233,14.114018383609892
1780,14.741622200000165,126.0020640544793,240.80473649668602,28.785558312719132,55.01258123364767,-46.96822843845875,0.22845306962807505,-1.188927679928252,2.1825009758200977,-46.9127728997012,-0.5213655669308163,0.5808884351037752,0.7805468777840344,9.616183873656702
1781,14.754558300000099,125.98058040570967,240.78222355288244,28.780650307210898,55.00743808252938,-46.97359258710581,0.22845306962807505,-1.1938356854364862,2.1876441269383875,-46.84962672349492,-0.6905430541395472,0.8236771536240317,1.0748459252481541,4.939703921896024
1782,14.770847600000252,125.95514227855145,240.75677414993936,28.774838888976014,55.00162408830683,-46.97466541683522,0.22845306962807505,-1.1996471036713707,2.193458121160937,-46.996643484347416,-0.518128558016324,0.5614491861627531,0.7639910937143789,0.08586933474161951
1783,14.774108699999942,125.93194848772868,240.7338979747407,28.769540196266238,54.996397955861354,-46.974879982781104,0.22845306962807505,-1.2049457963811463,2.198684253606416,-46.98228951229917,-0.6011483516839972,0.6284011414766684,0.8696363236097987,1.8847256805020327
1784,14.786932100000286,125.93998022495951,240.7440747744469,28.771375071291068,54.99872287699322,-47.09185099655622,0.22845306962807505,-1.2031109213563163,2.1963593324745503,-46.85049110558483,-0.7337641009131112,0.5982891533782281,0.9467627299587069,
1785,14.790275600000314,125.92844979867152,240.7299334885336,28.76874091001146,54.99549225681784,-46.89645857821749,0.22845306962807505,-1.205745082635925,2.19958995264993,-37.45555802221779,-0.6624115168876481,0.5269049413802318,0.8464146944354761,
1786,14.803165900000295,125.8696284713964,240.7159954876119,28.75530299723586,54.992308077722804,-46.31460055353412,0.22845306962807505,-1.2191829954115256,2.2027741317449667,-28.060582025661567,-0.3374479947461334,0.2063914676459091,0.3955611040979874,
