frame,t_s,x_px_filt,y_px_filt,x_mm_abs,y_mm_abs,angle_deg_raw,mm_per_px,x_mm,y_mm,angle_deg_unwrapped,vx_mm_s,vy_mm_s,speed_mm_s,angular_vel_dps
530,4.4073706,207.5926309,295.6880045,46.97402248,66.90822746,-1.556465146,0.226279817,-0.019390065,0.01810748,-1.26843437,0.679376669,-0.510244236,0.849648068,19.57349627
531,4.4126729,207.6585871,295.739651,46.98894703,66.91991401,-0.311293029,0.226279817,-0.004465513,0.006420931,-1.258262069,0.406774019,-0.476911351,0.626824967,31.76954152
532,4.4171352,207.6536757,295.7474585,46.98783568,66.9216807,-1.300783996,0.226279817,-0.005576865,0.004654241,-1.00164509,-0.038062547,-1.016076794,1.016789461,15.30466689
533,4.4220497,207.6331188,295.7430704,46.98318406,66.92068776,-1.533069397,0.226279817,-0.010228482,0.005647188,-0.702616616,-0.079665794,-1.212610404,1.215224519,17.4892376
534,4.4258432,207.6074946,295.7874979,46.97738583,66.93074082,-0.306613879,0.226279817,-0.016026711,-0.004405872,-0.89739344,-0.875295868,-0.706248678,1.124691092,33.72449173
535,4.4371156,207.5831328,295.8380641,46.97187324,66.94218291,-0.061322776,0.226279817,-0.021539299,-0.015847964,-0.688643727,-0.893094828,-0.751719433,1.167347625,19.12195871
536,4.4406818,207.5647972,295.8328986,46.96772426,66.94101407,-1.285177153,0.226279817,-0.025688283,-0.014679121,-0.392311265,-0.862472413,-1.170192854,1.453688405,5.292071652
537,4.4528353,207.5466406,295.8663744,46.96361579,66.94858896,-0.257035431,0.226279817,-0.029796755,-0.022254015,-0.580749851,-0.595986626,-0.578550961,0.830614996,15.43233945
538,4.4573742,207.530726,295.904292,46.96001464,66.95716894,-0.051407086,0.226279817,-0.033397903,-0.030834,-0.618437568,-0.604534388,-0.604771836,0.855108648,0.242174778
539,4.4690867,207.520579,295.8883426,46.95771858,66.95355992,-1.248806808,0.226279817,-0.035693966,-0.027224979,-0.625975111,-0.403639088,-0.577238385,0.704364015,-21.74777245
540,4.4735457,207.5101,295.9109284,46.9553474,66.95867064,-0.249761362,0.226279817,-0.038065142,-0.032335698,-0.882065139,-0.383480656,-0.039684359,0.385528549,-22.48606167
541,4.4849328,207.5021016,295.8875069,46.95353751,66.95337082,-1.32286487,0.226279817,-0.039875032,-0.027035878,-1.187865665,-0.231523677,0.457121148,0.512408974,-25.14109276
542,4.4884771,207.4983853,295.8551699,46.9526966,66.94605361,-1.537485572,0.226279817,-0.04071594,-0.019718665,-1.255903211,-0.199803514,0.730383609,0.757219691,-27.34322979
543,4.500587,207.4965865,295.8233964,46.95228957,66.9388639,-1.580409712,0.226279817,-0.041122974,-0.012528958,-1.517215798,-0.0929798,1.049332986,1.053444331,-11.78613777
544,4.5044813,207.4959423,295.7945789,46.95214379,66.9323431,-1.58899454,0.226279817,-0.041268755,-0.006008161,-1.562600875,-0.051438556,1.226250947,1.227329341,-3.107105101
545,4.5165435,207.4960673,295.7706662,46.95217208,66.92693214,-1.556324299,0.226279817,-0.041240461,-0.000597194,-1.31709537,-0.011181577,0.694468286,0.694558297,4.949858379
546,4.5199279,207.4967967,295.7504745,46.95233712,66.92236315,-1.54979025,0.226279817,-0.041075424,0.00397179,-1.261116828,0.01065568,0.683108231,0.683191334,12.45644596
547,4.5325309,207.4947932,295.7835811,46.95188377,66.92985452,-0.30995805,0.226279817,-0.041528772,-0.00351958,-0.9953386,0.013904159,0.226520914,0.22694724,14.95510021
548,4.5358626,207.4959059,295.7756759,46.95213556,66.92806572,-1.300517001,0.226279817,-0.04127698,-0.001730775,-0.942182954,0.03916324,0.271918423,0.274724204,-4.402506066
549,4.5485332,207.4947193,295.8097484,46.95186705,66.93577565,-0.2601034,0.226279817,-0.041545496,-0.00944071,-0.931551825,0.151913459,0.071520676,0.167907433,-4.605910156
550,4.5518361,207.496597,295.7998874,46.95229193,66.93354429,-1.290546071,0.226279817,-0.041120608,-0.007209349,-1.184008119,0.6936964,0.478429931,0.842680185,-6.45332079
551,4.5645406,207.5309867,295.7803475,46.96007363,66.92912282,-1.496634605,0.226279817,-0.033338909,-0.002787875,-0.9867943,0.680234961,0.25391449,0.726080002,-9.628404556
552,4.5678687,207.5703001,295.7591662,46.96896946,66.92432991,-1.572239519,0.226279817,-0.024443087,0.002005037,-0.947351536,0.660062464,0.256283404,0.708070363,-9.879689663
553,4.5806526,207.5707672,295.7922543,46.96907514,66.93181709,-0.314447904,0.226279817,-0.024337397,-0.005482142,-0.946340424,0.546363925,0.26658123,0.60793017,5.718235348
554,4.5966455,207.5621406,295.8344237,46.96712314,66.94135918,-0.062889581,0.226279817,-0.026289404,-0.015024235,-0.953015643,0.401976183,0.277283033,0.488334652,-1.271854838
555,4.60021,207.5552118,295.8229706,46.96555529,66.93876755,-1.285490514,0.226279817,-0.027857255,-0.01243261,-0.947473246,-0.210033881,0.288423181,0.356794286,-22.25730476
556,4.6129033,207.5490736,295.8004463,46.96416634,66.93367077,-1.5300107,0.226279817,-0.029246201,-0.007335828,-1.194069844,-0.229874253,0.475291777,0.527962541,-23.24765958
557,4.6161684,207.5434879,295.7788622,46.9629024,66.92878672,-1.544527531,0.226279817,-0.030510144,-0.002451776,-1.497971684,-0.265857912,0.843458373,0.884365567,-23.90730943
558,4.6286421,207.5384751,295.7596417,46.96176811,66.92443751,-1.547430897,0.226279817,-0.031644433,0.001897434,-1.558752052,-0.187099099,0.735932749,0.75934385,-24.24438488
559,4.6319137,207.5341091,295.741653,46.96078017,66.92036703,-1.582398777,0.226279817,-0.032632367,0.005967918,-1.570908125,-0.18641401,0.740825357,0.7639191,-20.57130537
560,4.6505452,207.5303168,295.726055,46.95992205,66.91683753,-1.589392353,0.226279817,-0.033490489,0.009497419,-1.57333934,-0.133873107,0.524591499,0.541403961,-1.743287758
561,4.6574796,207.5270685,295.7130003,46.95918702,66.9138835,-1.590791068,0.226279817,-0.034225522,0.012451447,-1.580703024,-0.143034621,0.555363789,0.573487437,-0.711382755
562,4.6625579,207.5242766,295.7036941,46.95855527,66.9117777,-1.556683604,0.226279817,-0.034857276,0.014557246,-1.57529832,-0.090964352,0.330113821,0.342417359,0.035962638
563,4.6663263,207.5219993,295.6953251,46.95803997,66.90988396,-1.584249319,0.226279817,-0.035372574,0.016450987,-1.574217379,-0.101200506,0.359222368,0.373205375,-0.344676783
564,4.6765764,207.5201139,295.6899827,46.95761334,66.90867508,-1.555375254,0.226279817,-0.035799199,0.017659859,-1.574001191,0.02819844,0.291333471,0.292694967,-0.042159468
565,4.6799369,207.5186698,295.6850079,46.95728657,66.90754938,-1.583987649,0.226279817,-0.036125969,0.01878556,-1.580835394,0.087268123,0.240918446,0.256237045,-0.197865255
566,4.6921642,207.5479032,295.6803309,46.9639015,66.90649109,-1.589710127,0.226279817,-0.029511041,0.019843855,-1.575324794,0.102197882,0.141100647,0.174223419,-0.251690837
567,4.6960212,207.5508171,295.6775595,46.96456084,66.90586398,-1.590854623,0.226279817,-0.028851702,0.020470968,-1.574222674,0.04859631,0.106235339,0.116822724,-0.253309839
568,4.7084636,207.5474028,295.6773702,46.96378825,66.90582114,-1.556696315,0.226279817,-0.029624291,0.020513805,-1.57400225,0.051741475,0.039137138,0.064876003,0.263627008
569,4.7118557,207.5427612,295.6782155,46.96273796,66.90601242,-1.549864654,0.226279817,-0.030674585,0.020322529,-1.573958165,0.239913203,0.029114389,0.241673317,-0.525947493
570,4.7243535,207.5382591,295.6782438,46.96171923,66.9060188,-1.582885528,0.226279817,-0.031693312,0.020316142,-1.567071906,0.204903329,-0.009748368,0.205135089,-0.622415532
571,4.7280052,207.5621733,295.6776557,46.96713052,66.90588574,-1.589489703,0.226279817,-0.026282021,0.020449203,-1.579842604,0.14150435,-0.004597735,0.141579025,-0.656103097
572,4.7409971,207.5619377,295.6794771,46.96707721,66.90629788,-1.556423331,0.226279817,-0.026335333,0.020037063,-1.582396743,0.179416741,-0.001328671,0.179421661,-0.660344194
573,4.7443863,207.5562597,295.6790398,46.9657924,66.90619893,-1.620549803,0.226279817,-0.027620139,0.020136014,-1.582907571,0.540856556,-0.007217658,0.540904713,-1.168402383
574,4.7568316,207.5496561,295.6812422,46.96429813,66.90669728,-1.562635351,0.226279817,-0.029114414,0.019637659,-1.583009737,0.32107595,-0.014956978,0.321424139,2.365766473
575,4.7602991,207.5761004,295.6817012,46.97028195,66.90680116,-1.585439668,0.226279817,-0.023130596,0.019533787,-1.589907611,0.296516434,-0.016258956,0.296961865,3.91308764
576,4.7786764,207.6072018,295.6818847,46.97731957,66.90684266,-1.590000531,0.226279817,-0.016092968,0.019492282,-1.329434159,0.928138994,-0.447146649,1.030234012,4.313755684
577,4.7855855,207.6033271,295.683052,46.9764428,66.90710682,-1.590912704,0.226279817,-0.01696974,0.019228128,-1.277339469,0.925533275,-0.522191174,1.062683144,4.400008027
578,4.7912094,207.6723963,295.7358723,46.99207176,66.91905897,-0.318182541,0.226279817,-0.001340783,0.007275977,-1.26692053,0.627529003,-0.498245781,0.801274926,4.805837035
579,4.796135,207.6694991,295.7449117,46.99141618,66.9211044,-1.302161899,0.226279817,-0.001996361,0.005230542,-1.264836743,0.34050978,-0.425988814,0.545356195,-10.63596136
580,4.8065927,207.6803905,295.7407628,46.9938807,66.9201656,-1.533344977,0.226279817,0.000468155,0.00616934,-1.264419985,0.403210201,-0.387981513,0.55956065,-13.05668649
581,4.810521,207.6621249,295.73453,46.98974756,66.91875524,-1.579581593,0.226279817,-0.003664982,0.007579703,-1.512041712,-0.114066952,0.054156942,0.126270519,-13.56087542
582,4.821373,207.671074,295.7272497,46.99177255,66.91710787,-1.588828916,0.226279817,-0.001639987,0.009227078,-1.561566057,-0.283260204,0.175503354,0.333223305,-13.73057748
583,4.8361934,207.683691,295.7216531,46.99462754,66.91584147,-1.556291174,0.226279817,0.001214999,0.010493478,-1.571470926,-0.426884874,0.174832005,0.461299172,-13.74505964
584,4.8408495,207.6635451,295.7177134,46.99006893,66.91494998,-1.549783625,0.226279817,-0.003343613,0.011384962,-1.5734519,-0.464325994,0.146330863,0.486838115,-1.442915252
585,4.853018,207.6376003,295.7130663,46.98419814,66.91389845,-1.582869323,0.226279817,-0.009214405,0.012436495,-1.573848095,-0.589627622,0.131145956,0.604036418,-0.933805684
586,4.8575809,207.612609,295.7087002,46.97854311,66.91291049,-1.589486462,0.226279817,-0.014869433,0.013424457,-1.580804775,-0.834111668,0.149010025,0.847317096,-1.017683817
587,4.8690948,207.590225,295.7048392,46.97347806,66.91203682,-1.59080989,0.226279817,-0.019934479,0.014298122,-1.604040594,-0.703584637,0.133804178,0.716194735,-0.828221097
588,4.8733672,207.5707817,295.7015394,46.96907842,66.91129013,-1.591074576,0.226279817,-0.024334117,0.01504481,-1.608687757,-0.440668549,0.148135603,0.464900986,-0.775312964
589,4.884765,207.5543394,295.6957248,46.96535787,66.90997441,-1.665962718,0.226279817,-0.028054668,0.016360534,-1.602739749,-0.099256577,0.109228248,0.147589559,-0.466360021
590,4.889893,207.5731971,295.6921426,46.969625,66.90916382,-1.606105141,0.226279817,-0.023787545,0.017171124,-1.601550147,0.178049473,0.108853947,0.208688276,0.505365061
591,4.9017025,207.5976068,295.6909952,46.97514842,66.9089042,-1.559746419,0.226279817,-0.01826412,0.017430742,-1.601312227,0.332274339,0.077267078,0.341139909,0.471043014
592,4.9069883,207.6197195,295.6892664,46.98015208,66.90851301,-1.584861881,0.226279817,-0.013260459,0.017821932,-1.586297602,0.188491758,0.056313144,0.196723951,-0.07120377
593,4.9164887,207.6088598,295.6885596,46.97769474,66.90835306,-1.589884974,0.226279817,-0.015717804,0.017981879,-1.598261718,-0.043958465,0.036436524,0.05709612,-0.149150654
594,4.9207229,207.5892991,295.68836,46.97326856,66.9083079,-1.590889592,0.226279817,-0.020143983,0.018027045,-1.607531982,0.085415592,0.046169243,0.097094914,0.206919152
595,4.9324758,207.5721524,295.6853117,46.96938859,66.90761814,-1.665925721,0.226279817,-0.024023954,0.018716803,-1.609386035,-0.134458168,0.029771481,0.137714705,-0.340809042
596,4.9360896,207.5899528,295.6841835,46.97341646,66.90736284,-1.606097742,0.226279817,-0.019996082,0.018972109,-1.602879404,0.161139094,0.00772581,0.161324195,0.382109875
597,4.948858,207.5813337,295.6846338,46.97146614,66.90746474,-1.594132146,0.226279817,-0.0219464,0.018870203,-1.601578078,0.453856983,0.005164723,0.453886369,0.845114138
598,4.9522363,207.599538,295.6860281,46.9755854,66.90778025,-1.55735182,0.226279817,-0.017827139,0.018554695,-1.59362128,0.818100905,0.015642236,0.818250432,1.33262347
599,4.964902,207.6229489,295.6861478,46.98088282,66.90780733,-1.584382962,0.226279817,-0.012529718,0.018527609,-1.59202992,0.546523085,-0.000921231,0.546523861,0.64271977
600,4.9680583,207.6437476,295.6845985,46.98558915,66.90745675,-1.626141729,0.226279817,-0.007823388,0.018878198,-1.584834207,0.764812386,-0.021075273,0.765102708,-0.046564263
601,4.9804325,207.6304422,295.685264,46.98257841,66.90760734,-1.598140943,0.226279817,-0.010834135,0.018727605,-1.605239546,0.55213665,0.00335785,0.552146861,-0.403039463
602,4.9838266,207.6445223,295.6868952,46.98576445,66.90797645,-1.558153579,0.226279817,-0.007648091,0.018358492,-1.616591122,0.518871677,0.010066206,0.518969311,3.629469962
603,5.0045594,207.6588112,295.6842589,46.98899774,66.9073799,-1.659378519,0.226279817,-0.004414797,0.018955039,-1.604713488,0.276918486,-0.019092404,0.277575878,4.040912501
604,5.0172248,207.672912,295.6825012,46.99218847,66.90698217,-1.64114084,0.226279817,-0.001224072,0.019352774,-1.347755442,0.175173632,0.175169733,0.247730169,5.213802257
605,5.0274886,207.6856726,295.6840759,46.99507593,66.9073385,-1.566753559,0.226279817,0.00166339,0.018996444,-1.303241274,-0.213241174,0.214703067,0.302604041,5.567282015
606,5.0347826,207.6614313,295.6531586,46.9895906,66.90034253,-0.313350712,0.226279817,-0.003821937,0.025992417,-1.272493958,-0.178949559,0.171055898,0.247554166,5.15198697
607,5.0409394,207.6341307,295.6507393,46.98341304,66.89979509,-1.33558274,0.226279817,-0.009999505,0.026539851,-1.28220387,-0.200464474,0.163780972,0.258863307,-2.176131353
608,5.046805,207.6426178,295.6556505,46.98533349,66.90090641,-1.505641939,0.226279817,-0.008079056,0.025428538,-1.291023293,-0.121207617,0.120029079,0.170582139,-5.717226066
609,5.0620608,207.6523498,295.6559857,46.98753566,66.90098225,-1.689690399,0.226279817,-0.005876882,0.025352696,-1.540492256,0.082182584,-0.095015438,0.125626075,-2.564104945
610,5.065793,207.6635262,295.6601665,46.99006463,66.90192827,-1.610850678,0.226279817,-0.003347909,0.024406671,-1.590386049,0.042035572,-0.203328635,0.20762833,0.966887291
611,5.0776906,207.6774553,295.6662699,46.99321652,66.90330937,-1.560695526,0.226279817,-0.000196017,0.023025576,-1.352659729,-0.134292565,-0.065268511,0.149313333,1.472868558
612,5.0816342,207.6564702,295.6741587,46.988468,66.90509444,-1.585051703,0.226279817,-0.004944539,0.021240503,-1.28925509,-0.134116354,-0.040851502,0.140200006,4.536044848
613,5.0939899,207.6262071,295.6468112,46.98162008,66.89890624,-0.317010341,0.226279817,-0.011792462,0.027428705,-1.276574163,-0.346471833,-0.015080942,0.346799893,6.925722607
614,5.0981782,207.6288952,295.6446435,46.98222835,66.89841573,-1.372667205,0.226279817,-0.011184191,0.027919212,-1.280915418,-0.650159574,-0.079394516,0.654989283,-10.99169956
615,5.1093292,207.6099635,295.6507849,46.97794449,66.89980541,-1.547446039,0.226279817,-0.015468052,0.026529532,-1.296750711,-0.480894589,-0.004156988,0.480912556,-15.47094714
616,5.1132472,207.588259,295.6583627,46.9730332,66.90152012,-1.582401805,0.226279817,-0.020379345,0.024814821,-1.56946733,-0.585820317,-0.143948157,0.603246646,-16.56462877
617,5.1257624,207.5684705,295.6625918,46.96855547,66.90247707,-1.664228164,0.226279817,-0.024857075,0.023857871,-1.648543124,-0.569249003,-0.161231106,0.591641696,-16.29612585
618,5.1293227,207.5514957,295.665709,46.9647144,66.90318243,-1.680593435,0.226279817,-0.028698142,0.023152512,-1.664358283,-0.613078167,-0.190184572,0.641899533,-15.22643728
619,5.1414615,207.5637315,295.6640621,46.96748311,66.90280978,-1.768046177,0.226279817,-0.025929432,0.02352516,-1.660643873,-0.405390876,-0.127931603,0.425097939,-1.385039813
620,5.1454606,207.5530689,295.6688232,46.9650704,66.90388711,-1.626521833,0.226279817,-0.028342146,0.022447838,-1.64493395,-0.096766253,-0.160585064,0.187486721,0.627360131
621,5.1580413,207.5411107,295.6758499,46.96236449,66.90547712,-1.563829757,0.226279817,-0.031048053,0.020857828,-1.649954808,0.20195093,-0.116335033,0.233062262,1.571169477
622,5.1622703,207.5632638,295.6803303,46.96737729,66.90649094,-1.585678549,0.226279817,-0.026035251,0.019844009,-1.634123042,0.377519191,-0.113299514,0.394154182,0.363108567
623,5.1737028,207.5842173,295.6791615,46.97211864,66.90622648,-1.705697722,0.226279817,-0.021293903,0.020108467,-1.630956688,0.464128496,-0.071069582,0.469538227,-0.740683119
624,5.1774018,207.6022959,295.6784116,46.97620947,66.90605678,-1.688887347,0.226279817,-0.017203072,0.020278164,-1.6521679,0.687643877,-0.041761225,0.688910808,0.336860622
625,5.1894786,207.5932086,295.68152,46.97415318,66.90676015,-1.610690067,0.226279817,-0.01925936,0.019574793,-1.671377184,0.524976223,0.010750807,0.525086292,-0.346160496
626,5.193345,207.6086293,295.6811756,46.97764258,66.90668222,-1.669885816,0.226279817,-0.015769961,0.019652728,-1.652089157,0.691442502,-0.013706606,0.691578343,-1.145533138
627,5.2050876,207.627934,295.6799909,46.98201085,66.90641413,-1.681724966,0.226279817,-0.011401696,0.01992081,-1.648231552,0.417205955,-0.022726105,0.417824466,0.211605826
628,5.2089037,207.648965,295.6816631,46.98676974,66.90679252,-1.609257591,0.226279817,-0.006642803,0.019542425,-1.662427072,0.566165212,0.00560732,0.566192978,0.218737008
629,5.2204389,207.635443,295.6816233,46.98370998,66.90678353,-1.669599321,0.226279817,-0.009702559,0.019551412,-1.650299135,0.328382407,-0.006463508,0.328446011,-0.908183327
630,5.2241286,207.6448112,295.680263,46.98582982,66.90647572,-1.681667667,0.226279817,-0.00758272,0.019859227,-1.65603639,0.307611832,0.018481869,0.308166543,-0.669910465
631,5.23716,207.6283163,295.682578,46.98209735,66.90699954,-1.609246131,0.226279817,-0.011315188,0.019335402,-1.664454348,-0.006014594,0.036399323,0.036892899,0.094431665
632,5.2411162,207.6330045,295.6799981,46.9831582,66.90641578,-1.710411238,0.226279817,-0.010254338,0.019919166,-1.658441407,0.174995541,0.03376638,0.178223477,-0.860775459
633,5.2529285,207.6162437,295.6804976,46.97936556,66.90652879,-1.651347384,0.226279817,-0.014046977,0.01980615,-1.657238818,0.098381644,0.022046015,0.100821499,-0.202008763
634,5.2568823,207.6274229,295.680714,46.98189519,66.90657776,-1.639534614,0.226279817,-0.011517349,0.01975718,-1.671965342,0.112841147,0.032191865,0.11734326,-0.115450497
635,5.26849,207.6372444,295.6794406,46.98411759,66.90628962,-1.675654725,0.226279817,-0.009294947,0.020045327,-1.651780764,-0.17464859,-0.022515913,0.176093999,0.183392333
636,5.2856565,207.6210001,295.6786416,46.98044184,66.90610882,-1.682878748,0.226279817,-0.012970699,0.020226125,-1.655440381,-0.072523741,-0.016731666,0.074428769,0.463296877
637,5.2901076,207.597999,295.6811197,46.97523717,66.90666958,-1.609488347,0.226279817,-0.018175371,0.019665366,-1.642024356,-0.011445751,-0.038831144,0.040482872,1.351378683
638,5.301864,207.6078471,295.6801142,46.97746558,66.90644205,-1.669645472,0.226279817,-0.015946959,0.019892895,-1.624374109,0.030705912,-0.051298296,0.05978602,1.016342969
639,5.3067959,207.628448,295.6827925,46.98212715,66.9070481,-1.572454485,0.226279817,-0.011285392,0.019286848,-1.62084406,-0.074138057,-0.046715543,0.087628725,1.710801133
640,5.3178763,207.6481436,295.6846294,46.98658388,66.90746374,-1.587403495,0.226279817,-0.006828661,0.018871201,-1.62013805,0.185003625,-0.025600005,0.186766436,0.911043079
641,5.322512,207.6330175,295.6839442,46.98316114,66.9073087,-1.665228502,0.226279817,-0.010251399,0.019026245,-1.605029807,0.00765692,-0.045578302,0.046216989,0.773111378
642,5.3338112,207.6393297,295.6849631,46.98458946,66.90753925,-1.605958298,0.226279817,-0.008823086,0.018795692,-1.616156108,-0.148365931,-0.019716155,0.149670225,0.648119143
643,5.3395428,207.6216702,295.6870031,46.98059347,66.90800086,-1.594104257,0.226279817,-0.01281907,0.018334081,-1.611503927,-0.077547471,-0.032412387,0.084048636,0.324307638
644,5.3497902,207.6291457,295.686712,46.98228504,66.907935,-1.628085988,0.226279817,-0.011127506,0.018399948,-1.61057349,0.006657478,-0.034112273,0.034755851,-0.351977414
645,5.3543451,207.6443699,295.688745,46.98572995,66.90839501,-1.564142588,0.226279817,-0.00768259,0.017939934,-1.617657911,0.024917277,-0.019378728,0.031565896,-0.166945386
646,5.3659287,207.6281259,295.6874679,46.98205426,66.90810604,-1.66057632,0.226279817,-0.011358282,0.018228903,-1.619074795,0.224578363,-0.004539449,0.224624237,-0.864216951
647,5.3706883,207.6327051,295.6863476,46.98309046,66.90785253,-1.641380401,0.226279817,-0.010322082,0.018482415,-1.619358172,0.330863376,-0.043458649,0.3337053,-3.118563694
648,5.3819285,207.647663,295.6866626,46.98647512,66.90792381,-1.601188678,0.226279817,-0.006937425,0.018411136,-1.649422171,0.207953916,-0.039221212,0.21162026,-4.570860377
649,5.3866197,207.6621027,295.6905637,46.98974253,66.90880654,-1.629502872,0.226279817,-0.003670015,0.0175284,-1.70187418,0.248082751,-0.317573316,0.402986181,-10.02546942
650,5.3980811,207.6692831,295.6946059,46.99136732,66.90972123,-1.714462586,0.226279817,-0.002045218,0.016613713,-1.802927326,0.176591537,-0.463552445,0.496049836,-12.0210995
651,5.40239,207.6670614,295.7206333,46.99086458,66.9156107,-1.922836365,0.226279817,-0.002547957,0.010724247,-1.920971207,0.157069526,-0.783428655,0.799018957,-16.39231935
652,5.4151672,207.6591703,295.7588403,46.98907899,66.92425616,-2.14664613,0.226279817,-0.004333554,0.00207878,-2.049224759,0.037674954,-0.898663832,0.899453215,-16.60112576
653,5.4198322,207.6633659,295.791944,46.99002837,66.93174686,-2.191408084,0.226279817,-0.003384177,-0.005411915,-2.16366087,0.046059874,-1.166981144,1.167889764,-22.39280482
654,5.4299187,207.6678022,295.8260149,46.99103222,66.93945642,-2.27077063,0.226279817,-0.002380321,-0.013121473,-2.286968014,0.070364852,-1.057718552,1.060056483,-20.52441247
655,5.4347107,207.6716922,295.8561161,46.99191245,66.94626773,-2.28664314,0.226279817,-0.001500092,-0.019932786,-2.467986864,-0.029023057,-1.421563883,1.421860124,-27.12958678
656,5.4453769,207.6719209,295.8947923,46.99196419,66.95501936,-2.539372085,0.226279817,-0.001448356,-0.028684416,-2.660548056,-0.069921161,-1.297846181,1.29972831,-25.58716284
657,5.4499119,207.6591606,295.9448132,46.9890768,66.96633808,-3.051740384,0.226279817,-0.004335738,-0.040003136,-2.855841301,-0.072246093,-1.739139226,1.740639177,-31.17198024
658,5.462469,207.6591063,295.9995929,46.9890645,66.97873362,-3.154214044,0.226279817,-0.004348042,-0.052398677,-3.067034959,0.01907624,-1.694720053,1.694827413,-25.82708363
659,5.4669709,207.6608551,296.058698,46.98946022,66.99210791,-3.247236852,0.226279817,-0.003952324,-0.065772964,-3.247781992,0.346450197,-2.117446229,2.145601611,-26.00492761
660,5.4776487,207.6910698,296.1152909,46.9962972,67.00491376,-3.342611433,0.226279817,0.002884658,-0.078578813,-3.365779543,0.593808372,-1.845437867,1.938620464,-19.12854039
661,5.4822436,207.724407,296.1748722,47.00384074,67.0183958,-3.443107248,0.226279817,0.010428199,-0.092060857,-3.452818995,0.864051367,-2.219296561,2.381567129,-21.93768836
662,5.4942669,207.7562932,296.2352235,47.01105595,67.03205207,-3.641728139,0.226279817,0.017643412,-0.105717128,-3.557200762,0.951223438,-1.829049717,2.061613178,-16.17955471
663,5.4986714,207.7825754,296.2908234,47.01700306,67.04463321,-3.589411302,0.226279817,0.023590523,-0.118298263,-3.693143033,0.881917117,-1.732059806,1.943658657,-15.05268525
664,5.5097619,207.8082461,296.3407951,47.02281183,67.05594081,-3.769145688,0.226279817,0.029399288,-0.129605861,-3.819113226,0.822503028,-1.650183926,1.843805364,-16.37578156
665,5.526059,207.8294037,296.3922438,47.02759938,67.06758259,-4.02232279,0.226279817,0.034186842,-0.141247647,-3.907384657,0.75659076,-1.555145204,1.729423657,-15.70863594
666,5.529938,207.8524544,296.4355243,47.03281528,67.07737611,-4.07295821,0.226279817,0.039402738,-0.151041163,-4.006524539,0.531057101,-1.335735957,1.4374325,-12.53083964
667,5.541774,207.8666056,296.4700795,47.03601741,67.08519525,-4.083085294,0.226279817,0.042604865,-0.158860304,-4.06979856,0.429356111,-1.253356906,1.32485856,-10.47029778
668,5.5459642,207.870727,296.5026593,47.03695001,67.09256741,-4.085110711,0.226279817,0.043537464,-0.166232463,-4.132548579,0.404669097,-1.409903463,1.466828161,-16.81818572
669,5.5578523,207.8715285,296.5345851,47.03713136,67.09979157,-4.085515795,0.226279817,0.043718823,-0.173456623,-4.145098583,0.129050108,-0.986895555,0.995297326,-15.60555381
670,5.5626946,207.8751735,296.566622,47.03795616,67.10704088,-4.336072885,0.226279817,0.044543622,-0.180705933,-4.325018252,0.125313255,-1.083014726,1.090240482,-28.36124083
671,5.5736407,207.8735557,296.5864416,47.03759007,67.11152564,-4.135708229,0.226279817,0.044177528,-0.185190693,-4.538411853,0.013152142,-0.796561183,0.796669754,-29.24694254
672,5.5775957,207.8779577,296.6063882,47.03858616,67.11603916,-4.982683638,0.226279817,0.045173622,-0.189704216,-4.811798582,-0.253849345,-0.872360095,0.908543684,-43.89040003
673,5.5897216,207.8598321,296.6239176,47.03448472,67.12000571,-5.15207872,0.226279817,0.041072173,-0.193670762,-5.04708872,-0.363381617,-0.61698786,0.716044844,-39.16697803
674,5.5934614,207.8380202,296.6402247,47.02954911,67.12369567,-5.452449435,0.226279817,0.036136565,-0.197360728,-5.324854756,-0.509937351,-0.896517484,1.031396966,-41.56388485
675,5.6059758,207.817152,296.6524039,47.02482706,67.12645158,-5.512523578,0.226279817,0.031414516,-0.200116633,-5.494283695,-0.643502221,-0.743569233,0.983356655,-28.65834615
676,5.6106697,207.8012576,296.6898954,47.02123048,67.13493515,-5.524538407,0.226279817,0.027817938,-0.208600205,-5.642045216,-0.774385295,-0.879715477,1.17199484,-29.03027645
677,5.6234705,207.7777261,296.711193,47.01590577,67.13975437,-5.829828336,0.226279817,0.022493223,-0.213419427,-5.70088585,-0.559370309,-0.865451168,1.030485743,-16.93878724
678,5.6284481,207.7558901,296.7333631,47.01096473,67.14477102,-5.890886321,0.226279817,0.017552188,-0.218436076,-5.806727463,-0.651166065,-1.435998942,1.576740373,-18.96359529
679,5.6393917,207.7440568,296.7776325,47.00828708,67.15478828,-5.746652606,0.226279817,0.014874541,-0.228453332,-5.957918979,-0.582423249,-1.322551923,1.445116061,-14.42567751
680,5.6436044,207.728487,296.8348424,47.00476397,67.16773372,-6.041731644,0.226279817,0.011351426,-0.241398781,-6.057603083,-0.651571686,-1.78042151,1.895902533,-19.61616477
681,5.6537732,207.7094998,296.8905725,47.00046755,67.18034432,-6.280495987,0.226279817,0.007055008,-0.254009375,-6.146985704,-0.510104791,-1.788420647,1.859746033,-17.14493672
682,5.6585966,207.6932632,296.9473975,46.99679352,67.19320266,-6.328248856,0.226279817,0.003380979,-0.266867721,-6.294336106,-0.560600172,-2.081671109,2.155835606,-17.15106533
683,5.6691674,207.6799343,296.996348,46.99377746,67.20427918,-6.337799429,0.226279817,0.000364922,-0.277944233,-6.388494907,-0.318519122,-1.728764347,1.757862509,-13.87295723
684,5.674799,207.6675612,297.0556208,46.99097769,67.21769142,-6.483404612,0.226279817,-0.00243485,-0.291356481,-6.466470954,-0.033030515,-1.89349519,1.893783263,-15.57739131
685,5.6850764,207.6845524,297.1150481,46.99482244,67.23113862,-6.512525649,0.226279817,0.001409897,-0.304803675,-6.541210451,0.236407775,-1.542640129,1.560649609,-11.08676945
686,5.6912175,207.7118257,297.1710579,47.00099383,67.2438125,-6.670376224,0.226279817,0.007581293,-0.317477557,-6.647525537,0.479319007,-1.718992859,1.78456806,-14.0883286
687,5.7015796,207.7386368,297.2128008,47.00706066,67.25325808,-6.701946338,0.226279817,0.013648115,-0.326923137,-6.731416729,0.64551994,-1.389141816,1.531799915,-13.60139689
688,5.7063302,207.7581455,297.2533116,47.01147509,67.26242486,-6.869374863,0.226279817,0.018062546,-0.336089915,-6.845028463,0.85479347,-1.488370136,1.716367541,-20.32930392
689,5.7173305,207.7743752,297.2889138,47.01514755,67.27048093,-6.902860568,0.226279817,0.021735004,-0.344145985,-6.970558427,0.756187064,-1.23018462,1.444012837,-20.13501397
690,5.7220714,207.8041361,297.3267222,47.02188183,67.27903619,-7.080584321,0.226279817,0.028469286,-0.352701249,-7.164516959,0.66891174,-1.156595619,1.33609743,-21.33320019
691,5.7328067,207.828422,297.3633883,47.02737724,67.287333,-7.298026044,0.226279817,0.033964699,-0.360998055,-7.339938304,0.56159521,-1.230271684,1.352389588,-28.97808754
692,5.7491413,207.8391856,297.4026299,47.02981282,67.29621258,-7.671738998,0.226279817,0.036400275,-0.369877639,-7.570042104,0.525306475,-1.22062084,1.328857452,-29.90439283
693,5.7535015,207.8467517,297.4469099,47.03152487,67.30623225,-7.746481589,0.226279817,0.038112325,-0.379897311,-7.840983518,0.3561026,-1.201594131,1.25325078,-30.16094327
694,5.7646355,207.8542508,297.4805706,47.03322177,67.31384898,-8.05337957,0.226279817,0.039809225,-0.387514034,-8.019606616,0.334277608,-1.239023005,1.283323624,-29.97916578
695,5.7683853,207.8637702,297.5088984,47.03537582,67.320259,-8.435291392,0.226279817,0.041963281,-0.393924061,-8.177827573,0.597973785,-1.633120894,1.739153961,-34.43058778
696,5.7806071,207.8855249,297.5607497,47.04029847,67.3319919,-8.19114153,0.226279817,0.046885932,-0.405656954,-8.366430993,0.605937226,-1.279758814,1.415959937,-22.67815197
697,5.7843571,207.9098463,297.6024143,47.04580192,67.34141976,-8.462843785,0.226279817,0.05238938,-0.415084811,-8.502721013,0.455707963,-1.591807694,1.655754052,-25.14825424
698,5.7964484,207.9329555,297.6307977,47.05103106,67.34784234,-8.689498689,0.226279817,0.057618518,-0.421507396,-8.543559339,0.39888263,-1.416901332,1.471977152,-18.21173898
699,5.8002076,207.9230086,297.668083,47.04878028,67.35627926,-8.734829669,0.226279817,0.055367737,-0.42994432,-8.650296341,0.247526931,-1.918537968,1.934439846,-18.81811397
700,5.8124607,207.9387295,297.713293,47.05233758,67.36650938,-8.639483024,0.226279817,0.058925043,-0.440174433,-8.742340762,-0.074637421,-1.546768361,1.548568083,-11.72027936
701,5.8154202,207.9340995,297.7586532,47.05128992,67.37677346,-8.724826536,0.226279817,0.057877373,-0.450438512,-8.796983777,-0.243864034,-1.957371853,1.97250456,-15.32769988
702,5.8282047,207.9260069,297.7956737,47.04945872,67.38515046,-8.923065893,0.226279817,0.056046178,-0.458815521,-8.80791238,-0.148427535,-1.664168037,1.670774069,-10.78199264
703,5.831853,207.9193374,297.8373385,47.04794956,67.39457837,-8.962713765,0.226279817,0.054537015,-0.468243426,-8.886039263,-0.05279162,-2.150275311,2.15092326,-14.6796269
704,5.8443303,207.9126346,297.880256,47.04643286,67.40428972,-8.789472685,0.226279817,0.053020315,-0.477954773,-8.956723234,0.061663856,-1.564463915,1.565678694,-12.52263394
705,5.8477558,207.9242684,297.9296892,47.04906535,67.41547547,-9.030117437,0.226279817,0.055652806,-0.489140525,-9.049212078,0.285078851,-1.733444042,1.756729404,-20.37467504
706,5.8603687,207.9364352,297.9597401,47.05181843,67.42227538,-9.078246388,0.226279817,0.058405889,-0.495940434,-9.146061898,0.373479579,-1.323585907,1.375269664,-17.39530051
707,5.863708,207.9508065,297.9818784,47.05507037,67.42728482,-9.385510117,0.226279817,0.061657831,-0.500949878,-9.280018044,0.403275291,-1.635882966,1.684857276,-26.8722788
708,5.8769517,207.9524653,298.0131851,47.05544572,67.43436889,-9.446962863,0.226279817,0.06203318,-0.508033944,-9.366336861,0.257379073,-1.178682337,1.206455983,-23.3067747
709,5.8809403,207.9529486,298.0544285,47.0555551,67.44370144,-9.459253413,0.226279817,0.062142554,-0.517366496,-9.577931679,0.288305601,-1.452835858,1.481165808,-30.14906938
710,5.8925921,207.9549577,298.1048623,47.05600972,67.4551136,-9.461711522,0.226279817,0.062597176,-0.528778656,-9.684808748,0.120141472,-1.327825635,1.333249748,-24.709727
711,5.8963204,207.961102,298.1363306,47.05740003,67.46223425,-10.13622048,0.226279817,0.063987488,-0.535899302,-9.840987628,0.318576486,-1.741918359,1.770810703,-39.80885058
712,5.9091734,207.9686576,298.1860373,47.05910972,67.47348186,-9.919895463,0.226279817,0.065697179,-0.54714692,-10.00702687,0.358401686,-1.4478952,1.491593872,-32.92128675
713,5.9131828,207.9867399,298.2322012,47.06320138,67.48392781,-10.22785727,0.226279817,0.069788839,-0.557592869,-10.33585118,0.515628615,-1.478113905,1.565469126,-45.87205463
714,5.9253565,207.998928,298.2789899,47.06595931,67.49451517,-10.28944963,0.226279817,0.072546763,-0.568180222,-10.56242902,0.437896512,-1.194308971,1.272056317,-40.94475727
715,5.929095,208.0125608,298.297668,47.06904414,67.49874164,-11.10583304,0.226279817,0.075631594,-0.572406696,-10.83880294,0.605984376,-1.500624824,1.618360876,-50.20680404
716,5.9416192,208.0116889,298.3248366,47.06884685,67.50488935,-11.26910972,0.226279817,0.075434304,-0.578554403,-11.05489072,0.460031708,-1.095482152,1.188154164,-34.4468421
717,5.945064,208.0265085,298.361475,47.07220021,67.51317986,-11.30176506,0.226279817,0.078787672,-0.586844921,-11.25892126,0.476592614,-1.093528548,1.192872669,-32.04102965
718,5.9577622,208.0428248,298.3940034,47.07589226,67.52054039,-11.30829613,0.226279817,0.082479717,-0.594205446,-11.29972737,0.610035759,-1.820516518,1.920006255,-29.88915834
719,5.9730679,208.0637496,298.4521691,47.08062711,67.53370211,-11.30960234,0.226279817,0.087214571,-0.607367164,-11.40048502,0.673859102,-1.890544212,2.007048457,-30.03505951
720,5.9764743,208.0862156,298.523908,47.08571071,67.54993519,-11.30986358,0.226279817,0.092298172,-0.62360025,-11.61565731,0.669941645,-1.867568851,1.984095568,-31.53176129
721,5.989712,208.1039628,298.5731081,47.08972656,67.56106816,-11.77289801,0.226279817,0.096314014,-0.634733218,-11.85371252,0.663283968,-1.881719592,1.995197796,-34.74508836
722,5.993349,208.1192944,298.6099442,47.09319578,67.56940344,-12.37762648,0.226279817,0.099783242,-0.643068492,-12.09634431,0.784932523,-2.169371549,2.307009316,-47.59728083
723,6.005981,208.1336673,298.6462528,47.09644808,67.57761935,-12.49857217,0.226279817,0.10303554,-0.651284405,-12.33989142,0.511759606,-1.287112362,1.385119535,-35.93457499
724,6.0088962,208.1454888,298.6758607,47.09912306,67.58431901,-12.52276131,0.226279817,0.105710513,-0.657984066,-12.54641578,0.545110735,-1.349014806,1.454986824,-34.32144988
725,6.0288189,208.1566267,298.7070435,47.10164334,67.59137505,-12.52759914,0.226279817,0.108230797,-0.665040102,-12.64311128,0.477454591,-1.201496048,1.292886553,-25.18909229
726,6.0382839,208.1762912,298.7551682,47.10609302,67.60226469,-12.80551983,0.226279817,0.112680479,-0.675929745,-12.73698041,0.54640944,-1.484996543,1.58233309,-32.08536266
727,6.0457405,208.1965768,298.8063839,47.11068323,67.61385378,-12.86110397,0.226279817,0.117270688,-0.687518833,-12.89394393,0.515693928,-1.285123731,1.384732188,-24.94423668
728,6.0508107,208.210071,298.852719,47.1137367,67.62433848,-12.96791781,0.226279817,0.120324162,-0.698003536,-13.1665256,0.897014447,-1.638798965,1.868233648,-32.91365357
729,6.0576498,208.2331627,298.8919746,47.1189619,67.63322123,-13.30757892,0.226279817,0.125549354,-0.706886285,-13.40684028,0.974283982,-1.559861051,1.839129081,-35.69976241
730,6.0614167,208.267008,298.9273088,47.1266204,67.64121665,-13.89050748,0.226279817,0.13320786,-0.714881707,-13.57522304,1.100820119,-1.665599801,1.996503852,-37.74889886
731,6.0698172,208.2988039,298.9553685,47.13381516,67.64756598,-14.0070932,0.226279817,0.140402614,-0.721231035,-13.77555852,0.901784933,-1.37023064,1.640349985,-27.55212185
732,6.0743886,208.3240219,298.9974481,47.1395215,67.65708774,-13.70301776,0.226279817,0.146108959,-0.7307528,-13.91862489,0.576690483,-1.405865756,1.519549419,-20.72144559
733,6.0846899,208.3061337,299.0243559,47.13547374,67.66317645,-13.96959525,0.226279817,0.1420612,-0.736841501,-13.94723816,0.095266435,-1.21811485,1.221834473,-13.07885332
734,6.0904999,208.2840148,299.0622795,47.13046869,67.67175778,-14.02291075,0.226279817,0.137056148,-0.745422836,-13.95296082,-0.195660589,-1.462629546,1.475658583,-8.782109063
735,6.1007691,208.267041,299.1160032,47.12662786,67.68391438,-14.03357385,0.226279817,0.133215318,-0.757579436,-14.01958386,-0.503613059,-1.221988001,1.321696179,-2.573912929
736,6.1064048,208.2521431,299.165277,47.12325677,67.69506405,-14.03570647,0.226279817,0.129844224,-0.76872911,-14.03290847,-0.535560117,-1.393803965,1.493155763,-6.596593398
737,6.1168562,208.2386797,299.2059082,47.12021027,67.70425806,-14.03613299,0.226279817,0.126797729,-0.777923117,-14.03557339,-0.388283739,-1.153828163,1.217408597,-8.099681907
738,6.1218234,208.2265477,299.2377411,47.11746504,67.7114612,-14.0362183,0.226279817,0.124052497,-0.785126259,-14.14927776,-0.288366345,-1.097100778,1.134365579,-11.71540504
739,6.1413483,208.2157556,299.2616524,47.115023,67.71687184,-14.03623536,0.226279817,0.121610462,-0.7905369,-14.3152474,-0.098519473,-0.869786835,0.87534863,-17.29989621
740,6.1485298,208.2197409,299.2902208,47.1159248,67.72333631,-14.6020957,0.226279817,0.122512261,-0.797001366,-14.49167009,0.042192968,-0.854086636,0.855128194,-25.03755759
741,6.1544239,208.2288854,299.3121487,47.11799402,67.72829815,-14.86555464,0.226279817,0.124581482,-0.801963203,-14.67018338,0.223625005,-0.679044992,0.714919747,-25.80661804
742,6.1603485,208.2396745,299.333126,47.12043538,67.73304488,-14.91824643,0.226279817,0.127022836,-0.806709936,-14.90090679,0.437152048,-0.930133612,1.027740458,-29.80327361
743,6.1667455,208.249696,299.3493795,47.12270304,67.73672273,-14.92878478,0.226279817,0.129290497,-0.810387783,-15.07193917,0.451922517,-0.954718204,1.056276863,-28.65518513
744,6.1712757,208.2685664,299.3800619,47.12697304,67.74366552,-15.18985242,0.226279817,0.133560493,-0.817330577,-15.20097597,0.397236265,-0.907515078,0.990646389,-25.16203332
745,6.1812643,208.2773696,299.4252233,47.12896501,67.75388464,-15.45725759,0.226279817,0.135552468,-0.827549697,-15.38901966,0.366237212,-1.131029955,1.188847532,-25.34081723
746,6.1968516,208.2827175,299.4669549,47.13017513,67.76332767,-15.51073863,0.226279817,0.136762592,-0.836992726,-15.58886472,0.319064464,-1.147187133,1.190731057,-21.58647508
747,6.2006273,208.287007,299.4989714,47.13114577,67.77057235,-15.85846486,0.226279817,0.137733232,-0.844237406,-15.73927807,0.202756915,-1.213491805,1.230314077,-27.14317313
748,6.2128675,208.2934238,299.5344413,47.13259776,67.77859848,-15.92801011,0.226279817,0.139185219,-0.852263537,-15.83676675,0.180606676,-1.097126696,1.111892872,-25.2155211
749,6.2165556,208.2993081,299.5648237,47.13392926,67.7854734,-15.94191916,0.226279817,0.140516714,-0.859138455,-16.04428572,0.380365016,-1.280876134,1.336159128,-28.14968024
750,6.2288077,208.3041094,299.5887157,47.13501569,67.79087967,-15.94470097,0.226279817,0.141603152,-0.864544729,-16.15685275,0.402022876,-1.058931719,1.132677703,-21.65967359
751,6.2322115,208.3203015,299.6116488,47.13867964,67.79606898,-16.5483335,0.226279817,0.145267094,-0.869734035,-16.25042939,0.624209376,-1.496671053,1.621623133,-32.35562799
752,6.2443648,208.3399249,299.6551018,47.14312002,67.80590152,-16.4213,0.226279817,0.14970748,-0.879566575,-16.34020795,0.614604499,-1.277166197,1.417353938,-22.72649156
753,6.2476707,208.3578885,299.6966582,47.14718481,67.81530487,-16.3958933,0.226279817,0.153772273,-0.888969928,-16.543337,0.91268775,-1.85008589,2.062963095,-28.92769338
754,6.260622,208.3758033,299.7405326,47.15123857,67.82523278,-16.39081196,0.226279817,0.157826033,-0.898897839,-16.64852092,0.77702255,-1.703400304,1.872254427,-26.37856581
755,6.2639844,208.3992677,299.7896559,47.15654811,67.83634838,-16.96034623,0.226279817,0.163135565,-0.910013434,-16.78366781,0.945774129,-2.00369085,2.215686288,-36.06910281
756,6.2762823,208.4209038,299.8326526,47.16144391,67.84607767,-17.07425308,0.226279817,0.168031371,-0.91974273,-16.96501481,0.750636596,-1.527988915,1.702411649,-24.98811071
757,6.2796954,208.4391417,299.8675031,47.16557077,67.85396363,-17.09703445,0.226279817,0.172158227,-0.927628682,-17.15560184,0.842098317,-1.668454502,1.86892215,-26.32944362
758,6.2926643,208.4536918,299.8942058,47.16886318,67.86000591,-17.30262833,0.226279817,0.175450633,-0.93367097,-17.23392676,0.603485343,-1.203579462,1.346401902,-19.13885384
759,6.2964323,208.466519,299.9186656,47.1717657,67.86554067,-17.3437471,0.226279817,0.178353157,-0.939205729,-17.28979927,0.759781346,-1.668235654,1.833106077,-26.04012803
760,6.3085489,208.4871894,299.9712207,47.17644301,67.87743282,-17.35197086,0.226279817,0.183030467,-0.951097881,-17.34118129,0.581307741,-1.378414288,1.49597615,-18.19167664
761,6.312269,208.5065821,300.0224225,47.18083117,67.88901876,-17.35361561,0.226279817,0.187418626,-0.962683819,-17.52440569,0.765902025,-1.926546791,2.073207285,-30.21367386
762,6.3248969,208.524259,300.0704936,47.18483111,67.89989629,-17.35394456,0.226279817,0.191418571,-0.973561349,-17.73399857,0.659361794,-1.762974258,1.882242335,-30.49314907
763,6.3281451,208.5411523,300.1165232,47.18865373,67.91031187,-18.21875034,0.226279817,0.195241185,-0.983976925,-17.94886514,0.418751466,-2.003521809,2.046815192,-48.60176063
764,6.3414526,208.555126,300.1548098,47.19181569,67.91897535,-18.39171149,0.226279817,0.19840315,-0.992640405,-18.16478646,0.202139585,-1.472237941,1.486050123,-42.41889261
765,6.3454295,208.5407667,300.1931977,47.18856646,67.92766175,-18.42630372,0.226279817,0.195153916,-1.001326805,-18.54173171,0.203473984,-1.540361763,1.553742586,-47.69657736
766,6.3570012,208.5457027,300.2166191,47.18968338,67.93296155,-18.43322217,0.226279817,0.196270835,-1.006626602,-18.75393594,0.007910073,-1.063237647,1.06326707,-38.31893526
767,6.3611713,208.5516631,300.2387709,47.1910321,67.93797404,-19.2386708,0.226279817,0.197619556,-1.011639095,-18.93319197,-0.012732822,-1.44709814,1.447154156,-47.51033837
768,6.3731576,208.5622055,300.2822574,47.19341763,67.94781417,-19.27977151,0.226279817,0.200005084,-1.021479222,-19.16406271,0.12361301,-1.144014509,1.150673444,-29.33067355
769,6.3770364,208.5645092,300.3263169,47.19393891,67.95778394,-19.28799166,0.226279817,0.200526369,-1.031448998,-19.40525639,0.028134868,-1.582322485,1.582572595,-27.65772895
770,6.3894519,208.5570857,300.3630123,47.19225912,67.96608737,-19.58065741,0.226279817,0.198846582,-1.039752431,-19.45349513,-0.003659357,-1.467850668,1.467855229,-20.90269556
771,6.3928254,208.5514075,300.402513,47.19097426,67.97502558,-19.63919056,0.226279817,0.19756172,-1.048690641,-19.48714068,0.023267709,-1.932223142,1.932363231,-20.88807047
772,6.405595,208.5606882,300.4380459,47.19307429,67.98306595,-19.47986448,0.226279817,0.19966175,-1.056731003,-19.60475968,0.016163631,-1.596950463,1.597032262,-9.60696418
773,6.4095667,208.5665446,300.493209,47.19439948,67.99554825,-19.44799926,0.226279817,0.200986934,-1.069213302,-19.68096903,0.100998577,-1.575909911,1.579143046,-10.11217692
774,6.4213247,208.5716822,300.5396612,47.19556202,68.00605945,-19.87608667,0.226279817,0.202149481,-1.079724501,-19.74889522,0.307876345,-1.607095625,1.636320321,-16.64622822
775,6.4369963,208.5916892,300.5786943,47.20008919,68.01489185,-19.96170415,0.226279817,0.206676649,-1.088556904,-19.84937255,0.30554997,-1.634300152,1.662617746,-18.46594466
776,6.4404122,208.6015546,300.6210453,47.20232155,68.02447503,-19.97882154,0.226279817,0.208909007,-1.098140091,-19.9950393,0.436030002,-1.403269212,1.469451137,-29.19265358
777,6.4530787,208.6101093,300.6639054,47.20425729,68.03417341,-19.98225112,0.226279817,0.210844746,-1.107838467,-20.22695586,0.40088752,-1.333913874,1.392852119,-30.3174831
778,6.4565003,208.6250195,300.693961,47.20763118,68.04097437,-20.17633304,0.226279817,0.214218638,-1.114639429,-20.47612237,0.296584596,-1.654770207,1.681138561,-37.8445782
779,6.4689117,208.6208049,300.7239739,47.20667749,68.0477657,-21.03566944,0.226279817,0.213264951,-1.121430758,-20.61762682,0.247941601,-1.220380972,1.245313115,-32.0261042
780,6.4727194,208.6168902,300.7604536,47.20579168,68.05602032,-21.20753672,0.226279817,0.212379138,-1.129685374,-20.78534421,0.448960943,-1.470760181,1.537758576,-28.28523746
781,6.4847897,208.6387768,300.794247,47.21074418,68.06366708,-20.68634377,0.226279817,0.217331639,-1.137332135,-20.94891332,0.31528989,-1.181242671,1.222596402,-15.11079995
782,6.4882452,208.6564593,300.8250571,47.21474537,68.07063878,-20.82083809,0.226279817,0.221332833,-1.144303839,-20.94754878,0.68411584,-1.388405492,1.547799823,-19.80682791
783,6.5008896,208.6742123,300.8552358,47.21876252,68.07746762,-20.9941786,0.226279817,0.225349976,-1.151132674,-21.0354204,0.824996142,-0.928111862,1.241777058,-12.45171147
784,6.5045789,208.7030265,300.8810453,47.22528258,68.08330778,-21.02884671,0.226279817,0.23187004,-1.156972832,-21.16410801,0.954285362,-1.400359059,1.694599081,-18.23872168
785,6.5168331,208.7285749,300.8738105,47.23106367,68.08167069,-21.64689483,0.226279817,0.237651132,-1.155335749,-21.25321223,0.775785514,-1.166437983,1.40086428,-20.71565123
786,6.5201293,208.7439685,300.9174349,47.23454694,68.091542,-21.3297818,0.226279817,0.241134394,-1.16520706,-21.39325597,0.869784744,-1.354141815,1.609417769,-20.55744588
787,6.5326593,208.7586659,300.9643898,47.23787266,68.10216697,-21.26635919,0.226279817,0.244460119,-1.175832023,-21.54348762,0.649733419,-1.158356903,1.328135622,-15.16217969
788,6.5375382,208.7756498,300.9962702,47.24171576,68.10938085,-21.69439733,0.226279817,0.248303217,-1.183045902,-21.57353395,0.774285695,-1.578892403,1.758527668,-17.69863739
789,6.5494489,208.8107604,301.0280669,47.2496606,68.11657579,-21.78000495,0.226279817,0.256248053,-1.19024085,-21.66768775,0.711082158,-1.139182639,1.342897956,-9.605777303
790,6.5548101,208.8366928,301.07472,47.25552857,68.12713245,-21.79712648,0.226279817,0.262116023,-1.200797503,-21.77466304,0.893888247,-1.471885896,1.722058155,-11.56432405
791,6.5653906,208.8713283,301.1119493,47.26336589,68.1355567,-21.80055078,0.226279817,0.269953351,-1.209221759,-21.7960581,0.803102321,-1.352519287,1.572984983,-10.67024044
792,6.569838,208.8945098,301.161311,47.26861139,68.14672625,-21.80123565,0.226279817,0.275198843,-1.220391307,-21.89293354,0.798495997,-1.762509887,1.93495141,-12.76746738
793,6.5813161,208.9114403,301.2060382,47.27244241,68.15684711,-21.80137262,0.226279817,0.279029865,-1.230512169,-21.91230863,0.713678621,-1.57400834,1.728247502,-11.84382925
794,6.585421,208.923123,301.2541844,47.27508597,68.16774163,-22.26438219,0.226279817,0.281673428,-1.241406686,-21.9878023,0.764753042,-2.005604711,2.146461617,-19.54052788
795,6.5971754,208.9579498,301.3075113,47.28296657,68.17980842,-21.89400193,0.226279817,0.289554032,-1.253473473,-22.16806095,0.614552056,-1.715530672,1.822284203,-18.33347006
796,6.6021429,208.9798172,301.3723643,47.28791473,68.19448334,-22.17801914,0.226279817,0.294502185,-1.2681484,-22.36927259,0.613426702,-2.070239181,2.159208787,-31.55942501
797,6.6130144,209.0004017,301.4233447,47.29257258,68.20601918,-22.70252888,0.226279817,0.299160041,-1.279684236,-22.54046829,0.544531495,-1.63123806,1.719724442,-31.11557557
798,6.6168156,209.005914,301.4679501,47.29381991,68.21611249,-22.80743082,0.226279817,0.300407372,-1.28977755,-22.79825723,0.601881994,-1.612306688,1.720986575,-33.24054196
799,6.6293985,209.02257,301.4934753,47.29758882,68.22188832,-23.12036068,0.226279817,0.304176276,-1.295553374,-23.00174617,0.499720695,-1.167815284,1.270241438,-27.54999645
800,6.6332154,209.0387159,301.5091949,47.30124232,68.22544536,-23.18294665,0.226279817,0.307829779,-1.299110417,-23.10083385,0.483667814,-1.063946436,1.168724336,-25.63475947
801,6.6454227,209.0648967,301.5486702,47.30716651,68.23437782,-23.19546384,0.226279817,0.313753967,-1.308042873,-23.24796706,0.706570241,-0.883222484,1.13107182,-20.11801131
802,6.6613605,209.0894206,301.5868288,47.31271577,68.24301234,-23.19796728,0.226279817,0.319303223,-1.316677397,-23.34631949,0.699188751,-0.871687936,1.117454593,-19.37683582
803,6.6648872,209.1119052,301.6141297,47.31780357,68.24918998,-23.54309687,0.226279817,0.324391029,-1.322855035,-23.48821287,0.601671231,-0.856550443,1.046750654,-22.56542249
804,6.6769682,209.1259263,301.6355576,47.32097626,68.25403868,-23.61212279,0.226279817,0.327563722,-1.327703733,-23.63881445,0.519228184,-0.740393597,0.904312217,-21.50641803
805,6.6806038,209.1334713,301.6493145,47.32268355,68.25715159,-23.89241357,0.226279817,0.329271013,-1.330816649,-23.79115767,0.376746964,-0.718969228,0.811698852,-26.09401204
806,6.6929991,209.1374747,301.6575831,47.32358945,68.25902262,-23.94847173,0.226279817,0.330176905,-1.332687675,-23.87492343,0.053902718,-0.385581711,0.389331169,-19.14214334
807,6.6968636,209.1312544,301.6650061,47.3221819,68.26070229,-23.95968336,0.226279817,0.328769362,-1.334367349,-23.98741511,-0.086221774,-0.389345108,0.398777892,-19.65161973
808,6.7087254,209.1222606,301.6694483,47.3201468,68.26170745,-23.96192569,0.226279817,0.326734257,-1.33537251,-24.05235485,-0.214126389,-0.211419019,0.300912133,-11.43895575
809,6.7124174,209.1151141,301.6763037,47.31852969,68.26325871,-24.17458118,0.226279817,0.325117146,-1.336923763,-24.1077842,-0.157254898,-0.135025393,0.207270257,-10.18764616
810,6.725617,209.1052022,301.6743555,47.31628682,68.26281786,-24.21711228,0.226279817,0.322874276,-1.336482915,-24.11887007,-0.024620349,-0.062048631,0.066754731,-3.657339249
811,6.7300397,209.1121885,301.6698401,47.31786767,68.26179612,-24.2256185,0.226279817,0.324455131,-1.335461175,-24.12108725,0.094928201,-0.126417266,0.15809076,2.469763916
812,6.741895,209.127851,301.6734949,47.3214118,68.26262312,-24.01511271,0.226279817,0.327999258,-1.336288179,-24.07908928,0.150942433,-0.133675832,0.20162551,6.67131631
813,6.7460339,209.1356462,301.6809317,47.32317569,68.26430593,-23.97301156,0.226279817,0.329763153,-1.337970983,-23.97495116,0.147432191,-0.398764032,0.425145862,7.619160704
814,6.7565886,209.1282795,301.702223,47.32150876,68.26912371,-23.96459132,0.226279817,0.328096219,-1.342788769,-23.91168213,0.12536246,-0.471569635,0.487948426,7.759495034
815,6.7598337,209.125591,301.7207523,47.3209004,68.27331652,-23.69642168,0.226279817,0.327487857,-1.346981576,-23.89902832,0.170736977,-0.545975403,0.572049173,7.080547776
816,6.7724651,209.1393842,301.728177,47.32402152,68.27499658,-23.90927335,0.226279817,0.33060898,-1.348661632,-23.89649756,0.104991237,-0.481954583,0.493257925,-0.002818087
817,6.7758894,209.1473415,301.7348625,47.32582209,68.27650939,-23.95184368,0.226279817,0.33240955,-1.350174443,-23.89599141,-0.02757818,-0.531802324,0.532516918,-2.825927375
818,6.7885874,209.1528098,301.7397154,47.32705946,68.27760749,-23.96035775,0.226279817,0.333646921,-1.351272546,-24.02622221,0.040332907,-0.29250912,0.295276699,-4.890652893
819,6.7917946,209.1411764,301.7497177,47.32442706,68.2798708,-23.96206056,0.226279817,0.331014515,-1.353535859,-24.05226837,-0.067728817,-0.567231819,0.571260999,-13.59067794
820,6.8045967,209.1497808,301.755125,47.32637406,68.28109438,-24.34757569,0.226279817,0.332961518,-1.354759437,-24.13451251,-0.139815095,-0.492578855,0.512037293,-14.0843693
821,6.8079795,209.1453973,301.7776484,47.32538217,68.28619097,-24.03950415,0.226279817,0.331969626,-1.35985603,-24.28098697,-0.185918843,-0.508023089,0.540974375,-15.42273676
822,6.8206031,209.154624,301.7814711,47.32746998,68.28705597,-24.3630644,0.226279817,0.334057443,-1.360721027,-24.31028187,-0.049187815,-0.425089648,0.427925987,-15.99521846
823,6.8240755,209.1525819,301.7839832,47.3270079,68.2876244,-24.69273007,0.226279817,0.333595361,-1.361289458,-24.36913157,-0.084695113,-0.558084604,0.5644747,-19.04370695
824,6.8369853,209.1447586,301.8005872,47.32523765,68.29138154,-24.10853503,0.226279817,0.331825108,-1.365046601,-24.51092714,-0.021963749,-0.291844729,0.292670039,-10.64379149
825,6.8407399,209.1443363,301.8132068,47.32514209,68.29423711,-24.64182419,0.226279817,0.331729546,-1.367902166,-24.59227698,-0.040024031,-0.366555154,0.368733784,-17.29075379
826,6.8532534,209.1454667,301.8229077,47.32539787,68.29643223,-24.74848203,0.226279817,0.331985329,-1.37009729,-24.60854695,-0.00950537,-0.353383073,0.353510888,-14.33718415
827,6.8570019,209.1467106,301.830231,47.32567934,68.29808935,-24.76981359,0.226279817,0.332266798,-1.371754405,-24.74182658,0.020073674,-0.304957753,0.305617708,-11.56627104
828,6.8692294,209.1477655,301.835518,47.32591803,68.29928568,-24.77407991,0.226279817,0.332505488,-1.372950733,-24.7684825,0.030557272,-0.174122119,0.176783085,-4.534789421
829,6.8858297,209.1485556,301.8391056,47.32609682,68.30009749,-24.77493317,0.226279817,0.33268428,-1.37376255,-24.72082297,0.037282757,-0.165334813,0.169486295,-4.143243932
830,6.8904642,209.1491079,301.8412843,47.3262218,68.30059048,-24.77510382,0.226279817,0.332809255,-1.374255535,-24.65830034,0.041258334,-0.120990613,0.127831837,3.920427905
831,6.9094815,209.1536519,301.8523346,47.32725002,68.30309095,-24.51018434,0.226279817,0.333837482,-1.376756004,-24.64579581,0.038734442,-0.098791686,0.106113874,4.730429615
832,6.9211323,209.1585416,301.8636803,47.32835646,68.30565824,-24.45720044,0.226279817,0.334943916,-1.379323297,-24.59030418,0.061332856,-0.139816703,0.152677535,2.403961789
833,6.9270672,209.1587226,301.8633352,47.32839742,68.30558016,-24.71155728,0.226279817,0.334984874,-1.37924522,-24.57920586,0.094044489,-0.070926815,0.1177921,-1.742129904
834,6.9328621,209.1618921,301.8698408,47.32911461,68.30705224,-24.49747503,0.226279817,0.335702066,-1.380717292,-24.62997691,0.073291103,0.008777845,0.073814878,-1.209327844
835,6.9382341,209.1664153,301.8641887,47.3301381,68.30577329,-24.71961219,0.226279817,0.336725562,-1.379438345,-24.66886892,0.087178574,0.031420578,0.092667991,-2.067936046
836,6.943194,209.1653259,301.8583354,47.3298916,68.3044488,-24.76403963,0.226279817,0.336479061,-1.378113856,-24.65239439,0.086197224,-0.04910577,0.099203519,-1.279297056
837,6.9502065,209.1704208,301.8616557,47.33104448,68.30520012,-24.65166046,0.226279817,0.337631942,-1.378865173,-24.64909948,0.05143125,-0.065575879,0.083338883,1.061229176
838,6.9544919,209.1704586,301.8690318,47.33105303,68.30686918,-24.62918463,0.226279817,0.337640489,-1.380534235,-24.62418757,0.057455483,-0.16047778,0.170453074,2.785227406
839,6.9644315,209.1682593,301.8838076,47.33055538,68.31021265,-24.4810005,0.226279817,0.33714284,-1.383877711,-24.59495226,0.078249783,-0.251050766,0.262962954,1.155742684
840,6.9686678,209.1723902,301.888234,47.3314901,68.31121426,-24.59505264,0.226279817,0.33807756,-1.384879312,-24.5891052,0.071436108,-0.332491467,0.340078951,-2.05450863
841,6.987574,209.1769247,301.9037602,47.33251619,68.31472751,-24.61786307,0.226279817,0.339103648,-1.388392567,-24.68034423,0.155376367,-0.241974012,0.287564319,-6.267170006
842,6.9946285,209.1809881,301.9197953,47.33343564,68.31835594,-24.62242515,0.226279817,0.340023099,-1.392021001,-24.79026318,0.072754266,-0.459799541,0.465519926,-10.06648596
843,7.0001968,209.1913652,301.9182423,47.33578377,68.31800452,-25.08537981,0.226279817,0.342371227,-1.391669579,-24.87518032,-0.046743077,-0.601370076,0.603183955,-12.22275433
844,7.0051744,209.1811764,301.9495999,47.33347825,68.32510013,-25.03059525,0.226279817,0.340065713,-1.398765183,-24.9550971,-0.206891368,-0.913818854,0.936946603,-12.02656309
845,7.0135688,209.1671966,301.9846305,47.3303149,68.33302684,-25.01963834,0.226279817,0.336902357,-1.406691895,-25.0340138,-0.284437003,-0.925554576,0.96827459,-9.524111862
846,7.0176741,209.1536537,302.016345,47.32725042,68.34020319,-25.01744695,0.226279817,0.333837878,-1.413868244,-25.04979837,-0.518474538,-1.182221787,1.290916032,-8.377902304
847,7.0283068,209.141559,302.0432708,47.32451364,68.34629596,-25.01700868,0.226279817,0.331101098,-1.419961013,-25.0824316,-0.466399425,-0.954551413,1.062401442,-4.660771672
848,7.032089,209.1290482,302.0636665,47.32168269,68.35091109,-25.16430261,0.226279817,0.328270152,-1.424576148,-25.11843456,-0.524100005,-0.934757197,1.07165845,-5.6679112
849,7.0445298,209.1178982,302.0794542,47.31915967,68.35448353,-25.1937614,0.226279817,0.325747129,-1.428148587,-25.08695473,-0.385431718,-0.630598309,0.739061457,-5.044542384
850,7.047743,209.1084502,302.0914578,47.31702179,68.3571997,-25.19965316,0.226279817,0.323609245,-1.430864752,-25.1333431,-0.385831926,-0.682934905,0.784389163,-0.493340223
851,7.060484,209.1054588,302.1042548,47.31634489,68.36009541,-24.86004782,0.226279817,0.322932348,-1.433760463,-25.14261955,-0.283640269,-0.502432185,0.576966119,1.254935329
852,7.0638518,209.1015982,302.116678,47.3154713,68.36290653,-25.24895048,0.226279817,0.322058762,-1.436571582,-25.0763181,-0.25273458,-0.530594296,0.587711728,-5.747725168
853,7.0766434,209.0881704,302.1346383,47.31243287,68.36697056,-25.21068487,0.226279817,0.319020327,-1.440635619,-25.08626582,-0.133445328,-0.350403309,0.37495351,-3.215343153
854,7.0800945,209.0874341,302.1411654,47.31226627,68.36844752,-24.86225416,0.226279817,0.318853729,-1.442112572,-25.19836767,-0.070745592,-0.460068555,0.465476115,-5.607618054
855,7.0927264,209.083588,302.1380593,47.31139596,68.36774467,-25.24939175,0.226279817,0.317983418,-1.441409729,-25.22078804,-0.047333288,-0.365976447,0.369024661,-11.4362455
856,7.0963862,209.0877992,302.1506037,47.31234887,68.37058322,-25.42055706,0.226279817,0.318936324,-1.444248274,-25.2672289,0.008882106,-0.328065789,0.328186004,-11.65945953
857,7.1090128,209.0798569,302.1709288,47.31055169,68.37518238,-25.36105233,0.226279817,0.317139151,-1.44884744,-25.38662937,0.06507483,-0.302141335,0.309069765,-5.415859896
858,7.1315225,209.0841885,302.1836776,47.31153184,68.37806719,-25.44288918,0.226279817,0.318119299,-1.451732242,-25.42925703,0.143922786,-0.370707775,0.397665717,-5.894610435
859,7.1382624,209.0911193,302.192564,47.31310015,68.38007799,-25.45925655,0.226279817,0.319687605,-1.453743046,-25.43778256,-0.070197524,-0.364797834,0.371490447,-4.215265591
860,7.1431687,209.0981735,302.198791,47.31469637,68.38148704,-25.46253002,0.226279817,0.32128383,-1.455152096,-25.45823522,-0.103546041,-0.345700423,0.360874722,-2.404525384
861,7.1477228,209.0818668,302.213806,47.3110065,68.38488463,-25.46318471,0.226279817,0.31759396,-1.458549689,-25.47778474,-0.003371325,-0.457839797,0.45785221,-3.367652217
862,7.1574353,209.0686006,302.2253418,47.30800461,68.38749494,-25.46331565,0.226279817,0.31459207,-1.461159993,-25.48169464,-0.070850625,-0.441064354,0.446718676,-3.748489426
863,7.1617885,209.0790741,302.238594,47.31037457,68.39049366,-25.54063676,0.226279817,0.316962026,-1.464158717,-25.51090192,0.000329195,-0.482603761,0.482603874,-12.61085499
864,7.1726012,209.0740707,302.2488422,47.3092424,68.39281262,-25.47880606,0.226279817,0.315829863,-1.466477675,-25.54516866,0.143461345,-0.390809556,0.4163091,-12.57257752
865,7.1763785,209.0854427,302.2571034,47.31181566,68.39468196,-25.60856639,0.226279817,0.318403115,-1.468347019,-25.72829399,-0.203720881,-0.524064755,0.562268677,-22.92230656
866,7.18847,209.0803893,302.2724439,47.31067217,68.3981532,-25.63451845,0.226279817,0.317259626,-1.471818253,-25.77788536,-0.351550327,-0.429941651,0.555371458,-24.51718791
867,7.1920402,209.0481239,302.2871967,47.30337116,68.40149145,-26.37894226,0.226279817,0.309958617,-1.475156508,-25.96407561,-0.730709773,-0.521461705,0.897696542,-35.23130439
868,7.2046449,209.0372766,302.2993535,47.30091664,68.4042423,-25.78859363,0.226279817,0.3075041,-1.477907352,-26.14916034,-0.93837328,-0.440132358,1.036465583,-25.93053263
869,7.207903,209.0084723,302.3090303,47.2943988,68.40643196,-26.4097573,0.226279817,0.300986258,-1.480097011,-26.33402396,-1.096172305,-0.41796488,1.173153171,-29.75091073
870,7.226608,208.9789552,302.3163246,47.28771968,68.40808253,-26.53399003,0.226279817,0.294307142,-1.481747582,-26.37099669,-0.858627135,-0.257873789,0.896515169,-20.38982332
871,7.2332985,208.9528305,302.3215357,47.28180819,68.40926168,-26.55883658,0.226279817,0.288395652,-1.482926736,-26.52623791,-1.015070385,-0.235790189,1.042096397,-17.75117678
872,7.2391065,208.930827,302.3249899,47.27682923,68.41004331,-26.56380589,0.226279817,0.283416685,-1.483708364,-26.55728616,-0.528212582,-0.029307459,0.529025008,-6.42791344
873,7.2432725,208.9128406,302.326975,47.27275927,68.41049249,-26.56479975,0.226279817,0.279346726,-1.484157548,-26.56349581,-0.53721553,0.013959407,0.537396865,-6.045244891
874,7.2533379,208.9321362,302.310946,47.27712549,68.40686545,-26.56499852,0.226279817,0.283712946,-1.480530509,-26.56473774,-0.403959292,0.046606832,0.406639037,-1.405437681
875,7.2572631,208.9251613,302.3087241,47.2755472,68.40636267,-26.56503828,0.226279817,0.282134657,-1.480027722,-26.56498612,-0.365924596,0.062077267,0.371152795,-0.336840035
876,7.269102,208.9137931,302.3094045,47.2729748,68.40651664,-26.56504623,0.226279817,0.279562259,-1.480181698,-26.5650358,-0.202265552,0.081453126,0.218050374,-0.038761657
877,7.2726708,208.903272,302.3103071,47.2705941,68.40672087,-26.56504782,0.226279817,0.27718156,-1.480385925,-26.56504573,0.027314484,0.203677658,0.205501021,-0.014104999
878,7.2849099,208.8946908,302.3108989,47.26865235,68.40685479,-26.56504814,0.226279817,0.275239811,-1.480519848,-26.56504772,0.105371053,0.185600988,0.2134263,-0.001450235
879,7.2887779,208.921728,302.2942927,47.27477031,68.40309715,-26.5650482,0.226279817,0.281357769,-1.476762202,-26.56504812,0.087999858,0.177085921,0.197745792,-0.000611686
880,7.3020158,208.9210372,302.2920867,47.27461399,68.40259796,-26.56504821,0.226279817,0.281201451,-1.476263017,-26.5650482,0.192657599,0.181076117,0.264396503,-5.50E-05
881,7.3067591,208.9146618,302.2932518,47.27317137,68.4028616,-26.56504822,0.226279817,0.279758826,-1.476526656,-26.56504821,0.163392723,0.165752083,0.232746504,-2.25E-05
882,7.3172809,208.9079753,302.294985,47.27165835,68.40325379,-26.56504822,0.226279817,0.278245812,-1.476918851,-26.56504822,-0.171470046,-0.034265147,0.174860164,-1.96E-06
883,7.3215355,208.902241,302.2966314,47.2703608,68.40362634,-26.56504822,0.226279817,0.276948263,-1.477291394,-26.56504822,-0.08183513,0.003543772,0.081911824,-7.63E-07
884,7.3327535,208.8976489,302.2980501,47.2693217,68.40394736,-26.56504822,0.226279817,0.275909155,-1.477612412,-26.56504822,0.355489739,0.206758037,0.411244259,-9.32E-08
885,7.348365,208.9277547,302.2824059,47.27613403,68.4004074,-26.56504822,0.226279817,0.282721485,-1.474072451,-26.56504822,0.443207252,0.089744492,0.452202103,-3.27E-08
886,7.3525918,208.9629186,302.2644644,47.28409091,68.3963476,-26.56504822,0.226279817,0.290678372,-1.470012652,-26.56504822,1.013989268,-0.189317124,1.031511129,-2.86E-09
887,7.3649003,208.9789537,302.2983167,47.28771933,68.4040077,-26.56504822,0.226279817,0.29430679,-1.477672752,-26.56504822,1.142785915,-0.133735291,1.150584537,-5.94E-10
888,7.3687693,209.0225361,302.3236713,47.29758116,68.40974492,-26.56504822,0.226279817,0.304168617,-1.483409978,-26.56504822,1.486042916,-0.330283957,1.522304516,-2.69E-10
889,7.3803424,209.0507352,302.3109212,47.30396204,68.40685983,-26.56504822,0.226279817,0.310549499,-1.480524886,-26.56504822,1.243261936,-0.588687474,1.375591939,-2.409227963
890,7.3843483,209.0888442,302.3243047,47.31258535,68.40988825,-26.56504822,0.226279817,0.319172804,-1.483553307,-26.56504822,1.502173101,-0.637415477,1.631815711,-10.43746213
891,7.396427,209.1245327,302.3420015,47.32066092,68.41389267,-26.56504822,0.226279817,0.327248381,-1.487557729,-26.71054993,1.09472418,-0.400631228,1.165729991,-11.01599296
892,7.4007767,209.1550841,302.3586479,47.3275741,68.41765944,-26.56504822,0.226279817,0.334161556,-1.491324492,-26.88515198,1.207837359,-0.586949018,1.342899935,-17.69869044
893,7.4128488,209.1823829,302.374597,47.33375127,68.42126838,-27.29255676,0.226279817,0.340338727,-1.494933436,-26.92007239,0.909034844,-0.611874675,1.095780528,-20.853216
894,7.4174124,209.2049089,302.3883575,47.33884845,68.42438211,-27.43805847,0.226279817,0.345435905,-1.498047163,-27.07255818,0.974571673,-0.73190563,1.218800967,-12.64487994
895,7.4285709,209.2373883,302.4317833,47.34619787,68.43420849,-26.73965027,0.226279817,0.352785324,-1.507873542,-27.24855705,0.69284216,-0.584181286,0.90625495,-1.958933787
896,7.432375,209.254137,302.4474462,47.34998775,68.4377527,-27.32747717,0.226279817,0.356575212,-1.511417754,-27.13825511,0.805547012,-0.88991238,1.200354128,-6.867115503
897,7.4449845,209.2642064,302.4545434,47.35226626,68.43935865,-27.44504255,0.226279817,0.358853721,-1.513023707,-26.97069301,0.652082653,-0.886712915,1.100668697,1.911680238
898,7.4490667,209.2836038,302.4875143,47.3566555,68.4468193,-26.74104708,0.226279817,0.36324296,-1.520484355,-27.0826823,0.538721105,-0.724213364,0.90261034,6.48086738
899,7.4608127,209.3017512,302.5221014,47.36076189,68.45464564,-26.60024799,0.226279817,0.367349347,-1.5283107,-26.95957845,0.374297228,-0.617584927,0.722156186,0.761662475
900,7.4642935,209.3031638,302.5231492,47.36108153,68.45488276,-27.29959672,0.226279817,0.367668991,-1.528547814,-26.93495768,0.283683765,-0.508960601,0.582681193,-1.838944623
901,7.4766188,209.3126493,302.5448574,47.36322792,68.45979488,-26.71195792,0.226279817,0.369815377,-1.533459941,-26.93003353,0.087364226,-0.200351724,0.21857109,5.8876836
902,7.480068,209.3084976,302.53852,47.36228846,68.45836084,-27.3219387,0.226279817,0.36887592,-1.532025898,-26.9290487,0.098751486,-0.322917825,0.337679993,5.539043286
903,7.4930773,209.3138798,302.5548799,47.36350635,68.46206277,-26.71642631,0.226279817,0.370093803,-1.535727828,-26.78335002,0.03555922,-0.246401955,0.248954577,6.590761349
904,7.4964124,209.3198716,302.5737328,47.36486218,68.4663288,-26.59532384,0.226279817,0.371449638,-1.539993852,-26.75421029,0.015644226,-0.304156036,0.3045581,8.481039851
905,7.5086838,209.3077168,302.5566794,47.36211179,68.46246995,-26.57110334,0.226279817,0.368699243,-1.536135002,-26.60288063,0.081544929,-0.43551984,0.443088147,8.519289267
906,7.5117562,209.3087293,302.5660116,47.36234089,68.46458164,-26.56625924,0.226279817,0.368928352,-1.538246695,-26.5726147,0.099127337,-0.538490889,0.547538735,6.348361665
907,7.5244524,209.311935,302.579537,47.36306628,68.46764216,-26.56529042,0.226279817,0.369653737,-1.541307214,-26.56656151,0.024852886,-0.319542484,0.320507512,4.604782907
908,7.5279621,209.3147506,302.5919362,47.36370339,68.47044787,-26.56509666,0.226279817,0.370290847,-1.544112923,-26.56535088,0.084743619,-0.491768893,0.499017159,2.141356934
909,7.5404455,209.3166904,302.6021085,47.36414234,68.47274965,-26.56505791,0.226279817,0.370729798,-1.546414703,-26.56510875,0.07109917,-0.37483986,0.381523279,0.17132434
910,7.5437245,209.3177819,302.6100303,47.36438932,68.47454219,-26.56505016,0.226279817,0.370976782,-1.548207244,-26.56506032,0.059009409,-0.338563467,0.343667472,0.075994787
911,7.5567159,209.3181463,302.6159246,47.36447179,68.47587596,-26.56504861,0.226279817,0.371059245,-1.549541011,-26.56505064,0.0139735,-0.213031994,0.213489787,0.007028845
912,7.5723708,209.317917,302.6200532,47.36441989,68.47681018,-26.5650483,0.226279817,0.371007353,-1.550475233,-26.5650487,0.063586602,-0.301730654,0.30835798,0.003150881
913,7.5758715,209.3172417,302.6227105,47.36426709,68.47741145,-26.56504823,0.226279817,0.370854543,-1.551076507,-26.56504831,0.288985283,-0.712776268,0.769131004,0.00019814
914,7.5885003,209.3330488,302.6577528,47.36784392,68.48534083,-26.56504822,0.226279817,0.374431376,-1.559005884,-26.56504824,0.344707093,-0.81478976,0.884706354,-3.369216569
915,7.59182,209.3506877,302.6959247,47.37183525,68.49397836,-26.56504822,0.226279817,0.378422707,-1.567643416,-26.56504822,0.539000569,-1.217708182,1.331666185,-19.56283367
916,7.6044729,209.3666217,302.7301869,47.37544078,68.50173121,-26.56504822,0.226279817,0.382028233,-1.575396264,-26.77820313,0.513302614,-1.262389787,1.362757332,-20.3386169
917,7.607632,209.3801381,302.7591459,47.37849927,68.50828403,-26.56504822,0.226279817,0.385086724,-1.581949084,-27.03398901,0.279429967,-1.353217895,1.381766905,-20.87800899
918,7.6208209,209.3701047,302.7821784,47.37622892,68.51349584,-27.63082275,0.226279817,0.382816375,-1.587160891,-27.08514619,0.061903915,-0.886409492,0.888568445,-20.91117852
919,7.6246146,209.3552482,302.8003191,47.37286719,68.5176007,-27.84397766,0.226279817,0.379454644,-1.591265755,-27.09537763,0.144083099,-0.916728258,0.927982025,-4.5287527
920,7.6369533,209.3615019,302.814925,47.37428227,68.52090573,-26.82083411,0.226279817,0.380869725,-1.59457079,-27.09742391,-0.025408876,-0.521642792,0.52226125,14.49680746
921,7.640223,209.3715568,302.8259694,47.3765575,68.52340485,-26.6162054,0.226279817,0.383144953,-1.597069908,-26.88467826,0.058509961,-0.473639558,0.477239821,16.62738166
922,7.6582814,209.3811888,302.8338575,47.37873701,68.52518976,-26.57527965,0.226279817,0.385324471,-1.598854814,-26.62897423,0.287347925,-0.279672198,0.400980509,17.51149165
923,7.6658309,209.3894447,302.8390338,47.38060516,68.52636106,-26.5670945,0.226279817,0.387192619,-1.600026119,-26.57783342,0.315613327,-0.236809729,0.394576508,17.63074864
924,7.6717651,209.3962122,302.8419759,47.38213651,68.52702679,-26.56545748,0.226279817,0.388723969,-1.600691843,-26.56760526,0.197714297,-0.082207516,0.21412384,4.626911762
925,7.6765175,209.4015891,302.8431005,47.38335319,68.52728126,-26.56513007,0.226279817,0.389940646,-1.60094632,-26.56555963,0.209546222,-0.045494838,0.214428075,1.799215033
926,7.6852939,209.4057142,302.8427636,47.38428662,68.52720505,-26.56506459,0.226279817,0.390874081,-1.600870102,-26.5651505,0.168005586,-0.006008719,0.168113003,0.444672733
927,7.6891255,209.4087596,302.841329,47.38497574,68.52688042,-26.56505149,0.226279817,0.391563203,-1.600545479,-26.56506867,0.131412849,0.048328798,0.14001789,0.100115307
928,7.701212,209.4108828,302.8390707,47.38545618,68.5263694,-26.56504887,0.226279817,0.392043642,-1.600034455,-26.56505231,0.08309534,0.072316699,0.11015689,-3.857246547
929,7.70526,209.4122262,302.8362173,47.38576015,68.52572373,-26.56504835,0.226279817,0.392347611,-1.599388785,-26.56504904,0.063854901,0.107701232,0.125207842,-16.14684055
930,7.7162721,209.4129282,302.8329862,47.38591901,68.52499261,-26.56504824,0.226279817,0.392506469,-1.598657663,-26.77820329,-0.021697982,0.048306831,0.052956136,-20.54828776
931,7.7204379,209.4131152,302.8295692,47.38596132,68.52421941,-26.56504822,0.226279817,0.392548774,-1.597884462,-27.03398905,-0.220297023,-0.126417079,0.253992237,-35.42232535
932,7.7324598,209.399944,302.8408457,47.38298094,68.52677105,-27.63082275,0.226279817,0.3895684,-1.600436102,-27.29830111,-0.264652438,-0.207504874,0.336302224,-39.64179166
933,7.7360368,209.3848752,302.8539874,47.37957118,68.52974475,-27.84397766,0.226279817,0.386158642,-1.603409802,-27.56431842,-0.342844942,-0.377665829,0.510072673,-38.82736529
934,7.7486625,209.3766906,302.8677098,47.37771917,68.53284986,-27.88660864,0.226279817,0.38430663,-1.606514912,-27.8306768,-0.361628947,-0.451402125,0.578393787,-29.70093545
935,7.7521479,209.3708908,302.8797921,47.37640679,68.53558385,-27.89513484,0.226279817,0.382994248,-1.609248902,-27.88394847,-0.357912002,-0.508383634,0.621735411,-28.96125165
936,7.7645663,209.3662937,302.8898394,47.37536656,68.53785734,-27.89684008,0.226279817,0.381954022,-1.611522394,-28.07977675,-0.16639794,-0.537817091,0.562970246,-14.75861433
937,7.768241,209.3625695,302.897913,47.37452386,68.53968424,-27.89718113,0.226279817,0.381111313,-1.613349296,-28.14697769,0.256258069,-1.464689447,1.486937583,-21.84932043
938,7.7806009,209.3628058,302.9513612,47.37457731,68.55177848,-28.82311909,0.226279817,0.381164772,-1.625443536,-28.18845316,0.403794262,-1.487316024,1.541155009,-21.24642373
939,7.7840221,209.3925394,303.025148,47.38130543,68.56847495,-28.22261332,0.226279817,0.387892884,-1.642140009,-28.3819222,0.42719695,-1.610853866,1.666537552,-18.79735633
940,7.8022676,209.4216593,303.0975193,47.38789468,68.58485111,-28.10251217,0.226279817,0.394482141,-1.658516167,-28.60578996,0.491596971,-1.730059815,1.798547899,-19.4347447
941,7.8149734,209.4235262,303.1424829,47.38831713,68.59502545,-28.86418529,0.226279817,0.39490459,-1.66869051,-28.65056351,0.499530837,-1.62372637,1.698828532,-22.35023475
942,7.8208913,209.4259499,303.171073,47.38886556,68.60149482,-29.01651992,0.226279817,0.395453018,-1.67515988,-28.77764688,0.131993579,-0.87041754,0.880368672,-12.32361077
943,7.8310711,209.4279291,303.1911752,47.38931342,68.60604356,-29.04698685,0.226279817,0.395900874,-1.679708612,-28.96020223,0.032555301,-0.758589952,0.759288195,-8.610792703
944,7.8367609,209.4311705,303.2191805,47.39004688,68.61238059,-28.85803018,0.226279817,0.396634333,-1.686045645,-28.9967133,-0.030179949,-0.662068621,0.66275613,-4.398421768
945,7.8468908,209.4250801,303.23433,47.38866873,68.61580862,-29.0152889,0.226279817,0.395256189,-1.689473675,-28.93295228,-0.004383684,-0.559689581,0.559706748,1.720026537
946,7.8531983,209.4172632,303.2431986,47.38689993,68.61781539,-29.04674064,0.226279817,0.393487392,-1.691480451,-28.82233142,0.180669836,-0.790068645,0.810462864,10.89465413
947,7.8620801,209.4259634,303.2660151,47.38886862,68.62297831,-28.69771483,0.226279817,0.395456079,-1.696643365,-28.74134861,0.229855296,-0.676934596,0.714894331,14.45849619
948,7.8661626,209.4434507,303.2948592,47.39282563,68.62950514,-28.49388257,0.226279817,0.399413092,-1.703170198,-28.62728339,0.442102532,-0.855700362,0.963160298,15.88402325
949,7.8767466,209.4609832,303.3204952,47.39679289,68.63530605,-28.45311611,0.226279817,0.403380347,-1.708971109,-28.5066017,0.526644431,-0.861204587,1.009469018,12.10550265
950,7.880542,209.4765015,303.3411635,47.40030435,68.63998288,-28.44496282,0.226279817,0.406891809,-1.713647937,-28.45565994,0.603335496,-0.886178554,1.072066299,8.69181321
951,7.892809,209.4842148,303.3599033,47.40204972,68.64422331,-28.44333216,0.226279817,0.40863718,-1.717888371,-28.47227701,0.433004298,-0.590720841,0.732423262,2.561978249
952,7.8965985,209.4943485,303.3717294,47.40434278,68.64689931,-28.44300603,0.226279817,0.410930242,-1.720564369,-28.50240584,0.416546321,-0.524112218,0.669480735,-1.725975925
953,7.9087172,209.5006471,303.3782336,47.40576802,68.64837108,-28.57696791,0.226279817,0.412355475,-1.722036134,-28.53523703,0.24194379,-0.280153426,0.370165827,-4.937590088
954,7.9120419,209.5049454,303.3813931,47.40674064,68.64908602,-28.60376028,0.226279817,0.4133281,-1.722751078,-28.56860868,0.239707174,-0.194608396,0.308758736,-5.087835672
955,7.9247424,209.5078739,303.3820914,47.40740331,68.64924404,-28.60911876,0.226279817,0.413990766,-1.722909097,-28.60208844,0.122184443,-0.044214603,0.129938329,-3.094032612
956,7.9279221,209.5097161,303.3809385,47.40782016,68.64898316,-28.61019045,0.226279817,0.414407621,-1.722648212,-28.60878439,0.10241343,0.028172374,0.10621767,-6.482031583
957,7.9405391,209.5106917,303.3783843,47.40804091,68.6484052,-28.61040479,0.226279817,0.414628365,-1.722070257,-28.58331816,0.063880068,0.063436355,0.090026853,-5.814426812
958,7.9438965,209.5109699,303.3748161,47.40810386,68.64759778,-28.61044766,0.226279817,0.41469132,-1.721262839,-28.64928814,-0.15705238,0.346072905,0.380041979,-10.55061386
959,7.9564732,209.5165212,303.3769682,47.40936,68.64808475,-28.47642913,0.226279817,0.415947461,-1.721749809,-28.73354537,-0.223244225,0.365847354,0.428581696,-11.5438349
960,7.9598138,209.5009832,303.3562889,47.40584407,68.64340544,-28.93896869,0.226279817,0.412431527,-1.717070494,-28.82146005,-0.091049685,-0.007299475,0.091341816,-18.43886192
961,7.9723487,209.4899118,303.3462667,47.40333884,68.64113763,-29.0314766,0.226279817,0.409926295,-1.714802689,-28.91010622,-0.044500582,-0.174671786,0.18025131,-16.57083744
962,7.9759103,209.5005907,303.374912,47.40575527,68.64761948,-29.04997818,0.226279817,0.412342728,-1.721284539,-29.02570411,0.404176095,-0.429254088,0.589590864,-16.80794936
963,7.9888664,209.5149907,303.4090585,47.40901368,68.65534614,-29.0536785,0.226279817,0.415601143,-1.729011201,-29.15926863,0.608306762,-0.758827898,0.972551744,-13.42219876
964,7.9922542,209.5500734,303.4286959,47.41695219,68.65978969,-29.05441856,0.226279817,0.423539645,-1.733454746,-29.18598153,0.996403126,-0.92593338,1.360210209,-13.30543907
965,8.0045874,209.5483383,303.4421654,47.41655959,68.66283757,-29.6067913,0.226279817,0.423147048,-1.736502629,-29.30176906,0.834753172,-0.590023724,1.022223485,-8.723077744
966,8.0081566,209.5757938,303.4524908,47.42277222,68.665174,-29.16504112,0.226279817,0.429359674,-1.738839056,-29.32492657,0.800556832,-0.539549767,0.96540416,-6.944710666
967,8.0202129,209.568879,303.4599702,47.42120753,68.66686644,-29.62891582,0.226279817,0.427794992,-1.740531497,-29.44000301,0.170835303,-0.352959155,0.392128634,-11.82164858
968,8.0364532,209.5746577,303.4846596,47.42251512,68.67245315,-29.16946602,0.226279817,0.429102577,-1.746118204,-29.4630183,0.120119267,-0.30477292,0.327589944,-10.30701177
969,8.0400184,209.5619689,303.490626,47.4196439,68.67380321,-29.6298008,0.226279817,0.426231358,-1.747468269,-29.57806631,-0.192192955,-0.011968376,0.192565246,-15.81729147
970,8.0526952,209.5459793,303.4909731,47.41602578,68.67388177,-29.72186775,0.226279817,0.422613238,-1.747546828,-29.60107591,-0.144397809,0.064977683,0.158344013,-14.25455733
971,8.056075,209.5486538,303.4788834,47.41663097,68.67114611,-29.74028114,0.226279817,0.423218426,-1.744811169,-29.71612277,-0.301998443,0.177447357,0.350272214,-14.21864212
972,8.0693656,209.5550673,303.4645313,47.41808223,68.66789853,-29.74396382,0.226279817,0.424669686,-1.741563583,-29.73913215,-0.197014915,0.257756822,0.324427891,-7.780271779
973,8.073084,209.5434414,303.4609433,47.4154515,68.66708663,-29.74470036,0.226279817,0.422038961,-1.740751686,-29.74373402,-0.256697621,0.148663644,0.29663875,-7.428116755
974,8.0849037,209.5287932,303.4597488,47.41213693,68.66681633,-29.74484766,0.226279817,0.418724384,-1.740481383,-29.7446544,-0.259963108,-0.144495967,0.297422094,-0.620792729
975,8.0882924,209.52005,303.4680103,47.41015851,68.66868575,-29.74487713,0.226279817,0.416745972,-1.742350804,-29.74483847,-0.319267906,-0.325649042,0.45604747,1.883425913
976,8.1008637,209.5290909,303.5044766,47.41220428,68.67693734,-29.74488302,0.226279817,0.418791734,-1.750602397,-29.74487529,-0.119993003,-0.525601989,0.539125006,2.276979747
977,8.1048518,209.5257893,303.5161338,47.41145719,68.67957512,-29.7448842,0.226279817,0.418044645,-1.75324018,-29.70184432,0.450139006,-0.989258742,1.086856928,2.37800004
978,8.1166383,209.5408368,303.5568365,47.41486214,68.68878532,-29.74488443,0.226279817,0.421449603,-1.762450375,-29.69323813,0.710855172,-0.982337579,1.212560182,3.115315318
979,8.1206671,209.5865985,303.5977052,47.42521709,68.69803309,-29.52969283,0.226279817,0.431804553,-1.771698143,-29.69151689,1.060940495,-1.095891867,1.525311023,5.844052824
980,8.1326108,209.6245892,303.624997,47.43381363,68.70420866,-29.70184616,0.226279817,0.440401086,-1.777873719,-29.64813431,1.237049596,-1.05568867,1.626274967,3.858259288
981,8.136402,209.6566432,303.6455071,47.4410668,68.70884968,-29.73627682,0.226279817,0.447654256,-1.782514735,-29.59641946,1.650098662,-1.06306403,1.962888363,3.809207291
982,8.1484165,209.6934501,303.6699522,47.44939544,68.71438112,-29.52797131,0.226279817,0.455982899,-1.788046178,-29.5860765,1.314786835,-0.633049019,1.459251686,2.843271928
983,8.1526824,209.7378309,303.685379,47.45943793,68.71787189,-29.4863102,0.226279817,0.466025388,-1.791536946,-29.5840079,1.361825245,-0.664179548,1.515157573,-2.519832673
984,8.1643528,209.7839221,303.6928749,47.46986745,68.71956806,-29.47797798,0.226279817,0.476454907,-1.793233121,-29.63538618,0.999421161,-0.448204008,1.095321638,-7.202641051
985,8.1688865,209.8030553,303.7063532,47.47419689,68.72261793,-29.69150319,0.226279817,0.480784348,-1.796282985,-29.74049215,1.091425198,-0.27411022,1.125320122,-10.74121387
986,8.1807404,209.8083535,303.7139113,47.47539578,68.72432818,-29.99316819,0.226279817,0.481983239,-1.797993233,-29.85634367,0.620816428,-0.113460355,0.63109927,-11.94507819
987,8.1846739,209.8284006,303.7067829,47.47993204,68.72271516,-30.05350119,0.226279817,0.486519493,-1.796380216,-29.9225523,0.425711749,-0.158746556,0.454346742,-15.03720598
988,8.1964247,209.8284571,303.7075642,47.47994482,68.72289197,-30.06556779,0.226279817,0.486532274,-1.796557025,-29.98758602,0.282422732,0.013701409,0.28275489,-10.65462173
989,8.2002771,209.8270636,303.7138936,47.47962949,68.72432418,-29.80902115,0.226279817,0.486216953,-1.797989235,-30.06410656,0.364138287,0.248688734,0.440956663,-10.16088996
990,8.2123243,209.8397615,303.703803,47.48250277,68.72204087,-30.01667178,0.226279817,0.489090229,-1.795705929,-30.07941067,0.099697609,0.177141265,0.203269872,-8.821695171
991,8.216858,209.8499741,303.6831529,47.48481367,68.71736817,-30.37577088,0.226279817,0.491401132,-1.791033228,-30.11252764,-0.062625933,0.134079727,0.147984393,-10.74897672
992,8.2288873,209.8409916,303.6803707,47.48278112,68.71673863,-30.13002173,0.226279817,0.489368574,-1.790403683,-30.23445682,-0.119507052,0.222788182,0.252817146,-6.960262621
993,8.2324759,209.8281373,303.684024,47.47987245,68.71756528,-30.23115266,0.226279817,0.486459906,-1.791230332,-30.28889881,-0.146079876,0.210659137,0.256352496,-7.515431013
994,8.2443174,209.8089707,303.6802681,47.47553542,68.7167154,-30.41866706,0.226279817,0.482122882,-1.790380451,-30.29978721,-0.43336499,0.078405246,0.440400497,-8.702529188
995,8.2605528,209.8165501,303.6710207,47.47725049,68.7146229,-30.28888173,0.226279817,0.483837948,-1.788287955,-30.36547868,-0.385559084,0.132103023,0.407562284,-6.283254682
996,8.2640721,209.8021371,303.6652756,47.47398912,68.71332291,-30.43021287,0.226279817,0.480576582,-1.786987961,-30.41207462,0.160336997,-0.066496789,0.173579306,-4.930683942
997,8.2763854,209.8059496,303.6478176,47.47485182,68.70937251,-30.4584791,0.226279817,0.48143928,-1.783037569,-30.38793616,0.321588792,-0.163050112,0.360561632,-4.808853639
998,8.2797905,209.8348263,303.6662269,47.48138604,68.71353815,-30.46413234,0.226279817,0.487973498,-1.787203209,-30.41656611,0.487123582,-0.347810584,0.598549569,-4.032286599
999,8.29824,209.8707015,303.699737,47.48950387,68.72112081,-30.29797478,0.226279817,0.496091328,-1.794785866,-30.4222921,0.721714835,-0.35006025,0.802131213,-0.276883488
1000,8.3052506,209.8996174,303.7243651,47.49604694,68.72669366,-30.43203148,0.226279817,0.502634401,-1.800358715,-30.4234373,0.90463196,-0.596905058,1.083814851,-1.744550811
1001,8.3112519,209.9061482,303.7148666,47.49752475,68.72454434,-30.45884282,0.226279817,0.504112205,-1.798209399,-30.3902087,0.635531334,-0.485208346,0.799579399,-0.184818356
1002,8.3162374,209.9278424,303.7349911,47.50243371,68.7290981,-30.46420509,0.226279817,0.509021168,-1.802763159,-30.41702062,0.794098752,-0.693911696,1.054564494,-0.183812617
1003,8.3250383,209.950146,303.7608504,47.50748056,68.73494956,-30.29798933,0.226279817,0.514068019,-1.808614611,-30.42238301,0.666716615,-0.607054825,0.901679879,-0.154747141
1004,8.3285508,209.9692832,303.7834285,47.51181091,68.74005853,-30.43203439,0.226279817,0.518398369,-1.813723585,-30.42345548,0.770103065,-0.872248702,1.163562,-3.108395706
1005,8.3404507,209.9848707,303.802394,47.51533805,68.74435003,-30.4588434,0.226279817,0.521925508,-1.818015084,-30.42366998,0.606782197,-0.73454231,0.95275235,-2.140236861
1006,8.3440797,209.9971103,303.8179157,47.51810763,68.74786227,-30.4642052,0.226279817,0.524695087,-1.821527331,-30.45717052,0.575664924,-0.721814029,0.923258142,-2.092384722
1007,8.3565523,210.0063729,303.8303105,47.52020357,68.75066697,-30.46527756,0.226279817,0.526791027,-1.82433203,-30.46387063,0.345621953,-0.457320278,0.57323326,-2.035669215
1008,8.3601736,210.0130602,303.8399324,47.52171677,68.7528442,-30.46549204,0.226279817,0.528304227,-1.826509258,-30.46521065,0.319944441,-0.449315763,0.551587799,-2.035033139
1009,8.3724934,210.0175587,303.8471215,47.52273469,68.75447095,-30.46553493,0.226279817,0.52932215,-1.828136004,-30.46547865,0.171421195,-0.267303964,0.317547847,-1.399628307
1010,8.3761042,210.0202397,303.8522375,47.52334135,68.75562861,-30.46554351,0.226279817,0.529928811,-1.829293665,-30.46553225,0.137959788,-0.243928575,0.280239278,-6.057171803
1011,8.3892725,210.0214364,303.8555994,47.52361214,68.75638933,-30.46554523,0.226279817,0.530199597,-1.830054382,-30.54525733,0.049276356,-0.113431498,0.123672406,-7.53510509
1012,8.3932876,210.0214495,303.8575156,47.5236151,68.75682292,-30.46554557,0.226279817,0.530202554,-1.83048798,-30.6409167,0.002462839,-0.028306647,0.028413586,-18.10769325
1013,8.406026,210.0200108,303.8546301,47.52328955,68.75616999,-30.86411741,0.226279817,0.529877008,-1.829835047,-30.73976293,-0.03777747,0.047563286,0.06074046,-19.3803639
1014,8.4093164,210.0178086,303.850361,47.52279124,68.75520399,-30.94383178,0.226279817,0.529378701,-1.828869048,-30.91377473,-0.072381933,0.122555062,0.142333719,-20.15737729
1015,8.4272708,210.0151753,303.8457003,47.52219537,68.75414937,-30.95977466,0.226279817,0.528782823,-1.827814424,-31.02829144,-0.099709495,0.188340942,0.213106297,-18.09994774
1016,8.4354497,210.0096646,303.8342354,47.52094842,68.7515551,-31.33560422,0.226279817,0.527535877,-1.825220158,-31.10958468,-0.12516859,0.239111471,0.269891593,-20.35577931
1017,8.4409638,210.0063529,303.8288515,47.52019905,68.75033683,-31.03812915,0.226279817,0.526786504,-1.824001887,-31.18423322,-0.111809091,0.214107979,0.24154399,-10.22132342
1018,8.4456625,210.003179,303.8225159,47.51948084,68.74890321,-31.27058359,0.226279817,0.5260683,-1.822568268,-31.27369113,-0.172535452,0.329943923,0.372332479,-12.61700377
1019,8.4537494,210.0001539,303.8164917,47.51879632,68.74754005,-31.31707448,0.226279817,0.525383783,-1.821205111,-31.29158271,-0.161542763,0.302437131,0.342876483,-11.59853286
1020,8.4571252,209.995129,303.8069748,47.51765929,68.74538657,-31.40706419,0.226279817,0.524246745,-1.819051625,-31.35355092,-0.139800249,0.267547677,0.301870617,-8.42485774
1021,8.4688856,209.9900618,303.7976376,47.5165127,68.74327374,-31.42506213,0.226279817,0.52310016,-1.816938797,-31.41055393,-0.138004829,0.260975225,0.295217549,-2.401479371
1022,8.4890481,209.9876392,303.7934951,47.51596451,68.74233638,-31.34797019,0.226279817,0.522551967,-1.816001438,-31.36356281,-0.083375771,0.151216212,0.172678493,-2.271277841
1023,8.4966242,209.9828221,303.7843799,47.5148745,68.74027381,-31.55559868,0.226279817,0.521461959,-1.813938864,-31.27963456,0.065397492,-0.140140022,0.154648174,0.583360035
1024,8.5041081,209.9890565,303.7969556,47.51628522,68.74311942,-31.08211888,0.226279817,0.522872675,-1.816784478,-31.29131998,0.082679068,-0.169203111,0.188322917,1.840213906
1025,8.5086326,209.9971955,303.8133289,47.5181269,68.74682437,-30.98742292,0.226279817,0.524714355,-1.820489422,-31.30979537,0.361358467,-0.620170373,0.71776823,-2.820182912
1026,8.5175549,209.9967583,303.8119748,47.51802797,68.74651797,-31.48348922,0.226279817,0.524615429,-1.820183023,-31.29697189,0.36358129,-0.711581486,0.799086708,-6.505470435
1027,8.5209865,210.0174772,303.845465,47.52271625,68.75409613,-31.44034714,0.226279817,0.529303709,-1.827761184,-31.36893722,0.621794487,-1.153666489,1.310562762,-5.551456427
1028,8.5330875,210.0103775,303.8553482,47.52110972,68.75633249,-31.49148129,0.226279817,0.527697174,-1.829997547,-31.45786032,0.599616668,-1.165545549,1.310738943,-5.17484423
1029,8.536418,210.0321545,303.8934788,47.52603741,68.76496067,-31.44194555,0.226279817,0.532624869,-1.838625728,-31.44717387,0.487962324,-1.234403399,1.327350361,-6.516377441
1030,8.548386,210.0478183,303.9399301,47.52958182,68.77547166,-31.4320384,0.226279817,0.536169276,-1.849136717,-31.47350765,0.240593061,-0.901162941,0.932727006,-2.868934778
1031,8.5525195,210.0374177,303.945592,47.52722837,68.77675283,-31.43005697,0.226279817,0.533815829,-1.850417889,-31.49529296,0.390271338,-1.245093748,1.304825719,-1.766109248
1032,8.5645262,210.0442818,303.9743588,47.52878158,68.78326219,-31.57201603,0.226279817,0.535369039,-1.856927247,-31.52812109,0.127315329,-0.822437763,0.832233781,-2.428817332
1033,8.5681056,210.0540201,304.0044845,47.53098517,68.79007902,-31.60040785,0.226279817,0.537572629,-1.863744079,-31.53468672,0.63256069,-0.751128648,0.982001666,-0.399136362
1034,8.5806261,210.0631381,304.0308986,47.53304837,68.79605602,-31.60608621,0.226279817,0.539635833,-1.869721073,-31.53599984,0.919019374,-0.696686934,1.153242947,-0.771737201
1035,8.5841752,210.1074059,304.0390815,47.5430653,68.79790763,-31.46486653,0.226279817,0.549652755,-1.871572681,-31.5077914,1.379558495,-0.581091838,1.496946681,-4.332509875
1036,8.596578,210.1547049,304.0411501,47.5537681,68.79837571,-31.4366226,0.226279817,0.560355555,-1.872040763,-31.59626592,1.385529298,-0.16990849,1.395908425,-5.777872195
1037,8.6005392,210.1972799,304.0405228,47.56340196,68.79823377,-31.43097381,0.226279817,0.569989421,-1.871898826,-31.6776211,1.369926978,-0.250914485,1.392716052,-11.14673484
1038,8.6125027,210.2314069,304.0325153,47.57112422,68.79642184,-32.04278046,0.226279817,0.57771168,-1.870086899,-31.78602349,0.895070535,-0.149139645,0.907410545,-14.70833012
1039,8.6167259,210.2330264,304.0489842,47.57149069,68.80014842,-32.01286212,0.226279817,0.578078146,-1.873813479,-31.89983531,0.987305722,-0.101252,0.992484033,-12.921653
1040,8.6283785,210.2561021,304.0496454,47.57671224,68.80029802,-32.00687845,0.226279817,0.583299694,-1.873963074,-32.01472903,0.522937082,-0.125489215,0.537783167,-8.788844471
1041,8.6325326,210.2804104,304.0459425,47.58221272,68.79946014,-32.00568172,0.226279817,0.58880018,-1.873125199,-32.00725184,0.390901179,-0.22451636,0.450789671,-8.710076786
1042,8.6443985,210.2861899,304.0504184,47.58352051,68.80047295,-32.00544237,0.226279817,0.590107973,-1.874138006,-32.0057564,0.363975707,-0.06334585,0.3694469,-3.412756257
1043,8.6478779,210.285964,304.0557031,47.58346939,68.80166875,-32.00539451,0.226279817,0.590056844,-1.87533381,-32.03591324,-0.04012477,-0.127974039,0.134116934,-1.51631294
1044,8.6609162,210.2832067,304.0601141,47.58284547,68.80266689,-32.00538493,0.226279817,0.589432924,-1.876331945,-32.04194461,-0.331370391,-0.17713519,0.375743545,-2.589866525
1045,8.6641099,210.2610139,304.0648561,47.57782369,68.8037399,-32.15766268,0.226279817,0.584411148,-1.87740496,-32.04315089,-0.399495855,-0.174717679,0.436031198,-3.098020295
1046,8.6762976,210.2538979,304.0672318,47.57621347,68.80427747,-32.03583857,0.226279817,0.582800933,-1.877942529,-32.08663433,-0.417372593,-0.094532274,0.427944193,-0.902084793
1047,8.6798991,210.2502306,304.0683979,47.57538364,68.80454134,-32.01147374,0.226279817,0.581971101,-1.8782064,-32.09533102,-0.149575916,-0.55047524,0.570434873,-15.61146647
1048,8.6923175,210.2445187,304.0652562,47.57409116,68.80383044,-32.22281172,0.226279817,0.580678614,-1.877495497,-32.06661442,0.16563239,-0.498883137,0.525660035,-20.77297429
1049,8.695882,210.2648574,304.1023736,47.57869339,68.81222936,-32.04886837,0.226279817,0.585280849,-1.885894418,-32.33042127,0.048101056,-0.405639904,0.408481876,-21.98883013
1050,8.7081909,210.2650554,304.1066176,47.5787382,68.81318968,-32.0140797,0.226279817,0.585325662,-1.886854738,-32.65273281,-0.800748077,0.151808669,0.815011261,-40.95064807
1051,8.725315,210.2105853,304.0746738,47.56641271,68.80596145,-33.35487283,0.226279817,0.573000169,-1.879626507,-32.8179306,-0.933599457,0.185151928,0.951782109,-44.30227167
1052,8.7284273,210.1490399,304.0373452,47.55248623,68.79751474,-33.62303145,0.226279817,0.559073689,-1.8711798,-33.12052032,-1.865870105,1.053963465,2.142967624,-22.17110188
1053,8.7407004,210.1073665,304.0251978,47.54305638,68.79476603,-33.04880063,0.226279817,0.549643833,-1.868431089,-33.29781378,-1.81289227,0.950235071,2.046832938,-14.16382362
1054,8.7439017,210.0596862,303.9970755,47.53226728,68.78840252,-33.56181701,0.226279817,0.538854739,-1.862067581,-33.18049781,-1.622645616,0.798080589,1.80828964,-9.157761119
1055,8.7566254,210.0747856,304.0306257,47.53568398,68.79599425,-32.900547,0.226279817,0.542271433,-1.869659308,-33.00425996,-0.719814053,0.257183766,0.76437933,12.84994221
1056,8.760685,210.0789381,304.0367015,47.5366236,68.79736909,-32.76829299,0.226279817,0.543211063,-1.871034148,-32.94181024,-0.541105694,0.232241841,0.588839235,10.20453587
1057,8.7735815,210.0811893,304.0361606,47.53713301,68.79724668,-32.74184219,0.226279817,0.543720464,-1.870911735,-32.77654564,0.144848434,-0.157029465,0.213633615,-0.384897451
1058,8.7779078,210.0835832,304.0342629,47.53767469,68.79681728,-32.73655203,0.226279817,0.544262145,-1.870482339,-32.89626616,-0.129084923,0.040860683,0.13539761,-13.50552102
1059,8.7887489,210.0864361,304.0322779,47.53832025,68.79636811,-32.735494,0.226279817,0.54490771,-1.870033167,-33.07298492,-0.154155494,-0.008370753,0.154382595,-19.63807284
1060,8.7923839,210.0687472,304.025968,47.53431762,68.79494032,-33.49914958,0.226279817,0.540905078,-1.868605374,-33.26110333,-0.020021875,-0.494323403,0.494728716,-33.05271309
1061,8.8048449,210.0745904,304.0581735,47.5356398,68.80222777,-33.6518868,0.226279817,0.542227261,-1.875892828,-33.45150167,-0.00213461,-0.644126403,0.64412994,-28.14584327
1062,8.8083624,210.0856299,304.0957964,47.53813782,68.81074108,-33.68243424,0.226279817,0.544725275,-1.884406132,-33.642356,0.13675808,-1.076521552,1.085173454,-25.35662089
1063,8.8205254,210.0971674,304.1307225,47.54074852,68.81864414,-33.68854373,0.226279817,0.547335976,-1.892309193,-33.68052808,0.390458814,-1.243280606,1.303151852,-15.02942791
1064,8.8237676,210.107971,304.1611062,47.54319317,68.82551936,-33.68976563,0.226279817,0.549780632,-1.899184419,-33.6881625,0.484120161,-1.409943336,1.490742279,-11.99153283
1065,8.8369193,210.1176986,304.186738,47.54539433,68.83131933,-33.69001001,0.226279817,0.55198179,-1.904984383,-33.68968816,0.368613726,-0.986790504,1.053390516,-1.140771231
1066,8.8402937,210.1262646,304.207886,47.54733263,68.83610468,-33.69005889,0.226279817,0.553920087,-1.909769736,-33.68999208,0.404620675,-1.024136911,1.101169516,-0.513686096
1067,8.8529477,210.1336818,304.2249146,47.54901099,68.83995791,-33.69006256,0.226279817,0.555598452,-1.91362297,-33.69005164,0.273376053,-0.637640044,0.693771786,-0.04276055
1068,8.8565697,210.1399993,304.2383042,47.55044052,68.8429877,-33.69006329,0.226279817,0.557027974,-1.916652753,-33.69006233,0.298003478,-0.648665318,0.713843658,4.316128649
1069,8.8688043,210.1452865,304.2484722,47.55163692,68.84528852,-33.69006344,0.226279817,0.558224374,-1.918953581,-33.69006325,0.195612051,-0.383126268,0.430174164,4.566963374
1070,8.8721872,210.1496296,304.2558894,47.55261966,68.84696689,-33.69006347,0.226279817,0.55920712,-1.920631943,-33.61672725,0.523446897,-0.499100154,0.723254878,9.121586867
1071,8.8847867,210.1531072,304.2609252,47.55340657,68.84810638,-33.69006348,0.226279817,0.559994026,-1.921771433,-33.60206005,0.461877319,-0.341229887,0.574254729,9.359505069
1072,8.8881365,210.1793367,304.2740173,47.55934177,68.85106886,-33.32338257,0.226279817,0.565929233,-1.924733918,-33.52579043,0.720878255,-0.416578559,0.832588226,9.524041368
1073,8.9009902,210.184269,304.2766952,47.56045786,68.85167483,-33.61672729,0.226279817,0.567045316,-1.925339882,-33.51053772,0.664951056,-0.31355444,0.735170928,4.001565444
1074,8.9046971,210.2070856,304.2859478,47.5656208,68.85376849,-33.30871533,0.226279817,0.57220826,-1.927433548,-33.5074884,0.754781609,-0.493337745,0.901708051,2.945102918
1075,8.9169533,210.2076743,304.2849193,47.565754,68.85353575,-33.61379995,0.226279817,0.57234146,-1.927200811,-33.58021594,0.383668031,-0.307281322,0.491551594,-2.83387934
1076,8.9204856,210.2156606,304.3003634,47.56756116,68.85703046,-33.67481687,0.226279817,0.574148613,-1.930695513,-33.59476267,0.381535347,-0.332318492,0.505969171,-3.257947298
1077,8.9329308,210.211054,304.2978387,47.56651876,68.85645915,-33.68702026,0.226279817,0.573106221,-1.93012421,-33.6710082,0.194322197,-0.406281539,0.45036186,-3.603552856
1078,8.9492627,210.2165513,304.3102766,47.5677627,68.85927361,-33.68946094,0.226279817,0.574350162,-1.932938669,-33.6862573,0.214787629,-0.456084707,0.504129929,-2.426912264
1079,8.9526311,210.2233502,304.3241893,47.56930114,68.86242178,-33.68994297,0.226279817,0.575888602,-1.936086836,-33.68930712,0.173790476,-0.38437899,0.421841602,-1.610111366
1080,8.9646535,210.2293643,304.3364108,47.57066202,68.86518725,-33.69004548,0.226279817,0.577249478,-1.938852306,-33.68991709,0.297965558,-0.562820869,0.636828708,-0.385222725
1081,8.9682207,210.2341981,304.3463555,47.5717558,68.86743754,-33.69006598,0.226279817,0.578343262,-1.941102593,-33.69003908,0.350717858,-0.651521931,0.739921511,-0.198746543
1082,8.980672,210.2637535,304.3929243,47.57844361,68.87797512,-33.69007008,0.226279817,0.585031065,-1.951640177,-33.6900647,0.257074766,-0.466557003,0.532693976,-0.017679574
1083,8.9845545,210.269586,304.4034908,47.57976338,68.8803661,-33.6900709,0.226279817,0.586350835,-1.954031154,-33.69006982,0.20740836,-0.391499076,0.443045996,-6.160007411
1084,8.9964083,210.2689842,304.4040038,47.5796272,68.88048218,-33.69007106,0.226279817,0.586214655,-1.954147239,-33.69007085,0.230411455,-0.394834425,0.457147309,-8.739643326
1085,9.0006652,210.2664419,304.401271,47.57905193,68.87986381,-33.6900711,0.226279817,0.585639391,-1.953528868,-33.8210232,0.331628721,-0.516090083,0.613454629,-16.31207417
1086,9.0128163,210.2890836,304.4360416,47.5841753,68.8877317,-33.6900711,0.226279817,0.590762754,-1.961396754,-33.97816582,0.327452896,-0.478480278,0.579800635,-19.08735574
1087,9.0171048,210.3088546,304.4635713,47.58864907,68.8939611,-34.34483185,0.226279817,0.595236531,-1.967626153,-34.14054649,0.497408598,-0.696311315,0.855724699,-27.99983021
1088,9.0288811,210.3254589,304.4858345,47.59240629,68.89899882,-34.475784,0.226279817,0.598993744,-1.97266388,-34.30397478,0.511782157,-0.813934655,0.961462739,-22.38614261
1089,9.0325532,210.3390628,304.5036684,47.59548457,68.90303427,-34.50197443,0.226279817,0.602072029,-1.976699328,-34.46761258,0.504218849,-0.819822071,0.962468117,-20.13146333
1090,9.0447018,210.335666,304.5274445,47.59471594,68.90841432,-34.50721251,0.226279817,0.601303398,-1.982079379,-34.50034014,0.323187099,-0.553842514,0.6412421,-12.57950863
1091,9.0486473,210.3423584,304.5392479,47.59623031,68.91108519,-34.50826013,0.226279817,0.602817765,-1.98475025,-34.50688566,0.326941869,-0.508375259,0.604430633,-9.816009983
1092,9.061182,210.3500053,304.546044,47.59796065,68.91262301,-34.50846965,0.226279817,0.60454811,-1.986288062,-34.50819476,0.179300025,-0.295556857,0.345691126,-0.904444927
1093,9.0655287,210.3564947,304.5498945,47.59942907,68.9134943,-34.50851156,0.226279817,0.606016523,-1.987159354,-34.50845658,0.240235466,-0.209141958,0.318517563,-4.956981912
1094,9.0768298,210.3614931,304.5516353,47.60056009,68.91388821,-34.50851994,0.226279817,0.607147549,-1.987553268,-34.50850894,0.172207877,-0.069878951,0.18584569,-4.87551949
1095,9.0802001,210.3650887,304.5517958,47.60137371,68.91392454,-34.50852161,0.226279817,0.607961167,-1.987589596,-34.58587964,0.500990808,0.343202494,0.607272379,-9.727890115
1096,9.0925629,210.3674753,304.5507374,47.60191376,68.91368502,-34.50852195,0.226279817,0.608501215,-1.98735008,-34.60135379,0.408096796,0.377994319,0.556257764,-11.17845277
1097,9.0958648,210.3934779,304.5223889,47.60779761,68.90727035,-34.89532316,0.226279817,0.614385066,-1.980935404,-34.68180884,0.04913026,0.30829724,0.312187396,-17.11830276
1098,9.1086435,210.3863257,304.5238849,47.60617922,68.90760885,-34.58588226,0.226279817,0.612766675,-1.98127391,-34.77526008,-0.088574966,0.291475274,0.304636439,-12.81804928
1099,9.1118771,210.3621072,304.5293629,47.60069907,68.90884843,-34.91079523,0.226279817,0.607286526,-1.982513483,-34.87131056,-0.376478772,0.233466277,0.442992967,-16.71894734
1100,9.1250767,210.3360255,304.5348981,47.59479729,68.91010092,-34.97577782,0.226279817,0.601384746,-1.983765979,-34.89052066,-0.816263112,-0.169621332,0.833700705,-12.12699178
1101,9.1289889,210.3118926,304.5395778,47.5893365,68.91115984,-34.98877434,0.226279817,0.595923958,-1.984824898,-34.97172291,-1.025858228,-0.200331665,1.045235801,-8.153456527
1102,9.1405355,210.2906158,304.5432883,47.584522,68.91199946,-34.99137364,0.226279817,0.591109457,-1.985664512,-34.98796336,-0.744094134,-0.131089226,0.755553086,-2.0678749
1103,9.1440602,210.272319,304.5460928,47.58038181,68.91263405,-34.9918935,0.226279817,0.586969263,-1.986299104,-34.94371206,-0.57574147,-0.105461165,0.585320679,-1.427658433
1104,9.1562839,210.2568729,304.5480985,47.57688667,68.91308791,-34.99199747,0.226279817,0.583474126,-1.986752963,-34.9348618,-0.364507299,-0.055343342,0.368684765,3.046441986
1105,9.1726527,210.2854211,304.5456931,47.58334654,68.91254362,-34.75452132,0.226279817,0.589933996,-1.986208678,-34.90628632,-0.192267556,-0.014244009,0.192794463,4.082253203
1106,9.1761929,210.2801069,304.5460073,47.58214406,68.91261472,-34.94452304,0.226279817,0.588731514,-1.986279772,-34.90057123,-0.043511288,0.027458336,0.051450874,2.065535327
1107,9.1890867,210.3054203,304.5384412,47.58787195,68.91090266,-34.84849628,0.226279817,0.594459406,-1.984567714,-34.85192882,0.113956876,0.044916468,0.122489422,2.722817916
1108,9.1930237,210.2979241,304.5379459,47.58617572,68.91079057,-34.96331803,0.226279817,0.592763182,-1.984455627,-34.84220034,0.392411934,0.071799089,0.398926353,1.549246049
1109,9.2053528,210.325244,304.5352128,47.59235765,68.91017213,-34.74878543,0.226279817,0.598945111,-1.983837184,-34.79275525,0.682821673,-0.065533311,0.68595922,1.16841646
1110,9.2094566,210.3576515,304.532172,47.59969082,68.90948407,-34.70587891,0.226279817,0.606278276,-1.983149123,-34.80967166,1.196649535,-0.551590344,1.317657777,-1.880099961
1111,9.2211288,210.4150316,304.568628,47.61267478,68.91773332,-34.69729761,0.226279817,0.619262242,-1.991398379,-34.81305433,1.364980631,-0.557179637,1.474320614,-3.336562001
1112,9.2253289,210.4709645,304.6112732,47.62533126,68.92738307,-34.9330783,0.226279817,0.63191872,-2.001048125,-34.86122964,1.373963346,-0.462366186,1.449675055,-8.477715015
1113,9.2372039,210.4925237,304.6112457,47.63020968,68.92737685,-34.98023138,0.226279817,0.636797133,-2.001041905,-34.91836348,1.039067081,-0.449701073,1.132206453,-8.59326007
1114,9.2415835,210.5030977,304.6010994,47.63260235,68.92508094,-34.989662,0.226279817,0.63918981,-1.998745994,-35.01338034,0.855838349,-0.092630488,0.86083662,-9.172114156
1115,9.253306,210.5089226,304.5891329,47.63392042,68.92237316,-34.99154812,0.226279817,0.640507879,-1.996038213,-35.06847441,0.341604151,0.485979461,0.594028141,-7.283019506
1116,9.2567666,210.5119238,304.5726372,47.63459953,68.91864052,-35.17238189,0.226279817,0.641186988,-1.992305579,-35.07949322,0.286044031,0.622094772,0.684706575,-6.579529989
1117,9.269091,210.5360086,304.5402006,47.64004943,68.91130078,-35.20854864,0.226279817,0.646636892,-1.984965832,-35.10444479,0.260434775,0.596074351,0.65048513,-2.032807345
1118,9.2729485,210.5382761,304.5285896,47.64056253,68.90867343,-35.03532545,0.226279817,0.64714999,-1.982338487,-35.10943571,0.576033224,0.088252296,0.582754445,-1.840329245
1119,9.2848386,210.5602549,304.5078798,47.64553589,68.90398723,-35.11441983,0.226279817,0.652123345,-1.977652285,-35.09709039,0.62087728,-0.276977942,0.67985688,-1.805103606
1120,9.288186,210.5852618,304.5420243,47.65119444,68.91171343,-35.01650274,0.226279817,0.657781895,-1.985378487,-35.10960118,0.757817084,-0.81337155,1.111692408,-5.577649556
1121,9.3010167,210.6091031,304.584412,47.65658924,68.92130492,-35.11065528,0.226279817,0.663176697,-1.994969976,-35.14819526,0.857683001,-0.988559115,1.30876631,-6.360101106
1122,9.304477,210.6263358,304.6163178,47.66048866,68.92852457,-35.27110261,0.226279817,0.667076121,-2.002189622,-35.22047157,1.010375725,-1.369872035,1.702177576,-14.81110016
1123,9.3170634,210.6615087,304.6271553,47.66844758,68.93097687,-35.22829584,0.226279817,0.675035039,-2.004641926,-35.28599739,0.788369804,-0.952935693,1.236775398,-15.94874132
1124,9.3208486,210.6812768,304.6524553,47.67292071,68.93670175,-35.47580138,0.226279817,0.679508164,-2.010366807,-35.44201088,0.825769879,-0.894367459,1.217287577,-22.18407535
1125,9.3330952,210.7126891,304.6645482,47.68002866,68.93943811,-35.34413183,0.226279817,0.686616113,-2.013103169,-35.55744331,0.619059085,-0.523127171,0.810491325,-19.14766198
1126,9.3366727,210.7222931,304.671737,47.68220185,68.94106481,-35.89072273,0.226279817,0.688789304,-2.014729862,-35.67973878,0.519240391,-0.619435964,0.808276869,-22.93398073
1127,9.3493724,210.7275322,304.6846579,47.68338736,68.94398854,-35.84826479,0.226279817,0.689974815,-2.017653594,-35.75219348,0.344606328,-0.313208593,0.465674934,-14.50586677
1128,9.3534623,210.7299406,304.6968832,47.68393233,68.94675487,-35.8397732,0.226279817,0.690519791,-2.020419927,-35.85091416,0.485922814,-0.164138918,0.512896252,-15.9406777
1129,9.3649479,210.7456031,304.695934,47.68747645,68.94654011,-35.83807488,0.226279817,0.694063905,-2.020205161,-35.84030307,0.359612302,-0.092580809,0.371338409,-9.322926121
1130,9.3688316,210.767692,304.6869764,47.69247471,68.94451316,-35.83773521,0.226279817,0.699062166,-2.01817822,-35.90477143,0.02653018,-0.00985601,0.028301791,-8.326875177
1131,9.3805974,210.7664393,304.6920154,47.69219125,68.94565339,-35.83766728,0.226279817,0.698778707,-2.019318449,-35.9176651,0.003931472,0.138774583,0.138830261,-4.591074772
1132,9.3841544,210.7417273,304.6891324,47.68659943,68.94500103,-36.17060658,0.226279817,0.693186886,-2.018666083,-35.92024384,0.027807115,0.0319605,0.042364008,-4.935466008
1133,9.3964477,210.7428278,304.6855048,47.68684844,68.94418019,-35.90424155,0.226279817,0.693435895,-2.017845242,-35.98734894,0.142905817,-0.472641882,0.493773654,-0.046426915
1134,9.413264,210.7746313,304.7238054,47.69404495,68.95284683,-35.85096855,0.226279817,0.700632405,-2.026511888,-36.00076996,0.157313109,-0.45005561,0.47675724,-0.830818454
1135,9.4175405,210.8098306,304.7616246,47.70200983,68.96140454,-36.17326073,0.226279817,0.708597291,-2.035069601,-35.96721881,0.400058421,-0.316513047,0.510124738,-3.788591241
1136,9.4294738,210.8123591,304.7607797,47.70258197,68.96121336,-35.90477238,0.226279817,0.70916943,-2.034878419,-36.02709794,0.490503325,-0.429855501,0.652203391,-2.976719468
1137,9.434538,210.8043395,304.7417315,47.70076729,68.95690314,-36.00285084,0.226279817,0.707354752,-2.030568196,-36.10566312,0.386498515,-0.249052389,0.459791469,-5.018840841
1138,9.4457671,210.8277862,304.766541,47.70607282,68.96251703,-36.20363718,0.226279817,0.712660279,-2.036182081,-36.12137615,0.106887162,0.043770808,0.11550216,-7.503472263
1139,9.4507113,210.8257744,304.7580491,47.70561758,68.96059549,-36.24379445,0.226279817,0.712205039,-2.034260549,-36.17580538,0.425907856,-0.318666381,0.531926465,-6.986333553
1140,9.4610047,210.8469007,304.7824765,47.71039805,68.9661229,-36.25182591,0.226279817,0.716985511,-2.039787961,-36.22292536,0.578277217,-0.58883505,0.825306765,-3.660143998
1141,9.4648795,210.8750362,304.8132339,47.71676454,68.97308269,-36.17691853,0.226279817,0.723351994,-2.046747741,-36.23234935,0.666332401,-0.728565939,0.987323248,-3.251929045
1142,9.4768908,210.8964553,304.8397602,47.72161124,68.97908506,-36.23845072,0.226279817,0.7281987,-2.052750114,-36.21893142,0.754541494,-0.884330532,1.162485852,-1.30505842
1143,9.4810724,210.9133228,304.86191,47.72542802,68.9840971,-36.25075716,0.226279817,0.732015481,-2.05776216,-36.21624783,0.43760859,-0.47246269,0.643989341,-0.545259902
1144,9.4926595,210.9311925,304.8818898,47.72947157,68.98861815,-36.17670478,0.226279817,0.73605903,-2.062283205,-36.23101385,0.118671976,-0.130664592,0.176511397,-1.341213505
1145,9.496452,210.912417,304.8563749,47.72522305,68.98284462,-36.23840797,0.226279817,0.731810507,-2.05650968,-36.23396705,0.114653026,-0.15615531,0.193726088,-7.938242507
1146,9.5119172,210.9157225,304.8623329,47.72597103,68.9841928,-36.25074861,0.226279817,0.732558483,-2.057857852,-36.33312825,-0.108220327,0.046798764,0.11790574,-9.695743222
1147,9.5161128,210.9228317,304.8739618,47.72757969,68.9868242,-36.25321674,0.226279817,0.73416715,-2.060489252,-36.46683378,-0.200904668,0.12112806,0.234594741,-12.43970632
1148,9.5314965,210.9091251,304.8864592,47.72447817,68.9896521,-36.74656315,0.226279817,0.731065632,-2.063317159,-36.59214544,-0.084593024,-0.234256431,0.249062351,-16.05550212
1149,9.5397419,210.9049546,304.8871345,47.72353447,68.98980491,-36.84523243,0.226279817,0.730121931,-2.063469968,-36.71577833,-0.24856133,-0.28516622,0.378288921,-15.76721488
1150,9.5462802,210.8893894,304.8944902,47.72001239,68.99146936,-36.86496629,0.226279817,0.726599845,-2.065134419,-36.83907547,-0.436757625,-0.203351047,0.481776786,-9.548120268
1151,9.5512414,210.8724748,304.9019825,47.71618494,68.99316472,-36.86891306,0.226279817,0.722772396,-2.066829777,-36.86373489,-0.556912166,-0.219886195,0.598749613,-7.969172856
1152,9.5576252,210.8567448,304.9081357,47.71262556,68.99455706,-36.86970241,0.226279817,0.719213019,-2.068222115,-36.86866678,-0.582194557,-0.229230003,0.625697128,-4.973826925
1153,9.5615549,210.8428102,304.9127639,47.70947244,68.99560433,-36.86986028,0.226279817,0.716059894,-2.069269383,-36.86965316,-0.60066456,-0.204244512,0.634439701,-1.204447471
1154,9.5728695,210.8307663,304.9160267,47.70674716,68.99634262,-36.86989186,0.226279817,0.713334616,-2.07000768,-36.86985043,-0.466814184,-0.138595,0.486953855,-0.210440207
1155,9.5765304,210.820557,304.9181241,47.704437,68.99681723,-36.86989817,0.226279817,0.711024459,-2.070482286,-36.86988989,-0.400419772,-0.097243321,0.412058561,-0.055973091
1156,9.5953275,210.8120652,304.9192435,47.70251548,68.99707054,-36.86989943,0.226279817,0.709102934,-2.070735595,-36.86989778,-0.203656713,-0.148329803,0.251947985,-0.00578302
1157,9.6022781,210.8051358,304.9195921,47.70094748,68.9971494,-36.86989969,0.226279817,0.707534935,-2.070814459,-36.86989936,-0.093218505,-0.261790993,0.27789245,-0.00229839
1158,9.6079819,210.8097091,304.9327484,47.70198233,69.0001264,-36.86989974,0.226279817,0.708569787,-2.073791461,-36.86989967,0.072640825,-0.306019573,0.314522922,-0.000143212
1159,9.6131049,210.8167576,304.9470695,47.70357726,69.003367,-36.86989975,0.226279817,0.710164716,-2.077032054,-36.86989973,0.113180979,-0.335087434,0.353685626,-5.93E-05
1160,9.6213202,210.8239556,304.9598051,47.70520603,69.0062488,-36.86989975,0.226279817,0.711793493,-2.079913856,-36.86989975,0.232546796,-0.437649912,0.495596063,-4.636386863
1161,9.6364552,210.8306761,304.9704277,47.70672674,69.00865247,-36.86989975,0.226279817,0.713314201,-2.082317525,-36.86989975,0.208138594,-0.348046315,0.405534107,-4.804152776
1162,9.6401509,210.8367393,304.9789884,47.70809872,69.0105896,-36.86989975,0.226279817,0.714686182,-2.084254659,-36.95557297,0.321377873,-0.436849559,0.542329489,-4.88612935
1163,9.6605764,210.8421003,304.9856605,47.70931181,69.01209935,-36.86989975,0.226279817,0.715899272,-2.085764411,-36.97270761,0.328683344,-0.416682012,0.530713331,-4.905389566
1164,9.6689369,210.8745227,305.0254373,47.71664835,69.02110005,-37.29826584,0.226279817,0.723235808,-2.094765107,-36.97613454,0.314042218,-0.37914983,0.492318097,-9.867260077
1165,9.6760539,210.8819074,305.0332987,47.71831934,69.02287892,-36.95557297,0.226279817,0.7249068,-2.096543979,-36.97681993,0.23020419,-0.244427501,0.335765949,-9.332246151
1166,9.6825414,210.8826892,305.0324717,47.71849626,69.02269179,-36.88703439,0.226279817,0.725083718,-2.096356843,-37.1377706,0.456111168,-0.484817225,0.665646406,-19.23034185
1167,9.6877753,210.88158,305.0290148,47.71824528,69.02190957,-36.87332668,0.226279817,0.724832737,-2.095574622,-37.24510112,0.416879879,-0.4168461,0.589533293,-24.83821039
1168,9.6922943,210.9053239,305.0544949,47.72361803,69.02767519,-37.67465313,0.226279817,0.730205492,-2.10134025,-37.47253951,0.582361667,-0.76636651,0.962529345,-37.72942244
1169,9.7011332,210.9319393,305.0832725,47.72964057,69.03418697,-37.83491842,0.226279817,0.736228029,-2.107852029,-37.72399948,0.641619403,-0.841064377,1.057858566,-34.14489163
1170,9.7044035,210.9472907,305.112142,47.73311428,69.04071956,-38.09276493,0.226279817,0.739701734,-2.114384614,-37.93510507,0.862179191,-1.075492413,1.378418255,-34.46120197
1171,9.7170917,210.9654337,305.1314672,47.73721966,69.04509247,-38.14433424,0.226279817,0.743807119,-2.118757522,-38.02248488,0.633590432,-0.890960803,1.093273976,-24.99635757
1172,9.7208903,210.9831416,305.1486352,47.7412266,69.04897725,-37.92885464,0.226279817,0.747814057,-2.122642302,-38.10638968,0.472882617,-0.913455815,1.028600747,-23.48457285
1173,9.7335523,210.9857146,305.1683997,47.74180882,69.05344954,-38.11155218,0.226279817,0.748396282,-2.127114592,-38.14444078,0.289321842,-0.528914365,0.602874393,-13.16487519
1174,9.7377659,210.9834396,305.1842126,47.74129404,69.0570277,-38.25444239,0.226279817,0.747881498,-2.130692753,-38.23246421,0.170672907,-0.508646858,0.53651735,-17.78168277
1175,9.7488187,210.9904926,305.1878683,47.74289,69.05785491,-38.28302044,0.226279817,0.749477454,-2.131519965,-38.37564079,-0.103348964,-0.343428897,0.358642462,-13.37272521
1176,9.7524572,210.9861562,305.1917806,47.74190875,69.05874018,-38.58445138,0.226279817,0.748496204,-2.132405234,-38.48468932,-0.375725344,-0.416578259,0.560987504,-16.41366024
1177,9.7648581,210.9688787,305.2025548,47.7379992,69.06117816,-38.64473757,0.226279817,0.744586654,-2.134843221,-38.48522949,-0.353761329,-0.316626841,0.474762713,-12.41983876
1178,9.7681119,210.9499566,305.212893,47.73371752,69.06351749,-38.6567948,0.226279817,0.740304979,-2.137182548,-38.54448059,-0.569717166,-0.405746012,0.699433682,-9.972542003
1179,9.7809757,210.9492544,305.2327582,47.73355863,69.06801257,-38.25714326,0.226279817,0.740146088,-2.141677626,-38.55633081,-0.570410377,-0.368573957,0.679127941,-5.086371406
1180,9.7842794,210.9355978,305.2403566,47.7304684,69.06973194,-38.57927594,0.226279817,0.737055855,-2.143396996,-38.55870085,-0.68620117,-0.342395387,0.766881116,-14.31614603
1181,9.7969009,210.9203618,305.2435608,47.72702082,69.07045699,-38.64370248,0.226279817,0.733608274,-2.144122049,-38.6286225,-0.494562702,-0.196333659,0.532108233,-10.24181243
1182,9.8004479,210.9063447,305.2445908,47.72384903,69.07069005,-38.65658779,0.226279817,0.730436485,-2.144355104,-38.79246705,-0.714196732,-0.107042039,0.722173781,-13.50772166
1183,9.8126477,210.8870591,305.2439785,47.71948507,69.0705515,-39.00640301,0.226279817,0.726072525,-2.14421656,-38.7660929,-0.489157211,-0.056935076,0.492459521,-14.70723154
1184,9.8163677,210.8688023,305.2423835,47.71535393,69.07019058,-39.07636605,0.226279817,0.721941383,-2.143855639,-38.8302657,-0.553214862,-0.03773101,0.554500056,-14.46373583
1185,9.8286213,210.8790811,305.2569994,47.71767981,69.07349786,-38.44740517,0.226279817,0.724267266,-2.147162921,-38.91254789,-0.422707588,-0.007797326,0.422779497,-7.133432924
1186,9.8324284,210.8690966,305.2563504,47.71542052,69.07335101,-38.96456648,0.226279817,0.722007982,-2.147016064,-38.92900372,-0.369980859,-0.005519217,0.370022024,-8.285595087
1187,9.8447088,210.8559804,305.2517936,47.71245258,69.0723199,-39.06799875,0.226279817,0.719040043,-2.145984956,-39.04617001,-0.229588181,-0.041312848,0.233275554,-5.241185088
1188,9.8676533,210.8464414,305.2494871,47.71029411,69.07179799,-39.08868215,0.226279817,0.716881565,-2.145463043,-39.12874633,-0.169189936,-0.097373617,0.195209774,-3.997856183
1189,9.8757941,210.8317428,305.2524352,47.70696811,69.0724651,-39.66219749,0.226279817,0.713555571,-2.146130151,-39.1452616,0.080426944,-0.272732614,0.284344108,-7.715837047
1190,9.8824228,210.8461498,305.2685531,47.71022813,69.07611225,-38.86028679,0.226279817,0.716815589,-2.149777307,-39.14856465,0.22885906,-0.415231742,0.474124318,-2.80472034
1191,9.8874217,210.860612,305.2870708,47.71350063,69.08030243,-39.04714281,0.226279817,0.720088092,-2.153967487,-39.26310099,0.128389355,-0.422022608,0.441120061,-10.19178559
1192,9.8934803,210.8740123,305.3038997,47.71653284,69.08411045,-39.08451401,0.226279817,0.723120298,-2.157775511,-39.17213314,0.262036562,-0.470867617,0.538868697,-12.38767286
1193,9.8975541,210.8632746,305.3041014,47.71410313,69.08415611,-39.66136386,0.226279817,0.720690592,-2.157821168,-39.33726171,0.197539933,-0.521393496,0.557560044,-26.15771377
1194,9.908847,210.8762343,305.3203796,47.71703565,69.08783953,-39.20735822,0.226279817,0.723623104,-2.161504589,-39.48416133,0.119523382,-0.457647061,0.472997539,-22.4670913
1195,9.9127486,210.8791538,305.3342224,47.71769627,69.09097188,-39.68592965,0.226279817,0.724283724,-2.164636934,-39.75473144,0.249891087,-0.742598154,0.78351616,-28.11307493
1196,9.9248837,210.8933419,305.3620819,47.72090675,69.09727592,-39.78164089,0.226279817,0.72749421,-2.170940977,-39.80884424,0.419349486,-0.827001676,0.927246334,-20.13991965
1197,9.9280702,210.909569,305.3909966,47.72457861,69.10381872,-40.43736455,0.226279817,0.731166071,-2.177483777,-39.85095464,0.846346974,-1.294376599,1.546516724,-13.06401458
1198,9.9406685,210.9235364,305.4151167,47.72773914,69.10927662,-39.93192787,0.226279817,0.734326602,-2.182941678,-39.85937672,0.880394093,-1.287180732,1.559464009,4.456478707
1199,9.9442848,210.9618068,305.4576763,47.73639897,69.118907,-39.41791023,0.226279817,0.742986429,-2.192572051,-39.77847508,1.330570777,-1.741047093,2.191269854,8.108079094
1200,9.9566702,210.9803923,305.4996501,47.74060451,69.12840482,-39.72804005,0.226279817,0.747191964,-2.202069879,-39.5523924,1.231841252,-1.456583049,1.907633887,9.56371863
1201,9.959947,211.016819,305.5400355,47.74884712,69.13754323,-39.37713267,0.226279817,0.755434575,-2.211208285,-39.50717648,1.472340179,-1.499542354,2.101526321,13.43653266
1202,9.9723342,211.0528765,305.5745764,47.7570062,69.14535915,-39.30695119,0.226279817,0.763593659,-2.219024202,-39.58071996,1.055988029,-0.975378745,1.437523709,7.843271848
1203,9.9759649,211.076196,305.5849741,47.76228293,69.14771192,-39.70584825,0.226279817,0.768870388,-2.221376974,-39.51284199,1.262545975,-1.037472343,1.634127046,-5.384282817
1204,9.9882995,211.0932525,305.5872759,47.76614248,69.14823278,-39.78562766,0.226279817,0.772729936,-2.221897838,-39.58185307,0.818647281,-0.503828004,0.961262726,-8.644713156
1205,9.9917519,211.1141907,305.6037129,47.77088036,69.15195214,-39.38865019,0.226279817,0.777467822,-2.225617194,-39.74716712,0.697921504,-0.425086201,0.817185845,-7.764986586
1206,10.0049591,211.1314644,305.6107518,47.77478906,69.15354491,-39.72218805,0.226279817,0.781376518,-2.227209962,-39.78022932,0.467250756,-0.329691225,0.571856252,-13.55394729
1207,10.0092569,211.1325098,305.6152581,47.77502562,69.15456459,-40.13352147,0.226279817,0.781613075,-2.228229651,-39.78684115,1.021944364,-0.0346158,1.022530457,-15.28043966
1208,10.0209513,211.1480147,305.624098,47.77853406,69.15656488,-39.87115925,0.226279817,0.785121518,-2.230229941,-39.9066999,0.982377015,0.289584428,1.024169781,-5.329360565
1209,10.025163,211.2054607,305.5974231,47.79153293,69.15052889,-39.81868681,0.226279817,0.798120392,-2.224193946,-39.96662135,1.561865363,0.626234314,1.682733736,-8.397896994
1210,10.0363787,211.263676,305.5704755,47.80470587,69.14443118,-39.9879439,0.226279817,0.811293331,-2.218096235,-39.94563018,1.70690769,0.755950543,1.866814154,-10.35069486
1211,10.0400057,211.3148623,305.545428,47.81628831,69.13876344,-40.02179532,0.226279817,0.82287577,-2.2124285,-40.01035773,2.017897927,1.014188817,2.258426665,-14.83625887
1212,10.0524156,211.3576539,305.5228698,47.82597118,69.13365897,-40.02856561,0.226279817,0.832558635,-2.207324023,-40.15061952,1.438574871,0.782436064,1.637590868,-13.79830838
1213,10.0560701,211.3876122,305.504779,47.83275013,69.1295654,-40.19479698,0.226279817,0.839337592,-2.203230455,-40.27003784,1.21251067,0.709031058,1.404602138,-15.53500383
1214,10.0688223,211.3983061,305.4893158,47.83516995,69.12606638,-40.51999577,0.226279817,0.84175741,-2.199731436,-40.38528748,0.566025128,0.536760829,0.780061942,-16.55869916
1215,10.0856188,211.4015861,305.4762032,47.83591215,69.12309926,-40.58503553,0.226279817,0.842499612,-2.196764312,-40.49970337,0.512987982,0.355180905,0.623947229,-14.57697148
1216,10.0891579,211.4009756,305.4652346,47.83577401,69.12061729,-40.59804348,0.226279817,0.842361466,-2.194282342,-40.58097705,0.614355752,-0.211447872,0.649725475,-11.19070393
1217,10.1008203,211.427522,305.490828,47.84178093,69.12640856,-40.60064507,0.226279817,0.84836839,-2.200073617,-40.59723179,0.668942499,-0.3729788,0.765896372,-10.10733358
1218,10.1042082,211.4628833,305.5164753,47.84978248,69.13221203,-40.60116539,0.226279817,0.856369934,-2.205877087,-40.65057673,1.155575884,-0.846114708,1.432224048,-11.31912265
1219,10.1166021,211.488226,305.5456838,47.85551702,69.13882132,-40.60126946,0.226279817,0.862104475,-2.212486373,-40.69545226,1.236708282,-1.081207207,1.642697902,-7.195262154
1220,10.1199571,211.5249572,305.57814,47.86382854,69.14616551,-40.85176024,0.226279817,0.870416001,-2.219830562,-40.73863391,1.320813723,-1.167122365,1.76259,-8.100479176
1221,10.1382254,211.5545563,305.6164207,47.87052621,69.15482765,-40.82242114,0.226279817,0.87711367,-2.228492708,-40.78147678,0.992047982,-0.952062434,1.374984392,-4.712815331
1222,10.1454511,211.5844322,305.6459951,47.87728654,69.16151975,-40.81655332,0.226279817,0.883873996,-2.235184808,-40.8242519,1.072651745,-1.012781723,1.475231705,-4.565972223
1223,10.1515994,211.6039404,305.6633222,47.88170084,69.16544052,-40.81537976,0.226279817,0.888288302,-2.239105577,-40.81691947,0.627272729,-0.62323891,0.884249861,-2.766999984
1224,10.1565953,211.6230539,305.6817989,47.88602584,69.16962142,-40.81514504,0.226279817,0.8926133,-2.243286474,-40.83134044,0.652851836,-0.634377368,0.910302238,-2.652154849
1225,10.1653479,211.6327418,305.691133,47.88821802,69.17173354,-40.8150981,0.226279817,0.894805474,-2.2453986,-40.86526528,0.479418827,-0.465397169,0.668159365,-1.491324748
1226,10.1691791,211.6411147,305.7001041,47.89011263,69.17376352,-40.89452597,0.226279817,0.896700092,-2.24742858,-40.87205025,0.564517119,-0.624892394,0.842122367,0.150897055
1227,10.1809069,211.6446613,305.7043153,47.89091516,69.17471642,-40.98617753,0.226279817,0.897502622,-2.248381481,-40.87340724,0.468553092,-0.540180498,0.715078297,1.104399142
1228,10.1845156,211.6628972,305.7272034,47.89504158,69.17989554,-40.8493046,0.226279817,0.901629038,-2.2535606,-40.8394721,0.718393512,-0.719447801,1.016707616,0.660956049
1229,10.1965704,211.683455,305.7492218,47.8996934,69.18487787,-40.82193001,0.226279817,0.906280857,-2.258542923,-40.81679762,0.667628937,-0.677673046,0.951298667,-0.048063525
1230,10.2004696,211.7092968,305.7688255,47.90554088,69.18931379,-40.64542238,0.226279817,0.912128338,-2.26297885,-40.84055618,0.802435958,-0.877794157,1.189296451,-4.045163314
1231,10.2125247,211.7221202,305.7859259,47.90844255,69.19318325,-40.78115357,0.226279817,0.915030007,-2.26684831,-40.904642,0.596772475,-0.627350997,0.865856027,-7.137834652
1232,10.2161141,211.7338977,305.803087,47.91110755,69.19706647,-41.10497034,0.226279817,0.917695011,-2.270731528,-40.97679327,0.522367309,-0.673257672,0.852140539,-12.77091048
1233,10.2339321,211.7429646,305.8174939,47.91315922,69.20032645,-41.16973369,0.226279817,0.91974668,-2.273991509,-41.08476417,0.20314243,-0.544819913,0.581459873,-14.69330216
1234,10.2397358,211.7433202,305.8339816,47.91323968,69.2040573,-41.18268636,0.226279817,0.919827139,-2.277722357,-41.23731111,0.18178162,-0.531541306,0.561765714,-20.57114173
1235,10.2462386,211.7405481,305.8482201,47.9126124,69.20727919,-41.1852769,0.226279817,0.919199862,-2.280944246,-41.33943854,0.027452872,-0.303710791,0.30494902,-18.53216613
1236,10.2505213,211.7430823,305.8530386,47.91318584,69.20836951,-41.54388827,0.226279817,0.919773301,-2.282034571,-41.48807081,0.04111797,-0.28175149,0.284736,-21.04594022
1237,10.2664639,211.7410265,305.8490018,47.91272065,69.20745607,-41.61560749,0.226279817,0.919308112,-2.28112113,-41.64600344,0.201862317,-0.304170127,0.365058709,-17.56271372
1238,10.273607,211.7468182,305.8513114,47.91403121,69.20797869,-41.91289506,0.226279817,0.920618667,-2.281643745,-41.77906885,0.512945384,-0.49680406,0.7140919,-17.67846927
1239,10.279975,211.7698268,305.8725569,47.91923759,69.2127861,-41.97234952,0.226279817,0.92582505,-2.286451156,-41.83554216,0.51926217,-0.470294774,0.700578601,-9.801176483
1240,10.2841437,211.7967047,305.8994289,47.92531953,69.2188667,-41.85060394,0.226279817,0.931906986,-2.292531753,-41.90342496,0.706277443,-0.64795256,0.958472925,-5.970815882
1241,10.293332,211.8034242,305.9043845,47.92684001,69.21998805,-41.82625482,0.226279817,0.93342747,-2.293653109,-41.86041278,0.710912427,-0.757394875,1.038770174,-5.018399074
1242,10.2971533,211.8187226,305.9184179,47.93030172,69.22316353,-41.95502147,0.226279817,0.936889176,-2.296828584,-41.82508304,0.588939103,-0.656634242,0.88205317,-3.975475647
1243,10.3088601,211.8294136,305.9505136,47.93272088,69.23042614,-41.69783413,0.226279817,0.939308342,-2.304091191,-41.98741468,-0.297028726,-0.665230454,0.728531139,0.099340147
1244,10.3250612,211.8442858,305.9684939,47.93608615,69.23449471,-41.79570086,0.226279817,0.942673612,-2.308159766,-42.0466083,-0.396473297,-0.691699671,0.797270036,-9.742832231
1245,10.3287013,211.796494,305.9926499,47.92527183,69.23996073,-42.66226212,0.226279817,0.931859289,-2.313625786,-42.03171973,-0.586292661,-0.711046353,0.921588846,-22.71599278
1246,10.3407305,211.7788583,306.0061733,47.92128124,69.24302081,-42.12222293,0.226279817,0.927868693,-2.316685868,-42.56737605,-0.84599963,-0.504503022,0.985006941,-18.5601559
1247,10.3446423,211.7781115,306.0222114,47.92111225,69.24664989,-41.88057862,0.226279817,0.927699706,-2.32031495,-42.78495165,-0.996250915,-0.490355192,1.110389166,-20.44655288
1248,10.3628525,211.6902402,305.9890276,47.90122874,69.23914107,-44.37611572,0.226279817,0.907816197,-2.312806127,-42.65906919,-0.333907146,-0.272830799,0.431196739,-25.96708069
1249,10.3697587,211.673651,305.9945332,47.89747496,69.24038688,-42.88357886,0.226279817,0.904062416,-2.314051939,-42.7494414,-0.244504697,-0.291945198,0.380807753,-9.09429086
1250,10.3765785,211.6839233,306.0070104,47.89979937,69.24321022,-42.0328498,0.226279817,0.906386825,-2.316875273,-42.90979184,-0.220708621,-0.162939621,0.274338505,2.774523088
1251,10.3842931,211.6878532,306.0189416,47.90068863,69.24591002,-42.574084,0.226279817,0.907276086,-2.319575072,-42.60248632,-0.181720083,-0.421365187,0.458879951,-2.289354698
1252,10.39225,211.690518,306.0288824,47.90129161,69.24815942,-42.68233084,0.226279817,0.907879067,-2.321824479,-42.57285688,-0.075370969,-0.424753548,0.431388873,-0.774047459
1253,10.3979283,211.6680099,306.0509599,47.89619848,69.25315511,-42.83958812,0.226279817,0.90278594,-2.326820169,-42.67737533,0.124088641,-0.303980851,0.32833268,-15.36082359
1254,10.4066457,211.6675556,306.0585621,47.89609568,69.25487534,-42.73543166,0.226279817,0.902683142,-2.328540393,-42.7254006,0.169963158,-0.191455975,0.256013409,-26.90096781
1255,10.4105453,211.6906163,306.0552899,47.90131386,69.25413491,-42.55544205,0.226279817,0.907901316,-2.327799965,-43.10150285,-0.231275404,-0.062462139,0.239561749,-49.45031732
1256,10.420597,211.7059259,306.0458431,47.9047781,69.25199727,-42.81421036,0.226279817,0.911365558,-2.325662324,-43.28109098,-0.044428136,0.104463177,0.113518345,-50.19295564
1257,10.4242881,211.6744368,306.0399337,47.89765276,69.25066009,-44.56284207,0.226279817,0.904240215,-2.324325148,-43.68350579,-0.387847372,0.185786774,0.430049194,-68.42261295
1258,10.4367261,211.6764865,306.042416,47.89811658,69.25122179,-43.73752874,0.226279817,0.904704034,-2.324886845,-43.95863231,-0.661971611,0.150394704,0.67884091,-50.47934916
1259,10.4408065,211.6453103,306.038642,47.89106202,69.25036782,-44.74750575,0.226279817,0.897649477,-2.324032875,-44.35303322,-1.067730801,0.163814492,1.080224167,-49.86930574
1260,10.4525271,211.6436274,306.0379732,47.89068121,69.25021648,-43.93107464,0.226279817,0.897268667,-2.323881532,-44.43191341,-0.7912766,0.110348297,0.798933918,-28.24108026
1261,10.4562908,211.6156149,306.0333199,47.88434256,69.24916353,-44.78621493,0.226279817,0.890930018,-2.322828586,-44.48767724,-0.603313827,-0.012126575,0.603435687,-24.44297985
1262,10.4689374,211.5849798,306.0280138,47.87741044,69.24796287,-44.95724299,0.226279817,0.8839979,-2.321627926,-44.49883,-0.17037175,-0.19709937,0.260527724,-5.146618647
1263,10.4724192,211.6000146,306.0381314,47.88081252,69.25025227,-44.01634789,0.226279817,0.887399982,-2.323917328,-44.50972572,0.111133088,-0.364863342,0.381412928,-3.822105741
1264,10.4848283,211.6239149,306.0773734,47.88622068,69.25913195,-44.80326958,0.226279817,0.892808141,-2.33279701,-44.51190486,0.372864606,-0.391552614,0.540686105,-4.10750865
1265,10.4888832,211.6485553,306.0921736,47.89179631,69.26248093,-43.98555321,0.226279817,0.898383764,-2.336145981,-44.51234069,0.672482801,-0.803830494,1.048034628,-6.231451937
1266,10.5008948,211.6286229,306.0844066,47.887286,69.26072342,-44.79711064,0.226279817,0.893873457,-2.334388478,-44.707448,0.552423556,-0.798031412,0.970580197,-8.880909106
1267,10.5042875,211.6428659,306.1138903,47.89050889,69.267395,-44.95942213,0.226279817,0.897096353,-2.341060053,-44.74646946,0.734243771,-1.076613761,1.303154291,-11.25005998
1268,10.5166725,211.6634898,306.1482922,47.89517566,69.27517945,-44.99188443,0.226279817,0.901763121,-2.348844504,-44.94929389,0.522854111,-1.007232882,1.134854396,-11.35656084
1269,10.5200469,211.6835459,306.1797351,47.89971397,69.28229434,-44.99837689,0.226279817,0.90630143,-2.355959393,-44.98985878,0.758654963,-0.98072473,1.239910621,-8.128022244
1270,10.5327237,211.7013659,306.2065701,47.90374627,69.28836656,-44.99967538,0.226279817,0.910333732,-2.362031617,-44.99797176,0.854378892,-0.789142845,1.163060498,-5.850526157
1271,10.5488613,211.7586697,306.1866828,47.91671297,69.28386646,-44.99993508,0.226279817,0.923300428,-2.357531519,-44.99959435,0.801933509,-0.725219177,1.081221628,-2.576195589
1272,10.5517051,211.7766235,306.1993578,47.92077554,69.28673455,-44.99998702,0.226279817,0.927362995,-2.360399607,-44.99991887,0.569609409,-0.537265822,0.783013054,-0.172741403
1273,10.5647727,211.7832405,306.2171978,47.92227284,69.2907714,-44.9999974,0.226279817,0.928860296,-2.364436454,-44.99998377,0.508103171,-0.489477724,0.705519153,-0.044784746
1274,10.567945,211.7858103,306.2335826,47.92285433,69.29447894,-44.99999948,0.226279817,0.929441787,-2.368143995,-44.99999675,0.338300068,-0.694871997,0.772847998,-0.02470728
1275,10.5807377,211.7864069,306.2471545,47.92298934,69.29754999,-44.9999999,0.226279817,0.929576801,-2.371215041,-44.99999935,0.197281803,-0.372021861,0.421094259,-0.001886
1276,10.5839793,211.785755,306.2578717,47.92284183,69.29997507,-44.99999998,0.226279817,0.929429285,-2.373640126,-44.99999987,0.212277675,-0.319450492,0.383549773,-0.000893809
1277,10.5966421,211.8262415,306.2239757,47.93200309,69.29230508,-45,0.226279817,0.938590548,-2.365970141,-44.99999997,0.152130136,-0.114236145,0.190245828,-7.55E-05
1278,10.6002136,211.8292334,306.2247027,47.93268011,69.2924696,-45,0.226279817,0.939267563,-2.366134656,-44.99999999,0.607961491,0.398272696,0.726800052,11.35669503
1279,10.6126645,211.8227716,306.232552,47.93121793,69.29424574,-45,0.226279817,0.93780539,-2.367910795,-45,0.755248048,0.692965428,1.024988145,11.95441818
1280,10.6159588,211.8561064,306.1987401,47.93876093,69.28659479,-45,0.226279817,0.945348384,-2.360259844,-44.81293762,1.184286753,0.298404808,1.221302805,12.3877104
1281,10.6284778,211.8943321,306.1586099,47.94741062,69.27751413,-45,0.226279817,0.953998082,-2.351179184,-44.77552515,1.104467681,0.248966365,1.132180688,12.41182123
1282,10.6319316,211.9381178,306.1794764,47.95731844,69.28223579,-44.06468811,0.226279817,0.963905901,-2.35590085,-44.76804265,1.313793127,-0.29137191,1.345715412,12.42537378
1283,10.6443457,211.9266223,306.1955649,47.95471726,69.2858763,-44.81293762,0.226279817,0.961304715,-2.359541355,-44.76654615,1.014435461,-0.797085678,1.290125917,-0.982868359
1284,10.6487626,211.9447598,306.2510854,47.95882141,69.29843948,-44.96258752,0.226279817,0.965408864,-2.372104533,-44.76624685,1.374694987,-0.985548486,1.691476315,-2.817369065
1285,10.6669933,212.0086433,306.2676893,47.97327694,69.30219659,-44.9925175,0.226279817,0.979864395,-2.375861644,-44.95324937,0.940197542,-1.072033684,1.425912914,-3.519660286
1286,10.6730412,212.0752542,306.2734882,47.98834965,69.30350876,-44.9985035,0.226279817,0.994937112,-2.37717382,-44.99064987,1.392145719,-1.065789277,1.75327593,-3.604544251
1287,10.6786026,212.0923647,306.3177159,47.99222142,69.31351661,-44.9997007,0.226279817,0.998808874,-2.387181665,-44.99812997,1.426092084,-0.475693448,1.50333725,-3.624629144
1288,10.6835258,212.1369713,306.323417,48.00231499,69.31480665,-44.99994014,0.226279817,1.008902448,-2.388471709,-44.99962599,1.680783865,-0.359303479,1.718759259,-1.575984112
1289,10.6926864,212.1814596,306.3191202,48.01238179,69.31383438,-44.99998803,0.226279817,1.018969251,-2.387499437,-44.9999252,1.300608663,-0.287065626,1.331911997,-0.33937729
1290,10.6968606,212.2195783,306.3121867,48.02100728,69.31226545,-44.99999761,0.226279817,1.02759474,-2.38593051,-44.99998504,1.398830672,0.14664263,1.406496111,-0.070481226
1291,10.7086654,212.2504283,306.3046626,48.02798802,69.3105629,-44.99999952,0.226279817,1.034575475,-2.384227958,-44.99999701,1.055426901,0.225483673,1.079244565,-0.00971477
1292,10.7132433,212.2744487,306.2971968,48.03342333,69.30887355,-44.9999999,0.226279817,1.040010792,-2.382538611,-44.9999994,0.986182262,0.282415644,1.025823596,-0.003187343
1293,10.7254512,212.2924243,306.2900661,48.03749085,69.30726002,-44.99999998,0.226279817,1.044078309,-2.380925073,-44.99999988,0.605746631,0.23105791,0.648318393,-0.0003205
1294,10.729293,212.3052037,306.2834311,48.04038258,69.30575866,-45,0.226279817,1.046970034,-2.379423713,-44.99999998,1.009742887,-0.206040527,1.030550046,-0.000117921
1295,10.7408397,212.3135827,306.277355,48.04227858,69.30438374,-45,0.226279817,1.048866039,-2.3780488,-45,0.798923036,-0.280918732,0.846872689,-1.34E-05
1296,10.7448907,212.3603323,306.313899,48.05285707,69.31265291,-45,0.226279817,1.059444531,-2.386317971,-45,0.719708389,-0.284463679,0.773886135,-5.52E-06
1297,10.7566192,212.3672361,306.3141773,48.05441926,69.31271588,-45,0.226279817,1.061006715,-2.386380939,-45,0.940327203,-0.719668233,1.184118919,-5.37E-07
1298,10.7727277,212.3627593,306.30603,48.05340626,69.31087232,-45,0.226279817,1.059993716,-2.384537372,-45,1.051549348,-0.890009778,1.377633274,-2.06E-07
1299,10.7768444,212.3965217,306.3385085,48.06104601,69.31822156,-45,0.226279817,1.067633466,-2.391886614,-45,0.863966667,-0.837697875,1.203401899,-1.66E-08
1300,10.7886058,212.4339617,306.3765888,48.06951791,69.32683836,-45,0.226279817,1.076105366,-2.400503411,-45,0.936349289,-0.947251691,1.331929337,-3.55E-09
1301,10.7930639,212.4669308,306.4116521,48.07697816,69.33477247,-45,0.226279817,1.083565618,-2.408437524,-45,1.182184545,-1.246077044,1.717634506,-1.65E-09
1302,10.8054138,212.4939529,306.4418412,48.0830927,69.34160367,-45,0.226279817,1.089680161,-2.415268722,-45,0.874328751,-0.969513685,1.305529605,-1.65E-10
1303,10.8095421,212.5152309,306.4670124,48.0879075,69.3472994,-45,0.226279817,1.094494957,-2.420964454,-45,0.874554226,-1.024384556,1.346925689,-6.11E-11
1304,10.8210602,212.5313422,306.4874959,48.09155316,69.35193439,-45,0.226279817,1.098140617,-2.425599451,-45,0.569906037,-0.716344745,0.915392093,-6.22E-12
1305,10.8247105,212.5429804,306.5037404,48.09418664,69.3556102,-45,0.226279817,1.100774095,-2.429275259,-45,0.526453642,-0.715848347,0.88859006,-2.31E-12
1306,10.8365266,212.5508223,306.5162473,48.09596111,69.35844025,-45,0.226279817,1.102548567,-2.432105311,-45,0.300733824,-0.463404291,0.552434947,-2.47E-13
1307,10.8403321,212.555495,306.5255081,48.09701845,69.36053578,-45,0.226279817,1.103605913,-2.434200832,-45,0.237466211,-0.430573276,0.491714904,0
1308,10.852773,212.5575673,306.531966,48.09748737,69.36199708,-45,0.226279817,1.104074825,-2.435662136,-45,0.08711737,-0.237502983,0.252976487,0
1309,10.8566975,212.5575704,306.5360982,48.09748806,69.36293211,-45,0.226279817,1.104075523,-2.436597166,-45,0.026818333,-0.196556055,0.19837718,0
1310,10.8686556,212.555969,306.5382985,48.0971257,69.36343,-45,0.226279817,1.103713158,-2.43709506,-45,-0.042319345,-0.084213793,0.094249085,0
1311,10.8728309,212.5531768,306.5389402,48.09649389,69.36357519,-45,0.226279817,1.103081347,-2.43724025,-45,-0.094509347,-0.04457363,0.104493182,0
1312,10.8850072,212.5495262,306.5383453,48.09566783,69.36344058,-45,0.226279817,1.102255286,-2.437105636,-45,-0.112652643,0.011915337,0.113281036,0
1313,10.8892727,212.5453176,306.5368233,48.09471552,69.36309618,-45,0.226279817,1.101302975,-2.436761234,-45,-0.158048079,0.049940274,0.165750494,0
1314,10.9005972,212.5407865,306.5346117,48.09369021,69.36259575,-45,0.226279817,1.100277669,-2.436260803,-45,-0.145441283,0.06823874,0.160653953,0
1315,10.9046835,212.5361404,306.5319302,48.09263889,69.36198898,-45,0.226279817,1.099226346,-2.435654036,-45,-0.187990047,0.105008282,0.215329973,0
1316,10.9164892,212.5315342,306.528971,48.0915966,69.36131937,-45,0.226279817,1.098184055,-2.434984431,-45,-0.153957352,0.096748154,0.181832538,-2.488310643
1317,10.9200851,212.5270753,306.5258737,48.09058764,69.36061852,-45,0.226279817,1.097175098,-2.434283579,-45,-0.162508178,0.108731648,0.195528717,-10.58447473
1318,10.938053,212.5228592,306.5227419,48.08963363,69.35990986,-45,0.226279817,1.096221086,-2.433574915,-45.22354858,-0.105804799,0.021282734,0.107924094,-18.20342435
1319,10.9446798,212.5189556,306.5196931,48.08875032,69.35921996,-45,0.226279817,1.09533778,-2.432885015,-45.49180688,-0.034185747,-0.125824382,0.130385737,-29.39565096
1320,10.9519564,212.5197993,306.5289787,48.08894124,69.36132112,-46.11774292,0.226279817,1.095528695,-2.434986179,-45.76900713,0.044055833,-0.228785912,0.232989077,-35.71191634
1321,10.9569418,212.5257437,306.5439344,48.09028634,69.3647053,-46.3412915,0.226279817,1.096873797,-2.438370352,-46.04799576,0.104319552,-0.348311131,0.363597597,-35.43901352
1322,10.9657871,212.530068,306.5564395,48.09126483,69.36753495,-46.38600122,0.226279817,1.097852285,-2.441200004,-46.32734207,0.15357732,-0.416857165,0.444247554,-27.35806365
1323,10.9708308,212.5356008,306.5688813,48.09251679,69.37035027,-46.39494316,0.226279817,1.099104249,-2.444015325,-46.38321133,0.5840261,-0.82929045,1.01430229,-19.21969808
1324,10.9810947,212.5407262,306.5797051,48.09367657,69.37279947,-46.39673155,0.226279817,1.100264028,-2.446464523,-46.38399212,0.692786456,-0.86169988,1.105658065,-7.993436357
1325,10.9850364,212.5786744,306.6206572,48.10226349,69.3820661,-46.39708923,0.226279817,1.108850945,-2.455731155,-46.37375521,0.777877231,-0.906841978,1.194761633,-1.809204371
1326,10.9970674,212.621933,306.6653648,48.11205203,69.39218253,-46.34519543,0.226279817,1.118639487,-2.465847589,-46.37170783,1.139042104,-1.21324297,1.66414405,0.28136022
1327,11.0138054,212.6615868,306.7057241,48.12102487,69.40131504,-46.33481667,0.226279817,1.127612331,-2.474980093,-46.3827577,1.2158029,-1.266928513,1.755928401,-0.524940139
1328,11.0173458,212.6937246,306.7384275,48.12829702,69.40871515,-46.38470625,0.226279817,1.134884481,-2.482380204,-46.38496768,1.023758896,-1.039297956,1.458842869,-2.510698076
1329,11.0293088,212.7199895,306.7652343,48.13424024,69.41478099,-46.45198092,0.226279817,1.140827699,-2.488446047,-46.43410657,0.923378318,-0.935934265,1.314762513,-3.03966353
1330,11.0336297,212.7432527,306.7883926,48.13950422,69.42002125,-46.4081391,0.226279817,1.146091682,-2.493686305,-46.46578616,0.816872844,-1.100941616,1.370895213,-4.875396624
1331,11.0459516,212.7602265,306.8060383,48.14334505,69.4240141,-46.59088991,0.226279817,1.149932505,-2.497679161,-46.49627857,0.450355682,-0.742889425,0.868737554,-6.017953783
1332,11.0509119,212.7603043,306.8360845,48.14336265,69.43081295,-46.4932146,0.226279817,1.149950109,-2.504478005,-46.54508213,0.48836194,-0.698476138,0.852271259,-6.560873885
1333,11.0609995,212.7701771,306.8494554,48.14559667,69.43383852,-46.53716831,0.226279817,1.152184127,-2.507503574,-46.60900727,0.286651991,-0.461728998,0.543473119,-5.907954012
1334,11.0651984,212.7829221,306.8547436,48.1484806,69.43503514,-46.69599873,0.226279817,1.155068063,-2.508700193,-46.63765289,0.126655017,-0.593200063,0.60657053,-17.44417206
1335,11.0771073,212.793959,306.8562717,48.15097803,69.4353809,-46.72776481,0.226279817,1.157565489,-2.509045959,-46.68608771,0.075020731,-0.389076104,0.39624276,-16.60613944
1336,11.0811639,212.7852054,306.8738656,48.14899728,69.43936205,-46.73411803,0.226279817,1.155584742,-2.51302711,-46.93011549,-0.594151943,-0.39431034,0.713089879,-26.45708259
1337,11.0929738,212.7719163,306.8921343,48.14599022,69.4434959,-46.73538867,0.226279817,1.152577675,-2.517160953,-46.99682571,-0.801516096,-0.384230105,0.888853658,-29.17785458
1338,11.0968894,212.7178509,306.8977772,48.13375631,69.44477278,-47.75730723,0.226279817,1.140343768,-2.518437833,-47.21450064,-1.333217252,-0.428380427,1.400349253,-40.83405529
1339,11.1090243,212.6990817,306.9103574,48.12950922,69.44761941,-47.02954982,0.226279817,1.13609668,-2.52128447,-47.46236851,-1.406235255,-0.236604206,1.426001101,-29.65049075
1340,11.1130967,212.6550103,306.9148528,48.11953675,69.44863664,-47.81613946,0.226279817,1.126124208,-2.522301698,-47.71627497,-1.753978358,-0.160517365,1.761308009,-37.07683632
1341,11.1250793,212.6098204,306.9160454,48.10931118,69.44890649,-47.97345738,0.226279817,1.115898643,-2.522571543,-47.76705626,-1.265656285,-0.088188438,1.268724963,-27.63022563
1342,11.1296745,212.5693405,306.915428,48.1001514,69.44876678,-48.00492097,0.226279817,1.106738856,-2.522431839,-47.96364074,-1.522657478,-0.011500278,1.522700907,-27.34281724
1343,11.1411483,212.5347187,306.9136257,48.09231719,69.44835896,-48.01121369,0.226279817,1.098904646,-2.522024015,-48.05954639,-1.144169773,0.0774343,1.146787051,-16.06858764
1344,11.1451385,212.5058873,306.9110007,48.08579323,69.44776499,-48.01247223,0.226279817,1.092380687,-2.521430041,-48.13531626,-1.265051531,0.214196798,1.283057148,-12.62193407
1345,11.1571417,212.4763749,306.9006628,48.07911517,69.44542572,-48.29566766,0.226279817,1.085702631,-2.519090774,-48.20705898,-0.927808865,0.233719124,0.956793562,-2.725844669
1346,11.1610883,212.4509495,306.889129,48.07336191,69.44281586,-48.35230675,0.226279817,1.07994937,-2.516480916,-48.15577154,-0.037347373,-0.571547993,0.572766911,6.936550054
1347,11.1724156,212.4355752,306.8827208,48.06988302,69.44136581,-48.36363457,0.226279817,1.076470476,-2.515030865,-48.07987806,0.387953558,-0.713598091,0.812237772,12.80585153
1348,11.1758547,212.492866,306.9433746,48.08284676,69.45509054,-47.75477647,0.226279817,1.08943422,-2.528755596,-47.94247464,0.802923518,-1.0812783,1.346792092,21.62558444
1349,11.1883968,212.520109,306.9744911,48.08901132,69.46213158,-47.63300486,0.226279817,1.095598777,-2.535796636,-47.81256963,1.184295994,-1.298908024,1.75775967,19.11970157
1350,11.1917651,212.5427127,306.9989557,48.09412606,69.46766743,-47.60865053,0.226279817,1.100713518,-2.541332484,-47.68416432,2.037272711,-2.033176225,2.878243502,16.63128492
1351,11.2043863,212.5677613,307.0227644,48.09979406,69.47305486,-47.70278174,0.226279817,1.10638152,-2.546719917,-47.67828367,1.339157072,-1.280990858,1.853180844,8.404600883
1352,11.2076298,212.6244919,307.0735546,48.11263105,69.48454764,-47.72160798,0.226279817,1.119218511,-2.558212699,-47.69690795,1.392818904,-1.297369276,1.903447278,6.267182556
1353,11.2275646,212.6490658,307.0938052,48.11819163,69.48912995,-47.72537323,0.226279817,1.124779085,-2.562795008,-47.72043323,1.431258486,-1.253748042,1.902730933,-6.907652711
1354,11.2418407,212.6970031,307.1343903,48.12903887,69.49831355,-47.72612628,0.226279817,1.135626327,-2.571978602,-47.72513828,1.612141322,-1.388711236,2.127796639,-10.92756047
1355,11.2481458,212.7446701,307.1741081,48.13982495,69.50730088,-47.72627689,0.226279817,1.146412408,-2.580965941,-47.90012043,1.134809752,-0.73450344,1.351772347,-18.98394255
1356,11.255145,212.786536,307.2081846,48.14929837,69.51501171,-47.72630701,0.226279817,1.155885825,-2.588676762,-48.03753996,1.189463458,-0.734739101,1.398093296,-23.44036432
1357,11.2595237,212.8169381,307.2134536,48.15617775,69.51620397,-48.59651873,0.226279817,1.162765205,-2.589869031,-48.239065,1.174734486,-0.487553791,1.271892217,-34.50205229
1358,11.2686595,212.8392328,307.2227817,48.1612226,69.51831474,-48.41247086,0.226279817,1.167810054,-2.591979795,-48.45341114,0.901492194,-0.185702601,0.920420357,-29.65910191
1359,11.2725581,212.851055,307.212571,48.16389771,69.51600426,-48.7337515,0.226279817,1.17048517,-2.58966932,-48.67032151,0.769749568,0.152530119,0.784716404,-30.24965
1360,11.2848208,212.8697233,307.2080271,48.16812197,69.51497606,-48.79800762,0.226279817,1.174709424,-2.588641117,-48.71370358,0.458252567,0.26647668,0.53009927,-21.31526302
1361,11.2883758,212.8806388,307.1987658,48.17059193,69.51288042,-48.81085885,0.226279817,1.177179391,-2.586545473,-48.79399804,0.614538909,0.254209556,0.66504178,-19.26396216
1362,11.3002536,212.8813536,307.1831525,48.17075366,69.50934743,-48.81342909,0.226279817,1.177341119,-2.583012486,-48.81005693,0.534561872,0.12573361,0.549149647,-8.283434056
1363,11.3037868,212.9021774,307.1877177,48.17546567,69.51038046,-48.81394314,0.226279817,1.18205313,-2.584045518,-48.85671537,0.730328979,0.107612866,0.738214703,-10.2226758
1364,11.3164765,212.9182323,307.190507,48.17909858,69.51101162,-48.81404595,0.226279817,1.185686042,-2.584676674,-48.86604705,0.629431132,-0.024012209,0.629888987,-5.801825099
1365,11.3199005,212.9382564,307.1906092,48.18362962,69.51103475,-49.03129979,0.226279817,1.190217075,-2.584699806,-48.91136005,0.685096714,-0.034816433,0.685980824,-7.074446177
1366,11.338699,212.9540656,307.1963111,48.18720693,69.51232496,-48.85751728,0.226279817,1.193794384,-2.585990014,-48.92042264,0.526275436,-0.042258313,0.527969316,-4.736425298
1367,11.3445653,212.9616342,307.1900003,48.18891956,69.51089696,-49.03999406,0.226279817,1.195507014,-2.584562019,-48.96568182,0.566523522,-0.020556825,0.56689636,-4.674977233
1368,11.3505377,212.9758746,307.1986994,48.19214186,69.51286539,-48.85925614,0.226279817,1.198729315,-2.586530451,-48.97473365,0.327411398,-0.004199819,0.327438333,-2.035047083
1369,11.3547662,212.984985,307.1976012,48.19420337,69.51261689,-49.04034183,0.226279817,1.20079083,-2.586281943,-48.97654402,0.389995169,-0.094152069,0.401199257,-4.458332902
1370,11.3653272,212.9909476,307.1940994,48.19555259,69.5118245,-49.07655897,0.226279817,1.202140049,-2.585489558,-48.97690609,0.35112188,-0.143852768,0.379447221,-3.052588762
1371,11.3687815,212.9986295,307.202013,48.19729085,69.51361519,-48.86656912,0.226279817,1.20387831,-2.587280249,-49.02042516,0.282986057,-0.058497016,0.288968873,-2.836705356
1372,11.381462,213.0040977,307.2022977,48.19852818,69.51367961,-49.04180442,0.226279817,1.205115641,-2.587344666,-49.02912898,0.205693871,-0.072463405,0.218084648,-4.403144856
1373,11.3854528,213.0076048,307.2005836,48.19932176,69.51329174,-49.07685149,0.226279817,1.205909222,-2.586956798,-49.03086974,0.235186677,-0.098410991,0.254946065,-5.496146455
1374,11.3968191,213.0126815,307.2011392,48.20047053,69.51341748,-49.0838609,0.226279817,1.207057989,-2.587082534,-49.12475915,0.154407886,0.029954569,0.15728659,-3.846593583
1375,11.4002337,213.0168346,307.2019648,48.20141029,69.51360429,-49.08526278,0.226279817,1.207997752,-2.587269341,-49.14353704,0.281872223,-0.068291826,0.290027109,-7.147800863
1376,11.4126109,213.0222674,307.1952132,48.20263963,69.51207653,-49.33601618,0.226279817,1.209227086,-2.585741587,-49.19738722,0.256809142,-0.067784552,0.265604369,-8.050703718
1377,11.4161511,213.0337651,307.2029781,48.20524132,69.51383357,-49.13569384,0.226279817,1.211828776,-2.58749863,-49.25825186,0.421115158,-0.111436404,0.435609973,-7.065188355
1378,11.4287286,213.0378526,307.1974349,48.20616623,69.51257926,-49.34610239,0.226279817,1.212753692,-2.586244314,-49.32051939,0.405210274,-0.114023407,0.420947388,-7.196971387
1379,11.4324653,213.053088,307.2012218,48.20961371,69.51343616,-49.3881841,0.226279817,1.216201164,-2.58710122,-49.3329729,0.431968047,-0.15638714,0.459405411,-7.561089296
1380,11.4504859,213.0686729,307.2066089,48.21314024,69.51465514,-49.39660044,0.226279817,1.219727696,-2.588320198,-49.44394748,0.833132931,-0.340856277,0.900163031,-7.804159916
1381,11.4635437,213.0821249,307.2117093,48.21618416,69.51580926,-49.39828371,0.226279817,1.222771618,-2.589474321,-49.52453168,1.04906256,-0.482983408,1.154904856,-8.270449159
1382,11.4675913,213.1311498,307.2370856,48.22727751,69.52155142,-49.69056678,0.226279817,1.23386497,-2.595216479,-49.59903903,1.263809577,-0.763094226,1.47632227,-8.262497317
1383,11.4776559,213.1824418,307.264258,48.23888386,69.52769997,-49.74902339,0.226279817,1.245471321,-2.601365031,-49.672331,1.357973399,-0.874811477,1.615359673,-7.085997273
1384,11.4821071,213.2217121,307.2963196,48.24776994,69.53495488,-49.76072082,0.226279817,1.254357399,-2.608619933,-49.68698878,1.587030116,-1.275680533,2.036179121,-9.719110809
1385,11.4927444,213.2530446,307.3257584,48.25485985,69.54161627,-49.7630603,0.226279817,1.261447304,-2.615281328,-49.68992156,1.137111809,-1.096048095,1.579349453,-7.389799079
1386,11.4963392,213.2749425,307.3590046,48.2598149,69.54913922,-49.47157263,0.226279817,1.266402358,-2.622804277,-49.7594339,1.156062981,-1.243573509,1.697927174,-10.49113149
1387,11.5085895,213.3015313,307.3871831,48.26583141,69.55551545,-49.70523066,0.226279817,1.272418873,-2.629180503,-49.84226092,0.841882341,-0.953064916,1.271651922,-12.23756283
1388,11.5123409,213.3222205,307.4095399,48.27051294,69.56057434,-50.09658507,0.226279817,1.2771004,-2.6342394,-49.92775089,0.955746977,-0.88418777,1.302013939,-17.76168581
1389,11.5243502,213.3447992,307.4189514,48.27562206,69.56270398,-50.17485596,0.226279817,1.282209513,-2.636369039,-50.07216456,0.732519145,-0.471502113,0.871147829,-14.19877582
1390,11.5278563,213.3639479,307.4233185,48.27995502,69.56369216,-50.19051013,0.226279817,1.286542481,-2.637357213,-50.16997185,0.792300001,-0.365140609,0.872391515,-13.09693363
1391,11.5407057,213.3788402,307.4249825,48.28332485,69.56406868,-50.19364097,0.226279817,1.28991231,-2.637733735,-50.18953331,0.569621548,-0.090086769,0.576701251,-8.551654016
1392,11.5438305,213.3897502,307.4248262,48.28579356,69.56403333,-50.19426713,0.226279817,1.292381015,-2.637698387,-50.1934456,0.5431315,-0.023264443,0.543629525,-9.194688574
1393,11.5563662,213.3972041,307.4233452,48.28748022,69.56369821,-50.19439237,0.226279817,1.294067683,-2.637363264,-50.19422806,0.303744219,0.044453498,0.306979909,-3.028657245
1394,11.5598737,213.4017455,307.420915,48.28850785,69.56314831,-50.19441741,0.226279817,1.295095309,-2.636813362,-50.2476835,0.230345488,0.117679388,0.258664807,-5.625906149
1395,11.572336,213.4038879,307.4177898,48.28899264,69.56244113,-50.19442242,0.226279817,1.295580097,-2.636106181,-50.21112117,0.10226518,0.069592264,0.123698223,-5.516687865
1396,11.5755056,213.4024208,307.4130717,48.28866066,69.56137352,-50.46091818,0.226279817,1.29524812,-2.635038575,-50.25710766,0.040062999,0.10133496,0.10896705,-7.884965864
1397,11.5885361,213.4110376,307.426266,48.29061048,69.56435911,-50.01145549,0.226279817,1.297197935,-2.63802417,-50.26630618,0.027536095,0.038983419,0.047727807,-4.743427055
1398,11.5919959,213.4083395,307.4234305,48.28999995,69.5637175,-50.42432479,0.226279817,1.296587413,-2.637382561,-50.30749097,0.212986101,-0.110975495,0.240163777,-10.01189736
1399,11.604228,213.4207914,307.4318082,48.29281756,69.56561322,-50.24041,0.226279817,1.299405016,-2.639278274,-50.30177407,0.285069711,-0.215913849,0.357608068,-6.525333538
1400,11.6078786,213.4363784,307.4429893,48.29634459,69.56814326,-50.4003464,0.226279817,1.302932044,-2.641808319,-50.3872292,0.389432508,-0.271087471,0.474495622,-8.771047045
1401,11.6202603,213.4503689,307.453269,48.29951034,69.57046935,-50.43233369,0.226279817,1.3060978,-2.644134407,-50.3510225,0.481169824,-0.353049406,0.59679836,-6.763988909
1402,11.6241194,213.4618201,307.4618814,48.30210153,69.57241816,-50.43873114,0.226279817,1.308688988,-2.64608322,-50.39707889,0.541638809,-0.407990115,0.67810658,-7.934807019
1403,11.636517,213.4772829,307.474174,48.30560044,69.57519972,-50.24329127,0.226279817,1.312187898,-2.64886478,-50.42024403,0.366485333,-0.284626057,0.464029624,-3.544414969
1404,11.6399675,213.4854058,307.4807261,48.30743849,69.57668234,-50.47069195,0.226279817,1.314025944,-2.650347398,-50.43883091,0.352242399,-0.281020205,0.450607438,-7.409128837
1405,11.6520997,213.4902517,307.4848132,48.30853503,69.57760716,-50.51617208,0.226279817,1.315122489,-2.65127222,-50.45650214,0.222699407,-0.185377739,0.289758403,-7.223918874
1406,11.6555652,213.4930769,307.4874142,48.3091743,69.57819573,-50.52526811,0.226279817,1.315761755,-2.651860786,-50.51333412,0.198041677,-0.112925611,0.227975217,-9.903534849
1407,11.668409,213.494424,307.4889342,48.30947913,69.57853968,-50.52708731,0.226279817,1.316066587,-2.652204735,-50.65472432,0.07379546,-0.013179011,0.074963032,-9.501522661
1408,11.6721797,213.4970725,307.4866363,48.31007843,69.57801971,-50.52745115,0.226279817,1.316665887,-2.651684763,-50.71229008,0.055902074,-0.022540628,0.060275383,-10.92120017
1409,11.6842629,213.4923444,307.4829491,48.30900857,69.57718535,-51.17764294,0.226279817,1.315596026,-2.650850408,-50.75309095,0.028448602,-0.133095969,0.136102388,-17.31198552
1410,11.7004155,213.4924098,307.4917318,48.30902337,69.57917272,-50.80400088,0.226279817,1.315610824,-2.652837772,-50.89127554,0.013795362,-0.164237443,0.164815805,-15.44711759
1411,11.7036761,213.4930899,307.5021444,48.30917726,69.58152887,-50.72927247,0.226279817,1.315764718,-2.655193922,-51.04893626,0.132292737,-0.321946899,0.348067772,-15.40581701
1412,11.7223999,213.4889913,307.5172445,48.30824983,69.58494571,-51.21801025,0.226279817,1.314837283,-2.658610767,-51.08046901,0.273793146,-0.415883342,0.497917303,-16.43883858
1413,11.7295076,213.5125944,307.5376821,48.31359071,69.58957033,-51.31575476,0.226279817,1.320178173,-2.663235387,-51.18751165,0.423341196,-0.641483062,0.768581997,-15.18274718
1414,11.735677,213.52947,307.5486051,48.31740933,69.59204199,-51.33530671,0.226279817,1.32399679,-2.665707043,-51.24020924,0.580613468,-0.651993626,0.873045067,-5.559339245
1415,11.7403108,213.5448011,307.574224,48.32087846,69.59783903,-51.33921405,0.226279817,1.327465914,-2.67150409,-51.25074876,0.758805923,-0.915159221,1.188824137,-5.246702191
1416,11.7492359,213.577679,307.6047987,48.32831806,69.60475746,-50.99276041,0.226279817,1.334905516,-2.678422518,-51.25285727,0.701532355,-0.845453571,1.098607931,-2.236084636
1417,11.7527235,213.5906478,307.6278919,48.33125263,69.60998298,-51.27070784,0.226279817,1.337840086,-2.68364804,-51.25327897,0.875949717,-0.913441868,1.265568628,-4.29867824
1418,11.7648474,213.6155651,307.6440793,48.33689091,69.61364587,-51.32629733,0.226279817,1.343478369,-2.687310927,-51.25336392,0.840989827,-0.726634843,1.11142345,-6.121007844
1419,11.7685316,213.6398417,307.656137,48.34238423,69.61637429,-51.33741523,0.226279817,1.348971687,-2.690039345,-51.32282855,0.926736386,-0.673888732,1.145847439,-7.782303228
1420,11.7807802,213.6709048,307.6732963,48.34941317,69.6202571,-51.33963881,0.226279817,1.356000631,-2.693922155,-51.46229276,0.734155568,-0.384222784,0.828620267,-8.323877581
1421,11.7840453,213.689119,307.6806761,48.35353468,69.62192698,-51.34008352,0.226279817,1.360122141,-2.69559204,-51.4901856,0.751186591,-0.388932795,0.845901894,-8.636244029
1422,11.8025514,213.6791844,307.6847641,48.35128667,69.62285201,-51.96802891,0.226279817,1.357874127,-2.696517067,-51.54253541,0.626901798,-0.34996188,0.717968788,-9.811646162
1423,11.8092251,213.6954118,307.6943691,48.35495861,69.62502544,-51.46576154,0.226279817,1.361546066,-2.698690498,-51.55300537,0.764782107,-0.430727691,0.877734593,-8.567497844
1424,11.8143871,213.71525,307.7068183,48.3594476,69.62784244,-51.59916427,0.226279817,1.366035063,-2.701507496,-51.68067065,0.561762014,-0.378048009,0.67712396,-8.997479577
1425,11.8193302,213.742846,307.7225649,48.36569202,69.63140557,-51.39198862,0.226279817,1.372279476,-2.705070628,-51.70620371,0.645362883,-0.465409443,0.795675311,-14.12155169
1426,11.8289769,213.7533842,307.7331391,48.3680766,69.6337983,-51.97840993,0.226279817,1.374664061,-2.707463359,-51.80935231,0.562095091,-0.428736221,0.706941043,-16.16483632
1427,11.8324719,213.7579643,307.7406578,48.36911298,69.63549964,-52.09569419,0.226279817,1.375700434,-2.709164698,-51.90878208,0.476414849,-0.432273897,0.643297622,-12.97771326
1428,11.8448142,213.7652662,307.7484198,48.37076526,69.63725601,-51.98150456,0.226279817,1.377352714,-2.71092107,-52.05423933,0.2410873,-0.312979993,0.39506906,-12.03936877
1429,11.8481215,213.7717151,307.7566545,48.37222451,69.63911937,-52.09631312,0.226279817,1.37881197,-2.712784425,-52.08333078,0.224796555,-0.318992566,0.390243191,-13.71642495
1430,11.8604049,213.7764172,307.7634053,48.37328851,69.64064693,-52.11927483,0.226279817,1.379875966,-2.714311986,-52.08914907,0.236506879,-0.285163671,0.37047783,-8.283658022
1431,11.8644785,213.7794009,307.7684117,48.37396366,69.64177979,-52.12386717,0.226279817,1.380551117,-2.715444851,-52.16686485,0.467135795,-0.51059406,0.692042011,-8.478566518
1432,11.8765714,213.7983773,307.7853875,48.37825763,69.64562108,-52.12478564,0.226279817,1.384845085,-2.719286132,-52.182408,0.489811382,-0.490872107,0.693448351,-8.146212251
1433,11.880657,213.821615,307.8083083,48.38351586,69.65080757,-52.37008347,0.226279817,1.390103317,-2.724472626,-52.23453946,0.714158922,-0.694391136,0.996093377,-11.16376802
1434,11.8926506,213.8510108,307.8329441,48.39016751,69.65638216,-52.1740289,0.226279817,1.396754973,-2.730047214,-52.32010613,0.752284441,-0.695749707,1.02469485,-8.034956968
1435,11.8969006,213.8737062,307.8543923,48.39530304,69.66123547,-52.37993212,0.226279817,1.401890496,-2.734900522,-52.3862423,0.708419827,-0.658727353,0.967357419,-8.092977765
1436,11.9083585,213.8917511,307.8688181,48.39938624,69.66449973,-52.55170054,0.226279817,1.405973699,-2.738164786,-52.42558708,0.51110719,-0.449053069,0.680352275,-6.370873114
1437,11.9317098,213.905761,307.8824954,48.40255638,69.66759462,-52.45546645,0.226279817,1.40914384,-2.741259671,-52.46237511,0.525857127,-0.459826412,0.698545666,-3.624765163
1438,11.9397775,213.9164732,307.8903779,48.40498034,69.66937827,-52.5668074,0.226279817,1.411567803,-2.743043324,-52.49585027,0.301223972,-0.334255659,0.449958583,-1.336039341
1439,11.9457698,213.9331131,307.904113,48.40874561,69.67248626,-52.35796902,0.226279817,1.415333065,-2.746151312,-52.45632398,0.285406777,-0.354685131,0.455256599,-3.122495419
1440,11.9501926,213.9347782,307.9141615,48.4091224,69.67476002,-52.54730792,0.226279817,1.415709855,-2.748425078,-52.47453628,0.414884788,-0.427566164,0.595770268,-10.13988964
1441,11.9574153,213.9436288,307.9265155,48.41112511,69.67755549,-52.35406913,0.226279817,1.417712564,-2.751220548,-52.56385318,0.316464412,-0.381935244,0.496008321,-11.41212464
1442,11.9615001,213.9577662,307.9354863,48.41432411,69.6795854,-52.54652794,0.226279817,1.420911569,-2.753250452,-52.7136117,0.015582425,-0.238982372,0.239489846,-21.01279893
1443,11.9725011,213.9484488,307.9351426,48.41221578,69.67950763,-53.01339189,0.226279817,1.418803237,-2.753172687,-52.82923723,-0.006845092,-0.157239756,0.157388679,-22.07682927
1444,11.9762449,213.9339544,307.9318981,48.40893599,69.67877347,-53.10676163,0.226279817,1.415523444,-2.752438525,-52.98425748,-0.04687113,-0.175894723,0.18203257,-21.1175322
1445,11.9886075,213.9324823,307.9376559,48.40860288,69.68007634,-53.12543558,0.226279817,1.415190335,-2.753741395,-53.10093536,-0.199581409,-0.096401835,0.221643977,-13.86023296
1446,11.9916902,213.9335333,307.9441994,48.40884071,69.681557,-53.12917037,0.226279817,1.415428164,-2.75522206,-53.12427032,-0.153588755,-0.151277686,0.215579322,-11.8117837
1447,12.004106,213.9346086,307.9496576,48.40908402,69.68279209,-53.12991733,0.226279817,1.41567148,-2.756457142,-53.12893732,0.021780452,-0.197133119,0.198332687,-3.532275407
1448,12.0075861,213.9351979,307.9537688,48.40921736,69.68372235,-53.13006672,0.226279817,1.415804817,-2.757387408,-53.12987072,0.024941839,-0.186460348,0.188121122,-1.645668177
1449,12.0269287,213.9352651,307.9566047,48.40923257,69.68436407,-53.1300966,0.226279817,1.415820024,-2.758029126,-53.1300574,0.004076924,-0.097084779,0.097170343,-0.13199847
1450,12.0344923,213.9348928,307.9583437,48.40914832,69.68475756,-53.13010257,0.226279817,1.415735781,-2.758422617,-53.13009473,0.394662696,-0.381261202,0.54874288,-4.417107238
1451,12.0402225,213.9342046,307.9591904,48.4089926,69.68494916,-53.13010377,0.226279817,1.415580063,-2.758614214,-53.1301022,0.625577151,-0.508825642,0.806380993,-7.185921557
1452,12.0447438,213.9736177,307.9895687,48.41791099,69.69182316,-53.13010401,0.226279817,1.424498445,-2.765488212,-53.22867303,1.140047189,-0.727247918,1.35225631,-14.69427036
1453,12.0531254,214.0178032,308.0230956,48.42790928,69.69940961,-53.13010405,0.226279817,1.434496742,-2.77307467,-53.34695653,1.260067333,-0.754671921,1.468774793,-16.7645314
1454,12.0563803,214.0548163,308.0392822,48.43628459,69.70307231,-53.62295074,0.226279817,1.442872044,-2.776737369,-53.46918257,1.559898138,-0.825360827,1.76479537,-23.05659489
1455,12.0682586,214.0857332,308.0492111,48.44328046,69.70531903,-53.72152008,0.226279817,1.449867919,-2.778984082,-53.59219711,1.241620062,-0.537932971,1.353141626,-20.97766826
1456,12.0721736,214.1112008,308.0559048,48.44904326,69.70683366,-53.74123395,0.226279817,1.455630717,-2.78049872,-53.71536935,1.250391412,-0.39924637,1.312583843,-27.77590663
1457,12.0843786,214.1317583,308.0603934,48.45369502,69.70784936,-53.74517672,0.226279817,1.46028248,-2.781514413,-53.85458937,0.763477983,-0.123058584,0.773331782,-22.43281916
1458,12.0873395,214.1479413,308.0631635,48.45735689,69.70847618,-53.74596528,0.226279817,1.463944352,-2.782141234,-53.99701895,0.702901593,0.157737012,0.720382964,-28.89833015
1459,12.1005429,214.1560268,308.0482463,48.45918648,69.70510071,-54.31905084,0.226279817,1.465773938,-2.77876577,-54.14009044,0.415130137,0.298873064,0.511525307,-24.15115911
1460,12.1038978,214.1602683,308.0302348,48.46014625,69.70102507,-54.43366796,0.226279817,1.46673371,-2.774690125,-54.2832903,0.339244387,0.51000201,0.612526575,-20.28896869
1461,12.116224,214.1620725,308.0128688,48.46055452,69.69709548,-54.45659138,0.226279817,1.467141975,-2.77076054,-54.37851963,0.116225978,0.561956871,0.573850158,-10.5747406
1462,12.1198866,214.1621002,307.9971289,48.46056077,69.69353388,-54.46117606,0.226279817,1.467148227,-2.767198935,-54.34956989,0.218021558,0.4288947,0.481127908,-8.393307094
1463,12.1322671,214.1687561,307.9944986,48.46206687,69.69293869,-54.22211192,0.226279817,1.468654329,-2.766603744,-54.34377995,0.98052379,-0.288038773,1.021955595,0.157973343
1464,12.1485288,214.2152924,308.023939,48.47259709,69.69960045,-54.17430215,0.226279817,1.479184546,-2.773265508,-54.34262196,1.144775489,-0.450215097,1.230123796,1.025623981
1465,12.1517186,214.273069,308.0573458,48.48567078,69.70715975,-54.40471822,0.226279817,1.492258235,-2.780824803,-54.34239036,1.684966376,-0.960434319,1.939470487,-3.56283585
1466,12.1658735,214.3265146,308.088128,48.49776444,69.71412512,-54.45080143,0.226279817,1.504351901,-2.787790178,-54.39034025,1.813039079,-1.060887681,2.100617379,-3.861696508
1467,12.1697028,214.3722514,308.1148436,48.50811374,69.72017033,-54.46001807,0.226279817,1.514701203,-2.793835383,-54.44792584,1.895086332,-1.362507458,2.334047724,-3.989212266
1468,12.1809211,214.4100299,308.1373611,48.51666225,69.72526559,-54.4618614,0.226279817,1.523249712,-2.798930644,-54.45944296,1.115744464,-1.009207851,1.504455448,-4.011221003
1469,12.1849881,214.4290417,308.1718296,48.52096426,69.73306511,-54.46223007,0.226279817,1.527551717,-2.806730169,-54.46174638,1.022282863,-1.260509839,1.622944024,-12.39056733
1470,12.1972934,214.4400203,308.2046395,48.52344848,69.74048934,-54.4623038,0.226279817,1.530035942,-2.814154394,-54.46220706,0.491665337,-1.026716253,1.138367721,-12.48439408
1471,12.2009317,214.4462439,308.2327547,48.52485677,69.74685124,-54.46231855,0.226279817,1.531444227,-2.820516297,-54.62696473,-0.020404539,-0.813627888,0.813883705,-22.27898493
1472,12.2136752,214.4490358,308.2558281,48.52548851,69.75207229,-54.4623215,0.226279817,1.532075972,-2.825737346,-54.82458179,-0.377012996,-0.358996608,0.52059328,-25.5905829
1473,12.217759,214.4165802,308.2447966,48.51814447,69.74957607,-55.28564972,0.226279817,1.524731932,-2.823241124,-55.02877012,-0.539015914,0.086686935,0.545942103,-36.21202417
1474,12.2297596,214.3781166,308.2259483,48.50944093,69.74531108,-55.45031537,0.226279817,1.516028391,-2.818976137,-55.2342727,-0.680053078,0.476197721,0.830202662,-27.88083426
1475,12.2336314,214.3677111,308.198142,48.50708637,69.73901909,-55.48324545,0.226279817,1.513673825,-2.812684144,-55.44003813,-0.886715136,0.625849039,1.085334397,-25.22782388
1476,12.2449735,214.3517659,308.1881692,48.50347829,69.73676244,-55.48983146,0.226279817,1.510065749,-2.8104275,-55.48119061,-0.565963276,0.509998536,0.761848368,-15.25365589
1477,12.2486439,214.3358091,308.1826777,48.49986758,69.73551982,-55.49114867,0.226279817,1.506455043,-2.809184873,-55.4894205,-0.523524937,0.451109175,0.691070074,-11.84572193
1478,12.2614281,214.3248161,308.1808699,48.49738009,69.73511076,-55.49141211,0.226279817,1.503967551,-2.808775812,-55.49106647,-0.429869784,0.129683654,0.449005435,0.076544664
1479,12.2653152,214.3160024,308.1798229,48.49538575,69.73487383,-55.49146479,0.226279817,1.501973208,-2.80853889,-55.49139567,-0.430999283,0.100263233,0.442507738,6.139892304
1480,12.2772679,214.3086149,308.1788745,48.49371409,69.73465923,-55.49147533,0.226279817,1.500301548,-2.808324285,-55.41410128,-0.196094972,-0.059879381,0.205033603,8.320580329
1481,12.2815981,214.3024192,308.1778821,48.49231214,69.73443467,-55.49147744,0.226279817,1.498899597,-2.808099722,-55.29853498,-0.003646327,-0.389130596,0.389147679,9.207378084
1482,12.2931985,214.3122,308.201575,48.49452532,69.7397959,-55.10467671,0.226279817,1.501112781,-2.813460956,-55.19806149,0.306084821,-0.612293422,0.684537181,9.295134867
1483,12.297866,214.3280347,308.2348725,48.49810841,69.74733045,-54.91358061,0.226279817,1.504695871,-2.820995509,-55.17796679,0.902674144,-0.994886021,1.343361011,4.428734414
1484,12.3092159,214.3799785,308.2877831,48.50986224,69.75930304,-54.98909735,0.226279817,1.516449697,-2.8329681,-55.17394785,1.15058719,-1.109729655,1.598546461,-2.837888037
1485,12.3135011,214.4338199,308.32367,48.52204545,69.76742353,-55.39100184,0.226279817,1.528632908,-2.84108859,-55.25050429,1.535742973,-1.240841743,1.974384641,-9.092086922
1486,12.3254682,214.4822533,308.3512956,48.53300497,69.77367465,-55.47138274,0.226279817,1.539592428,-2.847339707,-55.365923,1.516798999,-0.985040427,1.808586146,-10.29729161
1487,12.3299107,214.5238074,308.3732396,48.54240781,69.77864012,-55.48745892,0.226279817,1.548995263,-2.852305177,-55.46636697,1.587809527,-0.904448745,1.827338673,-10.5422204
1488,12.3415849,214.558526,308.3905358,48.55026393,69.78255392,-55.49067416,0.226279817,1.556851392,-2.856218978,-55.48645577,1.108498852,-0.564324471,1.243877732,-6.983177855
1489,12.3462001,214.5868895,308.4038321,48.55668202,69.78556259,-55.4913172,0.226279817,1.563269479,-2.859227649,-55.49047353,0.973810135,-0.478933283,1.085211163,-5.056207582
1490,12.3576629,214.60951,308.4136793,48.56180059,69.78779081,-55.49144581,0.226279817,1.568388043,-2.861455869,-55.49127708,0.697013815,-0.304923922,0.760793571,-0.535840126
1491,12.3740336,214.6270441,308.4205814,48.5657682,69.78935262,-55.49147154,0.226279817,1.572355655,-2.863017677,-55.49143779,0.5994325,-0.247396719,0.648478573,-0.191807056
1492,12.3780776,214.6401366,308.4250077,48.56873076,69.79035421,-55.49147668,0.226279817,1.575318218,-2.864019266,-55.49146993,0.377384675,-0.1237965,0.397170953,-0.017779553
1493,12.3894273,214.6494178,308.427396,48.57083092,69.79089464,-55.49147771,0.226279817,1.577418382,-2.864559695,-55.49147697,0.33291762,-0.10333095,0.348584892,-2.466650697
1494,12.3943289,214.6554918,308.4281304,48.57220534,69.79106082,-55.49147791,0.226279817,1.578792801,-2.864725877,-55.49147899,0.383014447,-0.126024867,0.403214997,-9.865939722
1495,12.404963,214.6660283,308.4324568,48.57458953,69.79203979,-55.49148101,0.226279817,1.581176984,-2.865704846,-55.62243215,0.215125313,-0.066615574,0.225203319,-12.59967908
1496,12.4092094,214.6752771,308.4363765,48.57668234,69.79292674,-55.49148163,0.226279817,1.5832698,-2.866591801,-55.77957554,0.069150069,-0.005796932,0.069392625,-20.93030238
1497,12.4210823,214.6696699,308.4337859,48.57541357,69.79234054,-56.14624249,0.226279817,1.582001023,-2.866005595,-55.94195698,-0.024267158,0.019005717,0.030823891,-23.55940488
1498,12.4250058,214.660223,308.4293388,48.57327591,69.79133425,-56.27719467,0.226279817,1.579863364,-2.864999307,-56.10538541,-0.182239395,0.093234145,0.204704184,-22.70601328
1499,12.4374536,214.6499534,308.4243818,48.5709521,69.79021258,-56.3033851,0.226279817,1.577539558,-2.86387764,-56.26902325,-0.169641865,0.054877431,0.178297209,-15.41517311
1500,12.4415204,214.6397871,308.419366,48.56865168,69.78907761,-56.30862319,0.226279817,1.575239134,-2.862742667,-56.30175082,-0.196554047,0.061548244,0.205965239,-12.74550116
1501,12.4533769,214.6689113,308.4403594,48.5752419,69.79382799,-56.3096708,0.226279817,1.58182936,-2.867493041,-56.30829633,-0.129525823,0.034038991,0.133923828,-4.418858848
1502,12.4573646,214.6646567,308.4389015,48.57427917,69.79349809,-56.30988033,0.226279817,1.580866633,-2.867163149,-56.30960543,-0.235977001,0.100685205,0.256559263,-1.792304444
1503,12.4701207,214.6528356,308.432197,48.5716043,69.791981,-56.30992223,0.226279817,1.578191758,-2.865646056,-56.30986725,-0.119240286,0.156041972,0.196385699,-0.183000232
1504,12.4741485,214.6400384,308.4246615,48.56870855,69.79027587,-56.30993061,0.226279817,1.575296012,-2.863940924,-56.30992023,-0.191167551,0.542999705,0.575668057,3.949162909
1505,12.4849873,214.6409018,308.3980355,48.56890391,69.78425094,-56.30993229,0.226279817,1.575491371,-2.857915997,-56.30993082,-0.082241826,0.384996916,0.39368305,4.285484406
1506,12.4891695,214.644528,308.369681,48.56972444,69.77783489,-56.30993568,0.226279817,1.576311902,-2.851499947,-56.22583199,0.464796619,-0.066459338,0.469523951,4.438348063
1507,12.501598,214.6611816,308.408529,48.57349282,69.7866254,-56.3099333,0.226279817,1.580080279,-2.860290456,-56.20901222,0.795878773,-0.183788741,0.816823924,4.453152546
,,,,,,,,,,,,,,
,,,,,,,,,,,,,,
,,,,,,,,,,,,,,
,,,,,,,,,,,,,,
,,,,,,,,,,,,,,
,,,,,,,,,,,,,,
,,,,,,,,,,,,,,
,,,,,,,,,,,,,,
,,,,,,,,,,,,,,
,,,,,,,,,,,,,,
,,,,,,,,,,,,,,
,,,,,,,,,,,,,,
,,,,,,,,,,,,,,
,,,,,,,,,,,,,,
,,,,,,,,,,,,,,
,,,,,,,,,,,,,,
,,,,,,,,,,,,,,
,,,,,,,,,,,,,,
,,,,,,,,,,,,,,
,,,,,,,,,,,,,,
,,,,,,,,,,,,,,
,,,,,,,,,,,,,,
,,,,,,,,,,,,,,
,,,,,,,,,,,,,,
,,,,,,,,,,,,,,
,,,,,,,,,,,,,,
,,,,,,,,,,,,,,
,,,,,,,,,,,,,,
,,,,,,,,,,,,,,
,,,,,,,,,,,,,,
,,,,,,,,,,,,,,
,,,,,,,,,,,,,,
,,,,,,,,,,,,,,
,,,,,,,,,,,,,,
,,,,,,,,,,,,,,
,,,,,,,,,,,,,,
,,,,,,,,,,,,,,
,,,,,,,,,,,,,,
,,,,,,,,,,,,,,
,,,,,,,,,,,,,,
,,,,,,,,,,,,,,
,,,,,,,,,,,,,,
,,,,,,,,,,,,,,
,,,,,,,,,,,,,,
,,,,,,,,,,,,,,
,,,,,,,,,,,,,,
,,,,,,,,,,,,,,
,,,,,,,,,,,,,,
,,,,,,,,,,,,,,
,,,,,,,,,,,,,,
,,,,,,,,,,,,,,
,,,,,,,,,,,,,,
,,,,,,,,,,,,,,
,,,,,,,,,,,,,,
,,,,,,,,,,,,,,
,,,,,,,,,,,,,,
,,,,,,,,,,,,,,
,,,,,,,,,,,,,,
,,,,,,,,,,,,,,
,,,,,,,,,,,,,,
,,,,,,,,,,,,,,
,,,,,,,,,,,,,,
,,,,,,,,,,,,,,
,,,,,,,,,,,,,,
,,,,,,,,,,,,,,
,,,,,,,,,,,,,,
,,,,,,,,,,,,,,
,,,,,,,,,,,,,,
,,,,,,,,,,,,,,
,,,,,,,,,,,,,,
,,,,,,,,,,,,,,
,,,,,,,,,,,,,,
,,,,,,,,,,,,,,
,,,,,,,,,,,,,,
,,,,,,,,,,,,,,
,,,,,,,,,,,,,,
,,,,,,,,,,,,,,
,,,,,,,,,,,,,,
,,,,,,,,,,,,,,
,,,,,,,,,,,,,,
,,,,,,,,,,,,,,
,,,,,,,,,,,,,,
,,,,,,,,,,,,,,
,,,,,,,,,,,,,,
,,,,,,,,,,,,,,
,,,,,,,,,,,,,,
,,,,,,,,,,,,,,
,,,,,,,,,,,,,,
,,,,,,,,,,,,,,
,,,,,,,,,,,,,,
,,,,,,,,,,,,,,
,,,,,,,,,,,,,,
,,,,,,,,,,,,,,
,,,,,,,,,,,,,,
,,,,,,,,,,,,,,
,,,,,,,,,,,,,,
,,,,,,,,,,,,,,
,,,,,,,,,,,,,,
,,,,,,,,,,,,,,
,,,,,,,,,,,,,,
,,,,,,,,,,,,,,
,,,,,,,,,,,,,,
,,,,,,,,,,,,,,
,,,,,,,,,,,,,,
,,,,,,,,,,,,,,
,,,,,,,,,,,,,,
,,,,,,,,,,,,,,
,,,,,,,,,,,,,,
,,,,,,,,,,,,,,
,,,,,,,,,,,,,,
,,,,,,,,,,,,,,
,,,,,,,,,,,,,,
,,,,,,,,,,,,,,
,,,,,,,,,,,,,,
,,,,,,,,,,,,,,
,,,,,,,,,,,,,,
,,,,,,,,,,,,,,
,,,,,,,,,,,,,,
,,,,,,,,,,,,,,
,,,,,,,,,,,,,,
,,,,,,,,,,,,,,
,,,,,,,,,,,,,,
,,,,,,,,,,,,,,
,,,,,,,,,,,,,,
,,,,,,,,,,,,,,
,,,,,,,,,,,,,,
,,,,,,,,,,,,,,
,,,,,,,,,,,,,,
,,,,,,,,,,,,,,
,,,,,,,,,,,,,,
,,,,,,,,,,,,,,
,,,,,,,,,,,,,,
,,,,,,,,,,,,,,
,,,,,,,,,,,,,,
,,,,,,,,,,,,,,
,,,,,,,,,,,,,,
,,,,,,,,,,,,,,
,,,,,,,,,,,,,,
,,,,,,,,,,,,,,
,,,,,,,,,,,,,,
,,,,,,,,,,,,,,
,,,,,,,,,,,,,,
,,,,,,,,,,,,,,
,,,,,,,,,,,,,,
,,,,,,,,,,,,,,
,,,,,,,,,,,,,,
,,,,,,,,,,,,,,
,,,,,,,,,,,,,,
,,,,,,,,,,,,,,
,,,,,,,,,,,,,,
,,,,,,,,,,,,,,
,,,,,,,,,,,,,,
,,,,,,,,,,,,,,
,,,,,,,,,,,,,,
,,,,,,,,,,,,,,
,,,,,,,,,,,,,,
,,,,,,,,,,,,,,
,,,,,,,,,,,,,,
,,,,,,,,,,,,,,
,,,,,,,,,,,,,,
,,,,,,,,,,,,,,
,,,,,,,,,,,,,,
,,,,,,,,,,,,,,
,,,,,,,,,,,,,,
,,,,,,,,,,,,,,
,,,,,,,,,,,,,,
,,,,,,,,,,,,,,
,,,,,,,,,,,,,,
,,,,,,,,,,,,,,
,,,,,,,,,,,,,,
,,,,,,,,,,,,,,
,,,,,,,,,,,,,,
,,,,,,,,,,,,,,
,,,,,,,,,,,,,,
,,,,,,,,,,,,,,
,,,,,,,,,,,,,,
,,,,,,,,,,,,,,
,,,,,,,,,,,,,,
,,,,,,,,,,,,,,
,,,,,,,,,,,,,,
,,,,,,,,,,,,,,
,,,,,,,,,,,,,,
,,,,,,,,,,,,,,
,,,,,,,,,,,,,,
,,,,,,,,,,,,,,
,,,,,,,,,,,,,,
,,,,,,,,,,,,,,
,,,,,,,,,,,,,,
,,,,,,,,,,,,,,
,,,,,,,,,,,,,,
