frame,t_s,x_px_filt,y_px_filt,x_mm_abs,y_mm_abs,angle_deg_raw,mm_per_px,x_mm,y_mm,angle_deg_unwrapped,vx_mm_s,vy_mm_s,speed_mm_s,angular_vel_dps
431,3.590260599999965,114.49999046325684,230.5,26.95153621673584,54.25615384615384,0.0,0.2353846153846154,0.0,-0.0,0.0,,,,
432,3.594740300000012,114.49999761581421,230.5,26.951537900337808,54.25615384615384,0.0,0.2353846153846154,1.6836019689492332e-06,-0.0,0.0,,,,
433,3.6070637000002534,114.50000512599945,230.5,26.95153966811987,54.25615384615384,0.0,0.2353846153846154,3.451384031905036e-06,-0.0,0.0,,,,0.0
434,3.6120968000000175,114.50001272559166,230.5,26.95154145694696,54.25615384615384,0.0,0.2353846153846154,5.240211120138838e-06,-0.0,0.0,0.00018765668192906968,0.0,0.00018765668192906968,0.0
435,3.6228877000003195,114.50001462548971,230.5,26.951541904153732,54.25615384615384,0.0,0.2353846153846154,5.687417893085467e-06,-0.0,0.0,0.0001129933619902139,0.0,0.0001129933619902139,0.0
436,3.62793529999999,114.50001510046422,230.5,26.951542015955425,54.25615384615384,0.0,0.2353846153846154,5.799219586322124e-06,-0.0,0.0,8.453577325617947e-05,0.0,8.453577325617947e-05,0.0
437,3.6390595000002577,114.50001521920785,230.5,26.95154204390585,54.25615384615384,0.0,0.2353846153846154,5.827170010519467e-06,-0.0,0.0,1.3486536954275478e-05,0.0,1.3486536954275478e-05,0.0
438,3.645076700000118,114.50001524889376,230.5,26.951542050893455,54.25615384615384,0.0,0.2353846153846154,5.834157615680624e-06,-0.0,0.0,5.214686576567282e-06,0.0,5.214686576567282e-06,0.0
439,3.655574599999909,114.50001525631524,230.5,26.951542052640356,54.25615384615384,0.0,0.2353846153846154,5.835904516970913e-06,-0.0,0.0,7.869347724399432e-07,0.0,7.869347724399432e-07,0.0
440,3.6607922000002873,114.5000152581706,230.5,26.95154205307708,54.25615384615384,0.0,0.2353846153846154,5.836341241405307e-06,-0.0,0.0,2.8476884536689494e-07,0.0,2.8476884536689494e-07,0.0
441,3.6709803000003376,114.50001525863445,230.5,26.951542053186262,54.25615384615384,0.0,0.2353846153846154,5.836450423402084e-06,-0.0,0.0,5.282937347980918e-08,0.0,5.282937347980918e-08,0.0
442,3.6865891000002193,114.50001525875041,230.5,26.951542053213558,54.25615384615384,0.0,0.2353846153846154,5.836477718901278e-06,-0.0,0.0,1.9578742629840362e-08,0.0,1.9578742629840362e-08,0.0
443,3.690923600000133,114.5000152587794,230.5,26.951542053220383,54.25615384615384,0.0,0.2353846153846154,5.836484543664255e-06,-0.0,0.0,2.8576838455051233e-09,0.0,2.8576838455051233e-09,0.0
444,3.702166500000203,114.50001525878665,230.5,26.951542053222088,54.25615384615384,0.0,0.2353846153846154,5.836486248966821e-06,-0.0,0.0,7.161020634474682e-10,0.0,7.161020634474682e-10,0.0
445,3.706567300000188,114.50001525878847,230.5,26.951542053222514,54.25615384615384,0.0,0.2353846153846154,5.836486675292463e-06,-0.0,0.0,3.6746419206047335e-10,0.0,3.6746419206047335e-10,0.0
446,3.7192101999999068,114.50001525878892,230.5,26.951542053222624,54.25615384615384,0.0,0.2353846153846154,5.836486785426587e-06,-0.0,0.0,5.2692502179469175e-11,0.0,5.2692502179469175e-11,0.0
447,3.7237027000001035,114.50001525878903,230.5,26.95154205322265,54.25615384615384,0.0,0.2353846153846154,5.8364868102955825e-06,-0.0,0.0,2.2356866964113892e-11,0.0,2.2356866964113892e-11,0.0
448,3.7344207000001006,114.50001525878906,230.5,26.951542053222656,54.25615384615384,0.0,0.2353846153846154,5.83648681740101e-06,-0.0,0.0,2.98195142796026e-12,0.0,2.98195142796026e-12,0.0
449,3.738292700000329,114.50001525878906,230.5,26.951542053222656,54.25615384615384,0.0,0.2353846153846154,5.83648681740101e-06,-0.0,0.0,1.2397226031611208e-12,0.0,1.2397226031611208e-12,0.0
450,3.751245700000254,114.50001525878906,230.5,26.951542053222656,54.25615384615384,0.0,0.2353846153846154,5.83648681740101e-06,-0.0,0.0,1.3258867993287763e-13,0.0,1.3258867993287763e-13,0.0
451,3.755524200000309,114.50001525878906,230.5,26.951542053222656,54.25615384615384,0.0,0.2353846153846154,5.83648681740101e-06,-0.0,0.0,-6.397271642114547e-05,0.0,6.397271642114547e-05,0.0
452,3.7671675999999934,114.50001525878906,230.5,26.951542053222656,54.25615384615384,0.0,0.2353846153846154,5.83648681740101e-06,-0.0,0.0,-9.424080640187929e-05,0.0,9.424080640187929e-05,0.0
453,3.7713784000002306,114.50000953674316,230.5,26.951540706341085,54.25615384615384,0.0,0.2353846153846154,4.489605245794337e-06,-0.0,0.0,-0.0001818067893065503,0.0,0.0001818067893065503,0.0
454,3.782502999999906,114.50000238418579,230.5,26.951539022739116,54.25615384615384,0.0,0.2353846153846154,2.8060032768451038e-06,-0.0,0.0,-0.00021069681552196744,0.0,0.00021069681552196744,0.0
455,3.7865406000000803,114.49999487400055,230.5,26.951537254957053,54.25615384615384,0.0,0.2353846153846154,1.038221213889301e-06,-0.0,0.0,-0.00023245076288699835,0.0,0.00023245076288699835,0.0
456,3.7989243000001807,114.49998727440834,230.5,26.951535466129965,54.25615384615384,0.0,0.2353846153846154,-7.50605874344501e-07,-0.0,0.0,-0.00017048496994608768,0.0,0.00017048496994608768,0.0
457,3.803035800000089,114.49998537451029,230.5,26.95153501892319,54.25615384615384,0.0,0.2353846153846154,-1.19781264729113e-06,-0.0,0.0,-0.00014199716176121685,0.0,0.00014199716176121685,0.0
458,3.8141774000000623,114.49998489953578,230.5,26.9515349071215,54.25615384615384,0.0,0.2353846153846154,-1.3096143405277871e-06,-0.0,0.0,-5.454138910316331e-05,0.0,5.454138910316331e-05,0.0
459,3.81731740000032,114.49998478079215,230.5,26.951534879171074,54.25615384615384,0.0,0.2353846153846154,-1.3375647647251299e-06,-0.0,0.0,-2.57593396031578e-05,0.0,2.57593396031578e-05,0.0
460,3.8299979000003077,114.49998475110624,230.5,26.95153487218347,54.25615384615384,0.0,0.2353846153846154,-1.3445523698862871e-06,-0.0,0.0,-4.012041311455931e-06,0.0,4.012041311455931e-06,0.0
461,3.8332336000003124,114.49998474368476,230.5,26.951534870436568,54.25615384615384,0.0,0.2353846153846154,-1.3462992711765764e-06,-0.0,0.0,-2.011340091252852e-06,0.0,2.011340091252852e-06,0.0
462,3.8463700000002063,114.4999847418294,230.5,26.951534869999843,54.25615384615384,0.0,0.2353846153846154,-1.3467359956109703e-06,-0.0,0.0,-2.3148583972468106e-07,0.0,2.3148583972468106e-07,0.0
463,3.849879400000191,114.49998474136555,230.5,26.95153486989066,54.25615384615384,0.0,0.2353846153846154,-1.3468451776077472e-06,-0.0,0.0,-1.2165820070223762e-07,0.0,1.2165820070223762e-07,0.0
464,3.8626478999999563,114.49998474124959,230.5,26.951534869863366,54.25615384615384,0.0,0.2353846153846154,-1.3468724731069415e-06,-0.0,0.0,-1.370832396554784e-08,0.0,1.370832396554784e-08,0.0
465,3.8662154000003284,114.4999847412206,230.5,26.95153486985654,54.25615384615384,0.0,0.2353846153846154,-1.3468792978699184e-06,-0.0,0.0,-7.081230866867494e-09,0.0,7.081230866867494e-09,0.0
466,3.8789231999999174,114.49998474121335,230.5,26.951534869854836,54.25615384615384,0.0,0.2353846153846154,-1.3468810031724843e-06,-0.0,0.0,-8.607606303209998e-10,0.0,8.607606303209998e-10,0.0
467,3.8828347000003305,114.49998474121153,230.5,26.951534869854406,54.25615384615384,0.0,0.2353846153846154,-1.3468814330508394e-06,-0.0,0.0,-4.348374816807178e-10,0.0,4.348374816807178e-10,0.0
468,3.8947446000001946,114.49998474121108,230.5,26.9515348698543,54.25615384615384,0.0,0.2353846153846154,-1.3468815396322498e-06,-0.0,0.0,-5.2340534656431317e-11,0.0,5.2340534656431317e-11,0.0
469,3.8978126000001794,114.49998474121097,230.5,26.951534869854274,54.25615384615384,0.0,0.2353846153846154,-1.3468815645012455e-06,-0.0,0.0,-2.550185973426716e-11,0.0,2.550185973426716e-11,0.0
470,3.9106559000001653,114.49998474121094,230.5,26.951534869854267,54.25615384615384,0.0,0.2353846153846154,-1.3468815716066729e-06,-0.0,0.0,-3.5216293832783475e-12,0.0,3.5216293832783475e-12,0.0
471,3.9318450000000666,114.49998474121094,230.5,26.951534869854267,54.25615384615384,0.0,0.2353846153846154,-1.3468815716066729e-06,-0.0,0.0,-1.7318341647587823e-12,0.0,1.7318341647587823e-12,0.0
472,3.940621700000065,114.49998474121094,230.5,26.951534869854267,54.25615384615384,0.0,0.2353846153846154,-1.3468815716066729e-06,-0.0,0.0,-1.1064800102168137e-13,0.0,1.1064800102168137e-13,0.0
473,3.9474589999999807,114.49998474121094,230.5,26.951534869854267,54.25615384615384,0.0,0.2353846153846154,-1.3468815716066729e-06,-0.0,0.0,4.3202513844252776e-05,0.0,4.3202513844252776e-05,0.0
474,3.953372400000262,114.49998474121094,230.5,26.951534869854267,54.25615384615384,0.0,0.2353846153846154,-1.3468815716066729e-06,-0.0,0.0,0.00011723791188062859,0.0,0.00011723791188062859,0.0
475,3.959607600000254,114.49999046325684,230.5,26.95153621673584,54.25615384615384,0.0,0.2353846153846154,0.0,-0.0,0.0,0.00015237639729939823,0.0,0.00015237639729939823,0.0
476,3.964155699999992,114.49999761581421,230.5,26.951537900337808,54.25615384615384,0.0,0.2353846153846154,1.6836019689492332e-06,-0.0,0.0,0.0002442760678981843,0.0,0.0002442760678981843,0.0
477,3.9742175000001225,114.50000512599945,230.5,26.95153966811987,54.25615384615384,0.0,0.2353846153846154,3.451384031905036e-06,-0.0,0.0,0.00025175963547356033,0.0,0.00025175963547356033,0.0
478,3.9781105000001844,114.50001272559166,230.5,26.95154145694696,54.25615384615384,0.0,0.2353846153846154,5.240211120138838e-06,-0.0,0.0,0.0002130235616444644,0.0,0.0002130235616444644,0.0
479,3.990062200000011,114.50001462548971,230.5,26.951541904153732,54.25615384615384,0.0,0.2353846153846154,5.687417893085467e-06,-0.0,0.0,0.00013949586851152591,0.0,0.00013949586851152591,0.0
480,3.9950684999998884,114.50001510046422,230.5,26.951542015955425,54.25615384615384,0.0,0.2353846153846154,5.799219586322124e-06,-0.0,0.0,0.0001046658117375145,0.0,0.0001046658117375145,0.0
481,4.006079000000227,114.50001521920785,230.5,26.95154204390585,54.25615384615384,0.0,0.2353846153846154,5.827170010519467e-06,-0.0,0.0,1.2794370693207773e-05,0.0,1.2794370693207773e-05,0.0
482,4.010610100000122,114.50001524889376,230.5,26.951542050893455,54.25615384615384,0.0,0.2353846153846154,5.834157615680624e-06,-0.0,0.0,5.3298271168909625e-06,0.0,5.3298271168909625e-06,0.0
483,4.0229865000001155,114.50001525631524,230.5,26.951542052640356,54.25615384615384,0.0,0.2353846153846154,5.835904516970913e-06,-0.0,0.0,8.652209066968972e-07,0.0,8.652209066968972e-07,0.0
484,4.027577800000017,114.5000152581706,230.5,26.95154205307708,54.25615384615384,0.0,0.2353846153846154,5.836341241405307e-06,-0.0,0.0,3.5861618460558085e-07,0.0,3.5861618460558085e-07,0.0
485,4.039485499999955,114.50001525863445,230.5,26.951542053186262,54.25615384615384,0.0,0.2353846153846154,5.836450423402084e-06,-0.0,0.0,5.031462685567837e-08,0.0,5.031462685567837e-08,0.0
486,4.044447499999933,114.50001525875041,230.5,26.951542053213558,54.25615384615384,0.0,0.2353846153846154,5.836477718901278e-06,-0.0,0.0,2.216211337773868e-08,0.0,2.216211337773868e-08,0.0
487,4.0551878000001125,114.5000152587794,230.5,26.951542053220383,54.25615384615384,0.0,0.2353846153846154,5.836484543664255e-06,-0.0,0.0,3.146067561575948e-09,0.0,3.146067561575948e-09,0.0
488,4.059614799999963,114.50001525878665,230.5,26.951542053222088,54.25615384615384,0.0,0.2353846153846154,5.836486248966821e-06,-0.0,0.0,-0.869165800272036,0.0,0.869165800272036,0.0
489,4.070335599999908,114.50001525878847,230.5,26.951542053222514,54.25615384615384,0.0,0.2353846153846154,5.836486675292463e-06,-0.0,0.0,-0.9078357082140911,0.0,0.9078357082140911,0.0
490,4.074888399999963,114.41595840454087,230.5,26.931756362915007,54.25615384615384,0.0,0.2353846153846154,-0.01977985382083247,-0.0,0.0,-0.8206136787472399,0.0,0.8206136787472399,0.0
491,4.087402900000143,114.40567874908444,230.5,26.92933669016911,54.25615384615384,0.0,0.2353846153846154,-0.0221995265667303,-0.0,0.0,-0.773109463929944,0.0,0.773109463929944,0.0
492,4.091612000000168,114.4134771823883,230.5,26.93117232139294,54.25615384615384,0.0,0.2353846153846154,-0.02036389534289995,-0.0,0.0,-1.4620974606753843,0.0,1.4620974606753843,0.0
493,4.103252100000191,114.42522293329239,230.5,26.933937090451902,54.25615384615384,0.0,0.2353846153846154,-0.017599126283936783,-0.0,0.0,-0.5884013818329888,0.0,0.5884013818329888,0.0
494,4.108173999999963,114.35318912565708,230.5,26.916981440346976,54.25615384615384,0.0,0.2353846153846154,-0.03455477638886251,-0.0,0.0,-0.3523903168659024,0.0,0.3523903168659024,0.0
495,4.118627000000288,114.35419503226876,230.5,26.91721821528788,54.25615384615384,0.0,0.2353846153846154,-0.03431800144796071,-0.0,0.0,-0.6883719905832503,0.0,0.6883719905832503,0.0
496,4.122929500000282,114.37223062757403,230.5,26.92146351695204,54.25615384615384,0.0,0.2353846153846154,-0.030072699783797674,-0.0,0.0,-0.9664901963854527,0.0,0.9664901963854527,0.0
497,4.134889899999962,114.30903055728413,230.5,26.90658719271457,54.25615384615384,0.0,0.2353846153846154,-0.04494902402126755,-0.0,0.0,-1.0505969138082225,0.0,1.0505969138082225,0.0
498,4.150067100000342,114.23468256607885,230.5,26.8890868194001,54.25615384615384,0.0,0.2353846153846154,-0.062449397335740287,-0.0,0.0,-1.2827464482305473,0.0,1.2827464482305473,0.0
499,4.154232100000172,114.16628515873163,230.5,26.87298712197837,54.25615384615384,0.0,0.2353846153846154,-0.07854909475747007,-0.0,0.0,-1.0180731189788064,0.0,1.0180731189788064,0.0
500,4.166381800000181,114.10754075684599,230.5,26.859159593534518,54.25615384615384,0.0,0.2353846153846154,-0.09237662320132145,-0.0,0.0,-0.879612422306953,0.0,0.879612422306953,0.0
501,4.169970700000249,114.14276234070076,230.5,26.86745021250341,54.25615384615384,0.0,0.2353846153846154,-0.08408600423242873,-0.0,0.0,-1.192057039419432,0.0,1.192057039419432,0.0
502,4.1824802000001,114.11345318893495,230.5,26.860551289087766,54.25615384615384,0.0,0.2353846153846154,-0.09098492764807276,-0.0,0.0,-0.24045241366148787,0.0,0.24045241366148787,0.0
503,4.185866900000292,114.07438571239487,230.5,26.851355406148333,54.25615384615384,0.0,0.2353846153846154,-0.10018081058750639,-0.0,0.0,-0.22587672490742633,0.0,0.22587672490742633,0.0
504,4.198625900000025,114.12276627367977,230.5,26.86274344595847,54.25615384615384,0.0,0.2353846153846154,-0.08879277077737058,-0.0,0.0,-0.4874209659515669,0.0,0.4874209659515669,0.0
505,4.202889800000321,114.10347027020217,230.5,26.858201463601432,54.25615384615384,0.0,0.2353846153846154,-0.09333475313440687,-0.0,0.0,-0.5802850211180924,0.0,0.5802850211180924,0.0
506,4.215298999999959,114.15631304789721,230.5,26.870639840505035,54.25615384615384,0.0,0.2353846153846154,-0.08089637623080392,-0.0,0.0,0.17240662551902156,0.0,0.17240662551902156,0.0
507,4.219769000000269,114.13702252161787,230.5,26.866099147396206,54.25615384615384,0.0,0.2353846153846154,-0.08543706933963335,-0.0,0.0,0.6764147545296462,0.0,0.6764147545296462,0.0
508,4.231286600000203,114.18831027212809,230.5,26.878171494824,54.25615384615384,0.0,0.2353846153846154,-0.07336472191184029,-0.0,0.0,1.114202890905875,0.0,1.114202890905875,0.0
509,4.235598400000072,114.25082245633769,230.5,26.892885901261025,54.25615384615384,0.0,0.2353846153846154,-0.05865031547481436,-0.0,0.0,1.4851753963719023,0.0,1.4851753963719023,0.0
510,4.2479465000001255,114.30977211188716,230.5,26.906761743259594,54.25615384615384,0.0,0.2353846153846154,-0.04477447347624519,-0.0,0.0,1.8900333209216522,0.0,1.8900333209216522,0.0
511,4.252222800000254,114.36167993593077,230.5,26.91898004645755,54.25615384615384,0.0,0.2353846153846154,-0.03255617027829061,-0.0,0.0,2.143295051094846,0.0,2.143295051094846,0.0
512,4.262574600000335,114.4060308696028,230.5,26.92941957392189,54.25615384615384,0.0,0.2353846153846154,-0.022116642813948317,-0.0,0.0,1.5687442154317073,0.0,1.5687442154317073,0.0
513,4.2663454000003185,114.44310813549151,230.5,26.93814699189262,54.25615384615384,0.0,0.2353846153846154,-0.013389224843219694,-0.0,0.0,0.7082443070400292,0.0,0.7082443070400292,0.0
514,4.27958609999996,114.47347463519124,230.5,26.945294798745014,54.25615384615384,0.0,0.2353846153846154,-0.0062414179908252265,-0.0,0.0,-0.17291885732237766,0.0,0.17291885732237766,0.0
515,4.284010600000329,114.41372350193745,230.5,26.931230301225277,54.25615384615384,0.0,0.2353846153846154,-0.020305915510562045,-0.0,0.0,-0.2355485678098394,0.0,0.2355485678098394,0.0
516,4.295473399999992,114.33830941552343,230.5,26.91347898550013,54.25615384615384,0.0,0.2353846153846154,-0.038057231235708144,-0.0,0.0,-0.5842880375042198,0.0,0.5842880375042198,0.0
517,4.299446500000158,114.35004595129297,230.5,26.91624158545819,54.25615384615384,0.0,0.2353846153846154,-0.035294631277647426,-0.0,0.0,-0.271494734910681,0.0,0.271494734910681,0.0
518,4.311704799999916,114.37977070413183,230.5,26.92323833497257,54.25615384615384,0.0,0.2353846153846154,-0.02829788176326886,-0.0,0.0,0.1418751495169551,0.0,0.1418751495169551,0.0
519,4.315119500000037,114.41029034754175,230.5,26.930422189498287,54.25615384615384,0.0,0.2353846153846154,-0.021114027237551625,-0.0,0.0,-0.5517761246202133,0.0,0.5517761246202133,0.0
520,4.327154500000233,114.35343852316473,230.5,26.91704014468339,54.25615384615384,0.0,0.2353846153846154,-0.03449607205244831,-0.0,0.0,-0.9459056562554682,0.0,0.9459056562554682,0.0
521,4.330496399999902,114.28221110173845,230.5,26.90027430548613,54.25615384615384,0.0,0.2353846153846154,-0.05126191124971058,-0.0,0.0,-1.7318507232533742,0.0,1.7318507232533742,0.0
522,4.342943699999978,114.21477122025883,230.5,26.88439999492246,54.25615384615384,0.0,0.2353846153846154,-0.06713622181337797,-0.0,0.0,-2.3517775924661826,0.0,2.3517775924661826,0.0
523,4.347105300000294,114.15538500477174,230.5,26.870421393430888,54.25615384615384,0.0,0.2353846153846154,-0.08111482330495079,-0.0,0.0,-2.0050844931418554,0.0,2.0050844931418554,0.0
524,4.359082700000272,114.10471272152985,230.5,26.858493917529334,54.25615384615384,0.0,0.2353846153846154,-0.09304229920650542,-0.0,0.0,-1.28855085936002,0.0,1.28855085936002,0.0
525,4.374895599999945,114.14646702925941,230.5,26.868322239194907,54.25615384615384,0.0,0.2353846153846154,-0.0832139775409324,-0.0,0.0,-1.166613400662899,0.0,1.166613400662899,0.0
526,4.37888380000004,114.12216706554238,230.5,26.862602401581515,54.25615384615384,0.0,0.2353846153846154,-0.08893381515432353,-0.0,0.0,0.11839454945456052,0.0,0.11839454945456052,0.0
527,4.3914042999999765,114.08676086733774,230.5,26.854268327234884,54.25615384615384,0.0,0.2353846153846154,-0.09726788950095511,-0.0,0.0,0.2417193462561325,0.0,0.2417193462561325,0.0
528,4.395310000000336,114.13763603287447,230.5,26.866243558507374,54.25615384615384,0.0,0.2353846153846154,-0.08529265822846455,-0.0,0.0,0.7076815575843884,0.0,0.7076815575843884,0.0
529,4.406342799999948,114.11986204166588,230.5,26.862059834422894,54.25615384615384,0.0,0.2353846153846154,-0.08947638231294519,-0.0,0.0,1.2571244580486236,0.0,1.2571244580486236,0.0
530,4.410615000000234,114.1734286451821,230.5,26.874668588789017,54.25615384615384,0.0,0.2353846153846154,-0.07686762794682167,-0.0,0.0,1.1274242530217073,0.0,1.1274242530217073,0.0
531,4.4222405999998955,114.23827865482579,230.5,26.889933283366688,54.25615384615384,0.0,0.2353846153846154,-0.06160293336915146,-0.0,0.0,0.6881417262695301,0.0,0.6881417262695301,0.0
532,4.426343000000088,114.215375251475,230.5,26.88454217457796,54.25615384615384,0.0,0.2353846153846154,-0.06699404215788007,-0.0,0.0,1.3799944900477592,0.0,1.3799944900477592,0.0
533,4.43815399999994,114.25901349060312,230.5,26.894813944711196,54.25615384615384,0.0,0.2353846153846154,-0.056722272024643416,-0.0,0.0,0.9908072739574978,0.0,0.9908072739574978,0.0
534,4.442276600000241,114.31295855758731,230.5,26.907511783555165,54.25615384615384,0.0,0.2353846153846154,-0.04402443318067384,-0.0,0.0,1.184290123600195,0.0,1.184290123600195,0.0
535,4.45407860000023,114.36336918651597,230.5,26.919377670056836,54.25615384615384,0.0,0.2353846153846154,-0.03215854667900331,-0.0,0.0,1.589337227122599,0.0,1.589337227122599,0.0
536,4.458594200000334,114.40711693957333,230.5,26.929675218084185,54.25615384615384,0.0,0.2353846153846154,-0.02186099865165403,-0.0,0.0,1.7010947423913154,0.0,1.7010947423913154,0.0
537,4.470754899999974,114.44385458279372,230.5,26.938322694103753,54.25615384615384,0.0,0.2353846153846154,-0.013213522632085528,-0.0,0.0,1.187832513422752,0.0,1.187832513422752,0.0
538,4.475717400000121,114.47397023749531,230.5,26.945411455902743,54.25615384615384,0.0,0.2353846153846154,-0.006124760833095877,-0.0,0.0,1.184492704576893,0.0,1.184492704576893,0.0
539,4.486761999999999,114.49807591813848,230.5,26.95108556226952,54.25615384615384,0.0,0.2353846153846154,-0.00045065446632008843,-0.0,0.0,0.42526426782841,0.0,0.42526426782841,0.0
540,4.491229100000055,114.5168396124692,230.5,26.95550224724275,54.25615384615384,0.0,0.2353846153846154,0.003966030506912688,-0.0,0.0,0.2803465051350593,0.0,0.2803465051350593,0.0
541,4.502095300000292,114.44686928116906,230.5,26.939032307721334,54.25615384615384,0.0,0.2353846153846154,-0.012503909014505155,-0.0,0.0,-0.2681479592881031,0.0,0.2681479592881031,0.0
542,4.505794900000183,114.4466572769573,230.5,26.93898240519149,54.25615384615384,0.0,0.2353846153846154,-0.012553811544350424,-0.0,0.0,-1.3689947222409782,0.0,1.3689947222409782,0.0
543,4.518259400000261,114.37707569619245,230.5,26.922603971565298,54.25615384615384,0.0,0.2353846153846154,-0.028932245170540938,-0.0,0.0,-1.8510218594488688,0.0,1.8510218594488688,0.0
544,4.521973100000196,114.29833996896998,230.5,26.90407079269601,54.25615384615384,0.0,0.2353846153846154,-0.04746542403982801,-0.0,0.0,-1.290954689925021,0.0,1.290954689925021,0.0
545,4.534054499999911,114.22538378984991,230.5,26.886898030533903,54.25615384615384,0.0,0.2353846153846154,-0.06463818620193607,-0.0,0.0,-1.459376044849862,0.0,1.459376044849862,0.0
546,4.537771799999973,114.24567128010408,230.5,26.891673393624497,54.25615384615384,0.0,0.2353846153846154,-0.05986282311134161,-0.0,0.0,-1.9359626745621354,0.0,1.9359626745621354,0.0
547,4.549854800000048,114.2017509956852,230.5,26.88133523436898,54.25615384615384,0.0,0.2353846153846154,-0.07020098236685968,-0.0,0.0,-1.119320716868423,0.0,1.119320716868423,0.0
548,4.5532232999999,114.14884549428263,230.5,26.8688820932696,54.25615384615384,0.0,0.2353846153846154,-0.0826541234662379,-0.0,0.0,-0.2745313548655771,0.0,0.2745313548655771,0.0
549,4.565803899999992,114.10035415005991,230.5,26.857467976860256,54.25615384615384,0.0,0.2353846153846154,-0.09406823987558255,-0.0,0.0,-0.6204642321320231,0.0,0.6204642321320231,0.0
550,4.569399900000008,114.14316867667513,230.5,26.867545857740453,54.25615384615384,0.0,0.2353846153846154,-0.08399035899538632,-0.0,0.0,-0.3037557662998336,0.0,0.3037557662998336,0.0
551,4.581867200000033,114.1195972533973,230.5,26.861997507338135,54.25615384615384,0.0,0.2353846153846154,-0.08953870939770425,-0.0,0.0,0.12814221606855708,0.0,0.12814221606855708,0.0
552,4.597787000000153,114.16883058776338,230.5,26.873586276811995,54.25615384615384,0.0,0.2353846153846154,-0.07794993992384391,-0.0,0.0,0.17865583354094847,0.0,0.17865583354094847,0.0
553,4.601216699999895,114.146428990935,230.5,26.868313285558546,54.25615384615384,0.0,0.2353846153846154,-0.08322293117729274,-0.0,0.0,0.26008334387683596,0.0,0.26008334387683596,0.0
554,4.613956500000313,114.11099384441343,230.5,26.85997239722347,54.25615384615384,0.0,0.2353846153846154,-0.0915638195123698,-0.0,0.0,0.27853547123953865,0.0,0.27853547123953865,0.0
555,4.617621500000041,114.16096913371078,230.5,26.87173581147346,54.25615384615384,0.0,0.2353846153846154,-0.07980040526237886,-0.0,0.0,-0.1986625616849118,0.0,0.1986625616849118,0.0
556,4.63041770000018,114.14179143198726,230.5,26.867221675529308,54.25615384615384,0.0,0.2353846153846154,-0.08431454120653115,-0.0,0.0,0.31221601449872316,0.0,0.31221601449872316,0.0
557,4.63498860000027,114.10959412874877,230.5,26.859642925690096,54.25615384615384,0.0,0.2353846153846154,-0.09189329104574284,-0.0,0.0,0.2549371576411049,0.0,0.2549371576411049,0.0
558,4.647183099999893,114.16227859810516,230.5,26.87204403924629,54.25615384615384,0.0,0.2353846153846154,-0.07949217748954851,-0.0,0.0,-0.506630020317526,0.0,0.506630020317526,0.0
559,4.651455400000032,114.14519725877922,230.5,26.8680233547588,54.25615384615384,0.0,0.2353846153846154,-0.083512861977038,-0.0,0.0,0.053886442438051296,0.0,0.053886442438051296,0.0
560,4.663518199999999,114.11454257031004,230.5,26.860807712703746,54.25615384615384,0.0,0.2353846153846154,-0.09072850403209287,-0.0,0.0,0.6703902323960738,0.0,0.6703902323960738,0.0
561,4.668682200000148,114.16828789477478,230.5,26.873458535231602,54.25615384615384,0.0,0.2353846153846154,-0.07807768150423655,-0.0,0.0,1.157752293936754,0.0,1.157752293936754,0.0
562,4.679858500000137,114.23592344464096,230.5,26.88937890312318,54.25615384615384,0.0,0.2353846153846154,-0.06215731361265853,-0.0,0.0,1.5856972656038066,0.0,1.5856972656038066,0.0
563,4.684220399999958,114.29992476985164,230.5,26.904443830442002,54.25615384615384,0.0,0.2353846153846154,-0.04709238629383705,-0.0,0.0,1.3052166417715432,0.0,1.3052166417715432,0.0
564,4.6952710999999,114.35619686018752,230.5,26.9176894147826,54.25615384615384,0.0,0.2353846153846154,-0.033846801953238526,-0.0,0.0,0.9298573679829092,0.0,0.9298573679829092,0.0
565,4.6995216000000255,114.3200710961504,230.5,26.90918596570925,54.25615384615384,0.0,0.2353846153846154,-0.04235025102659051,-0.0,0.0,1.0784921916059704,0.0,1.0784921916059704,0.0
566,4.711698800000249,114.34971496336865,230.5,26.91616367599293,54.25615384615384,0.0,0.2353846153846154,-0.03537254074290885,-0.0,0.0,0.18715073583987474,0.0,0.18715073583987474,0.0
567,4.71608070000002,114.39006774841053,230.5,26.92566210077971,54.25615384615384,0.0,0.2353846153846154,-0.025874115956128207,-0.0,0.0,-0.8449756230563875,0.0,0.8449756230563875,0.0
568,4.726969000000281,114.34367362960751,230.5,26.91474163896915,54.25615384615384,0.0,0.2353846153846154,-0.03679457776668826,-0.0,0.0,-0.6608875224903354,0.0,0.6608875224903354,0.0
569,4.730669000000034,114.2813949393843,230.5,26.900082193424304,54.25615384615384,0.0,0.2353846153846154,-0.05145402331153548,-0.0,0.0,-0.40284293992504816,0.0,0.40284293992504816,0.0
570,4.7438169000001835,114.22106170176502,230.5,26.885880677492384,54.25615384615384,0.0,0.2353846153846154,-0.0656555392434548,-0.0,0.0,-0.6477601922912719,0.0,0.6477601922912719,0.0
571,4.747612699999991,114.25110816836118,230.5,26.892953153475787,54.25615384615384,0.0,0.2353846153846154,-0.058583063260051915,-0.0,0.0,0.011988679630496935,0.0,0.011988679630496935,0.0
572,4.759472100000039,114.29862260788619,230.5,26.904137321548596,54.25615384615384,0.0,0.2353846153846154,-0.04739889518724283,-0.0,0.0,0.6278030477993067,0.0,0.6278030477993067,0.0
573,4.764269300000251,114.3454114197938,230.5,26.915150688043774,54.25615384615384,0.0,0.2353846153846154,-0.03638552869206535,-0.0,0.0,0.23801803735584692,0.0,0.23801803735584692,0.0
574,4.775564900000063,114.30304101107637,230.5,26.90517734568413,54.25615384615384,0.0,0.2353846153846154,-0.04635887105170866,-0.0,0.0,-0.34428542255700856,0.0,0.34428542255700856,0.0
575,4.780116899999939,114.24446333199273,230.5,26.891389061222906,54.25615384615384,0.0,0.2353846153846154,-0.060147155512932926,-0.0,0.0,-1.1092370915293137,0.0,1.1092370915293137,0.0
576,4.792819300000247,114.18789348192396,230.5,26.878073388822102,54.25615384615384,0.0,0.2353846153846154,-0.07346282791373682,-0.0,0.0,-1.3933956903427762,0.0,1.3933956903427762,0.0
577,4.7969200000002274,114.13769068615483,230.5,26.866256423048753,54.25615384615384,0.0,0.2353846153846154,-0.08527979368708571,-0.0,0.0,-1.4961735502592934,0.0,1.4961735502592934,0.0
578,4.807949999999892,114.17869261477601,230.5,26.875907646247278,54.25615384615384,0.0,0.2353846153846154,-0.07562857048856131,-0.0,0.0,-1.0425684501756398,0.0,1.0425684501756398,0.0
579,4.812302199999976,114.15286559754166,230.5,26.869828363729038,54.25615384615384,0.0,0.2353846153846154,-0.08170785300680095,-0.0,0.0,-0.9440401352909258,0.0,0.9440401352909258,0.0
580,4.823889799999961,114.11540107650944,230.5,26.8610097918553,54.25615384615384,0.0,0.2353846153846154,-0.09052642488054019,-0.0,0.0,0.1451075668105219,0.0,0.1451075668105219,0.0
581,4.83895960000018,114.07982797603654,230.5,26.85263643128245,54.25615384615384,0.0,0.2353846153846154,-0.09889978545339062,-0.0,0.0,0.2576458473420127,0.0,0.2576458473420127,0.0
582,4.843862600000193,114.1332363366605,230.5,26.86520793770624,54.25615384615384,0.0,0.2353846153846154,-0.08632827902959761,-0.0,0.0,0.34854843177905603,0.0,0.34854843177905603,0.0
583,4.8551566000001,114.2022181570411,230.5,26.88144519696506,54.25615384615384,0.0,0.2353846153846154,-0.07009101977077847,-0.0,0.0,0.3540314363679089,0.0,0.3540314363679089,0.0
584,4.859630599999946,114.18430736213625,230.5,26.877229271395148,54.25615384615384,0.0,0.2353846153846154,-0.07430694534069104,-0.0,0.0,0.9257044238720313,0.0,0.9257044238720313,0.0
585,4.871014400000149,114.1488276187323,230.5,26.868877885640064,54.25615384615384,0.0,0.2353846153846154,-0.08265833109577514,-0.0,0.0,0.3163456372765449,0.0,0.3163456372765449,0.0
586,4.8759485999999015,114.19709803322311,230.5,26.880239998589442,54.25615384615384,0.0,0.2353846153846154,-0.0712962181463972,-0.0,0.0,-0.33526522606491077,0.0,0.33526522606491077,0.0
587,4.886511700000028,114.17543417627454,230.5,26.875140659953853,54.25615384615384,0.0,0.2353846153846154,-0.07639555678198562,-0.0,0.0,-0.28687621785523465,0.0,0.28687621785523465,0.0
588,4.891050600000199,114.14033223791628,230.5,26.866878203694142,54.25615384615384,0.0,0.2353846153846154,-0.08465801304169673,-0.0,0.0,-0.4607583173618859,0.0,0.4607583173618859,0.0
589,4.902642300000025,114.10584187905914,230.5,26.858759703840075,54.25615384615384,0.0,0.2353846153846154,-0.09277651289576383,-0.0,0.0,-0.6977154012578168,0.0,0.6977154012578168,0.0
590,4.907128100000136,114.07529240946205,230.5,26.85156882868876,54.25615384615384,0.0,0.2353846153846154,-0.09996738804708016,-0.0,0.0,0.10148172214205564,0.0,0.10148172214205564,0.0
591,4.919351000000006,114.13334412897684,230.5,26.865233310359166,54.25615384615384,0.0,0.2353846153846154,-0.08630290637667315,-0.0,0.0,0.3989093171749321,0.0,0.3989093171749321,0.0
592,4.9242238000001635,114.20607315382624,230.5,26.88235260390064,54.25615384615384,0.0,0.2353846153846154,-0.06918361283520014,-0.0,0.0,1.0912400867381087,0.0,1.0912400867381087,0.0
593,4.934867899999972,114.19100460132277,230.5,26.878805698465207,54.25615384615384,0.0,0.2353846153846154,-0.0727305182706317,-0.0,0.0,1.3127449237417492,0.0,1.3127449237417492,0.0
594,4.939181600000211,114.24160834332386,230.5,26.890717040813154,54.25615384615384,0.0,0.2353846153846154,-0.06081917592268482,-0.0,0.0,1.6032811607280384,0.0,1.6032811607280384,0.0
595,4.950666200000342,114.21743219142178,230.5,26.885026346596202,54.25615384615384,0.0,0.2353846153846154,-0.06650987013963672,-0.0,0.0,0.7894162092746865,0.0,0.7894162092746865,0.0
596,4.954792700000326,114.26249746741111,230.5,26.895634019252153,54.25615384615384,0.0,0.2353846153846154,-0.05590219748368597,-0.0,0.0,1.2963744422481314,0.0,1.2963744422481314,0.0
597,4.966852300000028,114.2340070115061,230.5,26.88892780424682,54.25615384615384,0.0,0.2353846153846154,-0.06260841248901983,-0.0,0.0,0.6184843671497721,0.0,0.6184843671497721,0.0
598,4.971278700000312,114.2754073467486,230.5,26.898672806234668,54.25615384615384,0.0,0.2353846153846154,-0.05286341050117116,-0.0,0.0,1.1544160161130783,0.0,1.1544160161130783,0.0
599,4.98314049999999,114.24375189161879,230.5,26.891221599104114,54.25615384615384,0.0,0.2353846153846154,-0.0603146176317253,-0.0,0.0,0.8344040325040734,0.0,0.8344040325040734,0.0
600,4.987309099999948,114.28243264758731,230.5,26.900326453970553,54.25615384615384,0.0,0.2353846153846154,-0.05120976276528566,-0.0,0.0,0.5729010513587818,0.0,0.5729010513587818,0.0
601,4.999457299999904,114.33252336880601,230.5,26.912117039118954,54.25615384615384,0.0,0.2353846153846154,-0.03941917761688529,-0.0,0.0,-0.09106339420045867,0.0,0.09106339420045867,0.0
602,5.004132999999911,114.295504575722,230.5,26.903403384746873,54.25615384615384,0.0,0.2353846153846154,-0.04813283198896556,-0.0,0.0,-0.5426571152535775,0.0,0.5426571152535775,0.0
603,5.01541670000006,114.24189829969222,230.5,26.8907852920814,54.25615384615384,0.0,0.2353846153846154,-0.060750924654438876,-0.0,0.0,-0.822291497163957,0.0,0.822291497163957,0.0
604,5.019698000000062,114.18940371310666,230.5,26.878428874008183,54.25615384615384,0.0,0.2353846153846154,-0.07310734272765629,-0.0,0.0,-1.3706423274755768,0.0,1.3706423274755768,0.0
605,5.030782600000293,114.22641663262237,230.5,26.88714114583265,54.25615384615384,0.0,0.2353846153846154,-0.06439507090318841,-0.0,0.0,-1.1567342360675983,0.0,1.1567342360675983,0.0
606,5.034828800000014,114.19597030805794,230.5,26.879974549435175,54.25615384615384,0.0,0.2353846153846154,-0.0715616673006636,-0.0,0.0,-1.0501086585353543,0.0,1.0501086585353543,0.0
607,5.047365700000228,114.1536774067264,230.5,26.870019451121752,54.25615384615384,0.0,0.2353846153846154,-0.0815167656140865,-0.0,0.0,0.10970477681078172,0.0,0.10970477681078172,0.0
608,5.063618600000154,114.11327515612496,230.5,26.86050938290326,54.25615384615384,0.0,0.2353846153846154,-0.09102683383257926,-0.0,0.0,-0.11989068305772176,0.0,0.11989068305772176,0.0
609,5.067556599999989,114.16200866940233,230.5,26.871980502182392,54.25615384615384,0.0,0.2353846153846154,-0.07955571455344668,-0.0,0.0,-0.16306070321279958,0.0,0.16306070321279958,0.0
610,5.08023970000022,114.14250335753613,230.5,26.867389251850813,54.25615384615384,0.0,0.2353846153846154,-0.08414696488502571,-0.0,0.0,-0.12607439047093089,0.0,0.12607439047093089,0.0
611,5.084066200000052,114.11020126357838,230.5,26.85978583588845,54.25615384615384,0.0,0.2353846153846154,-0.09175038084739029,-0.0,0.0,-0.3708900447732919,0.0,0.3708900447732919,0.0
612,5.096212700000251,114.0787683487315,230.5,26.8523870113168,54.25615384615384,0.0,0.2353846153846154,-0.09914920541903882,-0.0,0.0,-1.0459977028580971,0.0,1.0459977028580971,0.0
613,5.099778900000274,114.05135788918483,230.5,26.84593501083889,54.25615384615384,0.0,0.2353846153846154,-0.10560120589694932,-0.0,0.0,-1.1941720812531667,0.0,1.1941720812531667,0.0
614,5.111432400000012,114.02845493555304,230.5,26.840544007907102,54.25615384615384,0.0,0.2353846153846154,-0.11099220882873695,-0.0,0.0,-0.8550036549671823,0.0,0.8550036549671823,0.0
615,5.115404699999999,114.00984314978182,230.5,26.83616307987172,54.25615384615384,0.0,0.2353846153846154,-0.11537313686411821,-0.0,0.0,-0.8956088913480885,0.0,0.8956088913480885,0.0
616,5.127306300000328,113.99511940255776,230.5,26.832697336294366,54.25615384615384,0.0,0.2353846153846154,-0.11883888044147284,-0.0,0.0,-0.5651705439067684,0.0,0.5651705439067684,0.0
617,5.130578799999967,113.98382814470682,230.5,26.830039547907912,54.25615384615384,0.0,0.2353846153846154,-0.12149666882792687,-0.0,0.0,-0.5548560075653375,0.0,0.5548560075653375,0.0
618,5.143045300000267,113.97551216618159,230.5,26.828082094501205,54.25615384615384,0.0,0.2353846153846154,-0.1234541222346337,-0.0,0.0,-0.34764297351678447,0.0,0.34764297351678447,0.0
619,5.146349399999963,113.96974245194579,230.5,26.826723992534934,54.25615384615384,0.0,0.2353846153846154,-0.12481222420090532,-0.0,0.0,-0.3107516404451458,0.0,0.3107516404451458,0.0
620,5.1591536999999335,113.96610847980773,230.5,26.825868611400896,54.25615384615384,0.0,0.2353846153846154,-0.12566760533494303,-0.0,0.0,-0.1502371675375786,0.0,0.1502371675375786,0.0
621,5.163289500000246,113.96423296101639,230.5,26.825427143131552,54.25615384615384,0.0,0.2353846153846154,-0.1261090736042867,-0.0,0.0,-0.11103145585836972,0.0,0.11103145585836972,0.0
622,5.174521800000093,113.96377552541034,230.5,26.825319469827356,54.25615384615384,0.0,0.2353846153846154,-0.12621674690848295,-0.0,0.0,-0.023397638747186363,0.0,0.023397638747186363,0.0
623,5.178492700000334,113.96443364270513,230.5,26.82547438051367,54.25615384615384,0.0,0.2353846153846154,-0.1260618362221706,-0.0,0.0,0.012133729184073214,0.0,0.012133729184073214,0.0
624,5.1914858000000095,113.96593140872315,230.5,26.825826931591756,54.25615384615384,0.0,0.2353846153846154,-0.12570928514408308,-0.0,0.0,0.40397388422837466,0.0,0.40397388422837466,0.0
625,5.195962400000099,113.96803963013488,230.5,26.826323174477903,54.25615384615384,0.0,0.2353846153846154,-0.12521304225793628,-0.0,0.0,0.5348581062831516,0.0,0.5348581062831516,0.0
626,5.206963900000119,114.05462053375442,230.5,26.84670298717604,54.25615384615384,0.0,0.2353846153846154,-0.10483322955979801,-0.0,0.0,0.8821217401122162,0.0,0.8821217401122162,0.0
627,5.211729900000137,114.06767696876575,230.5,26.849776271109477,54.25615384615384,0.0,0.2353846153846154,-0.10175994562636248,-0.0,0.0,0.8908748098904211,0.0,0.8908748098904211,0.0
628,5.2222240999999485,114.14682685022366,230.5,26.868406935514184,54.25615384615384,0.0,0.2353846153846154,-0.0831292812216553,-0.0,0.0,0.7955406506328587,0.0,0.7955406506328587,0.0
629,5.2269945000002735,114.14826371939185,230.5,26.868745152410696,54.25615384615384,0.0,0.2353846153846154,-0.08279106432514283,-0.0,0.0,0.22509517351087127,0.0,0.22509517351087127,0.0
630,5.237923000000137,114.13127941556573,230.5,26.86474730858701,54.25615384615384,0.0,0.2353846153846154,-0.08678890814882934,-0.0,0.0,0.012746504519478466,0.0,0.012746504519478466,0.0
631,5.242708300000231,114.11095439063459,230.5,26.859963110410913,54.25615384615384,0.0,0.2353846153846154,-0.0915731063249261,-0.0,0.0,-0.5246599184973105,0.0,0.5246599184973105,0.0
632,5.253847599999972,114.0912246969018,230.5,26.855319044039963,54.25615384615384,0.0,0.2353846153846154,-0.09621717269587649,-0.0,0.0,-0.28322223878401653,0.0,0.28322223878401653,0.0
633,5.258513000000221,114.0731544560858,230.5,26.85106558735558,54.25615384615384,0.0,0.2353846153846154,-0.10047062938025775,-0.0,0.0,-0.22173900751449518,0.0,0.22173900751449518,0.0
634,5.27102560000003,114.14109516309372,230.5,26.8670577845436,54.25615384615384,0.0,0.2353846153846154,-0.08447843219223827,-0.0,0.0,-0.25458077327463535,0.0,0.25458077327463535,0.0
635,5.2864456000002065,114.13726925891308,230.5,26.86615722555954,54.25615384615384,0.0,0.2353846153846154,-0.08537899117629877,-0.0,0.0,-0.25961771597239763,0.0,0.25961771597239763,0.0
636,5.290478400000211,114.1173270345769,230.5,26.861463132754256,54.25615384615384,0.0,0.2353846153846154,-0.09007308398158287,-0.0,0.0,-0.26729127928018087,0.0,0.26729127928018087,0.0
637,5.302208699999937,114.0952955037614,230.5,26.856277249346917,54.25615384615384,0.0,0.2353846153846154,-0.09525896738892214,-0.0,0.0,-0.5979369348208532,0.0,0.5979369348208532,0.0
638,5.307304599999952,114.07472719625285,230.5,26.8514357861949,54.25615384615384,0.0,0.2353846153846154,-0.10010043054093742,-0.0,0.0,-0.7851384812517611,0.0,0.7851384812517611,0.0
639,5.318752900000163,114.0564816342683,230.5,26.84714106160469,54.25615384615384,0.0,0.2353846153846154,-0.10439515513114728,-0.0,0.0,-0.6039191270186213,0.0,0.6039191270186213,0.0
640,5.322488700000122,114.04069931176531,230.5,26.84342614569245,54.25615384615384,0.0,0.2353846153846154,-0.10811007104338799,-0.0,0.0,-0.640669445934798,0.0,0.640669445934798,0.0
641,5.33470780000016,114.02731235540715,230.5,26.840275062118913,54.25615384615384,0.0,0.2353846153846154,-0.1112611546169262,-0.0,0.0,-0.4898455402245079,0.0,0.4898455402245079,0.0
642,5.338901999999962,114.01616074571214,230.5,26.837650144759934,54.25615384615384,0.0,0.2353846153846154,-0.11388607197590517,-0.0,0.0,-0.5184627384212827,0.0,0.5184627384212827,0.0
643,5.349832500000048,114.0070614266624,230.5,26.83550830504515,54.25615384615384,0.0,0.2353846153846154,-0.11602791169068993,-0.0,0.0,-0.34024352824088494,0.0,0.34024352824088494,0.0
644,5.35312950000025,113.99980269492244,230.5,26.83379971126636,54.25615384615384,0.0,0.2353846153846154,-0.11773650546948033,-0.0,0.0,-0.3434069542526534,0.0,0.3434069542526534,0.0
645,5.365946500000064,113.99417712941909,230.5,26.83247553969403,54.25615384615384,0.0,0.2353846153846154,-0.11906067704180856,-0.0,0.0,-0.2296828050751509,0.0,0.2296828050751509,0.0
646,5.369562400000177,113.98997265759891,230.5,26.831485871711745,54.25615384615384,0.0,0.2353846153846154,-0.12005034502409373,-0.0,0.0,-0.2192265804318957,0.0,0.2192265804318957,0.0
647,5.381841599999916,113.9869874881302,230.5,26.830783208744492,54.25615384615384,0.0,0.2353846153846154,-0.1207530079913468,-0.0,0.0,-0.11957971863364869,0.0,0.11957971863364869,0.0
648,5.385042400000202,113.98503384407844,230.5,26.830323350990774,54.25615384615384,0.0,0.2353846153846154,-0.12121286574506485,-0.0,0.0,-0.10444449091042099,0.0,0.10444449091042099,0.0
649,5.398001300000033,113.98393317415437,230.5,26.830064270224028,54.25615384615384,0.0,0.2353846153846154,-0.12147194651181081,-0.0,0.0,-0.04914990787187505,0.0,0.04914990787187505,0.0
650,5.401417000000038,113.98353212166359,230.5,26.829969868637736,54.25615384615384,0.0,0.2353846153846154,-0.12156634809810285,-0.0,0.0,-0.029332099630229456,0.0,0.029332099630229456,0.0
651,5.413787500000126,113.98367790651453,230.5,26.830004184148805,54.25615384615384,0.0,0.2353846153846154,-0.12153203258703371,-0.0,0.0,0.0025972777484775467,0.0,0.0025972777484775467,0.0
652,5.416984400000274,113.98424650299582,230.5,26.83013802301286,54.25615384615384,0.0,0.2353846153846154,-0.12139819372297822,-0.0,0.0,0.02288809075686691,0.0,0.02288809075686691,0.0
653,5.429953300000307,113.98512679603704,230.5,26.830345230451794,54.25615384615384,0.0,0.2353846153846154,-0.12119098628404501,-0.0,0.0,0.032924585810237376,0.0,0.032924585810237376,0.0
654,5.433118899999954,113.9862223423198,230.5,26.8306031051922,54.25615384615384,0.0,0.2353846153846154,-0.12093311154363917,-0.0,0.0,0.050916072441804364,0.0,0.050916072441804364,0.0
655,5.4459554000000026,113.98745181055554,230.5,26.830892503099996,54.25615384615384,0.0,0.2353846153846154,-0.12064371363584314,-0.0,0.0,0.04748406086502317,0.0,0.04748406086502317,0.0
656,5.449277400000028,113.98876053564669,230.5,26.83120055685222,54.25615384615384,0.0,0.2353846153846154,-0.12033565988361872,-0.0,0.0,0.0614166896736207,0.0,0.0614166896736207,0.0
657,5.4619354000001294,113.99008907495171,230.5,26.831513274565555,54.25615384615384,0.0,0.2353846153846154,-0.12002294217028364,-0.0,0.0,0.04983884775241448,0.0,0.04983884775241448,0.0
658,5.4655219000001125,113.9913939575807,230.5,26.831820423861302,54.25615384615384,0.0,0.2353846153846154,-0.11971579287453693,-0.0,0.0,0.062224617238695545,0.0,0.062224617238695545,0.0
659,5.478035800000271,113.9926471496735,230.5,26.83211540600007,54.25615384615384,0.0,0.2353846153846154,-0.11942081073576816,-0.0,0.0,0.0475782624498396,0.0,0.0475782624498396,0.0
660,5.481316400000196,113.99382447662737,230.5,26.83239253065229,54.25615384615384,0.0,0.2353846153846154,-0.1191436860835502,-0.0,0.0,0.05463219349669569,0.0,0.05463219349669569,0.0
661,5.494401299999936,113.99490845069981,230.5,26.832647681472416,54.25615384615384,0.0,0.2353846153846154,-0.11888853526342302,-0.0,0.0,0.040835756506286736,0.0,0.040835756506286736,0.0
662,5.498249600000236,113.99588897790933,230.5,26.832878482492504,54.25615384615384,0.0,0.2353846153846154,-0.11865773424333526,-0.0,0.0,0.038363323283453314,0.0,0.038363323283453314,0.0
663,5.510607300000174,113.99676353476053,230.5,26.833084339720557,54.25615384615384,0.0,0.2353846153846154,-0.11845187701528204,-0.0,0.0,0.02964184041188773,0.0,0.02964184041188773,0.0
664,5.526852500000132,113.99753721242548,230.5,26.83326645154015,54.25615384615384,0.0,0.2353846153846154,-0.11826976519568788,-0.0,0.0,0.027923164557500022,0.0,0.027923164557500022,0.0
665,5.530702100000326,113.99820556165129,230.5,26.83342377066561,54.25615384615384,0.0,0.2353846153846154,-0.11811244607022786,-0.0,0.0,0.02207029888593471,0.0,0.02207029888593471,0.0
666,5.542953000000125,113.99877319217063,230.5,26.83355738215709,54.25615384615384,0.0,0.2353846153846154,-0.11797883457875002,-0.0,0.0,0.020224152027970045,0.0,0.020224152027970045,0.0
667,5.546584400000029,113.99924697846258,230.5,26.833668904161193,54.25615384615384,0.0,0.2353846153846154,-0.11786731257464567,-0.0,0.0,0.021509212121173144,0.0,0.021509212121173144,0.0
668,5.559042300000328,113.99964008323869,230.5,26.83376143497772,54.25615384615384,0.0,0.2353846153846154,-0.11777478175811851,-0.0,0.0,0.014285859595691184,0.0,0.014285859595691184,
669,5.563256200000069,113.99995579717685,230.5,26.833835749181628,54.25615384615384,0.0,0.2353846153846154,-0.11770046755421149,-0.0,-0.269549560546875,0.5267199120170073,0.1877154367226504,0.5591698766020745,
670,5.575108,114.00019494294656,230.5,26.833892040416654,54.25615384615384,0.0,0.2353846153846154,-0.11764417631918533,-0.0,-0.32345947265625,0.5428674407391982,0.5355735601382614,0.7625903858126581,
671,5.5791518999999425,114.04440031349543,230.4838752746582,26.84429730456123,54.252358333881084,-1.347747802734375,0.2353846153846154,-0.10723891217460846,0.003795512272759538,-0.33424145507812447,0.49466519321652597,1.6212306354941979,1.6950169399875812,-2.466706691645336
672,5.59079440000005,114.04991271570296,230.39784717559814,26.845594839234696,54.232108642871566,-0.269549560546875,0.2353846153846154,-0.10594137750114285,0.024045203282277328,-0.3363978515624988,0.46719757672299117,1.9518321430408239,2.006968432811829,
673,5.594820100000106,114.0459178151562,230.3050091266632,26.844654501106,54.21025599442996,-0.053909912109375006,0.2353846153846154,-0.10688171562983939,0.04589785172388616,-0.7185796191406231,1.3036732311834907,2.1455099252522936,2.5105331571322664,
674,5.6068207000002985,114.03981502507811,230.22073394060135,26.843217998210694,54.19041891217232,-0.010781982421875003,0.2353846153846154,-0.10831821852514523,0.06573493398152408,-0.525466412109374,0.8016863961630926,2.159078994032705,2.3031116300054246,
675,5.610734600000342,114.10943724625976,230.20463187992573,26.859605997965758,54.18662873481329,-1.910908837890625,0.2353846153846154,-0.09193021877008078,0.06952511134055328,-0.4868437707031235,0.6290076568877478,2.4737987611669783,2.5525146313341067,-1.272639430119625
676,5.623295100000178,114.1128066229663,230.1509275622666,26.860399097405914,54.1739875646566,-0.382181767578125,0.2353846153846154,-0.0911371193299253,0.08216628149724414,-0.8608697307031252,0.9249009273684949,1.365412135884692,1.6491791977430161,
677,5.627185199999985,114.10037954270447,230.0961768673733,26.85747395389813,54.161100093397096,-0.076436353515625,0.2353846153846154,-0.09406226283770991,0.09505375275674766,-1.3174254109843766,1.6620562330883633,0.8591432419400262,1.870977827799971,
678,5.6385851,114.16071881756088,230.10168093559332,26.87167689090279,54.162395666378124,-1.924039712109375,0.2353846153846154,-0.07985932583304844,0.09375817977571899,-1.0269860587593787,0.7765030510025466,0.7868586520041955,1.1054879132989754,
679,5.64319230000001,114.23051783915585,230.1188726875116,26.888106506755147,54.1664423402912,-2.293560383828125,0.2353846153846154,-0.0634297099806922,0.08971150586264542,-0.9688981883143767,0.4459137724609416,0.957630258941822,1.056359221719264,13.03606233852168
680,5.654551300000094,114.21890532343642,230.08958221606736,26.88537309920888,54.15954781393585,-0.45871207676562503,0.2353846153846154,-0.06616311752695836,0.09660603221799136,-0.9572806142253764,0.4644730286906187,0.42265583177400756,0.6279913586297302,
681,5.65898500000003,114.18895980559054,230.05454200787426,26.878324385008234,54.15129988800733,-0.09174241535312501,0.2353846153846154,-0.0732118317276047,0.10485395814651355,-0.5732066111263245,-0.10952642942090415,0.7184473032121631,0.726747938582919,
682,5.670483700000204,114.15675990989374,230.0233744240877,26.870745024944217,54.14396351828526,-0.018348483070625,0.2353846153846154,-0.0807911917916222,0.11219032786858207,-0.11464132222526296,-0.9329219939539195,0.9743589018347346,1.348969501652112,
683,5.674871400000029,114.12648550969999,229.9979242944985,26.863618896898615,54.137972949320414,-0.0036696966141250005,0.2353846153846154,-0.08791731983722428,0.11818089683342947,-0.0229282644450484,-1.1479017049629994,1.0157641625537597,1.5327932535686284,
684,5.6865130999999565,114.09923879380683,229.97808062196447,26.85720543915761,54.13330205409317,-0.0007339393228250001,0.2353846153846154,-0.09433077757822872,0.12285179206067198,-0.004585652889008326,-0.9142728124914042,0.6864525004179195,1.143289906800089,7.777865247748225
685,5.690800300000319,114.07527814327592,229.96325489670204,26.851565470648026,54.12981230645448,-0.00014678786456500002,0.2353846153846154,-0.09997074608781276,0.1263415396993608,-0.0009171305778020171,-0.9736658041114719,0.633039294262544,1.161362926124499,0.8315923622820494
686,5.7023566000002575,114.05457660063831,229.9527621189509,26.846692645996402,54.127342467999206,-2.9357572913000007e-05,0.2353846153846154,-0.10484357073943684,0.12881137815463717,-0.0001834261155613237,-0.7087283759924878,0.3754335461499614,0.8020263452728249,
687,5.706686200000149,114.0369900974252,229.94593894282366,26.842553053701625,54.1257363973108,-5.871514582600002e-06,0.2353846153846154,-0.10898316303421396,0.13041744884304052,-0.3817871735043626,0.06713414106264337,-0.2431373846039533,0.2522355658670474,
688,5.718225699999948,114.02231095514243,229.94215032408482,26.839097809441217,54.12484461474612,-1.1743029165200004e-06,0.2353846153846154,-0.11243840729462207,0.13130923140772666,-0.458107922982124,0.3289314208327458,-0.4333873753267498,0.5440776568686294,
689,5.722733500000231,114.08605259230123,229.9936972184724,26.85410161018783,54.13697796065581,-1.9087526762668332,0.2353846153846154,-0.09743460654800984,0.11917588549803071,-0.4733720728776757,0.3674576299006564,-0.4673047040254493,0.5944735453966985,-3.417102600301081
690,5.73488290000023,114.08571450305578,230.00078178752824,26.854022029180822,54.13864555921818,-0.38175053525336666,0.2353846153846154,-0.09751418755501717,0.11750828693566007,-0.476424902856786,0.33712671348306,-0.48434983180949115,0.59012641062553,-1.2261325116089188
691,5.749789500000134,114.07121042508035,229.99798673716526,26.850607992365067,54.137987647363516,-0.07635010705067334,0.2353846153846154,-0.10092822437077231,0.11816619879032686,-0.47703546885260695,0.3418900049458067,-0.48649064570676676,0.5946107330363543,
692,5.7532312000003,114.05501307074763,229.99380897066828,26.846795384345214,54.137004265403455,-0.01527002141013467,0.2353846153846154,-0.10474083239062537,0.1191495807503884,-0.09540709377052282,-0.5003977183252019,0.08814644799147481,0.5081020299099206,
693,5.765906200000245,114.0401719536,229.99022394066512,26.84330201369354,54.13616040449502,-0.003054004282026934,0.2353846153846154,-0.10823420304230069,0.11999344165882064,-0.019081418754106,-0.5392847991612518,0.12208303316101085,0.5529307023417891,
694,5.769323500000155,114.02735217724278,229.9875881812112,26.840284435566378,54.135539987269716,-0.0006108008564053868,0.2353846153846154,-0.11125178116946088,0.12061385888412701,-0.0038162837508203653,-0.6004062861906637,0.12490021365817623,0.6132599545617856,3.577070662149249
695,5.781916100000217,114.01659985461343,229.98585349671882,26.837753504239778,54.13513166922766,-0.00012216017128107736,0.2353846153846154,-0.11378271249606087,0.12102217692618211,-0.0007632567501621009,-0.40619825386977126,0.06904005131235254,0.41202372520531316,1.6222567116295572
696,5.78579770000033,114.00778346279887,229.98489339737307,26.835678261243427,54.13490567661243,-2.443203425621547e-05,0.2353846153846154,-0.1158579554924124,0.12124816954140982,-0.00015265135003044794,-0.424828149123292,0.05330696018129556,0.4281595360275095,0.13660221036478606
697,5.797945600000276,114.00072706992336,229.98456181980225,26.83401729492042,54.134827628353456,-4.886406851243095e-06,0.2353846153846154,-0.11751892181541734,0.12132621780038733,-3.0530270004685806e-05,-0.26385022499460464,0.01483564004436019,0.26426698137533056,0.05810559932009014
698,5.801456700000017,113.99522647573279,229.98474213952088,26.83272253967249,54.13487007284107,-9.772813702486191e-07,0.2353846153846154,-0.11881367706335055,0.12128377331277562,-6.106053998964945e-06,-0.2650891663938444,-0.0035985704663520357,0.2651135904641341,0.005800494140428458
699,5.813907199999903,113.99109330106211,229.9853136476732,26.83174965394231,54.13500459706769,-1.9545627404972384e-07,0.2353846153846154,-0.11978656279352862,0.12114924908615166,-1.2212108000945099e-06,-0.1655882008217893,-0.019197016514311233,0.1666972636081587,0.0025465129522733313
700,5.817265500000303,113.98813739997256,229.98616605840266,26.831053880301234,54.135205241439394,-3.909125480994477e-08,0.2353846153846154,-0.12048233643460549,0.12094860471444946,-2.442421597519887e-07,-0.1547777071684413,-0.037329211989442154,0.1592156044615994,0.00023296835829010585
701,5.829748900000141,113.98616818483201,229.9872145797862,26.830590357352765,54.135452047241984,-7.818250961988955e-09,0.2353846153846154,-0.1209458593830739,0.12070179891185973,-4.8848432820352826e-08,-0.08271416494940369,-0.039350315636427075,0.0915973821894687,0.00010618523581682748
702,5.833007700000053,113.98502356781445,229.98838079338407,26.830320932116326,54.13572655598117,-1.563650192397791e-09,0.2353846153846154,-0.12121528461951314,0.12042729017267106,-9.769687434025646e-09,-0.06616676382197946,-0.054189781910388674,0.08552527753926963,9.416274485099075e-06
703,5.8459310000002915,113.9845600301372,229.98959931821906,26.83021182247845,54.136013377980795,-3.127300384795582e-10,0.2353846153846154,-0.12132439425738895,0.12014046817304802,-1.9539377883260225e-09,-0.02294404911607518,-0.04675976588635366,0.0520855555368998,4.3502176749489164e-06
704,5.849373200000173,113.98462725118665,229.99084236495514,26.83022764527932,54.13630597205867,-6.254600769591165e-11,0.2353846153846154,-0.1213085714565203,0.11984787409517139,-3.9078672231772055e-10,-0.005566630094726096,-0.057451219925978916,0.05772027409493745,3.6119904176409603e-07
705,5.862028500000179,113.98510754216679,229.99205720989113,26.83034069838695,54.13659192786668,-1.2509201539182329e-11,0.2353846153846154,-0.12119551834888753,0.119561918287161,-7.815707755024878e-11,0.01481281596919272,-0.04478275353726577,0.04716899968535119,1.651856361585558e-07
706,5.865763700000116,113.98589709428194,229.99321922800988,26.830526546807903,54.13686544905463,-2.501840307836466e-12,0.2353846153846154,-0.12100966992793616,0.11928839709921135,-1.5631717030943034e-11,0.030393414426470425,-0.05255522309068625,0.06071088135261241,1.4153289229840899e-08
707,5.878061299999899,113.9869012907824,229.99431081896535,26.830762919214934,54.13712239277184,-5.003680615672932e-13,0.2353846153846154,-0.12077329752090549,0.11903145338200005,-3.1260764928932773e-12,0.034202389134128444,-0.039105416894936296,0.05195225743900949,6.133915893867505e-09
708,5.881937000000107,113.98804497906767,229.99531613857923,26.831032125842082,54.137359029542495,-1.0007361231345864e-13,0.2353846153846154,-0.12050409089375691,0.11879481661134861,-6.24948385283326e-13,0.04863122693895637,-0.045135506326097974,0.06634915346032311,5.678271742955059e-10
709,5.8940700000002835,113.98926359462044,229.99623122580692,26.831318969195273,54.13757442699763,-2.001472246269173e-14,0.2353846153846154,-0.12021724754056606,0.1185794191562124,-1.2472276376133578e-13,0.04329889547769261,-0.033136064382602456,0.05452332631412105,2.3805306862353713e-10
710,5.897695500000282,113.99051238608186,229.99704364629548,26.831612915493114,54.13776565828186,-4.002944492538346e-15,0.2353846153846154,-0.11992330124272499,0.1183881878719859,-2.4677639456937712e-14,0.05368503690939896,-0.036272950471221616,0.06479050951992293,2.3486725276017424e-11
711,5.9102671999999075,113.99174583333686,229.99775029145667,26.83190325000083,54.13793199168134,-8.005888985076692e-16,0.2353846153846154,-0.11963296673500778,0.11822185447250178,-4.100180407450018e-15,0.04413068417257074,-0.026079914536568816,0.05126089374731891,1.0140630104906655e-11
712,5.914202500000101,113.99293539021897,229.99836182823526,26.832183253390006,54.13807593803076,-1.6011777970153384e-16,0.2353846153846154,-0.11935296334583256,0.11807790812308383,5.837455910555991e-16,0.05198057226253752,-0.027895255193602104,0.05899258559392926,9.368389274813688e-13
713,5.926310600000306,113.99405103200299,229.9988809233674,26.83244585830224,54.13819812503879,-3.202355594030677e-17,0.2353846153846154,-0.11909035843359916,0.11795572111505237,3.8366241354056242e-16,0.03924428015884766,-0.018686669302933154,0.043466137795107905,3.877710792335549e-13
714,5.930160000000342,113.99507953046168,229.99931968762897,26.832687951016364,54.138301403395744,-6.404711188061354e-18,0.2353846153846154,-0.11884826571947471,0.11785244275809958,3.436457780375551e-16,0.045143118808670946,-0.01962790891832318,0.04922556230536906,-9.183611613682048e-15
715,5.942852700000003,113.99601757853827,229.99968114871388,26.832908753102085,54.13838648577419,-1.280942237612271e-18,0.2353846153846154,-0.11862746363375365,0.11776736037965208,3.3564245093695363e-16,0.03360594951937656,-0.013118103529865574,0.03607553857282185,-3.818069460931734e-15
716,5.94659159999992,113.99685290537676,229.99996606354566,26.833105376188684,54.138453550342284,-2.561884475224542e-19,0.2353846153846154,-0.11843084054715547,0.11770029581155939,3.3404178551683334e-16,0.031184161515439172,-0.011605821354628457,0.03327381881805194,-3.6118847526307233e-16
717,5.959444000000076,113.99758816530903,230.00018606544697,26.833278445065048,54.13850533540521,-5.1237689504490844e-20,0.2353846153846154,-0.1182577716707911,0.11764851074863003,3.337216524328093e-16,0.02656513318079546,-0.008032451985604958,0.027752956343684344,-1.523603718296922e-16
718,5.9752088000000185,113.99822974396398,230.00035550684026,26.83342946280998,54.1385452193024,-1.024753790089817e-20,0.2353846153846154,-0.11810675392585779,0.11760862685144247,3.336576258160045e-16,0.024748321574875977,-0.006970070395930613,0.025711112424352627,-1.098372577143237e-17
719,5.978425100000095,113.99877351570291,230.00047797583116,26.833557458311606,54.13857404661872,-2.0495075801796342e-21,0.2353846153846154,-0.11797875842423267,0.11757979953512177,3.3364482049264354e-16,0.019664915292697337,-0.003987398273227003,0.02006510001117102,-2.746970313081252e-18
720,5.991349200000059,113.99922989320795,230.00055436944606,26.8336648825551,54.13859202850038,-4.0990151603592687e-22,0.2353846153846154,-0.11787133418073736,0.11756181765345985,3.3364225942797134e-16,0.018090685724217903,-0.003261774787010242,0.018382385175313817,-1.445417482362238e-18
721,5.9946178000000145,113.99960720169554,230.00059635603338,26.833753695168333,54.13860191149709,-8.198030320718538e-23,0.2353846153846154,-0.11778252156750568,0.11755193465675262,3.3364174721503693e-16,0.019355196330385255,-0.002675731273102226,0.01953927232098514,-1.209417187660916e-19
722,6.007493800000248,113.99991324451568,230.00061829677202,26.833825732939847,54.138607076009414,-1.6396060641437077e-23,0.2353846153846154,-0.11771048379599236,0.11754677014442905,3.3364164477245005e-16,0.012112676635074884,-0.0008314717866987367,0.01214118118627529,-5.683674448120979e-20
723,6.010997899999893,114.00014997250588,230.00061233786488,26.83388145506677,54.13860567337435,-3.2792121282874156e-24,0.2353846153846154,-0.11765476166906907,0.11754817277949314,3.336416242839326e-16,0.012227277492448549,-4.233270296304266e-05,0.012227350773371925,-4.7169735698348714e-21
724,6.0227789999999,114.00032931746729,230.00059940404628,26.83392367011153,54.138602628952434,-6.558424256574832e-25,0.2353846153846154,-0.11761254662430787,0.11755121720140949,3.336416201862291e-16,0.007131091104475051,0.0007268544748240843,0.007168038627678773,-2.1438593442455008e-21
725,6.026240700000017,114.00045998439612,230.00056183831626,26.833954427096316,54.13859378655752,-1.3116848513149664e-25,0.2353846153846154,-0.11758178963952304,0.11756005959632176,3.336416193666884e-16,0.006651375043718303,0.0013734884301207905,0.006791705267447515,-1.9922048831058053e-22
726,6.0387564000002385,114.00054987158731,230.00051811460835,26.833975585158242,54.138583494669355,-2.623369702629933e-26,0.2353846153846154,-0.11756063157759655,0.11757035148448836,3.3364161920278026e-16,0.0035679044669256733,0.001476150170752882,0.003861212453585264,-8.61850816087941e-23
727,6.042518400000063,114.0006009536146,230.000472851406,26.83398760908159,54.138572840407875,-5.246739405259866e-27,0.2353846153846154,-0.11754860765424979,0.11758100574596853,3.336416191699986e-16,0.0028549506661955993,0.0019353320919114699,0.0034490946076315625,-7.455850418337136e-24
728,6.054279500000121,114.00062516821322,230.00042720333002,26.833993308825573,54.13856209555307,-1.0493478810519733e-27,0.2353846153846154,-0.11754290791026634,0.11759175060077354,3.336416191634423e-16,0.001012589744456116,0.0015996069435450678,0.001893166755575244,-3.194135738254287e-24
729,6.058494899999914,114.00062549981698,230.00038145903562,26.833993386879996,54.13855132804992,-2.0986957621039464e-28,0.2353846153846154,-0.11754282985584297,0.1176025181039222,3.3364161916213105e-16,0.0002961181938555723,0.0019618759995159315,0.0019840976342430637,-2.966112732841168e-25
730,6.070796900000005,114.00060841658022,230.00033569068665,26.833989365748884,54.138540554884706,-4.197391524207893e-29,0.2353846153846154,-0.11754685098695461,0.11761329126913722,3.336416191618688e-16,-0.0005005588868159709,0.0015422261941710912,0.0016214255558482764,-1.1506211536195131e-25
731,6.074888000000101,114.00057553554154,230.000289916324,26.83398162605824,54.138529780303955,-8.394783048415787e-30,0.2353846153846154,-0.11755459067759944,0.11762406584988838,3.336416191618164e-16,-0.0010643918536249047,0.0018197164202910588,0.0021081503429167393,-1.169541642136968e-26
732,6.0859003999999,114.00053870505238,230.00025558454973,26.833972956727713,54.138521699132475,-1.6789566096831576e-30,0.2353846153846154,-0.11756326000812578,0.11763214702136793,3.3364161916180584e-16,-0.0012532581168073153,0.0014465116703178786,0.0019139101127558832,-4.7468415952900316e-27
733,6.090290399999958,114.00049516515469,230.00021266933078,26.83396270810564,54.13851159755017,-3.357913219366315e-31,0.2353846153846154,-0.11757350863019767,0.11764224860367278,3.3364161916180377e-16,-0.0017571953983030646,0.0016182435942208306,0.002388817280173228,-4.894667991027368e-28
734,6.101786700000048,114.00044994790488,230.00017905234245,26.83395206466069,54.1385036846283,-6.715826438732631e-32,0.2353846153846154,-0.11758415207514972,0.11765016152554608,3.3364161916180333e-16,-0.0015873658544076474,0.0012125919944722746,0.0019975258949003812,-1.778386740033976e-28
735,6.106033600000046,114.00039858927114,230.00014775991178,26.83393997562844,54.138496318871546,-1.3431652877465263e-32,0.2353846153846154,-0.11759624110739963,0.11765752728229728,3.3364161916180323e-16,-0.002151047251621342,0.0014795453230759285,0.002610758250344827,-2.0605577862321378e-29
736,6.117974300000242,114.00034569529141,230.00011704862052,26.833927525199364,54.13848908990606,-2.686330575493053e-33,0.2353846153846154,-0.11760869153647491,0.11766475624778394,3.3364161916180323e-16,-0.0018654996849115726,0.0011355309822984377,0.0021839230037171255,-7.739575780974865e-30
737,6.12145240000018,114.0002924174752,230.0000864826141,26.833914984421085,54.1384818951384,-5.372661150986106e-34,0.2353846153846154,-0.11762123231475385,0.11767195101544559,3.3364161916180323e-16,-0.00218526122761539,0.001235566793979247,0.002510376851252273,0.0
738,6.133821700000226,114.00024476574575,230.0000559529289,26.833903767937077,54.138474708920185,-1.0745322301972213e-34,0.2353846153846154,-0.11763244879876211,0.11767913723365808,3.3364161916180323e-16,-0.0017656366466289502,0.0009513340531395378,0.0020056194176817357,0.0
739,6.137599900000168,114.00020424258389,230.00003687641583,26.83389422940821,54.1384702186025,-2.1490644603944426e-35,0.2353846153846154,-0.1176419873276302,0.11768362755134376,3.3364161916180323e-16,-0.0020068195600876594,0.0010442155771211072,0.0022622358228648032,0.0
740,6.1497841000000335,114.00016550156394,230.00002066319576,26.83388511036813,54.13846640225992,-4.2981289207888854e-36,0.2353846153846154,-0.1176511063677097,0.11768744389392083,3.3364161916180323e-16,-0.0013996225130036412,0.000686738338827589,0.0015590230033332747,0.0
741,6.153193900000133,114.00013292812537,230.00000516579894,26.833877443081818,54.13846275441114,-8.596257841577771e-37,0.2353846153846154,-0.11765877365402133,0.11769109174270653,3.3364161916180323e-16,-0.0015631107672674188,0.0007818705594592519,0.0017477519396345872,0.0
742,6.166016300000138,114.00010189658212,229.99998984735794,26.833870138733946,54.13845914868579,-1.7192515683155544e-37,0.2353846153846154,-0.11766607800189277,0.11769469746805328,3.3364161916180323e-16,-0.0011469990841902103,0.0005586687218220111,0.0012758203791582185,0.0
743,6.16941880000013,114.00007697255862,229.9999745736559,26.83386427200226,54.13845555349131,-3.4385031366311093e-38,0.2353846153846154,-0.11767194473357989,0.1176982926625314,3.3364161916180323e-16,-0.0010479719888460946,0.0004988210234189762,0.001160632458106697,0.0
744,6.181820900000275,114.00005357541505,229.99997075523038,26.83385876467462,54.13845465469269,-6.877006273262218e-39,0.2353846153846154,-0.11767745206121916,0.11769919146115626,3.3364161916180323e-16,-0.0008057145442176088,0.00028799850408189946,0.0008556395649554787,0.0
745,6.197891400000117,114.00003628203736,229.999969800624,26.833854694079562,54.13845442999303,-1.3754012546524438e-39,0.2353846153846154,-0.11768152265627663,0.1176994161608107,3.3364161916180323e-16,-0.0007278683338162537,0.0002319802475266676,0.0007639418476657652,0.0
746,6.201469300000099,114.00002051460113,229.99996956197242,26.833850982667652,54.13845437381812,-2.7508025093048877e-40,0.2353846153846154,-0.11768523406818687,0.11769947233572253,3.3364161916180323e-16,-0.0005014915057530419,2.0870746018837897e-05,0.0005019256104063989,0.0
747,6.2140770000000884,114.00001085069619,229.9999695023095,26.833848707933104,54.13845435977439,-5.501605018609776e-41,0.2353846153846154,-0.11768750880273515,0.11769948637945049,3.3364161916180323e-16,-0.0004413607730080199,6.3902374921146225e-06,0.00044140703107839425,0.0
748,6.2173108000001776,114.00000271267405,229.9999694873938,26.83384679236789,54.138454356263466,-1.1003210037219552e-41,0.2353846153846154,-0.11768942436794916,0.11769948989037715,3.3364161916180323e-16,-0.0004852873112204325,3.6053231878488252e-06,0.0004853007034683195,0.0
749,6.230041900000288,113.9999949561226,229.99996948366487,26.833844966595013,54.13845435538573,-2.2006420074439106e-42,0.2353846153846154,-0.11769125014082604,0.11769949076811059,3.3364161916180323e-16,-0.00028524006906421715,4.6612030937112235e-07,0.000285240449915334,0.0
750,6.233854999999949,113.99998729493885,229.99996948273264,26.83384316327022,54.138454355166296,-4.401284014887821e-43,0.2353846153846154,-0.11769305346561865,0.1176994909875475,3.3364161916180323e-16,-0.00025503506778864566,2.44055553221942e-07,0.0002550351845629778,0.0
751,6.246013500000117,113.99998537964291,229.99996948249958,26.833842712439022,54.13845435511144,-8.802568029775642e-44,0.2353846153846154,-0.1176935042968168,0.1176994910424014,3.3364161916180323e-16,-0.00013700633470379336,2.697009665752774e-08,0.00013700633735836442,0.0
752,6.249847200000204,113.99998490081893,229.99996948244132,26.833842599731224,54.13845435509773,-1.7605136059551285e-44,0.2353846153846154,-0.11769361700461545,0.11769949105611488,3.3364161916180323e-16,-0.00010862258882466603,1.3217702465336508e-08,0.00010862258962886183,0.0
753,6.26257570000007,113.99998478111294,229.99996948242674,26.83384257155428,54.1384543550943,-3.521027211910257e-45,0.2353846153846154,-0.11769364518156067,0.1176994910595468,3.3364161916180323e-16,-1.406967627589322e-05,1.7120450383355746e-09,1.4069676380056888e-05,0.0
754,6.267297899999903,113.99998475118645,229.9999694824231,26.83384256451004,54.13845435509344,-7.042054423820514e-46,0.2353846153846154,-0.11769365222579964,0.11769949106040656,3.3364161916180323e-16,-6.678521258593684e-06,8.129265097128748e-10,6.67852130806942e-06,0.0
755,6.278020799999922,113.99998474370481,229.9999694824222,26.83384256274898,54.138454355093224,-1.4084108847641029e-46,0.2353846153846154,-0.11769365398685849,0.11769949106061972,3.3364161916180323e-16,-8.004132426106527e-07,9.762139693262428e-11,8.004132485637883e-07,0.0
756,6.281578999999965,113.99998474183441,229.99996948242196,26.833842562308714,54.13845435509317,-2.8168217695282057e-47,0.2353846153846154,-0.11769365442712498,0.11769949106067656,3.3364161916180323e-16,-3.5923151307367726e-07,4.409824842801554e-11,3.592315157803656e-07,0.0
757,6.294256200000291,113.9999847413668,229.9999694824219,26.833842562198647,54.13845435509316,-5.633643539056412e-48,0.2353846153846154,-0.1176936545371916,0.11769949106068367,3.3364161916180323e-16,-6.099603378685688e-08,7.684851693435859e-12,6.099603427096167e-08,0.0
758,6.297792600000321,113.9999847412499,229.99996948242188,26.83384256217113,54.13845435509315,-1.1267287078112825e-48,0.2353846153846154,-0.11769365456470737,0.11769949106069078,3.3364161916180323e-16,-2.824204255187986e-08,3.709008950751411e-12,2.8242042795430717e-08,0.0
759,6.310279600000285,113.99998474122069,229.99996948242188,26.833842562164254,54.13845435509315,-2.253457415622565e-49,0.2353846153846154,-0.11769365457158543,0.11769949106069078,3.3364161916180323e-16,-3.5023638861125142e-09,5.1394297019277e-13,3.502363923820957e-09,0.0
760,6.313989499999934,113.99998474121338,229.99996948242188,26.833842562162534,54.13845435509315,-4.506914831245131e-50,0.2353846153846154,-0.11769365457330494,0.11769949106069078,3.3364161916180323e-16,-1.7710257830838305e-09,4.018452300385015e-13,1.7710258286731122e-09,0.0
761,6.326438699999926,113.99998474121155,229.99996948242188,26.833842562162104,54.13845435509315,-9.013829662490262e-51,0.2353846153846154,-0.11769365457373482,0.11769949106069078,3.3364161916180323e-16,-2.1535547674768762e-10,0.0,2.1535547674768762e-10,0.0
762,6.330608600000232,113.9999847412111,229.99996948242188,26.833842562161998,54.13845435509315,-1.8027659324980524e-51,0.2353846153846154,-0.1176936545738414,0.11769949106069078,3.3364161916180323e-16,-1.0562042113247937e-10,0.0,1.0562042113247937e-10,0.0
763,6.342566900000293,113.99998474121098,229.99996948242188,26.83384256216197,54.13845435509315,-3.605531864996105e-52,0.2353846153846154,-0.11769365457386982,0.11769949106069078,3.3364161916180323e-16,-1.2975952085102877e-11,-4.1073793610017523e-05,4.107379361001957e-05,0.0
764,6.345884300000307,113.99998474121095,229.99996948242188,26.833842562161962,54.13845435509315,-7.211063729992211e-53,0.2353846153846154,-0.11769365457387693,0.11769949106069078,3.3364161916180323e-16,-6.069831930632829e-12,-0.00025459338338797464,0.00025459338338797475,0.0
765,6.359001000000262,113.99998474121094,229.99998092651367,26.83384256216196,54.138457048856296,-1.4422127459984422e-53,0.2353846153846154,-0.11769365457388048,0.11769679729754756,3.3364161916180323e-16,-9.578910996208479e-13,-0.0003086321006203136,0.0003086321006203136,0.0
766,6.362155000000257,113.99998474121094,229.99999523162842,26.83384256216196,54.13846041606023,-2.8844254919968845e-54,0.2353846153846154,-0.11769365457388048,0.11769343009361677,3.3364161916180323e-16,-4.825441116666941e-13,-0.00048751928164116574,0.00048751928164116574,0.0
767,6.375240300000314,113.99998474121094,230.0000102519989,26.83384256216196,54.13846395162436,-5.768850983993769e-55,0.2353846153846154,-0.11769365457388048,0.11768989452948375,3.3364161916180323e-16,-5.417084600261781e-14,-0.0005035461876901505,0.0005035461876901505,0.0
768,6.379240199999913,113.99998474121094,230.00002545118332,26.83384256216196,54.138467529278536,-1.153770196798754e-55,0.2353846153846154,-0.11769365457388048,0.11768631687530728,3.3364161916180323e-16,0.0,-0.00047687611647564997,0.00047687611647564997,0.0
769,6.390401600000132,113.99998474121094,230.00002925097942,26.83384256216196,54.13846842369208,-2.307540393597508e-56,0.2353846153846154,-0.11769365457388048,0.11768542246176139,3.3364161916180323e-16,0.0,-0.0002641871052157383,0.0002641871052157383,0.0
770,6.393506400000206,113.99998474121094,230.00003020092845,26.83384256216196,54.13846864729547,-4.615080787195016e-57,0.2353846153846154,-0.11769365457388048,0.11768519885837492,3.3364161916180323e-16,0.0,-0.00021087837400695936,0.00021087837400695936,0.0
771,6.406967100000202,113.99998474121094,230.0000304384157,26.83384256216196,54.13846870319631,-9.230161574390033e-58,0.2353846153846154,-0.11769365457388048,0.11768514295753363,3.3364161916180323e-16,0.0,-3.2050793848962796e-05,3.2050793848962796e-05,0.0
772,6.4107960000001185,113.99998474121094,230.00003049778752,26.83384256216196,54.13846871717153,-1.8460323148780065e-58,0.2353846153846154,-0.11769365457388048,0.1176851289823162,3.3364161916180323e-16,0.0,-1.6034937750560813e-05,1.6034937750560813e-05,0.0
773,6.422520000000077,113.99998474121094,230.00003051263047,26.83384256216196,54.13846872066533,-3.692064629756013e-59,0.2353846153846154,-0.11769365457388048,0.11768512548851362,3.3364161916180323e-16,0.0,-1.6429474702110677e-06,1.6429474702110677e-06,0.0
774,6.438329099999919,113.99998474121094,230.0000305163412,26.83384256216196,54.13846872153878,-7.384129259512026e-60,0.2353846153846154,-0.11769365457388048,0.11768512461506475,3.3364161916180323e-16,0.0,-8.132719917154538e-07,8.132719917154538e-07,0.0
775,6.442051600000013,113.99998474121094,230.0000305172689,26.83384256216196,54.13846872175714,-1.4768258519024052e-60,0.2353846153846154,-0.11769365457388048,0.11768512439670076,3.3364161916180323e-16,0.0,-8.390638838939235e-08,8.390638838939235e-08,0.0
776,6.454142099999899,113.99998474121094,230.00003051750082,26.83384256216196,54.13846872181173,-2.9536517038048105e-61,0.2353846153846154,-0.11769365457388048,0.11768512434210976,3.3364161916180323e-16,2.3241931910312102e-05,-2.436450191127317e-08,2.3241944680954244e-05,0.0
777,6.458539900000233,113.99998474121094,230.0000305175588,26.83384256216196,54.138468721825376,-5.907303407609621e-62,0.2353846153846154,-0.11769365457388048,0.11768512432846734,3.3364161916180323e-16,0.00010169313134294983,-1.3354282522149383e-08,0.0001016931322197881,0.0
778,6.470130000000154,113.99999046325684,230.0000305175733,26.833843909043534,54.138468721828794,-1.1814606815219244e-62,0.2353846153846154,-0.11769230769230532,0.11768512432504963,3.3364161916180323e-16,0.00013192868409782842,-1.6258132205602243e-09,0.0001319286841078462,0.0
779,6.4744221000000834,113.99999761581421,230.00003051757693,26.8338455926455,54.138468721829646,-2.3629213630438488e-63,0.2353846153846154,-0.11769062409033992,0.11768512432419698,3.3364161916180323e-16,0.00021255187697131003,-7.253356275893398e-10,0.00021255187697254765,0.0
780,6.486115500000324,114.00000512599945,230.00003051757784,26.833847360427562,54.13846872182986,-4.725842726087698e-64,0.2353846153846154,-0.11768885630827697,0.11768512432398381,3.3364161916180323e-16,0.00022042509697428418,-1.0516558028271961e-10,0.00022042509697430928,0.0
781,6.490553000000091,114.00001272559166,230.00003051757807,26.833849149254654,54.138468721829916,-9.451685452175396e-65,0.2353846153846154,-0.11768706748118518,0.11768512432392697,3.3364161916180323e-16,0.0002025202709090288,-4.618920287390845e-11,0.00020252027090903406,0.0
782,6.501913200000217,114.00001462548971,230.00003051757812,26.833849596461423,54.13846872182993,-1.8903370904350793e-65,0.2353846153846154,-0.11768662027441579,0.11768512432391276,3.3364161916180323e-16,0.0001245394589586752,-6.458009149340095e-12,0.00012453945895867535,0.0
783,6.506102800000008,114.00001510046422,230.00003051757812,26.833849708263116,54.13846872182993,-3.7806741808701587e-66,0.2353846153846154,-0.11768650847272255,0.11768512432391276,3.3364161916180323e-16,9.465029882547375e-05,-2.8121436059797196e-12,9.465029882547379e-05,0.0
784,6.517986800000017,114.00001521920785,230.00003051757812,26.83384973621354,54.13846872182993,-7.561348361740318e-67,0.2353846153846154,-0.11768648052229835,0.11768512432391276,3.3364161916180323e-16,1.405601188723227e-05,-2.5018669944268174e-13,1.4056011887232271e-05,0.0
785,6.522021300000233,114.00001524889376,230.00003051757812,26.833849743201146,54.13846872182993,-1.5122696723480637e-67,0.2353846153846154,-0.11768647353469319,0.11768512432391276,3.3364161916180323e-16,6.2021916704654e-06,0.00011965898855115631,0.00011981961743639039,0.0
786,6.5341081000001395,114.00001525631524,230.00003051757812,26.833849744948047,54.13846872182993,-3.0245393446961274e-68,0.2353846153846154,-0.1176864717877919,0.11768512432391276,3.3364161916180323e-16,8.669184318335737e-07,0.00017617893266949847,0.0001761810655664539,0.0
787,6.538610500000232,114.0000152581706,230.00001907348633,26.833849745384775,54.13846602806678,-6.049078689392255e-69,0.2353846153846154,-0.11768647135106391,0.11768781808706308,3.3364161916180323e-16,3.977608920612927e-07,0.0003354924000944125,0.00033549263588764,0.0
788,6.550525600000128,114.00001525863445,230.00000476837158,26.833849745493954,54.13846266086285,-1.209815737878451e-69,0.2353846153846154,-0.11768647124188547,0.11769118529099387,3.3364161916180323e-16,5.149267024516795e-08,0.0004007048748455075,0.0004007048781540461,0.0
789,6.554964100000234,114.00001525875041,229.9999897480011,26.83384974552125,54.13845912529872,-2.4196314757569023e-70,0.2353846153846154,-0.11768647121458997,0.11769472085511978,3.3364161916180323e-16,2.2675395843430982e-08,0.0004472065665807782,0.0004472065671556508,0.0
790,6.5659364000002824,114.0000152587794,229.99997454881668,26.833849745528074,54.13845554764454,-4.839262951513805e-71,0.2353846153846154,-0.11768647120776521,0.11769829850930336,3.3364161916180323e-16,3.2825364546192266e-09,0.0003311505974700438,0.0003311505974863129,0.0
791,6.569783200000074,114.00001525878665,229.99997074902058,26.83384974552978,54.138454653231,-9.67852590302761e-72,0.2353846153846154,-0.1176864712060599,0.11769919292284214,3.3364161916180323e-16,1.455163330868215e-09,0.0002773754657052151,0.00027737546570903216,0.0
792,6.582195200000115,114.00001525878847,229.99996979907155,26.83384974553021,54.138454429627615,-1.9357051806055222e-72,0.2353846153846154,-0.11768647120563003,0.11769941652622862,3.3364161916180323e-16,2.256262907028242e-10,0.00011828985435117216,0.00011828985435138734,0.0
793,6.5862684000003355,114.00001525878892,229.9999695615843,26.833849745530316,54.138454373726766,-3.8714103612110446e-73,0.2353846153846154,-0.11768647120552345,0.11769947242707701,3.3364161916180323e-16,1.0157326426956617e-10,5.324792130220142e-05,5.32479213022983e-05,0.0
794,6.5985350999999355,114.00001525878903,229.99996950221248,26.83384974553034,54.138454359751556,-7.742820722422089e-74,0.2353846153846154,-0.11768647120549858,0.11769948640228733,3.3364161916180323e-16,1.2912425862762844e-11,6.761074792751102e-06,6.761074792763432e-06,0.0
795,6.602632399999948,114.00001525878906,229.99996948736953,26.833849745530348,54.13845435625775,-1.548564144484418e-74,0.2353846153846154,-0.11768647120549147,0.11769948989608991,3.3364161916180323e-16,5.985607378498171e-12,3.1700533131589803e-06,3.1700533131646313e-06,0.0
796,6.61439990000008,114.00001525878906,229.9999694836588,26.833849745530348,54.1384543553843,-3.097128288968836e-75,0.2353846153846154,-0.11768647120549147,0.11769949076954589,3.3364161916180323e-16,7.52306270856176e-13,4.260821994983398e-07,4.2608219949900394e-07,0.0
797,6.618039800000133,114.00001525878906,229.9999694827311,26.833849745530348,54.13845435516594,-6.194256577937672e-76,0.2353846153846154,-0.11768647120549147,0.11769949098790278,3.3364161916180323e-16,3.468346158484795e-13,1.989712510966158e-07,1.989712510969181e-07,0.0
798,6.631018500000209,114.00001525878906,229.99996948249918,26.833849745530348,54.13845435511135,-1.2388513155875344e-76,0.2353846153846154,-0.11768647120549147,0.11769949104249378,3.3364161916180323e-16,-2.293735646487132e-05,2.848763148483623e-08,2.293737415533264e-05,0.0
799,6.634682200000043,114.00001525878906,229.9999694824412,26.833849745530348,54.1384543550977,-2.4777026311750687e-77,0.2353846153846154,-0.11768647120549147,0.1176994910561433,3.3364161916180323e-16,-4.347484826623179e-05,1.3652893444102463e-08,4.3474850410017244e-05,0.0
800,6.646426199999951,114.00000953674316,229.9999694824267,26.833848398648776,54.13845435509429,-4.955405262350138e-78,0.2353846153846154,-0.11768781808706308,0.1176994910595539,3.3364161916180323e-16,-0.00015088330385681963,1.667884148130841e-09,0.00015088330386603814,0.0
801,6.662821599999916,114.00000238418579,229.99996948242307,26.83384671504681,54.13845435509343,-9.910810524700275e-79,0.2353846153846154,-0.11768950168902848,0.11769949106041366,3.3364161916180323e-16,-0.0001807945494697146,8.275947826427517e-10,0.00018079454947160877,0.0
802,6.666113300000234,113.99999487400055,229.99996948242216,26.833844947264744,54.13845435509322,-1.982162104940055e-79,0.2353846153846154,-0.11769126947109498,0.11769949106062683,3.3364161916180323e-16,-0.00020687226670921776,8.288664809712942e-11,0.00020687226670923438,0.0
803,6.678074200000083,113.99998727440834,229.99996948242193,26.833843158437656,54.13845435509316,-3.96432420988011e-80,0.2353846153846154,-0.11769305829818322,0.11769949106068367,3.3364161916180323e-16,-0.0001855985268927231,2.4804135636719866e-11,0.00018559852689272474,0.0
804,6.681504000000132,113.99998537451029,229.99996948242188,26.833842711230883,54.13845435509315,-7.92864841976022e-81,0.2353846153846154,-0.11769350550495616,0.11769949106069078,3.3364161916180323e-16,-0.00016632989400712262,1.4316356012293948e-11,0.00016632989400712324,0.0
805,6.69494480000003,113.99998489953578,229.99996948242188,26.83384259942919,54.13845435509315,-1.585729683952044e-81,0.2353846153846154,-0.1176936173066494,0.11769949106069078,3.3364161916180323e-16,-5.904607463872931e-05,1.3648221114262215e-12,5.904607463872933e-05,0.0
806,6.699350400000185,113.99998478079215,229.99996948242188,26.833842571478765,54.13845435509315,-3.171459367904088e-82,0.2353846153846154,-0.1176936452570736,0.11769949106069078,3.3364161916180323e-16,-2.9237642355849852e-05,4.14334792553472e-13,2.9237642355849855e-05,0.0
807,6.7105632000002515,113.99998475110624,229.99996948242188,26.83384256449116,54.13845435509315,-6.342918735808176e-83,0.2353846153846154,-0.11769365224467876,0.11769949106069078,3.3364161916180323e-16,-3.167162363370471e-06,-4.46401157244275e-05,4.475232786488575e-05,0.0
808,6.713961400000244,113.99998474368476,229.99996948242188,26.83384256274426,54.13845435509315,-1.2685837471616353e-83,0.2353846153846154,-0.11769365399158005,0.11769949106069078,3.3364161916180323e-16,-1.510006570475162e-06,-0.00024389474208367845,0.00024389941643207535,0.0
809,6.726030199999968,113.9999847418294,229.99998092651367,26.833842562307535,54.138457048856296,-2.5371674943232706e-84,0.2353846153846154,-0.11769365442830448,0.11769679729754756,3.3364161916180323e-16,-2.4156763070016383e-07,-0.00029829389480735347,0.00029829399262181036,0.0
810,6.729409999999916,113.99998474136555,229.99999523162842,26.833842562198353,54.13846041606023,-5.074334988646542e-85,0.2353846153846154,-0.11769365453748648,0.11769343009361677,3.3364161916180323e-16,-1.1734969503272683e-07,-0.0005175666440244985,0.0005175666573280516,0.0
811,6.74240860000009,113.99998474124959,230.0000102519989,26.833842562171057,54.13846395162436,-1.0148669977293084e-85,0.2353846153846154,-0.11769365456478198,0.11768989452948375,3.3364161916180323e-16,-1.4561976121407662e-08,-0.0005309994030888383,0.0005309994032885101,0.0
812,6.745671800000309,113.9999847412206,230.00002545118332,26.833842562164232,54.138467529278536,-2.0297339954586168e-86,0.2353846153846154,-0.11769365457160674,0.11768631687530728,3.3364161916180323e-16,-7.350390495958101e-09,-0.0004998184252010814,0.0004998184252551294,0.0
813,6.758988699999918,113.99998474121335,230.00002925097942,26.833842562162527,54.13846842369208,-4.0594679909172335e-87,0.2353846153846154,-0.11769365457331205,0.11768542246176139,3.3364161916180323e-16,-8.912180207536543e-10,-0.000301446518038557,0.0003014465180398744,0.0
814,6.7623114000002715,113.99998474121153,230.00003020092845,26.8338425621621,54.13846864729547,-8.118935981834468e-88,0.2353846153846154,-0.11769365457373837,0.11768519885837492,3.3364161916180323e-16,-4.729306380312642e-10,-0.00024787766668006345,0.00024787766668051464,0.0
815,6.774977000000035,113.99998474121108,230.0000304384157,26.833842562161994,54.13846870319631,-1.6237871963668935e-88,0.2353846153846154,-0.11769365457384495,0.11768514295753363,3.3364161916180323e-16,-5.475700209030189e-11,-2.8660427072477938e-05,2.8660427072530247e-05,0.0
816,6.77834329999996,113.99998474121097,230.00003049778752,26.833842562161966,54.13846871717153,-3.247574392733787e-89,0.2353846153846154,-0.11769365457387337,0.1176851289823162,3.3364161916180323e-16,-2.914589791629224e-11,-1.527770947990063e-05,1.5277709479928433e-05,0.0
817,6.790931400000318,113.99998474121094,230.00003051263047,26.83384256216196,54.13846872066533,-6.4951487854675745e-90,0.2353846153846154,-0.11769365457388048,0.11768512548851362,3.3364161916180323e-16,-3.484499570928358e-12,-1.8220327938649656e-06,1.8220327938682976e-06,0.0
818,6.794422299999951,113.99998474121094,230.0000305163412,26.83384256216196,54.13846872153878,-1.299029757093515e-90,0.2353846153846154,-0.11769365457388048,0.11768512461506475,3.3364161916180323e-16,-1.8014934698987552e-12,-9.421170891597965e-07,9.421170891615188e-07,0.0
819,6.807040300000153,113.99998474121094,230.0000305172689,26.83384256216196,54.13846872175714,-2.59805951418703e-91,0.2353846153846154,-0.11769365457388048,0.11768512439670076,3.3364161916180323e-16,-1.1289118067697717e-13,-1.1204052740124927e-07,1.1204052740130615e-07,0.0
820,6.810934800000268,113.99998474121094,230.00003051750082,26.83384256216196,54.13846872181173,-5.1961190283740605e-92,0.2353846153846154,-0.11769365457388048,0.11768512434210976,3.3364161916180323e-16,6.700403329126867e-05,-5.6700940504695086e-08,6.70040572823325e-05,0.0
821,6.823072000000138,113.99998474121094,230.0000305175588,26.83384256216196,54.138468721825376,-1.0392238056748122e-92,0.2353846153846154,-0.11769365457388048,0.11768512432846734,3.3364161916180323e-16,9.59286716974114e-05,-6.674117471795611e-09,9.592867192958311e-05,0.0
822,6.827092300000004,113.99999046325684,230.0000305175733,26.833843909043534,54.138468721828794,-2.0784476113496243e-93,0.2353846153846154,-0.11769230769230532,0.11768512432504963,3.3364161916180323e-16,0.0001875497068589587,-3.224014691072759e-09,0.00018754970688666941,0.0
823,6.838733600000069,113.99999761581421,230.00003051757693,26.8338455926455,54.138468721829646,-4.156895222699249e-94,0.2353846153846154,-0.11769062409033992,0.11768512432419698,3.3364161916180323e-16,0.00021702088922678832,-4.214591731278877e-10,0.00021702088922719755,0.0
824,6.842592500000137,114.00000512599945,230.00003051757784,26.833847360427562,54.13846872182986,-8.313790445398498e-95,0.2353846153846154,-0.11768885630827697,0.11768512432398381,3.3364161916180323e-16,0.00023760578079923454,-1.9730987464943233e-10,0.00023760578079931645,0.0
825,6.85473200000024,114.00001272559166,230.00003051757807,26.833849149254654,54.138468721829916,-1.6627580890796996e-95,0.2353846153846154,-0.11768706748118518,0.11768512432392697,3.3364161916180323e-16,0.00017246656983940464,-2.7287211707840993e-11,0.00017246656983940678,0.0
826,6.85907700000007,114.00001462548971,230.00003051757812,26.833849596461423,54.13846872182993,-3.3255161781593993e-96,0.2353846153846154,-0.11768662027441579,0.11768512432391276,3.3364161916180323e-16,0.0001438228359844194,-1.2638482048655615e-11,0.00014382283598441995,
827,6.87106760000006,114.00001510046422,230.00003051757812,26.833849708263116,54.13846872182993,-6.651032356318799e-97,0.2353846153846154,-0.11768650847272255,0.11768512432391276,-0.38175048828124963,0.6348826593229283,-0.31040848977525554,0.706703206185955,
828,6.890967900000305,114.00001521920785,230.00003051757812,26.83384973621354,54.13846872182993,-1.3302064712637598e-97,0.2353846153846154,-0.11768648052229835,0.11768512432391276,-0.8398510742187496,1.2513474157357667,-0.6117913981621811,1.392895929254522,
829,6.897330700000111,114.08581732714083,230.04198455810547,26.854046232388534,54.14834405752329,-1.90875244140625,0.2353846153846154,-0.09748998434730538,0.10780978863055424,-1.3132216796874985,2.072218248599893,-1.0131250938565322,2.3066232734523893,
830,6.904684000000088,114.18211221447564,230.0890598297119,26.876712567407342,54.1594248522245,-2.2905029296875,0.2353846153846154,-0.07482364932849705,0.09672899392934653,-1.7896462890624971,2.4787108093505674,-1.2023620932661208,2.7549377270121065,
831,6.909749400000237,114.2704387897029,230.13224267959595,26.89750328434545,54.16958943073566,-2.3668530273437502,0.2353846153846154,-0.05403293239038831,0.08656441541818083,-1.884931210937497,4.077922736371905,-1.0862677012249533,4.220122197584268,
832,6.918994500000281,114.35026732071674,230.16940557956696,26.916293692414865,54.17833700565191,-2.382123046875,0.2353846153846154,-0.03524252432097441,0.0778168405019315,-1.5222377070312463,4.053064834653866,-0.6856386753053801,4.110648969078032,
833,6.92331570000033,114.49705932285497,230.15874925255775,26.950846271379707,54.17582867021744,-0.476424609375,0.2353846153846154,-0.0006899453561324265,0.08032517593640165,-1.0679485179687471,4.949323316890519,-0.11372181536826159,4.950629651509677,
834,6.934475200000179,114.64165222085046,230.13736263662577,26.984881215061723,54.17079458985191,-0.095284921875,0.2353846153846154,0.03334499832588378,0.08535925630193475,-0.5953401918749996,4.530445928072006,0.3685984907666108,4.545415839566238,
835,6.938406700000087,114.76798561075461,230.11476973630488,27.014618151454545,54.165476568699454,-0.019056984375000002,0.2353846153846154,0.06308193471870638,0.09067727745438958,-0.11906803837500071,5.029641474597236,0.7613062585239956,5.086932335136419,
836,6.950763800000004,114.87350923533026,230.09351177001372,27.039456789239278,54.160472770480155,-0.0038113968750000007,0.2353846153846154,0.08792057250343888,0.09568107567368855,-0.023813607675001486,3.713057226032441,0.7163150919940245,3.781521026625415,
837,6.955215800000133,114.95915909289019,230.07426981872413,27.059617448018766,54.1559435111766,-0.0007622793750000002,0.2353846153846154,0.10808123128292735,0.10021033497724119,,3.9053162501228527,1.1975900615137447,4.084815414300885,
838,6.96648550000009,115.02681713223134,230.05724848495447,27.075543109586764,54.1519369510739,-0.00015245587500000004,0.2353846153846154,0.12400689285092525,0.10421689507994358,,2.659301459202518,1.1063779659691468,2.8802702051194204,
839,6.970175100000233,115.08969111472288,230.01245817836752,27.090342677773233,54.14139400198497,-2.289953586878125,0.2353846153846154,0.1388064610373938,0.11475984416887286,,2.9373244639879736,1.5072489875870396,3.301465510545944,
840,6.98305930000015,115.16269301183502,229.96338065787313,27.10752620124732,54.12984190869937,-2.868220209563125,0.2353846153846154,0.15598998451148205,0.12631193745447433,,2.235489222921721,1.5192610316547817,2.702881082863971,
841,6.987418800000341,115.22566699685524,229.91875883023977,27.12234930849054,54.11933861696413,-2.9838735341001255,0.2353846153846154,0.17081309175470238,0.13681522918971467,,2.4426941359099796,1.898298786706266,3.093589003927232,
842,6.998681699999906,115.27443814203608,229.86720572928846,27.1338292857408,54.10720381012482,-3.0070041990075254,0.2353846153846154,0.18229306900495956,0.1489500360290208,-3.0033840615708893,1.73894492258879,1.4783064955633802,2.2823933794642444,
843,7.002193499999976,115.31097823362913,229.83362653608188,27.14243026114655,54.099299784646966,-3.0116303319890054,0.2353846153846154,0.19089404441071167,0.15685406150687697,-3.0643608943454255,1.7048238877914597,1.69334706135889,2.40288342592752,
844,7.014837200000329,115.33742816741608,229.79293651072945,27.148656168637938,54.08972197867939,-3.1461920331946764,0.2353846153846154,0.1971199519020992,0.1664318674744507,-3.0765562609003347,1.0938157081833335,1.388127063905858,1.767294414922569,-8.315381596454412
845,7.01924420000023,115.35920407249367,229.75601916186204,27.15378188167928,54.08103220271522,-3.1731043734358106,0.2353846153846154,0.20224566494344032,0.17512164343862224,-3.105722629133192,1.056036574960862,1.6652437305097747,1.9718645819774692,-6.567033483008143
846,7.030305100000078,115.37542266118982,229.714517485778,27.157599487941603,54.07126334665236,-3.0448503668746625,0.2353846153846154,0.20606327120576395,0.18489049950148484,-3.2397626898891394,0.6219512184965708,1.3255935614189667,1.4642477960593927,
847,7.033683099999962,115.38733939942831,229.67917105845623,27.16040450478851,54.062943341452005,-3.152836040171808,0.2353846153846154,0.20886828805267044,0.1932105047018382,-3.3680501942278287,0.6737127049004141,1.5844917154988638,1.7217731573086987,
848,7.046288300000015,115.40226621582387,229.64958631319803,27.163918047724696,54.05597954756815,-3.681830635768737,0.2353846153846154,0.212381830988857,0.20017429858569358,-3.538633232204941,0.47737758668529867,1.2775705172415583,1.3638459542024322,
849,7.049607299999934,115.412858652955,229.62065234612177,27.16641134446479,54.049168936856354,-3.7876295548881225,0.2353846153846154,0.214875127728952,0.20698490929748914,-3.744402671831613,0.4839958787757586,1.4356300653950946,1.5150200313323394,
850,7.061893399999917,115.4223274409487,229.59783200132537,27.16864015148485,54.04379737877351,-4.026019563321374,0.2353846153846154,0.21710393474901224,0.21235646738033154,-3.930482096866322,0.41085764103036226,1.0190879796714682,1.09879220578957,
851,7.0651505999999245,115.42756138294226,229.57467467513604,27.169872140907948,54.0383465004551,-4.073697565008025,0.2353846153846154,0.21833592417210923,0.21780734569874483,-3.9676979818732643,0.6851888800722892,1.2859583833290285,1.4571111025000552,-9.050717506699153
852,7.077963799999907,115.45285668484689,229.55397369197738,27.175826265817808,54.033473807496215,-4.083233165345355,0.2353846153846154,0.2242900490819686,0.22268003865762864,-3.9751411588746515,0.6284006284563856,0.9690401779937746,1.1549572357496993,-0.025241490279120704
853,7.081480499999998,115.47751394538165,229.5257843775842,27.181630205605217,54.026838476569814,-3.867910060803446,0.2353846153846154,0.2300939888693776,0.22931536958402887,-3.933183749353055,0.9513262462949326,1.1838305871650685,1.5187088219922862,5.124948293844266
854,7.0943599000002,115.50308171815693,229.50020906436674,27.18764846596617,54.02081844130479,-3.824845439895064,0.2353846153846154,0.23611224923033092,0.23533540484905302,-3.881346222526859,0.9844226877032431,0.9594249689194427,1.374621511198974,9.597546563721451
855,7.098551999999927,115.53506837265446,229.4732959794706,27.195177632332513,54.0144835151677,-3.816232515713388,0.2353846153846154,0.24364141559667374,0.2416703309861461,-3.8275326722397454,0.9742490011666037,0.9736254017884634,1.3773552698130833,3.33358141962554
856,7.110617100000127,115.56293770168412,229.44502992748482,27.201737643627187,54.00783012139258,-3.814509930877053,0.2353846153846154,0.2502014268913477,0.24832372476126352,-3.910311221947948,0.9710296016114723,0.9705086312584079,1.3728748998189177,-0.3641410117409567
857,7.126193200000216,115.59032129370716,229.41516678362902,27.20818331990338,54.00080079676191,-3.8141654139097856,0.2353846153846154,0.25664710316754125,0.25535304939193537,-4.020408191655214,0.9483168611362095,0.9606534986977592,1.3498740732659023,
858,7.1297537999998895,115.61504286309965,229.38686130650296,27.21400239700653,53.99413812291532,-4.281802809344457,0.2353846153846154,0.26246618027069246,0.26201572323852673,-4.1359688453622905,0.8315353659880843,0.870373454363983,1.2037445804448839,
859,7.1428531000001385,115.63472728376807,229.36359154732887,27.218635806794637,53.98866077960203,-4.375330288431392,0.2353846153846154,0.26709959005879824,0.2674930665518147,-4.280655683134959,1.0970534220592225,0.8714599106042691,1.4010598083744503,
860,7.146948900000098,115.65581889064417,229.34515127428338,27.223600446567012,53.98432022302363,-4.3940357842487785,0.2353846153846154,0.27206422983117307,0.2718336231302132,-4.431167757720743,2.2669472763297227,1.1382941487477996,2.536683567718336,
861,7.158431500000006,115.7471055863085,229.31798490109037,27.245087930315695,53.97792567671819,-4.537944119740381,0.2353846153846154,0.29355171357985554,0.2782281694356499,-4.489303619903523,2.262550472409806,0.8759730975751105,2.4262035174068086,
862,7.162152700000206,115.84612202340818,229.28975852385656,27.268394876279157,53.971281621769315,-4.566725786838702,0.2353846153846154,0.3168586595433176,0.28487222438452875,-4.50093079234008,3.050966080337985,1.1956080161067495,3.2768693217080913,-1.4895876351090231
863,7.17499829999997,115.93411046190673,229.25921865318094,27.28910600103343,53.96409300605644,-4.572482120258366,0.2353846153846154,0.33756978429759243,0.29206084009740607,-4.453161011983641,3.023075076170414,1.1493318790395364,3.234184083248711,3.346007944497612
864,7.178978400000233,116.00674767773253,229.22512494527766,27.306203684143195,53.95606787173459,-4.433466150614174,0.2353846153846154,0.35466746740735644,0.3000859744192539,-4.415573608646728,3.2724606818017197,1.347485423175171,3.5390275330389485,5.34155694354317
865,7.191399799999999,116.06335340808059,229.18141093602645,27.319527802209738,53.945778266480076,-4.155186882466585,0.2353846153846154,0.36799158547389865,0.3103755796737673,-4.380022680713721,2.1797851159389157,1.106605162799132,2.4445936549869645,11.280762397539734
866,7.195357699999931,116.11578532772816,229.15538767663355,27.33186946944986,53.93965279157682,-4.350007103055817,0.2353846153846154,0.38033325271402063,0.3165010545770244,-4.294783833017747,2.1992169445828917,1.379384506242032,2.596007855419757,9.954944034396902
867,7.207640600000104,116.15752642531584,229.12506670675606,27.341694681651266,53.932515701744116,-4.388971147173663,0.2353846153846154,0.3901584649154266,0.3236381444097276,-4.2276408486348025,1.4122519091346204,1.1777543480681292,1.8389020526520068,3.720403173275157
868,7.211724799999956,116.1871877739315,229.09169148137653,27.34867650678695,53.92465968715479,-4.146287881778482,0.2353846153846154,0.3971402900511123,0.33149415899905676,-4.292340913867587,1.8109655456003524,1.419405529503865,2.3009363886334904,-5.394094603842264
869,7.22400800000014,116.2060243146987,229.03908192796132,27.353110338690616,53.912276207658586,-4.097751228699447,0.2353846153846154,0.40157412195477704,0.34387763849525754,-4.363670819492269,1.4179656482899374,1.2116155117797487,1.8651109157676402,-13.339612084723083
870,7.2279631000001245,116.25754550738561,229.00486096660947,27.365237634815383,53.90422111983269,-4.4786872086305145,0.2353846153846154,0.41370141807954397,0.35193272632115224,-4.43632669319533,1.871332953697281,1.3803433186080636,2.325346146452031,-13.612794069981184
871,7.239483400000154,116.31398774098214,228.97996356318558,27.37852326826195,53.89836065410368,-4.706656631179229,0.2353846153846154,0.4269870515261118,0.3577931920501598,-4.628267535904691,1.6974776526520832,1.1061016346561308,2.026053110716052,
872,7.243718500000341,116.36916542279437,228.9543300326421,27.391511245673136,53.892326915375754,-4.752250515688971,0.2353846153846154,0.43997502893729745,0.3638269307780888,-4.883409854837192,2.02187711642603,1.178794354989223,2.3404151779719977,
873,7.2560920999999325,116.41333246287633,228.92529668052381,27.401907487415503,53.88549291095407,-5.105992095325295,0.2353846153846154,0.4503712706796641,0.3706609351997727,-5.073063806904941,1.6107854923934353,0.8990052163324851,1.84467891013536,
874,7.260505499999908,116.45051252856088,228.89957902242588,27.41065910287664,53.879439369894094,-5.373462823361934,0.2353846153846154,0.45912288614080055,0.37671447625974963,-5.179919157865366,1.7449549212175928,1.0838622050960731,2.054172572282382,-18.36115691335035
875,7.271627200000239,116.49827113751131,228.86944889379006,27.42190074467574,53.87234720115366,-5.426956968969262,0.2353846153846154,0.4703645279398998,0.3838066450001847,-5.352801458526199,1.2775505474901732,0.8965212666345235,1.5607324507808542,-15.412287125057631
876,7.2769625000000815,116.539616383621,228.83696824151392,27.43163277952925,53.8647017553102,-5.240933385981353,0.2353846153846154,0.48009656279340973,0.39145209084364296,-5.387377918658365,1.3797928556535242,1.2114185167812692,1.8361272143598975,-6.345474701918089
877,7.2878125000002,116.57325286604686,228.814474299148,27.439550290007954,53.859407027337916,-5.616662018993146,0.2353846153846154,0.4880140732721152,0.3967468188159273,-5.354948728262922,1.0526367686118177,1.08924019725139,1.5147568695806521,-0.6258918592061423
878,7.291830600000139,116.59632186824511,228.77816920344912,27.444980378217696,53.85086136635033,-5.27887439598613,0.2353846153846154,0.49344416148185744,0.4052924798035136,-5.348462890183834,1.0253868569756448,1.2275058844597113,1.5994339320026976,-1.061308852055061
879,7.302269799999976,116.61171932204175,228.74443091170212,27.44860470195752,53.84291989152373,-5.211316871384726,0.2353846153846154,0.497068485221682,0.41323395463011536,-5.42975239248989,0.7146137050641711,1.0474304900255107,1.267983982115162,-3.2031330146755663
880,7.307000600000265,116.62929587360125,228.71772012416577,27.45274195178614,53.83663258307286,-5.394527778573821,0.2353846153846154,0.5012057350503021,0.4195212630809806,-5.446010292951104,0.6580330868381381,1.1712326684127767,1.3434260332936243,-4.938618339741554
881,7.31885820000025,116.64290822743351,228.6908893816274,27.455946090457427,53.830317039059985,-5.64738089751164,0.2353846153846154,0.5044098737215883,0.42583680709385874,-5.488606355465221,0.4008231517171477,0.8504596169905798,0.9401812373602396,-8.802180394998647
882,7.323559800000112,116.65183309018357,228.66877794843418,27.45804686584321,53.8251123478622,-5.697951521299204,0.2353846153846154,0.5065106491073728,0.4310414982916413,-5.579712237889922,0.36148422940890307,0.7430138175109138,0.8262810545592159,-8.171062060532398
883,7.335366799999974,116.6551114402705,228.64254772807533,27.458818539017518,53.818938157531576,-5.4918547085567155,0.2353846153846154,0.5072823222816787,0.4372156886222669,-5.597933414374862,0.2457851815669536,0.7534870398476619,0.7925610857822205,-7.05617499366814
884,7.350082700000257,116.66451981868579,228.62857440150125,27.461033126552195,53.8156490514303,-5.666846283508219,0.2353846153846154,0.509496909816356,0.44050479472354453,-5.60157764967185,0.23817357664258335,0.7415914370755228,0.7788995520312357,-0.6535873266216944
885,7.354373300000134,116.66991604170758,228.60339451590266,27.462303314432706,53.80972209374324,-5.485633660998519,0.2353846153846154,0.510767097696867,0.4464317524106036,-5.602306496731248,0.39961178867449054,0.7882697590073556,0.8837753077638797,-1.3752624237306754
886,7.366073600000163,116.68145606120814,228.5798761863487,27.465019657484376,53.8041862407867,-5.665602073996579,0.2353846153846154,0.5134834407485371,0.45196760536714464,-5.645694453643127,0.4479950983676845,0.7742192639949771,0.8944915186307779,-2.123353916794356
887,7.36955590000025,116.7000080277532,228.56004625605982,27.469386504994215,53.79951858027254,-5.701595756596191,0.2353846153846154,0.5178502882583764,0.4566352658813031,-5.654372045025502,0.7146224244467796,1.0317007065506876,1.2550265166200198,-6.030468660724932
888,7.381809700000304,116.71600428049787,228.5364806802259,27.473151776794115,53.79397160626856,-5.708794493116114,0.2353846153846154,0.5216155600582759,0.46218223988527996,-5.800084614083229,0.8249496496294817,0.8219292599640793,1.1645212032457388,
889,7.385102300000199,116.73675749407467,228.51534575599396,27.478036763989884,53.78899677025704,-5.710234240420099,0.2353846153846154,0.5265005472540452,0.4671570758968002,-5.929961991176023,1.2726476514992684,0.881919939607479,1.5483587519511952,
890,7.399195500000133,116.78751044895812,228.49543647561958,27.489983228754756,53.784310431953536,-6.214196506287145,0.2353846153846154,0.5384470120189171,0.4718434142003076,-6.003684048625832,1.282357543177005,0.728920494470773,1.4750477808540576,
891,7.404052500000034,116.83849061883133,228.4794842714928,27.501983176432606,53.780555528520615,-6.314988959460554,0.2353846153846154,0.5504469596967674,0.4755983176332279,-6.119163323397042,1.880753747563248,0.8890574453112419,2.0803023338054865,-11.814023991259017
892,7.415061100000003,116.89940956571857,228.45257370459194,27.516322559315295,53.77422119508087,-6.070206043845236,0.2353846153846154,0.5647863425794561,0.4819326510729738,-6.190005760382535,1.9895083355827812,0.7338163547469377,2.120525845126027,-2.851607526167845
893,7.419058400000267,116.95543748969624,228.4312891781011,27.529510670651575,53.76921114499918,-6.286190866972173,0.2353846153846154,0.5779744539157363,0.48694270115466054,-6.1034393844983805,2.826607114559697,1.0772684141191964,3.0249322333133986,5.604729835672911
894,7.429925599999933,117.04903812913793,228.397369261078,27.55154282116631,53.76122691837683,-6.06444642534756,0.2353846153846154,0.6000066044304724,0.49492692777701564,-6.086126109321552,2.693563343313109,1.0574549530732684,2.893699096696006,8.046713616937925
895,7.433812900000248,117.13215928204033,228.36351773030856,27.571108261772572,53.75325878882648,-5.781364626866388,0.2353846153846154,0.6195720450367332,0.5028950573273647,-6.082663454286186,3.5985968085909565,1.5387143844684263,3.9137630163017105,2.3044071956907386
896,7.445932399999947,117.22511745722883,228.32881354512597,27.59298918608617,53.745089957545034,-6.228422583576403,0.2353846153846154,0.6414529693503326,0.5110638886088097,-6.0289826420291135,3.230257766000154,1.4479936221745031,3.539950672631236,2.7526153438529586
897,7.449586900000213,117.3155967623785,228.282520769094,27.614286622529093,53.734193350263666,-6.052892768668406,0.2353846153846154,0.6627504057932541,0.5219604958901769,-6.0182464795777,3.671878806355773,1.8409467093909389,4.107527085167184,1.2384464347219521
898,7.462073900000178,117.39291934745498,228.2400943036016,27.632487169477866,53.72420681300161,-6.017786805686806,0.2353846153846154,0.6809509527420268,0.5319470331522353,-6.063845829118667,2.8867159016984436,1.6729847236837265,3.3364661818753345,-1.0125943695638129
899,7.4659983999999895,117.46353669111178,228.19508674728712,27.649109405754004,53.713612726669126,-6.010765613090486,0.2353846153846154,0.6975731890181649,0.5425411194847172,-6.0729656990268595,3.162223759863209,2.3752709238668377,3.9549426126317724,-2.0432095668427652
900,7.477838300000258,117.51923691020471,228.13422472026906,27.662220380402033,53.69928674184795,-6.009361374571222,0.2353846153846154,0.710684163666194,0.5568671043058941,-6.074789673008498,2.103944375134862,1.9753056693090216,2.885899239555322,-6.464628913679579
901,7.480992300000253,117.56188663538809,228.07814236170788,27.672259469560583,53.68608581744816,-6.274021933117369,0.2353846153846154,0.7207232528247438,0.5700680287056841,-6.128142749054827,2.0621477181804275,2.396723024098523,3.161761291723446,-7.278493158870326
902,7.49435080000012,117.59232445730893,228.0224195015598,27.679424064566565,53.67296951344407,-6.062012638576599,0.2353846153846154,0.7278878478307256,0.5831843327097701,-6.191801645514091,1.299907764035348,2.011130470787359,2.39466197312455,-16.191277662029776
903,7.498233000000255,117.6129172349327,227.97447694570246,27.684271287607235,53.661684573373044,-6.284552185918445,0.2353846153846154,0.7327350708713958,0.594469272780799,-6.296203346680947,1.476363367486841,2.1547549298901396,2.612014088925047,-12.75663488840432
904,7.510335800000121,117.63473374904079,227.93480804868148,27.689406559389603,53.65234712530503,-6.329060095386814,0.2353846153846154,0.737870342653764,0.6038067208488158,-6.376227974023692,0.8858552236656098,1.3845597603343895,1.6436986363786001,
905,7.513531800000237,117.66174854651312,227.90862876998287,27.69576542710232,53.646184925857504,-6.531369880405489,0.2353846153846154,0.7442292103664805,0.609968920296339,-6.525634999101617,0.9515964631551067,1.3613660424345295,1.660979629671346,
906,7.526456999999937,117.6744016752025,227.89026220348205,27.698743778932283,53.64186171866577,-6.6741450698310985,0.2353846153846154,0.7472075621964436,0.6142921274880706,-6.635930222476578,0.7480688468661637,0.8221335042468829,1.11153519892846,
907,7.530554800000118,117.68946109079769,227.8751877737709,27.702288533680072,53.63831342982608,-6.80904776396622,0.2353846153846154,0.750752316944233,0.6178404163277662,-6.783561776917193,1.3789332011212267,1.052016602029331,1.7344150899077686,
908,7.542079000000285,117.70076760119063,227.8648731458353,27.704949912280256,53.63588552509662,-6.8360283027932445,0.2353846153846154,0.7534136955444168,0.6202683210572246,-6.899978956945941,1.1484661541236247,0.7499034955681921,1.371615747880179,
909,7.545181400000274,117.74793436245587,227.839555078451,27.716052242239613,53.62992604154309,-7.067217867589899,0.2353846153846154,0.7645160255037737,0.6262278046107568,-6.989690615607941,1.2440797234604504,0.770230499047291,1.4632120078744808,-14.562402457177678
910,7.558698100000129,117.79601526786006,227.81557877205415,27.72736974766552,53.62428238788352,-7.11345578054923,0.2353846153846154,0.7758335309296811,0.6318714582703251,-7.052791638746591,1.5767444577712297,0.9175316430814923,1.8242772270595586,-12.352166543955214
911,7.575342999999975,117.84611570966521,227.78473957216391,27.739162620890426,53.61702331467858,-7.122703363141096,0.2353846153846154,0.7876264041545866,0.63913053147526,-7.110570534780569,1.6344258951303192,0.9407618618112614,1.8858369195959486,-7.756690804603451
912,7.579346800000167,117.88912215861748,227.75748326340232,27.749285677336115,53.610607598923934,-7.124552879659469,0.2353846153846154,0.7977494606002757,0.6455462472299089,-7.171149751487366,1.1299892327208347,0.668898461608573,1.313126352643696,-8.061376945534056
913,7.59497730000021,117.92360881724227,227.73578042278416,27.75740330621241,53.60549908413227,-7.124922782963144,0.2353846153846154,0.8058670894765712,0.6506547620215741,-7.258405975688097,1.184541690642045,0.7103711793884213,1.3812191098355144,-10.713796276104684
914,7.603079100000286,117.95997096041408,227.71645014109643,27.765962395297468,53.60094903321193,-7.370113951123879,0.2353846153846154,0.8144261785616287,0.6552048129419106,-7.350997601387619,1.388064135830385,0.7807417607847762,1.5925701686933187,-12.62726003544197
915,7.611671600000136,118.00049269432715,227.6936389024616,27.775500588049315,53.59557961857942,-7.549736901552901,0.2353846153846154,0.8239643713134761,0.660574227574422,-7.530330135511899,1.1608706418293866,0.6457079698333748,1.328367204265338,-12.681320755377502
916,7.617915100000118,118.04627719579858,227.67273833889664,27.786277555318744,53.590659947463365,-7.585661491638705,0.2353846153846154,0.834741338582905,0.6654938986904781,-7.566196642336755,2.0303971624316253,0.9352100543540744,2.2354262419000426,-14.817934845483958
917,7.624584099999993,118.08572701379339,227.64646751319094,27.795563435554445,53.584476199258795,-8.021215550280866,0.2353846153846154,0.8440272188186064,0.6716776468950485,-7.685160715186102,2.292776989568115,1.0188016289258575,2.508940629627375,-9.657478392601313
918,7.628998800000318,118.17700845938097,227.61318929651063,27.81704968351583,53.57664301902481,-7.304255317087423,0.2353846153846154,0.8655134667799906,0.679510827129036,-7.708953529755972,3.314917139829313,1.3336317101798931,3.5731287665478133,-5.382622055081904
919,7.6389398000001165,118.27703066403959,227.57181920523118,27.84059337168932,53.56690513600057,-7.96493431537061,0.2353846153846154,0.8890571549534805,0.6892487101532723,-7.638571711810571,3.2504530409727197,1.331423681215643,3.5125680051026222,
920,7.642330200000288,118.36663239135169,227.54014489530192,27.861684239810476,53.5594494907403,-7.668700974402247,0.2353846153846154,0.9101480230746368,0.6967043554135444,-7.463681139237117,3.9735992712049777,1.6962407571962976,4.320500419453122,
921,7.654527600000165,118.43937538299417,227.49988531440164,27.87880682092017,53.54997300477454,-7.233752401911699,0.2353846153846154,0.9272706041843293,0.7061808413793003,-7.5895172337067995,3.211300088311013,1.4621676842338285,3.528509967961553,
922,7.657732600000145,118.50756609001124,227.46242326341485,27.894857864264186,53.54115501431149,-7.14676268741359,0.2353846153846154,0.9433216475283466,0.714998831842351,-7.614684452600736,3.188564621741959,1.5300082004781044,3.536646637784823,-8.41981558041524
923,7.670525700000326,118.56493130216589,227.42959736248457,27.908360752663665,53.53342830224637,-7.933435789435844,0.2353846153846154,0.9568245359278258,0.7227255439074725,-7.705391724504523,2.084859639016811,1.1740072475098606,2.392683165738202,
924,7.6752362000001995,118.61005149009225,227.40320622538678,27.91898135074479,53.527216234591044,-8.090770409840294,0.2353846153846154,0.9674451340089512,0.7289376115627988,-7.884347387869656,2.077440281607609,1.185994473830454,2.392141512453282,
925,7.686566400000174,118.64385350973009,227.38303574824124,27.926937826136466,53.522468414586015,-8.122237333921184,0.2353846153846154,0.9754016094006275,0.7336854315678281,-8.080952729527057,1.1750426661453033,0.7261667571341229,1.381319451259755,
926,7.690688600000158,118.66778787084073,227.36838009184547,27.93257160652097,53.519018698542084,-8.128530718737363,0.2353846153846154,0.9810353897851307,0.7371351476117596,-7.959459588874163,1.1247527209892652,0.8745475220408352,1.4247463113412582,9.107259757287082
927,7.702866099999937,118.693455299009,227.3449865634887,27.938613324228275,53.513512221867344,-8.129789395700598,0.2353846153846154,0.9870771074924356,0.7426416242864988,-7.774346751759208,0.7560498603700665,0.7681925915999755,1.0778363740172643,
928,7.707729799999925,118.71006884184209,227.3171769692413,27.942523896618216,53.506966271221415,-7.3259700861713695,0.2353846153846154,0.9909876798823767,0.7491875749324279,-7.450937465586217,0.7849282149559683,1.093928549323481,1.346399633711677,
929,7.718438200000037,118.72877339027009,227.28137401525953,27.946926659555885,53.49853880666878,-7.165206224265524,0.2353846153846154,0.995390442820046,0.75761503948506,-7.300581780226617,0.6094717524267961,1.102222950103532,1.2595043663049061,
930,7.723764800000026,118.74793202554604,227.2350354288637,27.951436307551607,53.48763141633253,-6.5051909030562305,0.2353846153846154,0.9999000908157676,0.76852242982131,-7.184836815029697,0.6955602352916925,1.3441943277592387,1.5134934528101356,9.334715033482219
931,7.733972300000005,118.76915540018534,227.1969462656632,27.95643196342824,53.478665813302264,-7.376752291939371,0.2353846153846154,1.0048957466924016,0.7774880328515792,-7.264112138396564,0.5849687471075766,1.1655085826659635,1.304070048486902,-4.5111222852125135
932,7.738273899999967,118.78608844111079,227.16657283960916,27.960417740753773,53.471516376092616,-7.551064569715999,0.2353846153846154,1.0088815240179336,0.7846374700612273,-7.382391519476186,0.898379028499702,1.2428334813991662,1.5335318520770411,-18.77963088615117
933,7.7502142000003005,118.79882466154723,227.14362151190426,27.963415651102657,53.46611398664823,-7.7223467030057,0.2353846153846154,1.0118794343668185,0.7900398595056117,-7.634044221863987,0.8664897845568685,0.8976357879232887,1.2476195551938387,-22.497112281747732
934,7.75431669999989,118.83330258567489,227.12316657792724,27.971531224012704,53.46129920988133,-7.75660312966364,0.2353846153846154,1.019995007276865,0.7948546362725111,-7.711658697888422,1.0621426530646985,0.9704005543454731,1.4386883788136047,-16.251360413969024
935,7.765869700000167,118.86703040410916,227.1073755067865,27.979470233582617,53.45758223467436,-7.763454414995229,0.2353846153846154,1.0279340168467783,0.7985716114794812,-7.81285542121831,0.9302054283735937,0.690783712750597,1.1586476068146,-15.392475314989678
936,7.7701200999999855,118.89353257966499,227.08494553074937,27.985708437982684,53.452302563391775,-7.764824672061546,0.2353846153846154,1.0341722212468447,0.8038512827620679,-7.891484658462412,0.9252096235500753,0.6487224228623083,1.1299794818641689,-10.545416022269695
937,7.7870505999999295,118.91272945839282,227.06595989342952,27.990227087898617,53.44783363645341,-8.057048186365435,0.2353846153846154,1.0386908711627783,0.8083202097004332,-7.965600398489358,0.6032039334573782,0.4992548853696933,0.7830136818114731,-9.35877423044182
938,7.80113160000019,118.92625479806989,227.05147456198043,27.99341074477645,53.444424012281544,-8.115492889226212,0.2353846153846154,1.041874528040612,0.8117298338722989,-8.038813439072872,0.49467989438202986,0.47284527113504876,0.6843177977669396,-11.24410146951826
939,7.8068090000001575,118.93513501909754,227.04119276769237,27.995501012187574,53.442003836087586,-8.127181829798367,0.2353846153846154,1.0439647954517355,0.8141500100662569,-8.175952385080201,0.35750584526455315,0.4543195538430894,0.5781147692305625,-13.485302221152601
940,7.815054400000008,118.94019893116598,227.03454822244066,27.996692979182146,53.44043981235911,-8.129519617912798,0.2353846153846154,1.0451567624463074,0.815714033794734,-8.267486619594166,0.34080035321750757,0.478680404160795,0.5876051481060389,-13.515063183551177
941,7.818515899999966,118.9516959272495,227.0176435558543,27.999399195183344,53.436460713916475,-8.450519402098184,0.2353846153846154,1.0478629784475046,0.8196931322373686,-8.285793466496958,0.7421736772741068,0.8607563044054102,1.1365400049326153,-5.562436655659318
942,7.830828900000142,118.96128785815515,226.99746432524287,28.001656988150366,53.431710833480246,-8.514719358935261,0.2353846153846154,1.0501207714145266,0.8244430126735978,-8.289454835877518,0.7852792259099045,0.878353436464614,1.1782055092363366,-8.748620788489106
943,7.83396730000004,118.99106010845969,226.96876457984587,28.008664917837436,53.42495535494834,-8.207027123740177,0.2353846153846154,1.0571287011015968,0.8311984912055053,-8.354293555066127,1.118395003704154,1.2905221274185636,1.7077045252816276,-7.344053500941712
944,7.846030300000166,119.02097364527899,226.94240934564505,28.01570610419644,53.4187517382826,-8.145488676701161,0.2353846153846154,1.0641698874606007,0.8374021078712417,-8.36726129890385,1.0137229070014775,1.2728149978598824,1.6271730550118444,-7.514262254924406
945,7.8492402000001675,119.04565822150042,226.91171927977064,28.021516473676254,53.411527768930625,-8.453713213855858,0.2353846153846154,1.0699802569404149,0.8446260772232179,-8.369854847671396,1.2143916935653727,1.8601253745768256,2.2214440336288352,-2.246427184327987
946,7.86254770000005,119.06026938325596,226.85173581969852,28.024955716366403,53.397408585252116,-8.515358121286797,0.2353846153846154,1.073419499630564,0.8587452609017276,-8.434480002737407,0.9305083446631357,1.6379548973771545,1.883810506746773,-10.51802227129562
947,7.866854200000034,119.08198095055032,226.7909521434012,28.030066285283382,53.3831010429852,-8.527687102772985,0.2353846153846154,1.0785300685475434,0.8730528031686404,-8.54597436968811,1.162635964598459,2.0071058971613542,2.319525052375523,-12.666985976364009
948,7.879672600000049,119.12628442220789,226.734225615196,28.040494640919704,53.36974849096152,-8.530152899070222,0.2353846153846154,1.0889584241838648,0.8864053551923234,-8.638970264562627,1.0878141123875908,1.8264809568787819,2.1258815180885393,
949,7.884743000000071,119.16385908467795,226.68338855711932,28.049339138393425,53.357782229598854,-8.70296051145467,0.2353846153846154,1.0978029216575855,0.8983716165549893,-8.806618515803153,1.7627465239955327,2.3678350227480323,2.95193462034824,
950,7.894310399999995,119.22222774114019,226.62862225524663,28.063078222145307,53.34489108469651,-8.918692688228434,0.2353846153846154,1.1115420054094685,0.9112627614573299,-8.989197238316883,1.7281006073326954,1.871535456540975,2.5473469873877934,
951,7.8974872000003415,119.27126089951844,226.57777171371401,28.074619873271264,53.33292164953576,-9.353599377489438,0.2353846153846154,1.1230836565354245,0.9232321966180805,-8.961606537507128,2.072084665483556,2.1372957961664154,2.9768386219684015,-6.383446557812556
952,7.909949300000335,119.3249181911882,226.53325594722733,28.087249974233533,53.32244332296274,-9.440580715341639,0.2353846153846154,1.1357137574976939,0.9337105231911025,-9.070674578985802,1.907337243765445,1.8291853953455737,2.6426983505501167,-2.125390250910081
953,7.913406699999996,119.36213050299725,226.49843773558612,28.096009179936274,53.3142476516072,-8.392199395021454,0.2353846153846154,1.1444729632004353,0.9419061945466467,-9.092488187281537,2.93283597579899,2.1560426761262104,3.6400613844025056,-5.137118523273228
954,7.925867200000084,119.41086419923565,226.4550575845313,28.107480342281622,53.30403663143583,-9.248300718848041,0.2353846153846154,1.1559441255457834,0.9521172147180152,-9.096850908940683,2.509067160254317,1.5404461689718247,2.944213377825499,-2.3118617607178487
955,7.929026199999953,119.49895056213802,226.41504155677734,28.128214516934026,53.294617474133744,-9.027760729707108,0.2353846153846154,1.176678300198187,0.9615363720200989,-9.097723453272511,3.3724570095174062,1.8363906035820365,3.840025615795744,-1.8830094194666849
956,7.9418243000000075,119.58128251663314,226.377537397251,28.147594192376722,53.28578957196831,-9.375412985785172,0.2353846153846154,1.1960579756408833,0.9703642741855347,-9.162004407451377,3.1146741223418264,1.5494222077420206,3.47877910569642,
957,7.944911300000058,119.65118954090144,226.34710422846314,28.164049230396802,53.27862607223825,-9.444943437000784,0.2353846153846154,1.2125130136609634,0.9775277739155968,-9.025811526021526,3.842164005556091,2.1455978192166345,4.400660660334764,
958,7.958085499999925,119.72084563351638,226.2947380932486,28.180445202966162,53.266299889641594,-8.713604165915783,0.2353846153846154,1.2289089862303229,0.9898539565122491,-9.076925000516805,2.6885118876648915,1.6994967240262266,3.1806265554276116,
959,7.961141900000257,119.7800305917287,226.24539167663247,28.194376431591525,53.254684502345796,-8.567336311698782,0.2353846153846154,1.2428402148556863,1.001469343808047,-9.087147695415865,2.8747013215302712,2.0553050201856093,3.533862817655498,-2.4609140784885777
960,7.9740623000002415,119.8236831087476,226.20415874069133,28.20465156252059,53.244978903578115,-9.283328102183507,0.2353846153846154,1.2531153457847495,1.0111749425757282,-9.089192234395677,1.8918285617090813,1.68039590162148,2.5303647351882925,
961,7.977158600000166,119.85584791646913,226.1716833008955,28.21222266341504,53.23733468467233,-9.426526460280453,0.2353846153846154,1.2606864466792018,1.0188191614815167,-9.238650214457264,2.0346829082828197,1.9887248565728761,2.845164510605501,
962,7.990056500000264,119.87864627477158,226.14724516604417,28.217589046215465,53.23158232369963,-9.45516613189984,0.2353846153846154,1.2660528294796265,1.0245715224542167,-9.417590882735208,1.2072543662720012,1.284726866343126,1.7629481631592687,
963,7.993225000000166,119.90501389413235,226.1138986938548,28.223795578157308,53.223733077168895,-9.46089406622372,0.2353846153846154,1.2722593614214688,1.0324207689849487,-9.375026965609544,1.271254710901469,1.370183705806287,1.8690885285738144,3.8331370517355725
964,8.006421600000067,119.9286117193827,226.09818063659847,28.229350143177776,53.22003328830702,-9.462039653088494,0.2353846153846154,1.2778139264419366,1.0361205578468216,-9.217465109918784,0.818137498969571,0.9957987440946672,1.2887839640376897,
965,8.010038599999916,119.94574927383982,226.08007189254806,28.233384059842297,53.21577076855362,-9.070508516555199,0.2353846153846154,1.2818478431064584,1.0403830776002252,-9.107600687999382,0.7496296011357646,0.953007096871817,1.2125044600276793,
966,8.022686499999963,119.95540094150684,226.04799877758037,28.235655913923917,53.208221250722765,-8.638717181826665,0.2353846153846154,1.2841196971880784,1.047932595431078,-8.971041621974877,0.6178235141520521,0.7270837589654926,0.9541261379873112,
967,8.0392953999999,119.96058905068432,226.03162631182673,28.236877115007232,53.204367424168446,-8.905844022302833,0.2353846153846154,1.285340898271393,1.0517864219853976,-8.943729808769975,0.6271509189473492,0.8243722716345232,1.035812684502545,
968,8.043844100000115,119.9857069550539,226.0055834273219,28.242789483266534,53.198237329815775,-8.778098736101192,0.2353846153846154,1.2912532665306955,1.057916516338068,-9.081177602378995,0.8727396572129051,0.8457197115024806,1.2152844686310849,
969,8.055232900000192,120.00832859423222,225.96848264882266,28.248114269103894,53.18950437733826,-9.32548058706399,0.2353846153846154,1.296578052368055,1.0666494688155836,-9.322274338835173,0.9579037077228527,0.768161495036203,1.227864648780737,
970,8.058727900000122,120.04312066174165,225.94939986752792,28.256303786533035,53.185012584202724,-9.757747484600298,0.2353846153846154,1.304767569797196,1.0711412619511194,-9.51340384237641,1.2877006546371028,0.8027022835893672,1.5174003861975285,
971,8.071170400000028,120.07512457156335,225.93834636580777,28.26383701453722,53.18241075995168,-9.84420086410756,0.2353846153846154,1.312300797801381,1.073743086202164,-9.73077403019403,1.1554666733400842,0.5947925749331356,1.2995697135572184,
972,8.074740900000052,120.10125299042502,225.93220698329765,28.269987242361584,53.18096564376083,-9.861491540009013,0.2353846153846154,1.3184510256257447,1.075188202393015,-9.838806173226306,1.550861326606952,0.7105340813639848,1.7058808678054973,
973,8.086710900000071,120.13372885124394,225.91653868430097,28.277631560369727,53.17727756722777,-9.864949675189303,0.2353846153846154,1.326095343633888,1.0788762789260744,-9.86041260183276,1.3106650588058786,0.5350104700072595,1.415655007193492,
974,8.090088899999955,120.16881009672213,225.89722930608502,28.285889145843825,53.17273243666309,-9.865641302225361,0.2353846153846154,1.334352929107986,1.0834214094907537,-9.934979248882176,2.057157434122308,0.7284719036762376,2.182330869325355,-10.18077251627557
975,8.102869600000304,120.23082976722253,225.87509849473415,28.30048762213084,53.16752318414512,-9.865779627632573,0.2353846153846154,1.3489514053950025,1.0886306620087254,-10.020137939620184,1.9108363550134562,0.6930352450062083,2.032632142435499,
976,8.106092400000307,120.29022277688864,225.85899145107612,28.314467822867634,53.16373183386869,-10.21703409935464,0.2353846153846154,1.362931606131795,1.0924220122851551,-10.137274658236539,2.5670392771275092,0.8769979297485944,2.7127137738985008,
977,8.118094400000246,120.34074798548193,225.84738870139208,28.326360679659594,53.161000725096905,-10.287284993699053,0.2353846153846154,1.3748244629237547,1.0951531210569385,-10.26080698242856,2.2559453889384455,0.6725513289244845,2.354063484256685,
978,8.12207269999999,120.4069948576986,225.82663523076795,28.34195417419675,53.15611567739615,-10.450633268271062,0.2353846153846154,1.3904179574609117,1.100038168757692,-10.385618427735716,2.6722171103693704,0.79473486928671,2.7878930749601913,
979,8.134091500000068,120.452389965035,225.8101286563248,28.352639484077468,53.152230283719526,-10.483302923185464,0.2353846153846154,1.4011032673416288,1.1039235624343178,-10.440440335937772,1.9582353575523521,0.6044610396944765,2.0494045145057904,
980,8.137623900000108,120.50076610087788,225.79484402321205,28.36402648220664,53.14863251623299,-10.489836854168344,0.2353846153846154,1.412490265470801,1.10752132992085,-10.48126433671881,2.025805331228621,0.6444996474036857,2.125856776816768,-5.58791811761014
981,8.150274800000261,120.54204256892064,225.78274878656472,28.37374232776132,53.14578548360677,-10.49114364036492,0.2353846153846154,1.4222061110254813,1.1103683625470708,-10.489429136875016,1.3130429276917406,0.41601416165831306,1.3773705066762416,-4.216950342332144
982,8.153916199999912,120.56259842604364,225.7761315325787,28.378580860284117,53.14422788382237,-10.491404997604235,0.2353846153846154,1.4270446435482782,1.1119259623314761,-10.491062096906257,1.274857827717155,0.37921513606116886,1.3300626302206953,-0.3709452311477617
983,8.171105299999908,120.58858280353239,225.76988813827163,28.384697182985317,53.14275828485471,-10.491457269052098,0.2353846153846154,1.4331609662494778,1.1133955612991357,-10.491388688912505,0.7313165130982462,0.18998077698099838,0.7555901918053736,-0.15877379519169402
984,8.178462200000013,120.6104025368206,225.76553493129643,28.389833212513157,53.14173360690516,-10.491467723341671,0.2353846153846154,1.4382969957773177,1.1144202392486804,-10.491454007313756,0.6711578567622061,0.15117641271818305,0.6879732381829807,-1.1355377338253443
985,8.18453610000006,120.62345634709578,225.76366843131044,28.392905878624084,53.14129426152384,-10.491469814199586,0.2353846153846154,1.4413696618882454,1.114859584630004,-10.511976104197128,0.4138857434116108,0.19696714935421258,0.4583639018553996,-2.709999430060285
986,8.189726200000223,120.63375791611965,225.7629843685698,28.395330709486625,53.14113324367874,-10.491470232371169,0.2353846153846154,1.4437944927507864,1.1150206024751057,-10.53658955677693,0.28360227592742054,0.6438595071251054,0.7035519283084912,-3.6430380278904257
987,8.198783100000128,120.63538917080237,225.73771645957407,28.39571468174271,53.13518556663821,-10.594015482021108,0.2353846153846154,1.4441784650068712,1.1209682795156368,-10.562021280496012,0.10762553513543374,0.7965722132070805,0.8038100190137064,-4.488322325921963
988,8.203110599999945,120.62995477561074,225.6950644908701,28.394435508720683,53.12514594938942,-10.614524531951096,0.2353846153846154,1.442899291984844,1.131007896764423,-10.587616658442952,-0.08254229865676002,1.0486217377477929,1.0518653810943406,-3.6996111080536114
989,8.213895700000194,120.62162672490854,225.65369700040307,28.39247521370924,53.11540867855641,-10.618626341937095,0.2353846153846154,1.4409389969734008,1.14074516759743,-10.613244767235463,-0.21397988010385557,1.1475315777070085,1.1673114883885949,-3.2332503271479243
990,8.217533700000331,120.6147496377701,225.63310122153632,28.390856453198193,53.11056074906932,-10.619446703934294,0.2353846153846154,1.439320236462354,1.1455930970845216,-10.618370388993965,-0.3098320958067675,1.4123346757698396,1.445920178977357,-1.2891468468943608
991,8.229993100000229,120.60469334511147,225.60528153097002,28.388489356618546,53.10401242190525,-10.619610776333733,0.2353846153846154,1.4369531398827071,1.1521414242485903,-10.619395513345664,-0.27736296116164566,1.0028455054453758,1.0404947477120428,
992,8.233111200000167,120.5989062616929,225.57904331365071,28.38712716621387,53.09783634921317,-10.619643590813622,0.2353846153846154,1.43559094947803,1.1583174969406755,-10.730044874153505,-0.22042522490868524,0.8640562325351392,0.891728912146995,
993,8.251162900000054,120.58868759447596,225.5581443122994,28.384721849161263,53.09291704581816,-10.6196501537096,0.2353846153846154,1.433185632425424,1.1632368003356817,-10.862619082252573,-0.0630598270265869,0.6643421078976053,0.6673282386580508,
994,8.266231399999924,120.59527675701743,225.5447713686022,28.386272836651795,53.089769260609444,-11.171873145976296,0.2353846153846154,1.434736619915956,1.1663845855443995,-10.889133923872388,0.008433853751489986,0.6682483342958856,0.6683015533262864,-9.182594085589772
995,8.272507000000132,120.60439131755025,225.5358663040646,28.388418263977215,53.087673145418286,-11.282317744429633,0.2353846153846154,1.436882047241376,1.1684807007355573,-11.00488122813385,0.13215271561690936,0.5157522722855524,0.5324140743938258,-13.0470098344637
996,8.2795615,120.60941081766882,225.51952947274467,28.389599777082044,53.08382770666144,-10.752184984432802,0.2353846153846154,1.4380635603462046,1.1723261394924052,-11.138475024923645,0.15265326163464712,0.6088490426821671,0.6276943325080189,-14.70952348324205
997,8.283521500000006,120.61246813715647,225.49903443727797,28.390319423053754,53.07900349062081,-11.198380112120935,0.2353846153846154,1.4387832063179147,1.1771503555330298,-11.165193784281605,0.08943051387455016,1.0695905768185785,1.073322793399528,-8.7245238867137
998,8.294448900000134,120.61104092344928,225.46477402069644,28.389983478904217,53.070939115640854,-11.287619137658563,0.2353846153846154,1.4384472621683777,1.185214730512989,-11.170537536153194,0.00912409371774236,1.1058555600075202,1.1058931994933852,
999,8.297502700000223,120.60827513869924,225.43217632377764,28.389332455724592,53.063266119289196,-11.305466942766088,0.2353846153846154,1.4377962389887529,1.1928877268646474,-11.282050622465015,-0.07147166115362266,1.313015923165358,1.3149597000797537,
1000,8.310095600000295,120.60508315845411,225.40460627576863,28.388581112682274,53.05677655414246,-11.309036503787592,0.2353846153846154,1.4370448959464355,1.199377292011384,-11.30435323972738,-0.11997871604762507,1.1333745169261924,1.1397072816833789,
1001,8.313398300000244,120.60177890728932,225.38242445712575,28.387803342792715,53.05155529529268,-11.309750415991893,0.2353846153846154,1.436267126056876,1.2045985508611636,-11.30881376317985,-0.15608230402882226,1.1583579345972552,1.1688262446896736,-1.064034985394061
1002,8.326054200000272,120.59850953089948,225.36521747292403,28.387033781888647,53.04750503593443,-11.309893198432754,0.2353846153846154,1.435497565152808,1.2086488102194153,-11.309705867870344,-0.12148779073246802,0.6805386384786123,0.6912974191759863,-0.49068283964902165
1003,8.329553300000043,120.59536903616726,225.35238987848493,28.386294557743984,53.04448561755107,-11.309921754920925,0.2353846153846154,1.4347583410081448,1.2116682286027753,-11.309884288808442,-0.124534060668618,0.6098225486394918,0.6224084455530632,2.0921789225892415
1004,8.346810000000005,120.59242097913459,225.34333504896694,28.385600630473217,53.0423542499876,-11.30992746621856,0.2353846153846154,1.434064413737378,1.2137995961662398,-11.199475637058564,-0.10979457902482564,0.3506774609501526,0.3674636460953444,2.97589747609824
1005,8.355366600000252,120.58969841494967,225.33745500857964,28.38495978074969,53.040970178942594,-11.309928608478087,0.2353846153846154,1.4334235640138502,1.2151836672112495,-11.177393906708588,-0.11870256488108719,0.3005358055690085,0.3231285647205483,3.247361025753018
1006,8.361151699999937,120.58572187546594,225.3304460580531,28.384023764532753,53.039320379818655,-10.757707157242493,0.2353846153846154,1.4324875477969137,1.2168334663351885,-11.172977560638593,0.0024930497828073855,0.1406679602777094,0.1406900506287164,1.169947399403508
1007,8.36647979999998,120.58333728344168,225.32887692589023,28.383462468256273,53.03895103024801,-11.199484546682873,0.2353846153846154,1.4319262515204336,1.2172028159058357,-11.172094291424592,0.20475731468828573,0.13043391194503814,0.2427726576524705,-2.535557226437894
1008,8.375050800000281,120.59771000750592,225.32656203542763,28.386845586382165,53.03840614064681,-11.28784002457095,0.2353846153846154,1.4353093696463262,1.2177477055070298,-11.245255039925542,0.3306971763275097,0.11156795230974131,0.3490100720804154,
1009,8.37909370000034,120.61438950749172,225.32531955548777,28.39077168407113,53.03811367998404,-11.305511120148566,0.2353846153846154,1.4392354673352905,1.2180401661698,-11.443668927906982,0.687602013349399,0.0865472421131658,0.6930273832104631,
1010,8.390325900000335,120.64086391740028,225.3221021361864,28.39700335286499,53.03735634897926,-11.67573235098284,0.2353846153846154,1.4454671361291496,1.2187974971745845,-11.55668910784702,0.7771158650502836,0.12385148175923208,0.7869232854902746,
1011,8.394066500000008,120.66665137363718,225.31955827940794,28.40307332333306,53.03675756422987,-11.749776597149694,0.2353846153846154,1.4515371065972218,1.21939628192397,-11.652630546178777,0.8963335632674014,0.30277224730454244,0.9460892613160133,-14.162826468860723
1012,8.407718100000238,120.68649926919055,225.3047201972934,28.407745212594083,53.03326490797829,-11.764585446383066,0.2353846153846154,1.456208995858244,1.2228889381755508,-11.745156236188881,0.8751479043575097,0.3671905795493847,0.9490588897487626,-12.43506986524758
1013,8.411511000000246,120.70246473734159,225.28928048267295,28.41150323817425,53.02963063669071,-11.76754721622974,0.2353846153846154,1.4599670214384126,1.2265232094631315,-11.763661374190903,1.3672720195134613,0.5982550912455065,1.492428199125703,-3.990884152580431
1014,8.423218700000234,120.74549762354438,225.26966203961354,28.421632517541987,53.025012757016725,-11.768139570199075,0.2353846153846154,1.4700963008061478,1.2311410891371182,-11.767362401791305,1.0735138571333702,0.612458817656944,1.235936003514384,-0.578444724207732
1015,8.42665450000004,120.7895123758568,225.25181416102643,28.431992913086294,53.02081164098007,-11.768258040992942,0.2353846153846154,1.4804566963504548,1.2353422051737724,-11.755475654186387,1.364202329125188,0.7530139669312932,1.5582291324398316,1.1131017366217364
1016,8.438799300000028,120.79745476937924,225.2398906435281,28.433862430330805,53.01800502839969,-11.768281735151714,0.2353846153846154,1.4823262135949662,1.2381488177541513,-11.753098304665404,1.239198781588585,0.5950381627296567,1.3746577884678495,-6.326269630300057
1017,8.442287900000338,120.82406805330672,225.22568311010076,28.440126787932197,53.014660793608336,-11.705151708358468,0.2353846153846154,1.488590571196358,1.2414930525455077,-11.83206009062058,1.270037717927365,0.6047946011051163,1.4066884212518584,-8.719653828147747
1018,8.460572500000126,120.85248231484036,225.21260974236895,28.44681506795473,53.011583523973,-11.75566046862482,0.2353846153846154,1.4952788512188917,1.2445703221808415,-11.90008755523349,0.8371263014013182,0.5164420282632873,0.9836121253088275,-11.576344880669412
1019,8.468434700000216,120.8865309943595,225.19780575590474,28.4548296032877,53.00809889331296,-12.162948499974965,0.2353846153846154,1.50329338655186,1.2480549528408815,-11.965928155577949,0.770011188311196,0.5274669632230853,0.933348074094656,-7.803196873130538
1020,8.475331000000097,120.91145971392191,225.17492446143712,28.46069744035393,53.0027129886152,-12.108395364057495,0.2353846153846154,1.50916122361809,1.2534408575386422,-12.043958336193716,0.1948412571702069,0.47004417955571265,0.508826734979472,-7.4839756891983
1021,8.487950400000045,120.90172166370996,225.15957965661903,28.458405253150193,52.99910105763494,-12.097484736874001,0.2353846153846154,1.5068690364143542,1.2570527885189051,-12.078823405519993,0.21918636090869326,0.5626403425500913,0.60382680950193,-8.886284728329905
1022,8.491862500000025,120.88376896268042,225.14841923666452,28.45417946352324,52.99647406647642,-12.095302611437301,0.2353846153846154,1.5026432467874002,1.2596797796774268,-12.12804251313525,0.39965628785637214,0.6811394826073187,0.7897316906327752,-4.4466165527957795
1023,8.503404300000057,120.90767357917107,225.11746522176378,28.459806242481807,52.9891879675844,-11.92998581525621,0.2353846153846154,1.5082700257459685,1.2669658785694438,-12.104910260439551,0.3422484557467551,0.62911589166995,0.71618489973799,-0.4189301462353021
1024,8.507438800000273,120.94061201356718,225.09971313771632,28.467559443193505,52.98500940010861,-12.409044038051242,0.2353846153846154,1.5160232264576656,1.2711444460452341,-12.067307735681661,0.6500634484911766,0.8561382956336399,1.074967566168726,3.992398683238542
1025,8.51896029999989,120.96821002548651,225.07421798779822,28.47405559061452,52.979008234050966,-11.992734100578998,0.2353846153846154,1.52251937387868,1.2771456121028777,-12.059787230730082,0.9398808462536566,0.7951609364678776,1.2311201891119168,0.6359311900254063
1026,8.522862499999974,120.9907135476314,225.05065517443978,28.479352573519392,52.97346191029121,-11.90947211308455,0.2353846153846154,1.5278163567835534,1.2826919358626299,-12.091259203958518,1.0006639713146663,0.8236136240497416,1.2960199787069597,-0.6594863858200011
1027,8.534484499999962,121.00892792914418,225.0325536251529,28.483639958706245,52.969201084074456,-12.05770008667941,0.2353846153846154,1.5321037419704062,1.2869527620793875,-12.028105356416706,0.6580511929924655,0.6570294144158727,0.9299026959883877,-2.4872863657072584
1028,8.538696200000231,121.02308883958585,225.01871274710854,28.486973219164057,52.9659431543194,-12.087345681398384,0.2353846153846154,1.5354370024282176,1.2902106918344458,-12.048450661127092,0.6277271333881658,0.6327703649630255,0.8913134626870417,0.08732319656756704
1029,8.550616400000308,121.03365573955955,225.0084432929783,28.48946050485017,52.96352588280874,-12.09327480034218,0.2353846153846154,1.5379242881143327,1.2926279633451045,-12.05251972206917,0.36769700371187,0.40989318253746776,0.5506482612606534,-1.7876410179901896
1030,8.554879400000118,121.04112114924536,225.00120673999263,28.491217747437755,52.9618225095675,-12.094460624130937,0.2353846153846154,1.539681530701916,1.294331336586346,-12.05333353425759,0.3195202252782816,0.37676825245285545,0.4940116298411025,0.7954490000911224
1031,8.566122200000336,121.04385725264336,224.98654588665832,28.491861784083746,52.95837157024419,-11.929817417794938,0.2353846153846154,1.5403255673479066,1.297782275909654,-12.020520222476518,0.14644382485498922,0.31351848391851017,0.34603415091103346,1.398993380533576
1032,8.570588800000223,121.0462865024919,224.98273190013137,28.492433592125014,52.95747381649246,-12.06176914762149,0.2353846153846154,1.540897375389175,1.2986800296613836,-12.013957560120303,0.04408741369413231,0.5286417665438335,0.530476971583897,-0.48629020772572296
1033,8.582242400000268,121.0426251687138,224.96009184954457,28.491571770481862,52.9521446968928,-11.923279122493048,0.2353846153846154,1.5400355537460229,1.3040091492610415,-12.082093269836562,0.05806519626669916,0.486580776230987,0.4900330793069384,-10.25333467848483
1034,8.586641200000031,121.03696053717357,224.93620139866545,28.49023840336547,52.94652125230125,-12.060461488561112,0.2353846153846154,1.5387021866296315,1.3096325938525908,-12.198144728186062,0.3380357065682993,0.5737502185948433,0.6659260110948962,-13.367482441546052
1035,8.59841009999991,121.06106470399554,224.9267383379476,28.495912153402028,52.94429379339382,-12.435139172712223,0.2353846153846154,1.5443759366661887,1.311860052760025,-12.290803262043465,0.39116529275568723,0.6109877862227446,0.7254766441244079,-15.550757709267195
1036,8.602565099999993,121.08678602768346,224.9136265705709,28.501966557285492,52.941207485072844,-12.510074709542446,0.2353846153846154,1.550430340549653,1.3149463610809988,-12.342311043033693,0.5570635320721347,0.7940260521009395,0.9699469831798468,-8.893019778472278
1037,8.61500789999991,121.1075958599482,224.8931596028478,28.50686487164935,52.93638987574725,-12.52506181690849,0.2353846153846154,1.5553286549135095,1.3197639704065907,-12.422060841419242,0.675932178679652,0.6133392625395879,0.91272633420277,-2.820620650137618
1038,8.620179800000187,121.12419663344409,224.86300318806548,28.510772438333763,52.92929151965234,-12.1808180274442,0.2353846153846154,1.5592362215979243,1.3268623265015052,-12.368562558908849,0.6942388660016308,0.8310741049830896,1.0828904704727407,1.6439254951826525
1039,8.630911000000197,121.13747349002605,224.8459082677195,28.513897606113826,52.925267638401664,-12.45921048048884,0.2353846153846154,1.5623613893779869,1.3308862077521795,-12.357862902406772,0.40959820127452606,0.8283409866391811,0.9240776356095299,-2.0618354248427146
1040,8.635041300000012,121.14753899628582,224.82348420804317,28.51626687143343,52.91998935973939,-12.16764776016027,0.2353846153846154,1.5647306546975912,1.3361644864144537,-12.43025300040323,0.5314926602865024,1.1212109512984427,1.240805563031526,-10.086424697638012
1041,8.64658240000017,121.14920278801188,224.7877344553311,28.51665850240895,52.911574417947165,-12.456576427032054,0.2353846153846154,1.5651222856731124,1.3445794282066785,-12.5887092914869,0.44526486574640606,0.9396127257512779,1.0397753964495944,-19.633856650709248
1042,8.650424700000258,121.16557752195413,224.7575110064109,28.520512862859974,52.90446028304749,-12.887012306890787,0.2353846153846154,1.5689766461241348,1.3516935631063518,-12.694930579000506,0.5338281002572205,1.0575236079496266,1.1846217210548813,-19.259869561603942
1043,8.662894699999924,121.18276324645532,224.73290344740352,28.524558118011793,52.89866804223498,-12.973099482862533,0.2353846153846154,1.573021901275954,1.3574858039188626,-12.899496369706352,0.4614565685320838,0.8903609374474433,1.0028383536610952,
1044,8.667641300000014,121.19756535385017,224.71345352298368,28.52804230636781,52.89408982925616,-12.990316918056882,0.2353846153846154,1.5765060896319696,1.3620640168976834,-13.054282818863147,0.542350899963214,0.8819936795709937,1.035402023126326,
1045,8.678394300000036,121.20723969661684,224.6932559588709,28.53031949781904,52.88933563339577,-13.190476713689502,0.2353846153846154,1.5787832810832008,1.3668182127580764,-13.085240108694501,0.43628414434468804,0.581070307195055,0.7266268344276395,
1046,8.68256539999993,121.21500839522355,224.68107689865326,28.53214812995262,52.88646886999069,-13.230508672816025,0.2353846153846154,1.5806119132167815,1.3696849761631498,-13.091431566660773,0.7074470198422551,0.7036986245047576,0.9978341746069714,-6.174298540420109
1047,8.694422900000063,121.23882595134495,224.663601133843,28.537754416239657,52.88235534381228,-13.04179875604758,0.2353846153846154,1.5862181995038185,1.3737985023415646,-13.259328793800904,0.6308117322935588,0.5457481764436507,0.8341249988405638,-4.647317712512834
1048,8.697809400000097,121.26299933451592,224.6480970913221,28.543444458739902,52.87870593072658,-13.004056772693891,0.2353846153846154,1.5919082420040631,1.3774479154272612,-13.253564977510177,0.6355250207597598,0.4812078278825087,0.7971530754046523,-4.122186945961572
1049,8.710474100000283,121.28187722925887,224.63869358435397,28.54788802473324,52.87649248985563,-13.82980305375753,0.2353846153846154,1.5963518079974008,1.3796613562982145,-13.252412214252034,0.7015262797349094,0.4093281780959909,0.8122122127511293,0.602237853511688
1050,8.727310400000079,121.29871027411158,224.63015145394982,28.55185026452165,52.87448180377588,-13.161657632235881,0.2353846153846154,1.6003140477858118,1.3816720423779643,-13.252181661600407,0.6319841154634347,0.4299440587376651,0.7643662838207326,-3.2150763094124453
1051,8.731340900000305,121.31186781510993,224.62453691744253,28.554947347248955,52.87316022825955,-13.224744856525302,0.2353846153846154,1.6034111305131162,1.382993617894293,-13.291478812788831,0.29742372601875705,0.5765669752554041,0.6487606259276579,0.16983366979930192
1052,8.742999999999938,121.31806399967593,224.60224781578643,28.556405833769873,52.86791371663896,-13.040645992789436,0.2353846153846154,1.6048696170340335,1.3882401295148838,-13.172022569198392,0.2182506131004586,0.6623181960711502,0.6973512192329404,2.094425241977982
1053,8.747128100000282,121.3181939784346,224.57049145834114,28.55643642876999,52.86043875865568,-13.200542528636014,0.2353846153846154,1.6049002120341527,1.3957150874981608,-13.148131320480303,0.11786551410387969,1.0229265859157366,1.0296946535688125,6.6197313031790985
1054,8.758660200000122,121.31598915317798,224.54092303548373,28.55591744682497,52.85347880681386,-13.23252183580533,0.2353846153846154,1.6043812300891318,1.4026750393399823,-13.104009809017935,-0.05715579563495959,1.0742473336287888,1.0757667585416586,0.7795119706474605
1055,8.762855299999956,121.31123796517437,224.5066602022303,28.554799090264122,52.84541386298652,-13.042201388645442,0.2353846153846154,1.6032628735282834,1.4107399831673249,-13.134528768444213,-0.13462511011686257,1.1726904585439009,1.1803926600220291,-0.24905056884928967
1056,8.775158100000226,121.30566135896937,224.47611039357514,28.553486442957407,52.83822290802615,-13.004137299213465,0.2353846153846154,1.6019502262215681,1.4179309381276965,-13.10128929861072,-0.08694786594533882,0.8989393367444709,0.9031344653699348,2.348988317517297
1057,8.779116000000158,121.30125168922964,224.460267527593,28.552448474541748,52.83449374111035,-13.193240789920818,0.2353846153846154,1.6009122578059092,1.4216601050434932,-13.055298142925272,0.0840398493469148,1.003855144776728,1.0073667891949574,5.023491319307872
1058,8.791403200000332,121.3140824535574,224.4371951777967,28.555468639068128,52.82906286492753,-13.03434517946854,0.2353846153846154,1.6039324223322886,1.4270909812263142,-13.046099911788183,0.19125621082231795,0.6862704977812584,0.7124227216358607,-1.8691761991993463
1059,8.795761100000163,121.32907755919013,224.41630944508393,28.558998256240137,52.82414668476591,-13.002566057378083,0.2353846153846154,1.6074620395042984,1.4320071613879364,-13.124438488217015,0.35938367317145103,0.5732866375128404,0.6766196814259715,-6.869122684698082
1060,8.80759160000025,121.34262247817644,224.3994951469155,28.562186521786145,52.82018885765857,-12.996210232959992,0.2353846153846154,1.6106503050503065,1.4359649884952717,-13.164422609752782,0.4544643639715314,0.38605031395999667,0.5962991724199025,-10.781191136683471
1061,8.811900100000003,121.35605662052068,224.39913678721717,28.565348712214867,52.820104505298815,-13.395830181357624,0.2353846153846154,1.6138124954790278,1.4360493408550283,-13.211762695778683,0.4819051885114065,0.3718877163307108,0.6087142878821603,-6.198507707235261
1062,8.823444399999971,121.3665104930208,224.39884120364025,28.56780939297259,52.82003492947224,-13.39316139759965,0.2353846153846154,1.6162731762367493,1.4361189166816004,-13.260573974702615,0.41007664623146584,0.1868008308378712,0.4506189145898846,-9.081945952303434
1063,8.827526300000045,121.37315228145832,224.39240439270694,28.56937276778942,52.8185198032064,-13.271045609598055,0.2353846153846154,1.617836551053582,1.437634042947444,-13.30967949220615,0.637792805902597,0.2284855183709924,0.6774845351492305,-4.568060958281315
1064,8.839669299999969,121.39640772978841,224.38194890701462,28.574846742550193,52.81605874272805,-13.246622451997737,0.2353846153846154,1.6233105258143539,1.44009510342579,-13.278665634769357,0.639942807078955,0.3517082978570484,0.7302229269980469,2.6405823719920116
1065,8.843684899999971,121.42042914191975,224.37268601825755,28.580501013405726,52.81387840122063,-13.241737820477674,0.2353846153846154,1.6289647966698872,1.442275444933216,-13.208803195313248,0.7328953995493152,0.9008124298365152,1.1612918239738523,3.275124588930075
1066,8.854877700000088,121.45584008882466,224.34245815617572,28.588836205523343,52.806763227530595,-13.240760894173661,0.2353846153846154,1.637299988787504,1.449390618623248,-13.322146381250153,0.6791313558022358,0.9228869125256417,1.1458357874254472,
1067,8.858664800000042,121.46674704002842,224.2981885441709,28.59140353403746,52.79634284193561,-13.043849200319109,0.2353846153846154,1.639867317301622,1.4598110042182313,-13.472130692265656,0.8799111675471512,1.1716608259978867,1.4652756580084993,
1068,8.871469700000034,121.47295850378151,224.2719920518142,28.592865617043955,52.79017659065781,-13.837761539282573,0.2353846153846154,1.6413294003081162,1.4659772554960355,-13.629443228296882,0.7147824745170369,1.0592656505557314,1.2778723349082863,
1069,8.875244900000325,121.49628947640925,224.24879177516058,28.598357369062484,52.78471560246088,-13.996544007075265,0.2353846153846154,1.6468211523266447,1.4714382436929654,-13.788221409331253,0.9220115516500433,0.8285678145303301,1.2396087788700467,
1070,8.886891500000274,121.5251076779402,224.24973227606554,28.605140730345923,52.78493698190466,-14.028300500633804,0.2353846153846154,1.6536045136100839,1.471216864249186,-13.986635981085003,0.8477166611547489,0.315294019235633,0.9044522409531169,
1071,8.890348700000231,121.55126364433856,224.25733739640896,28.611297442436616,52.786727110231645,-14.034651799345513,0.2353846153846154,1.6597612257007768,1.4694267359221982,-14.026318895435754,0.981832288134157,0.37834207470574854,1.0522059529937116,-9.708781384897243
1072,8.903322500000286,121.56815381696843,224.24713082737372,28.615273129224878,52.78432464090489,-14.035922059087854,0.2353846153846154,1.663736912489039,1.4718292052489517,-14.034255478305905,0.7045552538247432,0.20671520901744134,0.7342542361683538,-11.599802801334267
1073,8.906902600000194,121.580089677997,224.2350119243727,28.61808264728237,52.781472037583114,-14.036176111036323,0.2353846153846154,1.666546430546532,1.474681808570729,-14.115557150348684,0.8493226507895615,0.38862335895453903,0.9340112848725737,-8.223215452434331
1074,8.91895999999997,121.58358862738498,224.20487114515566,28.618906246138312,52.77437736185972,-14.036226921426016,0.2353846153846154,1.6673700294024734,1.481776484294123,-14.13181748475724,0.5768476801938551,0.6086472691576335,0.838573040586255,-8.255936787718563
1075,8.923541000000114,121.60901094163628,224.1875398077733,28.62489026780054,52.77029783167587,-14.434808860847703,0.2353846153846154,1.6733540510647025,1.4858560144779744,-14.135069551638951,0.5692267591457705,0.6603959418958668,0.871861172091134,-0.7043568375252364
1076,8.93545549999999,121.63019234112195,224.15806430374997,28.629876043371784,52.76335975149807,-14.115953471388291,0.2353846153846154,1.6783398266359448,1.4927940946557712,-14.13571996501529,0.7620913604914981,0.8059025768827486,1.109171855558027,-0.25773835234132453
1077,8.950370300000031,121.64719499690159,224.1299358452246,28.63387820696299,52.75673874510671,-14.052182393496409,0.2353846153846154,1.682341990227151,1.4994151010471342,-14.135850047690559,0.7990283071978306,0.7695426662662092,1.1093431168522825,5.961504098959729
1078,8.95481030000019,121.68018749739434,224.1011828443628,28.641644134002053,52.74997073105771,-14.039428177918033,0.2353846153846154,1.6901079172662143,1.5061831150961353,-14.056161708756864,0.8067570660861361,0.800331294195478,1.136392161249152,6.443732157134478
1079,8.966259000000264,121.69249255305952,224.08140609317078,28.64454055479709,52.745315588084814,-14.036877334802359,0.2353846153846154,1.6930043380612503,1.510838258069029,-14.040224040970122,0.8207463798646619,0.7488154991130392,1.1110127234972864,6.689832618123504
1080,8.970628000000033,121.71745564253735,224.06201946152513,28.650416482012638,52.740752273251296,-14.036367166179224,0.2353846153846154,1.6988802652767987,1.5154015729025474,-14.037036507412772,0.9184845689643342,0.9791458945314052,1.3425127880967482,0.7255688930035338
1081,8.982212100000197,121.74149197765094,224.04603770229534,28.656074265508607,52.73699041300183,-14.036265132454595,0.2353846153846154,1.7045380487727684,1.5191634331520163,-14.036399000701303,0.6112080912173995,0.8016585079335828,1.0080831781712831,0.2705342322286615
1082,8.986936100000094,121.75668494509632,224.01401568167734,28.65965045630729,52.72945292199482,-14.03624472570967,0.2353846153846154,1.7081142395714508,1.526700924159023,-14.036271499359012,0.8637342855186887,1.074608686595576,1.37870255867143,-3.260025236985807
1083,8.998408899999959,121.76705209564908,223.98297321973575,28.66209072405278,52.72214600403011,-14.036240644360685,0.2353846153846154,1.7105545073169424,1.534007842123735,-14.149417385809304,0.7773460199594209,0.9763561694617637,1.2480137036077772,
1084,9.002560700000231,121.79378519493278,223.95172932788316,28.668383284345715,52.714791672563265,-14.036239828090888,0.2353846153846154,1.7168470676098764,1.5413621735905778,-14.285217949818112,1.0935825220402569,1.1242079598557935,1.5683642018087043,
1085,9.014634300000125,121.84061434377713,223.92335332196103,28.679406145535232,52.708112397323134,-14.602096598430679,0.2353846153846154,1.727869928799393,1.548041448830709,-14.425549449338625,1.1178389860075355,0.8872426885381621,1.4271522648276815,
1086,9.019788600000084,121.88593292859565,223.90005448649612,28.690073443192514,52.702628209898315,-14.715267952498637,0.2353846153846154,1.7385372264566747,1.5535256362555288,-14.56678713596148,1.3904501600465324,0.8943512670564113,1.6532440341518961,-17.526237144440426
1087,9.030222500000036,121.92486572421434,223.88184727030568,28.699237624315067,52.69834251131811,-14.73790222331223,0.2353846153846154,1.7477014075792283,1.5578113348357334,-14.7082060600048,1.1676044214840742,0.662609428326154,1.3425167930330972,-15.630024732184967
1088,9.034988599999906,121.95677185097546,223.86823174555494,28.706747835691147,52.69513762626139,-14.742429077474947,0.2353846153846154,1.7552116189553075,1.5610162198924513,-14.736489844813462,1.4038795200623515,0.703401694122381,1.570239360780621,-3.4207888139557694
1089,9.046642300000258,121.97664451608858,223.8378999163692,28.711425555325466,52.6879979803146,-14.74333444830749,0.2353846153846154,1.7598893385896268,1.5681558658392447,-14.628975215056446,1.0984283052113049,0.6939669731144467,1.2992824563823706,2.7132960634173906
1090,9.051077300000088,122.01610517504265,223.8236336094634,28.720713987356195,52.68463991115062,-14.743515522473999,0.2353846153846154,1.769177770620356,1.5715139350032246,-14.60747228910504,1.3543927173458912,1.0669561914281431,1.7241737578406753,4.815311245168934
1091,9.062648000000081,122.04276454449308,223.77364979640882,28.726989192780678,52.67287449053931,-14.177694803713552,0.2353846153846154,1.7754529760448392,1.5832793556145361,-14.60317170391476,1.1232893580723358,1.0236559502482097,1.5197534294868773,
1092,9.065845099999933,122.07207724452171,223.742740299444,28.733888951402804,52.66559887048451,-14.630387593555211,0.2353846153846154,1.782352734666965,1.5905549756693347,-14.489140200157957,1.152412811827444,1.3275852570964395,1.7579925778352579,
1093,9.079270000000179,122.09604512900152,223.7167367106032,28.739530622672667,52.6594780257266,-14.720926151523543,0.2353846153846154,1.7879944059368285,1.5966758204272438,-14.49639127245347,0.7952588426904543,1.2308182483361443,1.4653839726551587,
1094,9.08334300000024,122.10551038198183,223.67984030558048,28.741758597604953,52.65079317962125,-14.17317692952346,0.2353846153846154,1.790222380869114,1.6053606665325901,-14.497841486912572,0.9884396060910149,1.4601228723147206,1.763227624881697,3.0212944147578717
1095,9.094676400000026,122.1203679214232,223.66667943674668,28.74525583381192,52.64769531357268,-14.779770883951567,0.2353846153846154,1.793719617076082,1.6084585325811602,-14.384960143085642,0.6259692128870039,1.1130740371084726,1.2770165494492736,
1096,9.09797800000024,122.14152310218196,223.63633538653042,28.750235437898215,52.640552790983314,-14.184945876009065,0.2353846153846154,1.7986992211623765,1.6156010551705293,-14.249212487601506,0.7216974885893428,1.319370714470487,1.5038571565273504,
1097,9.110767099999975,122.16031020364608,223.6069712672869,28.75465763255054,52.63364092906907,-14.065980874420564,0.2353846153846154,1.8031214158147009,1.6225129170847765,-14.335234343223426,0.6710218058906302,0.9352818095666525,1.1510961416350047,
1098,9.11463270000013,122.17507205774746,223.5825442084233,28.758132345900556,52.627891175213485,-14.042187874102865,0.2353846153846154,1.806596129164717,1.6282626709403587,-14.322381341300936,0.48129422573600356,1.103754822245372,1.204125757284816,-4.32828036688287
1099,9.126173300000119,122.18946846914878,223.57215735337536,28.761521039661176,52.62544626933297,-14.603286207633074,0.2353846153846154,1.8099848229253368,1.6307075768208747,-14.432982127635189,0.1212746544778579,0.7268820839949512,0.7369295121323118,
1100,9.12968120000005,122.1799297546163,223.5555301830704,28.759275773009684,52.6215324892458,-14.715505874339115,0.2353846153846154,1.8077395562738445,1.634621356908042,-14.650123036855165,0.07228984592161819,0.8081970984890877,0.8114236697493804,
1101,9.14206170000034,122.16457891997732,223.54085627013285,28.755662422702354,52.61807847589281,-14.737949807680325,0.2353846153846154,1.804126205966515,1.638075370261035,-14.693551218699161,-0.1312879812131518,0.6799532996846578,0.6925121109143716,
1102,9.145564800000102,122.16607988014081,223.5267622242715,28.756015725633144,52.614760954328524,-15.151685420520442,0.2353846153846154,1.8044795088973054,1.6413928918253191,-14.784086220302335,-0.1834093625188493,0.672044057599976,0.6966219990891835,-12.49632054612179
1103,9.157849100000021,122.1598690453526,223.48260074283544,28.754553790675303,52.60436602100588,-14.25932878332284,0.2353846153846154,1.8030175739394636,1.651787825147963,-14.884042585857346,-0.0058848115402508686,0.4768100021605658,0.47684631608855177,-13.425601065854757
1104,9.17402549999997,122.16213866331569,223.47075928605065,28.755088023826616,52.601578724255,-15.055961215648944,0.2353846153846154,1.803551807090777,1.6545751218988443,-14.985883224202722,0.04068499974057123,0.4906540807372778,0.492337989746915,-6.999559352350472
1105,9.177127500000097,122.16540115142462,223.46892044285056,28.755855963335332,52.60114588885559,-15.215287702114166,0.2353846153846154,1.804319746599493,1.6550079572982526,-15.006251351871796,0.03257696680981287,0.28032882499266554,0.2822153590581068,-9.393061530090112
1106,9.190125399999943,122.16214267677216,223.44969242150364,28.755088968532526,52.59661990844624,-15.24715299940721,0.2353846153846154,1.803552751796687,1.6595339377076002,-15.205345729358735,0.06117285290635175,0.08310498021130787,0.10319183915709625,-11.113524911964365
1107,9.193600900000092,122.1630332277868,223.4512368871142,28.755298590540583,52.596983451889955,-15.253526058865818,0.2353846153846154,1.8037623738047444,1.6591703942638887,-15.245164604856123,0.11152030335323065,0.1475252166333086,0.18493368433765983,-7.747814849914082
1108,9.206013299999995,122.16429727789397,223.45861534360472,28.755596128488886,52.59872022703311,-15.25480067075754,0.2353846153846154,1.804059911753047,1.6574336191207308,-15.201336387768102,0.05262898354196999,0.2053000083260607,0.21193844230658473,3.38398911682071
1109,9.209363100000246,122.16834978639244,223.45157934249298,28.756550026643144,52.597064060617576,-15.255055593135884,0.2353846153846154,1.8050138099073045,1.659089785536267,-15.140778752162994,-0.014088436353900696,0.5483197737325591,0.5485007368317957,8.854954074031617
1110,9.22225759999992,122.16578091278464,223.42811090007638,28.755945353317,52.59153995032567,-14.996146616674052,0.2353846153846154,1.8044091365811603,1.6646138958281753,-15.076875232854473,0.012570559374131006,0.6573750596823773,0.6574952380476894,14.164477023481389
1111,9.225575899999967,122.16024634513951,223.39902372721636,28.754642601240533,52.58469327732939,-14.944364821381686,0.2353846153846154,1.8031063845046944,1.6714605688244504,-15.012302536805269,0.16837297278037772,0.933471055909883,0.9485344855008772,8.455786967793959
1112,9.239142800000081,122.17140542783761,223.3736244925951,28.75726927762947,52.578714688257,-14.934008462323213,0.2353846153846154,1.8057330608936297,1.677439157896842,-14.999387997595427,0.2222072769947096,0.9124870609408042,0.9391531878952393,0.42990505866160955
1113,9.243114000000332,122.1849526448012,223.35269491099058,28.760458084083975,52.57378818674086,-14.931937190511519,0.2353846153846154,1.8089218673481362,1.68236565941298,-15.075324376862836,0.6270960319186161,1.19184178782861,1.3467502665537405,-9.693989449554401
1114,9.254928300000302,122.21275541889074,223.33314595675154,28.767002429369665,52.56918666366613,-15.19048289708668,0.2353846153846154,1.815466212633826,1.686967182487713,-15.204243342169441,0.8015217599311195,0.8242684960471917,1.1497198290100845,
1115,9.257956899999954,122.23819976475687,223.30966206902187,28.772991636935078,52.56365891778515,-15.375828513011088,0.2353846153846154,1.8214554201992392,1.6924949283686956,-15.324857457496389,0.9712978552535163,0.9163321738866831,1.3353217501860648,
1116,9.271196400000008,122.26517166054957,223.29698186247032,28.779340406252437,52.56067419224301,-15.588959647914718,0.2353846153846154,1.8278041895165984,1.69547965391083,-15.443810602827403,0.8679852356876758,0.7252734948880672,1.131114499844707,
1117,9.27537910000001,122.28369632700263,223.28097153983634,28.78370082774062,52.55690560860763,-15.537079038957945,0.2353846153846154,1.8321646110047816,1.6992482375462146,-15.51063956197173,0.8927134841756188,0.7850357366922579,1.1887886577154616,-7.932777095519572
1118,9.286859499999991,122.29766587252215,223.26705837568176,28.786989043839828,52.553630663814324,-15.52670291716659,0.2353846153846154,1.835452827103989,1.7025231823395188,-15.497278058878722,0.5236187646452533,0.4765430917232614,0.7080041871046991,-2.999484635612812
1119,9.290569400000095,122.30834514855046,223.2562100895259,28.78950278112034,52.55107714414994,-15.524627692808318,0.2353846153846154,1.8379665643845016,1.7050767020039004,-15.475704391072622,0.5067803463047287,0.5186802642657715,0.725158972873915,3.630776538025398
1120,9.302669900000183,122.31513484060441,223.24167627116077,28.79110097017304,52.547656106904,-15.30902099754604,0.2353846153846154,1.8395647534372017,1.708497739249843,-15.428351327433274,0.2873417226107602,0.4459912931506663,0.5305407610345529,8.5248306813152
1121,9.305983600000218,122.32070036664524,223.23553656046596,28.792411009379574,52.546210913463526,-15.481091308884208,0.2353846153846154,1.840874792643735,1.7099429326903177,-15.375842384627282,0.165593303508275,0.7625265710708189,0.7802998870663793,7.921725099702503
1122,9.319349100000181,122.31759422007929,223.2050137482708,28.791679870264815,52.539026313054514,-15.300313720761219,0.2353846153846154,1.8401436535289761,1.7171275330993296,-15.322302265987961,0.09229437997372905,0.762559215565456,0.7681242150971018,-1.6640526046802382
1123,9.323363599999993,122.31209699557158,223.17315590288803,28.790385908188387,52.531527466372104,-15.26415820313662,0.2353846153846154,1.8388496914525483,1.7246263797817392,-15.422038578197593,0.2732512980579649,0.9910090597418579,1.0279908697944764,-7.524078575894167
1124,9.334866800000327,122.32729945641242,223.13951089955015,28.79396433358631,52.52360795020181,-15.256927099611701,0.2353846153846154,1.8424281168504706,1.7325458959520361,-15.441985840639521,0.26103801554151984,0.9941498821870138,1.0278496163400113,-18.136672205421952
1125,9.338978400000087,122.34541090841464,223.11462015652816,28.798227490749905,52.517749052228936,-15.807702558594215,0.2353846153846154,1.8466912740140664,1.7384047939249072,-15.55641962906541,0.6323422616993388,1.098707027772909,1.267680507386863,-13.76494564057138
1126,9.350346200000331,122.36155452458901,223.09279917365353,28.80202744963403,52.512612728567674,-15.580827621093844,0.2353846153846154,1.8504912328981895,1.7435411175861688,-15.689750722688085,0.8386921931276806,0.7937737201640993,1.1547646139523295,-22.939297405655545
1127,9.355032599999959,122.3974278920115,223.07168841035673,28.810471488427325,52.50764357966858,-15.872482662890643,0.2353846153846154,1.858935271691486,1.7485102664852619,-15.826861277350119,1.0733029291748646,0.7822911544956417,1.3281410422758075,-12.54472981950071
1128,9.366961799999899,122.43338140232416,223.05429142631965,28.818934391623994,52.503548597272164,-15.930813671250004,0.2353846153846154,1.8673981748881552,1.7526052488816788,-15.786877382423151,0.9626826342972785,0.6089073510249579,1.1390899949125086,-12.603430541954033
1129,9.371952100000271,122.46484597619138,223.04091279188265,28.826340668241972,52.50039947255084,-15.942479872921876,0.2353846153846154,1.874804451506133,1.7557543736030041,-15.846286609297131,1.0379605800778535,0.8234342341021684,1.3249173950427924,-3.22396577232115
1130,9.38257300000032,122.48667391165039,223.01573280612496,28.831478628434628,52.49447249128787,-15.607783083959376,0.2353846153846154,1.8799424116987886,1.7616813548659707,-15.858168454671926,0.798734114470913,0.7992175042043121,1.1299224772727565,-4.508424077417305
1131,9.38731050000024,122.50097717847412,222.9850504500664,28.834845397394677,52.48725033670794,-15.87787375546375,0.2353846153846154,1.8833091806588378,1.7689035094459058,-15.860544823746885,0.7266113014472984,0.8795727198934411,1.1408821818977113,-0.5541902334814279
1132,9.398562400000174,122.52993026873962,222.94015223043652,28.841660509411017,52.476681986548904,-15.931891889764625,0.2353846153846154,1.8901242926751785,1.7794718596049393,-15.861020097561877,0.6771952369622709,1.1447784933596226,1.3300793915489082,-2.929854223220762
1133,9.415366799999902,122.55483249699448,222.8869621909099,28.847522110831008,52.46416186955264,-15.9426955166248,0.2353846153846154,1.895985894095169,1.791991976601203,-15.999584390606126,0.6320675847892887,1.1272532606767753,1.2923657939793156,-10.170932383975067
1134,9.419811199999913,122.57818985947812,222.85000974328412,28.853020074615618,52.45546383188072,-15.944856241996835,0.2353846153846154,1.9014838578797786,1.8006900142731226,-16.09836048163685,0.6735753946507392,1.0155929662741756,1.2186602830257816,-12.982074397606224
1135,9.430526399999962,122.58994007351211,222.8285951177058,28.855785894226695,52.45042315847536,-16.30060454918062,0.2353846153846154,1.9042496774908564,1.8057306876784835,-16.189178932264873,0.6055564387029952,0.8737628436781173,1.0630898868144334,-17.627120829264513
1136,9.434549099999913,122.60563206732823,222.81208347180927,28.859479548155722,52.44653657105665,-16.371754210617375,0.2353846153846154,1.907943331419883,1.809617275097196,-16.27840585481235,0.6336389483752014,0.7968761210628789,1.0180912872715546,-12.665444090061813
1137,9.446662300000298,122.61929970994728,222.80024224246404,28.86269670095682,52.44374932784154,-16.385984142904725,0.2353846153846154,1.9111604842209822,1.8124045183123059,-16.367314471743722,0.4191864515791464,0.4246462230340177,0.5966922958481807,-11.007668472589263
1138,9.451739399999951,122.62985201183741,222.79246397248124,28.86518055047865,52.44191844275328,-16.388830129362194,0.2353846153846154,1.9136443337428126,1.8142354034005663,-16.385096195129996,0.42307166191070694,0.34883146978171925,0.5483365986526543,-5.256116105100601
1139,9.462520200000199,122.6373996026908,222.78807036934103,28.866957137248757,52.44088425616796,-16.389399326653688,0.2353846153846154,1.9154209205129185,1.8152695899858813,-16.438204541760378,0.2546437694244677,0.14340020844453083,0.29224487863542853,-7.600256757737675
1140,9.466707000000042,122.64233635086802,222.78644554033332,28.868119171819703,52.44050179641692,-16.38951316611199,0.2353846153846154,1.9165829550838644,1.8156520497369257,-16.498378213039576,0.23025204902012497,0.031656466184312504,0.2324180241058007,-7.281177402847084
1141,9.478654000000006,122.64619695697971,222.7895412251712,28.869027899104456,52.44123047300184,-16.637295943769274,0.2353846153846154,1.9174916823686168,1.8149233731520056,-16.528784529326664,0.12607704070360282,-0.0358477803846665,0.13107434360348788,-7.875495581866765
1142,9.482298700000229,122.64842095860527,222.7946295689881,28.869551394871703,52.44242819085412,-16.68685249930073,0.2353846153846154,1.9180151781358639,1.81372565529972,-16.553237374615332,-0.027444093342143525,0.2179551705792647,0.2196762040859425,-3.706966322708558
1143,9.494760699999915,122.64674536111127,222.7934068429306,28.86915698500004,52.44214037995136,-16.540861710797646,0.2353846153846154,1.9176207682642001,1.814013466202482,-16.576499525704314,-0.10926551366192874,0.2805609440796644,0.30108702366372037,1.7635512104764297
1144,9.497998700000153,122.63845292658152,222.7746303972561,28.86720507348765,52.43772069350797,-16.51166355309703,0.2353846153846154,1.915668856751811,1.8184331526458735,-16.531599953968986,-0.24934111634006412,0.5335059768437118,0.5888969516185939,5.606396882093063
1145,9.51014380000015,122.63166485212878,222.75376578412846,28.86560726519339,52.43280948457178,-16.505823921556907,0.2353846153846154,1.9140710484575507,1.8233443615820661,-16.4730680376688,-0.3139678945021215,0.6554877220022908,0.7268012056084164,9.023858468111793
1146,9.513730600000144,122.62215151881833,222.73542325755557,28.863367972891083,52.42849193600924,-16.412798085092632,0.2353846153846154,1.9118317561552445,1.8276619101446059,-16.442990072377512,-0.4400624951878287,0.8618486793145522,0.9676973419965437,5.047866026095118
1147,9.526311200000237,122.61255768561279,222.72038917010178,28.86110973215193,52.42495314311627,-16.394192917799778,0.2353846153846154,1.909573515416092,1.8312007030375739,-16.418602897288004,-0.3496500136197126,0.6236852566009266,0.7150093924737135,1.04442749085025
1148,9.529969000000165,122.60226852601745,222.70399637089457,28.858687822277954,52.4210945303798,-16.390471884341206,0.2353846153846154,1.907151605542115,1.8350593157740462,-16.44490588219198,-0.24545749789780924,0.7258640750520752,0.7662428066386383,-1.8868746690753369
1149,9.542857299999923,122.59401424454147,222.69446222748928,28.856744891407455,52.41885033970132,-16.389727677649493,0.2353846153846154,1.9052086746716164,1.8373035064525212,-16.450166479172772,-0.014951602766722694,0.5615166770582646,0.5617157012580735,-6.565555130613398
1150,9.547040299999935,122.60093428623303,222.67819700828835,28.858373762759467,52.415021757335566,-16.637338846076773,0.2353846153846154,1.9068375460236275,1.8411320888182772,-16.500770600522053,0.325824690725502,0.7059744045318113,0.7775355869286078,-5.874652008733224
1151,9.55869920000032,122.62709743264224,222.65927627233577,28.86453216491425,52.41056810718057,-16.439101069996603,0.2353846153846154,1.9129959481784127,1.84558573897327,-16.56044342674504,0.5588539311267744,0.5561188259575484,0.7884071695007926,
1152,9.562814899999921,122.65375121057755,222.64172870553512,28.8708060541821,52.40643767991826,-16.647213524546196,0.2353846153846154,1.9192698374462616,1.8497161662355808,-16.68648809941151,0.8527759481329953,0.695260104561951,1.1002787968099832,
1153,9.573976399999992,122.67760368094028,222.6272366807783,28.876420558744403,52.40302648024474,-16.688836015456115,0.2353846153846154,1.9248843420085642,1.8531273659091028,-16.776255139413557,0.8316245468983278,0.5483074823275548,0.9961126854830384,
1154,9.57735380000031,122.69652723249092,222.61475594753833,28.880874871647862,52.40008870765133,-17.01995104098185,0.2353846153846154,1.9293386549120228,1.8560651385025153,-16.908318654835842,1.2526943823257413,0.6834433814711969,1.4270031784082524,
1155,9.590092899999945,122.71187823756608,222.60498674689435,28.884488262073248,52.397789188115134,-17.086174046086995,0.2353846153846154,1.9329520453374087,1.8583646580387096,-16.99928946338905,1.0820618797773531,0.531178388721226,1.205407977537803,
1156,9.593308100000286,122.74785099860051,222.59053959443844,28.89295569659366,52.39438855069089,-17.099418647108024,0.2353846153846154,1.9414194798578208,1.861765295462952,-17.122249250099692,1.4339618488416968,0.6361192924632264,1.5687237928256883,
1157,9.606013399999938,122.78408112733567,222.57746354240845,28.901483711511318,52.39131064921307,-17.102067567312233,0.2353846153846154,1.9499474947754791,1.8648431969407753,-17.146841207441817,1.2580013520436037,0.5120583345794967,1.3582235234878914,
1158,9.609249999999975,122.81519142441203,222.56604633604155,28.90880659682314,52.38862321448363,-17.30363494900932,0.2353846153846154,1.9572703800873015,1.8675306316702134,-17.19196711844149,1.2525478127827414,0.5248124588444136,1.3580515970555571,-6.539289874798136
1159,9.622414100000242,122.83974603725535,222.5520912654069,28.914586374923182,52.385338405549625,-17.14291082769249,0.2353846153846154,1.9630501581873432,1.8708154406042183,-17.241199820172675,0.9197136380833494,0.37634338873101186,0.9937341305993528,-6.926984615169806
1160,9.638567599999988,122.85734022635485,222.53532735126385,28.918727776357372,52.38139243806672,-17.311803601085373,0.2353846153846154,1.9671915596215328,1.8747614080871244,-17.29125388005016,0.8325931754933585,0.33215350722037534,0.8964024476968536,-3.139515278091344
1161,9.6424477999999,122.87332019452816,222.53012929264995,28.922489215019706,52.38016889503914,-17.34558215576395,0.2353846153846154,1.9709529982838667,1.8759849511147024,-17.30126469202566,0.4686122431014823,0.2869050297219129,0.5494651312543267,-2.9994856773178684
1162,9.655162200000177,122.88604702861251,222.52897855118982,28.925484915965715,52.379898028203144,-17.352337866699667,0.2353846153846154,1.9739486992298758,1.8762558179506996,-17.343474373952006,0.39310712083163857,0.2709326467032133,0.4774282223519559,-2.784928333868434
1163,9.658600900000238,122.8925131914793,222.52015357334432,28.927006951225128,52.3778207641872,-17.35368900888681,0.2353846153846154,1.9754707344892886,1.8783330819666446,-17.35191631033728,0.28178459352306073,0.5417536184122318,0.6106550091579555,-1.970807138249237
1164,9.670870299999933,122.89572046095576,222.51130975564075,28.927761893117278,52.37573906555851,-17.35395923732424,0.2353846153846154,1.9762256763814392,1.8804147805953306,-17.353604697614333,0.0831281878086111,0.5069313841137391,0.5137019795638469,-4.9632662065823405
1165,9.67475020000029,122.89077162219695,222.48496321161525,28.926597012609438,52.36953749442636,-17.354013283011724,0.2353846153846154,1.975060795873599,1.8866163517274828,-17.401316642647874,0.03934450516282326,0.7799740365224186,0.7809657404365332,-4.392143688685904
1166,9.687617300000056,122.88946574795646,222.477243610521,28.9262896299036,52.36772041909186,-17.35402409214922,0.2353846153846154,1.974753413167761,1.8884334270619831,-17.410859031654574,-0.08351948225640676,0.7561495541576588,0.7607480871939176,-0.573378102052235
1167,9.691001000000142,122.88970576194029,222.45731215385095,28.926346125502867,52.36302886082953,-17.590897591867346,0.2353846153846154,1.9748099087670283,1.893124985324313,-17.37255998992467,-0.14190486448463552,0.7354001101799276,0.7489661625314273,6.523679465628048
1168,9.703501100000267,122.88058760381514,222.4315582630721,28.924199851359564,52.356966791153894,-17.401400953920344,0.2353846153846154,1.972663634623725,1.899187054999949,-17.260134556578688,-0.08807214220799159,0.5014379868070409,0.5091136973665144,6.303594753903308
1169,9.707040100000086,122.87712360078288,222.43056717807272,28.923384478338125,52.356733504992505,-17.162464028674695,0.2353846153846154,1.971848261602286,1.8994203411613384,-17.265095758971988,0.008118458719403393,0.8050891458820009,0.8051300778066787,3.8120625337786054
1170,9.719105900000159,122.87553090019571,222.4085985205924,28.92300958112299,52.35156242100098,-16.791886116281816,0.2353846153846154,1.9714733643871512,1.9045914251528657,-17.218713731872526,0.019579126738798622,0.6194146275821739,0.6197239894232086,
1171,9.72236040000007,122.8818504069337,222.38565411623208,28.92449709578593,52.3461616612054,-17.37883010411574,0.2353846153846154,1.9729608790500919,1.9099921849484431,-17.38238532449951,0.25463024940742124,0.7513625432449489,0.7933361426941313,
1172,9.735103100000288,122.88585643107913,222.36085215820842,28.925440052238628,52.340323661855216,-17.358987456370023,0.2353846153846154,1.9739038355027887,1.9158301842986276,-17.482773451618655,0.34300565665477883,0.8191890690189481,0.888101126728993,
1173,9.738477200000034,122.90024180247192,222.3444435388197,28.928826147351085,52.3364613252914,-18.219758917055255,0.2353846153846154,1.977289930615246,1.9196925208624407,-17.607616702042485,0.4665336666616792,1.0249042686828496,1.1260916579449105,
1174,9.751721200000247,122.91214083391876,222.3216531820682,28.931626996291644,52.331096825932974,-17.664404664270428,0.2353846153846154,1.9800907795558054,1.9250570202208692,-17.778087061111627,0.41762915058921957,0.7181628596611855,0.8307659119262205,
1175,9.755420100000265,122.92135834385567,222.29875512290963,28.93379665632295,52.325706975084884,-17.416102368400963,0.2353846153846154,1.9822604395871117,1.930446871068959,-17.812181132925453,0.46969086682144423,0.7812014487166374,0.911529052665055,-2.731351890638855
1176,9.767376300000251,122.93215423745318,222.29236685079576,28.936337843585132,52.32420327411039,-18.231181899461443,0.2353846153846154,1.9848016268492934,1.9319505720434549,-17.646051949241343,0.2847287605082062,0.6057606602044989,0.6693403054589868,6.327737549989563
1177,9.771617400000196,122.93817771951954,222.27843305181028,28.937755678594602,52.32092347219535,-17.529457815439166,0.2353846153846154,1.986219461858763,1.9352303739584968,-17.585379823442018,0.27042677423421585,0.6432215952524861,0.6977568780183229,9.751477685949089
1178,9.78313160000016,122.9420296288545,222.2653480090463,28.938662358791905,52.31784345443705,-17.389112998634708,0.2353846153846154,1.9871261420560664,1.93831039171679,-17.573245398282154,0.15904801128836013,0.383664638128769,0.4153249624634445,
1179,9.787301000000298,122.94450894835131,222.2548555264315,28.93924595245808,52.315373685452336,-17.361044035273817,0.2353846153846154,1.987709735722241,1.9407801607015074,-17.425316804265805,0.12799581309153216,0.39069915830416685,0.41113107455961884,
1180,9.798798700000134,122.9459584748808,222.2470711203774,28.93958714870271,52.313541356027294,-17.35543024260164,0.2353846153846154,1.988050931966871,1.9426124901265496,-17.395731085462533,0.06140482245462898,0.24915967503629943,0.25661468368914286,
1181,9.803603300000304,122.94712766498485,222.24378606012365,28.939862358065664,52.31276810338295,-17.491538929379704,0.2353846153846154,1.988326141329825,1.943385742770893,-17.464192603811256,0.017515794553067482,0.2729362302079613,0.2734976943576646,-6.553646553178967
1182,9.814632900000106,122.94719108067493,222.24071030897622,28.93987728514348,52.31204411888209,-17.381529221422817,0.2353846153846154,1.9883410684076424,1.9441097272717514,-17.552263569590373,0.0683069433301842,0.21159224849606895,0.22234459321228206,-14.526223558615904
1183,9.818942800000059,122.94461484780545,222.23363567660928,28.93927087956036,52.310378859263416,-17.731420590378313,0.2353846153846154,1.987734662824522,1.9457749868904273,-17.644256424855573,0.24786569910498346,0.3100146142204626,0.39692123377701083,-11.740817904099604
1184,9.830029100000047,122.96316825357734,222.22018260079295,28.943638065842052,52.30721221218665,-17.801398864169414,0.2353846153846154,1.9921018491062128,1.9489416339671948,-17.70958736895549,0.3070873966609986,0.3172323240469274,0.44151898782299753,-17.201426783846415
1185,9.834010500000204,122.9788558756502,222.20916323442674,28.94733069072997,52.30461842287276,-17.815394518927633,0.2353846153846154,1.9957944739941311,1.9515354232810864,-17.806601311681725,0.3610642740704322,0.3247440275909046,0.4856192886057661,-9.34469904711286
1186,9.84637980000025,122.99742621866841,222.1988095158821,28.951701863778872,52.30218131681532,-17.818193649879277,0.2353846153846154,2.0001656470430333,1.9539725293385217,-17.779071727180092,0.5214085335538297,0.43241055415185914,0.6773815366576454,-7.261249719941317
1187,9.861785099999906,123.01517801157628,222.19205543683185,28.95588036272488,52.30059151051581,-17.866598935053982,0.2353846153846154,2.004344145989041,1.9555623356380352,-17.773565810279766,0.48374022306268194,0.39640237820637597,0.6254114236695745,0.9620159393436087
1188,9.865419300000212,123.02538378206887,222.17777841609274,28.95828264408698,52.29723091948029,-17.593772667870173,0.2353846153846154,2.0067464273511426,1.9589229266735515,-17.772464626899705,0.3513781798830224,0.275287752785909,0.4463742511971556,0.22593984177131177
1189,9.878069500000038,123.0364324628512,222.1721034480173,28.960883333563434,52.295895119302536,-17.773869279667785,0.2353846153846154,2.0093471168275947,1.9602587268513076,-17.77224439022369,0.3988840807448297,0.2676472890131436,0.4803577637425392,1.0023836067499035
1190,9.881647500000327,123.04047064928213,222.17140568378167,28.96183386052333,52.2957308763363,-17.809888602027307,0.2353846153846154,2.010297643787492,1.960422969817543,-17.762631251091616,0.3887933358721945,0.2356485433392513,0.45463226237976123,-0.5555691819323718
1191,9.894134500000291,123.07181848324339,222.16298005253722,28.969212658363446,52.29374761236645,-17.81709246649921,0.2353846153846154,2.017676441627607,1.9624062337873909,-17.81721008810895,0.35591207009067116,0.07660306194265498,0.36406239950758035,-9.728112995309228
1192,9.89811570000029,123.07555273482453,222.16394066132767,28.97009164373562,52.29397372489713,-17.818533239393595,0.2353846153846154,2.0185554269997823,1.962180121256715,-17.926693970746793,0.6500658879605603,0.23117040095007707,0.6899459493071693,-10.889541515997829
1193,9.910681400000158,123.10206384288583,222.15702825615222,28.976331950710048,52.292346651063525,-17.866666852956847,0.2353846153846154,2.0247957339742086,1.9638071950903182,-17.936715747274363,0.6958655272356558,0.2568801337737582,0.7417656200732015,-17.554539670302212
1194,9.914809000000332,123.13145964053103,222.1416244651611,28.98325126923269,52.28872083564561,-18.321288692856996,0.2353846153846154,2.0317150524968497,1.9674330105082305,-18.03728821781425,0.863484104919188,0.38702445218094916,0.946251935815222,-11.890253812850005
1195,9.926104300000134,123.15519652939545,222.13325310115357,28.988838567688468,52.28675034534846,-17.85999748466515,0.2353846153846154,2.037302350952629,1.9694035008053845,-18.155972047859727,0.8852437015193203,0.43995562717445885,0.9885430516482825,
1196,9.92966430000024,123.17680915737327,222.12100935072783,28.993925847812477,52.28386835486363,-18.319954819198657,0.2353846153846154,2.042389631076638,1.972285491290215,-18.26870905800945,0.9507829691171024,0.5226243393027455,1.0849536646303215,
1197,9.942448400000103,123.19470926260992,222.10972011111946,28.99813925719895,52.28121104154042,-18.411952389620982,0.2353846153846154,2.0466030404631113,1.9749428046134199,-18.291257680742515,0.6584738577559299,0.3761490981300435,0.7583376328338333,
1198,9.946490900000299,123.20886599057924,222.10039755707675,29.001471533167113,52.27901665574268,-18.430351903705446,0.2353846153846154,2.0499353164312737,1.9771371904111632,-18.40621174122663,0.5521063965444885,0.7303653760941811,0.915562698946683,-10.716362499033737
1199,9.958288300000277,123.21963211654129,222.09307729454264,29.004005713585872,52.277293578561576,-18.43403180652234,0.2353846153846154,2.0524694968500334,1.9788602675922675,-18.42920377402658,0.24994490509875206,0.6961382397354705,0.7396491765741537,-10.540749153536614
1200,9.962005800000043,123.219044915732,222.06235089712197,29.003867495549226,52.27006105732256,-18.43476778708572,0.2353846153846154,2.052331278813387,1.9860927888312858,-18.433802180586568,0.11579688164900821,1.012061510103496,1.0186645267371408,-1.0877545237668655
1201,9.973888800000168,123.21491557158437,222.03012172086252,29.002895511465244,52.262474805064564,-18.434914983198393,0.2353846153846154,2.051359294729405,1.9936790410892797,-18.434721861898566,-0.07183304555879053,0.9942869834414214,0.9968784238187186,-0.454424904315961
1202,9.977648900000077,123.20946581611386,222.00156805838947,29.00161272286988,52.25575371220552,-18.43494442242093,0.2353846153846154,2.0500765061340402,2.0004001339483253,-18.434905798160965,-0.19348605726347579,1.2125959242744826,1.2279355560950467,-0.04309306527152672
1203,9.990049500000168,123.2034685200685,221.97765260419698,29.000201051646894,52.25012438221867,-18.434950310265435,0.2353846153846154,2.0486648349110546,2.006029463935171,-18.434942585413445,-0.20898320873777987,0.8809178686963985,0.9053674794926885,-0.017959405004484057
1204,9.993739800000185,123.19730000660404,221.9582498209711,28.998749078477566,52.24555726555166,-18.434951487834336,0.2353846153846154,2.047212861741727,2.010596580602183,-18.43494994286394,-0.1647783504578988,0.6035177094921595,0.6256081285040092,-0.0016925133436433211
1205,10.006290600000284,123.19118596356508,221.9429392252623,28.997309926808395,52.24195338686943,-18.434951723348117,0.2353846153846154,2.045773710072556,2.0142004592844103,-18.43495141435404,-0.1142849077893844,0.26743130267684834,0.2908273401863452,-0.0007267100038351714
1206,10.010545900000125,123.19370293925553,221.95647226359097,28.997902384163226,52.24513885589141,-18.434951770450873,0.2353846153846154,2.0463661674273865,2.0110149902624315,-18.43495170865206,-0.1558598793723743,0.26585074660372693,0.30817027998775304,-6.37676067510168e-05
1207,10.02255869999999,123.18917661982366,221.95100924021415,28.996836958204646,52.24385294423502,-18.434951779871426,0.2353846153846154,2.0453007414688074,2.0123009019188203,-18.434951767511663,-0.10198562526772204,0.04870976289648434,0.11302083331262404,-2.5592485768179792e-05
1208,10.026890800000274,123.1832556875487,221.9427999174754,28.995443261838385,52.2419205959596,-18.434951781755537,0.2353846153846154,2.0439070451025465,2.014233250194245,-18.434951779283583,-0.15284857493195597,0.06541040614475413,0.1662564527792875,-2.6098036399477364e-06
1209,10.037980699999935,123.17740953345944,221.93564352184933,28.994067167106607,52.24023609052761,-18.43495178213236,0.2353846153846154,2.042530950370768,2.0159177556262335,-18.43495178163797,-0.19394413303069533,0.22530719201803096,0.2972837996125553,-1.0222797748065923e-06
1210,10.04141350000009,123.1720283934967,221.930238089935,28.992800529546148,52.23896373501547,-18.434951782207722,0.2353846153846154,2.041264312810309,2.017190111138376,-18.434951782108843,-0.2130918429794191,0.2234133832682509,0.3087420822753707,-1.1832541667496372e-07
1211,10.058513500000117,123.16721554869156,221.92654069313804,28.991667659922783,52.238093424692494,-18.434951782222797,0.2353846153846154,2.0401314431869437,2.0180604214613496,-18.43495178220302,-0.16935949085561336,0.14002442730639603,0.2197486686770975,-4.872643560075658e-08
1212,10.06389050000007,123.1630025413477,221.92431171747396,28.990675982809535,52.2375687581131,-18.43495178222581,0.2353846153846154,2.0391397660736956,2.0185850880407443,-18.434951782221855,-0.15402891417596162,0.1098013903661148,0.18915932894932166,-3.154588164269064e-09
1213,10.072190800000044,123.15936864681153,221.92328526579428,28.989820619941792,52.23732714717927,-18.434951782226413,0.2353846153846154,2.038284403205953,2.0188266989745713,-18.434951782225617,-0.11349895286024761,0.026489233105920964,0.1165490959678046,-1.3353301836406642e-09
1214,10.087461099999928,123.15629151778198,221.92323464652668,28.989096311108682,52.23731523218243,-18.434951782226534,0.2353846153846154,2.037560094372843,2.018838613971411,-18.434951782226374,-0.10823501373817962,0.01144700118985166,0.1088386513842596,-1.813074148593907e-10
1215,10.09109239999998,123.15372551311249,221.923942969493,28.98849231308648,52.23748196051143,-18.434951782226555,0.2353846153846154,2.0369560963506395,2.018671885642412,-18.434951782226523,-0.09317133802216483,-0.02998062957507338,0.09787612772560152,-3.098269636025753e-11
1216,10.103441700000076,123.15163061228691,221.9252186830471,28.98799920566138,52.2377822438557,-18.434951782226562,0.2353846153846154,2.0364629889255426,2.0183716022981457,-18.434951782226552,-0.07751825133245749,-0.043243533136358946,0.08876419575345354,-1.5120087694791917e-11
1217,10.107052700000168,123.14995675585493,221.92689945835943,28.98760520560893,52.23817787250614,-18.434951782226562,0.2353846153846154,2.0360689888730903,2.017975973647701,-18.43495178222656,-0.07940301971871885,-0.06800629659651583,0.1045451860069345,-1.5194420252408483e-12
1218,10.119340499999907,123.14866281872447,221.9288417163965,28.987300632715147,52.238635050167176,-18.434951782226562,0.2353846153846154,2.0357644159793082,2.0175187959866676,-18.434951782226562,-0.04892050184521568,-0.06755758163843628,0.0834100853471673,-7.522808789901171e-13
1219,10.12335660000008,123.14769274325533,221.93094089784913,28.987072291873947,52.23912916518603,-18.434951782226562,0.2353846153846154,2.0355360751381077,2.0170246809678147,-18.434951782226562,-0.046459198677229044,-0.08898725735965149,0.10038520366131201,-9.637509505025823e-14
1220,10.135005999999976,123.14700390480797,221.93310219833924,28.986910149900954,52.23963790207062,-18.434951782226562,0.2353846153846154,2.035373933165115,2.016515944083224,-18.434951782226562,-0.025587542459931868,-0.07480488301586181,0.07906005851348447,0.0
1221,10.138862600000266,123.14655131494712,221.93525614040513,28.98680361721063,52.24014490689536,-18.434951782226562,0.2353846153846154,2.0352674004747904,2.0160089392584837,-18.434951782226562,-0.021889426879179563,-0.09419301473802166,0.09670300426840996,0.0
1222,10.151550999999927,123.14629511633444,221.93733957831418,28.986743311998723,52.24063531612626,-18.434951782226562,0.2353846153846154,2.0352070952628836,2.0155185300275846,-18.434951782226562,0.0854698827618024,-0.04453423453920688,0.09637633996634928,0.0
1223,10.15501519999998,123.14620245645177,221.93931383744965,28.986721501287878,52.241100026353536,-18.434951782226562,0.2353846153846154,2.035185284552039,2.0150538198003076,-18.434951782226562,0.45798013468487386,0.06523448986526917,0.46260279120856707,0.0
1224,10.167399500000101,123.1714535682145,221.93272350941123,28.992665224518184,52.23954876452295,-18.434951782226562,0.2353846153846154,2.041129007782345,2.0166050816308925,-18.434951782226562,0.5697933932043924,0.1206195054384776,0.5824204460968023,0.0
1225,10.171020000000226,123.19988777559854,221.92495333829032,28.99935819948704,52.23771978578218,-18.434951782226562,0.2353846153846154,2.047821982751202,2.0184340603716606,-18.434951782226562,0.8278134168857336,0.19816675897093783,0.8512021602046597,0.0
1226,10.182608000000073,123.22605074028635,221.91779228965072,29.005516558867402,52.2360341851024,-18.434951782226562,0.2353846153846154,2.053980342131563,2.020119661051446,-18.434951782226562,0.9072607917866845,0.24599789754614643,0.9400197391068583,0.0
1227,10.186762900000303,123.2487390949837,221.9116303844244,29.01085704851155,52.23458376741067,-18.434951782226562,0.2353846153846154,2.059320831775711,2.0215700787431743,-18.434951782226562,0.8863800955136234,0.52184590888889,1.0285877825187366,0.0
1228,10.198270899999898,123.26785226947347,221.9064964632936,29.0153559957376,52.23337532135988,-18.434951782226562,0.2353846153846154,2.0638197790017614,2.0227785247939636,-18.434951782226562,0.5298432460968219,0.5494234497959567,0.763282380656142,0.0
1229,10.202869100000044,123.2751883176125,221.87710629355777,29.01708278860725,52.226457327560524,-18.434951782226562,0.2353846153846154,2.065546571871412,2.029696518593319,-18.434951782226562,0.5144521728851148,0.5510853439610857,0.753893954422586,0.0
1230,10.214439200000015,123.27842995293828,221.84549727651444,29.017845819691626,52.21901705124109,-18.434951782226562,0.2353846153846154,2.066309602955787,2.0371367949127546,-18.434951782226562,0.22758372423039114,0.6704028940200222,0.7079790899772364,0.0
1231,10.219458300000042,123.2881209770041,221.84221843533953,29.020126937664042,52.21824526247223,-18.434951782226562,0.2353846153846154,2.068590720928203,2.037908583681613,-18.434951782226562,0.20609658555388127,0.652583141015378,0.6843541177741718,0.0
1232,10.231016499999896,123.28080481090142,221.79578257514348,29.018404824719873,52.20731497537993,-18.434951782226562,0.2353846153846154,2.066868607984034,2.0488388707739134,-18.434951782226562,0.09196257390303732,0.5193421528281543,0.5274214507422442,0.0
1233,10.235826000000088,123.28659753451247,221.79545748460617,29.019768342739088,52.207238454068836,-18.434951782226562,0.2353846153846154,2.068232126003249,2.048915392085007,-18.434951782226562,0.04215739008772353,0.5708049377649225,0.5723596094378302,0.0
1234,10.246938199999931,123.27738554390643,221.75588265118085,29.01759998187336,52.19792314712411,-18.434951782226562,0.2353846153846154,2.066063765137521,2.0582306990297354,-18.434951782226562,-0.09382311758864498,0.6886170687332787,0.6949793124581952,0.0
1235,10.251723700000184,123.27366347887212,221.7375775353538,29.016723865026822,52.19361440447559,-18.434951782226562,0.2353846153846154,2.0651876482909834,2.062539441678254,-18.434951782226562,-0.18689088012539,0.8687869177433607,0.8886613019120682,0.0
1236,10.263110000000324,123.26275943661255,221.7016444448736,29.01415722123342,52.18515630779333,-18.434951782226562,0.2353846153846154,2.0626210044975792,2.0709975383605155,-18.434951782226562,-0.28864525389621876,0.9909955789255002,1.0321764965579772,0.0
1237,10.267594400000235,123.25105553603302,221.66646564613052,29.011402303097004,52.17687575978149,-18.434951782226562,0.2353846153846154,2.059866086361165,2.079278086372355,-18.434951782226562,-0.2639472884003456,0.8180724053593241,0.8595991109024518,0.0
1238,10.27895669999998,123.24018163913522,221.6362018302338,29.00884275505798,52.169752123116574,-18.434951782226562,0.2353846153846154,2.057306538322141,2.0864017230372696,-18.434951782226562,-0.2560974325941585,0.7028368721915651,0.7480411512031554,0.0
1239,10.283037900000181,123.23893945275256,221.63665818460925,29.008550363494063,52.16985954191571,-18.434951782226562,0.2353846153846154,2.057014146758224,2.0862943042381303,-18.434951782226562,-0.3199207073416822,0.7935104575834404,0.8555747222074078,0.0
1240,10.2950364000003,123.23160795583951,221.62013256373044,29.006824641912992,52.165969665001164,-18.434951782226562,0.2353846153846154,2.055288425177153,2.0901841811526793,-18.434951782226562,-0.2249291061966161,0.48111894800585403,0.531101256771878,0.0001192663604783011
1241,10.298448100000314,123.2237154350048,221.60279467657713,29.0049668639319,52.161888593102006,-18.434951782226562,0.2353846153846154,2.0534306471960626,2.0942652530518373,-18.434950561523436,-0.19802440933207235,0.3891990209597318,0.4366801399277621,0.0001260422284801175
1242,10.310458400000243,123.21660390757933,221.5882749630896,29.00329291978406,52.15847087592724,-18.434951782226562,0.2353846153846154,2.0517567030482198,2.0976829702266,-18.434950317382814,-0.2506448369754858,0.5026132158702183,0.5616430174673861,0.00012707700763046217
1243,10.32618739999998,123.21054021334503,221.57709193413177,29.001865619448907,52.15583856295717,-18.43494567871094,0.2353846153846154,2.050329402713068,2.1003152831966716,-18.43495026855469,-0.23594693909607767,0.4566467865517459,0.5140012118048399,8.73322062768921e-06
1244,10.32971580000003,123.20552239769661,221.56898611829857,29.000684502842432,52.1539305786149,-18.434950561523436,0.2353846153846154,2.0491482861065933,2.102223267538946,-18.434950258789065,-0.1711313245919096,0.26185220216123667,0.31281385204825995,2.0053588126663024e-06
1245,10.343277400000261,123.20146986334017,221.5635493249848,28.99973059860161,52.15265084111181,-18.434951538085937,0.2353846153846154,2.0481943818657697,2.103503005042036,-18.434950256835943,-0.15296602534608575,0.2104863787526227,0.2601982331811111,-0.00011854838158756565
1246,10.346680800000286,123.19828235230965,221.56033618378527,28.998980307543654,52.15189451710638,-18.43495173339844,0.2353846153846154,2.047444090807815,2.1042593290474656,-18.43495147714844,-0.15554981310359658,0.17611348813821132,0.23497171119258534,-0.0001263828313329987
1247,10.35845100000006,123.19585469147097,221.55894924980373,28.99840887353086,52.15156805418457,-18.434951772460938,0.2353846153846154,2.0468726567950206,2.1045857919692708,-18.43495172121094,-0.0934380816052189,0.06316415223707336,0.11278468522761291,-0.0001304958019131373
1248,10.36245370000006,123.19409192298981,221.55902594770484,28.99799394494991,52.15158610769053,-18.434951780273437,0.2353846153846154,2.0464577282140723,2.1045677384633166,-18.43495177002344,-0.08924882900921054,0.01695170492927286,0.09084444825923285,-1.1253774574080298e-05
1249,10.374204400000053,123.19288447671913,221.5602238636352,28.997709730673886,52.15186807867106,-18.434951781835938,0.2353846153846154,2.0461735139380473,2.1042857674827857,-18.43495177978594,-0.04613247586820373,-0.034803643404368825,0.057788397831648394,-4.527267793489287e-06
1250,10.377715399999943,123.19214773966318,221.5622628445709,28.997536314105336,52.15234802341438,-18.43495178214844,0.2353846153846154,2.0460000973694967,2.10380582273946,-18.434951781738437,-0.03672262068186332,-0.06200672715176625,0.07206514470822632,-4.6999785584143014e-07
1251,10.39463250000017,123.19179761606814,221.56488974678726,28.997453900397577,52.15296635578223,-18.434951782210938,0.2353846153846154,2.045917683661738,2.10318749037161,-18.43495178212894,-0.014600413888038703,-0.08410883265576069,0.08536666689297871,-1.970369479260839e-07
1252,10.401185000000169,123.19175586153656,221.5679039552515,28.99744407202322,52.15367585408227,-18.434951782223436,0.2353846153846154,2.045907855287382,2.10247799207157,-18.43495178220704,-0.005324717081785696,-0.11854514824301762,0.11866467369845199,-1.2453529989194572e-08
1253,10.407809199999974,123.19195141655601,221.57114087528748,28.997490102666262,52.15443777525998,-18.434951782225937,0.2353846153846154,2.045953885930423,2.1017160708938647,-18.43495178222266,0.0068389372099323525,-0.10601660622841595,0.10623696088627725,-5.020743206227436e-09
1254,10.411787300000015,123.19232646192708,221.5744563614,28.997578382576684,52.15521818968338,-18.434951782226438,0.2353846153846154,2.046042165840845,2.1009356564704618,-18.434951782225784,0.016966471362228557,-0.14782242030079706,0.14879290673305237,-1.0677448857079167e-09
1255,10.422206199999891,123.19283221057455,221.57773426857267,28.99769742802755,52.15598975860249,-18.434951782226538,0.2353846153846154,2.046161211291711,2.100164087551356,-18.43495178222641,0.019645649141660247,-0.13718562246161806,0.1385851598851003,-2.9572464881817115e-10
1256,10.425240300000041,123.19342213345419,221.58089978418417,28.99783628679768,52.1567348722772,-18.43495178222656,0.2353846153846154,2.0463000700618394,2.099418973876645,-18.434951782226538,0.027557837144619915,-0.15314979789170388,0.15560943089144416,-3.4704962349755895e-11
1257,10.438008800000262,123.19406743216726,221.58388842871204,28.99798818018706,52.15743835321991,-18.434951782226562,0.2353846153846154,2.046451963451222,2.098715492933934,-18.434951782226562,0.02489206479990674,-0.12071794249399513,0.1232576023212616,-1.505536591498061e-11
1258,10.441344700000172,123.19472657483868,221.58664975000028,28.99814333223126,52.1580883257693,-18.434951782226562,0.2353846153846154,2.0466071154954193,2.0980655203845444,-18.434951782226566,0.0262575124312255,-0.1187891906546272,0.12165660185726598,-1.0042258261570824e-12
1259,10.45879100000002,123.19538345645381,221.58917113500985,28.99829795205759,52.15868182101001,-18.434951782226562,0.2353846153846154,2.046761735321752,2.09747202514383,-18.434951782226566,0.021256330830629687,-0.08312982393852611,0.08580442429403934,-3.549980194145892e-13
1260,10.46703320000006,123.19602260666716,221.59142654229737,28.99844839818473,52.15921270918692,-18.434951782226562,0.2353846153846154,2.046912181448892,2.096941136966926,-18.434951782226566,0.02403337529131957,-0.08781146951492785,0.09104096498974797,0.0
1261,10.473970300000019,123.19663443584648,221.59340946150206,28.998592413360786,52.15967945786125,-18.434951782226562,0.2353846153846154,2.047056196624947,2.0964743882925916,-18.434951782226566,0.017479044654983688,-0.056695462670319115,0.05932868184489238,0.0
1262,10.479128299999957,123.197199380446,221.5951297091255,28.998725392628057,52.160084377686466,-18.434951782226562,0.2353846153846154,2.0471891758922176,2.096069468467377,-18.434951782226566,0.022481636555822238,-0.06787589422411479,0.07150217478476653,0.0
1263,10.48801880000019,123.19771827162518,221.5966126274767,28.998847531628694,52.16043343385221,-18.434951782226562,0.2353846153846154,2.0473113148928554,2.095720412301631,-18.434951782226566,0.02056031641819673,-0.05930857720598373,0.06277128277655718,0.0
1264,10.491265999999996,123.19818559512797,221.59785310804105,28.99895753239166,52.16072542389274,-18.434951782226562,0.2353846153846154,2.0474213156558214,2.095428422261101,-18.434951782226566,0.02133805395219457,-0.057372493979829416,0.06121205446586749,0.0
1265,10.502390800000285,123.19859425034448,221.59887276187354,28.999053723542627,52.16096543471792,-18.434951782226562,0.2353846153846154,2.0475175068067877,2.0951884114359203,-18.434951782226566,0.017306119896885228,-0.04403000601723556,0.047309018334384896,0.0
1266,10.505770700000085,123.19894818416816,221.5996998799215,28.99913703411958,52.161160125581524,-18.434951782226562,0.2353846153846154,2.047600817383742,2.094993720572319,-18.434951782226566,0.018428186168753892,-0.0435163647079565,0.047257507793642003,0.0
1267,10.51858029999994,123.19925410536821,221.60034153492177,28.999209043263594,52.16131116129697,-18.434951782226562,0.2353846153846154,2.047672826527755,2.0948426848568715,-18.434951782226566,0.01238511824925137,-0.026777282823609763,0.02950278002940614,0.0
1268,10.521738299999924,123.19951369113697,221.60083382733396,28.999270145759933,52.16142703935707,-18.434951782226562,0.2353846153846154,2.047733929024094,2.0947268067967713,-18.434951782226566,0.011170569349820931,-0.023206955818389812,0.02575547355332174,0.0
1269,10.535479099999975,123.19972736077253,221.60119722636475,28.999320440304917,52.161512577898165,-18.434951782226562,0.2353846153846154,2.047784223569078,2.0946412682556783,-18.434951782226566,0.007717513296675419,-0.013306444861504192,0.015382505853618687,0.0
1270,10.551353700000163,123.19990094114527,221.6014482934076,28.999361298454197,52.16157167521748,-18.434951782226562,0.2353846153846154,2.047825081718358,2.094582170936363,-18.434951782226566,0.0070085957495523085,-0.01123996696588622,0.013246028528387525,
1271,10.555838199999926,123.20004161101875,221.6016026129027,28.999394409978258,52.16160799965248,-18.434951782226562,0.2353846153846154,2.047858193242419,2.0945458465013616,-18.595764770507817,0.027428391124830295,-0.006961353429827714,0.028298004899138092,
1272,10.567605900000217,123.20014544303788,221.60167552505186,28.999418850438147,52.16162516205067,-18.434951782226562,0.2353846153846154,2.047882633702308,2.0945286841031745,-18.627927368164066,0.027986657173571072,-0.005663309795781341,0.02855391492587295,
1273,10.57175959999995,123.20228855802509,221.60194552310867,28.999923306735138,52.161688715439425,-19.239016723632815,0.2353846153846154,2.0483870899992986,2.0944651307144184,-18.634359887695318,0.025720808969131363,-0.003868358355937727,0.026010079015575897,-6.252888886186569
1274,10.582956700000068,123.20259545493596,221.6019329139803,28.999995545546465,52.161685747444594,-18.595764770507813,0.2353846153846154,2.048459328810626,2.0944680987092497,-18.79645937988282,0.032246111272259986,-0.0028053185837453405,0.03236790855985724,-7.887879143413837
1275,10.587201199999981,123.20243757528183,221.60183820896384,28.9999583831048,52.16166345534072,-18.467114379882812,0.2353846153846154,2.0484221663689617,2.094490390813121,-18.828879278320315,0.031421745955479134,-0.0010901628473629563,0.03144065161418319,-2.506532509904421
1276,10.597775000000183,123.2042348821017,221.60196330590307,29.000381441479323,52.16169290123565,-19.245449243164064,0.2353846153846154,2.0488452247434843,2.094460944918197,-18.674550269726566,0.005272857474913085,0.0027268737507555483,0.005936233351486987,4.731779125864584
1277,10.602039400000194,123.2041978349053,221.6018343628527,29.000372721139247,52.16166255002533,-18.597051274414063,0.2353846153846154,2.0488365044034076,2.09449129612851,-18.643684468007816,-0.002619665188281906,0.005160816486126261,0.005787630992225462,2.9712067291629065
1278,10.614008600000034,123.20372508738843,221.60164190980498,29.000261443646817,52.161617249538715,-18.467371680664062,0.2353846153846154,2.048725226910978,2.0945365966151286,-18.798324295945314,0.005132566664208362,0.0038662384641095044,0.006425810487705249,-4.508122454803656
1279,10.617952200000218,123.20317202502093,221.6014335792579,29.00013126127416,52.16156821173301,-18.441435761914065,0.2353846153846154,2.0485950445383203,2.094585634420831,-18.829252261532815,0.019842093465462715,0.0030899184282337086,0.02008124171920891,-7.092295413999862
1280,10.629974700000275,123.2047045968314,221.60149593753908,29.000492005100316,52.16158288991305,-19.240313519570314,0.2353846153846154,2.048955788364477,2.094570956240794,-18.835437854650312,0.018815598965764464,0.002292177109441005,0.01895470496582635,
1281,10.63375780000024,123.20652969535043,221.60160307984376,29.000921605213254,52.161608109563225,-19.400089071101565,0.2353846153846154,2.0493853884774147,2.094545736590618,-18.997487961555063,0.033123683863056884,0.001136368168480476,0.03314317071847639,
1282,10.646379600000273,123.20614482923311,221.60143531585936,29.000831013650256,52.16156862050228,-18.627979240001565,0.2353846153846154,2.049294796914417,2.0945852256515636,-19.029897982936014,0.03691207245806656,-0.0005792887214430407,0.03691661778349077,
1283,10.650884500000302,123.20733607303093,221.60147348350586,29.001111414113435,52.16157760457907,-19.277622215187815,0.2353846153846154,2.049575197377596,2.094576241574771,-19.0363799872122,0.04363407614500581,-0.0007592037457300679,0.043640680463939784,-2.383570451727083
1284,10.662176600000294,123.20666113617766,221.60128847585693,29.00095254436182,52.16153405662479,-18.603485868818815,0.2353846153846154,2.0494163276259805,2.0946197895290553,-19.071882931036193,0.027495545048450427,9.931593988131795e-05,0.02749572441612116,
1285,10.665934900000138,123.20767686546532,221.60132233258727,29.00119163140953,52.161542025978235,-19.272723540951265,0.2353846153846154,2.0496554146736905,2.094611820175608,-19.239796508082243,0.046740944269960887,-0.0018216198624020428,0.04677642750542935,
1286,10.67812210000011,123.20937847539953,221.60144523768784,29.001592164209427,52.161570955948065,-19.577603790221502,0.2353846153846154,2.050055947473588,2.0945828902057784,-19.273379223491453,0.036761074229775294,-0.0016012136819311955,0.03679592998936503,
1287,10.681318700000247,123.21058779817118,221.60153318442195,29.001876820184908,52.161591657256245,-19.467547125231803,0.2353846153846154,2.0503406034490688,2.094562188897598,-19.440908754854544,0.04406261092100037,-0.0026147393193725827,0.044140123956370285,
1288,10.699195099999997,123.2115252759588,221.60160094747266,29.00209748803338,52.16160760763587,-19.445535792233862,0.2353846153846154,2.0505612712975427,2.094546238517971,-19.474414661127163,0.03536904240377058,-0.002421396626716296,0.035451831013130965,
1289,10.70693590000019,123.21226318544478,221.60164077641895,29.002271180573928,52.161616982757074,-19.441133525634275,0.2353846153846154,2.0507349638380887,2.094536863396769,-19.446909299412933,0.03248832841510779,-0.0021156106149256473,0.03255713887125044,0.8333068628544713
1290,10.713636899999983,123.21283676193737,221.6016736218391,29.00240619165603,52.16162471406366,-19.440253072314356,0.2353846153846154,2.0508699749201895,2.09452913209018,-19.441408227070088,0.016460949377712062,-0.0009169792483200664,0.016486470372928486,1.525047377650256
1291,10.719113000000107,123.21326625835543,221.60169327728596,29.002507288505203,52.16162934065346,-19.44007698165037,0.2353846153846154,2.0509710717693643,2.094524505500381,-19.44030801260152,0.01680559662190444,-0.0007956653654602413,0.01682442157079877,0.3498136108248654
1292,10.727086800000052,123.2135681820205,221.60170963523944,29.00257835669098,52.161633191064055,-19.440041763517577,0.2353846153846154,2.0510421399551397,2.094520655089788,-19.440087969707804,0.01277429525817944,-0.0005573602282667638,0.012786448676907881,0.08052301236654938
1293,10.730456199999935,123.21376954794653,221.60171372472783,29.00262575513203,52.161634153666704,-19.440034719891017,0.2353846153846154,2.051089538396191,2.0945196924871397,-19.44004396112906,0.009380725959972783,-0.00017493924759827837,0.00938235702137035,0.013791346179599344
1294,10.742731100000128,123.21388855397882,221.60171474709992,29.002653767321167,52.16163439431737,-19.440033311165706,0.2353846153846154,2.051117550585328,2.094519451836476,-19.440035159413316,0.005644482614576683,5.0513173858234466e-06,0.005644484874819469,
1295,10.746203900000182,123.21393547162458,221.60170355860114,29.002664811013172,52.16163176071689,-19.440033029420643,0.2353846153846154,2.0511285942773334,2.0945220854369566,-19.279220410788913,-0.025828246664129098,0.0719932378807434,0.07648610740713899,
1296,10.7581567000002,123.21392431285244,221.60170076147645,29.002662184409882,52.16163110231677,-19.44003297307163,0.2353846153846154,2.051125967674043,2.094522743837075,-19.28126400403278,0.03628617870619114,0.14562282587327657,0.15007562820263745,
1297,10.774846199999956,123.20339868075217,221.57621406976364,29.00018461254628,52.15563192719052,-18.635968020395577,0.2353846153846154,2.0486483958104422,2.1005219189633237,-19.120859734400305,0.0015978803082810009,0.2354441409630577,0.2354495630391184,
1298,10.778037200000199,123.20779966713629,221.57122713194286,29.001220537033618,52.15445807874963,-19.450252686110368,0.2353846153846154,2.0496843202977786,2.101695767404216,-18.92796589219256,-0.1541332731602133,0.5875084168472022,0.607390488698487,
1299,10.790279400000145,123.19889777750184,221.5478704121361,28.99912516916582,52.14896026624127,-18.638011963003322,0.2353846153846154,2.0475889524299795,2.1071935799125754,-18.88938712375101,-0.15313540518100857,0.5757253011333473,0.5957432959631481,
1300,10.793603600000097,123.18794618509811,221.5229997075262,28.996547332800017,52.14310608500232,-18.475563818381914,0.2353846153846154,2.0450111160641775,2.1130477611515204,-18.8816713700627,-0.23162545759672465,0.7300522688994082,0.7659155749376467,7.036069145542346
1301,10.806174900000315,123.18820091700206,221.52614329846358,28.996607292771255,52.14384603794604,-19.247139130863886,0.2353846153846154,2.0450710760354163,2.1123078082078024,-18.685108688075044,-0.32729058994658267,0.7223032107440581,0.7929949927450723,
1302,10.809478900000158,123.18060850256595,221.51026659854168,28.99482015521937,52.14010890704135,-18.597389251954027,0.2353846153846154,2.0432839384835297,2.1160449391124914,-18.80660913995876,-0.2507166636267152,0.4971364403216294,0.5567795665393733,
1303,10.822376800000256,123.1721872666327,221.49223263474283,28.99283792583816,52.1358639894087,-18.467439276172055,0.2353846153846154,2.0413017091023207,2.1202898567451456,-18.830908009632374,-0.11473419521119314,0.18387385672968387,0.216733778491975,
1304,10.825609100000293,123.17509446985642,221.50152571850015,28.99352223675082,52.13805143835465,-19.245514222421914,0.2353846153846154,2.0419860200149813,2.118102407799192,-18.674953574582727,-0.20276714723830147,0.3825692427381198,0.4329823801130682,
1305,10.838194899999962,123.16998478384593,221.49111171526957,28.992319495274504,52.135600142209604,-18.59705816675001,0.2353846153846154,2.0407832785386653,2.120553703944239,-18.804575675854046,-0.07619975826674007,0.10589689129026805,0.1304628481401984,
1306,10.84153970000034,123.16379784696247,221.47783087681543,28.99086318551578,52.1324740371581,-18.467366955615628,0.2353846153846154,2.0393269687799425,2.123679808995746,-18.830498875405183,-0.0972758190782795,0.14644503904270023,0.17580880079668412,-1.8637116508530234
1307,10.85403180000003,123.16867697028553,221.49121904122535,28.992011656082596,52.135625405088426,-19.24549975831063,0.2353846153846154,2.040475439346757,2.1205284410654173,-18.674869306331036,-0.15679023363165281,0.31963211506516853,0.35601666582240415,
1308,10.857113900000058,123.16528478212217,221.48425495561884,28.99121318717645,52.13398616647643,-18.59705527392775,0.2353846153846154,2.0396769704406097,2.1221676796774105,-18.80455760150058,-0.13914265760152764,0.3066610696598625,0.3367516752881075,
1309,10.870058599999993,123.16056291000808,221.47385075672696,28.99010173112498,52.13153717812189,-18.467366377051174,0.2353846153846154,2.0385655143891412,2.1246166680319547,-18.991309469518864,-0.04227233873432827,0.1012466127938018,0.10971703251677846,
1310,10.873423600000024,123.16045818660847,221.4719935729708,28.99007708084784,52.13110002563774,-19.245499642597736,0.2353846153846154,2.038540864112001,2.1250538205161007,-19.02865984312252,-0.014420951522761058,0.05797927090917861,0.059745792303573554,-12.88026086065387
1311,10.886255800000072,123.16312708937673,221.47703388518607,28.990705299499446,52.132286437589954,-19.401126295707048,0.2353846153846154,2.039169082763607,2.123867408563889,-19.196944126827628,0.04540879882477481,-0.06495159954752507,0.07925067377941293,
1312,10.889504300000226,123.16631773731001,221.48350102500746,28.99145632893605,52.133808702809446,-19.432251626328913,0.2353846153846154,2.0399201122002104,2.122345143344397,-19.391415192553026,0.06981072569134779,-0.11152163577187227,0.13156980150014191,
1313,10.907797800000026,123.16943282788219,221.48993577260927,28.99218957333227,52.135323343398795,-19.438476692453285,0.2353846153846154,2.0406533565964295,2.120830502755048,-19.430309405698107,0.08551218144830615,-0.166667842418386,0.1873245922788783,
1314,10.91640869999992,123.17075519488559,221.49153301541793,28.99250083818076,52.13569930978299,-19.43972170567816,0.2353846153846154,2.040964621444921,2.1204545363708505,-19.382641470983376,0.05012121734186817,-0.07392561553992132,0.08931479754658263,1.5395183508338701
1315,10.924294800000098,123.17314000111398,221.49641841010447,28.993062184877598,52.13684925653228,-19.439970708323134,0.2353846153846154,2.041525968141759,2.1193045896215637,-19.37310788404043,0.014697657439661723,-0.0026319903936158837,0.014931460331987957,2.3793012874509034
1316,10.929143700000168,123.17050324673846,221.48877058763355,28.992441533463055,52.135049076781435,-19.16278662213338,0.2353846153846154,2.0409053167272155,2.1211047693724083,-19.37120116665184,0.03698784408724294,-0.05567971739753346,0.06684557980668118,-1.1132480326956538
1317,10.93598830000019,123.17207565604497,221.492031361508,28.992811654422894,52.13581661278573,-19.38458369161418,0.2353846153846154,2.041275437687055,2.1203372333681116,-19.40502636614287,0.02900286622229178,-0.036293577655802635,0.04645847638661787,-5.2213711982087885
1318,10.939674300000206,123.17444858625245,221.49748141215434,28.993370205687118,52.137099470860946,-19.42894310551034,0.2353846153846154,2.0418339889512787,2.1190543752928974,-19.44599794900983,0.005756502676013639,0.04287721944597946,0.04326191478052759,-7.192827297498599
1319,10.951201100000162,123.17426362056213,221.4948728249624,28.99332666760924,52.13648544956808,-19.608847703133318,0.2353846153846154,2.0417904508733997,2.119668396585766,-19.50963904292697,0.03196662631792029,-0.029985598768133438,0.043829229192777736,-1.884141619418095
1320,10.955090200000086,123.17351928953994,221.49074167425817,28.993151463537863,52.13551304024846,-19.644828622657915,0.2353846153846154,2.0416152468020243,2.1206408059053814,-19.466920484366643,-0.029153104854023334,0.12303258331312639,0.1264393929095322,2.0558668994292835
1321,10.967216400000325,123.17367652953831,221.49038408799814,28.993188475414403,52.13542886994418,-19.480992091719084,0.2353846153846154,2.041652258678564,2.120724976209665,-19.45837677265458,-0.06025618281844222,0.19504139822885425,0.20413709753720916,4.042530058411845
1322,10.97111010000026,123.16951585784844,221.47958302151125,28.992209117308942,52.132886465063415,-19.17099089881257,0.2353846153846154,2.040672900573103,2.123267381090429,-19.456668030312166,0.0349491914602858,-0.0651479947512496,0.07393042136926152,2.859828956414268
1323,10.983212600000115,123.16931110862714,221.47896557959655,28.992160922492236,52.1327411287358,-19.386224546950015,0.2353846153846154,2.0406247057563967,2.1234127174180415,-19.366672961531187,0.033043002631043206,-0.08833817575069917,0.09431581690170818,4.258159299277428
1324,10.9868862000003,123.1766814148521,221.49843783654953,28.993895779188264,52.137324598449354,-19.600303991421253,0.2353846153846154,2.0423595624524253,2.1188292477044897,-19.348673947774987,0.03146075223777802,-0.08749943341811331,0.09298349197496134,2.679631862294078
1325,10.998952800000097,123.17388341218471,221.4915642626042,28.993237172406555,52.13570666488991,-19.194853278753,0.2353846153846154,2.0417009556707164,2.120447181263934,-19.400520922367498,0.10176840062155296,-0.2746083145922889,0.2928592388986327,-0.7872177107722369
1326,11.013989500000207,123.17357301063895,221.49085294919598,28.993164108658092,52.1355392326569,-19.3909970229381,0.2353846153846154,2.0416278919222535,2.12061461349694,-19.44509686025475,0.10095820709687459,-0.2685545898649444,0.28690438706604665,-3.11556107528657
1327,11.018264400000135,123.1753894074449,221.49598517943767,28.993591660521645,52.13674728069841,-19.43022577177512,0.2353846153846154,2.042055443785806,2.119406565455435,-19.4540120478322,-0.003812749599868234,0.02309673054957928,0.023409314846683665,-3.2939854964216186
1328,11.030108299999938,123.17498519976161,221.4938578976426,28.99349651625158,52.136246551291265,-19.609104236386273,0.2353846153846154,2.0419602995157398,2.1199072948625783,-19.51124186269144,0.017909091234365626,0.017935335266494615,0.025345843840014426,1.3752639909172437
1329,11.034092700000201,123.17411167164451,221.49029339286767,28.993290901171708,52.13540752170577,-19.644879929308505,0.2353846153846154,2.041754684435869,2.1207463244480707,-19.467241048319536,-0.023346123043922286,0.1361422431465747,0.13812947487832936,2.3025852261424973
1330,11.046727700000247,123.17701180462987,221.4844813072013,28.99397354785903,52.13403944615661,-19.481002353049202,0.2353846153846154,2.0424373311231925,2.12211439999723,-19.458440885445157,-0.03413241362532285,0.2156424548410441,0.21832702533072232,
1331,11.051080200000342,123.17310770274437,221.47334658412456,28.993054582338292,52.13141850364778,-19.170992951078592,0.2353846153846154,2.041518365602453,2.1247353425060638,-19.261661321620284,-0.07233793579246134,0.26940746423748935,0.278950100809425,
1332,11.06278360000033,123.17539896548101,221.46763321585536,28.993593910336298,52.130073664655185,-19.386224957403222,0.2353846153846154,2.0420576936004586,2.126080181498658,-19.188098865886555,-0.045933998217605146,0.22186214116191502,0.22656730097965253,
1333,11.067120000000159,123.17173174515443,221.46190189527243,28.992730703090196,52.12872459996413,-18.625206417261893,0.2353846153846154,2.0411944863543567,2.1274292461897133,-19.173386374739813,-0.017687556417453287,0.21445475406517364,0.21518292495729002,6.28887793389819
1334,11.078907699999945,123.17575878772904,221.46326142352513,28.993678606957758,52.12904461199899,-19.27706765063988,0.2353846153846154,2.042142390221919,2.127109234154851,-19.065077665572964,0.00853605005761281,0.1095090166670551,0.1098411984729383,9.797466407305025
1335,11.08349440000029,123.17956362881702,221.461873247727,28.99457420801385,52.12871785677266,-19.407439897315477,0.2353846153846154,2.0430379912780126,2.1274359893811834,-18.987969146395844,-0.3171403046549916,0.12191680038279365,0.3397670953053559,4.275947574992485
1336,11.094532500000241,123.17581131736051,221.45824174943175,28.993690971624858,52.127863057943166,-18.629449405244344,0.2353846153846154,2.042154754889019,2.128290788210677,-19.13336043084167,-0.278993753431065,0.06392912425022933,0.28622447026932396,3.439562223020224
1337,11.098480399999971,123.14927280614677,221.4552739383345,28.987444214369933,52.1271644808695,-19.00068236151762,0.2353846153846154,2.0359079976340944,2.1289893652843404,-19.10699191038708,-0.29250378726570875,0.2084991262587057,0.35920794982214227,2.62440936961326
1338,11.110041599999931,123.14886376428083,221.45423443917346,28.987347932207644,52.12691979875929,-19.352162839491026,0.2353846153846154,2.035811715471805,2.1292340473945544,-18.940905218014912,-0.33596932495331455,0.20576694887936992,0.3939738881711719,
1339,11.113300700000309,123.14904188406337,221.44460185320156,28.987389858864145,52.124652436215136,-19.145225048366957,0.2353846153846154,2.0358536421283056,2.131501409938707,-19.044503065087355,-0.266142093534369,0.23780831042018033,0.3569095213856835,
1340,11.125765199999933,123.14787334027854,221.44155283756797,28.987114801634796,52.12393474484292,-18.577006435454642,0.2353846153846154,2.035578584898957,2.1322191013109233,-19.065222634501847,0.05382117182162003,0.22335460926722514,0.22974768772975096,
1341,11.128877900000134,123.15143214122197,221.43841021256583,28.987952488626096,52.123195019265495,-19.147438640606552,0.2353846153846154,2.036416271890257,2.1329588268883484,-19.045368745650368,0.08178652676360221,0.21374044904403128,0.2288536989379843,0.6079643702407637
1342,11.146676300000308,123.15275671694612,221.43049488712583,28.98826427337347,52.12133187343116,-19.104280208590062,0.2353846153846154,2.0367280566376316,2.1348219727226834,-19.096844745223827,0.11478336819708448,0.056030162974011054,0.1277286216067554,-4.958083368562142
1343,11.155995699999949,123.15796304398262,221.4315601841838,28.989489762660526,52.12158262796942,-19.252893395233638,0.2353846153846154,2.0379535459246867,2.1345712181844263,-19.267952933419764,0.16583569605566428,0.015995663192656502,0.16660534003218375,-7.188553836545825
1344,11.164852299999893,123.16465479297807,221.43505374233501,28.991064897424067,52.12240495781116,-19.40260504623423,0.2353846153846154,2.0395286806882282,2.13374888834268,-19.270725596449576,-0.12787848141415856,-0.05734926816643858,0.14014936520732937,-10.887920017450003
1345,11.171300200000132,123.17104269604725,221.43895981619897,28.992568511531122,52.1233243875053,-19.432547376434346,0.2353846153846154,2.041032294795283,2.132829458648544,-19.36093344936804,-0.32289997522585157,-0.19581232283840205,0.37763323446993663,-7.88610080706064
1346,11.175794000000224,123.14814359332334,221.4414240665986,28.9871784150438,52.12390443413782,-19.16130195575562,0.2353846153846154,2.0356421983079613,2.132249412016023,-19.40297282268611,-0.32928384501748664,-0.21002342203540028,0.3905607358567423,-8.400660131753055
1347,11.18032230000017,123.12972159779372,221.45272891093674,28.982842160711446,52.126565420574345,-19.555319473182372,0.2353846153846154,2.0313059439756067,2.129588425579499,-19.41138069734972,-0.24890338629489217,-0.21942697617891316,0.33181484834781827,-4.913152764035709
1348,11.190495400000145,123.13402532437519,221.4569627453123,28.983855191737543,52.12756200005043,-19.463090261823975,0.2353846153846154,2.0323189750017043,2.1285918461034115,-19.447268815251192,-0.33574247289117376,-0.22807102986674374,0.4058810204574213,-5.249956280445586
1349,11.19422190000023,123.14320367301275,221.45917705717767,28.98601563380146,52.128083214997204,-19.444644419552297,0.2353846153846154,2.034479417065622,2.128070631156639,-19.485895413440865,-0.04277872370481329,-0.17621155360244772,0.1813298950112779,-3.2282048904917895
1350,11.206216399999903,123.13296125760866,221.46864558265378,28.98360472679096,52.13031196022466,-19.611987965941708,0.2353846153846154,2.0320685100551223,2.1258418859291837,-19.435416387375675,0.07943788548715748,-0.04331226163077698,0.09047833806079564,1.1763636903608439
1351,11.209736300000259,123.13692950812775,221.4666982914154,28.98453879191315,52.12985359782547,-19.354434946703968,0.2353846153846154,2.03300257517731,2.12630024832837,-19.401322779428263,0.019015582011053286,-0.030859524545760096,0.03624779461442397,5.4628827365055646
1352,11.222091699999964,123.11874127290596,221.4626638001488,28.980257561160943,52.12890394065041,-19.302924342856418,0.2353846153846154,2.0287213444251044,2.127249905503433,-19.370506255104402,-0.19465817757631731,-0.029478120925648284,0.19687753988365517,4.155285199226849
1353,11.243662700000186,123.10018092369523,221.46593526766415,28.975888740500572,52.12967399377325,-19.29262222208691,0.2353846153846154,2.0243525237647333,2.126479852380591,-19.36434295023963,-0.21461663420393864,-0.00918434051649197,0.2148130624234711,-1.4556451636358891
1354,11.251634300000205,123.08363325887791,221.47043813210158,28.97199367478203,52.130733898786985,-19.29056179793301,0.2353846153846154,2.0204574580461916,2.125419947366858,-19.4213146349698,-0.2984477458388176,-0.07310143714888538,0.3072700393945103,-2.7318325973890403
1355,11.260173300000133,123.07272144032983,221.4734978997246,28.969425200569944,52.1314541210121,-19.58117144161785,0.2353846153846154,2.017888983834105,2.1246997251417454,-19.432708971915837,-0.29158293252191814,-0.11344236948642779,0.31287342126293927,1.8933999925370575
1356,11.269673499999953,123.06651448178656,221.4811407408003,28.967964178020527,52.133253128219145,-19.63929337035482,0.2353846153846154,2.0164279612846876,2.122900717934698,-19.29817265375817,-0.38621895192864425,-0.14759384659855632,0.4134598195503629,5.582991086963735
1357,11.276534200000242,123.0574153636107,221.48477950893056,28.965822385588364,52.134109638255964,-19.35989602758659,0.2353846153846154,2.014286168852525,2.122044207897879,-19.271265390126636,-0.35096018475096413,-0.13574728952550089,0.3762982565651229,9.87273324082695
1358,11.282046700000137,123.04159077937923,221.48961452444945,28.96209752191542,52.135247726524256,-18.61994063129857,0.2353846153846154,2.010561305179582,2.1209061196295877,-19.207679591697207,-0.34688464309337785,-0.12837429562294955,0.36987689220970343,9.205774531668183
1359,11.287878800000271,123.03385236098251,221.4914412592862,28.960276017277423,52.135677711801215,-19.156025479775337,0.2353846153846154,2.0087398005415835,2.1204761343526286,-19.13675808630819,-0.32843078518849583,-0.09168239091047176,0.3409874505939954,9.1257099424353
1360,11.291731400000117,123.02926272708645,221.49221837756568,28.95919568806804,52.135860633488534,-19.26324244947069,0.2353846153846154,2.0076594713322002,2.1202932126653096,-19.122573785230387,-0.32750092891156163,0.041952602701763,0.3301770423748261,-0.5768210911007206
1361,11.302667800000108,123.0264044268888,221.49249276577814,28.958522888175363,52.135925220252396,-19.284685843409765,0.2353846153846154,2.006986671439524,2.120228625901447,-19.314756456264828,-0.1868086126008069,0.0893760421742166,0.20708822915985758,-14.504849451838462
1362,11.305930100000296,123.02214218338236,221.48496248587813,28.957519621626925,52.134152708214394,-19.288974522197577,0.2353846153846154,2.0059834048910865,2.1220011379394492,-19.411397336174836,-0.09652228796909729,0.11184343602050428,0.1477345804328221,-16.087220425727555
1363,11.324072400000205,123.02428096820887,221.48259926404765,28.958023058670705,52.13359644215276,-19.580853986470764,0.2353846153846154,2.0064868419348656,2.1225574040010855,-19.43072551215684,-0.052566817174242685,0.1755019418847573,0.18320535437904367,-13.431231576259163
1364,11.330534799999896,123.0281001187612,221.48153925082636,28.95892202795456,52.133346931348356,-19.639229879325402,0.2353846153846154,2.0073858112187217,2.122806914805487,-19.492795493056366,-0.0016753581188865066,0.19173202930181837,0.19173934881765886,-7.422551281783787
1365,11.336623900000177,123.02653148415807,221.47453367745268,28.958552795501824,52.13169792715425,-19.359883329380708,0.2353846153846154,2.0070165787659846,2.124455918999594,-19.563413834939396,0.08173940561710547,0.08277776010305458,0.11633352052747543,-1.1596599979294933
1366,11.34088550000024,123.03002459467233,221.47317138323035,28.95937501997672,52.13137726405268,-19.595035747907392,0.2353846153846154,2.0078388032408796,2.1247765821011626,-19.4878841830035,0.042157525974234604,0.1291716365744475,0.13587703518839894,2.5553606539602436
1367,11.35069280000016,123.03458859190539,221.47323135288767,28.96044931471004,52.131391379987406,-19.64206623161273,0.2353846153846154,2.008913097974201,2.1247624661664375,-19.472778252616326,0.023595783765639335,0.12143960956210365,0.12371071005418643,6.737214583375679
1368,11.353879499999948,123.03228491958279,221.46967578866136,28.959907065686412,52.13055445486952,-19.203205726791296,0.2353846153846154,2.008370848950573,2.125599391284325,-19.46975706653889,0.02758216475437745,0.10251461532507641,0.10616036062385062,0.840977526699183
1369,11.371344300000146,123.03572015567696,221.46967953676494,28.96071566741319,52.13055533711544,-19.56370022738951,0.2353846153846154,2.009179450677351,2.1255985090384044,-19.469152829323402,0.01806606352172596,0.08549598075947817,0.08738389655534995,0.3330888651240978
1370,11.378620700000283,123.03446180771806,221.46423308609553,28.960419471662867,52.12927332641941,-19.34477739899353,0.2353846153846154,2.008883254927028,2.126880519734435,-19.469031981880303,0.046259236127482,0.06850703431295191,0.08266275266076073,-4.943231590265326
1371,11.384643800000049,123.03818126308674,221.46448509037154,28.961294974234264,52.12933264434899,-19.592014561829956,0.2353846153846154,2.0097587574984246,2.1268212018048516,-19.558661132704184,0.10116644650272233,0.007405941979940876,0.10143716219708845,-6.348284606800206
1372,11.388931700000285,123.04274462607442,221.46605871155774,28.96236911967598,52.12970305056667,-19.64146199439724,0.2353846153846154,2.010832902940141,2.126450795587175,-19.57658696286896,0.14636174226130114,-0.016611164737703563,0.14730135909660397,-8.450178265291518
1373,11.39875660000007,123.04710125661626,221.4678482960535,28.96339460348044,52.130124291224895,-19.651351480910698,0.2353846153846154,2.0118583867446027,2.126029554928948,-19.63837647460504,0.16775458119861728,-0.05798048366697948,0.17749179135774237,-4.7138569913916495
1374,11.40212210000027,123.05099421674196,221.4695659863669,28.96431094640234,52.13052860909867,-19.65332937821339,0.2353846153846154,2.0127747296665,2.125625237055175,-19.650734376952254,0.17158237074564991,-0.07200223128011413,0.18607748724661108,-3.3890189379400613
1375,11.414117300000271,123.05437071605073,221.47112837403313,28.965105722393478,52.13089637111857,-19.65372495767393,0.2353846153846154,2.013569505657639,2.1252574750352764,-19.6532059574217,0.1312273443642449,-0.05967401296217423,0.14415825932599857,-1.3327070234493643
1376,11.418231900000137,123.05724616717185,221.4725260510278,28.965782559349684,52.13122536278039,-19.653804073566036,0.2353846153846154,2.014246342613845,2.124928483373452,-19.65370027351559,0.13552210499731676,-0.06451197855746513,0.15009342530671552,-0.11156952258494239
1377,11.42983009999989,123.05964731144628,221.47374522125304,28.966347751771202,52.131512336694946,-19.65381989674446,0.2353846153846154,2.0148115350353635,2.124641509458897,-19.65379913673437,0.08520314933577144,-0.04282851968554419,0.09536172584002879,-0.04467774492687616
1378,11.43351070000017,123.06161516648461,221.47479387977614,28.966810954572534,52.131759174778075,-19.65382306138014,0.2353846153846154,2.0152747378366946,2.124394671375768,-19.653818909378124,0.05819268857290022,-0.04555138469056408,0.07390072834938982,-0.004705652132974788
1379,11.451419299999998,123.063188596919,221.47568546945575,28.967181315890166,52.131969041271894,-19.653823694307277,0.2353846153846154,2.0156450991543267,2.124184804881949,-19.65382286390688,0.027883432135518645,-0.037407320800687774,0.046656118967844315,-0.001883114213348318
1380,11.465442400000029,123.05909014849733,221.4783230702448,28.96621660418476,52.13258989191917,-19.653823820892704,0.2353846153846154,2.0146803874489194,2.123563954234676,-19.653823654812626,0.024561795937566647,-0.03412255682755129,0.04204320045058574,-0.00010298170544068892
1381,11.470428000000084,123.05936444081085,221.47915413181903,28.966281168375478,52.132785511028175,-19.65382384620979,0.2353846153846154,2.0147449516396385,2.1233683351256687,-19.653823812993778,0.0128480693943255,-0.021817110253604874,0.0253191466479294,-3.0621115293913045e-05
1382,11.47889699999996,123.06052020260994,221.47945344994696,28.96655321692203,52.13285596591059,-19.65382385127321,0.2353846153846154,2.015017000186191,2.12329788024325,-19.653823844630004,0.013086905266596815,-0.019479984222961478,0.02346778376378365,-1.2328793939612402e-05
1383,11.483050800000001,123.06170750426577,221.47955116766252,28.966832689465637,52.13287896715749,-19.653823852285893,0.2353846153846154,2.0152964727297977,2.123274878996355,-19.653823850957252,0.03797845504048537,-0.00969936646456673,0.03919745855379058,-1.791439951173784e-06
1384,11.494002899999941,123.06272530746293,221.47955270890782,28.967072264679736,52.13287932994292,-19.65382385248843,0.2353846153846154,2.015536047943897,2.1232745162109268,-19.6538238522227,0.037784642454450214,-0.0014417111503233868,0.037812137422415154,-5.705642630683548e-07
1385,11.497474400000101,123.06354624080616,221.47948442966836,28.967265499758987,52.1328632580604,-19.653823852528937,0.2353846153846154,2.0157292830231484,2.1232905880934467,-19.653823852475792,-0.03631135473236647,-0.02426009083536375,0.04366997240484419,1.556673762224019
1386,11.509937799999989,123.06418062758435,221.47937580712411,28.967414824646777,52.1328376899846,-19.653823852537037,0.2353846153846154,2.0158786079109383,2.1233161561692455,-19.595619506823287,-0.07229538163690843,-0.0001633040361774217,0.07229556607589756,2.7044508025991014
1387,11.513318499999968,123.05932099002597,221.48113392980838,28.96627094072919,52.13325152501643,-19.653823852538657,0.2353846153846154,2.0147347239933495,2.12290232113741,-19.583978637692788,-0.0767338336147147,0.014854721307663778,0.0781584542217864,2.765258501105409
1388,11.526080999999976,123.05321373139321,221.47490155496186,28.964833386004866,52.131784519860254,-19.362802124023357,0.2353846153846154,2.013297169269027,2.124369326293589,-19.581650463866684,-0.08263875007392507,0.013394293303044,0.08371720317156217,1.2526475826370262
1389,11.529603500000121,123.053208980944,221.47377833673852,28.964832267822207,52.13152013157076,-19.595619506835924,0.2353846153846154,2.0132960510863676,2.1246337145830836,-19.581184829101463,-0.06338555412058436,0.007088745324364094,0.06378070853672937,0.10734167005082275
1390,11.542165700000169,123.05460397253093,221.47392096357916,28.965160627380357,52.13155370373479,-19.642182983398435,0.2353846153846154,2.0136244106445176,2.1246001424190553,-19.58109170214842,0.009980923314322404,0.02977912846137586,0.031407249515446434,-5.521530800276079
1391,11.54564900000014,123.05620584847941,221.47435716350222,28.965537684334382,52.13165637848591,-19.651495678710937,0.2353846153846154,2.0140014675985434,2.1244974676679362,-19.639277422460932,0.04890834230719234,0.0011535430945232156,0.04892194404261162,-5.876250572672622
1392,11.558135600000242,123.05771639437083,221.47483242442047,28.965893243598057,52.13176824759436,-19.653358217773437,0.2353846153846154,2.0143570268622177,2.124385598559485,-19.650914566523436,0.053443327968444684,-0.015434432081606674,0.05562743026623171,-6.079708606041654
1393,11.561995600000046,123.05906105660051,221.47529456240395,28.966209756399813,52.13187702776585,-19.653730725585937,0.2353846153846154,2.014673539663974,2.1242768183879903,-19.653241995335936,0.062191679832623636,-0.020038874555527685,0.0653403514977976,-0.5242231122805177
1394,11.574330299999929,123.06023264085911,221.47570764328654,28.966485529309914,52.13197426065052,-19.65380522714844,0.2353846153846154,2.0149493125740747,2.1241795855033203,-19.65370748109844,0.04333370783352083,-0.015256226507692474,0.045940860699979956,-0.2228095026936681
1395,11.57768759999999,123.06122934856927,221.47607412761852,28.96672013897092,52.13206052542405,-19.65382012746094,0.2353846153846154,2.0151839222350816,2.1240933207297914,-19.65380057825094,0.04382742597876216,-0.01597869911064933,0.04664935254848176,-0.022264445396983856
1396,11.591733000000204,123.06206217417845,221.47640607462924,28.966916173306622,52.1321386606435,-19.653823107523436,0.2353846153846154,2.015379956570783,2.124015185510345,-19.653819197681443,0.029957667299368065,-0.01140153791917068,0.032053968505349126,-0.009924014461891235
1397,11.596929499999987,123.06274531039031,221.47668361094247,28.967076973061104,52.13220398842184,-19.653823703535938,0.2353846153846154,2.015540756325265,2.1239498577320006,-19.653822921567542,0.03072451477880263,-0.012235244198841113,0.03307109022995971,-0.0007050839937628388
1398,11.60713510000005,123.06329374947258,221.47691321230593,28.967206067183547,52.132258033050476,-19.65382382273844,0.2353846153846154,2.0156698504477077,2.123895813103367,-19.65382366634476,0.01799418775398955,-0.00773631058441846,0.01958676324420175,-0.0002762517825337376
1399,11.610938499999975,123.06371696153806,221.47710794174836,28.967305684792805,52.13230386936538,-19.653823846578938,0.2353846153846154,2.015769468056966,2.1238499767884633,-19.653823815300207,0.01795516093065236,-0.008220158809903696,0.019747374886441547,-2.1446032826809605
1400,11.622937399999955,123.06403448025267,221.47727106502694,28.96738042381332,52.132342266075575,-19.65382385134704,0.2353846153846154,2.015844207077482,2.123811580078268,-19.73102111071629,0.036408304103459056,0.01479900946188904,0.03930108508353217,-3.4634130704236217
1401,11.626839699999891,123.06426263312468,221.47740339858095,28.967434127489348,52.13237341535829,-19.653823852300658,0.2353846153846154,2.015897910753509,2.1237804307955557,-19.746460569799513,0.04470156204755695,0.023221765384433563,0.0503734060498321,-5.8425790159160425
1402,11.638088000000153,123.07015043611321,221.472504078405,28.968820025731265,52.131220190763024,-20.039810180616385,0.2353846153846154,2.017283808995426,2.1249336553908194,-19.826745727241153,0.05390749765584704,0.03802465123242893,0.0659688745156609,-5.253610471603017
1403,11.64152869999998,123.07094146339841,221.47196589386883,28.96900622138455,52.13109351040297,-19.731021118154526,0.2353846153846154,2.017470004648711,2.1250603357508737,-19.842802758729484,0.05189334054867546,0.03774726215252994,0.06416988852501322,-3.9974699945958596
1404,11.658603300000323,123.07618034265624,221.46747114876018,28.9702393729637,52.13003551655432,-20.055249633787156,0.2353846153846154,2.0187031562278612,2.126118329599521,-19.84601416502715,0.039240008157153096,0.03083007528801026,0.049902623001580014,5.457026654844154
1405,11.664952099999937,123.07607671713379,221.46759486848887,28.970214981109955,52.13006463827507,-19.734109008788682,0.2353846153846154,2.0186787643741155,2.1260892078787705,-19.711254834958556,-0.009540139291908046,0.026375030071434706,0.028047396830688097,8.368549475445384
1406,11.67157780000025,123.07468324178345,221.46879309578432,28.969886978450564,52.130346682546154,-19.669880883788988,0.2353846153846154,2.018350761714725,2.125807163607689,-19.68430296894484,-0.0541008566531508,0.010924840951886457,0.05519288758915216,10.334837636966276
1407,11.686039500000334,123.06726814626128,221.46386270265702,28.968141579043042,52.129186143856195,-19.366013530273424,0.2353846153846154,2.016605362307203,2.126967702297648,-19.601715330117095,-0.07202965222557976,-0.008110388301264135,0.07248482046701399,4.970737575512449
1408,11.689256999999998,123.06496233075478,221.4644153826955,28.967598825546894,52.12931623623448,-19.596261788085936,0.2353846153846154,2.0160626088110547,2.126837609919363,-19.585197802351548,-0.07909416211373173,-0.03633446878068635,0.08704068073060979,1.6689695611495678
1409,11.701915399999962,123.06402538798655,221.46620150192388,28.967378283633757,52.12973666122208,-19.642311439648438,0.2353846153846154,2.0158420668979176,2.1264171849317606,-19.659091562423438,-0.0498346759324091,-0.01638955409054109,0.05246057956766211,
1410,11.705077099999926,123.06349932795366,221.46815865184817,28.967254457195246,52.13019734420426,-19.65152136996094,0.2353846153846154,2.0157182404594067,2.125956501949581,-19.80927192576594,0.06905245225595191,0.028689573951050866,0.07477521525247074,
1411,11.718143600000076,123.06887242109974,221.46498582995423,28.96851920065886,52.12945051074308,-20.03934968414844,0.2353846153846154,2.0169829839230218,2.1267033354107667,-15.890019568148752,0.10279004331764965,0.036776124272639966,0.10917085839069395,
1412,11.721213400000124,123.07505082317044,221.46099972286942,28.969973501453968,52.12851224246003,-20.11691534698594,0.2353846153846154,2.0184372847181287,2.12764160369381,-11.961557280219065,0.10627455815582461,0.043418748737086184,0.1148018704251371,
