frame,t_s,x_px_filt,y_px_filt,x_mm_abs,y_mm_abs,angle_deg_raw,mm_per_px,x_mm,y_mm,angle_deg_unwrapped,vx_mm_s,vy_mm_s,speed_mm_s,angular_vel_dps
1225,10.158044099999643,198.9999694827311,220.5000305163412,45.46215388422318,50.37390882454237,-4.537959356197293e-69,0.22845306962807505,0.0,-0.0,-1.1254139203369287e-69,,,,
1226,10.171104600000035,198.99996948249918,220.5000305172689,45.46215388417019,50.3739088247543,-9.075918712394587e-70,0.22845306962807505,-5.298517180563067e-11,-2.1193358179516508e-10,-1.1326746553068444e-69,,,,
1227,10.175544499999887,198.9999694824412,220.50003051750082,45.46215388415695,50.37390882480729,-1.8151837424789176e-70,0.22845306962807505,-6.622968840019894e-11,-2.6491875360079575e-10,-1.1341268023008276e-69,,,,
1228,10.187374099999943,198.9999694824267,220.5000305175588,45.462153884153636,50.37390882482053,-3.630367484957835e-71,0.22845306962807505,-6.9540817548841e-11,-2.78163270195364e-10,-2.2682536046016552e-70,-1.5080782030650591e-09,-6.0319449678532704e-09,6.217608862076347e-09,2.4646903228675515e-68
1229,10.191457799999625,198.99996948242307,220.5000305175733,45.462153884152805,50.37390882482384,-7.26073496991567e-72,0.22845306962807505,-7.037215254968032e-11,-2.814743993440061e-10,-4.536507209203311e-71,-6.983430180697323e-10,-2.793348073551428e-09,2.8793187442345134e-09,2.4998187694543347e-68
1230,10.203617199999826,198.99996948242216,220.50003051757693,45.4621538841526,50.373908824824674,-1.4521469939831342e-72,0.22845306962807505,-7.057820994305075e-11,-2.823057343448454e-10,-9.07301441840662e-72,-1.0197542247273004e-10,-4.075576196592037e-10,4.201216492050462e-10,2.5088699002480927e-68
1231,10.209663399999954,198.99996948242193,220.50003051757784,45.46215388415255,50.37390882482488,-2.9042939879662686e-73,0.22845306962807505,-7.062794793455396e-11,-2.8251179173821583e-10,-1.8146028836813244e-72,-4.599501487439144e-11,-1.84007796772638e-10,1.8966921380766024e-10,9.764379748105408e-69
1232,10.221231600000465,198.99996948242188,220.50003051757807,45.462153884152535,50.37390882482494,-5.8085879759325375e-74,0.22845306962807505,-7.064215878926916e-11,-2.8256863515707664e-10,-3.6292057673626486e-73,-5.280221872755328e-12,-2.1844604133642932e-11,2.247370625377785e-11,8.784090029688416e-70
1233,10.22505369999999,198.99996948242188,220.50003051757812,45.462153884152535,50.373908824824944,-1.1617175951865076e-74,0.22845306962807505,-7.064215878926916e-11,-2.8257574058443424e-10,-7.258411534725298e-74,-1.890952774493399e-12,-8.170656392379289e-12,8.386616020642224e-12,2.820447198263489e-70
1234,10.235786100000041,198.99996948242188,220.50003051757812,45.462153884152535,50.373908824824944,-2.3234351903730154e-75,0.22845306962807505,-7.064215878926916e-11,-2.8257574058443424e-10,-1.4516823069450599e-74,-2.4568826117415786e-13,-1.3545605514852916e-12,1.3766615449408466e-12,4.198277126437604e-71
1235,10.239832500000375,198.99996948242188,220.50003051757812,45.462153884152535,50.373908824824944,-4.646870380746031e-76,0.22845306962807505,-7.064215878926916e-11,-2.8257574058443424e-10,-2.90336461389012e-75,0.00010566373907849564,-3.7180750678866016e-13,0.00010566373907849564,1.690373789776029e-71
1236,10.252613599999677,198.99996948242188,220.50003051757812,45.462153884152535,50.373908824824944,-9.293740761492063e-77,0.22845306962807505,-7.064215878926916e-11,-2.8257574058443424e-10,-5.806729227780241e-76,0.00016500402160278668,4.747222589041449e-05,0.0001716972317076878,1.712914937641744e-72
1237,10.257562200000393,198.99998092651367,220.50003051757812,45.46215649859043,50.373908824824944,-1.8587481522984125e-77,0.22845306962807505,2.614367254238914e-06,-2.8257574058443424e-10,-1.1613458455560481e-76,0.0003083244660419738,0.00018396788724693694,0.0003590378251635473,6.315976975304799e-73
1238,10.268576800000119,198.99999523162842,220.50001907348633,45.46215976663781,50.37390621038705,-3.7174963045968254e-78,0.22845306962807505,5.882414633617827e-06,2.614155320657119e-06,-2.322691691112096e-77,0.0003726733941522867,0.0002475597692417842,0.00044740507155823693,5.7652212204599545e-74
1239,10.273365300000478,199.0000102519989,220.50000476837158,45.46216319808755,50.373902942339676,-7.434992609193651e-79,0.22845306962807505,9.313864374860259e-06,5.882202692930605e-06,-4.645383382224193e-78,0.0004097326105094811,0.00039579663467056157,0.0005696804263194024,2.1338218556104475e-74
1240,10.284157400000367,199.00002545118332,220.4999897480011,45.46216667038789,50.37389951088993,-1.4869985218387303e-79,0.22845306962807505,1.2786164710121284e-05,9.313652441278464e-06,-9.290766764448386e-79,0.00030786718898707596,0.0004109899047705627,0.0005135123249524982,2.5662845520183653e-75
1241,10.288842199999635,199.00002925097942,220.49997454881668,45.46216753846297,50.37389603858959,-2.9739970436774608e-80,0.22845306962807505,1.365423979393654e-05,1.2785952776539489e-05,-1.8581533528896777e-79,0.000251175673313262,0.00037411274662895046,0.0004506102152133569,8.807447982985933e-76
1242,10.300269299999854,199.00003020092845,220.49997074902058,45.462167755481744,50.37389517051451,-5.947994087354922e-81,0.22845306962807505,1.3871258566666711e-05,1.3654027860354745e-05,-3.716306705779355e-80,0.00010809261329557739,0.00023856662308279346,0.0002619122881771584,1.0475891792408857e-76
1243,10.304365900000448,199.0000304384157,220.49996979907155,45.462167809736435,50.373894953495736,-1.1895988174709843e-81,0.22845306962807505,1.3925513258072897e-05,1.3871046633084916e-05,-7.43261341155871e-81,4.390047275191933e-05,0.0001756018903689557,0.00018100628555106242,3.594303199401982e-77
1244,10.315793499999927,199.00003049778752,220.4999695615843,45.462167823300106,50.373894899241044,-2.3791976349419686e-82,0.22845306962807505,1.3939076929148086e-05,1.3925301324491102e-05,-1.486522682311742e-81,6.855016301584455e-06,2.7420064798280035e-05,2.8263955880889436e-05,4.216131746686848e-78
1245,10.320118999999977,199.00003051263047,220.49996950221248,45.46216782669103,50.37389488567737,-4.758395269883937e-83,0.22845306962807505,1.3942467852245954e-05,1.3938864995566291e-05,-2.973045364623484e-82,3.0593609433973497e-06,1.2237443400637977e-05,1.2614067954700542e-05,1.6149796106725253e-78
1246,10.332440700000006,199.0000305163412,220.49996948736953,45.46216782753876,50.37389488228645,-9.516790539767875e-84,0.22845306962807505,1.3943315579467708e-05,1.394225591866416e-05,-5.946090729246968e-83,4.1346622929295523e-07,1.653863812166754e-06,1.7047638639883482e-06,1.6402562761572463e-79
1247,10.348362400000042,199.0000305172689,220.4999694836588,45.46216782775069,50.37389488143872,-1.9033581079535751e-84,0.22845306962807505,1.3943527513049503e-05,1.3943103645885913e-05,-1.1892181458493937e-83,1.7631384816636596e-07,7.05254163304848e-07,7.269594265941212e-07,5.999352993968706e-80
1248,10.352052000000185,199.00003051750082,220.4999694827311,45.462167827803675,50.37389488122679,-3.806716215907151e-85,0.22845306962807505,1.3943580498221309e-05,1.3943315579467708e-05,-2.378436291698788e-84,1.9675196696918137e-08,7.870086259762365e-08,8.112298773265476e-08,5.024255019751625e-81
1249,10.363467700000001,199.0000305175588,220.49996948249918,45.46216782781692,50.37389488117381,-7.613432431814302e-86,0.22845306962807505,1.3943593742737903e-05,1.3943368557534086e-05,-4.7568725833975753e-85,5.9297468317647334e-09,2.371858534503735e-08,2.4448582540888633e-08,1.1650134109102321e-81
1250,10.367914700000256,199.0000305175733,220.4999694824412,45.46216782782023,50.37389488116056,-1.5226864863628605e-86,0.22845306962807505,1.3943597053867052e-05,1.3943381809156108e-05,-9.513745166795153e-86,3.2782354439198294e-09,1.3112997548826757e-08,1.3516565108832524e-08,5.682696001668199e-82
1251,10.379415500000505,199.00003051757693,220.4999694824267,45.46216782782106,50.37389488115725,-3.0453729727257214e-87,0.22845306962807505,1.3943597885202053e-05,1.3943385120285257e-05,-1.902749033359031e-86,4.069236742205555e-10,1.6282534302240322e-09,1.6783313468077404e-09,5.261402543904597e-83
1252,10.383271900000182,199.00003051757784,220.49996948242307,45.46216782782127,50.37389488115642,-6.090745945451444e-88,0.22845306962807505,1.3943598091259446e-05,1.3943385951620257e-05,-3.805498066718062e-87,1.755652993327777e-10,7.024789301757997e-10,7.240855071541923e-10,1.9307594158497888e-83
1253,10.395335400000477,199.00003051757807,220.49996948242216,45.46216782782132,50.37389488115621,-1.2181491890902887e-88,0.22845306962807505,1.3943598140997437e-05,1.394338615767765e-05,-7.610996133436123e-88,2.6650113884054162e-11,1.0674494855777307e-10,1.1002141888121001e-10,2.1948047027726656e-84
1254,10.399502799999937,199.00003051757812,220.49996948242193,45.46216782782133,50.37389488115616,-2.4362983781805775e-89,0.22845306962807505,1.3943598155208292e-05,1.3943386207415642e-05,-1.5221992266872248e-88,1.2193119573722388e-11,4.916409942431489e-11,5.065353726190316e-11,8.72455621045515e-85
1255,10.411041299999852,199.00003051757812,220.49996948242188,45.46216782782133,50.37389488115615,-4.872596756361156e-90,0.22845306962807505,1.3943598155208292e-05,1.3943386221626497e-05,-3.04439845337445e-89,1.5066039950636036e-12,6.0495365724846255e-12,6.234320198688117e-12,8.309934262444648e-86
1256,10.415065799999866,199.00003051757812,220.49996948242188,45.46216782782133,50.37389488115615,-9.745193512722312e-91,0.22845306962807505,1.3943598155208292e-05,1.3943386221626497e-05,-6.088796906748901e-90,6.820009942430917e-13,2.6333241405139334e-12,2.72020612916779e-12,3.2676157301137235e-86
1257,10.426629100000355,199.00003051757812,220.49996948242188,45.46216782782133,50.37389488115615,-1.9490387025444625e-91,0.22845306962807505,1.3943598155208292e-05,1.3943386221626497e-05,-1.21775938134978e-90,-4.25544316818766e-05,2.463206606631122e-13,4.25544316818766e-05,3.458246432863605e-87
1258,10.430549200000314,199.00003051757812,220.49996948242188,45.46216782782133,50.37389488115615,-3.898077405088925e-92,0.22845306962807505,1.3943598155208292e-05,1.3943386221626497e-05,-2.4355187626995606e-91,-0.00020938091422255457,-0.0001334611860325424,0.0002482987221430784,1.3494597853433281e-87
1259,10.442836700000043,199.00001907348633,220.49996948242188,45.462165213383436,50.37389488115615,-7.79615481017785e-93,0.22845306962807505,1.1329160258810589e-05,1.3943386221626497e-05,-4.8710375253991206e-92,-0.0002659742123354284,-0.00018735956518208002,0.0003253396506616887,1.3924231051689545e-88
1260,10.446754599999622,199.00000476837158,220.49998092651367,45.46216194533606,50.37389749559405,-1.55923096203557e-93,0.22845306962807505,8.061112879431676e-06,1.1328948318123366e-05,-9.742075050798241e-93,-0.0004311684526963637,-0.0003506103438042175,0.0005557282139527271,5.506651195755472e-89
1261,10.45888130000003,198.9999897480011,220.49999523162842,45.462158513886315,50.37390076364142,-3.1184619240711405e-94,0.22845306962807505,4.629663138189244e-06,8.06090094584988e-06,-1.948415010159649e-93,-0.00044473541162834857,-0.0004048781795321571,0.0006014282389591549,5.368187568354648e-90
1262,10.463085200000023,198.99997454881668,220.5000102519989,45.46215504158598,50.373904195091164,-6.236923848142281e-95,0.22845306962807505,1.157362802928219e-06,4.629451204607449e-06,-3.896830020319297e-94,-0.0004120077259793238,-0.00044418516334182617,0.0006058471965765446,2.1996333501618163e-90
1263,10.47588210000049,198.99997074902058,220.50002545118332,45.462154173510896,50.3739076673915,-1.2473847696284563e-95,0.22845306962807505,2.892877191129628e-07,1.1571508693464239e-06,-7.793660040638593e-95,-0.00024620126019748865,-0.000314804044478241,0.00039964565172498725,2.106235414488841e-91
1264,10.480298999999832,198.99996979907155,220.50002925097942,45.46215395649212,50.37390853546658,-2.494769539256913e-96,0.22845306962807505,7.226894638279191e-08,2.8907578553116764e-07,-1.5587320081277192e-95,-0.00019030968856178823,-0.0002637125716050014,0.0003252108515763393,8.221537342889487e-92
1265,10.490937000000486,198.9999695615843,220.50003020092845,45.46215390223743,50.373908752485356,-4.989539078513826e-97,0.22845306962807505,1.8014254976606026e-08,7.205701280099674e-08,-3.117464016255438e-96,-2.517134591606498e-05,-0.00010068538360945298,0.00010378411789772509,8.067121671610903e-93
1266,10.494802799999889,198.99996950221248,220.5000304384157,45.46215388867376,50.37390880674005,-9.979078157027652e-98,0.22845306962807505,4.450583901416394e-09,1.780232139481086e-08,-6.234928032510877e-97,-1.1643911751968226e-05,-4.657564728435221e-05,4.800907831696011e-05,3.1995553520561927e-93
1267,10.506935399999747,198.99996948736953,220.50003049778752,45.46215388528284,50.373908820303726,-1.9958156314055304e-98,0.22845306962807505,1.0596608035484678e-09,4.238643214193871e-09,-1.2469856065021755e-97,-1.820798731292568e-06,-7.283195401584972e-06,7.507345954300035e-06,3.766828828602809e-94
1268,10.511225000000195,198.9999694836588,220.50003051263047,45.46215388443511,50.37390882369464,-3.991631262811061e-99,0.22845306962807505,2.1193358179516508e-10,8.477272217533027e-10,-2.4939712130043513e-98,-8.037901861385309e-07,-3.215160683975016e-06,3.3141117795136766e-06,-16.783585079283448
1269,10.522892099999808,198.9999694827311,220.5000305163412,45.46215388422318,50.37390882454237,-7.983262525622123e-100,0.22845306962807505,0.0,-0.0,-4.987942426008702e-99,-1.0227341346170524e-07,-4.090933381656274e-07,4.2168378013934243e-07,-17.719706159016198
1270,10.526414799999657,198.99996948249918,220.5000305172689,45.46215388417019,50.3739088247543,-1.5966525051244247e-100,0.22845306962807505,-5.298517180563067e-11,-2.1193358179516508e-10,-0.29561767578125003,0.4481958329052151,-0.4725185425303133,0.6512705103630679,-30.009207046269246
1271,10.539046400000188,198.9999694824412,220.50003051750082,45.46215388415695,50.37390882480729,-3.1933050102488494e-101,0.22845306962807505,-6.622968840019894e-11,-2.6491875360079575e-10,-0.35474121093750005,0.46770175333266223,-0.4930498218646254,0.6795903596367339,-30.883454221078846
1272,10.543625500000417,199.04488754272944,220.54738616941427,45.472415552911535,50.38472736885115,-1.47808837890625,0.22845306962807505,0.010261668688357872,-0.010818544308783373,-0.6361154785156251,0.528206120903112,-0.6305679918121933,0.8225677470321671,-31.03621520080219
1273,10.556499399999666,199.05038356781125,220.55317115783208,45.47367113671223,50.386048967212965,-0.29561767578125003,0.22845306962807505,0.011517252489049667,-0.012140142670595822,-0.6923903320312501,0.48782859716120475,-0.6226007871618232,0.7909541582056389,1.1197594002437548
1274,10.57123479999973,199.06989645957975,220.59752130508303,45.478128916734065,50.396180894490904,-1.406871337890625,0.22845306962807505,0.015975032510887388,-0.022272069948535034,-0.7036453027343751,0.45488403642691466,-0.5793767263083427,0.7366117549861764,3.038156920216365
1275,10.575051599999824,199.06652349233633,220.59685575962038,45.477358352013546,50.39602884858698,-0.281374267578125,0.22845306962807505,0.01520446779036888,-0.022120024044610886,-0.4102786210937501,-0.1100835685689974,0.057801753296160996,0.12433597529675557,30.720671067917955
1276,10.586997999999767,199.0579097121954,220.58555427193636,45.47539050749925,50.3934469890342,-0.056274853515625,0.22845306962807505,0.013236623276071668,-0.01953816449183421,-0.3516052847656251,-0.16270980160142498,0.12598797367792608,0.20578495826625637,32.51563714358755
1277,10.590652699999737,199.04856937751174,220.57238344103098,45.47325667936941,50.39043807228432,-0.011254970703125,0.22845306962807505,0.011102795146236133,-0.01652924774194986,-0.070321056953125,-0.32397511298937276,0.40972281425557117,0.5223338571813837,33.285655590565554
1278,10.602872899999966,199.0397111615166,220.5596379134804,45.471232992733896,50.387526317391355,-0.002250994140625,0.22845306962807505,0.00907910851071847,-0.013617492848986501,-0.014064211390625,-0.3104878245034888,0.4410309430659828,0.5393616429693341,17.950379090134618
1279,10.606518499999765,199.0316715647932,220.54797145957127,45.46939632218387,50.384861080184145,-0.000450198828125,0.22845306962807505,0.007242437960691461,-0.010952255641775821,-0.0028128422781250003,-0.36172825953220256,0.5214305507002661,0.6346157522058362,16.99474651009154
1280,10.618645100000322,199.02453471248737,220.53754752187524,45.46776588636712,50.38247969961987,-9.003976562500001e-05,0.22845306962807505,0.005612002143941197,-0.008570875077502649,-0.0005625684556250001,-0.264379540774882,0.3854562948318353,0.467411057641798,1.6031652339392903
1281,10.622023400000216,199.01831019179372,220.52840696103522,45.46634387550769,50.380391510437846,-1.8007953125000002e-05,0.22845306962807505,0.004189991284512473,-0.0064826858954774025,-0.00011251369112500001,-0.29224376880522274,0.42831862570061463,0.5185202653007341,0.6835128135637204
1282,10.634594899999684,199.01296606723554,220.52051421584474,45.4651229938479,50.378588388571295,-3.6015906250000006e-06,0.22845306962807505,0.002969109624721966,-0.004679564028926109,-2.2502738225000002e-05,-0.20475281732584322,0.30196418312400686,0.36483706512992736,0.06631150049774305
1283,10.637970900000255,199.00846002266826,220.5138260637268,45.46409357413462,50.37706045968981,-7.203181250000001e-07,0.22845306962807505,0.0019396899114454413,-0.0031516351474394355,-4.500547645e-06,-0.2184945730987534,0.3238270889984388,0.39064544287986935,0.02924081235977823
1284,10.650794299999689,199.00473570268855,220.5082515903946,45.46324274180298,50.375786954145504,-1.4406362500000003e-07,0.22845306962807505,0.0010888575798020383,-0.001878129603134937,-9.001095290000002e-07,-0.14295640051034741,0.2133725483936329,0.25683531076327504,0.002599230200395333
1285,10.654196299999967,199.0017103538948,220.5036994027256,45.46255159158435,50.374746992899,-2.8812725000000006e-08,0.22845306962807505,0.00039770736117361594,-0.0008381683566298648,-1.8002190580000006e-07,-0.15000148989383483,0.2253246992727836,0.27068739732898645,0.001169054033734195
1286,10.666840300000331,198.99931751156942,220.50005509970484,45.46200493940998,50.37391444068725,-5.7625450000000014e-09,0.22845306962807505,-0.00014894481319771558,-5.616144882480967e-06,-3.600438116000001e-08,-0.09383143024151609,0.14233152327368676,0.1704775639741973,0.00010266320933551965
1287,10.670026300000245,198.9974718949822,220.49722141652776,45.461583302635276,50.3732670770671,-1.1525090000000003e-09,0.22845306962807505,-0.0005705815879011311,0.000641747475270904,-7.200876232000001e-09,-0.0929783456267341,0.14220080727880172,0.16990009519193133,4.657528320301038e-05
1288,10.682876400000168,198.99611785167525,220.49510537244248,45.46127396728539,50.37278366030034,-2.3050180000000006e-10,0.22845306962807505,-0.0008799169377837757,0.0011251642420262442,-1.4401752464000006e-09,-0.05379060653688145,0.08344401954173157,0.09927907004442815,4.244507538161531e-06
1289,10.68635389999963,198.99517280398328,220.49360361361843,45.46105806823922,50.37244057888715,-4.6100360000000015e-11,0.22845306962807505,-0.0010958159839589143,0.0014682456552179701,-2.8803504928000007e-10,-0.04663702937666604,0.07295236749032756,0.0865855671086343,1.9674392360804305e-06
1290,10.705413800000315,198.99457033112276,220.4926101929554,45.460920431464864,50.37221362888725,-9.220072000000004e-12,0.22845306962807505,-0.0012334527583135468,0.0016951956551167768,-5.7607009856000025e-11,-0.02056048202188892,0.03336239706255265,0.03918906682649945,1.5951289988477455e-07
1291,10.714924800000517,198.9942594956225,220.49205284731113,45.460849420140676,50.372086301563975,-1.844014400000001e-12,0.22845306962807505,-0.0013044640825015108,0.0018225229783936925,-1.1521401971200005e-11,-0.015183817257114547,0.025508744829949838,0.029685760379295358,6.989549063348663e-08
1292,10.723992799999905,198.99418178674742,220.49184484634927,45.460831667309634,50.37203878310575,-3.688028800000002e-13,0.22845306962807505,-0.0013222169135431727,0.001870041436617953,-2.304280394240001e-12,-0.0010707669130363931,0.0038275561154797284,0.003974509730671163,3.6447021447353663e-09
1293,10.732645600000069,198.9942882445384,220.49190728702678,45.46085598791877,50.372053047870196,-7.376057600000004e-14,0.22845306962807505,-0.0012978963044076863,0.0018557766721727376,-4.608560788480003e-13,0.003154348947402317,-0.0020767440305812044,0.003776609994496754,1.2294636324135516e-09
1294,10.738911600000392,198.99452085263852,220.4921746672157,45.46090912795326,50.37211413169511,-1.4752115200000008e-14,0.22845306962807505,-0.0012447562699193782,0.0017946928472554191,-9.217121576960005e-14,0.007142206363271774,-0.008190753011704268,0.010867361530486706,2.6077302794728816e-10
1295,10.744379800000388,198.99485366286666,220.49259627910862,45.460985159471484,50.37221045022624,-2.9504230400000017e-15,0.22845306962807505,-0.001168724751693162,0.0016983743161276266,-1.843424315392001e-14,0.014498532603391488,-0.01895480500782469,0.023864033199278406,5.7687793522577196e-11
1296,10.751563099999657,198.99524585590223,220.49313655757012,45.461074757174345,50.37233387849923,-5.900846080000004e-16,0.22845306962807505,-0.0010791270488326177,0.0015749460431422335,-3.686848630784003e-15,0.016167901190506005,-0.021724609551393007,0.027080614636053626,1.5091447027061697e-11
1297,10.754458600000362,198.995687226915,220.49375227904096,45.46117558973706,50.37247454195928,-1.1801692160000009e-16,0.22845306962807505,-0.0009782944861171927,0.0014342825830908623,-7.373697261568006e-16,0.018469960374351686,-0.025322661383032824,0.03134288780169854,3.328040349717493e-12
1298,10.763981799999783,198.99615233651392,220.49439830535596,45.46128184545264,50.372622128653994,-2.3603384320000018e-17,0.22845306962807505,-0.0008720387705380972,0.0012866958883748225,-1.474739452313601e-16,0.017664248480535875,-0.024628953948390975,0.030308596915299087,6.315563926638871e-13
1299,10.769364800000403,198.99662338075933,220.49505190788196,45.46138945695644,50.37277144615738,-4.720676864000004e-18,0.22845306962807505,-0.000764427266737755,0.0011373783849890629,-2.949478904627202e-17,0.01635791197981358,-0.022922545965574102,0.028160688874443153,2.2101088488733576e-13
1300,10.779766200000267,198.9970730204828,220.49569596036892,45.461492178531486,50.37291858192503,-9.441353728000009e-19,0.22845306962807505,-0.0006617056916908837,0.0009902426173411527,-5.898957809254406e-18,0.013129844088226698,-0.018662364653261525,0.02281834043554541,1.73204633576216e-14
1301,10.796409600000516,198.99750586498396,220.49632618125435,45.461591063186454,50.373062557820845,-1.8882707456000018e-19,0.22845306962807505,-0.0005628210367234487,0.0008462667215241026,-1.1797915618508812e-18,0.012443388731784966,-0.017816774485501403,0.02173189766673695,4.935253559875614e-15
1302,10.801371000000472,198.997911622496,220.49691861196396,45.4616837597356,50.373197900435,-3.7765414912000037e-20,0.22845306962807505,-0.0004701244875775501,0.0007109241073663952,-2.3595831237017626e-19,0.011804868852491426,-0.017048533450562092,0.02073662029935102,5.534611992866359e-16
1303,10.812493000000359,198.99828772007712,220.4974672628543,45.46176968038249,50.37332324141505,-7.553082982400008e-21,0.22845306962807505,-0.0003842038406887127,0.0005855831273180456,-4.7191662474035253e-20,0.011251682432106757,-0.016294242636327866,0.01980158328630579,9.991094507027768e-17
1304,10.817195700000411,198.99863351449193,220.49795919242257,45.461848678178015,50.373435624234965,-1.5106165964800018e-21,0.22845306962807505,-0.00030520604516226513,0.0004732003074039426,-9.43833249480705e-21,0.012311639475552461,-0.01790953565136999,0.021733106860816618,4.3259146918380274e-17
1305,10.82696020000003,198.9989374008398,220.49840260938493,45.461918101947,50.37353692420114,-3.0212331929600035e-22,0.22845306962807505,-0.0002357822761780426,0.0003719003412285815,-1.88766649896141e-21,0.00951667215046528,-0.01386307792516575,0.016815230547889,5.217627490383242e-18
1306,10.832225400000425,198.9991964778955,220.49878812182865,45.461977288895646,50.373624995702286,-6.042466385920007e-23,0.22845306962807505,-0.00017659532753100393,0.0002838288400823785,-3.7753329979228206e-22,0.010131994327616125,-0.014719833653308475,0.017869829653242866,1.8261052956537895e-18
1307,10.843141100000139,198.9994214644446,220.4991248258673,45.462028687763414,50.37370191677348,-1.2084932771840015e-23,0.22845306962807505,-0.000125196459762833,0.00020690776889153994,-7.55066599584564e-23,0.007391214365611197,-0.01081412438225814,0.013098676877966236,-4.764594773488066
1308,10.847235100000034,198.99961504018341,220.49940355143752,45.46207291073515,50.373765592485576,-2.416986554368003e-24,0.22845306962807505,-8.097348802493798e-05,0.00014323205679289686,-1.5101331991691284e-23,0.007451422554581935,-0.010794058555662737,0.01311622652251814,-7.57422391144621
1309,10.859256499999901,198.9997778750361,220.49963345011525,45.46211011085709,50.3738181135442,-4.833973108736006e-25,0.22845306962807505,-4.377336608740734e-05,9.071099816537753e-05,-0.286385498046875,0.11599795224960584,-0.19290525427516952,0.22509545098262126,-7.773927895308814
1310,10.863333700000112,198.99991013648363,220.49981680979442,45.462140326390774,50.373860002625754,-9.667946217472014e-26,0.22845306962807505,-1.3557832403421344e-05,4.8821916614372185e-05,-0.34366259765625,0.16146732360128258,-0.2691105496229245,0.31383464517053217,-24.702127156881765
1311,10.87480609999966,199.02772945672834,220.54638288286853,45.468495735495644,50.384498164960064,-1.431927490234375,0.22845306962807505,0.00634185127246667,-0.010589340417695325,-0.355118017578125,0.15027209005908207,-0.2508221126996247,0.2923926012569882,-25.611846157962763
1312,10.878216699999939,199.03119383879147,220.55217647022886,45.46928718421233,50.38582172777669,-0.286385498046875,0.22845306962807505,0.007133299989149577,-0.01191290323431815,-0.643794599609375,0.46071357261770196,-0.7708076464043189,0.8979985655609546,-21.505485004620404
1313,10.89090970000052,199.02868392722718,220.5479600416295,45.46871378721097,50.38485847172029,-0.05727709960937501,0.22845306962807505,0.0065599029877958515,-0.010949647177923794,-0.701529916015625,0.45723928239712996,-0.7654354794957785,0.8916048646334175,-18.732358508741058
1314,10.894418200000473,199.05256969396498,220.58795589175503,45.47417056394264,50.39399564645386,-1.44338291015625,0.22845306962807505,0.012016679719465628,-0.020086821911490915,-0.7130769792968751,0.6747740493071688,-1.1298856926101388,1.3160401574357397,-37.76608489362907
1315,10.907071599999654,199.05201800332523,220.58703719071218,45.474044528522505,50.393785766380546,-0.28867658203125,0.22845306962807505,0.011890644299327846,-0.01987694183817723,-0.7153863919531249,0.6143180491308952,-1.0287170957958491,1.1981842632377688,-17.184618309155912
1316,10.910054400000263,199.0734521937024,220.62293651325422,45.47894123510916,50.401987076812844,-1.489662806640625,0.22845306962807505,0.016787350885984154,-0.028078252270475446,-1.00223377253125,0.8384313291409621,-1.4041820497775237,1.6354492724026901,-13.901799241689975
1317,10.922591999999895,199.06959824740022,220.61647326405574,45.47806078924625,50.40051052769368,-0.297932561328125,0.22845306962807505,0.01590690502307268,-0.026601703151314382,-0.7732177506,0.5054623459488012,-0.8465893733425355,0.9860049443225792,-9.095433197797856
1318,10.926452200000313,199.08776928230904,220.64691235287916,45.482212017949486,50.40746443097208,-1.4915140025,0.22845306962807505,0.020058133726308824,-0.03355560642970801,-0.72741454621375,0.37606196470952724,-0.6299540283933924,0.7336652364602352,-6.270299046736767
1319,10.94070180000017,199.08093661379016,220.63545626815142,45.4806510738526,50.404847253250104,-0.2983028005,0.22845306962807505,0.018497189629421484,-0.030938428707735,-0.43186840728962506,-0.001874746594089871,0.0029921132314227467,0.0035309228796033825,18.133744231325505
1320,10.944941100000506,199.0687456585745,220.61504845424489,45.477866012711885,50.40018502551876,-0.05966056010000001,0.22845306962807505,0.015712128488708288,-0.026276200976390385,-0.3727591795048,-0.09894966881704477,0.1654796602593963,0.19280704063536702,16.98884502541409
1321,10.95647579999968,199.05622221176276,220.59408498953778,45.47500499284541,50.395395857656375,-0.011932112020000003,0.22845306962807505,0.01285110862223604,-0.021487033114006238,-0.07455183590096001,-0.35691768732781515,0.5975632391016263,0.6960402720051933,14.833255785863702
1322,10.96123119999993,199.04465705440555,220.57472211408367,45.47236289714643,50.39097234932206,-0.002386422404000001,0.22845306962807505,0.010209012923255045,-0.01706352477969375,-0.014910367180192003,-0.4229256153919163,0.708103652907859,0.8247889787188507,10.787591309419895
1323,10.972199200000432,199.03436143767365,220.55748744380412,45.47001083190031,50.38703503599267,-0.0004772844808000002,0.22845306962807505,0.007856947677133519,-0.013126211450298797,-0.0029820734360384016,-0.3219822400855331,0.5391114049443709,0.6279440021782129,8.00725709455827
1324,10.976855599999908,199.02540173026802,220.54247855040416,45.46796395924053,50.383606208223725,-9.545689616000005e-05,0.22845306962807505,0.005810075017350869,-0.009697383681356087,-0.0005964146872076803,-0.3326403659615085,0.5569248750998219,0.6487024969675687,2.8405551813719447
1325,10.988356500000009,199.01773730390488,220.52965116225926,45.46621299751093,50.38067575202671,-1.909137923200001e-05,0.22845306962807505,0.004059113287752325,-0.006766927484342489,-0.00011928293744153606,-0.24344080689319705,0.40750952080294817,0.4746866714011036,0.3325314768058201
1326,10.99323639999966,199.01130078105433,220.51887977054528,45.46474255410799,50.37821499452549,-3.818275846400002e-06,0.22845306962807505,0.002588669884815431,-0.004306169983124164,-2.3856587488307212e-05,-0.24099121693520972,0.40330964220883936,0.4698248973165804,0.115178031544981
1327,11.004319200000282,199.00598376459953,220.50999566895467,45.46352786537763,50.37618539424623,-7.636551692800005e-07,0.22845306962807505,0.0013739811544510871,-0.0022765697038593657,-4.771317497661443e-06,-0.16707897336819819,0.2794930179920204,0.3256251379240536,0.012723955989580468
1328,11.009169900000416,199.00169049071042,220.50281935180897,45.462547053778906,50.37454594256567,-1.5273103385600012e-07,0.22845306962807505,0.00039316955572843426,-0.0006371180232989104,-9.542634995322886e-07,-0.144195969253881,0.2412083219129591,0.2810230099282475,0.004428628332855411
1329,11.020176600000013,198.99831690978698,220.497168613587,45.46177634886131,50.373255014073195,-3.054620677120003e-08,0.22845306962807505,-0.0003775353618706845,0.0006538104691742319,-1.9085269990645778e-07,-0.1029831220211352,0.17216613567599137,0.20061580619388864,-12.711623323740273
1330,11.035705199999938,198.9957454566948,220.49286057380692,45.461188892509,50.37227082916136,-6.109241354240006e-09,0.22845306962807505,-0.000964991714177188,0.001637995381010171,-3.817053998129156e-08,-0.08578607907397802,0.14344525276488193,0.1671400368064686,-13.63550135867079
1331,11.040210899999693,198.99386663150767,220.48972362733844,45.460759669127704,50.37155418411137,-1.2218482708480012e-09,0.22845306962807505,-0.001394215095473328,0.002354640431001087,-0.28638550568098303,0.355336596303987,-0.34289950373287553,0.49380579819718096,-14.106464843482906
1332,11.052614799999901,198.99258439469332,220.4875775437975,45.46046673819147,50.37106390473877,-2.4436965416960023e-10,0.22845306962807505,-0.001687146031706277,0.002844919803600021,-0.3436625991830716,0.3925151303737334,-0.389748077908644,0.5531470797227365,-14.15367959987741
1333,11.057481099999677,199.03525928837058,220.53217652095913,45.4702159486481,50.38125267797361,-1.431927490283249,0.22845306962807505,0.008062064424919413,-0.00734385343124444,-0.3551180178834894,0.3516264177241844,-0.35085219503221204,0.4967276924034576,-14.177440601293535
1334,11.067188900000474,199.04018307770787,220.53714645567925,45.4713408034364,50.38238807481628,-0.2863854980566498,0.22845306962807505,0.00918691921322079,-0.008479250273907724,-0.3574091016235729,0.3490105032306533,-0.3602467489415172,0.501583543877036,3.1478044732339185
1335,11.071046099999876,199.03609252235665,220.5327927784706,45.47040630350993,50.38139346389379,-0.057277099611329964,0.22845306962807505,0.008252419286755242,-0.007484639351417854,-0.35786731837158964,0.29156281906714715,-0.3050737762388635,0.4219939412017928,6.743298287682725
1336,11.08345829999962,199.03020614450517,220.5267032910532,45.46906154242077,50.38000230180082,-0.011455419922265994,0.22845306962807505,0.006907658197590649,-0.006093477258453106,-0.07157346367431792,-0.12989732432838386,0.13435596662988436,0.18688188953647686,7.410500418804336
1337,11.087744200000088,199.0243743510677,220.52078638794885,45.46772925130854,50.37865056712394,-0.002291083984453199,0.22845306962807505,0.005575367085363325,-0.004741742581572339,-0.014314692734863587,-0.21285742554608303,0.21599269951792874,0.30325093545634535,7.585804152455833
1338,11.099406100000124,199.0190711878646,220.5155077236962,45.46651772739605,50.377444640071886,-0.0004582167968906398,0.22845306962807505,0.0043638431728751925,-0.0035358155295170945,-0.0028629385469727178,-0.17949290512949267,0.1788007120448129,0.2533523191517243,7.617048605620738
1339,11.102981900000486,199.01439227816732,220.5109493796545,45.4654488161132,50.37640327238314,-9.164335937812797e-05,0.22845306962807505,0.0032949318900250546,-0.002494447840774683,-0.0005725877093945435,-0.20175241127477492,0.1973539509270653,0.2822279529063491,3.0090874423002716
1340,11.115220900000168,199.01035008370198,220.50709754388822,45.46452536437956,50.37552330867863,-1.8328671875625595e-05,0.22845306962807505,0.0023714801563841093,-0.0016144841362617512,-0.0001145175418789087,-0.15027256725224789,0.14397685997790952,0.20811338418679354,0.337428369633262
1341,11.118783599999915,199.0069248317165,220.50390298704627,45.463742855049226,50.37479350236199,-3.6657343751251192e-06,0.22845306962807505,0.0015889708260488078,-0.0008846778196200944,-2.2903508375781746e-05,-0.16028446950529388,0.15033318407886662,0.21975253673139675,0.1412447185301494
1342,11.13095340000018,199.0040772467475,220.5013190695155,45.46309231552203,50.37420319847041,-7.331468750250239e-07,0.22845306962807505,0.0009384312988558463,-0.00029437392804254614,-4.58070167515635e-06,-0.10488122337729884,0.09578819020731653,0.14204030554850236,0.013149462701308302
1343,11.134404399999767,199.0017517335619,220.49927691093356,45.46256104489632,50.37373666107371,-1.466293750050048e-07,0.22845306962807505,0.0004071606731415045,0.000172163468661779,-9.161403350312701e-07,-0.09644774543890305,0.0867229858522899,0.12970367718528228,0.005667019573903389
1344,11.15370890000031,198.999900061076,220.49771351484276,45.46213802463297,50.373379498437714,-2.932587500100096e-08,0.22845306962807505,-1.5859590206446228e-05,0.0005293261046546149,-1.83228067006254e-07,-0.05876642685478097,0.05043971495254824,0.07744454641724387,0.0005248145575898522
1345,11.163562900000215,198.9984643951518,220.49656735576147,45.46181004234563,50.37311765487731,-5.865175000200192e-09,0.22845306962807505,-0.0003438418775445484,0.0007911696650566569,-3.664561340125079e-08,-0.053832362877632906,0.04451430870633673,0.06985303839198546,0.0002238898997985559
1346,11.171378099999856,198.99739594497936,220.4957658318603,45.46156595162399,50.37293454428171,-1.1730350000400384e-09,0.22845306962807505,-0.0005879325991884343,0.0009742802606567125,-7.32912268025016e-09,-0.026431809293565988,0.01921744664680349,0.032679516492050184,1.1548812757086928e-05
1347,11.177403599999707,198.996636736489,220.4952679044983,45.461392508113875,50.372820791247406,-2.346070000080077e-10,0.22845306962807505,-0.0007613761093026028,0.0010880332949625426,-1.4658245360500322e-09,-0.024424677301279236,0.015966127059473284,0.02918016577319036,3.964649197641422e-06
1348,11.183974399999897,198.99614938797967,220.495017537648,45.46128117185094,50.37276359417193,-4.6921400001601536e-11,0.22845306962807505,-0.0008727123722351848,0.0011452303704402311,-2.9316490721000634e-10,-0.018375846800192372,0.010113858506640141,0.02097526828234808,9.90787950467436e-07
1349,11.189179400000285,198.995878777659,220.49496639002723,45.46121935009251,50.372751909340955,-9.384280000320308e-12,0.22845306962807505,-0.000934534130664133,0.0011569152014132555,-5.863298144200128e-11,-0.011573085570636393,0.002778070097136479,0.011901847885512407,2.41074160912611e-07
1350,11.196843400000034,198.9957767928034,220.4950565999482,45.4611960513392,50.37277251807432,-1.8768560000640615e-12,0.22845306962807505,-0.0009578328839765504,0.0011363064680480761,-1.1726596288400256e-11,-0.005238047788794709,-0.0021361909036630962,0.005656894573402451,4.649005945835036e-08
1351,11.200389599999653,198.9958199611403,220.4952622578972,45.46120591327827,50.372819501264054,-3.7537120001281234e-13,0.22845306962807505,-0.0009479709449067286,0.00108932327831468,-2.345319257680051e-12,0.0005550035007994615,-0.0074858068321821,0.007506352830412641,1.0814057454989404e-08
1352,11.212097399999948,198.9959680823261,220.49555399831218,45.461239752017846,50.37288615025739,-7.507424000256247e-14,0.22845306962807505,-0.0009141322053309864,0.0010226742849752668,-4.690638515360104e-13,0.004021097014343891,-0.009440364430659914,0.010261077028384216,1.8035133064612731e-09
1353,11.216498400000091,198.99619966218307,220.49590159161906,45.461292657147034,50.372965559015334,-1.5014848000512493e-14,0.22845306962807505,-0.0008612270761432228,0.0009432655270344981,-9.381277030720206e-14,0.007134107021641167,-0.012061944887441287,0.014013778843120824,5.799515362921361e-10
1354,11.228512700000465,198.99648643898325,220.4962974804243,45.46135817218733,50.37305600102812,-3.0029696001024987e-15,0.22845306962807505,-0.0007957120358454972,0.0008528235142506446,-1.8762554061440414e-14,0.008121813564470275,-0.011266587984225503,0.013888839418119421,5.09235288532265e-11
1355,11.234412599999814,198.99680990320286,220.49670544310413,45.46143206858122,50.37314920135462,-6.005939200204998e-16,0.22845306962807505,-0.0007218156419597221,0.0007596231877471382,-3.752510812288081e-15,0.008540251820336386,-0.011271430012278729,0.014141465117747052,1.8879715376815644e-11
1356,11.244256699999823,198.99714253927726,220.4971049801608,45.461508060313484,50.37324047682165,-1.2011878400409995e-16,0.22845306962807505,-0.0006458239096929219,0.0006683477207189981,-7.505021624576165e-16,0.009215143839578391,-0.011185470351995021,0.014492536802764352,1.8316743727279256e-12
1357,11.26013839999996,198.99748891240722,220.49750241081168,45.461587190318255,50.3733312710738,-2.402375680081999e-17,0.22845306962807505,-0.0005666939049220332,0.0005775534685668049,-1.5010043249152328e-16,0.009362243330146992,-0.011055736409807691,0.0144872670899666,5.827451401829875e-13
1358,11.26498950000041,198.99781583161743,220.49787642667752,45.46166187601535,50.373416716146444,-4.804751360163998e-18,0.22845306962807505,-0.0004920082078285759,0.0004921083959246175,-3.0020086498304665e-17,0.009514590477373259,-0.010837850069967483,0.014421734503561493,-11.65271298757425
1359,11.276455799999894,198.99812644325593,220.49822170066352,45.461732836197626,50.37349559504841,-9.609502720327997e-19,0.22845306962807505,-0.00042104802555087417,0.0004132294939580561,-6.004017299660932e-18,0.009170826703348567,-0.01021741046917878,0.013729513433422734,-12.762909873377218
1360,11.281529599999885,198.9984215339097,220.49854834508776,45.4618002505633,50.37357021796981,-1.9219005440655996e-19,0.22845306962807505,-0.00035363365987706175,0.0003386065725621279,-0.29561767578125003,0.3961467097568186,-0.42116790960322814,0.5781994670792303,-13.236893520353846
1361,11.292180600000393,198.99870130022546,220.49883599984616,45.46186416403692,50.37363593358236,-3.843801088131199e-20,0.22845306962807505,-0.00028972018625950113,0.000272890960012262,-0.35474121093750005,0.41533548809365384,-0.44121936538900924,0.6059522225920735,-13.279793784404626
1362,11.297170099999676,199.04106860508566,220.5438374179303,45.4715431048841,50.38391664568129,-1.47808837890625,0.22845306962807505,0.009389220660921183,-0.010007821138920292,-0.36656591796875004,0.37926456401781217,-0.40263734753561886,0.5531351038852442,-13.299206794367855
1363,11.308195399999931,199.04644192544134,220.54952594383803,45.472770656413445,50.385216206886575,-0.29561767578125003,0.22845306962807505,0.010616772190267909,-0.011307382344206474,-0.36893085937500003,0.3539671354233588,-0.37558332768804903,0.5160964725679171,3.47016872981906
1364,11.31306829999994,199.04272696695602,220.54555790807865,45.471921962743934,50.384309696936945,-0.05912353515625001,0.22845306962807505,0.009768078520757228,-0.010400872394576766,-0.36940384765625,0.31031316199676184,-0.32907108745789504,0.45230746081526246,6.451090445035481
1365,11.324619699999857,199.03700315287182,220.5394618341974,45.47061433984642,50.382917030146096,-0.011824707031250003,0.22845306962807505,0.00846045562324349,-0.009008205603727504,-0.07388076953125003,-0.10039974187252974,0.10724715719830864,0.14690834181621318,7.137835602189378
1366,11.330938600000081,199.0311318917336,220.53319996172317,45.469273032216805,50.38148648615774,-0.002364941406250001,0.22845306962807505,0.00711914799362745,-0.007577661615371767,-0.014776153906250004,-0.1698892119649249,0.1811439959114425,0.2483455085094713,7.277825643665287
1367,11.342050500000369,199.02560142386113,220.5273086269054,45.46800957985486,50.38014059263442,-0.0004729882812500002,0.22845306962807505,0.005855695631680646,-0.006231768092050061,-0.0029552307812500014,-0.15698176781606116,0.1673341151699124,0.2294427630725215,7.3073815597255845
1368,11.346920599999976,199.02056814160983,220.52194480199003,45.46685971107424,50.37891521036755,-9.459765625000005e-05,0.22845306962807505,0.004705826851065353,-0.005006385825183202,-0.0005910461562500003,-0.17009806369299368,0.1812201842173696,0.24854397284964105,2.1944816262126747
1369,11.356244100000367,199.01609403125207,220.5171706182221,45.46583758682916,50.3778245334308,-1.891953125000001e-05,0.22845306962807505,0.0036837026059828304,-0.003915708888428071,-0.00011820923125000008,-0.14089846459724786,0.15006453815679371,0.20584397717221095,0.3240808019555645
1370,11.361270800000057,199.0121602570806,220.51299016432114,45.464938904044466,50.376869495904685,-3.7839062500000024e-06,0.22845306962807505,0.00278501982128887,-0.0029606713623167025,-2.364184625000001e-05,-0.14671984021029186,0.15620548732686765,0.2143055430509388,0.11148394292307023
1371,11.372945600000094,199.0087735542604,220.5093815742834,45.46416520138927,50.37604510243353,-7.567812500000005e-07,0.22845306962807505,0.002011317166093818,-0.002136277891160887,-4.728369250000003e-06,-0.10932652863914642,0.11636842444821385,0.15966809347156918,0.014407789713752582
1372,11.377540399999816,199.0059012743073,220.50632793751618,45.46350902021715,50.375347489740534,-1.513562500000001e-07,0.22845306962807505,0.0013551359939754093,-0.0014386651981652676,-9.456738500000005e-07,-0.10629627406624242,0.11325442721519854,0.15532373664127588,0.004271309259150283
1373,11.38864620000004,199.00351236691665,220.50377925000404,45.462963266990705,50.374765234254866,-3.027125000000002e-08,0.22845306962807505,0.0008093827675281773,-0.0008564097124974523,-1.8913477000000015e-07,-0.07670954636075436,0.08188623193867775,0.11220387463892524,0.0005092330064403221
1374,11.39335570000003,199.00156473723698,220.50168867846781,45.462518325011885,50.374287636770134,-6.054250000000004e-09,0.22845306962807505,0.0003644407887080092,-0.0003788122277654793,-3.7826954000000024e-08,-0.07474982221679141,0.07986139268845807,0.10938637009967023,-11.684011015483662
1375,11.404843500000425,199.00001352927995,220.50002162640408,45.46216394679247,50.373906793608946,-1.210850000000001e-09,0.22845306962807505,1.006256929514393e-05,2.03093342321381e-06,-7.565390800000007e-09,-0.04971611519785511,0.053241045592473044,0.07284436180066509,-12.656795546198698
1376,11.409745599999951,198.99880175268132,220.49872366831977,45.46188711270881,50.37361027110033,-2.421700000000002e-10,0.22845306962807505,-0.00026677151436871327,0.0002985534420361091,-0.2863854995599532,0.37063826458729243,-0.4152817544939923,0.5566252408864408,-13.136717828972879
1377,11.421523500000148,198.99789227166642,220.49775830965808,45.46167933897919,50.37338973195078,-4.843400000000004e-11,0.22845306962807505,-0.0004745452439891551,0.0005190925915883327,-0.3436625979588656,0.4097616301233118,-0.4582230775956931,0.6147137401771514,-13.17813711971482
1378,11.426297500000146,199.04078623930332,220.54561648781493,45.47147859755436,50.38432307965752,-1.4319274902440617,0.22845306962807505,0.00932471333118201,-0.01041425511515115,-0.3551180176386481,0.3736389158651203,-0.41790898646857777,0.5605835891462185,-13.197957140376623
1379,11.437362100000428,199.04568468848794,220.55110367639708,45.472597663307006,50.38557664473274,-0.28638549804881236,0.22845306962807505,0.010443779083828986,-0.011667820190368161,-0.3574091015746046,0.3608600381416887,-0.40315411619403535,0.5410667320505067,-1.6728949123614416
1380,11.441985999999815,199.04140469262978,220.54635288443131,45.47161988511522,50.384491311725,-0.057277099609762475,0.22845306962807505,0.009466000892039972,-0.01058248718263144,-0.35786731836179586,0.3048968878167704,-0.3405381672181723,0.45708681399999296,-0.778582052699201
1381,11.453704200000175,199.03523062872387,220.53946602872503,45.47020940126383,50.38291798839881,-0.011455419921952495,0.22845306962807505,0.00805551704065266,-0.009009163856440239,-0.3671911394536092,0.06158923610119976,-0.04616402628908359,0.07696980789081215,-0.30565530708327976
1382,11.458466899999621,199.02902936738604,220.53254869712265,45.46879270407564,50.38133770276061,-0.002291083984390499,0.22845306962807505,0.006638819852462063,-0.007428878218242119,-0.3690559036719719,0.04239222879503192,-0.022775632627789595,0.04812307662448825,-0.26518711667239997
1383,11.469150300000365,199.0681284661141,220.57081646505213,45.47772501319975,50.39008009181192,-1.478546595703128,0.22845306962807505,0.015571128976574755,-0.01617126726954865,-0.36942885651564444,-0.012436287610861102,0.03322507448832493,0.03547628537903592,-0.2461014208775102
1384,11.484942099999898,199.06848475324728,220.57056437627278,45.477806408088995,50.390022501356455,-0.29570931914062565,0.22845306962807505,0.015652523865817614,-0.016113676814086375,-0.36950344708437893,-0.026987495173191205,0.0466699288594936,0.05391110419452761,4.848910976077748
1385,11.48900810000032,199.05984198298955,220.56140330109946,45.47583194069353,50.38792962561202,-0.059141863828125134,0.22845306962807505,0.01367805647035425,-0.014020801069648314,-0.36951836519812586,-0.06363677776886023,0.08015127336318001,0.10234190787034661,7.496495897804397
1386,11.500986300000477,199.0497162025345,220.550838953937,45.473518675066195,50.38551616807413,-0.011828372765625027,0.22845306962807505,0.011364790843018113,-0.011607343531764514,-0.07390367303962518,-0.26484157439571376,0.27900890219232233,0.38469082005029087,2.6718880445365603
1387,11.50558860000001,199.04003220004768,220.540782095662,45.47130633497179,50.3832186479304,-0.0023656745531250058,0.22845306962807505,0.009152450748615593,-0.00930982338802977,-0.014780734607925033,-0.3435033830214369,0.3584314637907611,0.49645512222391225,0.16072253004457115
1388,11.517335999999887,199.0312940607541,220.53173330467723,45.46931008022734,50.3811514238535,-0.0004731349106250012,0.22845306962807505,0.00715619600416062,-0.007242599311133802,-0.298573822702835,-0.099884583073864,0.10038336372262671,0.14161126243385025,-0.028630889872543114
1389,11.521854800000256,199.02361636186822,220.52380628149157,45.46755608634918,50.379340471073725,-9.462698212500025e-05,0.22845306962807505,0.005402202125999622,-0.0054316465313561935,-0.355332440321817,-0.06254282098620188,0.05975282444856639,0.08649858083514023,-5.071311327466542
1390,11.533798499999648,199.06191147572096,220.56435077081235,45.47630472266059,50.388602984115565,-1.478107304302675,0.22845306962807505,0.014150838437416269,-0.014694159573195975,-0.36668416384561336,-0.005503124353518525,0.0005153667513310145,0.005527203681669979,-12.867190909291274
1391,11.538050000000112,199.0617921084322,220.5643817600859,45.47627745283706,50.38861006371023,-0.295621460860535,0.22845306962807505,0.014123568613882753,-0.014701239167862923,-0.36895450855037265,-0.06355284965443213,0.061261836696387864,0.08827217757942617,1.60632191400558
1392,11.548381900000095,199.0529503159264,220.5551999016914,45.4742575181981,50.386512439975114,-0.059124292172107,0.22845306962807505,0.012103633974923866,-0.01260361543274513,-0.6389581380381995,0.09124102624049225,-0.1842444745818219,0.20559900603687217,4.967141477111811
1393,11.553393700000015,199.04285488855191,220.5446761350908,45.47195118682519,50.38410825319116,-0.0118248584344214,0.22845306962807505,0.00979730260200995,-0.010199428648789421,-0.3973411881545149,-0.1017824107591698,-0.005356452099502019,0.10192325896988687,5.561067822320071
1394,11.564781199999743,199.06208625021415,220.5858875091145,45.47634465043005,50.39352311809047,-1.3501127744212593,0.22845306962807505,0.014190766206873207,-0.01961429354810207,-0.349017798177778,-0.1395197354924057,0.04338355441181428,0.14610916940860935,5.701241520917238
1395,11.569567600000482,199.05721238896956,220.58339585799152,45.475231201867786,50.39295389274298,-0.27002255488425186,0.22845306962807505,0.0130773176446084,-0.01904506820061158,-0.3393531201824306,-0.1971715300894224,0.13203234057552887,0.23729549350052234,22.22673387504348
1396,11.581151899999895,199.04731930207637,220.57112285976154,45.47297109579894,50.3901500886238,-0.05400451097685038,0.22845306962807505,0.010817211575762542,-0.016241264081429563,-0.3374201845833611,-0.1444366557826529,0.09007454525463002,0.17022153576003524,13.597951537695161
1397,11.58593000000019,199.03720137703277,220.5576061543935,45.470659624764465,50.38706215579121,-0.010800902195370075,0.22845306962807505,0.008505740541288276,-0.013153331248844324,-0.06748403691667224,-0.2904104007173268,0.3516957835673715,0.45610100309456214,13.157401455638716
1398,11.596587400000317,199.02803432252966,220.54501448415502,45.46856538302378,50.38418555007348,-0.0021601804390740153,0.22845306962807505,0.006411498800602544,-0.010276725531113584,-0.013496807383334445,-0.2725991222712474,0.3688126678471745,0.45862082969224666,12.793757192654736
1399,11.601878200000101,199.02006628937266,220.53386714642937,45.466745061390164,50.38163890655188,-0.00043203608781480307,0.22845306962807505,0.0045911771669864265,-0.007730082009508976,-0.002699361476666889,-0.28610072569928224,0.39665658797079656,0.48907062273897645,12.778073957119437
1400,11.61262330000045,199.0133135388959,220.52424818919525,45.46520237481531,50.37944142624512,-8.640721756296062e-05,0.22845306962807505,0.003048490592135522,-0.0055326017027539365,-0.000539872295333378,-0.20843119936463306,0.29567390030241947,0.3617549172970901,1.4807609919902438
1401,11.617506700000376,199.00770002779038,220.51609851580469,45.46391995097187,50.377579608342586,-1.7281443512592127e-05,0.22845306962807505,0.0017660667486936177,-0.0036707838002172366,-0.0001079744590666756,-0.20513230993422657,0.2962769831894522,0.3603599802236571,0.46836860082557563
1402,11.628456700000243,199.00312663658627,220.50932324345314,45.46287514571268,50.376031776576305,-3.4562887025184254e-06,0.22845306962807505,0.0007212614895024672,-0.0021229520339360874,-2.159489181333512e-05,-0.1475227788573363,0.2174639854335343,0.2627804316200637,0.0602696135647673
1403,11.633073900000454,198.99948847677354,220.50380709870507,45.46204399693566,50.3747715963761,-6.912577405036851e-07,0.22845306962807505,-0.00010988728751470944,-0.0008627718337308465,-4.318978362667025e-06,-0.13842602141825378,0.20836245726306427,0.2501533069987066,0.02010318172988479
1404,11.644532999999683,198.99667921758206,220.49942971046727,45.461402213049986,50.37377156859622,-1.3825154810073703e-07,0.22845306962807505,-0.0007516711731909709,0.0001372559461501055,-8.637956725334049e-07,-0.09203878661226772,0.1426022566467465,0.16972490047663338,0.002417296472359762
1405,11.649393900000177,198.99459216767676,220.49604654504844,45.46092542009266,50.372998674071226,-2.765030962014741e-08,0.22845306962807505,-0.001228464130520024,0.0009101504711424013,-1.7275913450668103e-07,-0.08259638111354979,0.13230047587081387,0.155966592861095,-13.109462569485846
1406,11.660354700000426,198.9931205455813,220.4935299162914,45.46058922350761,50.37242374250657,-5.530061924029482e-09,0.22845306962807505,-0.0015646607155659353,0.0014850820357992234,-3.4551826901336204e-08,-0.048704441905712575,0.08231139616600278,0.09564145858435863,-14.152512739025822
1407,11.664864399999715,198.9921689913758,220.49175634992247,45.46037183802845,50.37201856582539,-1.1060123848058964e-09,0.22845306962807505,-0.0017820461947266608,0.0018902587169762342,-0.29561768269161537,0.3578890706709263,-0.34818380366396595,0.49931608029344143,-14.609990780876132
1408,11.676209199999903,198.9916450005295,220.49061486873063,45.460252130711154,50.3717577909432,-2.212024769611793e-10,0.22845306962807505,-0.001901753512022708,0.0021510335991692386,-0.354741212319573,0.40164736373425947,-0.4040573957262107,0.5697218477781313,-14.654640324167707
1409,11.681379399999969,199.03638628675347,220.53735327162602,45.47047341488813,50.382435322554166,-1.4780883789504904,0.22845306962807505,0.008319530664955721,-0.008526498011796946,-0.36656591824516455,0.37341749154589454,-0.37637182721158113,0.5301852273602241,-14.673109931892677
1410,11.691979500000343,199.04198689151258,220.54293817142212,45.47175289023713,50.38371121005615,-0.29561767579009807,0.22845306962807505,0.009599006013949918,-0.009802385513779655,-0.36893085943028286,0.35913524139182185,-0.3686095904642606,0.514636912581863,3.769089603272227
1411,11.697102000000086,199.0381342045676,220.5386581268399,45.47087273207823,50.38273342073319,-0.059123535158019616,0.22845306962807505,0.008718847855050171,-0.008824596190819989,-0.3694038476673065,0.34448008712941003,-0.3553718567379797,0.4949299819066179,5.553413020509046
1412,11.708187100000032,199.03233018200126,220.53241538620216,45.469546785306754,50.38130724747161,-0.011824707031603925,0.22845306962807505,0.00739290108357693,-0.007398422929242088,-0.07388076953346132,-0.10016804915989057,0.10945214513759265,0.14836916845395776,6.48397049225295
1413,11.724117800000386,199.0264846451097,220.5261969556814,45.46821135446025,50.37988662793087,-0.002364941406320785,0.22845306962807505,0.006057470237074369,-0.005977803388503844,-0.014776153906692265,-0.1444264596660204,0.15450952710584523,0.21149987285606708,6.572042891917101
1414,11.729114599999775,199.02109793740047,220.52053391909612,45.46698074454889,50.37859288983955,-0.000472988281264157,0.22845306962807505,0.004826860325714222,-0.004684065297183793,-0.002955230781338453,-0.14812055876035143,0.15569727999764654,0.2148984479379604,6.609384949854211
1415,11.739996600000268,199.0163065888423,220.5155361592174,45.46588614626312,50.37745113625399,-9.45976562528314e-05,0.22845306962807505,0.0037322620399393713,-0.0035423117116195613,-0.0005910461562676906,-0.13882803337941474,0.14497735057114036,0.2007278132960732,1.279182828945905
1416,11.745006799999828,199.01213328783558,220.51121970264614,45.464932742837654,50.37646502850038,-1.8919531250566283e-05,0.22845306962807505,0.002778858614476576,-0.002556203958008041,-0.00011820923125353813,-0.15018210859529368,0.1556929427350796,0.21632142325631404,0.537934604422467
1417,11.756163500000184,199.0085608182968,220.50755422375724,45.46411660120536,50.37562763859655,-3.7839062501132567e-06,0.22845306962807505,0.0019627169821845314,-0.001718814054179063,-2.364184625070763e-05,-0.11105375511131803,0.11403821490868203,0.15917804805903152,0.06486215970790019
1418,11.761054800000238,199.00555054392967,220.504497808869,45.46342889478577,50.374929391233266,-7.567812500226514e-07,0.22845306962807505,0.0012750105625940478,-0.0010205666908973399,-4.728369250141525e-06,-0.11294120412381949,0.11480981233991856,0.16104970847060102,-13.640027925271838
1419,11.77229780000016,199.00305847338475,220.5020056472856,45.46285957362006,50.37436004926954,-1.513562500045303e-07,0.22845306962807505,0.0007056893968808708,-0.0004512247271719616,-9.456738500283052e-07,-0.0812198969015502,0.08157801930928664,0.11511578904357467,-19.807910557213788
1420,11.776490400000512,199.0010392765493,220.50000931587414,45.46239828190482,50.37390398123059,-3.027125000090606e-08,0.22845306962807505,0.0002443976816408622,4.843311778301995e-06,-0.28638568718164503,0.3353549697151896,-0.3836608856510402,0.5095671014608539,-22.744463490370077
1421,11.787968499999806,198.99944728861976,220.49846882066777,45.4620345873755,50.37355205037195,-6.054250000181212e-09,0.22845306962807505,-0.00011929684767864046,0.0003567741704202376,-0.6392803112644541,0.5630146325379614,-0.624483774879397,0.8408123818899654,-22.995184340355323
1422,11.792778199999702,199.0417586422233,220.5458627801181,45.47170074598635,50.38437934589021,-1.4319274914452251,0.22845306962807505,0.009546861763169545,-0.0104705213478411,-0.7098592360810159,0.5811857137588147,-0.6417417581761102,0.865799814081932,-23.11492763661071
1423,11.804073199999948,199.0910861754484,220.5983377958596,45.482969772368804,50.39636742431513,-1.764473877195295,0.22845306962807505,0.02081588814562707,-0.022458599772761545,-0.7239750210443281,0.5568361169669035,-0.6135047162422628,0.8285254962946393,-4.009385553895868
1424,11.808791200000087,199.0919167464988,220.59907404247076,45.483159518874814,50.396535622113454,-0.352894775439059,0.22845306962807505,0.02100563465163674,-0.022626797571085433,-0.7267981780369905,0.43027508033422196,-0.4766562813924992,0.6421353870855792,18.284875032804617
1425,11.819291400000111,199.08126394614618,220.58758513049074,45.48072585393412,50.39391094490493,-0.0705789550878118,0.22845306962807505,0.01857196971094055,-0.020002120362562437,-0.44097731138864815,-0.01915659533393471,0.024725603720730426,0.031278277192689614,17.419433732622366
1426,11.823661500000526,199.0685528334604,220.5739096798395,45.47782196122266,50.3907867462251,-0.01411579101756236,0.22845306962807505,0.01566807699948214,-0.01687792168273461,-0.08819546227772963,-0.33188349722561405,0.35878561988367685,0.4887471501359557,15.688817971307818
1427,11.835505900000499,199.05624267003503,220.56064889823136,45.47500966660051,50.387757279961065,-0.002823158203512472,0.22845306962807505,0.012855782377336311,-0.013848455418695949,-0.31325676823679593,-0.1985813072662625,0.21778743610909881,0.29473022057901116,15.648867539527627
1428,11.840051299999686,199.04498260354393,220.54853319623754,45.47243726984641,50.38498941064987,-0.0005646316407024944,0.22845306962807505,0.010283385623232277,-0.01108058610750362,-0.3582690294286092,-0.18568671573996406,0.2050512296868896,0.27663254182832464,-2.7027463187137677
1429,11.85133070000029,199.07987586939186,220.58510082835625,45.48040874353872,50.39334339845642,-1.4782013052343905,0.22845306962807505,0.018254859315540273,-0.019434573914054454,-0.3672714816669719,-0.09795519695654786,0.11038150018318857,0.14757810201207813,-19.822835570207662
1430,11.85579609999968,199.07660577765068,220.5814596858488,45.47966168104248,50.39251156827365,-0.29564026104687813,0.22845306962807505,0.017507796819302257,-0.018602743731278792,-0.6554574701615195,0.27667191960245197,-0.3120325980894091,0.4170272093843906,-2.8598513201522753
1431,11.867621100000179,199.06491636750837,220.56895653523173,45.47699119941333,50.389655185135155,-0.05912805220937563,0.22845306962807505,0.014837315190149525,-0.01574636059278589,-0.713094667860429,0.3668062353571557,-0.410190540190513,0.5502754706132865,0.02040786983492182
1432,11.871937699999762,199.09582275032437,220.60403112599545,45.48405185743874,50.39766808306107,-1.44375310067625,0.22845306962807505,0.02189797321556597,-0.023759258518701643,-0.42900443161896085,0.08562762967708998,-0.1112578679474952,0.14039374681352135,0.6642412003131787
1433,11.884568200000103,199.0894502249346,220.59749902295394,45.482596034452165,50.39617580407011,-0.28875062013525005,0.22845306962807505,0.020442150228987543,-0.022266979527742592,-0.3721863843706672,0.051129051632675684,-0.07480760050995101,0.09061102038335755,19.309058006502028
1434,11.889261899999838,199.07508548714185,220.58200720202754,45.47931436600901,50.39263665002535,-0.057750124027050015,0.22845306962807505,0.017160481785829518,-0.018727825482983462,-0.36082277492100845,-0.06896056359140156,0.05642505247389955,0.08910300711831254,23.327528029468706
1435,11.899324400000296,199.06011887544759,220.56577462765532,45.475895197625526,50.38892826858205,-0.011550024805410003,0.22845306962807505,0.013741313402348965,-0.015019444039680252,-0.0721645549842017,-0.438839741090637,0.4741998680133384,0.6461004822660055,10.344310534989527
1436,11.903118000000177,199.04639797447714,220.55086748503882,45.47276061568076,50.385522686091925,-0.002310004961082001,0.22845306962807505,0.010606731457585283,-0.011613861549555793,-0.014432910996840341,-0.5715884647346915,0.6202300820574084,0.8434445611341039,9.597192454550983
1437,11.915985300000102,199.03436179220327,220.53776798820306,45.47001091289369,50.382530065829215,-0.0004620009922164002,0.22845306962807505,0.00785702867051441,-0.00862124128684627,-0.0028865821993680684,-0.46229749688720984,0.502704427756161,0.6829573319862882,9.120089574624219
1438,11.91901229999985,199.0240399719766,220.5265280261035,45.46765286137876,50.379962261985064,-9.240019844328005e-05,0.22845306962807505,0.005498977155582452,-0.006053437442695042,-0.0005773164398736137,-0.4141047199141164,0.4505610323454559,0.6119542163620999,3.3838973600088567
1439,11.932014900000468,199.01534837190042,220.51705757415283,45.465667238661375,50.37779870816617,-1.848003968865601e-05,0.22845306962807505,0.00351335443819778,-0.003889883623799051,-0.00011546328797472275,-0.3073480000740947,0.3348569503759042,0.45452389416244826,0.3410794404904691
1440,11.948598199999651,199.00817440376613,220.50923112937807,45.46402832361969,50.3760107328331,-3.696007937731202e-06,0.22845306962807505,0.0018744393965093309,-0.002101908290732979,-2.3092657594944554e-05,-0.2847481636867059,0.31037892002999584,0.4212084884257885,0.16168305165451063
1441,11.953127400000085,199.00237547960364,220.50290287511797,45.46270354159422,50.37456502372199,-7.392015875462405e-07,0.22845306962807505,0.0005496573710459529,-0.0006561991796232292,-4.61853151898891e-06,-0.17419004414894576,0.19034091849082138,0.2580151870191776,0.009147312727891783
1442,11.963478399999985,198.99781295559427,220.49791047219747,45.46166121897903,50.37342449394999,-1.478403175092481e-07,0.22845306962807505,-0.0004926652441454848,0.0004843305923785124,-9.237063037977822e-07,-0.1527016171137969,0.16702735078839331,0.2263093453230724,0.002045606645380837
1443,11.966988000000129,198.99433772986538,220.49409889490482,45.46086729299362,50.372553727417355,-2.9568063501849625e-08,0.22845306962807505,-0.0012865912295580983,0.0013550971250140265,-1.8474126075955646e-07,-0.15744908582286016,0.17264369833821944,0.23365800051004565,0.0009334043459956707
1444,11.97980490000009,198.9917980860308,220.49130350180238,45.46028710356384,50.371915111282284,-5.913612700369925e-09,0.22845306962807505,-0.0018667806593342107,0.001993713260084462,-3.694825215191129e-08,-0.10279950685909757,0.11306928991458345,0.15281493033163274,0.0001177180687626779
1445,11.98305739999978,198.99005309816786,220.4893686916127,45.459888455730095,50.3714730979553,-1.182722540073985e-09,0.22845306962807505,-0.002265428493082311,0.002435726587066256,-7.3896504303822584e-09,-0.088315102978978,0.09749924979726887,0.131550982988413,4.6383548746736805e-05
1446,11.995840200000202,198.9889759820615,220.4881754553739,45.459642385249246,50.37120049947376,-2.36544508014797e-10,0.22845306962807505,-0.0025114989739307703,0.0027083250686104066,-1.4779300860764516e-09,-0.04338482789045935,0.04834409279540308,0.06495686722199065,4.276312158551662e-06
1447,12.000049999999646,198.98845493301536,220.48757959992747,45.45952334999523,50.37106437446797,-4.73089016029594e-11,0.22845306962807505,-0.0026305342279471233,0.002844450074398708,-2.9558601721529033e-10,-0.03180363007884141,0.03595036424188101,0.04799895389813931,1.9720661010706234e-06
1448,12.012389700000313,198.98837044712104,220.48745352424945,45.45950404893333,50.37103557209232,-9.461780320591882e-12,0.22845306962807505,-0.0026498352898443045,0.0028732524500512113,-5.911720344305808e-11,-0.004758238729614765,0.006081617581334091,0.0077218461661443276,1.546779074467554e-07
1449,12.017179499999656,198.98863542794237,220.48770810762485,45.45956458461536,50.37109373244591,-1.8923560641183764e-12,0.22845306962807505,-0.0025892996078198394,0.002815092096462024,-1.1823440688611616e-11,0.006780766212533292,-0.00646211384700451,0.009366840758798055,6.22738994127765e-08
1450,12.026428600000145,198.9891479927278,220.48825240532418,45.45968168161397,50.371218078926105,-3.784712128236753e-13,0.22845306962807505,-0.0024722026092049987,0.002690745616263257,-2.3646881377223228e-12,0.015491162889420772,-0.016203028936461576,0.022416830159109884,-4.628976169543678
1451,12.030590299999858,198.98984833851398,220.48900646070604,45.459841677758625,50.371390345192765,-7.569424256473507e-14,0.22845306962807505,-0.0023122064645519913,0.0025184793496038083,-4.729376275444647e-13,0.024548253455048817,-0.025999462605234447,0.035757360129829226,-7.0516091271090255
1452,12.042963900000359,198.99067573819295,220.48989306415112,45.460030699755094,50.371592892471334,-1.5138848512947014e-14,0.22845306962807505,-0.002123184468082684,0.002315932071034865,-0.2863854980469696,0.20985808998683553,-0.22212376693313224,0.30558040802624636,-12.73804263422318
1453,12.047692400000415,198.9915806777123,220.4908585809792,45.46023743596612,50.371813467754485,-3.0277697025894027e-15,0.22845306962807505,-0.0019164482570559471,0.002095356787883418,-0.34366259765626894,0.2616075118633573,-0.2769309917975888,0.38095835006117507,-15.073643286477765
1454,12.058492600000136,199.0359811069281,220.53779185471745,45.47038085031327,50.38253551820769,-1.4319274902343757,0.22845306962807505,0.008226966090091992,-0.008626693665320317,-0.6507356933593789,0.42234597490874737,-0.43574302616069227,0.606834497510893,-15.2908229887673
1455,12.063751599999705,199.04222891931016,220.5444096641188,45.47180818223042,50.38404737707964,-0.28638549804687513,0.22845306962807505,0.00965429800724138,-0.010138552537270584,-0.7121503125000007,0.4225449225128837,-0.4321336716430638,0.604387062824093,-11.297969942384542
1456,12.075062900000376,199.08392530233732,220.5857751150043,45.48133384892536,50.393497441310984,-1.535365478515625,0.22845306962807505,0.019179964702182417,-0.019588616768615452,-0.7244332363281252,0.37703786652115434,-0.3850179065755184,0.5388843486079535,-8.914597583669083
1457,12.078737900000306,199.08418704457847,220.5857481305577,45.481393644743804,50.39349127663132,-0.307073095703125,0.22845306962807505,0.019239760520626703,-0.019582452088954483,-0.7361219988281251,0.5314790215753737,-0.5513047759226097,0.7657720981661551,9.956715657199936
1458,12.090646800000286,199.074605110754,220.57589946550075,45.47920462254863,50.39124131886732,-0.06141461914062501,0.22845306962807505,0.017050738325451675,-0.017332494324953984,-0.7384597513281251,0.4553516089300512,-0.4722910887083682,0.6560517969097578,13.308629743621875
1459,12.095123899999635,199.10814407554005,220.61164912174627,45.48686670200615,50.39940843757476,-1.490371302734375,0.22845306962807505,0.02471281778296941,-0.025499613032394564,-0.44330962604687507,0.12007033805819822,-0.1333854408828505,0.17946743972353985,14.128417975619863
1460,12.10674040000049,199.10258991292798,220.6061784242354,45.485597836508205,50.398158639935396,-0.298074260546875,0.22845306962807505,0.023443952285028047,-0.024249815393027063,-0.3842796009906251,0.07793641638742102,-0.0935275801110717,0.12174355523290095,14.89314708223177
1461,12.110658700000386,199.0882809926363,220.59144405063893,45.48232891974451,50.394792527058236,-0.059614852109375005,0.22845306962807505,0.020175035521333484,-0.020883702515867242,-0.37247359597937507,0.014058339003774928,-0.027204596114664414,0.030622327561879967,15.00340638345634
1462,12.128687999999784,199.0729392361962,220.57558394356795,45.47882404839228,50.39116923691324,-0.011922970421875002,0.22845306962807505,0.016670164169106272,-0.017260412370873723,-0.36088021724275,-0.11392802403821872,0.09147804973530568,0.14610896017913483,1.8327216077633415
1463,12.1352195999998,199.05855234444942,220.56070125322597,45.475537318810325,50.387769240620294,-0.0023845940843750003,0.22845306962807505,0.013383434587147747,-0.013860416077925208,-0.35856154149542496,-0.14713984391639384,0.12296313213170967,0.19175522295724054,0.8201386468003584
1464,12.141753400000198,199.089196344169,220.59590193684164,45.48253803461195,50.3958109448453,-1.43240440905125,0.22845306962807505,0.020384150388771616,-0.021902120302932815,-0.35809780634596,-0.048665404371469684,0.023509954650631174,0.05404664235929365,0.21793310214066464
1465,12.14672580000024,199.08320454258524,220.59013377888814,45.48116918914753,50.39449319145472,-0.28648088181025,0.22845306962807505,0.019015304924351994,-0.020584366912352436,-0.358005059316067,-0.052702278026566685,0.029233610118277256,0.06026718899813543,3.8443154939089053
1466,12.155931799999962,199.06942708169123,220.57555392201695,45.47802168591461,50.39116237839776,-0.057296176362050005,0.22845306962807505,0.01586780169143509,-0.01725355385539018,-0.35798650991008835,-0.08570862670993583,0.0685798111554579,0.10976866215191562,6.334994892692462
1467,12.171185600000172,199.0550993851689,220.56022454007456,45.47474847966338,50.38766033403752,-0.011459235272410002,0.22845306962807505,0.01259459544020558,-0.013751509495151026,-0.07159730198201768,-0.34641107789402076,0.36472725321433763,0.503017498825809,6.5246120952601165
1468,12.175657499999943,199.0420188648469,220.54618406470615,45.4717601946435,50.38445274434057,-0.0022918470544820006,0.22845306962807505,0.009606310420323894,-0.01054391979820224,-0.01431946039640354,-0.4040152013541051,0.43328392556085343,0.5924215079439819,6.636837471898111
1469,12.186898799999653,199.03060054140704,220.53388488336404,45.46915164360365,50.38164295860905,-0.00045836941089640016,0.22845306962807505,0.006997759380475088,-0.007734134066680554,-0.002863892079280708,-0.36218936456690964,0.38966942656192405,0.5319994340245867,6.642972213544096
1470,12.190850500000124,199.02085661728535,220.52337142836055,45.46692561422783,50.37924112754111,-9.167388217928004e-05,0.22845306962807505,0.004771730004655694,-0.005332302998738214,-0.0005727784158561416,-0.39132520582509156,0.4220715345494827,0.575569107050583,-10.646448790622271
1471,12.204868300000271,199.01271003444828,220.51455181094755,45.465064502371725,50.37722625887017,-1.833477643585601e-05,0.22845306962807505,0.002910618148547428,-0.0033174343277977414,-0.00011455568317122833,-0.28043989374656725,0.3034592969499497,0.4131998050700698,-14.276188277820529
1472,12.209098899999844,199.00603853156127,220.50730006211188,45.46354037705815,50.37556957458848,-3.666955287171202e-06,0.22845306962807505,0.0013864928349747174,-0.001660750046113435,-0.2864084091835093,0.2856962562816133,-0.29355516573247814,0.4096303042763706,-15.143063038942557
1473,12.219820899999831,199.00069710237273,220.50147024868227,45.46232011116383,50.37423773581513,-7.333910574342404e-07,0.22845306962807505,0.00016622694064949428,-0.0003289112727600241,-0.34366717988357687,0.40628683699323126,-0.42300505865950344,0.5865170701399017,-15.295512978775863
1474,12.223275100000137,199.0399882709545,220.54282514273697,45.47129629923561,50.38368538830607,-1.4319276369125866,0.22845306962807505,0.009142415012433958,-0.009776563763701063,-0.35511893402359035,0.3490304342877324,-0.3616531422443945,0.5026084354189922,-15.328777478750418
1475,12.235827000000427,199.04216640977964,220.5449927847077,45.47179390173629,50.38418059276813,-0.2863855273825173,0.22845306962807505,0.009640017513113719,-0.010271768225763367,-0.35740928485159307,0.3915531096480048,-0.4084225544206598,0.5657939736640178,3.0877172277871336
1476,12.239254799999799,199.03587882168318,220.53823336463395,45.47035748293509,50.382636382503385,-0.05727710547650347,0.22845306962807505,0.00820359871191556,-0.00872755796101643,-0.35786735501719363,0.32911220079551773,-0.3422422605311891,0.4748100731934481,7.167496304555244
1477,12.250983200000519,199.0282987764657,220.53013481820926,45.46862579833724,50.380786244713136,-0.011455421095300695,0.22845306962807505,0.006471914114065669,-0.006877420170766868,-0.07157347100343875,-0.21373208012293762,0.22946069707584948,0.31358190887902415,8.017425658299553
1478,12.254785600000105,199.02120814748557,220.5225597970816,45.467005922381134,50.37905570788403,-0.002291084219060139,0.22845306962807505,0.004852038157956429,-0.0051468833416592474,-0.014314694200687747,-0.2767306877201591,0.29603414839995484,0.4052358455824937,8.158916702831778
1479,12.267042200000105,199.01500662671515,220.5159396318876,45.465589165924776,50.37754331082401,-0.00045821684381202785,0.22845306962807505,0.0034352817015985693,-0.0036344862816406476,-0.0028629388401375496,-0.2088351525722719,0.22287460322462857,0.3054262754126103,8.192964458518798
1480,12.271404899999652,199.00974836078035,220.51033637891916,45.464387898931044,50.37626323048347,-9.164336876240557e-05,0.22845306962807505,0.0022340147078665495,-0.0023544059410980367,-0.00057258776802751,-0.2227396709646435,0.23773742199349512,0.3257791319859988,3.3158404839390196
1481,12.28391879999981,199.00538966587868,220.50569688769855,45.46339214170119,50.37520332447261,-1.8328673752481115e-05,0.22845306962807505,0.0012382574780147593,-0.0012944999302391125,-0.000114517553605502,-0.148264868827316,0.15815782237382614,0.21678645738701474,0.3044308574148393
1482,12.287629299999935,199.00186240060054,220.5019277619637,45.462586327121,50.37434225612867,-3.665734750496223e-06,0.22845306962807505,0.0004324428978250694,-0.00043343158630193557,-2.2903510721100404e-05,-0.15681237978775966,0.1671885774193655,0.22922072959095943,0.11780143658256718
1483,12.29952460000004,198.99906942095092,220.49894843219016,45.46194826234664,50.37366161909647,-7.331469500992447e-07,0.22845306962807505,-0.0002056218765389417,0.0002472054459019546,-4.580702144220081e-06,-0.1071517801675393,0.11426903113683938,0.1566490200097806,0.01281548991495372
1484,12.302612700000282,198.9969292204721,220.496670091446,45.46145932697764,50.373141125159805,-1.4662939001984894e-07,0.22845306962807505,-0.0006945572455379079,0.0007676993825640466,-9.16140428844016e-07,-0.10280892533118469,0.10965926351330924,0.1503157649817028,0.005501305286730273
1485,12.315928600000007,198.9953527579989,220.49499042935565,45.46109917928648,50.37275740119933,-2.932587800396979e-08,0.22845306962807505,-0.0010547049366991246,0.0011514233430389709,-1.8322808576880326e-07,-0.06219841338298123,0.06628579375566557,0.09089801472627909,0.0005637373474919985
1486,12.320241200000055,198.994260552781,220.49382664786626,45.460849661651785,50.3724915317457,-5.865175600793958e-09,0.22845306962807505,-0.0013042225713917333,0.0014172927966669135,-3.6645617153760656e-08,-0.05635078193806119,0.06005980743553572,0.08235648786965453,-17.264362862633106
1487,12.331325600000127,198.99357551417182,220.49308938291384,45.460693162478705,50.37232310130419,-1.1730351201587917e-09,0.22845306962807505,-0.0014607217444719822,0.001585723238179071,-7.32912343075213e-09,-0.02499328039339287,0.02663991511541995,0.036528744054231274,-22.499130172441575
1488,12.334643199999846,198.99322114905078,220.49271051711517,45.46061220667903,50.372236548249504,-2.346070240317583e-10,0.22845306962807505,-0.0015416775441465802,0.0016722762928651491,-0.2863854995126997,0.519181757926038,-0.5797440515574686,0.7782370224291826,-42.174602625868616
1489,12.347773800000141,198.9931325577705,220.4926272447573,45.460591967729115,50.37221752442374,-4.692140480635167e-11,0.22845306962807505,-0.001561916494061677,0.0016913001186296128,-0.63004809599629,0.7142782446233504,-0.7776792808017112,1.055925411442722,-48.21677836095929
1490,12.351477400000476,199.03680395243092,220.54131248135533,45.47056883189422,50.38333981617013,-1.4319274902437593,0.22845306962807505,0.008414947671042228,-0.00943099162775951,-0.994398291074258,1.2695810249851593,-1.3571106623025035,1.8583824495344083,-67.39550912363086
1491,12.363674600000195,199.0857962945042,220.59086019431345,45.48176128282913,50.39465914328846,-1.718312988283127,0.22845306962807505,0.01960739860595595,-0.02075031874608868,-1.3628860058711019,1.4503644567196146,-1.535362537208857,2.1120831370900155,-51.60240985855898
1492,12.367525900000146,199.13236521132137,220.6394447849065,45.49240009482527,50.40575844214606,-1.8217509765628754,0.22845306962807505,0.03024621060209398,-0.031849617603690206,-1.7322012246117204,1.5555796879195738,-1.6296351538923761,2.252895670081015,-46.68511560859384
1493,12.37881970000035,199.17584490390456,220.68221532220318,45.502333164062385,50.41552950268113,-1.8424385742188252,0.22845306962807505,0.04017927983920799,-0.04162067813876291,-1.8152964460942194,1.4070789676348108,-1.3986725322044342,1.9839748167513138,-27.29241294945708
1494,12.395117500000197,199.21326512001912,220.71573891966213,45.5108819272999,50.423188071425606,-1.846576093750015,0.22845306962807505,0.048728043076721406,-0.049279246883237704,-1.8411476681250942,1.3155677980308245,-1.2823515971649369,1.8371565665362157,-21.26676843624601
1495,12.3987745000004,199.24450127756336,220.74532572112648,45.518017923374266,50.42994726704061,-1.847403597656253,0.22845306962807505,0.05586403915108917,-0.056038442498241636,-1.8463179125312688,1.0182892823637677,-0.8764144792211089,1.343508616260173,-1.5810235427706114
1496,12.411289900000156,199.26970533648068,220.764303842391,45.52377586800102,50.434282877099264,-1.8475690984375006,0.22845306962807505,0.06162198377784023,-0.06037405255689521,-1.8473519614125038,0.8878514144983414,-0.7563484778082505,1.166337495800235,4.56107910005033
1497,12.414850099999967,199.2895904881729,220.7775856651876,45.528318691945124,50.437317150287406,-1.84760219859375,0.22845306962807505,0.06616480772194677,-0.06340832574503708,-1.838326593454376,0.8513627280189823,-0.7698054102987434,1.147788684551795,20.34443963551936
1498,12.427586099999644,199.30226364987527,220.79235021268363,45.531213914637924,50.44069015648454,-1.847608818625,0.22845306962807505,0.06906003041474662,-0.06678133194217395,-1.5409038440815004,0.3019746070489866,-0.24725080924755985,0.3902840324378684,27.016013423370744
1499,12.432178099999874,199.30913982604304,220.8031481305635,45.532784798190754,50.44315697396979,-1.8014492539593752,0.22845306962807505,0.0706309139675767,-0.0692481494274233,-1.185801618425675,-0.25840436488317375,0.28127607564570556,0.3819542466334483,42.89330778726762
1500,12.443655600000056,199.26916804366897,220.76474043229908,45.52365312180889,50.434382617403934,-0.36028985079187503,0.22845306962807505,0.061499237585714184,-0.060473792861564846,-0.8191634975132602,-0.7058837642038682,0.6410429850984614,0.9535239888490318,49.05557482414836
1501,12.448307900000145,199.22147825969654,220.7179795416685,45.51275824427049,50.42369994840084,-0.072057970158375,0.22845306962807505,0.05060436004731628,-0.04979112385846918,-0.4502181975495271,-1.1591063957491672,1.9369588213121065,2.2572853413171785,47.540887775627425
1502,12.459108900000501,199.1760246247386,220.6732273378097,45.5023742218386,50.41347617005667,-0.014411594031675003,0.22845306962807505,0.04022033761542332,-0.039567345514299745,-0.09004363950990539,-1.718912747005377,2.57585018095872,3.0967184545196615,32.33390931811825
1503,12.463673999999628,199.13528423235653,220.54904032444267,45.49306695414106,50.38510526564503,-0.0028823188063350005,0.22845306962807505,0.030913069917879454,-0.011196441102661936,-0.018008727901981086,-2.9498255265961375,5.594723192678841,6.324744915018843,26.085677672453176
1504,12.474792799999705,199.01570506077468,220.41971171074934,45.465748725329604,50.355559746856045,-0.0005764637612670001,0.22845306962807505,0.003594841106426827,0.018349077686323767,-0.0036017455803962167,-2.902166114748816,6.850234441103619,7.439642468269456,10.234379623114615
1505,12.478892000000087,198.89099596734212,220.13515177412287,45.437258550124405,50.29055115584056,-0.00011529275225340003,0.22845306962807505,-0.024895334098772537,0.08335766870180805,-0.0007203491160792432,-3.7271221908664933,14.066824812273904,14.552216330334504,3.570455922769135
1506,12.491060199999993,198.77895474134726,219.67848322551313,45.41166238812099,50.18622382410807,-2.3058550450680007e-05,0.22845306962807505,-0.050491496102189615,0.1876850004342998,-0.00014406982321584868,-3.3025314484467954,16.39289428941579,16.722251557488928,0.41494852321551723
1507,12.495362399999976,198.68317252322743,218.98114805857554,45.38978064637572,50.02691546466157,-4.6117100901360015e-06,0.22845306962807505,-0.07237323784745797,0.3469933598807984,-2.881396464316974e-05,-2.5300756363324965,25.753350958092142,25.87733309860637,0.15599409586782267
1508,12.507216099999823,198.68753965180295,218.05522353808138,45.39077833030426,49.81538516571077,-9.223420180272003e-07,0.22845306962807505,-0.07137555391891937,0.5585236588315965,-5.762792928633947e-06,-1.0438880283268113,25.61924140779856,25.64049984939343,0.015421772659571582
1509,12.512020299999676,198.71709289024565,217.01512576977424,45.397529858343944,49.577771637827695,-1.8446840360544008e-07,0.22845306962807505,-0.06462402587923322,0.7961371867146738,-1.1525585857267894e-06,-0.41314681184537205,31.807974000163323,31.810657023758626,0.005954688381047383
1510,12.52873499999987,198.75226745473915,215.90387833575411,45.40556559557532,49.32390375040948,-3.689368072108802e-08,0.22845306962807505,-0.05658828864785903,1.0500050741328906,-2.305117171453579e-07,0.8708952171116255,36.039115266046885,36.0496364425302,9.380637413078333
1511,12.53640869999981,198.78754272428048,214.5764944862823,45.41362433918399,49.02065883542291,-7.378736144217604e-09,0.22845306962807505,-0.04852954503918738,1.3532499891194618,-4.6102343429071585e-08,1.1216835322331575,45.915078374847454,45.9287774289156,25.224056360731893
1512,12.542156000000432,198.82110366813066,213.11270196019362,45.42129143982618,48.68625093953932,-1.475747228843521e-09,0.22845306962807505,-0.04086244439699982,1.6876578850030484,0.26954949410594736,1.0621145262478016,44.908334520399706,44.92089265211668,27.19930123014998
1513,12.547462900000028,198.85218753812643,211.55108656182574,45.42839264534263,48.32949510820371,-2.951494457687042e-10,0.22845306962807505,-0.03376123888054394,2.04441371633866,0.6899570141471173,1.6956040381786028,62.160486798728364,62.18360870928263,46.72573694017747
1514,12.555975600000238,198.8934553623148,209.8956756931908,45.43782040645534,47.95131141376838,1.3477475165730504,0.22845306962807505,-0.024333477767839895,2.4225974107739887,0.7740385181553513,1.5954681211925679,62.08174698358903,62.102244943803015,56.85096232616025
1515,12.55990170000041,198.9561519265162,208.15221405879575,45.452143629002286,47.553012251612046,2.1020375633121686,0.22845306962807505,-0.01001025522089094,2.820896572930323,1.1573524309565097,2.273702849694344,69.34503731538992,69.38230267814357,67.63134739446947
1516,12.570462399999997,198.9815535455939,206.34364128325362,45.4579467068541,47.13983824939368,0.42040751266243376,0.22845306962807505,-0.004207177369075055,3.2340705751486922,1.6920000233922297,2.3868394164290287,62.95044375134877,62.99567739846556,59.72874268938211
1517,12.574903100000483,199.07340276017777,204.50670576148724,45.47892994186872,46.7201846907373,1.9165695625300454,0.22845306962807505,0.016776057645543574,3.6537241338050706,2.1396320374543247,3.5268153324799636,78.82782364144686,78.90668036634455,104.03098136431214
1518,12.58712319999995,199.1752377444878,202.62105739129953,45.50219445662987,46.289402532328744,2.6732379618834505,0.22845306962807505,0.040040572406695674,4.084506292213625,2.6248435217486774,3.237331331490564,65.63378026482648,65.71357109457206,95.3098926854782
1519,12.590584200000194,199.27836754159068,200.74532935026627,45.52575477534815,45.86088670356724,3.585907586883526,0.22845306962807505,0.06360089112497036,4.51302212097513,3.4256786958048138,4.357053657189101,80.03767341155763,80.15617931081037,111.84377677954751
1520,12.60262640000019,199.39437521059298,198.8751712963068,45.55225708343212,45.43364335545053,4.528094984783932,0.22845306962807505,0.09010319920894005,4.940265469091841,4.076280110193678,3.817001638161422,67.76044382275283,67.8678660970136,96.85844734302475
1521,12.60640179999973,199.49597844620294,197.03842630796342,45.57546865449136,45.0140333247395,4.424583382943115,0.22845306962807505,0.11331477026818249,5.359875499802868,4.579524210515298,3.705008784608076,65.78701071871757,65.89125791331261,87.82092168132554
1522,12.618826900000386,199.60611131076948,195.2373401890514,45.60062884546852,44.60256967220953,5.169576634474366,0.22845306962807505,0.1384749612453433,5.7713391523328355,4.901029658997591,3.5869380722975537,64.47875270720263,64.5784459042728,49.50457023349572
1523,12.634812999999667,199.70014614434277,193.46103029872768,45.622111391850304,44.19676622515437,5.189458463491553,0.22845306962807505,0.15995750762712646,6.177142599387999,4.813400054113972,3.301745177418777,63.58293698150249,63.66860605047299,38.71995144968647
1524,12.638219800000115,199.79285727583178,191.71222336447684,45.643291534427654,43.7972459128379,5.19343482929499,0.22845306962807505,0.18113765020447659,6.576662911704467,4.949013247517131,3.2669585354656108,64.75936025787038,64.84171311032038,12.076967930306632
1525,12.650749399999768,199.83535268565717,190.0120287720274,45.65299974124737,43.40883123922777,4.089946960365834,0.22845306962807505,0.19084585702419332,6.965077585314596,4.95031252193995,3.206591823341997,63.8462109918391,63.92668370200319,6.902680802565862
1526,12.653972199999771,199.9196307129182,188.3611462310928,45.67225331527735,43.03168205515587,5.102649349958909,0.22845306962807505,0.21009943105417506,7.3422267693864995,4.950572453118459,4.718133329306521,80.1606836612202,80.29941461273133,20.94662622043418
1527,12.666820600000392,200.01654021607135,186.7554820228611,45.69439258874882,42.6648631379934,5.176073006588462,0.22845306962807505,0.232238704525642,7.7090456865489685,4.950624439354161,4.118314368130399,62.47434709288254,62.60993976931067,12.17811556415764
1528,12.670232299999952,200.14947501983815,185.15819271030512,45.72476195272975,42.29995749145587,5.190758119384099,0.22845306962807505,0.26260806850657303,8.073951333086498,5.17149146501927,6.337056708490763,76.21503778682776,76.47803784469245,16.207738718521654
1529,12.682763699999668,200.32598875007673,183.57623793587706,45.76508705623426,41.938555067224996,5.193694760473499,0.22845306962807505,0.3029331720110804,8.435353757317372,5.120915572056588,5.948988997152525,58.70947528421695,59.010108949537816,17.767371590198856
1530,12.686342199999672,200.51189803590785,182.01448184725052,45.80755860325474,41.581767094767926,5.194282088691379,0.22845306962807505,0.34540471903156345,8.792141729774443,5.193386681916201,8.290100795269321,74.79511596037686,75.25314041767258,30.016967379217103
1531,12.698663899999701,200.72946452972892,180.4235232633263,45.85726233661638,41.2183077226193,4.849769885145503,0.22845306962807505,0.39510845239320247,9.155601101923068,5.290467116046326,7.243515134856657,59.04384680852429,59.486505675299014,20.542533448716693
1532,12.701973799999905,200.9240233895123,178.84461601480618,45.90170990535724,40.85760151503686,5.538428555886522,0.22845306962807505,0.43955602113405945,9.516307309505507,5.493205193839149,9.462728767047155,72.4717633824299,73.08693264515627,36.97915841730322
1533,12.71486509999977,201.1310378908351,177.2532835203031,45.94900300364195,40.49405672186874,5.676160290034726,0.22845306962807505,0.4868491194187712,9.879852102673631,5.717074800364509,8.022276581509246,58.48965097168429,59.037244111998326,35.51489250551243
1534,12.718665899999905,201.36918143926152,175.65646434321053,46.00340762829209,40.12925847922096,6.207385149437609,0.22845306962807505,0.5412537440689107,10.24465034532141,6.01409664647427,10.36385645288869,72.97029573037247,73.70260225768217,35.68628701573154
1535,12.731050600000344,201.6221453659189,174.0413705718866,46.06119801384214,39.76028534942482,6.313630121318186,0.22845306962807505,0.5990441296189601,10.61362347511755,6.174236794504814,8.680987274948965,56.73406559964214,57.394370277339256,21.346836857575624
1536,12.734716900000421,201.87477462272972,172.40602974624312,46.11891194303843,39.38668671791846,6.334879115694301,0.22845306962807505,0.6567580588152495,10.98722210662391,6.206264824110924,11.678029487854142,69.25537113310773,70.2330606160922,7.0158710313330985
1537,12.74788770000032,202.16386119718635,170.80348421268383,46.18495465836131,39.020580271558075,6.339129296039252,0.22845306962807505,0.7228007741381361,11.353328552984294,6.068692845193279,10.074034399654977,55.784500063120475,56.68682930256128,-16.75557570949391
1538,12.751771299999746,202.48096774070285,169.25980049653032,46.257398621626805,38.667920988067934,5.8363004380652725,0.22845306962807505,0.7952447374036282,11.705987836474435,5.857856534736899,13.351381249884735,68.78443644549276,70.0682387277132,-83.33312516383947
1539,12.76366969999981,202.8087757181347,167.76894106041186,46.33228736031968,38.32732957350269,5.519525254849382,0.22845306962807505,0.8701334760965054,12.046579251039681,5.373472170594841,11.251117618352119,53.26388330601802,54.43922218859394,-102.65644981667896
1540,12.767143000000033,203.12885637460204,166.32776001485882,46.405410768818214,37.9980873397563,5.259448569036283,0.22845306962807505,0.9432568845950371,12.375821484786066,4.262164603186352,14.00659815343402,64.47820326628491,65.98199366706143,-161.72091291296394
1541,12.780069100000219,203.42536442324035,164.95295745976938,46.47314894269907,37.6840094759136,3.9129572949840146,0.22845306962807505,1.010995058475892,12.68989934862877,3.126208173933169,11.238453104234708,51.093641377172005,52.31503624537735,-176.3729043679644
1542,12.783658899999864,203.72064850937454,163.63508995087983,46.54060749858874,37.382938598144676,0.7825914589968029,0.22845306962807505,1.0784536143655643,12.990970226397692,2.0285638546352667,13.35435785120574,59.28333238457394,60.76884376255594,-255.87972465324714
1543,12.795486699999856,203.9698387936034,162.39850713737815,46.59753578394232,37.10043745855089,0.1565182917993606,0.22845306962807505,1.1353818997191425,13.273471365991476,0.5199416680217799,10.078737459184607,44.79288010384259,45.91277661793489,-214.1857299944223
1544,12.799295300000267,204.25114194937743,161.23863053800665,46.661800353374964,36.8354600890347,0.03130365835987212,0.22845306962807505,1.1996464691517872,13.538448735507671,-1.1491549769425191,11.733266743209338,53.17683521734549,54.45590282237563,-281.3236541427268
1545,12.8113886000001,204.49861083524473,160.05604511619111,46.71833537998879,36.565294819323526,-2.2836623640311506,0.22845306962807505,1.2561814957656097,13.808614005218843,-2.497404237576004,8.684486116879002,40.578476448865665,41.49738606256314,-254.48739533234806
1546,12.8153798000003,204.73469146613542,158.89918507665521,46.772268724795495,36.3010065921615,-4.43252592983748,0.22845306962807505,1.310114840572318,14.07290223238087,-4.1879586307183265,9.673613740637597,48.46978564374353,49.42569092236849,-329.7280879025665
1547,12.827406399999745,204.9214620205866,157.80016324304074,46.81493703127601,36.049931680684,-5.9586548441706215,0.22845306962807505,1.3527831470528326,14.323977143858372,-6.25155779059679,6.848178109089536,38.72203566512391,39.32293973579469,-273.804530247922
1548,12.831295900000441,205.08760808937518,156.7217578822934,46.85289361069739,35.80356666571789,-8.296253673912249,0.22845306962807505,1.3907397264742158,14.57034215882448,-8.210902378431857,6.0875102084731285,36.14441490981034,36.65346518012703,-265.38420206380636
1549,12.842911300000196,205.22724336145512,155.66244554357138,46.88479371723241,35.56156351024195,-10.28669214103245,0.22845306962807505,1.4226398330092351,14.812345314300416,-10.053410944436372,3.877276141184976,28.274683587013783,28.5392887476326,-210.78745659700834
1550,12.867600000000493,205.3214325749829,154.6409798856487,46.90631153218869,35.328206545169856,-12.08038530320649,0.22845306962807505,1.4441576479655112,15.045702279372513,-11.76645245255915,3.793614482335204,30.325266874620308,30.561631531342154,-202.1423844805169
1551,12.8759742000002,205.41167604535707,153.65606406320904,46.926927930009555,35.103199502208255,-13.645068759860049,0.22845306962807505,1.4647740457863776,15.270709322334113,-13.027495812777456,2.3392370384417682,25.021444786684192,25.13055369734426,-120.96504686659526
1552,12.882874200000515,205.50619736216936,152.71585393694482,46.948521614980606,34.8884056127678,-14.523862384784511,0.22845306962807505,1.4863677307574292,15.48550321177457,-13.913185930133618,2.1663215767791155,30.312153756882914,30.38946551940211,-100.63938947475766
1553,12.888305100000252,205.56531582003453,151.8405044693436,46.962027408151584,34.688429339897,-14.601470475003778,0.22845306962807505,1.4998735239284073,15.68547948464537,-14.44468430516735,2.070552924465893,36.296858472868294,36.35586781267152,-83.59378197405596
1554,12.892155600000478,205.5970326903602,151.0434772525898,46.96927322453648,34.50634602565247,-14.715142727813257,0.22845306962807505,1.5071193403133023,15.8675627988899,-14.664155366892846,1.5900037593750456,34.06751331903412,34.10459757418923,-51.31875015210863
1555,12.896528500000386,205.60454992063694,150.28977708902636,46.9709905588683,34.334160909707215,-14.737877178375152,0.22845306962807505,1.5088366746451243,16.039747914835154,-14.594878192519197,0.8760145652989508,34.133973968654644,34.14521314051809,-5.554618740974629
1556,12.906483300000218,205.60712731780572,149.6046784641511,46.97157937316316,34.17764802585649,-14.742424068487532,0.22845306962807505,1.509425488939982,16.196260798685877,-14.487481497878841,0.29113803778643454,28.93243847221653,28.933903250436867,24.66757985250773
1557,12.910915800000112,205.59858206138503,148.99424822931903,46.96962718310309,34.038193364915315,-14.177476512916257,0.22845306962807505,1.5074732988799155,16.335715459627053,-14.04219356520077,-0.20954653709589321,24.376494324048608,24.37739496504052,74.17178351664697
1558,12.92290630000025,205.57561750020955,148.42665501387273,46.96438085860989,33.90852495254654,-14.064487001802004,0.22845306962807505,1.5022269743867156,16.465383871995826,-13.40375487514953,-0.3894636330704349,18.148955310569697,18.153133635450946,86.81600400930245
1559,12.927304099999674,205.56365077397817,147.95485787578264,46.96164702326894,33.80074144810812,-12.488703064422902,0.22845306962807505,1.4994931390457609,16.57316737643425,-12.565873045342407,-0.7029389536943571,18.779490369232857,18.792641690319392,141.7738909952708
1560,12.9386798000005,205.5384117779672,147.54466081904332,46.9558810971559,33.70703067134362,-11.545683728118956,0.22845306962807505,1.4937272129327255,16.666878153198752,-11.666470507505982,-0.7247433538855548,13.662291868468067,13.681501088265495,141.27681432867792
1561,12.942918700000519,205.51042691910118,147.19443852019052,46.94948787024485,33.627021312118494,-10.553014919451916,0.22845306962807505,1.4873339860216745,16.746887512423875,-10.455934482360572,-0.8686772927513029,14.582464847830916,14.608315483900466,194.51386113156758
1562,12.954787499999838,205.48188147953115,146.88917054313356,46.94296657695119,33.557281905700684,-9.680463823734133,0.22845306962807505,1.4808126927280156,16.816626918841685,-9.293096076159614,-0.7504566067455305,10.418169236787794,10.445163252192833,174.1124910745388
1563,12.95845559999998,205.46330102784177,146.64166137967987,46.938721815727675,33.50073767754861,-8.011806876074951,0.22845306962807505,1.4765679315044977,16.873171146993762,-8.121392652731922,-0.4242924087826969,11.21649430392229,11.224516404641752,234.46983711658385
1564,12.97111920000043,205.46160849060303,146.43728225776175,46.93833515040003,33.454046639778525,-6.674511033418115,0.22845306962807505,1.4761812661768516,16.919862184763844,-7.000460171171385,-0.10372918387236561,8.030686476874598,8.031356363245461,201.09348318551633
1565,12.974268799999663,205.47710408798278,146.26867954271194,46.941875167187156,33.41552883197777,-5.687166610980498,0.22845306962807505,1.479721282963979,16.958379992564602,-5.800934319390528,-0.2993992377306264,8.365673350613676,8.371029238553735,249.6073097842746
1566,12.986527400000341,205.4821796169664,146.1106002140471,46.94303468736344,33.37941512409954,-4.948352511649225,0.22845306962807505,1.4808808031402663,16.99449370044283,-4.34588632676873,-0.026942260447210736,5.647041926923602,5.647106197853112,203.58038343358453
1567,12.990360800000417,205.45654343939785,145.9838992905723,46.93717802390438,33.350469909207014,-3.6828345648298453,0.22845306962807505,1.475024139681203,17.023438915335355,-3.040446796603746,0.19604875018575338,5.602676601275592,5.606105618959601,240.34553437055337
1568,13.003032599999642,205.46791851365805,145.88283853113916,46.93977669453637,33.32738226849556,-0.7365669129659691,0.22845306962807505,1.4776228103131928,17.046526556046807,-1.9089060097113744,0.031028117409003506,3.2026410490468775,3.2027913502303003,182.85565001393525
1569,13.006662200000392,205.4851475056118,145.82778437033363,46.9437127106348,33.31480497646374,-0.14731338259319382,0.22845306962807505,1.4815588264116215,17.059103848078628,-0.9204140144422749,0.16264959642858112,3.341363939065923,3.3453202932616963,199.01332620436818
1570,13.018632999999681,205.50080729266273,145.81577177617714,46.94729023705631,33.3120606624545,-0.029462676518638764,0.22845306962807505,1.4851363528331305,17.06184816208787,0.1976682575973849,0.6407567273429531,2.1106109763974663,2.205730690117159,147.12867153043157
1571,13.022454099999777,205.5133968610075,145.75489585542124,46.95016636258996,33.298153371491374,-0.005892535303727753,0.22845306962807505,1.4880124783667839,17.075755453050995,0.9599184018856881,1.1856178756606206,2.833684860855839,3.0717193292567564,195.966051787215
1572,13.034578800000418,205.55918493912884,145.68075124657014,46.960626789589156,33.28121480800297,1.9075767953684537,0.22845306962807505,1.498472905365979,17.092694016539397,1.9434770580626848,1.0989100160490795,2.4477736506903747,2.683132324054681,161.13894180245688
1573,13.038051700000324,205.60371682804393,145.5980938480195,46.97080023630814,33.2623314715766,3.0746838084755463,0.22845306962807505,1.5086463520849662,17.111577352965767,3.101629753043201,1.1544247232965514,3.390620792352172,3.581760153791595,190.60520306547957
1574,13.050739899999826,205.63986658494068,145.51280471200488,46.97905875923752,33.24284690664814,4.770479898291789,0.22845306962807505,1.5169048750143403,17.13106191789423,4.347690986619383,1.0301301507977734,3.054607608625569,3.22363083653446,165.2792510638987
1575,13.054924900000515,205.65042608837385,145.42224567263014,46.98147111021057,33.22215841612041,5.761300798383944,0.22845306962807505,1.5193172259873933,17.15175040842196,5.355154843136866,0.944195280036402,3.0934912793260185,3.234376759456008,157.10882293291075
1576,13.067350799999986,205.6575634923083,145.31566349945638,46.98310167204857,33.197809391491234,6.22441363257718,0.22845306962807505,1.520947787825392,17.176099433051135,6.260440300902764,0.9253197362451722,3.3057399900517215,3.432802571676966,113.57481881587115
1577,13.083511599999838,205.68819839871185,145.2030842708602,46.99010031045423,33.17209032114207,6.944896077955866,0.22845306962807505,1.527946426231054,17.201818503400297,6.911205110351451,1.0264350409535845,3.2884327024929343,3.4449032689064536,100.25741299466227
1578,13.087565800000448,205.73850925543968,145.08775837240256,47.00159398010933,33.14574376563181,7.601111097305041,0.22845306962807505,1.5394400958861496,17.228165058910555,7.380733606298806,1.4929664540152467,2.9117005847915016,3.272147479605715,62.674785785918495
1579,13.099592999999913,205.79939248109625,145.01146824910649,47.01550293989943,33.12831505278252,8.024303945535227,0.22845306962807505,1.5533490556762501,17.24559377175985,7.761024956123044,1.6775481981725258,2.6915329190187816,3.1715165790759556,51.333408250679
1580,13.104077599999982,205.85649866348695,144.95140298146606,47.02854902256132,33.11459295801203,8.108943278120718,0.22845306962807505,1.5663951383381445,17.259315866530336,7.997896901014649,2.055322720518766,2.3398564890129934,3.1143666891772512,45.18925571607238
1581,13.114597300000241,205.90503881992447,144.91186197583528,47.0396381702997,33.1055596938995,8.125870381698363,0.22845306962807505,1.5774842860765261,17.268349130642868,8.167767246413867,1.6690705639785999,0.9411879082943637,1.9161501053569268,22.13195927865666
1582,13.11815579999984,205.9412064518073,144.91446222857797,47.047900776824505,33.106153729620374,8.12925580241389,0.22845306962807505,1.5857468926013283,17.267755094921995,8.201741468081602,2.04576863889235,0.19458379158735495,2.05500174594183,15.885474850559438
1583,13.131064199999855,205.9922710648561,144.942417894791,47.05956664442488,33.112540287380234,8.450462824301137,0.22845306962807505,1.5974127602017063,17.261368537162134,8.20853615982726,1.599691179856023,-0.6078963452001759,1.7113006274225713,5.326057889696522
1584,13.134576999999808,206.03901472666325,144.97753638898095,47.07024537745038,33.12056321517865,8.1941750538739,0.22845306962807505,1.6080914932271995,17.25334560936372,8.20989509817639,1.771850480520174,-1.342569169499328,2.2230488299202262,-1.4724408679515224
1585,13.146996800000124,206.07591197634355,145.0293229095011,47.078674667400676,33.13239400475683,8.142916736849,0.22845306962807505,1.6165207831774993,17.241514819785536,8.210166885846215,1.3602865517655014,-1.4444075717932596,1.984110061556006,-3.521194767910333
1586,13.150586200000362,206.10599886810934,145.073546242512,47.08554811018014,33.14249696093236,8.132665073444018,0.22845306962807505,1.6233942259569645,17.231411863610006,8.146115255831353,1.2785290697639853,-1.7167222299547589,2.1405073690722025,-3.7023437558417034
1587,13.1689808000001,206.1272649452988,145.1279866277667,47.09040641079302,33.15493403405553,8.130614740763022,0.22845306962807505,1.6282525265698453,17.21897479048684,8.13330477724049,0.7335276784324374,-1.6138100025670896,1.7726944405091565,-3.7949203972068255
1588,13.175734399999783,206.14189695531883,145.18286411909986,47.09374913839692,33.16747096540408,8.130204674226823,0.22845306962807505,1.631595254173746,17.20643785913829,8.130742681522317,0.6568623059051661,-1.7493731575308233,1.8686290517939654,-3.8033028403546894
1589,13.182472100000268,206.1511854509879,145.23504708446245,47.09587112374475,33.17939232402346,8.130122660919584,0.22845306962807505,1.633717239521573,17.19451650051891,8.130230414966574,0.28282027905056584,-1.4203687808106653,1.4482523204689906,2.148490007633783
1590,13.187587399999757,206.157799109329,145.2715532139867,47.09738203429425,33.18773226137351,8.130106258258136,0.22845306962807505,1.6352281500710717,17.186176563168857,8.130127961655425,0.1943884494390957,-1.8673282193861356,1.8774188526248297,6.399626189187631
1591,13.195858899999621,206.1594181916389,145.31390194485408,47.097751918617924,33.19740695893502,8.1301037406653,0.22845306962807505,1.6355980343947465,17.17650186560735,8.228677112106476,0.14932043172533455,-1.7011862966151825,1.7077269708949145,6.7582964826790715
1592,13.199935700000424,206.15624096148395,145.36584807532483,47.09702607063611,33.209274211896364,8.130102474207279,0.22845306962807505,1.6348721864129345,17.164634612646005,8.312493082333406,0.1901986632517304,-2.166865284151017,2.1751967017172524,6.993061682120186
1593,13.211791100000482,206.17023242054677,145.41907203470035,47.10022246240759,33.22143338879346,8.622950426482081,0.22845306962807505,1.6380685781844093,17.15247543574891,8.329256428966682,0.10243191518091854,-1.9753879081422605,1.9780418814783185,5.687467834680305
1594,13.214845100000275,206.17717495694333,145.4738514132161,47.101808506158385,33.2339479059677,8.54920251205423,0.22845306962807505,1.6396546219352075,17.139960918574666,8.332609098293338,-0.07243983613024868,-2.2474930221284746,2.2486601375874393,-7.427524899653699
1595,13.227826600000299,206.16902289572997,145.51209383474935,47.0999461427504,33.24268450455698,8.213922991424518,0.22845306962807505,1.6377922585272202,17.131224319985385,8.24760626179734,-0.10174399307721116,-1.738235964390883,1.7412111038094142,-13.985946279486878
1596,13.231576899999709,206.1554034595282,145.5536292326131,47.096834740743496,33.252173393697184,8.146867087298576,0.22845306962807505,1.634680856520319,17.121735430845185,8.046362683023531,-0.341362170189727,-1.78095023629631,1.8133703084038084,-17.992963288711803
1597,13.249246200000016,206.13030060243088,145.58183153300678,47.09109991598318,33.25861629579269,7.705088291727294,0.22845306962807505,1.6289460317600017,17.115292528749677,7.830216750471895,-0.5429366193240632,-1.1485373129226302,1.2704007760461178,-21.48303221178989
1598,13.25616859999991,206.10216667282452,145.6193806127439,47.08467263340391,33.26719449832034,7.616732532613038,0.22845306962807505,1.6225187491807347,17.106714326222026,7.701314041012349,-0.6896691073889238,-1.1967944745112074,1.3812894308967951,-21.906331093000023
1599,13.262984300000426,206.0875915339288,145.64729586729732,47.081342898182925,33.27357182391252,7.468472849296046,0.22845306962807505,1.6191890139597476,17.10033700062985,7.589859976171221,-0.6531540201582395,-0.8269478066963646,1.0537802660179199,-11.427952105635752
1600,13.268571300000076,206.06614074236893,145.66965554031066,47.076442399005124,33.2786799598483,7.569409444126788,0.22845306962807505,1.614288514781947,17.09522886469407,7.541451456904168,-0.7315846967301917,-0.7619519215406784,1.0563081459637327,-7.83265052602114
1601,13.276202099999864,206.0445274341274,145.69240015216752,47.07150477239252,33.2838760362445,7.589596763092937,0.22845306962807505,1.6093508881693452,17.09003278829787,7.5317697530507575,-0.6018672285792057,-0.49694945385235734,0.78051452294097,-4.021453257047
1602,13.280412199999773,206.03131923646154,145.69313101338366,47.0684873190915,33.2840430037328,7.463045695392026,0.22845306962807505,1.6063334348683256,17.08986582080957,7.5559511185789034,-0.6356953636259316,-0.404800073476856,0.7536389684871486,-0.7116234636894353
1603,13.291533000000527,206.01769461624428,145.6889535297131,47.065374732780356,33.28308864476494,7.568324013345984,0.22845306962807505,1.6032208485571786,17.09082017977743,7.560787391684531,-0.504202002039949,-0.19892477247054802,0.5420246525422548,3.129876852354908
1604,13.296452900000077,206.00353101490091,145.69918158921539,47.06213901457647,33.28542527635457,7.589379676936776,0.22845306962807505,1.5999851303532964,17.088483548187796,7.5617546463056575,-0.39151263724726176,-0.0425080942199495,0.3938135132248741,4.398590686066618
1605,13.307074600000306,205.9933182090475,145.69383073665932,47.05980586772974,33.28420285766301,7.593590809654934,0.22845306962807505,1.597651983506566,17.089705966879357,7.6737393264779294,-0.19957656159004378,0.06834845824055762,0.2109557197137963,6.844561054001107
1606,13.32837010000003,205.98552361354118,145.6844020506199,47.05802516845982,33.28204884539475,7.5944330361985655,0.22845306962807505,1.5958712842366438,17.09185997914762,7.781809785461602,-0.05566756850954671,0.30786818005743866,0.31286050322091563,11.915014345693617
1607,13.334339300000465,205.99187193121733,145.67095555415887,47.05947546111991,33.27897695200248,8.022969096253386,0.22845306962807505,1.5973215768967322,17.094931872539888,7.889097247619665,0.20082973688768402,0.7718962531485553,0.7975941379192522,19.4117580986724
1608,13.34097970000039,206.00465133241372,145.63365075377408,47.06239495455123,33.27045455584271,8.10867630826435,0.22845306962807505,1.6002410703280532,17.103454268699657,8.060334250549325,0.25202652487896526,0.9617866386238991,0.9942589740495312,19.514766899687416
1609,13.345863600000484,206.01800853622842,145.59420370406852,47.06544644876435,33.26144275624971,8.125816987727088,0.22845306962807505,1.6032925645411709,17.11246606829266,8.244361161633304,0.26899153294149775,1.525407080244161,1.5489426087667784,24.953881894924734
1610,13.354989200000091,206.01945956203562,145.55168050365384,47.065777940064116,33.251728200584566,8.44977582430323,0.22845306962807505,1.603624055840939,17.122180623957803,8.345272531398928,0.21510544237056686,1.5499249209928245,1.5647803718260433,23.331431362834447
1611,13.358669100000043,206.01947899573352,145.50465749163612,47.06578237975206,33.24098564914596,8.514567591618459,0.22845306962807505,1.6036284955288806,17.132923175396407,8.464024293877443,0.21530913947626484,1.8068606022405673,1.8196437182787062,21.349316210663567
1612,13.371073199999955,206.01804189859158,145.47005933140514,47.065454070498625,33.233081593237706,8.527525945081505,0.22845306962807505,1.6033001862754475,17.140827231304662,8.586344287486428,0.12639544443789882,1.6079521057972004,1.6129122055810432,15.196118614890558
1613,13.37478480000027,206.02520139261665,145.4283363660544,47.06708967888564,33.223549853729345,8.702435120656927,0.22845306962807505,1.6049357946624596,17.150358970813024,8.645271787184786,0.2587574267412682,2.034859193539486,2.0512453152721473,18.333356754137167
1614,13.386714100000063,206.03461303125962,145.38391667208,47.069239796623854,33.213402038288955,8.737416955772012,0.22845306962807505,1.6070859124006773,17.160506786253414,8.727754918960395,0.3155517175967907,1.588401641153562,1.6194420829710503,12.157045148092045
1615,13.389974400000028,206.0445762619653,145.33826203545163,47.07151592726198,33.202972096408445,8.744413322795028,0.22845306962807505,1.6093620430388,17.170936728133924,8.814949177151455,0.5336278352322112,1.9970463810916796,2.06711221629741,10.372854656480518
1616,13.402530999999726,206.0602506633917,145.30050407697814,47.075096792382425,33.19434617489229,8.926983250496505,0.22845306962807505,1.6129429081592477,17.17956264965008,8.832388028789667,0.43902681779955044,1.6832381543328439,1.739550295607758,7.208623519650067
1617,13.406240199999957,206.07752451887526,145.25698408198866,47.079043057691955,33.184403898446746,8.963497236036801,0.22845306962807505,1.6168891734687776,17.189504926095623,8.83587579911731,0.150405543285758,2.2114280220940903,2.2165368763803737,5.8339409220404095
1618,13.418826799999806,206.07574328181843,145.20194133299717,47.078636128618584,33.17182921347887,8.789629378847986,0.22845306962807505,1.6164822443954066,17.202079611063496,8.836573353182839,-0.06496491804920151,1.7300873451755667,1.7313066344566985,0.48553106739597957
1619,13.422236299999895,206.05689587294484,145.14983149413797,47.074330380206874,33.15992456083366,8.754855807410223,0.22845306962807505,1.6121764959836966,17.21398426370871,8.836712863995944,-0.30365653831283024,1.9803485981758042,2.0034939140304378,0.20808305056791235
1620,13.434950500000014,206.0358189694569,145.10573332519465,47.0695152969068,33.149850198773585,8.747901093122671,0.22845306962807505,1.6073614126836233,17.224058625768784,8.836740766158565,-0.5585528574424974,1.5262609773258178,1.6252550155174847,1.9389957375072382
1621,13.438483599999927,206.0217721251767,145.0757573669432,47.06630625221241,33.143002099095995,8.927680804562034,0.22845306962807505,1.6041523679892293,17.230906725446374,8.836746346591088,-0.5784604751672096,1.575898663906181,1.6787117442348343,9.970663615599173
1622,13.450426100000186,206.01076453397974,145.05432447357174,47.063791534214246,33.13810568881428,8.963636746849907,0.22845306962807505,1.6016376499910692,17.23580313572809,8.951333033966655,-0.3069502800159232,0.8702827728266426,0.922827491506773,11.6479546209296
1623,13.453845400000318,206.00879083442265,145.03565677146912,47.06334063649191,33.13384099496603,8.789657281010607,0.22845306962807505,1.601186752268731,17.24006782957634,9.088835942730832,-0.13961016410318516,0.5917421295367191,0.607988277674471,17.767605789436054
1624,13.4664058999997,206.01399656724823,145.03766175146103,47.064529902135575,33.134299038799725,9.32778924428806,0.22845306962807505,1.6023760179123983,17.239609785742644,9.194687964913355,0.06214048342132647,0.21015858697799028,0.21915307746053134,19.141094138922437
1625,13.469658199999685,206.020516506314,145.0462081929922,47.06601940222894,33.13625149960192,9.43541563694355,0.22845306962807505,1.6038655180057617,17.23765732494045,9.294209809779545,0.14390259783334605,0.14365680601822076,0.20333527873574334,17.783900135176047
1626,13.489237400000093,206.02912738707656,145.0436069493711,47.06798658437135,33.13565723751183,9.456940915474647,0.22845306962807505,1.60583270014817,17.23825158703054,9.428699750041847,0.2217621723348289,-0.09420423318620319,0.24094169134639795,7.525314257414667
1627,13.498813400000472,206.0374370286539,145.04035882962793,47.069884947497194,33.13491519458598,9.461245971180867,0.22845306962807505,1.6077310632740165,17.23899362995639,9.455597738094308,0.2519271247391862,-0.08765425217612127,0.2667405932810163,2.7345036939623526
1628,13.505399800000305,206.0448588299174,145.03868849280738,47.07158048077801,33.13453360101201,9.462106982322112,0.22845306962807505,1.609426596554833,17.23937522353036,9.382625895275112,0.08822306182301329,0.08879300569183018,0.12516991051054008,-7.592986497625522
1629,13.51138600000013,206.051291916952,145.0387858927331,47.07305013925826,33.13455585232403,9.46227918455036,0.22845306962807505,1.6108962550350796,17.23935297221834,9.289680086281585,-0.00040897155504511506,0.30439582774291035,0.304396102480016,-13.147529808916854
1630,13.51599410000017,206.04401957347628,145.0330996409079,47.07138875006783,33.13325681063988,9.070556422847572,0.22845306962807505,1.6092348658446554,17.24065201390249,9.192739484053192,-0.07423237051445047,0.3540052129077297,0.36170448656056464,-14.088861822811143
1631,13.520669800000178,206.03700586993156,145.010414955393,47.06978644796358,33.128074424600456,8.992211870507015,0.22845306962807505,1.6076325637404025,17.245834399941913,9.095000075765718,-0.1794174226265789,0.3759016818318899,0.4165245322259036,-10.243759668169137
1632,13.53097020000041,206.02930151631102,144.99573728377013,47.06802636472947,33.124721265463215,8.976542960038904,0.22845306962807505,1.6058724805062923,17.249187559079154,9.075452346696114,-0.301565375672028,0.6592825716864974,0.7249794377317008,-0.998969408173763
1633,13.548033000000032,206.00924798649964,144.98323302699723,47.06344507428718,33.12186462962003,8.973409940884736,0.22845306962807505,1.6012911900640034,17.25204419492234,9.214451736429067,-0.19298373018609802,0.6772330534908206,0.7041926787868796,4.916767611714022
1634,13.55149100000017,206.00371961991593,144.9618421922962,47.0621821019711,33.11697782777067,9.364540539202338,0.22845306962807505,1.6000282177479264,17.2569309967717,9.320602902217455,-0.11002606231668455,0.6824817997709083,0.6912938169891678,14.9063048977644
1635,13.563149300000077,206.01302631000829,144.94287601438265,47.06430824389078,33.112644946207205,9.765553371512343,0.22845306962807505,1.6021543596676011,17.261263878335164,9.420184423216929,-0.06704011107612785,0.711460911128738,0.7146124855872822,16.36402626578755
1636,13.566532699999698,206.0140941324337,144.92607239715034,47.064552191201685,33.10880610826963,9.522967699448953,0.22845306962807505,1.6023983069785075,17.265102716272736,9.51845186267073,0.014395272570642288,0.9516549218615011,0.9517637911664862,16.02269048094641
1637,13.586373500000263,206.0179202005889,144.8852160668169,47.06542626821634,33.09947235419122,9.474450565036275,0.22845306962807505,1.6032723839931649,17.274436470351148,9.625410495825163,0.2351051959859498,0.9674922201957519,0.9956483562578191,13.003890743397957
1638,13.593227800000022,206.0220810633308,144.84416015684093,47.066376830082035,33.09009300553083,9.46474713815374,0.22845306962807505,1.604222945858858,17.283815819011537,9.669549872602534,0.26498928539173555,1.2420918210145628,1.2700438627085662,12.086520500373368
1639,13.599388900000122,206.04199258638934,144.80391265883912,47.07092567864573,33.080898341067474,9.899333704974499,0.22845306962807505,1.6087717944225517,17.293010483474895,9.765683198397461,0.35782180808609265,1.1880388443523038,1.2407549081232594,6.379549797616684
1640,13.60425050000049,206.04905329186101,144.7667855072391,47.072538718484466,33.0724165293179,9.986250255399197,0.22845306962807505,1.6103848342612892,17.30149229522447,9.784910016144337,0.23947680644063335,1.4906596096451374,1.5097732321942916,0.8126322641353552
1641,13.61180349999995,206.06678297628557,144.73820898056954,47.0765891193148,33.06588813408093,10.00363432842359,0.22845306962807505,1.6144352350916193,17.30802069046144,9.788755532281602,0.15341629947335927,1.334473417386992,1.3432631397669692,-0.7774311323695545
1642,13.615659199999754,206.05753970769445,144.70473199367754,47.074477466231755,33.05824021366355,9.570584653770656,0.22845306962807505,1.6123235820085782,17.315668610878816,9.702219185069604,-0.3732519557788387,1.3862487085084614,1.4356192058948312,-9.239348686241009
1643,13.62711599999966,206.04291504777322,144.6752712857729,47.07113641778049,33.051509824509324,9.483974718840068,0.22845306962807505,1.6089825335573096,17.322399000033045,9.684911915627202,-0.44005450900325327,1.1062962501784435,1.190604621212676,-10.314032549546676
1644,13.630514700000276,206.01472274998042,144.64921790689243,47.06469580080985,33.045557850129896,9.466651968914498,0.22845306962807505,1.6025419165866737,17.328350974412473,9.594145163887159,-0.6578452365770451,1.1084056450550133,1.2889233605133117,-10.624799969014086
1645,13.643311599999834,206.0145983510693,144.62989862345162,47.064667381496754,33.04114430052483,9.899713908187197,0.22845306962807505,1.602513497273577,17.33276452401754,9.57599166095126,-0.634172351214493,0.7535080577962557,0.9848598703413617,-6.147986480269778
1646,13.646787100000438,206.00619017614622,144.61658873056993,47.0627465081256,33.03810361463959,9.549800569723377,0.22845306962807505,1.600592623902422,17.33580520990278,9.57236080777619,-0.8824318986128077,0.738317724931405,1.1505646955461872,-10.825385278507742
1647,13.658952800000407,205.98332854989593,144.60545638674404,47.05752369943203,33.0355603965204,9.47981713909116,0.22845306962807505,1.595369815208855,17.338348428021966,9.571634789729067,-0.5226268356830244,0.4487772044472277,0.6888684842606169,-5.772205567652638
1648,13.662465200000042,205.95976036013025,144.59759212402975,47.052139474134485,33.03376378156296,9.465820452964717,0.22845306962807505,1.5899855899113078,17.340145042979408,9.48418428826808,-0.7034329063460079,0.4205140724680249,0.8195425180392014,-5.66339201609068
1649,13.674607699999797,205.9546579550228,144.58145827270664,47.050973814025205,33.03007795370328,9.46302187867888,0.22845306962807505,1.5888199298020282,17.343830870839092,9.466694035387992,-0.6437925375874324,0.291952525394248,0.7068982306791725,-5.465683482882483
1650,13.678607499999998,205.93879113670494,144.57789401763955,47.04734899067525,33.02926368869226,9.462461400882262,0.22845306962807505,1.5851951064520762,17.344645135850108,9.463196137399866,-0.7216787461796875,0.23260581294862487,0.7582385356238343,-0.9048813846563926
1651,13.691065099999832,205.92491384862936,144.5652384275056,47.04417868161628,33.026372480278205,9.462349305322938,0.22845306962807505,1.5820247973931032,17.347536344264164,9.46249655780224,-0.450826847845744,0.16044210756847305,0.478525356297389,4.363435629623277
1652,13.69489750000048,205.91117917626866,144.56670938714984,47.04104095355514,33.026708525524235,9.462327649150525,0.22845306962807505,1.5788870693319623,17.347200299018134,9.549661939734277,-0.528108820074721,0.19407661764012152,0.5626407906962878,9.505541454948442
1653,13.706970799999908,205.90173735998513,144.55874582823276,47.038883941642304,33.024889226044465,9.46232255497659,0.22845306962807505,1.5767300574191268,17.349019598497904,9.567095016120685,-0.36573793011150957,0.17718547249744476,0.40639749653066787,12.170654177326805
1654,13.710711700000502,205.89383796548458,144.55102144851327,47.03707930072045,33.023124567786574,9.898848788339068,0.22845306962807505,1.5749254164972726,17.350784256755794,9.65788708183742,-0.21981245087670598,0.03912596775578886,0.22326745153123262,18.043225277263687
1655,13.722996800000146,205.8887617679825,144.5446157136908,47.035919627819055,33.021661158003155,9.549626782814299,0.22845306962807505,1.573765743595878,17.352247666539213,9.810849419541313,-0.04041547867729827,0.024106082470649347,0.04705862438275155,12.38799025699766
1656,13.7270196999998,205.89712864389992,144.55268453755355,47.03783106630559,33.023504505582885,9.91630963390661,0.22845306962807505,1.5756771820824156,17.350404318959484,9.928747337521546,-0.0036533334062432256,0.18494934967101642,0.18498542858481876,16.18302101740145
1657,13.738539500000115,205.90107430575037,144.56089299718136,47.038732464867046,33.02537975338178,10.227139337669994,0.22845306962807505,1.5765785806438686,17.34852907116059,9.86502162326603,0.0362063463344429,0.11534438228939439,0.12089344912199165,11.566781039556636
1658,13.742191000000275,205.90115663796104,144.54563020119963,47.0387512739133,33.021892920788645,10.051812144877749,0.22845306962807505,1.5765973896901215,17.352015903753724,9.939581930854379,0.04473275645711152,0.10750134848499746,0.1164369332572106,8.528352847525136
1659,13.754733599999781,205.88561325616996,144.53883903833702,47.03520034063072,33.02034145878634,9.580220217061488,0.22845306962807505,1.5730464564075461,17.353567365756028,9.954493992372049,-0.2504509675707256,0.2922545828926083,0.3848875529019419,2.135079263975541
1660,13.770973900000172,205.88193340437454,144.53315870367607,47.034359667192284,33.01904376889653,9.922428320756048,0.22845306962807505,1.5722057829691067,17.35486505564584,9.9099777779666,-0.32273111126329046,0.346522306050124,0.4735325530177774,6.227445783579455
1661,13.77432140000019,205.86726908717762,144.52633700868267,47.03100955891465,33.01748533173522,9.99086994149496,0.22845306962807505,1.56885567469147,17.356423492807146,9.901074535085508,-0.45998394278972277,0.31978296943767526,0.5602199346388489,9.012620594440115
1662,13.786604900000384,205.85204447516355,144.52050026779568,47.02753144956614,33.016151910362964,10.004558265642743,0.22845306962807505,1.5653775653429634,17.357756914179404,10.08446707376515,-0.401277374972811,0.26253010086675965,0.47952641796483014,12.694153778259363
1663,13.790522399999645,205.84036478700378,144.50641824932197,47.02486318895374,33.012934830016086,10.0072959304723,0.22845306962807505,1.5627093047305607,17.360973994526283,10.219013470905374,-0.29491012533381994,0.3351078041498002,0.446395813630135,27.366475295391652
1664,13.80252560000008,205.84091242477828,144.51495981745745,47.024988298484374,33.01488617747607,10.497182910459694,0.22845306962807505,1.5628344142611965,17.359022647066297,10.454235128263107,-0.11551980845471355,0.2746975455398785,0.2979992746149684,30.77171881178995
1665,13.806141500000194,205.84851088207347,144.5079513801456,47.026724189377894,33.01328507845889,10.595160306457174,0.22845306962807505,1.5645703051547173,17.360623746083476,10.709591837664341,-0.10446359767353722,0.43250981925132137,0.44494649901725186,32.232938681342155
1666,13.824196200000188,205.84030536334063,144.4950298372239,47.024849613435485,33.01033311231409,11.166978228283623,0.22845306962807505,1.562695729212308,17.363575712228275,10.968975557474277,-0.018548912262501903,0.511900313547498,0.5122362669278199,30.65157432910867
1667,13.83149609999964,205.83302403370624,144.46634779133723,47.023186171329534,33.00378061088807,11.281341812648913,0.22845306962807505,1.5610322871063573,17.370128213654297,11.131296789961654,-0.10247948799656026,0.6392822473834321,0.6474440804267568,28.03086807915694
1668,13.83690149999984,205.82707238415898,144.43752505818588,47.02182649872111,32.997195969024574,11.304214529521971,0.22845306962807505,1.5596726144979343,17.376712855517795,11.274205524984518,-0.28976832141331,0.6528538039275756,0.714271495579512,14.020657597137424
1669,13.84130340000047,205.81918722445772,144.42838532338436,47.02002510978286,32.995107968553576,11.308789072896584,0.22845306962807505,1.5578712255596798,17.378800855988793,11.302787271989093,-0.49498687449314094,0.8684173358289466,0.9995802494491045,11.202988274436153
1670,13.851341600000524,205.79913426949332,144.4059473440297,47.015443950666125,32.989981943293756,11.309703981571506,0.22845306962807505,1.5532900664429476,17.383926881248613,11.308503621390008,-0.5205643274107987,0.7654703865125728,0.9257062879771125,6.75976435942108
1671,13.85545110000021,205.77880883592803,144.3836180310758,47.01080054297661,32.98488074320675,11.30988696330649,0.22845306962807505,1.5486466587534338,17.389028081335617,11.30964689127019,-0.6499355473091802,0.7104694963522256,0.9629034847289051,1.474556263312958
1672,13.866900799999712,205.76097875927496,144.36442867769082,47.00672720723351,32.98049687652178,11.309923559653488,0.22845306962807505,1.544573323010333,17.393411948020592,11.309875545246229,-0.6137507844608883,0.6621409899784108,0.9028403602165477,0.17609903894809956
1673,13.870679599999676,205.74611856066835,144.34882811668834,47.00333234924655,32.97693288047284,11.309930878922886,0.22845306962807505,1.5411784650233713,17.39697594406953,11.309921276041436,-0.6370010051376005,0.6723153305924647,0.9261631520936084,6.74468210068585
1674,13.882687899999837,205.73411798855577,144.33659667760958,47.00059078171014,32.974138570669325,11.309932342776765,0.22845306962807505,1.5384368974869602,17.399770253873044,11.309930422200477,-0.43590754871057996,0.447186893293287,0.6244930012067135,8.485576055472135
1675,13.886446200000137,205.72469771002957,144.32735900826958,46.99843869016408,32.9720281967524,11.309932635547542,0.22845306962807505,1.5362848059409018,17.40188062778997,11.435504150846349,-0.5079711943344111,0.5306218798504451,0.7345708363728771,19.53710356699613
1676,13.899550400000408,205.71755901002692,144.32072372423536,46.99680783223532,32.970512345746926,11.309932694101697,0.22845306962807505,1.5346539480121422,17.403396478795443,11.553214874358725,-0.40944524237450197,0.3252836842639461,0.5229291364529627,24.647784707035093
1677,13.90350430000035,205.70516566193055,144.30687694546313,46.99397653381973,32.96734900663195,11.937792202882841,0.22845306962807505,1.5318226495965561,17.40655981791042,11.771777008074872,-0.697147977606033,0.255884436535652,0.742625172978502,42.26452662783058
1678,13.915757599999779,205.68340201118576,144.31135745047712,46.98900456100077,32.96837259175587,11.898484496484773,0.22845306962807505,1.5268506767775918,17.405536232786496,12.085038842777085,-0.7607690361902473,0.09055022830015824,0.7661389366629584,40.509490020887746
1679,13.919528999999784,205.6558854454234,144.313244330881,46.982718317086736,32.96880365537616,12.402743011357503,0.22845306962807505,1.5205644328635586,17.405105169166205,12.417240617676512,-1.2888636122221118,-0.12814788322129478,1.295218626674404,61.886902832011415
1680,13.930653600000369,205.61251109524255,144.32615577876516,46.9728093136448,32.97175331527864,12.87624180905861,0.22845306962807505,1.5106554294216252,17.40215550926373,12.691319522461084,-1.3357352631540864,-0.40972441918274943,1.3971624074916837,56.82216615897608
1681,13.934092200000123,205.57089434485556,144.34087350890027,46.96330183927095,32.975115625905964,12.970941568598832,0.22845306962807505,1.5011479550477702,17.398793198636405,13.089749195019563,-1.8925098813918708,-0.7114129636032038,2.021806631690718,72.38176414128696
1682,13.94712299999992,205.51668217386037,144.37554354201998,46.950916902395896,32.98303610139627,13.308186726805705,0.22845306962807505,1.488763018172719,17.390872723146096,13.48007279432618,-1.7651465550745082,-0.8543500409349332,1.9610345110009986,60.91394700603962
1683,13.950585499999761,205.46833909204906,144.3996720183175,46.93987277696082,32.98854832587188,13.890632859277158,0.22845306962807505,1.4777188927376415,17.385360498670487,13.837968904568363,-2.29693200699335,-1.470903584918464,2.7275362510655086,75.02099893689241
1684,13.962992800000393,205.41239956183063,144.44469415814382,46.92709321956887,32.99883377191644,14.354361007890589,0.22845306962807505,1.46493933534569,17.37507505262593,14.219436127105082,-1.9153641973181468,-1.3694909206159418,2.3545966512372534,55.95548547772347
1685,13.966381600000204,205.35974509309438,144.49435606517073,46.91506414455643,33.01017918702032,14.665722360269525,0.22845306962807505,1.4529102603332547,17.36372963752205,14.541956530840942,-2.012171063009079,-1.331510043982806,2.41283057507944,54.66923419231038
1686,13.984391799999685,205.29217626350797,144.5314678920251,46.89962783802624,33.0186574977847,14.878277681282421,0.22845306962807505,1.4374739538030639,17.355251326757667,14.911925089127175,-1.8772570807173259,-1.2124735157904418,2.2347675882732347,46.20190729719708
1687,13.99757099999988,205.20942330782034,144.55557739170746,46.880722671278605,33.02416538699433,14.920788745485,0.22845306962807505,1.4185687870554275,17.349743437548035,15.221935036135985,-1.9310365430451708,-1.072810726975924,2.2090325906356507,48.993490828963466
1688,14.002902400000494,205.15072924004102,144.57883956887412,46.86731383132546,33.02947970277429,15.74047565070833,0.22845306962807505,1.405159947102284,17.34442912176808,15.547293653955713,-1.6238496191329526,-0.369548760536208,1.6653689897353325,55.52474964154126
1689,14.0121294999999,205.09826733198292,144.58411724085136,46.85532874739104,33.03068540313798,15.904410742934635,0.22845306962807505,1.3931748631678644,17.34322342140439,15.959775503252082,-1.3741727202646228,-0.27545948042001306,1.401509397211712,57.61124039840362
1690,14.016021899999942,205.06395739696057,144.581248121248,46.84749053741645,33.030029943957466,16.292515449368178,0.22845306962807505,1.3853366531932707,17.343878880584903,16.45733611261331,-0.5173418793992492,-0.24260642250810105,0.5714022194763743,-119.34478366990858
1691,14.027396999999837,205.08344082629094,144.58126326322216,46.85194158665385,33.03003340318794,16.94068692776426,0.22845306962807505,1.3897877024306737,17.343875421354426,16.809675535510944,0.177800505758872,-0.042155663859756234,0.18272963592030556,-185.0796864496965
1692,14.03109029999996,205.12951041409227,144.58536403357897,46.86246632540357,33.03097023676379,17.408591792291134,0.22845306962807505,1.4003124411803896,17.342938587778576,13.628793386924016,0.43758058693691715,-0.016021767754400444,0.4378738027172131,-194.02034709763305
1693,14.043264900000395,205.18070447730236,144.58507315561155,46.87416176629065,33.03090378479925,17.50217276519651,0.22845306962807505,1.4120078820674706,17.34300503974312,10.370290297050381,0.8403249078963181,-0.0497006897823155,0.8417933887812338,-219.58609621673847
